solid OpenSCAD_Model
  facet normal -0.4999999999999982 0 0.8660254037844397
    outer loop
      vertex 3.1859927225227267 0.3999999985098839 3.697595267803223
      vertex 3.1859927225227267 2.399999998509884 3.697595267803223
      vertex 2.534250981926135 2.2608421370387077 3.3213119984276673
    endloop
  endfacet
  facet normal -0.4999999999999261 3.57533185740724e-14 0.8660254037844812
    outer loop
      vertex 3.1859927225227267 0.3999999985098839 3.697595267803223
      vertex 2.5276209425977925 2.2223542854189873 3.317484143436708
      vertex 2.5166969976567373 2.185194969177246 3.31117720088438
    endloop
  endfacet
  facet normal -0.500000000000087 -4.110915393324471e-14 0.8660254037843884
    outer loop
      vertex 3.1859927225227267 0.3999999985098839 3.697595267803223
      vertex 2.534250981926135 2.2608421370387077 3.3213119984276673
      vertex 2.5276209425977925 2.2223542854189873 3.317484143436708
    endloop
  endfacet
  facet normal -0.4999999999999816 7.632468728534803e-15 0.8660254037844493
    outer loop
      vertex 3.1859927225227267 0.3999999985098839 3.697595267803223
      vertex 2.5166969976567373 2.185194969177246 3.31117720088438
      vertex 2.5016660535440707 2.149999998509884 3.3024990812547586
    endloop
  endfacet
  facet normal -0.4999999999999417 2.865177970817151e-14 0.8660254037844721
    outer loop
      vertex 3.1859927225227267 0.3999999985098839 3.697595267803223
      vertex 2.5016660535440707 2.149999998509884 3.3024990812547586
      vertex 2.482785296155299 2.117371566593647 3.29159827089385
    endloop
  endfacet
  facet normal 0.7200737608035983 -0.55557031238439 0.41573477963633676
    outer loop
      vertex 3.139582563367341 0.19999999552965164 3.670800349921734
      vertex 3.1144082201823267 0.15649542957544327 3.6562659361071894
      vertex 3.8395825633673297 0.19999999552965164 2.4583647846235195
    endloop
  endfacet
  facet normal 0.8200655472333706 -0.3214394670661712 0.4734650644483163
    outer loop
      vertex 3.174189084256426 0.29647237807512283 3.6907804340727637
      vertex 3.15962382218423 0.24692662805318832 3.6823711760945628
      vertex 3.8741890842564146 0.29647237807512283 2.478344868774549
    endloop
  endfacet
  facet normal 0.8493849624801332 -0.19509035688667875 0.4903926367335169
    outer loop
      vertex 3.174189084256426 0.29647237807512283 3.6907804340727637
      vertex 3.8830291388450178 0.3477895185351372 2.4834486766709247
      vertex 3.183029138845029 0.3477895185351372 3.6958842419691393
    endloop
  endfacet
  facet normal 0.8641711812218618 -0.06540305340087618 0.49892946410435046
    outer loop
      vertex 3.183029138845029 0.3477895185351372 3.6958842419691393
      vertex 3.8859927225227153 0.3999999985098839 2.4851597025050083
      vertex 3.1859927225227267 0.3999999985098839 3.697595267803223
    endloop
  endfacet
  facet normal 0.7767145902255235 -0.44228866189522603 0.4484363777502084
    outer loop
      vertex 3.139582563367341 0.19999999552965164 3.670800349921734
      vertex 3.8596238221842185 0.24692662805318832 2.469935610796348
      vertex 3.15962382218423 0.24692662805318832 3.6823711760945628
    endloop
  endfacet
  facet normal 0.6511123716011918 -0.6593458167485657 0.3759199030166375
    outer loop
      vertex 3.1144082201823267 0.15649542957544327 3.6562659361071894
      vertex 3.0845315349665725 0.11715728789567947 3.639016623855383
      vertex 3.8144082201823153 0.15649542957544327 2.443830370808975
    endloop
  endfacet
  facet normal 0.571010227183252 -0.751839806033292 0.32967290837427443
    outer loop
      vertex 3.0845315349665725 0.11715728789567947 3.639016623855383
      vertex 3.0504637049342307 0.08265866339206696 3.6193475530155013
      vertex 3.784531534966561 0.11715728789567947 2.4265810585571685
    endloop
  endfacet
  facet normal 0.48113800411344493 -0.831469559272603 0.2777851561922521
    outer loop
      vertex 3.0504637049342307 0.08265866339206696 3.6193475530155013
      vertex 3.0127876456372746 0.0535898357629776 3.597595270038397
      vertex 3.7504637049342193 0.08265866339206696 2.4069119877172866
    endloop
  endfacet
  facet normal 0.3830332170070409 -0.896872755500458 0.22114433094757968
    outer loop
      vertex 3.0127876456372746 0.0535898357629776 3.597595270038397
      vertex 2.972147989757829 0.03044818341732025 3.5741319537766287
      vertex 3.7127876456372633 0.0535898357629776 2.3851597047401825
    endloop
  endfacet
  facet normal 0.2783747442582587 -0.9469301288966361 0.1607197335330962
    outer loop
      vertex 2.972147989757829 0.03044818341732025 3.5741319537766287
      vertex 2.92924011158928 0.013629667460918427 3.5493590787656615
      vertex 3.6721479897578178 0.03044818341732025 2.361696388478414
    endloop
  endfacet
  facet normal 0.8660254037844423 0 0.4999999999999937
    outer loop
      vertex 3.1859927225227267 0.3999999985098839 3.697595267803223
      vertex 3.8859927225227153 2.399999998509884 2.4851597025050083
      vertex 3.1859927225227267 2.399999998509884 3.697595267803223
    endloop
  endfacet
  facet normal 0.16895320509709905 -0.9807852734670778 0.09754517844325857
    outer loop
      vertex 2.92924011158928 0.013629667460918427 3.5493590787656615
      vertex 2.88479816430133 0.0034220516681671143 3.5237005085356543
      vertex 3.6292401115892687 0.013629667460918427 2.336923513467447
    endloop
  endfacet
  facet normal 0.05664070573020758 -0.9978589282087151 0.03270152670042518
    outer loop
      vertex 2.88479816430133 0.0034220516681671143 3.5237005085356543
      vertex 2.8395825622994266 0 3.497595268548281
      vertex 3.5847981643013185 0.0034220516681671143 2.3112649432374397
    endloop
  endfacet
  facet normal -0.49999999999999895 -1.8307890031248703e-14 0.8660254037844393
    outer loop
      vertex 3.1859927225227267 2.399999998509884 3.697595267803223
      vertex 3.183029138845029 2.4522104784846306 3.6958842419691393
      vertex 2.536473669684412 2.2999999970197678 3.32259526780323
    endloop
  endfacet
  facet normal -0.4999999999999868 -8.74194476099845e-14 0.8660254037844463
    outer loop
      vertex 3.183029138845029 2.4522104784846306 3.6958842419691393
      vertex 3.174189084256426 2.503527618944645 3.6907804340727637
      vertex 2.536473669684412 2.2999999970197678 3.32259526780323
    endloop
  endfacet
  facet normal -0.500000000000011 1.3931844939252063e-14 0.8660254037844323
    outer loop
      vertex 3.174189084256426 2.503527618944645 3.6907804340727637
      vertex 3.15962382218423 2.5530733689665794 3.6823711760945628
      vertex 2.536473669684412 2.2999999970197678 3.32259526780323
    endloop
  endfacet
  facet normal -0.5000000000000009 -1.9438796915034363e-14 0.8660254037844382
    outer loop
      vertex 3.15962382218423 2.5530733689665794 3.6823711760945628
      vertex 3.139582563367341 2.600000001490116 3.670800349921734
      vertex 2.536473669684412 2.2999999970197678 3.32259526780323
    endloop
  endfacet
  facet normal -0.5000000000000328 6.584517849325038e-14 0.8660254037844198
    outer loop
      vertex 3.139582563367341 2.600000001490116 3.670800349921734
      vertex 3.1144082201823267 2.6435045674443245 3.6562659361071894
      vertex 2.536473669684412 2.2999999970197678 3.32259526780323
    endloop
  endfacet
  facet normal -0.49999999999998135 -4.9488857870167344e-14 0.8660254037844496
    outer loop
      vertex 3.1144082201823267 2.6435045674443245 3.6562659361071894
      vertex 3.0845315349665725 2.6828427091240883 3.639016623855383
      vertex 2.536473669684412 2.2999999970197678 3.32259526780323
    endloop
  endfacet
  facet normal -0.5000000000000272 3.794594935323808e-14 0.866025403784423
    outer loop
      vertex 3.0845315349665725 2.6828427091240883 3.639016623855383
      vertex 3.0504637049342307 2.717341333627701 3.6193475530155013
      vertex 2.536473669684412 2.2999999970197678 3.32259526780323
    endloop
  endfacet
  facet normal -0.5000000000000222 3.0129709939330824e-14 0.8660254037844258
    outer loop
      vertex 3.0504637049342307 2.717341333627701 3.6193475530155013
      vertex 3.0127876456372746 2.74641016125679 3.597595270038397
      vertex 2.536473669684412 2.2999999970197678 3.32259526780323
    endloop
  endfacet
  facet normal -0.49999999999996775 -4.749359790125007e-14 0.8660254037844574
    outer loop
      vertex 3.0127876456372746 2.74641016125679 3.597595270038397
      vertex 2.972147989757829 2.7695518136024475 3.5741319537766287
      vertex 2.536473669684412 2.2999999970197678 3.32259526780323
    endloop
  endfacet
  facet normal -0.49999999999999956 -8.147259455976535e-15 0.8660254037844388
    outer loop
      vertex 2.972147989757829 2.7695518136024475 3.5741319537766287
      vertex 2.92924011158928 2.7863703295588493 3.5493590787656615
      vertex 2.536473669684412 2.2999999970197678 3.32259526780323
    endloop
  endfacet
  facet normal -0.5000000000000085 6.38788164342778e-14 0.8660254037844337
    outer loop
      vertex 3.1859927225227267 2.399999998509884 3.697595267803223
      vertex 2.536473669684412 2.2999999970197678 3.32259526780323
      vertex 2.534250981926135 2.2608421370387077 3.3213119984276673
    endloop
  endfacet
  facet normal -0.5000000000000909 -7.027061287540404e-13 0.8660254037843862
    outer loop
      vertex 2.92924011158928 2.7863703295588493 3.5493590787656615
      vertex 2.88479816430133 2.7965779453516006 3.5237005085356543
      vertex 2.8395825622994266 2.7999999970197678 3.497595268548281
    endloop
  endfacet
  facet normal -0.5000000000000103 3.3752950093722615e-15 0.8660254037844327
    outer loop
      vertex 2.92924011158928 2.7863703295588493 3.5493590787656615
      vertex 2.8395825622994266 2.7999999970197678 3.497595268548281
      vertex 2.536473669684412 2.2999999970197678 3.32259526780323
    endloop
  endfacet
  facet normal 0.8641711812218618 0.06540305340087617 0.49892946410435046
    outer loop
      vertex 3.1859927225227267 2.399999998509884 3.697595267803223
      vertex 3.8830291388450178 2.4522104784846306 2.4834486766709247
      vertex 3.183029138845029 2.4522104784846306 3.6958842419691393
    endloop
  endfacet
  facet normal 0.8493849624801332 0.19509035688667872 0.4903926367335169
    outer loop
      vertex 3.183029138845029 2.4522104784846306 3.6958842419691393
      vertex 3.8741890842564146 2.503527618944645 2.478344868774549
      vertex 3.174189084256426 2.503527618944645 3.6907804340727637
    endloop
  endfacet
  facet normal 0.8200655472333706 0.3214394670661712 0.4734650644483164
    outer loop
      vertex 3.174189084256426 2.503527618944645 3.6907804340727637
      vertex 3.8596238221842185 2.5530733689665794 2.469935610796348
      vertex 3.15962382218423 2.5530733689665794 3.6823711760945628
    endloop
  endfacet
  facet normal 0.7767145902255235 0.4422886618952259 0.4484363777502084
    outer loop
      vertex 3.15962382218423 2.5530733689665794 3.6823711760945628
      vertex 3.8395825633673297 2.600000001490116 2.4583647846235195
      vertex 3.139582563367341 2.600000001490116 3.670800349921734
    endloop
  endfacet
  facet normal 0.6511123716011907 0.6593458167485658 0.3759199030166395
    outer loop
      vertex 3.1144082201823267 2.6435045674443245 3.6562659361071894
      vertex 3.7095315334764507 2.6828427091240883 2.5564848717057913
      vertex 3.0845315349665725 2.6828427091240883 3.639016623855383
    endloop
  endfacet
  facet normal 0.7200737608035983 0.55557031238439 0.41573477963633676
    outer loop
      vertex 3.139582563367341 2.600000001490116 3.670800349921734
      vertex 3.8144082201823153 2.6435045674443245 2.443830370808975
      vertex 3.1144082201823267 2.6435045674443245 3.6562659361071894
    endloop
  endfacet
  facet normal 0.571010227183251 0.7518398060332921 0.3296729083742762
    outer loop
      vertex 3.0845315349665725 2.6828427091240883 3.639016623855383
      vertex 3.675463703444109 2.717341333627701 2.5368158008659094
      vertex 3.0504637049342307 2.717341333627701 3.6193475530155013
    endloop
  endfacet
  facet normal 0.4811380041134441 0.831469559272603 0.27778515619225363
    outer loop
      vertex 3.0504637049342307 2.717341333627701 3.6193475530155013
      vertex 3.637787644147153 2.74641016125679 2.5150635178888052
      vertex 3.0127876456372746 2.74641016125679 3.597595270038397
    endloop
  endfacet
  facet normal 0.3830332170070402 0.8968727555004579 0.2211443309475809
    outer loop
      vertex 3.0127876456372746 2.74641016125679 3.597595270038397
      vertex 3.5971479882677073 2.7695518136024475 2.491600201627037
      vertex 2.972147989757829 2.7695518136024475 3.5741319537766287
    endloop
  endfacet
  facet normal 0.6511123716010664 0.6593458167487236 0.375919903016578
    outer loop
      vertex 3.1144082201823267 2.6435045674443245 3.6562659361071894
      vertex 3.7243901806541686 2.663278571950727 2.565063515653634
      vertex 3.7095315334764507 2.6828427091240883 2.5564848717057913
    endloop
  endfacet
  facet normal 0.5710102271832505 0.7518398060332925 0.32967290837427593
    outer loop
      vertex 3.0845315349665725 2.6828427091240883 3.639016623855383
      vertex 3.7095315334764507 2.6828427091240883 2.5564848717057913
      vertex 3.675463703444109 2.717341333627701 2.5368158008659094
    endloop
  endfacet
  facet normal 0.4811380041134443 0.8314695592726029 0.27778515619225375
    outer loop
      vertex 3.0504637049342307 2.717341333627701 3.6193475530155013
      vertex 3.675463703444109 2.717341333627701 2.5368158008659094
      vertex 3.637787644147153 2.74641016125679 2.5150635178888052
    endloop
  endfacet
  facet normal 0.38303321700704024 0.8968727555004579 0.22114433094758093
    outer loop
      vertex 3.0127876456372746 2.74641016125679 3.597595270038397
      vertex 3.637787644147153 2.74641016125679 2.5150635178888052
      vertex 3.5971479882677073 2.7695518136024475 2.491600201627037
    endloop
  endfacet
  facet normal 0.27837474425825837 0.9469301288966359 0.16071973353309718
    outer loop
      vertex 2.972147989757829 2.7695518136024475 3.5741319537766287
      vertex 3.5971479882677073 2.7695518136024475 2.491600201627037
      vertex 3.5542401100991583 2.7863703295588493 2.4668273266160696
    endloop
  endfacet
  facet normal 0.2783747442582582 0.946930128896636 0.16071973353309707
    outer loop
      vertex 2.972147989757829 2.7695518136024475 3.5741319537766287
      vertex 3.5542401100991583 2.7863703295588493 2.4668273266160696
      vertex 2.92924011158928 2.7863703295588493 3.5493590787656615
    endloop
  endfacet
  facet normal 0.16895320509709877 0.9807852734670777 0.0975451784432591
    outer loop
      vertex 2.92924011158928 2.7863703295588493 3.5493590787656615
      vertex 3.509798162811208 2.7965779453516006 2.4411687563860625
      vertex 2.88479816430133 2.7965779453516006 3.5237005085356543
    endloop
  endfacet
  facet normal 0.05664070573020748 0.997858928208715 0.03270152670042536
    outer loop
      vertex 2.88479816430133 2.7965779453516006 3.5237005085356543
      vertex 3.464582560809305 2.7999999970197678 2.415063516398689
      vertex 2.8395825622994266 2.7999999970197678 3.497595268548281
    endloop
  endfacet
  facet normal 0 1 0
    outer loop
      vertex 2.8395825622994266 2.7999999970197678 3.497595268548281
      vertex 3.464582560809305 2.7999999970197678 2.415063516398689
      vertex 2.536473669684412 2.7999999970197678 3.32259526780323
    endloop
  endfacet
  facet normal 0.16895320509709869 0.9807852734670777 0.09754517844325906
    outer loop
      vertex 2.92924011158928 2.7863703295588493 3.5493590787656615
      vertex 3.5542401100991583 2.7863703295588493 2.4668273266160696
      vertex 3.509798162811208 2.7965779453516006 2.4411687563860625
    endloop
  endfacet
  facet normal 0.056640705730207526 0.997858928208715 0.032701526700425386
    outer loop
      vertex 2.88479816430133 2.7965779453516006 3.5237005085356543
      vertex 3.509798162811208 2.7965779453516006 2.4411687563860625
      vertex 3.464582560809305 2.7999999970197678 2.415063516398689
    endloop
  endfacet
  facet normal -0.500000000000109 -6.601336566739248e-14 0.8660254037843756
    outer loop
      vertex 3.1859927225227267 0.3999999985098839 3.697595267803223
      vertex 2.460377783856586 2.087867960333824 3.278661287636318
      vertex 2.434826911332337 2.06199399381876 3.2639094845064065
    endloop
  endfacet
  facet normal -0.4999999999999212 4.781625324811214e-14 0.8660254037844841
    outer loop
      vertex 3.1859927225227267 0.3999999985098839 3.697595267803223
      vertex 2.434826911332337 2.06199399381876 3.2639094845064065
      vertex 2.4065698604072168 2.040192373096943 3.247595268548288
    endloop
  endfacet
  facet normal -0.5000000000000033 -4.058309393854708e-15 0.8660254037844368
    outer loop
      vertex 3.1859927225227267 0.3999999985098839 3.697595267803223
      vertex 2.482785296155299 2.117371566593647 3.29159827089385
      vertex 2.460377783856586 2.087867960333824 3.278661287636318
    endloop
  endfacet
  facet normal -0.5000000000000119 -9.081933318392896e-15 0.8660254037844317
    outer loop
      vertex 3.1859927225227267 0.3999999985098839 3.697595267803223
      vertex 2.4065698604072168 2.040192373096943 3.247595268548288
      vertex 2.376090121723834 2.0228361338377 3.229997783214607
    endloop
  endfacet
  facet normal -0.5000000000000119 -1.0008956118824727e-14 0.8660254037844318
    outer loop
      vertex 3.1859927225227267 0.3999999985098839 3.697595267803223
      vertex 2.376090121723834 2.0228361338377 3.229997783214607
      vertex 2.343909209871228 2.0102222487330437 3.2114181250937364
    endloop
  endfacet
  facet normal -0.49999999999995803 2.878791942224285e-14 0.8660254037844628
    outer loop
      vertex 3.1859927225227267 0.3999999985098839 3.697595267803223
      vertex 2.343909209871228 2.0102222487330437 3.2114181250937364
      vertex 2.3105777526314597 2.0025665387511253 3.192174199283876
    endloop
  endfacet
  facet normal -0.5000000000000869 -6.540973193467459e-14 0.8660254037843883
    outer loop
      vertex 3.1859927225227267 0.3999999985098839 3.697595267803223
      vertex 2.3105777526314597 2.0025665387511253 3.192174199283876
      vertex 2.276666051130036 2 3.172595269293346
    endloop
  endfacet
  facet normal -0.5000000000000009 -1.7884568297648737e-14 0.866025403784438
    outer loop
      vertex 3.174189084256426 0.29647237807512283 3.6907804340727637
      vertex 1.0209292130616205 0.3999999985098839 2.447595267803223
      vertex 3.15962382218423 0.24692662805318832 3.6823711760945628
    endloop
  endfacet
  facet normal -0.4999999999999997 1.8719408677963524e-14 0.8660254037844389
    outer loop
      vertex 3.139582563367341 0.19999999552965164 3.670800349921734
      vertex 3.15962382218423 0.24692662805318832 3.6823711760945628
      vertex 1.023892796739318 0.3477895185351372 2.4493062936373065
    endloop
  endfacet
  facet normal -0.5000000000000053 -8.695860113195345e-14 0.8660254037844357
    outer loop
      vertex 3.139582563367341 0.19999999552965164 3.670800349921734
      vertex 1.0327328513279213 0.29647237807512283 2.454410101533682
      vertex 3.1144082201823267 0.15649542957544327 3.6562659361071894
    endloop
  endfacet
  facet normal -0.49999999999999833 6.687439526438281e-14 0.8660254037844396
    outer loop
      vertex 3.1144082201823267 0.15649542957544327 3.6562659361071894
      vertex 1.0472981134001174 0.24692662805318832 2.462819359511883
      vertex 3.0845315349665725 0.11715728789567947 3.639016623855383
    endloop
  endfacet
  facet normal -0.5000000000000041 -6.829775295625208e-14 0.8660254037844364
    outer loop
      vertex 3.0845315349665725 0.11715728789567947 3.639016623855383
      vertex 1.0673393722170061 0.19999999552965164 2.4743901856847117
      vertex 3.0504637049342307 0.08265866339206696 3.6193475530155013
    endloop
  endfacet
  facet normal -0.5000000000000013 -6.633647814541374e-14 0.8660254037844377
    outer loop
      vertex 3.0504637049342307 0.08265866339206696 3.6193475530155013
      vertex 1.0925137154020206 0.15649542957544327 2.4889245994992564
      vertex 3.0127876456372746 0.0535898357629776 3.597595270038397
    endloop
  endfacet
  facet normal -0.49999999999999684 1.1543725881610492e-13 0.8660254037844405
    outer loop
      vertex 3.0127876456372746 0.0535898357629776 3.597595270038397
      vertex 1.1223904006177747 0.11715728789567947 2.5061739117510626
      vertex 2.972147989757829 0.03044818341732025 3.5741319537766287
    endloop
  endfacet
  facet normal -0.4999999999999997 8.616752094515957e-15 0.8660254037844389
    outer loop
      vertex 2.972147989757829 0.03044818341732025 3.5741319537766287
      vertex 1.1564582306501165 0.08265866339206696 2.5258429825909445
      vertex 2.92924011158928 0.013629667460918427 3.5493590787656615
    endloop
  endfacet
  facet normal -0.4999999999999964 1.5449311640760208e-13 0.8660254037844407
    outer loop
      vertex 2.92924011158928 0.013629667460918427 3.5493590787656615
      vertex 1.1941342899470726 0.0535898357629776 2.5475952655680487
      vertex 2.88479816430133 0.0034220516681671143 3.5237005085356543
    endloop
  endfacet
  facet normal -0.50000000000001 -7.217964834805191e-13 0.8660254037844328
    outer loop
      vertex 2.88479816430133 0.0034220516681671143 3.5237005085356543
      vertex 1.2347739458265181 0.03044818341732025 2.571058581829817
      vertex 2.8395825622994266 0 3.497595268548281
    endloop
  endfacet
  facet normal -0.499999999999953 7.96634019681672e-14 0.8660254037844658
    outer loop
      vertex 3.174189084256426 0.29647237807512283 3.6907804340727637
      vertex 3.183029138845029 0.3477895185351372 3.6958842419691393
      vertex 1.0209292130616205 2 2.447595267803223
    endloop
  endfacet
  facet normal -0.4999999999999887 1.752561817880294e-14 0.8660254037844453
    outer loop
      vertex 3.183029138845029 0.3477895185351372 3.6958842419691393
      vertex 3.1859927225227267 0.3999999985098839 3.697595267803223
      vertex 1.0209292130616205 2 2.447595267803223
    endloop
  endfacet
  facet normal 0 -1 0
    outer loop
      vertex 2.8395825622994266 0 3.497595268548281
      vertex 1.3673393732849206 0 2.647595267058165
      vertex 3.5395825622994153 0 2.2851597032500663
    endloop
  endfacet
  facet normal -0.500000000000006 0 0.866025403784435
    outer loop
      vertex 2.8395825622994266 2.7999999970197678 3.497595268548281
      vertex 2.536473669684412 2.7999999970197678 3.32259526780323
      vertex 2.536473669684412 2.2999999970197678 3.32259526780323
    endloop
  endfacet
  facet normal 0 1 0
    outer loop
      vertex 2.536473669684412 2.7999999970197678 3.32259526780323
      vertex 3.464582560809305 2.7999999970197678 2.415063516398689
      vertex 3.16147366819429 2.7999999970197678 2.240063515653638
    endloop
  endfacet
  facet normal 0.7767145902255231 -0.4422886618952268 0.44843637775020817
    outer loop
      vertex 3.139582563367341 0.19999999552965164 3.670800349921734
      vertex 3.8395825633673297 0.19999999552965164 2.4583647846235195
      vertex 3.8596238221842185 0.24692662805318832 2.469935610796348
    endloop
  endfacet
  facet normal 0.8493849624801333 -0.1950903568866777 0.490392636733517
    outer loop
      vertex 3.174189084256426 0.29647237807512283 3.6907804340727637
      vertex 3.8741890842564146 0.29647237807512283 2.478344868774549
      vertex 3.8830291388450178 0.3477895185351372 2.4834486766709247
    endloop
  endfacet
  facet normal 0.8200655472333707 -0.3214394670661709 0.4734650644483164
    outer loop
      vertex 3.15962382218423 0.24692662805318832 3.6823711760945628
      vertex 3.8596238221842185 0.24692662805318832 2.469935610796348
      vertex 3.8741890842564146 0.29647237807512283 2.478344868774549
    endloop
  endfacet
  facet normal 0.8641711812218618 -0.06540305340087649 0.49892946410435046
    outer loop
      vertex 3.183029138845029 0.3477895185351372 3.6958842419691393
      vertex 3.8830291388450178 0.3477895185351372 2.4834486766709247
      vertex 3.8859927225227153 0.3999999985098839 2.4851597025050083
    endloop
  endfacet
  facet normal 0.7200737608035985 -0.5555703123843896 0.4157347796363369
    outer loop
      vertex 3.1144082201823267 0.15649542957544327 3.6562659361071894
      vertex 3.8144082201823153 0.15649542957544327 2.443830370808975
      vertex 3.8395825633673297 0.19999999552965164 2.4583647846235195
    endloop
  endfacet
  facet normal 0.6511123716011915 -0.6593458167485663 0.3759199030166373
    outer loop
      vertex 3.0845315349665725 0.11715728789567947 3.639016623855383
      vertex 3.784531534966561 0.11715728789567947 2.4265810585571685
      vertex 3.8144082201823153 0.15649542957544327 2.443830370808975
    endloop
  endfacet
  facet normal 0.5710102271832521 -0.7518398060332918 0.3296729083742745
    outer loop
      vertex 3.0504637049342307 0.08265866339206696 3.6193475530155013
      vertex 3.7504637049342193 0.08265866339206696 2.4069119877172866
      vertex 3.784531534966561 0.11715728789567947 2.4265810585571685
    endloop
  endfacet
  facet normal 0.48113800411344476 -0.8314695592726031 0.27778515619225197
    outer loop
      vertex 3.0127876456372746 0.0535898357629776 3.597595270038397
      vertex 3.7127876456372633 0.0535898357629776 2.3851597047401825
      vertex 3.7504637049342193 0.08265866339206696 2.4069119877172866
    endloop
  endfacet
  facet normal 0.3830332170070407 -0.8968727555004583 0.22114433094757957
    outer loop
      vertex 2.972147989757829 0.03044818341732025 3.5741319537766287
      vertex 3.6721479897578178 0.03044818341732025 2.361696388478414
      vertex 3.7127876456372633 0.0535898357629776 2.3851597047401825
    endloop
  endfacet
  facet normal 0.8660254037844423 0 0.4999999999999937
    outer loop
      vertex 3.1859927225227267 0.3999999985098839 3.697595267803223
      vertex 3.8859927225227153 0.3999999985098839 2.4851597025050083
      vertex 3.8859927225227153 2.399999998509884 2.4851597025050083
    endloop
  endfacet
  facet normal 0.2783747442582587 -0.9469301288966361 0.1607197335330962
    outer loop
      vertex 2.92924011158928 0.013629667460918427 3.5493590787656615
      vertex 3.6292401115892687 0.013629667460918427 2.336923513467447
      vertex 3.6721479897578178 0.03044818341732025 2.361696388478414
    endloop
  endfacet
  facet normal 0.168953205097099 -0.9807852734670778 0.09754517844325852
    outer loop
      vertex 2.88479816430133 0.0034220516681671143 3.5237005085356543
      vertex 3.5847981643013185 0.0034220516681671143 2.3112649432374397
      vertex 3.6292401115892687 0.013629667460918427 2.336923513467447
    endloop
  endfacet
  facet normal 0.056640705730207554 -0.9978589282087149 0.03270152670042516
    outer loop
      vertex 2.8395825622994266 0 3.497595268548281
      vertex 3.5395825622994153 0 2.2851597032500663
      vertex 3.5847981643013185 0.0034220516681671143 2.3112649432374397
    endloop
  endfacet
  facet normal 0.49999999999970024 -2.1615741637812233e-14 -0.8660254037846117
    outer loop
      vertex 3.8741890842564146 0.29647237807512283 2.478344868774549
      vertex 3.799390182144279 2 2.435159702505011
      vertex 3.8830291388450178 0.3477895185351372 2.4834486766709247
    endloop
  endfacet
  facet normal 0.49999999999988126 -9.396263492101168e-15 -0.8660254037845072
    outer loop
      vertex 3.8830291388450178 0.3477895185351372 2.4834486766709247
      vertex 3.799390182144279 2 2.435159702505011
      vertex 3.8859927225227153 0.3999999985098839 2.4851597025050083
    endloop
  endfacet
  facet normal 0.5000000000000115 0 -0.866025403784432
    outer loop
      vertex 3.8859927225227153 0.3999999985098839 2.4851597025050083
      vertex 3.799390182144279 2 2.435159702505011
      vertex 3.8859927225227153 2.399999998509884 2.4851597025050083
    endloop
  endfacet
  facet normal 0.8641711812218618 0.06540305340087649 0.49892946410435046
    outer loop
      vertex 3.1859927225227267 2.399999998509884 3.697595267803223
      vertex 3.8859927225227153 2.399999998509884 2.4851597025050083
      vertex 3.8830291388450178 2.4522104784846306 2.4834486766709247
    endloop
  endfacet
  facet normal 0.8493849624801331 0.19509035688667914 0.4903926367335168
    outer loop
      vertex 3.183029138845029 2.4522104784846306 3.6958842419691393
      vertex 3.8830291388450178 2.4522104784846306 2.4834486766709247
      vertex 3.8741890842564146 2.503527618944645 2.478344868774549
    endloop
  endfacet
  facet normal 0.8200655472333702 0.3214394670661722 0.4734650644483161
    outer loop
      vertex 3.174189084256426 2.503527618944645 3.6907804340727637
      vertex 3.8741890842564146 2.503527618944645 2.478344868774549
      vertex 3.8596238221842185 2.5530733689665794 2.469935610796348
    endloop
  endfacet
  facet normal 0.7767145902255238 0.4422886618952256 0.44843637775020856
    outer loop
      vertex 3.15962382218423 2.5530733689665794 3.6823711760945628
      vertex 3.8596238221842185 2.5530733689665794 2.469935610796348
      vertex 3.8395825633673297 2.600000001490116 2.4583647846235195
    endloop
  endfacet
  facet normal 0.7200737608035979 0.5555703123843906 0.41573477963633654
    outer loop
      vertex 3.139582563367341 2.600000001490116 3.670800349921734
      vertex 3.8395825633673297 2.600000001490116 2.4583647846235195
      vertex 3.8144082201823153 2.6435045674443245 2.443830370808975
    endloop
  endfacet
  facet normal 0.6511123716013748 0.6593458167483247 0.37591990301674316
    outer loop
      vertex 3.1144082201823267 2.6435045674443245 3.6562659361071894
      vertex 3.8144082201823153 2.6435045674443245 2.443830370808975
      vertex 3.7243901806541686 2.663278571950727 2.565063515653634
    endloop
  endfacet
  facet normal 0.5000000000000115 0 -0.866025403784432
    outer loop
      vertex 3.799390182144279 2 2.435159702505011
      vertex 3.799390182144279 2.663278571950727 2.435159702505011
      vertex 3.8859927225227153 2.399999998509884 2.4851597025050083
    endloop
  endfacet
  facet normal 0.5000000000000645 2.3264659385921733e-14 -0.8660254037844013
    outer loop
      vertex 3.8859927225227153 2.399999998509884 2.4851597025050083
      vertex 3.799390182144279 2.663278571950727 2.435159702505011
      vertex 3.8830291388450178 2.4522104784846306 2.4834486766709247
    endloop
  endfacet
  facet normal 0.5000000000003392 1.6836157751809796e-13 -0.8660254037842429
    outer loop
      vertex 3.8830291388450178 2.4522104784846306 2.4834486766709247
      vertex 3.799390182144279 2.663278571950727 2.435159702505011
      vertex 3.8741890842564146 2.503527618944645 2.478344868774549
    endloop
  endfacet
  facet normal 0.500000000000108 2.4100810755920925e-14 -0.8660254037843763
    outer loop
      vertex 3.8741890842564146 2.503527618944645 2.478344868774549
      vertex 3.799390182144279 2.663278571950727 2.435159702505011
      vertex 3.8596238221842185 2.5530733689665794 2.469935610796348
    endloop
  endfacet
  facet normal 0.500000000000462 2.8202851682334844e-13 -0.866025403784172
    outer loop
      vertex 3.8596238221842185 2.5530733689665794 2.469935610796348
      vertex 3.799390182144279 2.663278571950727 2.435159702505011
      vertex 3.8395825633673297 2.600000001490116 2.4583647846235195
    endloop
  endfacet
  facet normal 0.651112371601321 0.6593458167484085 0.3759199030166895
    outer loop
      vertex 3.7243901806541686 2.663278571950727 2.565063515653634
      vertex 3.8144082201823153 2.6435045674443245 2.443830370808975
      vertex 3.799390182144279 2.663278571950727 2.435159702505011
    endloop
  endfacet
  facet normal 0.5000000000002416 9.537009161497967e-14 -0.866025403784299
    outer loop
      vertex 3.8395825633673297 2.600000001490116 2.4583647846235195
      vertex 3.799390182144279 2.663278571950727 2.435159702505011
      vertex 3.8144082201823153 2.6435045674443245 2.443830370808975
    endloop
  endfacet
  facet normal 0.5000000000000009 1.7884568297648737e-14 -0.866025403784438
    outer loop
      vertex 3.8741890842564146 0.29647237807512283 2.478344868774549
      vertex 3.8596238221842185 0.24692662805318832 2.469935610796348
      vertex 1.7209292130616092 0.3999999985098839 1.2351597025050083
    endloop
  endfacet
  facet normal 0.4999999999999997 -1.8719408677963524e-14 -0.8660254037844389
    outer loop
      vertex 3.8395825633673297 0.19999999552965164 2.4583647846235195
      vertex 1.7238927967393067 0.3477895185351372 1.2368707283390918
      vertex 3.8596238221842185 0.24692662805318832 2.469935610796348
    endloop
  endfacet
  facet normal 0.5000000000000053 8.695860113195345e-14 -0.8660254037844357
    outer loop
      vertex 3.8395825633673297 0.19999999552965164 2.4583647846235195
      vertex 3.8144082201823153 0.15649542957544327 2.443830370808975
      vertex 1.7327328513279099 0.29647237807512283 1.2419745362354675
    endloop
  endfacet
  facet normal 0.49999999999999833 -6.687439526438281e-14 -0.8660254037844396
    outer loop
      vertex 3.8144082201823153 0.15649542957544327 2.443830370808975
      vertex 3.784531534966561 0.11715728789567947 2.4265810585571685
      vertex 1.747298113400106 0.24692662805318832 1.2503837942136684
    endloop
  endfacet
  facet normal 0.5000000000000041 6.829775295625208e-14 -0.8660254037844364
    outer loop
      vertex 3.784531534966561 0.11715728789567947 2.4265810585571685
      vertex 3.7504637049342193 0.08265866339206696 2.4069119877172866
      vertex 1.7673393722169948 0.19999999552965164 1.261954620386497
    endloop
  endfacet
  facet normal 0.5000000000000013 6.633647814541374e-14 -0.8660254037844377
    outer loop
      vertex 3.7504637049342193 0.08265866339206696 2.4069119877172866
      vertex 3.7127876456372633 0.0535898357629776 2.3851597047401825
      vertex 1.7925137154020092 0.15649542957544327 1.2764890342010418
    endloop
  endfacet
  facet normal 0.49999999999999684 -1.1543725881610492e-13 -0.8660254037844405
    outer loop
      vertex 3.7127876456372633 0.0535898357629776 2.3851597047401825
      vertex 3.6721479897578178 0.03044818341732025 2.361696388478414
      vertex 1.8223904006177634 0.11715728789567947 1.293738346452848
    endloop
  endfacet
  facet normal 0.4999999999999997 -8.616752094515957e-15 -0.8660254037844389
    outer loop
      vertex 3.6721479897578178 0.03044818341732025 2.361696388478414
      vertex 3.6292401115892687 0.013629667460918427 2.336923513467447
      vertex 1.8564582306501052 0.08265866339206696 1.31340741729273
    endloop
  endfacet
  facet normal 0.4999999999999964 -1.5449311640760208e-13 -0.8660254037844407
    outer loop
      vertex 3.6292401115892687 0.013629667460918427 2.336923513467447
      vertex 3.5847981643013185 0.0034220516681671143 2.3112649432374397
      vertex 1.8941342899470612 0.0535898357629776 1.335159700269834
    endloop
  endfacet
  facet normal 0.50000000000001 7.217964834805191e-13 -0.8660254037844328
    outer loop
      vertex 3.5847981643013185 0.0034220516681671143 2.3112649432374397
      vertex 3.5395825622994153 0 2.2851597032500663
      vertex 1.9347739458265067 0.03044818341732025 1.3586230165316024
    endloop
  endfacet
  facet normal 0.5000000000000001 -4.0582754467356235e-15 -0.8660254037844387
    outer loop
      vertex 3.8741890842564146 0.29647237807512283 2.478344868774549
      vertex 1.7209292130616092 0.3999999985098839 1.2351597025050083
      vertex 3.799390182144279 2 2.435159702505011
    endloop
  endfacet
  facet normal -0.49999999999999706 2.4884309098311577e-15 0.8660254037844403
    outer loop
      vertex 3.1859927225227267 0.3999999985098839 3.697595267803223
      vertex 2.276666051130036 2 3.172595269293346
      vertex 1.0209292130616205 2 2.447595267803223
    endloop
  endfacet
  facet normal -0.49999999999999917 1.0541410565880892e-13 0.8660254037844393
    outer loop
      vertex 2.8395825622994266 0 3.497595268548281
      vertex 1.2776818239950671 0.013629667460918427 2.5958314568407843
      vertex 1.3673393732849206 0 2.647595267058165
    endloop
  endfacet
  facet normal -0.49999999999999983 -1.497399363182571e-14 0.8660254037844387
    outer loop
      vertex 2.8395825622994266 0 3.497595268548281
      vertex 1.2347739458265181 0.03044818341732025 2.571058581829817
      vertex 1.2776818239950671 0.013629667460918427 2.5958314568407843
    endloop
  endfacet
  facet normal -0.5000000000000027 -1.2962877263103752e-13 0.8660254037844372
    outer loop
      vertex 2.88479816430133 0.0034220516681671143 3.5237005085356543
      vertex 1.1941342899470726 0.0535898357629776 2.5475952655680487
      vertex 1.2347739458265181 0.03044818341732025 2.571058581829817
    endloop
  endfacet
  facet normal -0.4999999999999978 7.073768384085466e-14 0.8660254037844398
    outer loop
      vertex 2.92924011158928 0.013629667460918427 3.5493590787656615
      vertex 1.1564582306501165 0.08265866339206696 2.5258429825909445
      vertex 1.1941342899470726 0.0535898357629776 2.5475952655680487
    endloop
  endfacet
  facet normal -0.4999999999999982 7.583146161191636e-14 0.8660254037844398
    outer loop
      vertex 2.972147989757829 0.03044818341732025 3.5741319537766287
      vertex 1.1223904006177747 0.11715728789567947 2.5061739117510626
      vertex 1.1564582306501165 0.08265866339206696 2.5258429825909445
    endloop
  endfacet
  facet normal -0.5000000000000014 -6.899422375873924e-14 0.8660254037844377
    outer loop
      vertex 3.0127876456372746 0.0535898357629776 3.597595270038397
      vertex 1.0925137154020206 0.15649542957544327 2.4889245994992564
      vertex 1.1223904006177747 0.11715728789567947 2.5061739117510626
    endloop
  endfacet
  facet normal -0.49999999999999684 9.693169743168192e-14 0.8660254037844405
    outer loop
      vertex 3.0504637049342307 0.08265866339206696 3.6193475530155013
      vertex 1.0673393722170061 0.19999999552965164 2.4743901856847117
      vertex 1.0925137154020206 0.15649542957544327 2.4889245994992564
    endloop
  endfacet
  facet normal -0.5000000000000026 -1.6541656624442624e-14 0.8660254037844373
    outer loop
      vertex 3.0845315349665725 0.11715728789567947 3.639016623855383
      vertex 1.0472981134001174 0.24692662805318832 2.462819359511883
      vertex 1.0673393722170061 0.19999999552965164 2.4743901856847117
    endloop
  endfacet
  facet normal -0.4999999999999999 1.9020521618541675e-14 0.8660254037844387
    outer loop
      vertex 3.1144082201823267 0.15649542957544327 3.6562659361071894
      vertex 1.0327328513279213 0.29647237807512283 2.454410101533682
      vertex 1.0472981134001174 0.24692662805318832 2.462819359511883
    endloop
  endfacet
  facet normal -0.5000000000000054 -9.322179334232503e-14 0.8660254037844356
    outer loop
      vertex 3.139582563367341 0.19999999552965164 3.670800349921734
      vertex 1.023892796739318 0.3477895185351372 2.4493062936373065
      vertex 1.0327328513279213 0.29647237807512283 2.454410101533682
    endloop
  endfacet
  facet normal -0.5000000000000011 -2.0749786235380002e-14 0.866025403784438
    outer loop
      vertex 3.15962382218423 0.24692662805318832 3.6823711760945628
      vertex 1.0209292130616205 0.3999999985098839 2.447595267803223
      vertex 1.023892796739318 0.3477895185351372 2.4493062936373065
    endloop
  endfacet
  facet normal -0.5000000000000003 0 0.8660254037844386
    outer loop
      vertex 3.174189084256426 0.29647237807512283 3.6907804340727637
      vertex 1.0209292130616205 2 2.447595267803223
      vertex 1.0209292130616205 0.3999999985098839 2.447595267803223
    endloop
  endfacet
  facet normal -0.05664070573020758 -0.9978589282087151 -0.03270152670042518
    outer loop
      vertex 1.3673393732849206 0 2.647595267058165
      vertex 1.3221237712830174 0.0034220516681671143 2.6214900270707915
      vertex 2.0673393732849092 0 1.4351597017599502
    endloop
  endfacet
  facet normal 0 -1 0
    outer loop
      vertex 3.5395825622994153 0 2.2851597032500663
      vertex 1.3673393732849206 0 2.647595267058165
      vertex 2.0673393732849092 0 1.4351597017599502
    endloop
  endfacet
  facet normal 0.49999999999999917 -1.0541410565880892e-13 -0.8660254037844393
    outer loop
      vertex 3.5395825622994153 0 2.2851597032500663
      vertex 2.0673393732849092 0 1.4351597017599502
      vertex 1.9776818239950558 0.013629667460918427 1.3833958915425697
    endloop
  endfacet
  facet normal -0.05664070573020758 -0.9978589282087151 -0.03270152670042518
    outer loop
      vertex 2.0673393732849092 0 1.4351597017599502
      vertex 1.3221237712830174 0.0034220516681671143 2.6214900270707915
      vertex 2.022123771283006 0.0034220516681671143 1.4090544617725769
    endloop
  endfacet
  facet normal 0.49999999999999983 1.497399363182571e-14 -0.8660254037844387
    outer loop
      vertex 3.5395825622994153 0 2.2851597032500663
      vertex 1.9776818239950558 0.013629667460918427 1.3833958915425697
      vertex 1.9347739458265067 0.03044818341732025 1.3586230165316024
    endloop
  endfacet
  facet normal 0.5000000000000027 1.2962877263103752e-13 -0.8660254037844372
    outer loop
      vertex 3.5847981643013185 0.0034220516681671143 2.3112649432374397
      vertex 1.9347739458265067 0.03044818341732025 1.3586230165316024
      vertex 1.8941342899470612 0.0535898357629776 1.335159700269834
    endloop
  endfacet
  facet normal 0.4999999999999978 -7.073768384085466e-14 -0.8660254037844398
    outer loop
      vertex 3.6292401115892687 0.013629667460918427 2.336923513467447
      vertex 1.8941342899470612 0.0535898357629776 1.335159700269834
      vertex 1.8564582306501052 0.08265866339206696 1.31340741729273
    endloop
  endfacet
  facet normal 0.4999999999999982 -7.583146161191636e-14 -0.8660254037844398
    outer loop
      vertex 3.6721479897578178 0.03044818341732025 2.361696388478414
      vertex 1.8564582306501052 0.08265866339206696 1.31340741729273
      vertex 1.8223904006177634 0.11715728789567947 1.293738346452848
    endloop
  endfacet
  facet normal 0.5000000000000014 6.899422375873924e-14 -0.8660254037844377
    outer loop
      vertex 3.7127876456372633 0.0535898357629776 2.3851597047401825
      vertex 1.8223904006177634 0.11715728789567947 1.293738346452848
      vertex 1.7925137154020092 0.15649542957544327 1.2764890342010418
    endloop
  endfacet
  facet normal 0.49999999999999684 -9.693169743168192e-14 -0.8660254037844405
    outer loop
      vertex 3.7504637049342193 0.08265866339206696 2.4069119877172866
      vertex 1.7925137154020092 0.15649542957544327 1.2764890342010418
      vertex 1.7673393722169948 0.19999999552965164 1.261954620386497
    endloop
  endfacet
  facet normal 0.5000000000000026 1.6541656624442624e-14 -0.8660254037844373
    outer loop
      vertex 3.784531534966561 0.11715728789567947 2.4265810585571685
      vertex 1.7673393722169948 0.19999999552965164 1.261954620386497
      vertex 1.747298113400106 0.24692662805318832 1.2503837942136684
    endloop
  endfacet
  facet normal 0.4999999999999999 -1.9020521618541675e-14 -0.8660254037844387
    outer loop
      vertex 3.8144082201823153 0.15649542957544327 2.443830370808975
      vertex 1.747298113400106 0.24692662805318832 1.2503837942136684
      vertex 1.7327328513279099 0.29647237807512283 1.2419745362354675
    endloop
  endfacet
  facet normal 0.5000000000000054 9.322179334232503e-14 -0.8660254037844356
    outer loop
      vertex 3.8395825633673297 0.19999999552965164 2.4583647846235195
      vertex 1.7327328513279099 0.29647237807512283 1.2419745362354675
      vertex 1.7238927967393067 0.3477895185351372 1.2368707283390918
    endloop
  endfacet
  facet normal 0.5000000000000011 2.0749786235380002e-14 -0.866025403784438
    outer loop
      vertex 3.8596238221842185 0.24692662805318832 2.469935610796348
      vertex 1.7238927967393067 0.3477895185351372 1.2368707283390918
      vertex 1.7209292130616092 0.3999999985098839 1.2351597025050083
    endloop
  endfacet
  facet normal 0.4999999999999978 0 -0.8660254037844399
    outer loop
      vertex 3.799390182144279 2 2.435159702505011
      vertex 1.7209292130616092 0.3999999985098839 1.2351597025050083
      vertex 1.7209292130616092 2 1.2351597025050083
    endloop
  endfacet
  facet normal -0.5000000000000907 -7.027061287540401e-13 0.8660254037843862
    outer loop
      vertex 1.3673393732849206 0 2.647595267058165
      vertex 1.2776818239950671 0.013629667460918427 2.5958314568407843
      vertex 1.3221237712830174 0.0034220516681671143 2.6214900270707915
    endloop
  endfacet
  facet normal -0.16895320509709905 -0.9807852734670778 -0.09754517844325857
    outer loop
      vertex 1.3221237712830174 0.0034220516681671143 2.6214900270707915
      vertex 1.2776818239950671 0.013629667460918427 2.5958314568407843
      vertex 2.022123771283006 0.0034220516681671143 1.4090544617725769
    endloop
  endfacet
  facet normal -0.2783747442582587 -0.9469301288966361 -0.1607197335330962
    outer loop
      vertex 1.2776818239950671 0.013629667460918427 2.5958314568407843
      vertex 1.2347739458265181 0.03044818341732025 2.571058581829817
      vertex 1.9776818239950558 0.013629667460918427 1.3833958915425697
    endloop
  endfacet
  facet normal -0.3830332170070409 -0.896872755500458 -0.22114433094757968
    outer loop
      vertex 1.2347739458265181 0.03044818341732025 2.571058581829817
      vertex 1.1941342899470726 0.0535898357629776 2.5475952655680487
      vertex 1.9347739458265067 0.03044818341732025 1.3586230165316024
    endloop
  endfacet
  facet normal -0.48113800411344493 -0.831469559272603 -0.2777851561922521
    outer loop
      vertex 1.1941342899470726 0.0535898357629776 2.5475952655680487
      vertex 1.1564582306501165 0.08265866339206696 2.5258429825909445
      vertex 1.8941342899470612 0.0535898357629776 1.335159700269834
    endloop
  endfacet
  facet normal -0.571010227183252 -0.751839806033292 -0.32967290837427443
    outer loop
      vertex 1.1564582306501165 0.08265866339206696 2.5258429825909445
      vertex 1.1223904006177747 0.11715728789567947 2.5061739117510626
      vertex 1.8564582306501052 0.08265866339206696 1.31340741729273
    endloop
  endfacet
  facet normal -0.6511123716011918 -0.6593458167485657 -0.3759199030166375
    outer loop
      vertex 1.1223904006177747 0.11715728789567947 2.5061739117510626
      vertex 1.0925137154020206 0.15649542957544327 2.4889245994992564
      vertex 1.8223904006177634 0.11715728789567947 1.293738346452848
    endloop
  endfacet
  facet normal -0.7200737608035983 -0.55557031238439 -0.41573477963633676
    outer loop
      vertex 1.0925137154020206 0.15649542957544327 2.4889245994992564
      vertex 1.0673393722170061 0.19999999552965164 2.4743901856847117
      vertex 1.7925137154020092 0.15649542957544327 1.2764890342010418
    endloop
  endfacet
  facet normal -0.7767145902255235 -0.4422886618952259 -0.4484363777502084
    outer loop
      vertex 1.0673393722170061 0.19999999552965164 2.4743901856847117
      vertex 1.0472981134001174 0.24692662805318832 2.462819359511883
      vertex 1.7673393722169948 0.19999999552965164 1.261954620386497
    endloop
  endfacet
  facet normal -0.8200655472333706 -0.3214394670661712 -0.4734650644483163
    outer loop
      vertex 1.0472981134001174 0.24692662805318832 2.462819359511883
      vertex 1.0327328513279213 0.29647237807512283 2.454410101533682
      vertex 1.747298113400106 0.24692662805318832 1.2503837942136684
    endloop
  endfacet
  facet normal -0.8493849624801332 -0.19509035688667872 -0.4903926367335169
    outer loop
      vertex 1.0327328513279213 0.29647237807512283 2.454410101533682
      vertex 1.023892796739318 0.3477895185351372 2.4493062936373065
      vertex 1.7327328513279099 0.29647237807512283 1.2419745362354675
    endloop
  endfacet
  facet normal -0.8641711812218618 -0.06540305340087617 -0.49892946410435046
    outer loop
      vertex 1.023892796739318 0.3477895185351372 2.4493062936373065
      vertex 1.0209292130616205 0.3999999985098839 2.447595267803223
      vertex 1.7238927967393067 0.3477895185351372 1.2368707283390918
    endloop
  endfacet
  facet normal -0.8660254037844407 0 -0.4999999999999965
    outer loop
      vertex 1.0209292130616205 0.3999999985098839 2.447595267803223
      vertex 1.0209292130616205 2 2.447595267803223
      vertex 1.6459292115714987 2 1.365063515653631
    endloop
  endfacet
  facet normal -0.168953205097099 -0.9807852734670778 -0.09754517844325852
    outer loop
      vertex 1.2776818239950671 0.013629667460918427 2.5958314568407843
      vertex 1.9776818239950558 0.013629667460918427 1.3833958915425697
      vertex 2.022123771283006 0.0034220516681671143 1.4090544617725769
    endloop
  endfacet
  facet normal -0.2783747442582587 -0.9469301288966361 -0.1607197335330962
    outer loop
      vertex 1.2347739458265181 0.03044818341732025 2.571058581829817
      vertex 1.9347739458265067 0.03044818341732025 1.3586230165316024
      vertex 1.9776818239950558 0.013629667460918427 1.3833958915425697
    endloop
  endfacet
  facet normal -0.3830332170070407 -0.8968727555004583 -0.22114433094757957
    outer loop
      vertex 1.1941342899470726 0.0535898357629776 2.5475952655680487
      vertex 1.8941342899470612 0.0535898357629776 1.335159700269834
      vertex 1.9347739458265067 0.03044818341732025 1.3586230165316024
    endloop
  endfacet
  facet normal -0.48113800411344476 -0.8314695592726031 -0.27778515619225197
    outer loop
      vertex 1.1564582306501165 0.08265866339206696 2.5258429825909445
      vertex 1.8564582306501052 0.08265866339206696 1.31340741729273
      vertex 1.8941342899470612 0.0535898357629776 1.335159700269834
    endloop
  endfacet
  facet normal -0.5710102271832521 -0.7518398060332918 -0.3296729083742745
    outer loop
      vertex 1.1223904006177747 0.11715728789567947 2.5061739117510626
      vertex 1.8223904006177634 0.11715728789567947 1.293738346452848
      vertex 1.8564582306501052 0.08265866339206696 1.31340741729273
    endloop
  endfacet
  facet normal -0.6511123716011915 -0.6593458167485663 -0.3759199030166373
    outer loop
      vertex 1.0925137154020206 0.15649542957544327 2.4889245994992564
      vertex 1.7925137154020092 0.15649542957544327 1.2764890342010418
      vertex 1.8223904006177634 0.11715728789567947 1.293738346452848
    endloop
  endfacet
  facet normal -0.7200737608035985 -0.5555703123843896 -0.4157347796363369
    outer loop
      vertex 1.0673393722170061 0.19999999552965164 2.4743901856847117
      vertex 1.7673393722169948 0.19999999552965164 1.261954620386497
      vertex 1.7925137154020092 0.15649542957544327 1.2764890342010418
    endloop
  endfacet
  facet normal -0.7767145902255231 -0.4422886618952268 -0.44843637775020817
    outer loop
      vertex 1.0472981134001174 0.24692662805318832 2.462819359511883
      vertex 1.747298113400106 0.24692662805318832 1.2503837942136684
      vertex 1.7673393722169948 0.19999999552965164 1.261954620386497
    endloop
  endfacet
  facet normal -0.8200655472333707 -0.3214394670661709 -0.4734650644483164
    outer loop
      vertex 1.0327328513279213 0.29647237807512283 2.454410101533682
      vertex 1.7327328513279099 0.29647237807512283 1.2419745362354675
      vertex 1.747298113400106 0.24692662805318832 1.2503837942136684
    endloop
  endfacet
  facet normal -0.8493849624801333 -0.1950903568866777 -0.490392636733517
    outer loop
      vertex 1.023892796739318 0.3477895185351372 2.4493062936373065
      vertex 1.7238927967393067 0.3477895185351372 1.2368707283390918
      vertex 1.7327328513279099 0.29647237807512283 1.2419745362354675
    endloop
  endfacet
  facet normal -0.8641711812218618 -0.06540305340087649 -0.49892946410435046
    outer loop
      vertex 1.0209292130616205 0.3999999985098839 2.447595267803223
      vertex 1.7209292130616092 0.3999999985098839 1.2351597025050083
      vertex 1.7238927967393067 0.3477895185351372 1.2368707283390918
    endloop
  endfacet
  facet normal -0.8660254037844423 0 -0.4999999999999938
    outer loop
      vertex 1.0209292130616205 0.3999999985098839 2.447595267803223
      vertex 1.7209292130616092 2 1.2351597025050083
      vertex 1.7209292130616092 0.3999999985098839 1.2351597025050083
    endloop
  endfacet
  facet normal -0.8660254037844554 2.266705294796648e-14 -0.499999999999971
    outer loop
      vertex 1.0209292130616205 0.3999999985098839 2.447595267803223
      vertex 1.6459292115714987 2 1.365063515653631
      vertex 1.7209292130616092 2 1.2351597025050083
    endloop
  endfacet
  facet normal 0.5000000000000907 7.027061287540401e-13 -0.8660254037843862
    outer loop
      vertex 2.0673393732849092 0 1.4351597017599502
      vertex 2.022123771283006 0.0034220516681671143 1.4090544617725769
      vertex 1.9776818239950558 0.013629667460918427 1.3833958915425697
    endloop
  endfacet
  facet normal -0.5000000000000017 -1.7651358581807767e-14 0.8660254037844378
    outer loop
      vertex 3.15962382218423 11.446926628053188 3.6823711760945628
      vertex 3.174189084256426 11.496472378075122 3.6907804340727637
      vertex 2.536473669684412 11.2 3.32259526780323
    endloop
  endfacet
  facet normal -0.5000000000000149 2.7456910232781766e-14 0.8660254037844299
    outer loop
      vertex 3.15962382218423 11.446926628053188 3.6823711760945628
      vertex 2.536473669684412 11.2 3.32259526780323
      vertex 3.139582563367341 11.399999995529651 3.670800349921734
    endloop
  endfacet
  facet normal -0.49999999999998207 -1.048631231628138e-13 0.8660254037844489
    outer loop
      vertex 3.1144082201823267 11.356495429575443 3.6562659361071894
      vertex 3.139582563367341 11.399999995529651 3.670800349921734
      vertex 2.536473669684412 11.2 3.32259526780323
    endloop
  endfacet
  facet normal -0.5000000000000218 9.04251757967844e-14 0.8660254037844262
    outer loop
      vertex 3.1144082201823267 11.356495429575443 3.6562659361071894
      vertex 2.536473669684412 11.2 3.32259526780323
      vertex 3.0845315349665725 11.317157287895679 3.639016623855383
    endloop
  endfacet
  facet normal -0.49999999999999456 -7.812094068595412e-14 0.8660254037844418
    outer loop
      vertex 3.0504637049342307 11.282658663392066 3.6193475530155013
      vertex 2.536473669684412 11.2 3.32259526780323
      vertex 3.0127876456372746 11.253589835762977 3.597595270038397
    endloop
  endfacet
  facet normal -0.4999999999999943 -8.127997542682726e-14 0.866025403784442
    outer loop
      vertex 3.0845315349665725 11.317157287895679 3.639016623855383
      vertex 2.536473669684412 11.2 3.32259526780323
      vertex 3.0504637049342307 11.282658663392066 3.6193475530155013
    endloop
  endfacet
  facet normal -0.5000000000000143 1.5660398596111437e-13 0.8660254037844305
    outer loop
      vertex 3.0127876456372746 11.253589835762977 3.597595270038397
      vertex 2.536473669684412 11.2 3.32259526780323
      vertex 2.972147989757829 11.23044818341732 3.5741319537766287
    endloop
  endfacet
  facet normal -0.500000000000008 3.7177799570703206e-14 0.8660254037844339
    outer loop
      vertex 2.972147989757829 11.23044818341732 3.5741319537766287
      vertex 2.536473669684412 11.2 3.32259526780323
      vertex 2.92924011158928 11.213629667460918 3.5493590787656615
    endloop
  endfacet
  facet normal -0.5000000000000138 2.551323483938819e-13 0.8660254037844306
    outer loop
      vertex 2.92924011158928 11.213629667460918 3.5493590787656615
      vertex 2.536473669684412 11.2 3.32259526780323
      vertex 2.88479816430133 11.203422051668166 3.5237005085356543
    endloop
  endfacet
  facet normal -0.5000000000000061 -7.908029665875761e-13 0.8660254037844352
    outer loop
      vertex 2.88479816430133 11.203422051668166 3.5237005085356543
      vertex 2.536473669684412 11.2 3.32259526780323
      vertex 2.8395825622994266 11.2 3.497595268548281
    endloop
  endfacet
  facet normal -0.5000000000000077 0 0.8660254037844342
    outer loop
      vertex 3.174189084256426 11.496472378075122 3.6907804340727637
      vertex 2.536473669684412 11.699999998509885 3.32259526780323
      vertex 2.536473669684412 11.2 3.32259526780323
    endloop
  endfacet
  facet normal -0.5000000000000232 -6.56824748950794e-14 0.8660254037844254
    outer loop
      vertex 3.174189084256426 11.496472378075122 3.6907804340727637
      vertex 2.534250981926135 11.739157858490945 3.3213119984276673
      vertex 2.536473669684412 11.699999998509885 3.32259526780323
    endloop
  endfacet
  facet normal -0.499999999999987 6.369271425803389e-14 0.8660254037844461
    outer loop
      vertex 3.174189084256426 11.496472378075122 3.6907804340727637
      vertex 2.5276209425977925 11.777645710110665 3.317484143436708
      vertex 2.534250981926135 11.739157858490945 3.3213119984276673
    endloop
  endfacet
  facet normal -0.5000000000000325 -7.685607536230794e-14 0.86602540378442
    outer loop
      vertex 3.174189084256426 11.496472378075122 3.6907804340727637
      vertex 2.5166969976567373 11.814805026352406 3.31117720088438
      vertex 2.5276209425977925 11.777645710110665 3.317484143436708
    endloop
  endfacet
  facet normal -0.5000000000000148 -2.880949000051189e-14 0.8660254037844302
    outer loop
      vertex 3.174189084256426 11.496472378075122 3.6907804340727637
      vertex 2.5016660535440707 11.849999997019768 3.3024990812547586
      vertex 2.5166969976567373 11.814805026352406 3.31117720088438
    endloop
  endfacet
  facet normal 0.571010227183251 -0.7518398060332921 0.3296729083742762
    outer loop
      vertex 3.0845315349665725 11.317157287895679 3.639016623855383
      vertex 3.0504637049342307 11.282658663392066 3.6193475530155013
      vertex 3.7095315334764507 11.317157287895679 2.5564848717057913
    endloop
  endfacet
  facet normal 0.6511123716011918 -0.6593458167485657 0.3759199030166375
    outer loop
      vertex 3.1144082201823267 11.356495429575443 3.6562659361071894
      vertex 3.0845315349665725 11.317157287895679 3.639016623855383
      vertex 3.8144082201823153 11.356495429575443 2.443830370808975
    endloop
  endfacet
  facet normal 0.4811380041134441 -0.831469559272603 0.27778515619225363
    outer loop
      vertex 3.0504637049342307 11.282658663392066 3.6193475530155013
      vertex 3.0127876456372746 11.253589835762977 3.597595270038397
      vertex 3.675463703444109 11.282658663392066 2.5368158008659094
    endloop
  endfacet
  facet normal 0.3830332170070402 -0.896872755500458 0.2211443309475809
    outer loop
      vertex 3.0127876456372746 11.253589835762977 3.597595270038397
      vertex 2.972147989757829 11.23044818341732 3.5741319537766287
      vertex 3.637787644147153 11.253589835762977 2.5150635178888052
    endloop
  endfacet
  facet normal 0.2783747442582582 -0.946930128896636 0.16071973353309707
    outer loop
      vertex 2.972147989757829 11.23044818341732 3.5741319537766287
      vertex 2.92924011158928 11.213629667460918 3.5493590787656615
      vertex 3.5971479882677073 11.23044818341732 2.491600201627037
    endloop
  endfacet
  facet normal 0.6511123716010688 -0.659345816748726 0.3759199030165692
    outer loop
      vertex 3.0845315349665725 11.317157287895679 3.639016623855383
      vertex 3.7095315334764507 11.317157287895679 2.5564848717057913
      vertex 3.7243901806541686 11.33672142506904 2.565063515653634
    endloop
  endfacet
  facet normal 0.5710102271832505 -0.7518398060332925 0.32967290837427593
    outer loop
      vertex 3.0504637049342307 11.282658663392066 3.6193475530155013
      vertex 3.675463703444109 11.282658663392066 2.5368158008659094
      vertex 3.7095315334764507 11.317157287895679 2.5564848717057913
    endloop
  endfacet
  facet normal 0.4811380041134443 -0.8314695592726029 0.27778515619225375
    outer loop
      vertex 3.0127876456372746 11.253589835762977 3.597595270038397
      vertex 3.637787644147153 11.253589835762977 2.5150635178888052
      vertex 3.675463703444109 11.282658663392066 2.5368158008659094
    endloop
  endfacet
  facet normal 0.38303321700704024 -0.8968727555004579 0.22114433094758093
    outer loop
      vertex 2.972147989757829 11.23044818341732 3.5741319537766287
      vertex 3.5971479882677073 11.23044818341732 2.491600201627037
      vertex 3.637787644147153 11.253589835762977 2.5150635178888052
    endloop
  endfacet
  facet normal 0.8200655472333706 -0.3214394670661712 0.4734650644483163
    outer loop
      vertex 3.15962382218423 11.446926628053188 3.6823711760945628
      vertex 3.8741890842564146 11.496472378075122 2.478344868774549
      vertex 3.174189084256426 11.496472378075122 3.6907804340727637
    endloop
  endfacet
  facet normal 0.8493849624801332 -0.19509035688667875 0.4903926367335169
    outer loop
      vertex 3.174189084256426 11.496472378075122 3.6907804340727637
      vertex 3.8830291388450178 11.547789518535136 2.4834486766709247
      vertex 3.183029138845029 11.547789518535136 3.6958842419691393
    endloop
  endfacet
  facet normal 0.8641711812218618 -0.06540305340087618 0.49892946410435046
    outer loop
      vertex 3.183029138845029 11.547789518535136 3.6958842419691393
      vertex 3.8859927225227153 11.599999998509883 2.4851597025050083
      vertex 3.1859927225227267 11.599999998509883 3.697595267803223
    endloop
  endfacet
  facet normal 0.7767145902255235 -0.4422886618952259 0.4484363777502084
    outer loop
      vertex 3.15962382218423 11.446926628053188 3.6823711760945628
      vertex 3.139582563367341 11.399999995529651 3.670800349921734
      vertex 3.8596238221842185 11.446926628053188 2.469935610796348
    endloop
  endfacet
  facet normal 0.7200737608035984 -0.55557031238439 0.4157347796363368
    outer loop
      vertex 3.1144082201823267 11.356495429575443 3.6562659361071894
      vertex 3.8395825633673297 11.399999995529651 2.4583647846235195
      vertex 3.139582563367341 11.399999995529651 3.670800349921734
    endloop
  endfacet
  facet normal 0.16895320509709877 -0.9807852734670777 0.0975451784432591
    outer loop
      vertex 2.92924011158928 11.213629667460918 3.5493590787656615
      vertex 2.88479816430133 11.203422051668166 3.5237005085356543
      vertex 3.5542401100991583 11.213629667460918 2.4668273266160696
    endloop
  endfacet
  facet normal 0.05664070573020748 -0.997858928208715 0.03270152670042536
    outer loop
      vertex 2.88479816430133 11.203422051668166 3.5237005085356543
      vertex 2.8395825622994266 11.2 3.497595268548281
      vertex 3.509798162811208 11.203422051668166 2.4411687563860625
    endloop
  endfacet
  facet normal 0 -1 0
    outer loop
      vertex 2.8395825622994266 11.2 3.497595268548281
      vertex 2.536473669684412 11.2 3.32259526780323
      vertex 3.464582560809305 11.2 2.415063516398689
    endloop
  endfacet
  facet normal 0.27837474425825837 -0.9469301288966359 0.16071973353309718
    outer loop
      vertex 2.92924011158928 11.213629667460918 3.5493590787656615
      vertex 3.5542401100991583 11.213629667460918 2.4668273266160696
      vertex 3.5971479882677073 11.23044818341732 2.491600201627037
    endloop
  endfacet
  facet normal 0.16895320509709869 -0.9807852734670777 0.09754517844325906
    outer loop
      vertex 2.88479816430133 11.203422051668166 3.5237005085356543
      vertex 3.509798162811208 11.203422051668166 2.4411687563860625
      vertex 3.5542401100991583 11.213629667460918 2.4668273266160696
    endloop
  endfacet
  facet normal 0.05664070573020743 -0.997858928208715 0.03270152670042533
    outer loop
      vertex 2.8395825622994266 11.2 3.497595268548281
      vertex 3.464582560809305 11.2 2.415063516398689
      vertex 3.509798162811208 11.203422051668166 2.4411687563860625
    endloop
  endfacet
  facet normal -0.5000000000000909 -7.027061287540404e-13 0.8660254037843862
    outer loop
      vertex 2.92924011158928 13.986370329558849 3.5493590787656615
      vertex 2.88479816430133 13.9965779453516 3.5237005085356543
      vertex 2.8395825622994266 13.999999997019767 3.497595268548281
    endloop
  endfacet
  facet normal 0.8660254037844423 0 0.4999999999999937
    outer loop
      vertex 3.1859927225227267 11.599999998509883 3.697595267803223
      vertex 3.8859927225227153 13.599999998509883 2.4851597025050083
      vertex 3.1859927225227267 13.599999998509883 3.697595267803223
    endloop
  endfacet
  facet normal 0.8641711812218618 0.06540305340087617 0.49892946410435046
    outer loop
      vertex 3.1859927225227267 13.599999998509883 3.697595267803223
      vertex 3.8830291388450178 13.65221047848463 2.4834486766709247
      vertex 3.183029138845029 13.65221047848463 3.6958842419691393
    endloop
  endfacet
  facet normal 0.8493849624801332 0.19509035688667872 0.4903926367335169
    outer loop
      vertex 3.183029138845029 13.65221047848463 3.6958842419691393
      vertex 3.8741890842564146 13.703527618944644 2.478344868774549
      vertex 3.174189084256426 13.703527618944644 3.6907804340727637
    endloop
  endfacet
  facet normal 0.8200655472333706 0.3214394670661712 0.4734650644483164
    outer loop
      vertex 3.174189084256426 13.703527618944644 3.6907804340727637
      vertex 3.8596238221842185 13.753073368966579 2.469935610796348
      vertex 3.15962382218423 13.753073368966579 3.6823711760945628
    endloop
  endfacet
  facet normal 0.7767145902255235 0.4422886618952259 0.4484363777502084
    outer loop
      vertex 3.15962382218423 13.753073368966579 3.6823711760945628
      vertex 3.8395825633673297 13.800000001490115 2.4583647846235195
      vertex 3.139582563367341 13.800000001490115 3.670800349921734
    endloop
  endfacet
  facet normal 0.7200737608035983 0.55557031238439 0.41573477963633676
    outer loop
      vertex 3.139582563367341 13.800000001490115 3.670800349921734
      vertex 3.8144082201823153 13.843504567444324 2.443830370808975
      vertex 3.1144082201823267 13.843504567444324 3.6562659361071894
    endloop
  endfacet
  facet normal 0.6511123716011917 0.6593458167485657 0.3759199030166374
    outer loop
      vertex 3.1144082201823267 13.843504567444324 3.6562659361071894
      vertex 3.784531534966561 13.882842709124088 2.4265810585571685
      vertex 3.0845315349665725 13.882842709124088 3.639016623855383
    endloop
  endfacet
  facet normal 0.571010227183252 0.751839806033292 0.32967290837427443
    outer loop
      vertex 3.0845315349665725 13.882842709124088 3.639016623855383
      vertex 3.7504637049342193 13.9173413336277 2.4069119877172866
      vertex 3.0504637049342307 13.9173413336277 3.6193475530155013
    endloop
  endfacet
  facet normal 0.48113800411344504 0.8314695592726031 0.27778515619225214
    outer loop
      vertex 3.0504637049342307 13.9173413336277 3.6193475530155013
      vertex 3.7127876456372633 13.94641016125679 2.3851597047401825
      vertex 3.0127876456372746 13.94641016125679 3.597595270038397
    endloop
  endfacet
  facet normal 0.3830332170070409 0.896872755500458 0.22114433094757968
    outer loop
      vertex 3.0127876456372746 13.94641016125679 3.597595270038397
      vertex 3.6721479897578178 13.969551813602447 2.361696388478414
      vertex 2.972147989757829 13.969551813602447 3.5741319537766287
    endloop
  endfacet
  facet normal 0.2783747442582587 0.9469301288966361 0.1607197335330962
    outer loop
      vertex 2.972147989757829 13.969551813602447 3.5741319537766287
      vertex 3.6292401115892687 13.986370329558849 2.336923513467447
      vertex 2.92924011158928 13.986370329558849 3.5493590787656615
    endloop
  endfacet
  facet normal 0.16895320509709905 0.9807852734670778 0.09754517844325857
    outer loop
      vertex 2.92924011158928 13.986370329558849 3.5493590787656615
      vertex 3.5847981643013185 13.9965779453516 2.3112649432374397
      vertex 2.88479816430133 13.9965779453516 3.5237005085356543
    endloop
  endfacet
  facet normal 0.05664070573020758 0.9978589282087151 0.032701526700425185
    outer loop
      vertex 2.88479816430133 13.9965779453516 3.5237005085356543
      vertex 3.5395825622994153 13.999999997019767 2.2851597032500663
      vertex 2.8395825622994266 13.999999997019767 3.497595268548281
    endloop
  endfacet
  facet normal -0.5000000000000465 -1.1020021948864895e-13 0.8660254037844117
    outer loop
      vertex 3.174189084256426 11.496472378075122 3.6907804340727637
      vertex 2.482785296155299 11.882628428936005 3.29159827089385
      vertex 2.5016660535440707 11.849999997019768 3.3024990812547586
    endloop
  endfacet
  facet normal -0.49999999999999606 1.2278296200769969e-14 0.866025403784441
    outer loop
      vertex 3.174189084256426 11.496472378075122 3.6907804340727637
      vertex 2.460377783856586 11.912132035195828 3.278661287636318
      vertex 2.482785296155299 11.882628428936005 3.29159827089385
    endloop
  endfacet
  facet normal -0.4999999999999435 7.748134415364407e-14 0.8660254037844712
    outer loop
      vertex 3.174189084256426 11.496472378075122 3.6907804340727637
      vertex 3.183029138845029 11.547789518535136 3.6958842419691393
      vertex 1.0209292130616205 13.599999998509883 2.447595267803223
    endloop
  endfacet
  facet normal 0 -1 0
    outer loop
      vertex 2.536473669684412 11.2 3.32259526780323
      vertex 3.16147366819429 11.2 2.240063515653638
      vertex 3.464582560809305 11.2 2.415063516398689
    endloop
  endfacet
  facet normal -0.49999999999998623 1.7350984886826385e-14 0.8660254037844464
    outer loop
      vertex 3.183029138845029 11.547789518535136 3.6958842419691393
      vertex 3.1859927225227267 11.599999998509883 3.697595267803223
      vertex 1.023892796739318 13.65221047848463 2.4493062936373065
    endloop
  endfacet
  facet normal -0.5000000000000002 0 0.8660254037844385
    outer loop
      vertex 3.1859927225227267 11.599999998509883 3.697595267803223
      vertex 3.1859927225227267 13.599999998509883 3.697595267803223
      vertex 1.0327328513279213 13.703527618944644 2.454410101533682
    endloop
  endfacet
  facet normal -0.500000000000001 -1.8456637658911407e-14 0.8660254037844382
    outer loop
      vertex 3.1859927225227267 13.599999998509883 3.697595267803223
      vertex 3.183029138845029 13.65221047848463 3.6958842419691393
      vertex 1.0472981134001174 13.753073368966579 2.462819359511883
    endloop
  endfacet
  facet normal -0.5000000000000054 -9.170918010900604e-14 0.8660254037844356
    outer loop
      vertex 3.183029138845029 13.65221047848463 3.6958842419691393
      vertex 3.174189084256426 13.703527618944644 3.6907804340727637
      vertex 1.0673393722170061 13.800000001490115 2.4743901856847117
    endloop
  endfacet
  facet normal -0.5 1.8247812927788424e-14 0.8660254037844387
    outer loop
      vertex 3.174189084256426 13.703527618944644 3.6907804340727637
      vertex 3.15962382218423 13.753073368966579 3.6823711760945628
      vertex 1.0925137154020206 13.843504567444324 2.4889245994992564
    endloop
  endfacet
  facet normal -0.5000000000000026 -2.0386299472701752e-14 0.8660254037844372
    outer loop
      vertex 3.15962382218423 13.753073368966579 3.6823711760945628
      vertex 3.139582563367341 13.800000001490115 3.670800349921734
      vertex 1.1223904006177747 13.882842709124088 2.5061739117510626
    endloop
  endfacet
  facet normal -0.49999999999999684 9.346985109483613e-14 0.8660254037844405
    outer loop
      vertex 3.139582563367341 13.800000001490115 3.670800349921734
      vertex 3.1144082201823267 13.843504567444324 3.6562659361071894
      vertex 1.1564582306501165 13.9173413336277 2.5258429825909445
    endloop
  endfacet
  facet normal -0.5000000000000014 -7.007225850496954e-14 0.8660254037844377
    outer loop
      vertex 3.1144082201823267 13.843504567444324 3.6562659361071894
      vertex 3.0845315349665725 13.882842709124088 3.639016623855383
      vertex 1.1941342899470726 13.94641016125679 2.5475952655680487
    endloop
  endfacet
  facet normal -0.49999999999999833 7.602893937653074e-14 0.8660254037844398
    outer loop
      vertex 3.0845315349665725 13.882842709124088 3.639016623855383
      vertex 3.0504637049342307 13.9173413336277 3.6193475530155013
      vertex 1.2347739458265181 13.969551813602447 2.571058581829817
    endloop
  endfacet
  facet normal -0.4999999999999978 7.245700254531988e-14 0.86602540378444
    outer loop
      vertex 3.0504637049342307 13.9173413336277 3.6193475530155013
      vertex 3.0127876456372746 13.94641016125679 3.597595270038397
      vertex 1.2776818239950671 13.986370329558849 2.5958314568407843
    endloop
  endfacet
  facet normal -0.5000000000000027 -1.2930470069945994e-13 0.866025403784437
    outer loop
      vertex 3.0127876456372746 13.94641016125679 3.597595270038397
      vertex 2.972147989757829 13.969551813602447 3.5741319537766287
      vertex 1.3221237712830174 13.9965779453516 2.6214900270707915
    endloop
  endfacet
  facet normal -0.4999999999999998 -9.12477736939379e-15 0.8660254037844387
    outer loop
      vertex 2.972147989757829 13.969551813602447 3.5741319537766287
      vertex 2.92924011158928 13.986370329558849 3.5493590787656615
      vertex 1.3673393732849206 13.999999997019767 2.647595267058165
    endloop
  endfacet
  facet normal -0.499999999999999 1.0182044296589495e-13 0.8660254037844392
    outer loop
      vertex 2.92924011158928 13.986370329558849 3.5493590787656615
      vertex 2.8395825622994266 13.999999997019767 3.497595268548281
      vertex 1.3673393732849206 13.999999997019767 2.647595267058165
    endloop
  endfacet
  facet normal 0.6511123716014172 -0.659345816748259 0.37591990301678524
    outer loop
      vertex 3.0845315349665725 11.317157287895679 3.639016623855383
      vertex 3.7243901806541686 11.33672142506904 2.565063515653634
      vertex 3.8144082201823153 11.356495429575443 2.443830370808975
    endloop
  endfacet
  facet normal 0.7200737608035985 -0.5555703123843896 0.4157347796363369
    outer loop
      vertex 3.1144082201823267 11.356495429575443 3.6562659361071894
      vertex 3.8144082201823153 11.356495429575443 2.443830370808975
      vertex 3.8395825633673297 11.399999995529651 2.4583647846235195
    endloop
  endfacet
  facet normal 0.8200655472333707 -0.3214394670661709 0.4734650644483164
    outer loop
      vertex 3.15962382218423 11.446926628053188 3.6823711760945628
      vertex 3.8596238221842185 11.446926628053188 2.469935610796348
      vertex 3.8741890842564146 11.496472378075122 2.478344868774549
    endloop
  endfacet
  facet normal 0.8493849624801333 -0.1950903568866777 0.490392636733517
    outer loop
      vertex 3.174189084256426 11.496472378075122 3.6907804340727637
      vertex 3.8741890842564146 11.496472378075122 2.478344868774549
      vertex 3.8830291388450178 11.547789518535136 2.4834486766709247
    endloop
  endfacet
  facet normal 0.8641711812218618 -0.06540305340087649 0.49892946410435046
    outer loop
      vertex 3.183029138845029 11.547789518535136 3.6958842419691393
      vertex 3.8830291388450178 11.547789518535136 2.4834486766709247
      vertex 3.8859927225227153 11.599999998509883 2.4851597025050083
    endloop
  endfacet
  facet normal 0.7767145902255231 -0.4422886618952268 0.44843637775020817
    outer loop
      vertex 3.139582563367341 11.399999995529651 3.670800349921734
      vertex 3.8395825633673297 11.399999995529651 2.4583647846235195
      vertex 3.8596238221842185 11.446926628053188 2.469935610796348
    endloop
  endfacet
  facet normal 0.651112371601321 -0.6593458167484085 0.3759199030166895
    outer loop
      vertex 3.7243901806541686 11.33672142506904 2.565063515653634
      vertex 3.799390182144279 11.33672142506904 2.435159702505011
      vertex 3.8144082201823153 11.356495429575443 2.443830370808975
    endloop
  endfacet
  facet normal 0.5000000000000543 -3.010758358528581e-15 -0.8660254037844073
    outer loop
      vertex 3.8596238221842185 11.446926628053188 2.469935610796348
      vertex 3.799390182144279 12 2.435159702505011
      vertex 3.8741890842564146 11.496472378075122 2.478344868774549
    endloop
  endfacet
  facet normal 0.4999999999998207 -4.927679421561528e-14 -0.8660254037845422
    outer loop
      vertex 3.8741890842564146 11.496472378075122 2.478344868774549
      vertex 3.799390182144279 12 2.435159702505011
      vertex 3.8830291388450178 11.547789518535136 2.4834486766709247
    endloop
  endfacet
  facet normal 0.4999999999999887 -1.2527524374854193e-14 -0.8660254037844453
    outer loop
      vertex 3.8596238221842185 11.446926628053188 2.469935610796348
      vertex 3.8395825633673297 11.399999995529651 2.4583647846235195
      vertex 3.799390182144279 12 2.435159702505011
    endloop
  endfacet
  facet normal 0.49999999999995864 -1.52515241842947e-14 -0.8660254037844625
    outer loop
      vertex 3.8830291388450178 11.547789518535136 2.4834486766709247
      vertex 3.799390182144279 12 2.435159702505011
      vertex 3.8859927225227153 11.599999998509883 2.4851597025050083
    endloop
  endfacet
  facet normal 0.5000000000001191 -8.830572813023359e-16 -0.8660254037843698
    outer loop
      vertex 3.8144082201823153 11.356495429575443 2.443830370808975
      vertex 3.799390182144279 12 2.435159702505011
      vertex 3.8395825633673297 11.399999995529651 2.4583647846235195
    endloop
  endfacet
  facet normal 0.5000000000001475 0 -0.8660254037843534
    outer loop
      vertex 3.8144082201823153 11.356495429575443 2.443830370808975
      vertex 3.799390182144279 11.33672142506904 2.435159702505011
      vertex 3.799390182144279 12 2.435159702505011
    endloop
  endfacet
  facet normal 0.8660254037844423 0 0.4999999999999937
    outer loop
      vertex 3.1859927225227267 11.599999998509883 3.697595267803223
      vertex 3.8859927225227153 11.599999998509883 2.4851597025050083
      vertex 3.8859927225227153 13.599999998509883 2.4851597025050083
    endloop
  endfacet
  facet normal 0.8641711812218618 0.06540305340087649 0.49892946410435046
    outer loop
      vertex 3.1859927225227267 13.599999998509883 3.697595267803223
      vertex 3.8859927225227153 13.599999998509883 2.4851597025050083
      vertex 3.8830291388450178 13.65221047848463 2.4834486766709247
    endloop
  endfacet
  facet normal 0.8493849624801331 0.19509035688667914 0.4903926367335168
    outer loop
      vertex 3.183029138845029 13.65221047848463 3.6958842419691393
      vertex 3.8830291388450178 13.65221047848463 2.4834486766709247
      vertex 3.8741890842564146 13.703527618944644 2.478344868774549
    endloop
  endfacet
  facet normal 0.8200655472333702 0.3214394670661722 0.4734650644483161
    outer loop
      vertex 3.174189084256426 13.703527618944644 3.6907804340727637
      vertex 3.8741890842564146 13.703527618944644 2.478344868774549
      vertex 3.8596238221842185 13.753073368966579 2.469935610796348
    endloop
  endfacet
  facet normal 0.7767145902255238 0.4422886618952256 0.44843637775020856
    outer loop
      vertex 3.15962382218423 13.753073368966579 3.6823711760945628
      vertex 3.8596238221842185 13.753073368966579 2.469935610796348
      vertex 3.8395825633673297 13.800000001490115 2.4583647846235195
    endloop
  endfacet
  facet normal 0.7200737608035979 0.5555703123843906 0.41573477963633654
    outer loop
      vertex 3.139582563367341 13.800000001490115 3.670800349921734
      vertex 3.8395825633673297 13.800000001490115 2.4583647846235195
      vertex 3.8144082201823153 13.843504567444324 2.443830370808975
    endloop
  endfacet
  facet normal 0.6511123716011922 0.6593458167485654 0.3759199030166377
    outer loop
      vertex 3.1144082201823267 13.843504567444324 3.6562659361071894
      vertex 3.8144082201823153 13.843504567444324 2.443830370808975
      vertex 3.784531534966561 13.882842709124088 2.4265810585571685
    endloop
  endfacet
  facet normal 0.5710102271832515 0.7518398060332925 0.3296729083742741
    outer loop
      vertex 3.0845315349665725 13.882842709124088 3.639016623855383
      vertex 3.784531534966561 13.882842709124088 2.4265810585571685
      vertex 3.7504637049342193 13.9173413336277 2.4069119877172866
    endloop
  endfacet
  facet normal 0.48113800411344476 0.8314695592726031 0.27778515619225197
    outer loop
      vertex 3.0504637049342307 13.9173413336277 3.6193475530155013
      vertex 3.7504637049342193 13.9173413336277 2.4069119877172866
      vertex 3.7127876456372633 13.94641016125679 2.3851597047401825
    endloop
  endfacet
  facet normal 0.3830332170070412 0.896872755500458 0.22114433094757985
    outer loop
      vertex 3.0127876456372746 13.94641016125679 3.597595270038397
      vertex 3.7127876456372633 13.94641016125679 2.3851597047401825
      vertex 3.6721479897578178 13.969551813602447 2.361696388478414
    endloop
  endfacet
  facet normal 0.2783747442582587 0.9469301288966361 0.1607197335330962
    outer loop
      vertex 2.972147989757829 13.969551813602447 3.5741319537766287
      vertex 3.6721479897578178 13.969551813602447 2.361696388478414
      vertex 3.6292401115892687 13.986370329558849 2.336923513467447
    endloop
  endfacet
  facet normal 0.168953205097099 0.9807852734670778 0.09754517844325852
    outer loop
      vertex 2.92924011158928 13.986370329558849 3.5493590787656615
      vertex 3.6292401115892687 13.986370329558849 2.336923513467447
      vertex 3.5847981643013185 13.9965779453516 2.3112649432374397
    endloop
  endfacet
  facet normal 0.05664070573020765 0.9978589282087151 0.03270152670042521
    outer loop
      vertex 2.88479816430133 13.9965779453516 3.5237005085356543
      vertex 3.5847981643013185 13.9965779453516 2.3112649432374397
      vertex 3.5395825622994153 13.999999997019767 2.2851597032500663
    endloop
  endfacet
  facet normal 0.5000000000000115 0 -0.866025403784432
    outer loop
      vertex 3.8859927225227153 11.599999998509883 2.4851597025050083
      vertex 3.799390182144279 12 2.435159702505011
      vertex 3.8859927225227153 13.599999998509883 2.4851597025050083
    endloop
  endfacet
  facet normal 0.5000000000000909 7.027061287540404e-13 -0.8660254037843862
    outer loop
      vertex 3.6292401115892687 13.986370329558849 2.336923513467447
      vertex 3.5395825622994153 13.999999997019767 2.2851597032500663
      vertex 3.5847981643013185 13.9965779453516 2.3112649432374397
    endloop
  endfacet
  facet normal 0 1 0
    outer loop
      vertex 2.8395825622994266 13.999999997019767 3.497595268548281
      vertex 3.5395825622994153 13.999999997019767 2.2851597032500663
      vertex 2.0673393732849092 13.999999997019767 1.4351597017599502
    endloop
  endfacet
  facet normal 0.4999999999999977 9.86623977880668e-16 -0.8660254037844399
    outer loop
      vertex 3.799390182144279 12 2.435159702505011
      vertex 1.7209292130616092 12 1.2351597025050083
      vertex 3.8859927225227153 13.599999998509883 2.4851597025050083
    endloop
  endfacet
  facet normal 0.500000000000001 1.8456637658911407e-14 -0.8660254037844382
    outer loop
      vertex 3.8859927225227153 13.599999998509883 2.4851597025050083
      vertex 1.747298113400106 13.753073368966579 1.2503837942136684
      vertex 3.8830291388450178 13.65221047848463 2.4834486766709247
    endloop
  endfacet
  facet normal 0.5000000000000054 9.170918010900604e-14 -0.8660254037844356
    outer loop
      vertex 3.8830291388450178 13.65221047848463 2.4834486766709247
      vertex 1.7673393722169948 13.800000001490115 1.261954620386497
      vertex 3.8741890842564146 13.703527618944644 2.478344868774549
    endloop
  endfacet
  facet normal 0.5 -1.8247812927788424e-14 -0.8660254037844387
    outer loop
      vertex 3.8741890842564146 13.703527618944644 2.478344868774549
      vertex 1.7925137154020092 13.843504567444324 1.2764890342010418
      vertex 3.8596238221842185 13.753073368966579 2.469935610796348
    endloop
  endfacet
  facet normal 0.5000000000000026 2.0386299472701752e-14 -0.8660254037844372
    outer loop
      vertex 3.8596238221842185 13.753073368966579 2.469935610796348
      vertex 1.8223904006177634 13.882842709124088 1.293738346452848
      vertex 3.8395825633673297 13.800000001490115 2.4583647846235195
    endloop
  endfacet
  facet normal 0.49999999999999684 -9.346985109483613e-14 -0.8660254037844405
    outer loop
      vertex 3.8395825633673297 13.800000001490115 2.4583647846235195
      vertex 1.8564582306501052 13.9173413336277 1.31340741729273
      vertex 3.8144082201823153 13.843504567444324 2.443830370808975
    endloop
  endfacet
  facet normal 0.5000000000000014 7.007225850496954e-14 -0.8660254037844377
    outer loop
      vertex 3.8144082201823153 13.843504567444324 2.443830370808975
      vertex 1.8941342899470612 13.94641016125679 1.335159700269834
      vertex 3.784531534966561 13.882842709124088 2.4265810585571685
    endloop
  endfacet
  facet normal 0.49999999999999833 -7.602893937653074e-14 -0.8660254037844398
    outer loop
      vertex 3.784531534966561 13.882842709124088 2.4265810585571685
      vertex 1.9347739458265067 13.969551813602447 1.3586230165316024
      vertex 3.7504637049342193 13.9173413336277 2.4069119877172866
    endloop
  endfacet
  facet normal 0.4999999999999978 -7.245700254531988e-14 -0.86602540378444
    outer loop
      vertex 3.7504637049342193 13.9173413336277 2.4069119877172866
      vertex 1.9776818239950558 13.986370329558849 1.3833958915425697
      vertex 3.7127876456372633 13.94641016125679 2.3851597047401825
    endloop
  endfacet
  facet normal 0.5000000000000027 1.2930470069945994e-13 -0.866025403784437
    outer loop
      vertex 3.7127876456372633 13.94641016125679 2.3851597047401825
      vertex 2.022123771283006 13.9965779453516 1.4090544617725769
      vertex 3.6721479897578178 13.969551813602447 2.361696388478414
    endloop
  endfacet
  facet normal 0.4999999999999998 9.12477736939379e-15 -0.8660254037844387
    outer loop
      vertex 3.6721479897578178 13.969551813602447 2.361696388478414
      vertex 2.0673393732849092 13.999999997019767 1.4351597017599502
      vertex 3.6292401115892687 13.986370329558849 2.336923513467447
    endloop
  endfacet
  facet normal 0.499999999999999 -1.0182044296589495e-13 -0.8660254037844392
    outer loop
      vertex 3.6292401115892687 13.986370329558849 2.336923513467447
      vertex 2.0673393732849092 13.999999997019767 1.4351597017599502
      vertex 3.5395825622994153 13.999999997019767 2.2851597032500663
    endloop
  endfacet
  facet normal -0.5000000000000027 -3.3291273313247844e-15 0.8660254037844372
    outer loop
      vertex 3.174189084256426 11.496472378075122 3.6907804340727637
      vertex 1.0209292130616205 13.599999998509883 2.447595267803223
      vertex 2.460377783856586 11.912132035195828 3.278661287636318
    endloop
  endfacet
  facet normal -0.5000000000011758 -1.3367517297863277e-12 0.8660254037837598
    outer loop
      vertex 2.460377783856586 11.912132035195828 3.278661287636318
      vertex 1.0209292130616205 13.599999998509883 2.447595267803223
      vertex 2.434826911332337 11.938006001710892 3.2639094845064065
    endloop
  endfacet
  facet normal -0.49999999999969735 3.3978934443297324e-13 0.8660254037846136
    outer loop
      vertex 2.434826911332337 11.938006001710892 3.2639094845064065
      vertex 1.0209292130616205 13.599999998509883 2.447595267803223
      vertex 2.4065698604072168 11.95980762243271 3.247595268548288
    endloop
  endfacet
  facet normal -0.50000000000003 -3.497643550076268e-14 0.8660254037844214
    outer loop
      vertex 2.4065698604072168 11.95980762243271 3.247595268548288
      vertex 1.0209292130616205 13.599999998509883 2.447595267803223
      vertex 2.376090121723834 11.977163861691952 3.229997783214607
    endloop
  endfacet
  facet normal -0.5000000000000244 -2.865176142253571e-14 0.8660254037844246
    outer loop
      vertex 2.376090121723834 11.977163861691952 3.229997783214607
      vertex 1.0209292130616205 13.599999998509883 2.447595267803223
      vertex 2.343909209871228 11.989777746796609 3.2114181250937364
    endloop
  endfacet
  facet normal -0.49999999999994077 6.286282230308043e-14 0.8660254037844729
    outer loop
      vertex 2.343909209871228 11.989777746796609 3.2114181250937364
      vertex 1.0209292130616205 13.599999998509883 2.447595267803223
      vertex 2.3105777526314597 11.997433456778527 3.192174199283876
    endloop
  endfacet
  facet normal -0.500000000000096 -1.0373412441757869e-13 0.8660254037843832
    outer loop
      vertex 2.3105777526314597 11.997433456778527 3.192174199283876
      vertex 1.0209292130616205 13.599999998509883 2.447595267803223
      vertex 2.276666051130036 11.999999995529652 3.172595269293346
    endloop
  endfacet
  facet normal -0.5000000000000101 -6.999238627689883e-13 0.8660254037844328
    outer loop
      vertex 2.972147989757829 13.969551813602447 3.5741319537766287
      vertex 1.3673393732849206 13.999999997019767 2.647595267058165
      vertex 1.3221237712830174 13.9965779453516 2.6214900270707915
    endloop
  endfacet
  facet normal -0.4999999999999964 1.5788518083970513e-13 0.8660254037844407
    outer loop
      vertex 3.0127876456372746 13.94641016125679 3.597595270038397
      vertex 1.3221237712830174 13.9965779453516 2.6214900270707915
      vertex 1.2776818239950671 13.986370329558849 2.5958314568407843
    endloop
  endfacet
  facet normal -0.4999999999999996 5.866724830308736e-15 0.8660254037844389
    outer loop
      vertex 3.0504637049342307 13.9173413336277 3.6193475530155013
      vertex 1.2776818239950671 13.986370329558849 2.5958314568407843
      vertex 1.2347739458265181 13.969551813602447 2.571058581829817
    endloop
  endfacet
  facet normal -0.49999999999999684 1.1621548752722472e-13 0.8660254037844405
    outer loop
      vertex 3.0845315349665725 13.882842709124088 3.639016623855383
      vertex 1.2347739458265181 13.969551813602447 2.571058581829817
      vertex 1.1941342899470726 13.94641016125679 2.5475952655680487
    endloop
  endfacet
  facet normal -0.5000000000000014 -7.086628317810513e-14 0.8660254037844378
    outer loop
      vertex 3.1144082201823267 13.843504567444324 3.6562659361071894
      vertex 1.1941342899470726 13.94641016125679 2.5475952655680487
      vertex 1.1564582306501165 13.9173413336277 2.5258429825909445
    endloop
  endfacet
  facet normal -0.500000000000004 -6.904462996306406e-14 0.8660254037844364
    outer loop
      vertex 3.139582563367341 13.800000001490115 3.670800349921734
      vertex 1.1564582306501165 13.9173413336277 2.5258429825909445
      vertex 1.1223904006177747 13.882842709124088 2.5061739117510626
    endloop
  endfacet
  facet normal -0.4999999999999983 6.408498198597539e-14 0.8660254037844397
    outer loop
      vertex 3.15962382218423 13.753073368966579 3.6823711760945628
      vertex 1.1223904006177747 13.882842709124088 2.5061739117510626
      vertex 1.0925137154020206 13.843504567444324 2.4889245994992564
    endloop
  endfacet
  facet normal 0 1 0
    outer loop
      vertex 2.8395825622994266 13.999999997019767 3.497595268548281
      vertex 2.0673393732849092 13.999999997019767 1.4351597017599502
      vertex 1.3673393732849206 13.999999997019767 2.647595267058165
    endloop
  endfacet
  facet normal -0.4999999999999475 7.745806949333986e-14 0.8660254037844689
    outer loop
      vertex 3.1859927225227267 11.599999998509883 3.697595267803223
      vertex 1.0327328513279213 13.703527618944644 2.454410101533682
      vertex 1.023892796739318 13.65221047848463 2.4493062936373065
    endloop
  endfacet
  facet normal -0.49999999999998584 1.6163945163855716e-14 0.8660254037844467
    outer loop
      vertex 3.183029138845029 11.547789518535136 3.6958842419691393
      vertex 1.023892796739318 13.65221047848463 2.4493062936373065
      vertex 1.0209292130616205 13.599999998509883 2.447595267803223
    endloop
  endfacet
  facet normal -0.4999999999999997 1.8807569158393494e-14 0.8660254037844389
    outer loop
      vertex 3.183029138845029 13.65221047848463 3.6958842419691393
      vertex 1.0673393722170061 13.800000001490115 2.4743901856847117
      vertex 1.0472981134001174 13.753073368966579 2.462819359511883
    endloop
  endfacet
  facet normal -0.5000000000000011 -1.7773484022508067e-14 0.866025403784438
    outer loop
      vertex 3.1859927225227267 13.599999998509883 3.697595267803223
      vertex 1.0472981134001174 13.753073368966579 2.462819359511883
      vertex 1.0327328513279213 13.703527618944644 2.454410101533682
    endloop
  endfacet
  facet normal -0.5000000000000053 -8.584088132305944e-14 0.8660254037844356
    outer loop
      vertex 3.174189084256426 13.703527618944644 3.6907804340727637
      vertex 1.0925137154020206 13.843504567444324 2.4889245994992564
      vertex 1.0673393722170061 13.800000001490115 2.4743901856847117
    endloop
  endfacet
  facet normal -0.49999999999999695 0 0.8660254037844404
    outer loop
      vertex 2.276666051130036 11.999999995529652 3.172595269293346
      vertex 1.0209292130616205 13.599999998509883 2.447595267803223
      vertex 1.0209292130616205 11.999999995529652 2.447595267803223
    endloop
  endfacet
  facet normal -0.05664070573020758 0.9978589282087151 -0.032701526700425185
    outer loop
      vertex 1.3673393732849206 13.999999997019767 2.647595267058165
      vertex 2.022123771283006 13.9965779453516 1.4090544617725769
      vertex 1.3221237712830174 13.9965779453516 2.6214900270707915
    endloop
  endfacet
  facet normal 0.5000000000000101 6.999238627689883e-13 -0.8660254037844328
    outer loop
      vertex 3.6721479897578178 13.969551813602447 2.361696388478414
      vertex 2.022123771283006 13.9965779453516 1.4090544617725769
      vertex 2.0673393732849092 13.999999997019767 1.4351597017599502
    endloop
  endfacet
  facet normal 0.4999999999999964 -1.5788518083970513e-13 -0.8660254037844407
    outer loop
      vertex 3.7127876456372633 13.94641016125679 2.3851597047401825
      vertex 1.9776818239950558 13.986370329558849 1.3833958915425697
      vertex 2.022123771283006 13.9965779453516 1.4090544617725769
    endloop
  endfacet
  facet normal 0.4999999999999996 -5.866724830308736e-15 -0.8660254037844389
    outer loop
      vertex 3.7504637049342193 13.9173413336277 2.4069119877172866
      vertex 1.9347739458265067 13.969551813602447 1.3586230165316024
      vertex 1.9776818239950558 13.986370329558849 1.3833958915425697
    endloop
  endfacet
  facet normal 0.49999999999999684 -1.1621548752722472e-13 -0.8660254037844405
    outer loop
      vertex 3.784531534966561 13.882842709124088 2.4265810585571685
      vertex 1.8941342899470612 13.94641016125679 1.335159700269834
      vertex 1.9347739458265067 13.969551813602447 1.3586230165316024
    endloop
  endfacet
  facet normal 0.5000000000000014 7.086628317810513e-14 -0.8660254037844378
    outer loop
      vertex 3.8144082201823153 13.843504567444324 2.443830370808975
      vertex 1.8564582306501052 13.9173413336277 1.31340741729273
      vertex 1.8941342899470612 13.94641016125679 1.335159700269834
    endloop
  endfacet
  facet normal 0.500000000000004 6.904462996306406e-14 -0.8660254037844364
    outer loop
      vertex 3.8395825633673297 13.800000001490115 2.4583647846235195
      vertex 1.8223904006177634 13.882842709124088 1.293738346452848
      vertex 1.8564582306501052 13.9173413336277 1.31340741729273
    endloop
  endfacet
  facet normal 0.4999999999999983 -6.408498198597539e-14 -0.8660254037844397
    outer loop
      vertex 3.8596238221842185 13.753073368966579 2.469935610796348
      vertex 1.7925137154020092 13.843504567444324 1.2764890342010418
      vertex 1.8223904006177634 13.882842709124088 1.293738346452848
    endloop
  endfacet
  facet normal -0.05664070573020765 0.9978589282087151 -0.03270152670042521
    outer loop
      vertex 1.3673393732849206 13.999999997019767 2.647595267058165
      vertex 2.0673393732849092 13.999999997019767 1.4351597017599502
      vertex 2.022123771283006 13.9965779453516 1.4090544617725769
    endloop
  endfacet
  facet normal 0.5000000000000001 -3.2491687235740382e-15 -0.8660254037844386
    outer loop
      vertex 3.8859927225227153 13.599999998509883 2.4851597025050083
      vertex 1.7209292130616092 12 1.2351597025050083
      vertex 1.7327328513279099 13.703527618944644 1.2419745362354675
    endloop
  endfacet
  facet normal 0.4999999999999997 -1.8807569158393494e-14 -0.8660254037844389
    outer loop
      vertex 3.8830291388450178 13.65221047848463 2.4834486766709247
      vertex 1.747298113400106 13.753073368966579 1.2503837942136684
      vertex 1.7673393722169948 13.800000001490115 1.261954620386497
    endloop
  endfacet
  facet normal 0.5000000000000011 1.7773484022508067e-14 -0.866025403784438
    outer loop
      vertex 3.8859927225227153 13.599999998509883 2.4851597025050083
      vertex 1.7327328513279099 13.703527618944644 1.2419745362354675
      vertex 1.747298113400106 13.753073368966579 1.2503837942136684
    endloop
  endfacet
  facet normal 0.5000000000000053 8.584088132305944e-14 -0.8660254037844356
    outer loop
      vertex 3.8741890842564146 13.703527618944644 2.478344868774549
      vertex 1.7673393722169948 13.800000001490115 1.261954620386497
      vertex 1.7925137154020092 13.843504567444324 1.2764890342010418
    endloop
  endfacet
  facet normal -0.8660254037844408 0 -0.4999999999999965
    outer loop
      vertex 1.0209292130616205 11.999999995529652 2.447595267803223
      vertex 1.6459292115714987 12 1.365063515653631
      vertex 1.6459292115714987 11.999999995529652 1.365063515653631
    endloop
  endfacet
  facet normal -0.16895320509709905 0.9807852734670778 -0.09754517844325857
    outer loop
      vertex 1.3221237712830174 13.9965779453516 2.6214900270707915
      vertex 1.9776818239950558 13.986370329558849 1.3833958915425697
      vertex 1.2776818239950671 13.986370329558849 2.5958314568407843
    endloop
  endfacet
  facet normal -0.2783747442582587 0.9469301288966361 -0.1607197335330962
    outer loop
      vertex 1.2776818239950671 13.986370329558849 2.5958314568407843
      vertex 1.9347739458265067 13.969551813602447 1.3586230165316024
      vertex 1.2347739458265181 13.969551813602447 2.571058581829817
    endloop
  endfacet
  facet normal -0.3830332170070409 0.896872755500458 -0.22114433094757968
    outer loop
      vertex 1.2347739458265181 13.969551813602447 2.571058581829817
      vertex 1.8941342899470612 13.94641016125679 1.335159700269834
      vertex 1.1941342899470726 13.94641016125679 2.5475952655680487
    endloop
  endfacet
  facet normal -0.48113800411344504 0.8314695592726031 -0.27778515619225214
    outer loop
      vertex 1.1941342899470726 13.94641016125679 2.5475952655680487
      vertex 1.8564582306501052 13.9173413336277 1.31340741729273
      vertex 1.1564582306501165 13.9173413336277 2.5258429825909445
    endloop
  endfacet
  facet normal -0.571010227183252 0.751839806033292 -0.32967290837427443
    outer loop
      vertex 1.1564582306501165 13.9173413336277 2.5258429825909445
      vertex 1.8223904006177634 13.882842709124088 1.293738346452848
      vertex 1.1223904006177747 13.882842709124088 2.5061739117510626
    endloop
  endfacet
  facet normal -0.6511123716011917 0.6593458167485657 -0.3759199030166374
    outer loop
      vertex 1.1223904006177747 13.882842709124088 2.5061739117510626
      vertex 1.7925137154020092 13.843504567444324 1.2764890342010418
      vertex 1.0925137154020206 13.843504567444324 2.4889245994992564
    endloop
  endfacet
  facet normal -0.8660254037844424 0 -0.4999999999999938
    outer loop
      vertex 1.0209292130616205 11.999999995529652 2.447595267803223
      vertex 1.0209292130616205 13.599999998509883 2.447595267803223
      vertex 1.7209292130616092 13.599999998509883 1.2351597025050083
    endloop
  endfacet
  facet normal -0.7767145902255235 0.4422886618952259 -0.4484363777502084
    outer loop
      vertex 1.0472981134001174 13.753073368966579 2.462819359511883
      vertex 1.0673393722170061 13.800000001490115 2.4743901856847117
      vertex 1.747298113400106 13.753073368966579 1.2503837942136684
    endloop
  endfacet
  facet normal -0.8200655472333706 0.3214394670661712 -0.4734650644483164
    outer loop
      vertex 1.0472981134001174 13.753073368966579 2.462819359511883
      vertex 1.7327328513279099 13.703527618944644 1.2419745362354675
      vertex 1.0327328513279213 13.703527618944644 2.454410101533682
    endloop
  endfacet
  facet normal -0.7200737608035983 0.55557031238439 -0.41573477963633676
    outer loop
      vertex 1.0925137154020206 13.843504567444324 2.4889245994992564
      vertex 1.7673393722169948 13.800000001490115 1.261954620386497
      vertex 1.0673393722170061 13.800000001490115 2.4743901856847117
    endloop
  endfacet
  facet normal -0.8493849624801332 0.19509035688667872 -0.4903926367335169
    outer loop
      vertex 1.023892796739318 13.65221047848463 2.4493062936373065
      vertex 1.0327328513279213 13.703527618944644 2.454410101533682
      vertex 1.7238927967393067 13.65221047848463 1.2368707283390918
    endloop
  endfacet
  facet normal -0.8641711812218618 0.06540305340087617 -0.49892946410435046
    outer loop
      vertex 1.0209292130616205 13.599999998509883 2.447595267803223
      vertex 1.023892796739318 13.65221047848463 2.4493062936373065
      vertex 1.7209292130616092 13.599999998509883 1.2351597025050083
    endloop
  endfacet
  facet normal -0.168953205097099 0.9807852734670778 -0.09754517844325852
    outer loop
      vertex 1.3221237712830174 13.9965779453516 2.6214900270707915
      vertex 2.022123771283006 13.9965779453516 1.4090544617725769
      vertex 1.9776818239950558 13.986370329558849 1.3833958915425697
    endloop
  endfacet
  facet normal -0.2783747442582587 0.9469301288966361 -0.1607197335330962
    outer loop
      vertex 1.2776818239950671 13.986370329558849 2.5958314568407843
      vertex 1.9776818239950558 13.986370329558849 1.3833958915425697
      vertex 1.9347739458265067 13.969551813602447 1.3586230165316024
    endloop
  endfacet
  facet normal -0.3830332170070412 0.896872755500458 -0.22114433094757985
    outer loop
      vertex 1.2347739458265181 13.969551813602447 2.571058581829817
      vertex 1.9347739458265067 13.969551813602447 1.3586230165316024
      vertex 1.8941342899470612 13.94641016125679 1.335159700269834
    endloop
  endfacet
  facet normal -0.48113800411344476 0.8314695592726031 -0.27778515619225197
    outer loop
      vertex 1.1941342899470726 13.94641016125679 2.5475952655680487
      vertex 1.8941342899470612 13.94641016125679 1.335159700269834
      vertex 1.8564582306501052 13.9173413336277 1.31340741729273
    endloop
  endfacet
  facet normal -0.5710102271832515 0.7518398060332925 -0.3296729083742741
    outer loop
      vertex 1.1564582306501165 13.9173413336277 2.5258429825909445
      vertex 1.8564582306501052 13.9173413336277 1.31340741729273
      vertex 1.8223904006177634 13.882842709124088 1.293738346452848
    endloop
  endfacet
  facet normal -0.6511123716011922 0.6593458167485654 -0.3759199030166377
    outer loop
      vertex 1.1223904006177747 13.882842709124088 2.5061739117510626
      vertex 1.8223904006177634 13.882842709124088 1.293738346452848
      vertex 1.7925137154020092 13.843504567444324 1.2764890342010418
    endloop
  endfacet
  facet normal -0.8660254037844406 -2.720046420261943e-15 -0.4999999999999965
    outer loop
      vertex 1.0209292130616205 11.999999995529652 2.447595267803223
      vertex 1.7209292130616092 13.599999998509883 1.2351597025050083
      vertex 1.6459292115714987 12 1.365063515653631
    endloop
  endfacet
  facet normal -0.8200655472333702 0.3214394670661722 -0.4734650644483161
    outer loop
      vertex 1.0472981134001174 13.753073368966579 2.462819359511883
      vertex 1.747298113400106 13.753073368966579 1.2503837942136684
      vertex 1.7327328513279099 13.703527618944644 1.2419745362354675
    endloop
  endfacet
  facet normal -0.7200737608035979 0.5555703123843906 -0.41573477963633654
    outer loop
      vertex 1.0925137154020206 13.843504567444324 2.4889245994992564
      vertex 1.7925137154020092 13.843504567444324 1.2764890342010418
      vertex 1.7673393722169948 13.800000001490115 1.261954620386497
    endloop
  endfacet
  facet normal -0.7767145902255238 0.4422886618952256 -0.44843637775020856
    outer loop
      vertex 1.0673393722170061 13.800000001490115 2.4743901856847117
      vertex 1.7673393722169948 13.800000001490115 1.261954620386497
      vertex 1.747298113400106 13.753073368966579 1.2503837942136684
    endloop
  endfacet
  facet normal -0.8641711812218618 0.06540305340087649 -0.49892946410435046
    outer loop
      vertex 1.023892796739318 13.65221047848463 2.4493062936373065
      vertex 1.7238927967393067 13.65221047848463 1.2368707283390918
      vertex 1.7209292130616092 13.599999998509883 1.2351597025050083
    endloop
  endfacet
  facet normal -0.8493849624801331 0.19509035688667914 -0.4903926367335168
    outer loop
      vertex 1.0327328513279213 13.703527618944644 2.454410101533682
      vertex 1.7327328513279099 13.703527618944644 1.2419745362354675
      vertex 1.7238927967393067 13.65221047848463 1.2368707283390918
    endloop
  endfacet
  facet normal -0.8660254037844554 0 -0.4999999999999712
    outer loop
      vertex 1.6459292115714987 12 1.365063515653631
      vertex 1.7209292130616092 13.599999998509883 1.2351597025050083
      vertex 1.7209292130616092 12 1.2351597025050083
    endloop
  endfacet
  facet normal 0.4999999999996046 3.6480814747063706e-16 -0.866025403784667
    outer loop
      vertex 1.7209292130616092 12 1.2351597025050083
      vertex 1.7238927967393067 13.65221047848463 1.2368707283390918
      vertex 1.7327328513279099 13.703527618944644 1.2419745362354675
    endloop
  endfacet
  facet normal 0.4999999999997571 0 -0.8660254037845789
    outer loop
      vertex 1.7209292130616092 12 1.2351597025050083
      vertex 1.7209292130616092 13.599999998509883 1.2351597025050083
      vertex 1.7238927967393067 13.65221047848463 1.2368707283390918
    endloop
  endfacet
  facet normal 0.7767145741430266 -0.44228869955233446 0.44843636846504953
    outer loop
      vertex 2.4916969976567316 2.185194969177246 3.3544784710736053
      vertex 2.476666053544065 2.149999998509884 3.345800351443984
      vertex 2.5016660535440707 2.149999998509884 3.3024990812547586
    endloop
  endfacet
  facet normal 0.720073811554983 -0.5555702246792807 0.4157348089377319
    outer loop
      vertex 2.476666053544065 2.149999998509884 3.345800351443984
      vertex 2.4577852961552935 2.117371566593647 3.3348995410830753
      vertex 2.482785296155299 2.117371566593647 3.29159827089385
    endloop
  endfacet
  facet normal 0.7767145741430266 -0.4422886995523345 0.44843636846504953
    outer loop
      vertex 2.4916969976567316 2.185194969177246 3.3544784710736053
      vertex 2.5016660535440707 2.149999998509884 3.3024990812547586
      vertex 2.5166969976567373 2.185194969177246 3.31117720088438
    endloop
  endfacet
  facet normal 0.7200738115549828 -0.5555702246792807 0.41573480893773185
    outer loop
      vertex 2.476666053544065 2.149999998509884 3.345800351443984
      vertex 2.482785296155299 2.117371566593647 3.29159827089385
      vertex 2.5016660535440707 2.149999998509884 3.3024990812547586
    endloop
  endfacet
  facet normal 0.8641711812218212 -0.06540305340095424 0.4989294641044105
    outer loop
      vertex 2.5092509819261295 2.2608421370387077 3.3646132686168926
      vertex 2.534250981926135 2.2608421370387077 3.3213119984276673
      vertex 2.511473669684406 2.2999999970197678 3.3658965379924553
    endloop
  endfacet
  facet normal 0.8493849672164879 -0.19509032939159623 0.49039263946813466
    outer loop
      vertex 2.5092509819261295 2.2608421370387077 3.3646132686168926
      vertex 2.502620942597787 2.2223542854189873 3.3607854136259334
      vertex 2.5276209425977925 2.2223542854189873 3.317484143436708
    endloop
  endfacet
  facet normal 0.8200655682398686 -0.3214393956095415 0.473465076576503
    outer loop
      vertex 2.4916969976567316 2.185194969177246 3.3544784710736053
      vertex 2.5166969976567373 2.185194969177246 3.31117720088438
      vertex 2.502620942597787 2.2223542854189873 3.3607854136259334
    endloop
  endfacet
  facet normal 0.8493849672164879 -0.19509032939159623 0.4903926394681347
    outer loop
      vertex 2.5092509819261295 2.2608421370387077 3.3646132686168926
      vertex 2.5276209425977925 2.2223542854189873 3.317484143436708
      vertex 2.534250981926135 2.2608421370387077 3.3213119984276673
    endloop
  endfacet
  facet normal 0.8641711812218212 -0.06540305340095426 0.4989294641044105
    outer loop
      vertex 2.534250981926135 2.2608421370387077 3.3213119984276673
      vertex 2.536473669684412 2.2999999970197678 3.32259526780323
      vertex 2.511473669684406 2.2999999970197678 3.3658965379924553
    endloop
  endfacet
  facet normal 0.8200655682398686 -0.32143939560954143 0.473465076576503
    outer loop
      vertex 2.5166969976567373 2.185194969177246 3.31117720088438
      vertex 2.5276209425977925 2.2223542854189873 3.317484143436708
      vertex 2.502620942597787 2.2223542854189873 3.3607854136259334
    endloop
  endfacet
  facet normal 0.866025403784406 0 0.5000000000000565
    outer loop
      vertex 2.511473669684406 2.2999999970197678 3.3658965379924553
      vertex 2.536473669684412 2.2999999970197678 3.32259526780323
      vertex 2.511473669684406 2.899999998509884 3.3658965379924553
    endloop
  endfacet
  facet normal 0.8660254037844061 0 0.5000000000000565
    outer loop
      vertex 2.536473669684412 2.2999999970197678 3.32259526780323
      vertex 2.536473669684412 2.7999999970197678 3.32259526780323
      vertex 2.511473669684406 2.899999998509884 3.3658965379924553
    endloop
  endfacet
  facet normal 0.8660254037844393 3.3360066425081514e-14 0.4999999999999987
    outer loop
      vertex 2.536473669684412 2.7999999970197678 3.32259526780323
      vertex 3.16147366819429 2.899999998509884 2.240063515653638
      vertex 2.511473669684406 2.899999998509884 3.3658965379924553
    endloop
  endfacet
  facet normal 0.8641711812218544 0.06540305340095424 0.49892946410435285
    outer loop
      vertex 2.511473669684406 2.899999998509884 3.3658965379924553
      vertex 3.1592509804360134 2.939157858490944 2.2387802462780755
      vertex 2.5092509819261295 2.939157858490944 3.3646132686168926
    endloop
  endfacet
  facet normal 0.8493849672165208 0.19509032939159623 0.4903926394680781
    outer loop
      vertex 2.5092509819261295 2.939157858490944 3.3646132686168926
      vertex 3.1526209411076707 2.9776457101106644 2.2349523912871163
      vertex 2.502620942597787 2.9776457101106644 3.3607854136259334
    endloop
  endfacet
  facet normal 0.8200655682399004 0.3214393956095415 0.4734650765764483
    outer loop
      vertex 2.502620942597787 2.9776457101106644 3.3607854136259334
      vertex 3.1416969961666155 3.0148050263524055 2.228645448734788
      vertex 2.4916969976567316 3.0148050263524055 3.3544784710736053
    endloop
  endfacet
  facet normal 0.7767145741430566 0.4422886995523345 0.44843636846499774
    outer loop
      vertex 2.4916969976567316 3.0148050263524055 3.3544784710736053
      vertex 3.126666052053949 3.0499999970197678 2.2199673291051667
      vertex 2.476666053544065 3.0499999970197678 3.345800351443984
    endloop
  endfacet
  facet normal 0.7200738115550106 0.5555702246792807 0.41573480893768394
    outer loop
      vertex 2.476666053544065 3.0499999970197678 3.345800351443984
      vertex 3.1077852946651774 3.0826284289360046 2.209066518744258
      vertex 2.4577852961552935 3.0826284289360046 3.3348995410830753
    endloop
  endfacet
  facet normal 0.6511123919786438 -0.6593457899178721 0.37591991478162784
    outer loop
      vertex 2.4577852961552935 2.117371566593647 3.3348995410830753
      vertex 2.4353777838565804 2.087867960333824 3.321962557825543
      vertex 2.460377783856586 2.087867960333824 3.278661287636318
    endloop
  endfacet
  facet normal 0.6511123919786438 -0.6593457899178721 0.37591991478162784
    outer loop
      vertex 2.4577852961552935 2.117371566593647 3.3348995410830753
      vertex 2.460377783856586 2.087867960333824 3.278661287636318
      vertex 2.482785296155299 2.117371566593647 3.29159827089385
    endloop
  endfacet
  facet normal 0.5710102039472819 -0.7518398295630607 0.329672894959036
    outer loop
      vertex 2.4353777838565804 2.087867960333824 3.321962557825543
      vertex 2.409826911332331 2.06199399381876 3.3072107546956317
      vertex 2.434826911332337 2.06199399381876 3.2639094845064065
    endloop
  endfacet
  facet normal 0.5710102039472819 -0.7518398295630606 0.32967289495903607
    outer loop
      vertex 2.4353777838565804 2.087867960333824 3.321962557825543
      vertex 2.434826911332337 2.06199399381876 3.2639094845064065
      vertex 2.460377783856586 2.087867960333824 3.278661287636318
    endloop
  endfacet
  facet normal 0.48113792815833434 -0.8314696178754722 0.277785112339595
    outer loop
      vertex 2.409826911332331 2.06199399381876 3.3072107546956317
      vertex 2.381569860407211 2.040192373096943 3.2908965387375133
      vertex 2.4065698604072168 2.040192373096943 3.247595268548288
    endloop
  endfacet
  facet normal 0.48113792815833434 -0.8314696178754724 0.2777851123395951
    outer loop
      vertex 2.409826911332331 2.06199399381876 3.3072107546956317
      vertex 2.4065698604072168 2.040192373096943 3.247595268548288
      vertex 2.434826911332337 2.06199399381876 3.2639094845064065
    endloop
  endfacet
  facet normal 0.3830332496190791 -0.896872736930004 0.22114434977618577
    outer loop
      vertex 2.381569860407211 2.040192373096943 3.2908965387375133
      vertex 2.3510901217238285 2.0228361338377 3.273299053403832
      vertex 2.376090121723834 2.0228361338377 3.229997783214607
    endloop
  endfacet
  facet normal 0.38303324961907914 -0.896872736930004 0.2211443497761858
    outer loop
      vertex 2.381569860407211 2.040192373096943 3.2908965387375133
      vertex 2.376090121723834 2.0228361338377 3.229997783214607
      vertex 2.4065698604072168 2.040192373096943 3.247595268548288
    endloop
  endfacet
  facet normal 0.27837468237489466 -0.946930153152928 0.16071969780474624
    outer loop
      vertex 2.3510901217238285 2.0228361338377 3.273299053403832
      vertex 2.3189092098712223 2.0102222487330437 3.2547193952829616
      vertex 2.343909209871228 2.0102222487330437 3.2114181250937364
    endloop
  endfacet
  facet normal 0.27837468237489466 -0.946930153152928 0.16071969780474624
    outer loop
      vertex 2.3510901217238285 2.0228361338377 3.273299053403832
      vertex 2.343909209871228 2.0102222487330437 3.2114181250937364
      vertex 2.376090121723834 2.0228361338377 3.229997783214607
    endloop
  endfacet
  facet normal 0.16895318128585993 -0.9807852789361424 0.09754516469584958
    outer loop
      vertex 2.3189092098712223 2.0102222487330437 3.2547193952829616
      vertex 2.285577752631454 2.0025665387511253 3.2354754694731014
      vertex 2.3105777526314597 2.0025665387511253 3.192174199283876
    endloop
  endfacet
  facet normal 0.16895318128585998 -0.9807852789361425 0.0975451646958496
    outer loop
      vertex 2.3189092098712223 2.0102222487330437 3.2547193952829616
      vertex 2.3105777526314597 2.0025665387511253 3.192174199283876
      vertex 2.343909209871228 2.0102222487330437 3.2114181250937364
    endloop
  endfacet
  facet normal 0.05664070573020965 -0.9978589282087148 0.03270152670043185
    outer loop
      vertex 2.285577752631454 2.0025665387511253 3.2354754694731014
      vertex 2.25166605113003 2 3.2158965394825714
      vertex 2.276666051130036 2 3.172595269293346
    endloop
  endfacet
  facet normal 0.056640705730209656 -0.9978589282087148 0.032701526700431846
    outer loop
      vertex 2.285577752631454 2.0025665387511253 3.2354754694731014
      vertex 2.276666051130036 2 3.172595269293346
      vertex 2.3105777526314597 2.0025665387511253 3.192174199283876
    endloop
  endfacet
  facet normal -0.5000000000001584 -1.199630722019134e-12 0.8660254037843472
    outer loop
      vertex 2.3189092098712223 3.189777746796608 3.2547193952829616
      vertex 2.285577752631454 3.1974334567785263 3.2354754694731014
      vertex 2.25166605113003 3.1999999955296516 3.2158965394825714
    endloop
  endfacet
  facet normal 0.6511123919786689 0.6593457899178721 0.3759199147815844
    outer loop
      vertex 2.4577852961552935 3.0826284289360046 3.3348995410830753
      vertex 3.0853777823664643 3.1121320351958275 2.196129535486726
      vertex 2.4353777838565804 3.1121320351958275 3.321962557825543
    endloop
  endfacet
  facet normal 0.5710102039473038 0.7518398295630605 0.32967289495899793
    outer loop
      vertex 2.4353777838565804 3.1121320351958275 3.321962557825543
      vertex 3.059826909842215 3.1380060017108917 2.1813777323568146
      vertex 2.409826911332331 3.1380060017108917 3.3072107546956317
    endloop
  endfacet
  facet normal 0.48113792815835293 0.8314696178754724 0.277785112339563
    outer loop
      vertex 2.409826911332331 3.1380060017108917 3.3072107546956317
      vertex 3.031569858917095 3.1598076224327087 2.165063516398696
      vertex 2.381569860407211 3.1598076224327087 3.2908965387375133
    endloop
  endfacet
  facet normal 0.3830332496190939 0.896872736930004 0.22114434977616024
    outer loop
      vertex 2.381569860407211 3.1598076224327087 3.2908965387375133
      vertex 3.0010901202337124 3.1771638616919518 2.147466031065015
      vertex 2.3510901217238285 3.1771638616919518 3.273299053403832
    endloop
  endfacet
  facet normal 0.27837468237490537 0.9469301531529281 0.16071969780472767
    outer loop
      vertex 2.3510901217238285 3.1771638616919518 3.273299053403832
      vertex 2.968909208381106 3.189777746796608 2.1288863729441445
      vertex 2.3189092098712223 3.189777746796608 3.2547193952829616
    endloop
  endfacet
  facet normal 0.16895318128586648 0.9807852789361426 0.09754516469583834
    outer loop
      vertex 2.3189092098712223 3.189777746796608 3.2547193952829616
      vertex 2.935577751141338 3.1974334567785263 2.1096424471342843
      vertex 2.285577752631454 3.1974334567785263 3.2354754694731014
    endloop
  endfacet
  facet normal 0.056640705730211814 0.9978589282087146 0.032701526700428064
    outer loop
      vertex 2.285577752631454 3.1974334567785263 3.2354754694731014
      vertex 2.901666049639914 3.1999999955296516 2.0900635171437543
      vertex 2.25166605113003 3.1999999955296516 3.2158965394825714
    endloop
  endfacet
  facet normal 0.8660254037844406 0 0.49999999999999645
    outer loop
      vertex 2.536473669684412 2.7999999970197678 3.32259526780323
      vertex 3.16147366819429 2.7999999970197678 2.240063515653638
      vertex 3.16147366819429 2.899999998509884 2.240063515653638
    endloop
  endfacet
  facet normal 0.8641711812218544 0.0654030534009549 0.49892946410435285
    outer loop
      vertex 2.511473669684406 2.899999998509884 3.3658965379924553
      vertex 3.16147366819429 2.899999998509884 2.240063515653638
      vertex 3.1592509804360134 2.939157858490944 2.2387802462780755
    endloop
  endfacet
  facet normal 0.8493849672165208 0.19509032939159643 0.4903926394680781
    outer loop
      vertex 2.5092509819261295 2.939157858490944 3.3646132686168926
      vertex 3.1592509804360134 2.939157858490944 2.2387802462780755
      vertex 3.1526209411076707 2.9776457101106644 2.2349523912871163
    endloop
  endfacet
  facet normal 0.8200655682399003 0.3214393956095418 0.47346507657644826
    outer loop
      vertex 2.502620942597787 2.9776457101106644 3.3607854136259334
      vertex 3.1526209411076707 2.9776457101106644 2.2349523912871163
      vertex 3.1416969961666155 3.0148050263524055 2.228645448734788
    endloop
  endfacet
  facet normal 0.7767145741430566 0.44228869955233446 0.44843636846499774
    outer loop
      vertex 2.4916969976567316 3.0148050263524055 3.3544784710736053
      vertex 3.1416969961666155 3.0148050263524055 2.228645448734788
      vertex 3.126666052053949 3.0499999970197678 2.2199673291051667
    endloop
  endfacet
  facet normal 0.7200738115550102 0.5555702246792815 0.41573480893768366
    outer loop
      vertex 2.476666053544065 3.0499999970197678 3.345800351443984
      vertex 3.126666052053949 3.0499999970197678 2.2199673291051667
      vertex 3.1077852946651774 3.0826284289360046 2.209066518744258
    endloop
  endfacet
  facet normal 0.6511123919786688 0.6593457899178722 0.3759199147815843
    outer loop
      vertex 2.4577852961552935 3.0826284289360046 3.3348995410830753
      vertex 3.1077852946651774 3.0826284289360046 2.209066518744258
      vertex 3.0853777823664643 3.1121320351958275 2.196129535486726
    endloop
  endfacet
  facet normal 0.5710102039473041 0.7518398295630605 0.329672894958998
    outer loop
      vertex 2.4353777838565804 3.1121320351958275 3.321962557825543
      vertex 3.0853777823664643 3.1121320351958275 2.196129535486726
      vertex 3.059826909842215 3.1380060017108917 2.1813777323568146
    endloop
  endfacet
  facet normal 0.4811379281583529 0.8314696178754724 0.27778511233956293
    outer loop
      vertex 2.409826911332331 3.1380060017108917 3.3072107546956317
      vertex 3.059826909842215 3.1380060017108917 2.1813777323568146
      vertex 3.031569858917095 3.1598076224327087 2.165063516398696
    endloop
  endfacet
  facet normal 0.3830332496190935 0.8968727369300041 0.22114434977616002
    outer loop
      vertex 2.381569860407211 3.1598076224327087 3.2908965387375133
      vertex 3.031569858917095 3.1598076224327087 2.165063516398696
      vertex 3.0010901202337124 3.1771638616919518 2.147466031065015
    endloop
  endfacet
  facet normal 0.27837468237490554 0.946930153152928 0.16071969780472775
    outer loop
      vertex 2.3510901217238285 3.1771638616919518 3.273299053403832
      vertex 3.0010901202337124 3.1771638616919518 2.147466031065015
      vertex 2.968909208381106 3.189777746796608 2.1288863729441445
    endloop
  endfacet
  facet normal 0.16895318128586637 0.9807852789361426 0.09754516469583827
    outer loop
      vertex 2.3189092098712223 3.189777746796608 3.2547193952829616
      vertex 2.968909208381106 3.189777746796608 2.1288863729441445
      vertex 2.935577751141338 3.1974334567785263 2.1096424471342843
    endloop
  endfacet
  facet normal 0.05664070573021186 0.9978589282087146 0.03270152670042809
    outer loop
      vertex 2.285577752631454 3.1974334567785263 3.2354754694731014
      vertex 2.935577751141338 3.1974334567785263 2.1096424471342843
      vertex 2.901666049639914 3.1999999955296516 2.0900635171437543
    endloop
  endfacet
  facet normal 0 -1 0
    outer loop
      vertex 2.25166605113003 2 3.2158965394825714
      vertex 1.0209292130616205 2 2.447595267803223
      vertex 2.276666051130036 2 3.172595269293346
    endloop
  endfacet
  facet normal 0 1 0
    outer loop
      vertex 2.25166605113003 3.1999999955296516 3.2158965394825714
      vertex 2.901666049639914 3.1999999955296516 2.0900635171437543
      vertex 2.447659697602944 3.1999999955296516 2.3764255798702862
    endloop
  endfacet
  facet normal -0.4999999999999967 6.29780609969725e-14 0.8660254037844406
    outer loop
      vertex 2.4916969976567316 2.185194969177246 3.3544784710736053
      vertex 2.502620942597787 2.2223542854189873 3.3607854136259334
      vertex 0 2.2999999970197678 1.9158965387375133
    endloop
  endfacet
  facet normal -0.4999999999999993 1.848397936285781e-14 0.866025403784439
    outer loop
      vertex 2.4916969976567316 2.185194969177246 3.3544784710736053
      vertex 0.00222268775827672 2.2608421370387077 1.917179808113076
      vertex 2.476666053544065 2.149999998509884 3.345800351443984
    endloop
  endfacet
  facet normal -0.50000000000001 -5.829641002494496e-14 0.8660254037844328
    outer loop
      vertex 2.5092509819261295 2.2608421370387077 3.3646132686168926
      vertex 0 2.899999998509884 1.9158965387375133
      vertex 2.502620942597787 2.2223542854189873 3.3607854136259334
    endloop
  endfacet
  facet normal -0.4999999999999869 6.275497944269159e-14 0.8660254037844461
    outer loop
      vertex 2.5092509819261295 2.2608421370387077 3.3646132686168926
      vertex 2.511473669684406 2.2999999970197678 3.3658965379924553
      vertex 0.00222268775827672 2.939157858490944 1.917179808113076
    endloop
  endfacet
  facet normal -0.5000000000000008 -7.363304649409834e-15 0.8660254037844382
    outer loop
      vertex 2.4577852961552935 2.117371566593647 3.3348995410830753
      vertex 0.019776672027674636 2.185194969177246 1.9273146056563633
      vertex 2.4353777838565804 2.087867960333824 3.321962557825543
    endloop
  endfacet
  facet normal -0.49999999999999756 7.044939084297737e-14 0.86602540378444
    outer loop
      vertex 2.476666053544065 2.149999998509884 3.345800351443984
      vertex 0.008852727086619439 2.2223542854189873 1.9210076631040351
      vertex 2.4577852961552935 2.117371566593647 3.3348995410830753
    endloop
  endfacet
  facet normal -0.5000000000000047 -2.0471164324952517e-13 0.8660254037844359
    outer loop
      vertex 2.4353777838565804 2.087867960333824 3.321962557825543
      vertex 0.034807616140341224 2.149999998509884 1.9359927252859848
      vertex 2.409826911332331 2.06199399381876 3.3072107546956317
    endloop
  endfacet
  facet normal -0.49999999999999667 1.7732907473471066e-13 0.8660254037844407
    outer loop
      vertex 2.409826911332331 2.06199399381876 3.3072107546956317
      vertex 0.05368837352911271 2.117371566593647 1.9468935356468933
      vertex 2.381569860407211 2.040192373096943 3.2908965387375133
    endloop
  endfacet
  facet normal -0.5000000000000016 -3.1881278866484265e-14 0.8660254037844379
    outer loop
      vertex 2.381569860407211 2.040192373096943 3.2908965387375133
      vertex 0.07609588582782578 2.087867960333824 1.9598305189044254
      vertex 2.3510901217238285 2.0228361338377 3.273299053403832
    endloop
  endfacet
  facet normal -0.4999999999999997 -5.515619424342024e-14 0.8660254037844388
    outer loop
      vertex 2.3510901217238285 2.0228361338377 3.273299053403832
      vertex 0.10164675835207504 2.06199399381876 1.9745823220343368
      vertex 2.3189092098712223 2.0102222487330437 3.2547193952829616
    endloop
  endfacet
  facet normal -0.4999999999999974 2.653133297156135e-13 0.8660254037844402
    outer loop
      vertex 2.3189092098712223 2.0102222487330437 3.2547193952829616
      vertex 0.12990380927719514 2.040192373096943 1.9908965379924553
      vertex 2.285577752631454 2.0025665387511253 3.2354754694731014
    endloop
  endfacet
  facet normal -0.5000000000000105 -1.4020824041257059e-12 0.8660254037844325
    outer loop
      vertex 2.285577752631454 2.0025665387511253 3.2354754694731014
      vertex 0.16038354796057774 2.0228361338377 2.0084940233261364
      vertex 2.25166605113003 2 3.2158965394825714
    endloop
  endfacet
  facet normal -0.4999999999999982 0 0.8660254037844398
    outer loop
      vertex 2.511473669684406 2.2999999970197678 3.3658965379924553
      vertex 2.511473669684406 2.899999998509884 3.3658965379924553
      vertex 0.008852727086619439 2.9776457101106644 1.9210076631040351
    endloop
  endfacet
  facet normal -0.5000000000000011 -6.383123882219309e-14 0.8660254037844382
    outer loop
      vertex 2.511473669684406 2.899999998509884 3.3658965379924553
      vertex 2.5092509819261295 2.939157858490944 3.3646132686168926
      vertex 0.019776672027674636 3.0148050263524055 1.9273146056563633
    endloop
  endfacet
  facet normal -0.4999999999999978 6.112519670287921e-14 0.8660254037844399
    outer loop
      vertex 2.5092509819261295 2.939157858490944 3.3646132686168926
      vertex 2.502620942597787 2.9776457101106644 3.3607854136259334
      vertex 0.034807616140341224 3.0499999970197678 1.9359927252859848
    endloop
  endfacet
  facet normal -0.500000000000002 -6.50390028590283e-14 0.8660254037844376
    outer loop
      vertex 2.502620942597787 2.9776457101106644 3.3607854136259334
      vertex 2.4916969976567316 3.0148050263524055 3.3544784710736053
      vertex 0.05368837352911271 3.0826284289360046 1.9468935356468933
    endloop
  endfacet
  facet normal -0.5000000000000011 -1.956239623993886e-14 0.866025403784438
    outer loop
      vertex 2.4916969976567316 3.0148050263524055 3.3544784710736053
      vertex 2.476666053544065 3.0499999970197678 3.345800351443984
      vertex 0.07609588582782578 3.1121320351958275 1.9598305189044254
    endloop
  endfacet
  facet normal -0.500000000000001 -7.310337109467349e-14 0.866025403784438
    outer loop
      vertex 2.476666053544065 3.0499999970197678 3.345800351443984
      vertex 2.4577852961552935 3.0826284289360046 3.3348995410830753
      vertex 0.10164675835207504 3.1380060017108917 1.9745823220343368
    endloop
  endfacet
  facet normal -0.5000000000000008 7.270186523853043e-15 0.8660254037844382
    outer loop
      vertex 2.4577852961552935 3.0826284289360046 3.3348995410830753
      vertex 2.4353777838565804 3.1121320351958275 3.321962557825543
      vertex 0.12990380927719514 3.1598076224327087 1.9908965379924553
    endloop
  endfacet
  facet normal -0.4999999999999962 2.1599143779706287e-13 0.8660254037844409
    outer loop
      vertex 2.4353777838565804 3.1121320351958275 3.321962557825543
      vertex 2.409826911332331 3.1380060017108917 3.3072107546956317
      vertex 0.16038354796057774 3.1771638616919518 2.0084940233261364
    endloop
  endfacet
  facet normal -0.5000000000000019 -1.8677581378890842e-13 0.8660254037844375
    outer loop
      vertex 2.409826911332331 3.1380060017108917 3.3072107546956317
      vertex 2.381569860407211 3.1598076224327087 3.2908965387375133
      vertex 0.19256445981318393 3.189777746796608 2.027073681447007
    endloop
  endfacet
  facet normal -0.5000000000000003 3.4464008621438825e-14 0.8660254037844385
    outer loop
      vertex 2.381569860407211 3.1598076224327087 3.2908965387375133
      vertex 2.3510901217238285 3.1771638616919518 3.273299053403832
      vertex 0.2258959170529522 3.1974334567785263 2.046317607256867
    endloop
  endfacet
  facet normal -0.49999999999999867 5.881709744929959e-14 0.8660254037844394
    outer loop
      vertex 2.3510901217238285 3.1771638616919518 3.273299053403832
      vertex 2.3189092098712223 3.189777746796608 3.2547193952829616
      vertex 0.25980761855437606 3.1999999955296516 2.065896537247397
    endloop
  endfacet
  facet normal -0.49999999999999806 2.054117136341486e-13 0.8660254037844397
    outer loop
      vertex 2.3189092098712223 3.189777746796608 3.2547193952829616
      vertex 2.25166605113003 3.1999999955296516 3.2158965394825714
      vertex 0.25980761855437606 3.1999999955296516 2.065896537247397
    endloop
  endfacet
  facet normal 0 1 0
    outer loop
      vertex 2.25166605113003 3.1999999955296516 3.2158965394825714
      vertex 2.447659697602944 3.1999999955296516 2.3764255798702862
      vertex 0.888813970790963 3.1999999955296516 1.4764255798702877
    endloop
  endfacet
  facet normal 0 1 0
    outer loop
      vertex 2.901666049639914 3.1999999955296516 2.0900635171437543
      vertex 2.6851596961128337 3.1999999955296516 1.9650635156536325
      vertex 2.447659697602944 3.1999999955296516 2.3764255798702862
    endloop
  endfacet
  facet normal 0 -1 0
    outer loop
      vertex 2.25166605113003 2 3.2158965394825714
      vertex 0.25980761855437606 2 2.065896537247397
      vertex 1.0209292130616205 2 2.447595267803223
    endloop
  endfacet
  facet normal -0.49999999999999806 2.0777276781385143e-13 0.8660254037844397
    outer loop
      vertex 2.25166605113003 2 3.2158965394825714
      vertex 0.19256445981318393 2.0102222487330437 2.027073681447007
      vertex 0.25980761855437606 2 2.065896537247397
    endloop
  endfacet
  facet normal -0.49999999999999867 5.998875277697488e-14 0.8660254037844394
    outer loop
      vertex 2.25166605113003 2 3.2158965394825714
      vertex 0.16038354796057774 2.0228361338377 2.0084940233261364
      vertex 0.19256445981318393 2.0102222487330437 2.027073681447007
    endloop
  endfacet
  facet normal -0.5000000000000003 3.18129310351743e-14 0.8660254037844385
    outer loop
      vertex 2.285577752631454 2.0025665387511253 3.2354754694731014
      vertex 0.12990380927719514 2.040192373096943 1.9908965379924553
      vertex 0.16038354796057774 2.0228361338377 2.0084940233261364
    endloop
  endfacet
  facet normal -0.5000000000000019 -1.8049440344185522e-13 0.8660254037844375
    outer loop
      vertex 2.3189092098712223 2.0102222487330437 3.2547193952829616
      vertex 0.10164675835207504 2.06199399381876 1.9745823220343368
      vertex 0.12990380927719514 2.040192373096943 1.9908965379924553
    endloop
  endfacet
  facet normal -0.4999999999999962 2.218744730678e-13 0.8660254037844408
    outer loop
      vertex 2.3510901217238285 2.0228361338377 3.273299053403832
      vertex 0.07609588582782578 2.087867960333824 1.9598305189044254
      vertex 0.10164675835207504 2.06199399381876 1.9745823220343368
    endloop
  endfacet
  facet normal -0.5000000000000008 5.744344907735738e-15 0.8660254037844382
    outer loop
      vertex 2.381569860407211 2.040192373096943 3.2908965387375133
      vertex 0.05368837352911271 2.117371566593647 1.9468935356468933
      vertex 0.07609588582782578 2.087867960333824 1.9598305189044254
    endloop
  endfacet
  facet normal -0.4999999999999982 0 0.8660254037844398
    outer loop
      vertex 2.502620942597787 2.2223542854189873 3.3607854136259334
      vertex 0 2.899999998509884 1.9158965387375133
      vertex 0 2.2999999970197678 1.9158965387375133
    endloop
  endfacet
  facet normal -0.4999999999999867 6.173386869943311e-14 0.8660254037844463
    outer loop
      vertex 2.5092509819261295 2.2608421370387077 3.3646132686168926
      vertex 0.00222268775827672 2.939157858490944 1.917179808113076
      vertex 0 2.899999998509884 1.9158965387375133
    endloop
  endfacet
  facet normal -0.5000000000000098 -6.103836796067854e-14 0.866025403784433
    outer loop
      vertex 2.511473669684406 2.2999999970197678 3.3658965379924553
      vertex 0.008852727086619439 2.9776457101106644 1.9210076631040351
      vertex 0.00222268775827672 2.939157858490944 1.917179808113076
    endloop
  endfacet
  facet normal -0.4999999999999975 7.044939084297736e-14 0.86602540378444
    outer loop
      vertex 2.502620942597787 2.9776457101106644 3.3607854136259334
      vertex 0.05368837352911271 3.0826284289360046 1.9468935356468933
      vertex 0.034807616140341224 3.0499999970197678 1.9359927252859848
    endloop
  endfacet
  facet normal -0.4999999999999991 1.7332962332936256e-14 0.8660254037844392
    outer loop
      vertex 2.5092509819261295 2.939157858490944 3.3646132686168926
      vertex 0.034807616140341224 3.0499999970197678 1.9359927252859848
      vertex 0.019776672027674636 3.0148050263524055 1.9273146056563633
    endloop
  endfacet
  facet normal -0.4999999999999967 6.14732471348181e-14 0.8660254037844406
    outer loop
      vertex 2.511473669684406 2.899999998509884 3.3658965379924553
      vertex 0.019776672027674636 3.0148050263524055 1.9273146056563633
      vertex 0.008852727086619439 2.9776457101106644 1.9210076631040351
    endloop
  endfacet
  facet normal -0.4999999999999997 -6.488964028637676e-14 0.8660254037844388
    outer loop
      vertex 2.409826911332331 3.1380060017108917 3.3072107546956317
      vertex 0.19256445981318393 3.189777746796608 2.027073681447007
      vertex 0.16038354796057774 3.1771638616919518 2.0084940233261364
    endloop
  endfacet
  facet normal -0.5000000000000109 -1.4402409622282208e-12 0.8660254037844323
    outer loop
      vertex 2.3510901217238285 3.1771638616919518 3.273299053403832
      vertex 0.25980761855437606 3.1999999955296516 2.065896537247397
      vertex 0.2258959170529522 3.1974334567785263 2.046317607256867
    endloop
  endfacet
  facet normal -0.49999999999999745 2.598987719663153e-13 0.8660254037844402
    outer loop
      vertex 2.381569860407211 3.1598076224327087 3.2908965387375133
      vertex 0.2258959170529522 3.1974334567785263 2.046317607256867
      vertex 0.19256445981318393 3.189777746796608 2.027073681447007
    endloop
  endfacet
  facet normal -0.5000000000000013 -2.7823661556204442e-14 0.8660254037844378
    outer loop
      vertex 2.4353777838565804 3.1121320351958275 3.321962557825543
      vertex 0.16038354796057774 3.1771638616919518 2.0084940233261364
      vertex 0.12990380927719514 3.1598076224327087 1.9908965379924553
    endloop
  endfacet
  facet normal -0.4999999999999967 1.7437737438701384e-13 0.8660254037844406
    outer loop
      vertex 2.4577852961552935 3.0826284289360046 3.3348995410830753
      vertex 0.12990380927719514 3.1598076224327087 1.9908965379924553
      vertex 0.10164675835207504 3.1380060017108917 1.9745823220343368
    endloop
  endfacet
  facet normal -0.5000000000000047 -2.05277666226252e-13 0.8660254037844358
    outer loop
      vertex 2.476666053544065 3.0499999970197678 3.345800351443984
      vertex 0.10164675835207504 3.1380060017108917 1.9745823220343368
      vertex 0.07609588582782578 3.1121320351958275 1.9598305189044254
    endloop
  endfacet
  facet normal -0.5000000000000007 -5.236127750691437e-15 0.8660254037844383
    outer loop
      vertex 2.4916969976567316 3.0148050263524055 3.3544784710736053
      vertex 0.07609588582782578 3.1121320351958275 1.9598305189044254
      vertex 0.05368837352911271 3.0826284289360046 1.9468935356468933
    endloop
  endfacet
  facet normal 0 1 0
    outer loop
      vertex 2.25166605113003 3.1999999955296516 3.2158965394825714
      vertex 0.888813970790963 3.1999999955296516 1.4764255798702877
      vertex 0.25980761855437606 3.1999999955296516 2.065896537247397
    endloop
  endfacet
  facet normal -0.500000000000001 -7.607505284648946e-14 0.866025403784438
    outer loop
      vertex 2.409826911332331 2.06199399381876 3.3072107546956317
      vertex 0.034807616140341224 2.149999998509884 1.9359927252859848
      vertex 0.05368837352911271 2.117371566593647 1.9468935356468933
    endloop
  endfacet
  facet normal -0.5000000000000011 -1.841166704935422e-14 0.866025403784438
    outer loop
      vertex 2.4353777838565804 2.087867960333824 3.321962557825543
      vertex 0.019776672027674636 2.185194969177246 1.9273146056563633
      vertex 0.034807616140341224 2.149999998509884 1.9359927252859848
    endloop
  endfacet
  facet normal -0.500000000000002 -6.420302595852666e-14 0.8660254037844374
    outer loop
      vertex 2.4577852961552935 2.117371566593647 3.3348995410830753
      vertex 0.008852727086619439 2.2223542854189873 1.9210076631040351
      vertex 0.019776672027674636 2.185194969177246 1.9273146056563633
    endloop
  endfacet
  facet normal -0.4999999999999978 6.104571010118496e-14 0.8660254037844399
    outer loop
      vertex 2.476666053544065 2.149999998509884 3.345800351443984
      vertex 0.00222268775827672 2.2608421370387077 1.917179808113076
      vertex 0.008852727086619439 2.2223542854189873 1.9210076631040351
    endloop
  endfacet
  facet normal -0.5000000000000011 -6.718509011528734e-14 0.8660254037844382
    outer loop
      vertex 2.4916969976567316 2.185194969177246 3.3544784710736053
      vertex 0 2.2999999970197678 1.9158965387375133
      vertex 0.00222268775827672 2.2608421370387077 1.917179808113076
    endloop
  endfacet
  facet normal 0 -1 0
    outer loop
      vertex 1.0209292130616205 2 2.447595267803223
      vertex 0.25980761855437606 2 2.065896537247397
      vertex 1.6459292115714987 2 1.365063515653631
    endloop
  endfacet
  facet normal 0 -1 0
    outer loop
      vertex 1.6459292115714987 2 1.365063515653631
      vertex 0.25980761855437606 2 2.065896537247397
      vertex 0.9098076170642599 2 0.9400635149085801
    endloop
  endfacet
  facet normal 0 1 0
    outer loop
      vertex 0.888813970790963 3.1999999955296516 1.4764255798702877
      vertex 1.1263139693008526 3.1999999955296516 1.0650635156536339
      vertex 0.25980761855437606 3.1999999955296516 2.065896537247397
    endloop
  endfacet
  facet normal -0.5000000000001583 -1.1996307220191337e-12 0.8660254037843472
    outer loop
      vertex 0.25980761855437606 2 2.065896537247397
      vertex 0.19256445981318393 2.0102222487330437 2.027073681447007
      vertex 0.2258959170529522 2.0025665387511253 2.046317607256867
    endloop
  endfacet
  facet normal -0.056640705730211814 -0.9978589282087146 -0.032701526700428064
    outer loop
      vertex 0.25980761855437606 2 2.065896537247397
      vertex 0.2258959170529522 2.0025665387511253 2.046317607256867
      vertex 0.9098076170642599 2 0.9400635149085801
    endloop
  endfacet
  facet normal -0.16895318128586648 -0.9807852789361426 -0.09754516469583834
    outer loop
      vertex 0.2258959170529522 2.0025665387511253 2.046317607256867
      vertex 0.19256445981318393 2.0102222487330437 2.027073681447007
      vertex 0.8758959155628361 2.0025665387511253 0.9204845849180501
    endloop
  endfacet
  facet normal -0.27837468237490537 -0.9469301531529281 -0.16071969780472767
    outer loop
      vertex 0.19256445981318393 2.0102222487330437 2.027073681447007
      vertex 0.16038354796057774 2.0228361338377 2.0084940233261364
      vertex 0.8425644583230678 2.0102222487330437 0.9012406591081898
    endloop
  endfacet
  facet normal -0.3830332496190939 -0.896872736930004 -0.22114434977616024
    outer loop
      vertex 0.16038354796057774 2.0228361338377 2.0084940233261364
      vertex 0.12990380927719514 2.040192373096943 1.9908965379924553
      vertex 0.8103835464704616 2.0228361338377 0.8826610009873193
    endloop
  endfacet
  facet normal -0.056640705730211814 0.9978589282087146 -0.032701526700428064
    outer loop
      vertex 0.25980761855437606 3.1999999955296516 2.065896537247397
      vertex 0.8758959155628361 3.1974334567785263 0.9204845849180501
      vertex 0.2258959170529522 3.1974334567785263 2.046317607256867
    endloop
  endfacet
  facet normal -0.16895318128586648 0.9807852789361426 -0.09754516469583834
    outer loop
      vertex 0.2258959170529522 3.1974334567785263 2.046317607256867
      vertex 0.8425644583230678 3.189777746796608 0.9012406591081898
      vertex 0.19256445981318393 3.189777746796608 2.027073681447007
    endloop
  endfacet
  facet normal -0.27837468237490537 0.9469301531529281 -0.16071969780472767
    outer loop
      vertex 0.19256445981318393 3.189777746796608 2.027073681447007
      vertex 0.8103835464704616 3.1771638616919518 0.8826610009873193
      vertex 0.16038354796057774 3.1771638616919518 2.0084940233261364
    endloop
  endfacet
  facet normal -0.3830332496190939 0.896872736930004 -0.22114434977616024
    outer loop
      vertex 0.16038354796057774 3.1771638616919518 2.0084940233261364
      vertex 0.779903807787079 3.1598076224327087 0.8650635156536381
      vertex 0.12990380927719514 3.1598076224327087 1.9908965379924553
    endloop
  endfacet
  facet normal -0.48113792815835293 -0.8314696178754724 -0.277785112339563
    outer loop
      vertex 0.12990380927719514 2.040192373096943 1.9908965379924553
      vertex 0.10164675835207504 2.06199399381876 1.9745823220343368
      vertex 0.779903807787079 2.040192373096943 0.8650635156536381
    endloop
  endfacet
  facet normal -0.5710102039473038 -0.7518398295630607 -0.32967289495899793
    outer loop
      vertex 0.10164675835207504 2.06199399381876 1.9745823220343368
      vertex 0.07609588582782578 2.087867960333824 1.9598305189044254
      vertex 0.7516467568619589 2.06199399381876 0.8487492996955197
    endloop
  endfacet
  facet normal -0.6511123919786689 -0.6593457899178721 -0.3759199147815844
    outer loop
      vertex 0.07609588582782578 2.087867960333824 1.9598305189044254
      vertex 0.05368837352911271 2.117371566593647 1.9468935356468933
      vertex 0.7260958843377097 2.087867960333824 0.8339974965656083
    endloop
  endfacet
  facet normal -0.7200738115550106 -0.5555702246792807 -0.41573480893768394
    outer loop
      vertex 0.05368837352911271 2.117371566593647 1.9468935356468933
      vertex 0.034807616140341224 2.149999998509884 1.9359927252859848
      vertex 0.7036883720389966 2.117371566593647 0.8210605133080762
    endloop
  endfacet
  facet normal -0.7767145741430566 -0.4422886995523345 -0.44843636846499774
    outer loop
      vertex 0.034807616140341224 2.149999998509884 1.9359927252859848
      vertex 0.019776672027674636 2.185194969177246 1.9273146056563633
      vertex 0.6848076146502251 2.149999998509884 0.8101597029471677
    endloop
  endfacet
  facet normal -0.8200655682399004 -0.3214393956095415 -0.4734650765764483
    outer loop
      vertex 0.019776672027674636 2.185194969177246 1.9273146056563633
      vertex 0.008852727086619439 2.2223542854189873 1.9210076631040351
      vertex 0.6697766705375585 2.185194969177246 0.8014815833175462
    endloop
  endfacet
  facet normal -0.8493849672165208 -0.19509032939159623 -0.4903926394680781
    outer loop
      vertex 0.008852727086619439 2.2223542854189873 1.9210076631040351
      vertex 0.00222268775827672 2.2608421370387077 1.917179808113076
      vertex 0.6588527255965033 2.2223542854189873 0.795174640765218
    endloop
  endfacet
  facet normal -0.8641711812218544 -0.06540305340095424 -0.49892946410435285
    outer loop
      vertex 0.00222268775827672 2.2608421370387077 1.917179808113076
      vertex 0 2.2999999970197678 1.9158965387375133
      vertex 0.6522226862681606 2.2608421370387077 0.7913467857742589
    endloop
  endfacet
  facet normal -0.8660254037844394 0 -0.4999999999999988
    outer loop
      vertex 0 2.2999999970197678 1.9158965387375133
      vertex 0 2.899999998509884 1.9158965387375133
      vertex 0.6499999985098839 2.2999999970197678 0.7900635163986962
    endloop
  endfacet
  facet normal -0.7200738115550106 0.5555702246792807 -0.41573480893768394
    outer loop
      vertex 0.034807616140341224 3.0499999970197678 1.9359927252859848
      vertex 0.05368837352911271 3.0826284289360046 1.9468935356468933
      vertex 0.6848076146502251 3.0499999970197678 0.8101597029471677
    endloop
  endfacet
  facet normal -0.7767145741430566 0.4422886995523345 -0.44843636846499774
    outer loop
      vertex 0.034807616140341224 3.0499999970197678 1.9359927252859848
      vertex 0.6697766705375585 3.0148050263524055 0.8014815833175462
      vertex 0.019776672027674636 3.0148050263524055 1.9273146056563633
    endloop
  endfacet
  facet normal -0.48113792815835293 0.8314696178754724 -0.277785112339563
    outer loop
      vertex 0.12990380927719514 3.1598076224327087 1.9908965379924553
      vertex 0.7516467568619589 3.1380060017108917 0.8487492996955197
      vertex 0.10164675835207504 3.1380060017108917 1.9745823220343368
    endloop
  endfacet
  facet normal -0.5710102039473038 0.7518398295630605 -0.32967289495899793
    outer loop
      vertex 0.10164675835207504 3.1380060017108917 1.9745823220343368
      vertex 0.7260958843377097 3.1121320351958275 0.8339974965656083
      vertex 0.07609588582782578 3.1121320351958275 1.9598305189044254
    endloop
  endfacet
  facet normal -0.6511123919786689 0.6593457899178721 -0.3759199147815844
    outer loop
      vertex 0.07609588582782578 3.1121320351958275 1.9598305189044254
      vertex 0.7036883720389966 3.0826284289360046 0.8210605133080762
      vertex 0.05368837352911271 3.0826284289360046 1.9468935356468933
    endloop
  endfacet
  facet normal -0.8493849672165208 0.19509032939159623 -0.4903926394680781
    outer loop
      vertex 0.00222268775827672 2.939157858490944 1.917179808113076
      vertex 0.008852727086619439 2.9776457101106644 1.9210076631040351
      vertex 0.6522226862681606 2.939157858490944 0.7913467857742589
    endloop
  endfacet
  facet normal -0.8641711812218544 0.06540305340095424 -0.49892946410435285
    outer loop
      vertex 0 2.899999998509884 1.9158965387375133
      vertex 0.00222268775827672 2.939157858490944 1.917179808113076
      vertex 0.6499999985098839 2.899999998509884 0.7900635163986962
    endloop
  endfacet
  facet normal -0.8200655682399004 0.3214393956095415 -0.4734650765764483
    outer loop
      vertex 0.019776672027674636 3.0148050263524055 1.9273146056563633
      vertex 0.6588527255965033 2.9776457101106644 0.795174640765218
      vertex 0.008852727086619439 2.9776457101106644 1.9210076631040351
    endloop
  endfacet
  facet normal -0.05664070573021186 -0.9978589282087146 -0.03270152670042809
    outer loop
      vertex 0.2258959170529522 2.0025665387511253 2.046317607256867
      vertex 0.8758959155628361 2.0025665387511253 0.9204845849180501
      vertex 0.9098076170642599 2 0.9400635149085801
    endloop
  endfacet
  facet normal -0.16895318128586673 -0.9807852789361424 -0.09754516469583847
    outer loop
      vertex 0.19256445981318393 2.0102222487330437 2.027073681447007
      vertex 0.8425644583230678 2.0102222487330437 0.9012406591081898
      vertex 0.8758959155628361 2.0025665387511253 0.9204845849180501
    endloop
  endfacet
  facet normal -0.27837468237490554 -0.946930153152928 -0.16071969780472775
    outer loop
      vertex 0.16038354796057774 2.0228361338377 2.0084940233261364
      vertex 0.8103835464704616 2.0228361338377 0.8826610009873193
      vertex 0.8425644583230678 2.0102222487330437 0.9012406591081898
    endloop
  endfacet
  facet normal -0.3830332496190935 -0.8968727369300041 -0.22114434977616002
    outer loop
      vertex 0.12990380927719514 2.040192373096943 1.9908965379924553
      vertex 0.779903807787079 2.040192373096943 0.8650635156536381
      vertex 0.8103835464704616 2.0228361338377 0.8826610009873193
    endloop
  endfacet
  facet normal 0 1 0
    outer loop
      vertex 1.1263139693008526 3.1999999955296516 1.0650635156536339
      vertex 0.9098076170642599 3.1999999955296516 0.9400635149085801
      vertex 0.25980761855437606 3.1999999955296516 2.065896537247397
    endloop
  endfacet
  facet normal -0.05664070573021186 0.9978589282087146 -0.03270152670042809
    outer loop
      vertex 0.25980761855437606 3.1999999955296516 2.065896537247397
      vertex 0.9098076170642599 3.1999999955296516 0.9400635149085801
      vertex 0.8758959155628361 3.1974334567785263 0.9204845849180501
    endloop
  endfacet
  facet normal -0.16895318128586637 0.9807852789361426 -0.09754516469583827
    outer loop
      vertex 0.2258959170529522 3.1974334567785263 2.046317607256867
      vertex 0.8758959155628361 3.1974334567785263 0.9204845849180501
      vertex 0.8425644583230678 3.189777746796608 0.9012406591081898
    endloop
  endfacet
  facet normal -0.27837468237490554 0.946930153152928 -0.16071969780472775
    outer loop
      vertex 0.19256445981318393 3.189777746796608 2.027073681447007
      vertex 0.8425644583230678 3.189777746796608 0.9012406591081898
      vertex 0.8103835464704616 3.1771638616919518 0.8826610009873193
    endloop
  endfacet
  facet normal -0.3830332496190935 0.8968727369300041 -0.22114434977616002
    outer loop
      vertex 0.16038354796057774 3.1771638616919518 2.0084940233261364
      vertex 0.8103835464704616 3.1771638616919518 0.8826610009873193
      vertex 0.779903807787079 3.1598076224327087 0.8650635156536381
    endloop
  endfacet
  facet normal -0.4811379281583529 -0.8314696178754724 -0.27778511233956293
    outer loop
      vertex 0.10164675835207504 2.06199399381876 1.9745823220343368
      vertex 0.7516467568619589 2.06199399381876 0.8487492996955197
      vertex 0.779903807787079 2.040192373096943 0.8650635156536381
    endloop
  endfacet
  facet normal -0.5710102039473041 -0.7518398295630605 -0.329672894958998
    outer loop
      vertex 0.07609588582782578 2.087867960333824 1.9598305189044254
      vertex 0.7260958843377097 2.087867960333824 0.8339974965656083
      vertex 0.7516467568619589 2.06199399381876 0.8487492996955197
    endloop
  endfacet
  facet normal -0.6511123919786688 -0.6593457899178722 -0.3759199147815843
    outer loop
      vertex 0.05368837352911271 2.117371566593647 1.9468935356468933
      vertex 0.7036883720389966 2.117371566593647 0.8210605133080762
      vertex 0.7260958843377097 2.087867960333824 0.8339974965656083
    endloop
  endfacet
  facet normal -0.7200738115550109 -0.55557022467928 -0.4157348089376841
    outer loop
      vertex 0.034807616140341224 2.149999998509884 1.9359927252859848
      vertex 0.6848076146502251 2.149999998509884 0.8101597029471677
      vertex 0.7036883720389966 2.117371566593647 0.8210605133080762
    endloop
  endfacet
  facet normal -0.7767145741430566 -0.44228869955233446 -0.44843636846499774
    outer loop
      vertex 0.019776672027674636 2.185194969177246 1.9273146056563633
      vertex 0.6697766705375585 2.185194969177246 0.8014815833175462
      vertex 0.6848076146502251 2.149999998509884 0.8101597029471677
    endloop
  endfacet
  facet normal -0.8200655682399008 -0.3214393956095399 -0.4734650765764486
    outer loop
      vertex 0.008852727086619439 2.2223542854189873 1.9210076631040351
      vertex 0.6588527255965033 2.2223542854189873 0.795174640765218
      vertex 0.6697766705375585 2.185194969177246 0.8014815833175462
    endloop
  endfacet
  facet normal -0.8493849672165208 -0.19509032939159643 -0.4903926394680781
    outer loop
      vertex 0.00222268775827672 2.2608421370387077 1.917179808113076
      vertex 0.6522226862681606 2.2608421370387077 0.7913467857742589
      vertex 0.6588527255965033 2.2223542854189873 0.795174640765218
    endloop
  endfacet
  facet normal -0.8641711812218545 -0.06540305340095273 -0.4989294641043529
    outer loop
      vertex 0 2.2999999970197678 1.9158965387375133
      vertex 0.6499999985098839 2.2999999970197678 0.7900635163986962
      vertex 0.6522226862681606 2.2608421370387077 0.7913467857742589
    endloop
  endfacet
  facet normal -0.7767145741430566 0.44228869955233446 -0.44843636846499774
    outer loop
      vertex 0.034807616140341224 3.0499999970197678 1.9359927252859848
      vertex 0.6848076146502251 3.0499999970197678 0.8101597029471677
      vertex 0.6697766705375585 3.0148050263524055 0.8014815833175462
    endloop
  endfacet
  facet normal -0.4811379281583529 0.8314696178754724 -0.27778511233956293
    outer loop
      vertex 0.12990380927719514 3.1598076224327087 1.9908965379924553
      vertex 0.779903807787079 3.1598076224327087 0.8650635156536381
      vertex 0.7516467568619589 3.1380060017108917 0.8487492996955197
    endloop
  endfacet
  facet normal -0.5710102039473041 0.7518398295630605 -0.329672894958998
    outer loop
      vertex 0.10164675835207504 3.1380060017108917 1.9745823220343368
      vertex 0.7516467568619589 3.1380060017108917 0.8487492996955197
      vertex 0.7260958843377097 3.1121320351958275 0.8339974965656083
    endloop
  endfacet
  facet normal -0.6511123919786688 0.6593457899178722 -0.3759199147815843
    outer loop
      vertex 0.07609588582782578 3.1121320351958275 1.9598305189044254
      vertex 0.7260958843377097 3.1121320351958275 0.8339974965656083
      vertex 0.7036883720389966 3.0826284289360046 0.8210605133080762
    endloop
  endfacet
  facet normal -0.7200738115550102 0.5555702246792815 -0.41573480893768366
    outer loop
      vertex 0.05368837352911271 3.0826284289360046 1.9468935356468933
      vertex 0.7036883720389966 3.0826284289360046 0.8210605133080762
      vertex 0.6848076146502251 3.0499999970197678 0.8101597029471677
    endloop
  endfacet
  facet normal -0.8660254037844394 0 -0.4999999999999988
    outer loop
      vertex 0 2.899999998509884 1.9158965387375133
      vertex 0.6499999985098839 2.899999998509884 0.7900635163986962
      vertex 0.6499999985098839 2.2999999970197678 0.7900635163986962
    endloop
  endfacet
  facet normal -0.8641711812218544 0.0654030534009549 -0.49892946410435285
    outer loop
      vertex 0.00222268775827672 2.939157858490944 1.917179808113076
      vertex 0.6522226862681606 2.939157858490944 0.7913467857742589
      vertex 0.6499999985098839 2.899999998509884 0.7900635163986962
    endloop
  endfacet
  facet normal -0.8200655682399003 0.3214393956095418 -0.47346507657644826
    outer loop
      vertex 0.019776672027674636 3.0148050263524055 1.9273146056563633
      vertex 0.6697766705375585 3.0148050263524055 0.8014815833175462
      vertex 0.6588527255965033 2.9776457101106644 0.795174640765218
    endloop
  endfacet
  facet normal -0.8493849672165208 0.19509032939159643 -0.4903926394680781
    outer loop
      vertex 0.008852727086619439 2.9776457101106644 1.9210076631040351
      vertex 0.6588527255965033 2.9776457101106644 0.795174640765218
      vertex 0.6522226862681606 2.939157858490944 0.7913467857742589
    endloop
  endfacet
  facet normal 0.866025403784406 0 0.5000000000000565
    outer loop
      vertex 2.511473669684406 11.099999997019768 3.3658965379924553
      vertex 2.536473669684412 11.2 3.32259526780323
      vertex 2.511473669684406 11.699999998509885 3.3658965379924553
    endloop
  endfacet
  facet normal 0.8200655682399004 -0.3214393956095415 0.4734650765764483
    outer loop
      vertex 2.502620942597787 11.022354285418988 3.3607854136259334
      vertex 2.4916969976567316 10.985194969177247 3.3544784710736053
      vertex 3.1526209411076707 11.022354285418988 2.2349523912871163
    endloop
  endfacet
  facet normal 0.8493849672165208 -0.19509032939159626 0.4903926394680781
    outer loop
      vertex 2.502620942597787 11.022354285418988 3.3607854136259334
      vertex 3.1592509804360134 11.060842137038708 2.2387802462780755
      vertex 2.5092509819261295 11.060842137038708 3.3646132686168926
    endloop
  endfacet
  facet normal 0.8641711812218544 -0.06540305340095424 0.49892946410435285
    outer loop
      vertex 2.5092509819261295 11.060842137038708 3.3646132686168926
      vertex 3.16147366819429 11.099999997019768 2.240063515653638
      vertex 2.511473669684406 11.099999997019768 3.3658965379924553
    endloop
  endfacet
  facet normal 0.7767145741430566 -0.4422886995523345 0.44843636846499774
    outer loop
      vertex 2.4916969976567316 10.985194969177247 3.3544784710736053
      vertex 2.476666053544065 10.949999998509885 3.345800351443984
      vertex 3.1416969961666155 10.985194969177247 2.228645448734788
    endloop
  endfacet
  facet normal 0.7200738115550106 -0.5555702246792807 0.41573480893768394
    outer loop
      vertex 2.476666053544065 10.949999998509885 3.345800351443984
      vertex 2.4577852961552935 10.917371566593648 3.3348995410830753
      vertex 3.126666052053949 10.949999998509885 2.2199673291051667
    endloop
  endfacet
  facet normal 0.8660254037844408 -3.469446856827903e-14 0.49999999999999656
    outer loop
      vertex 2.511473669684406 11.099999997019768 3.3658965379924553
      vertex 3.16147366819429 11.2 2.240063515653638
      vertex 2.536473669684412 11.2 3.32259526780323
    endloop
  endfacet
  facet normal 0.8660254037844061 0 0.5000000000000565
    outer loop
      vertex 2.536473669684412 11.2 3.32259526780323
      vertex 2.536473669684412 11.699999998509885 3.32259526780323
      vertex 2.511473669684406 11.699999998509885 3.3658965379924553
    endloop
  endfacet
  facet normal 0.8641711812218212 0.06540305340095424 0.4989294641044105
    outer loop
      vertex 2.511473669684406 11.699999998509885 3.3658965379924553
      vertex 2.536473669684412 11.699999998509885 3.32259526780323
      vertex 2.5092509819261295 11.739157858490945 3.3646132686168926
    endloop
  endfacet
  facet normal 0.8493849672164879 0.19509032939159623 0.4903926394681347
    outer loop
      vertex 2.5092509819261295 11.739157858490945 3.3646132686168926
      vertex 2.534250981926135 11.739157858490945 3.3213119984276673
      vertex 2.502620942597787 11.777645710110665 3.3607854136259334
    endloop
  endfacet
  facet normal 0.8200655682398686 0.3214393956095415 0.473465076576503
    outer loop
      vertex 2.502620942597787 11.777645710110665 3.3607854136259334
      vertex 2.5276209425977925 11.777645710110665 3.317484143436708
      vertex 2.4916969976567316 11.814805026352406 3.3544784710736053
    endloop
  endfacet
  facet normal 0.864171181221821 0.06540305340095423 0.4989294641044105
    outer loop
      vertex 2.536473669684412 11.699999998509885 3.32259526780323
      vertex 2.534250981926135 11.739157858490945 3.3213119984276673
      vertex 2.5092509819261295 11.739157858490945 3.3646132686168926
    endloop
  endfacet
  facet normal 0.8493849672164879 0.19509032939159623 0.4903926394681347
    outer loop
      vertex 2.502620942597787 11.777645710110665 3.3607854136259334
      vertex 2.534250981926135 11.739157858490945 3.3213119984276673
      vertex 2.5276209425977925 11.777645710110665 3.317484143436708
    endloop
  endfacet
  facet normal 0.8200655682398686 0.3214393956095415 0.473465076576503
    outer loop
      vertex 2.5276209425977925 11.777645710110665 3.317484143436708
      vertex 2.5166969976567373 11.814805026352406 3.31117720088438
      vertex 2.4916969976567316 11.814805026352406 3.3544784710736053
    endloop
  endfacet
  facet normal 0.7767145741430266 0.44228869955233446 0.44843636846504953
    outer loop
      vertex 2.4916969976567316 11.814805026352406 3.3544784710736053
      vertex 2.5166969976567373 11.814805026352406 3.31117720088438
      vertex 2.476666053544065 11.849999997019768 3.345800351443984
    endloop
  endfacet
  facet normal 0.7200738115549828 0.5555702246792807 0.41573480893773185
    outer loop
      vertex 2.476666053544065 11.849999997019768 3.345800351443984
      vertex 2.5016660535440707 11.849999997019768 3.3024990812547586
      vertex 2.4577852961552935 11.882628428936005 3.3348995410830753
    endloop
  endfacet
  facet normal 0.7767145741430266 0.4422886995523345 0.44843636846504953
    outer loop
      vertex 2.476666053544065 11.849999997019768 3.345800351443984
      vertex 2.5166969976567373 11.814805026352406 3.31117720088438
      vertex 2.5016660535440707 11.849999997019768 3.3024990812547586
    endloop
  endfacet
  facet normal 0.7200738115549828 0.5555702246792807 0.41573480893773185
    outer loop
      vertex 2.5016660535440707 11.849999997019768 3.3024990812547586
      vertex 2.482785296155299 11.882628428936005 3.29159827089385
      vertex 2.4577852961552935 11.882628428936005 3.3348995410830753
    endloop
  endfacet
  facet normal 0.6511123919786689 -0.6593457899178721 0.3759199147815844
    outer loop
      vertex 2.4577852961552935 10.917371566593648 3.3348995410830753
      vertex 2.4353777838565804 10.887867960333825 3.321962557825543
      vertex 3.1077852946651774 10.917371566593648 2.209066518744258
    endloop
  endfacet
  facet normal 0.5710102039473038 -0.7518398295630607 0.32967289495899793
    outer loop
      vertex 2.4353777838565804 10.887867960333825 3.321962557825543
      vertex 2.409826911332331 10.86199399381876 3.3072107546956317
      vertex 3.0853777823664643 10.887867960333825 2.196129535486726
    endloop
  endfacet
  facet normal 0.48113792815835293 -0.8314696178754724 0.277785112339563
    outer loop
      vertex 2.409826911332331 10.86199399381876 3.3072107546956317
      vertex 2.381569860407211 10.840192373096944 3.2908965387375133
      vertex 3.059826909842215 10.86199399381876 2.1813777323568146
    endloop
  endfacet
  facet normal 0.3830332496190939 -0.896872736930004 0.22114434977616024
    outer loop
      vertex 2.381569860407211 10.840192373096944 3.2908965387375133
      vertex 2.3510901217238285 10.8228361338377 3.273299053403832
      vertex 3.031569858917095 10.840192373096944 2.165063516398696
    endloop
  endfacet
  facet normal 0.27837468237490537 -0.9469301531529281 0.16071969780472767
    outer loop
      vertex 2.3510901217238285 10.8228361338377 3.273299053403832
      vertex 2.3189092098712223 10.810222248733044 3.2547193952829616
      vertex 3.0010901202337124 10.8228361338377 2.147466031065015
    endloop
  endfacet
  facet normal 0.16895318128586648 -0.9807852789361426 0.09754516469583834
    outer loop
      vertex 2.3189092098712223 10.810222248733044 3.2547193952829616
      vertex 2.285577752631454 10.802566538751126 3.2354754694731014
      vertex 2.968909208381106 10.810222248733044 2.1288863729441445
    endloop
  endfacet
  facet normal 0.056640705730211814 -0.9978589282087146 0.032701526700428064
    outer loop
      vertex 2.285577752631454 10.802566538751126 3.2354754694731014
      vertex 2.25166605113003 10.8 3.2158965394825714
      vertex 2.935577751141338 10.802566538751126 2.1096424471342843
    endloop
  endfacet
  facet normal 0.6511123919786438 0.6593457899178721 0.37591991478162784
    outer loop
      vertex 2.4577852961552935 11.882628428936005 3.3348995410830753
      vertex 2.482785296155299 11.882628428936005 3.29159827089385
      vertex 2.4353777838565804 11.912132035195828 3.321962557825543
    endloop
  endfacet
  facet normal 0.6511123919786438 0.6593457899178721 0.37591991478162784
    outer loop
      vertex 2.4353777838565804 11.912132035195828 3.321962557825543
      vertex 2.482785296155299 11.882628428936005 3.29159827089385
      vertex 2.460377783856586 11.912132035195828 3.278661287636318
    endloop
  endfacet
  facet normal 0.5710102039472819 0.7518398295630607 0.32967289495903607
    outer loop
      vertex 2.4353777838565804 11.912132035195828 3.321962557825543
      vertex 2.460377783856586 11.912132035195828 3.278661287636318
      vertex 2.409826911332331 11.938006001710892 3.3072107546956317
    endloop
  endfacet
  facet normal 0.5710102039472819 0.7518398295630605 0.3296728949590359
    outer loop
      vertex 2.460377783856586 11.912132035195828 3.278661287636318
      vertex 2.434826911332337 11.938006001710892 3.2639094845064065
      vertex 2.409826911332331 11.938006001710892 3.3072107546956317
    endloop
  endfacet
  facet normal 0.48113792815833434 0.8314696178754722 0.2777851123395951
    outer loop
      vertex 2.409826911332331 11.938006001710892 3.3072107546956317
      vertex 2.434826911332337 11.938006001710892 3.2639094845064065
      vertex 2.381569860407211 11.95980762243271 3.2908965387375133
    endloop
  endfacet
  facet normal 0.48113792815833434 0.8314696178754724 0.277785112339595
    outer loop
      vertex 2.434826911332337 11.938006001710892 3.2639094845064065
      vertex 2.4065698604072168 11.95980762243271 3.247595268548288
      vertex 2.381569860407211 11.95980762243271 3.2908965387375133
    endloop
  endfacet
  facet normal 0.38303324961907914 0.896872736930004 0.2211443497761858
    outer loop
      vertex 2.381569860407211 11.95980762243271 3.2908965387375133
      vertex 2.4065698604072168 11.95980762243271 3.247595268548288
      vertex 2.3510901217238285 11.977163861691952 3.273299053403832
    endloop
  endfacet
  facet normal 0.38303324961907914 0.896872736930004 0.2211443497761858
    outer loop
      vertex 2.4065698604072168 11.95980762243271 3.247595268548288
      vertex 2.376090121723834 11.977163861691952 3.229997783214607
      vertex 2.3510901217238285 11.977163861691952 3.273299053403832
    endloop
  endfacet
  facet normal 0.27837468237489466 0.946930153152928 0.16071969780474624
    outer loop
      vertex 2.3510901217238285 11.977163861691952 3.273299053403832
      vertex 2.376090121723834 11.977163861691952 3.229997783214607
      vertex 2.3189092098712223 11.989777746796609 3.2547193952829616
    endloop
  endfacet
  facet normal 0.27837468237489466 0.946930153152928 0.16071969780474626
    outer loop
      vertex 2.376090121723834 11.977163861691952 3.229997783214607
      vertex 2.343909209871228 11.989777746796609 3.2114181250937364
      vertex 2.3189092098712223 11.989777746796609 3.2547193952829616
    endloop
  endfacet
  facet normal 0.16895318128585993 0.9807852789361424 0.09754516469584959
    outer loop
      vertex 2.3189092098712223 11.989777746796609 3.2547193952829616
      vertex 2.343909209871228 11.989777746796609 3.2114181250937364
      vertex 2.285577752631454 11.997433456778527 3.2354754694731014
    endloop
  endfacet
  facet normal 0.16895318128585998 0.9807852789361425 0.09754516469584959
    outer loop
      vertex 2.343909209871228 11.989777746796609 3.2114181250937364
      vertex 2.3105777526314597 11.997433456778527 3.192174199283876
      vertex 2.285577752631454 11.997433456778527 3.2354754694731014
    endloop
  endfacet
  facet normal -0.5000000000001584 -1.199630722019134e-12 0.8660254037843472
    outer loop
      vertex 2.3189092098712223 11.989777746796609 3.2547193952829616
      vertex 2.285577752631454 11.997433456778527 3.2354754694731014
      vertex 2.25166605113003 11.999999995529652 3.2158965394825714
    endloop
  endfacet
  facet normal 0.056640705730209656 0.9978589282087148 0.032701526700431846
    outer loop
      vertex 2.285577752631454 11.997433456778527 3.2354754694731014
      vertex 2.3105777526314597 11.997433456778527 3.192174199283876
      vertex 2.25166605113003 11.999999995529652 3.2158965394825714
    endloop
  endfacet
  facet normal 0.05664070573020965 0.9978589282087148 0.03270152670043185
    outer loop
      vertex 2.3105777526314597 11.997433456778527 3.192174199283876
      vertex 2.276666051130036 11.999999995529652 3.172595269293346
      vertex 2.25166605113003 11.999999995529652 3.2158965394825714
    endloop
  endfacet
  facet normal 0.7200738115550109 -0.55557022467928 0.4157348089376841
    outer loop
      vertex 2.4577852961552935 10.917371566593648 3.3348995410830753
      vertex 3.1077852946651774 10.917371566593648 2.209066518744258
      vertex 3.126666052053949 10.949999998509885 2.2199673291051667
    endloop
  endfacet
  facet normal 0.8493849672165208 -0.19509032939159643 0.4903926394680781
    outer loop
      vertex 2.502620942597787 11.022354285418988 3.3607854136259334
      vertex 3.1526209411076707 11.022354285418988 2.2349523912871163
      vertex 3.1592509804360134 11.060842137038708 2.2387802462780755
    endloop
  endfacet
  facet normal 0.8200655682399008 -0.3214393956095399 0.4734650765764486
    outer loop
      vertex 2.4916969976567316 10.985194969177247 3.3544784710736053
      vertex 3.1416969961666155 10.985194969177247 2.228645448734788
      vertex 3.1526209411076707 11.022354285418988 2.2349523912871163
    endloop
  endfacet
  facet normal 0.8641711812218545 -0.06540305340095273 0.4989294641043529
    outer loop
      vertex 2.5092509819261295 11.060842137038708 3.3646132686168926
      vertex 3.1592509804360134 11.060842137038708 2.2387802462780755
      vertex 3.16147366819429 11.099999997019768 2.240063515653638
    endloop
  endfacet
  facet normal 0.8660254037844393 0 0.4999999999999987
    outer loop
      vertex 2.511473669684406 11.099999997019768 3.3658965379924553
      vertex 3.16147366819429 11.099999997019768 2.240063515653638
      vertex 3.16147366819429 11.2 2.240063515653638
    endloop
  endfacet
  facet normal 0.7767145741430566 -0.44228869955233446 0.44843636846499774
    outer loop
      vertex 2.476666053544065 10.949999998509885 3.345800351443984
      vertex 3.126666052053949 10.949999998509885 2.2199673291051667
      vertex 3.1416969961666155 10.985194969177247 2.228645448734788
    endloop
  endfacet
  facet normal 0.6511123919786688 -0.6593457899178722 0.3759199147815843
    outer loop
      vertex 2.4353777838565804 10.887867960333825 3.321962557825543
      vertex 3.0853777823664643 10.887867960333825 2.196129535486726
      vertex 3.1077852946651774 10.917371566593648 2.209066518744258
    endloop
  endfacet
  facet normal 0.5710102039473041 -0.7518398295630605 0.329672894958998
    outer loop
      vertex 2.409826911332331 10.86199399381876 3.3072107546956317
      vertex 3.059826909842215 10.86199399381876 2.1813777323568146
      vertex 3.0853777823664643 10.887867960333825 2.196129535486726
    endloop
  endfacet
  facet normal 0.4811379281583529 -0.8314696178754724 0.27778511233956293
    outer loop
      vertex 2.381569860407211 10.840192373096944 3.2908965387375133
      vertex 3.031569858917095 10.840192373096944 2.165063516398696
      vertex 3.059826909842215 10.86199399381876 2.1813777323568146
    endloop
  endfacet
  facet normal 0.3830332496190935 -0.8968727369300041 0.22114434977616002
    outer loop
      vertex 2.3510901217238285 10.8228361338377 3.273299053403832
      vertex 3.0010901202337124 10.8228361338377 2.147466031065015
      vertex 3.031569858917095 10.840192373096944 2.165063516398696
    endloop
  endfacet
  facet normal 0.27837468237490554 -0.946930153152928 0.16071969780472775
    outer loop
      vertex 2.3189092098712223 10.810222248733044 3.2547193952829616
      vertex 2.968909208381106 10.810222248733044 2.1288863729441445
      vertex 3.0010901202337124 10.8228361338377 2.147466031065015
    endloop
  endfacet
  facet normal 0.16895318128586673 -0.9807852789361424 0.09754516469583847
    outer loop
      vertex 2.285577752631454 10.802566538751126 3.2354754694731014
      vertex 2.935577751141338 10.802566538751126 2.1096424471342843
      vertex 2.968909208381106 10.810222248733044 2.1288863729441445
    endloop
  endfacet
  facet normal 0.05664070573021186 -0.9978589282087146 0.03270152670042809
    outer loop
      vertex 2.25166605113003 10.8 3.2158965394825714
      vertex 2.901666049639914 10.8 2.0900635171437543
      vertex 2.935577751141338 10.802566538751126 2.1096424471342843
    endloop
  endfacet
  facet normal 0 1 0
    outer loop
      vertex 2.25166605113003 11.999999995529652 3.2158965394825714
      vertex 2.276666051130036 11.999999995529652 3.172595269293346
      vertex 1.0209292130616205 11.999999995529652 2.447595267803223
    endloop
  endfacet
  facet normal 0 -1 0
    outer loop
      vertex 2.25166605113003 10.8 3.2158965394825714
      vertex 2.447659697602944 10.8 2.3764255798702862
      vertex 2.901666049639914 10.8 2.0900635171437543
    endloop
  endfacet
  facet normal -0.4999999999999967 6.29780609969725e-14 0.8660254037844406
    outer loop
      vertex 2.502620942597787 11.022354285418988 3.3607854136259334
      vertex 0 11.099999997019768 1.9158965387375133
      vertex 2.4916969976567316 10.985194969177247 3.3544784710736053
    endloop
  endfacet
  facet normal -0.4999999999999993 1.848397936285781e-14 0.866025403784439
    outer loop
      vertex 2.4916969976567316 10.985194969177247 3.3544784710736053
      vertex 0.00222268775827672 11.060842137038708 1.917179808113076
      vertex 2.476666053544065 10.949999998509885 3.345800351443984
    endloop
  endfacet
  facet normal -0.50000000000001 -5.831131197024786e-14 0.8660254037844328
    outer loop
      vertex 2.502620942597787 11.022354285418988 3.3607854136259334
      vertex 2.5092509819261295 11.060842137038708 3.3646132686168926
      vertex 0 11.699999998509885 1.9158965387375133
    endloop
  endfacet
  facet normal -0.4999999999999869 6.275497944269159e-14 0.8660254037844461
    outer loop
      vertex 2.5092509819261295 11.060842137038708 3.3646132686168926
      vertex 2.511473669684406 11.099999997019768 3.3658965379924553
      vertex 0.00222268775827672 11.739157858490945 1.917179808113076
    endloop
  endfacet
  facet normal -0.5000000000000008 -7.363304649409834e-15 0.8660254037844382
    outer loop
      vertex 2.4577852961552935 10.917371566593648 3.3348995410830753
      vertex 0.019776672027674636 10.985194969177247 1.9273146056563633
      vertex 2.4353777838565804 10.887867960333825 3.321962557825543
    endloop
  endfacet
  facet normal -0.5000000000000047 -2.0471164324952517e-13 0.8660254037844359
    outer loop
      vertex 2.4353777838565804 10.887867960333825 3.321962557825543
      vertex 0.034807616140341224 10.949999998509885 1.9359927252859848
      vertex 2.409826911332331 10.86199399381876 3.3072107546956317
    endloop
  endfacet
  facet normal -0.49999999999999667 1.7732907473471066e-13 0.8660254037844407
    outer loop
      vertex 2.409826911332331 10.86199399381876 3.3072107546956317
      vertex 0.05368837352911271 10.917371566593648 1.9468935356468933
      vertex 2.381569860407211 10.840192373096944 3.2908965387375133
    endloop
  endfacet
  facet normal -0.5000000000000016 -3.1881278866484265e-14 0.8660254037844379
    outer loop
      vertex 2.381569860407211 10.840192373096944 3.2908965387375133
      vertex 0.07609588582782578 10.887867960333825 1.9598305189044254
      vertex 2.3510901217238285 10.8228361338377 3.273299053403832
    endloop
  endfacet
  facet normal -0.4999999999999997 -5.515619424342024e-14 0.8660254037844388
    outer loop
      vertex 2.3510901217238285 10.8228361338377 3.273299053403832
      vertex 0.10164675835207504 10.86199399381876 1.9745823220343368
      vertex 2.3189092098712223 10.810222248733044 3.2547193952829616
    endloop
  endfacet
  facet normal -0.4999999999999974 2.653133297156135e-13 0.8660254037844402
    outer loop
      vertex 2.3189092098712223 10.810222248733044 3.2547193952829616
      vertex 0.12990380927719514 10.840192373096944 1.9908965379924553
      vertex 2.285577752631454 10.802566538751126 3.2354754694731014
    endloop
  endfacet
  facet normal -0.5000000000000105 -1.4020824041257059e-12 0.8660254037844325
    outer loop
      vertex 2.285577752631454 10.802566538751126 3.2354754694731014
      vertex 0.16038354796057774 10.8228361338377 2.0084940233261364
      vertex 2.25166605113003 10.8 3.2158965394825714
    endloop
  endfacet
  facet normal -0.49999999999999756 7.044939084297737e-14 0.86602540378444
    outer loop
      vertex 2.476666053544065 10.949999998509885 3.345800351443984
      vertex 0.008852727086619439 11.022354285418988 1.9210076631040351
      vertex 2.4577852961552935 10.917371566593648 3.3348995410830753
    endloop
  endfacet
  facet normal -0.4999999999999982 0 0.8660254037844398
    outer loop
      vertex 2.511473669684406 11.099999997019768 3.3658965379924553
      vertex 2.511473669684406 11.699999998509885 3.3658965379924553
      vertex 0.008852727086619439 11.777645710110665 1.9210076631040351
    endloop
  endfacet
  facet normal -0.5000000000000011 -6.383123882219309e-14 0.8660254037844382
    outer loop
      vertex 2.511473669684406 11.699999998509885 3.3658965379924553
      vertex 2.5092509819261295 11.739157858490945 3.3646132686168926
      vertex 0.019776672027674636 11.814805026352406 1.9273146056563633
    endloop
  endfacet
  facet normal -0.4999999999999978 6.112519670287921e-14 0.8660254037844399
    outer loop
      vertex 2.5092509819261295 11.739157858490945 3.3646132686168926
      vertex 2.502620942597787 11.777645710110665 3.3607854136259334
      vertex 0.034807616140341224 11.849999997019768 1.9359927252859848
    endloop
  endfacet
  facet normal -0.500000000000002 -6.50390028590283e-14 0.8660254037844376
    outer loop
      vertex 2.502620942597787 11.777645710110665 3.3607854136259334
      vertex 2.4916969976567316 11.814805026352406 3.3544784710736053
      vertex 0.05368837352911271 11.882628428936005 1.9468935356468933
    endloop
  endfacet
  facet normal -0.5000000000000011 -1.956239623993886e-14 0.866025403784438
    outer loop
      vertex 2.4916969976567316 11.814805026352406 3.3544784710736053
      vertex 2.476666053544065 11.849999997019768 3.345800351443984
      vertex 0.07609588582782578 11.912132035195828 1.9598305189044254
    endloop
  endfacet
  facet normal -0.500000000000001 -7.310337109467349e-14 0.866025403784438
    outer loop
      vertex 2.476666053544065 11.849999997019768 3.345800351443984
      vertex 2.4577852961552935 11.882628428936005 3.3348995410830753
      vertex 0.10164675835207504 11.938006001710892 1.9745823220343368
    endloop
  endfacet
  facet normal -0.5000000000000008 7.270186523853043e-15 0.8660254037844382
    outer loop
      vertex 2.4577852961552935 11.882628428936005 3.3348995410830753
      vertex 2.4353777838565804 11.912132035195828 3.321962557825543
      vertex 0.12990380927719514 11.95980762243271 1.9908965379924553
    endloop
  endfacet
  facet normal -0.4999999999999962 2.1599143779706287e-13 0.8660254037844409
    outer loop
      vertex 2.4353777838565804 11.912132035195828 3.321962557825543
      vertex 2.409826911332331 11.938006001710892 3.3072107546956317
      vertex 0.16038354796057774 11.977163861691952 2.0084940233261364
    endloop
  endfacet
  facet normal -0.5000000000000019 -1.8677581378890842e-13 0.8660254037844375
    outer loop
      vertex 2.409826911332331 11.938006001710892 3.3072107546956317
      vertex 2.381569860407211 11.95980762243271 3.2908965387375133
      vertex 0.19256445981318393 11.989777746796609 2.027073681447007
    endloop
  endfacet
  facet normal -0.5000000000000003 3.4464008621438825e-14 0.8660254037844385
    outer loop
      vertex 2.381569860407211 11.95980762243271 3.2908965387375133
      vertex 2.3510901217238285 11.977163861691952 3.273299053403832
      vertex 0.2258959170529522 11.997433456778527 2.046317607256867
    endloop
  endfacet
  facet normal -0.49999999999999867 5.881709744929959e-14 0.8660254037844394
    outer loop
      vertex 2.3510901217238285 11.977163861691952 3.273299053403832
      vertex 2.3189092098712223 11.989777746796609 3.2547193952829616
      vertex 0.25980761855437606 11.999999995529652 2.065896537247397
    endloop
  endfacet
  facet normal -0.49999999999999806 2.054117136341486e-13 0.8660254037844397
    outer loop
      vertex 2.3189092098712223 11.989777746796609 3.2547193952829616
      vertex 2.25166605113003 11.999999995529652 3.2158965394825714
      vertex 0.25980761855437606 11.999999995529652 2.065896537247397
    endloop
  endfacet
  facet normal 0 -1 0
    outer loop
      vertex 2.25166605113003 10.8 3.2158965394825714
      vertex 0.25980761855437606 10.8 2.065896537247397
      vertex 2.447659697602944 10.8 2.3764255798702862
    endloop
  endfacet
  facet normal 8.5672624134165e-15 -1 1.3582775309776725e-14
    outer loop
      vertex 2.901666049639914 10.8 2.0900635171437543
      vertex 2.447659697602944 10.8 2.3764255798702862
      vertex 2.6851596961128337 10.799999999999997 1.9650635156536325
    endloop
  endfacet
  facet normal 0 1 0
    outer loop
      vertex 2.25166605113003 11.999999995529652 3.2158965394825714
      vertex 1.0209292130616205 11.999999995529652 2.447595267803223
      vertex 0.25980761855437606 11.999999995529652 2.065896537247397
    endloop
  endfacet
  facet normal -0.49999999999999806 2.0777276781385143e-13 0.8660254037844397
    outer loop
      vertex 2.25166605113003 10.8 3.2158965394825714
      vertex 0.19256445981318393 10.810222248733044 2.027073681447007
      vertex 0.25980761855437606 10.8 2.065896537247397
    endloop
  endfacet
  facet normal -0.49999999999999867 5.998875277697488e-14 0.8660254037844394
    outer loop
      vertex 2.25166605113003 10.8 3.2158965394825714
      vertex 0.16038354796057774 10.8228361338377 2.0084940233261364
      vertex 0.19256445981318393 10.810222248733044 2.027073681447007
    endloop
  endfacet
  facet normal -0.5000000000000003 3.18129310351743e-14 0.8660254037844385
    outer loop
      vertex 2.285577752631454 10.802566538751126 3.2354754694731014
      vertex 0.12990380927719514 10.840192373096944 1.9908965379924553
      vertex 0.16038354796057774 10.8228361338377 2.0084940233261364
    endloop
  endfacet
  facet normal -0.5000000000000019 -1.8049440344185522e-13 0.8660254037844375
    outer loop
      vertex 2.3189092098712223 10.810222248733044 3.2547193952829616
      vertex 0.10164675835207504 10.86199399381876 1.9745823220343368
      vertex 0.12990380927719514 10.840192373096944 1.9908965379924553
    endloop
  endfacet
  facet normal -0.4999999999999962 2.218744730678e-13 0.8660254037844408
    outer loop
      vertex 2.3510901217238285 10.8228361338377 3.273299053403832
      vertex 0.07609588582782578 10.887867960333825 1.9598305189044254
      vertex 0.10164675835207504 10.86199399381876 1.9745823220343368
    endloop
  endfacet
  facet normal -0.5000000000000008 5.744344907735738e-15 0.8660254037844382
    outer loop
      vertex 2.381569860407211 10.840192373096944 3.2908965387375133
      vertex 0.05368837352911271 10.917371566593648 1.9468935356468933
      vertex 0.07609588582782578 10.887867960333825 1.9598305189044254
    endloop
  endfacet
  facet normal -0.4999999999999982 0 0.8660254037844398
    outer loop
      vertex 2.502620942597787 11.022354285418988 3.3607854136259334
      vertex 0 11.699999998509885 1.9158965387375133
      vertex 0 11.099999997019768 1.9158965387375133
    endloop
  endfacet
  facet normal -0.5000000000000098 -6.103836796067854e-14 0.866025403784433
    outer loop
      vertex 2.511473669684406 11.099999997019768 3.3658965379924553
      vertex 0.008852727086619439 11.777645710110665 1.9210076631040351
      vertex 0.00222268775827672 11.739157858490945 1.917179808113076
    endloop
  endfacet
  facet normal -0.4999999999999867 6.173386869943311e-14 0.8660254037844463
    outer loop
      vertex 2.5092509819261295 11.060842137038708 3.3646132686168926
      vertex 0.00222268775827672 11.739157858490945 1.917179808113076
      vertex 0 11.699999998509885 1.9158965387375133
    endloop
  endfacet
  facet normal -0.4999999999999991 1.7332962332936256e-14 0.8660254037844392
    outer loop
      vertex 2.5092509819261295 11.739157858490945 3.3646132686168926
      vertex 0.034807616140341224 11.849999997019768 1.9359927252859848
      vertex 0.019776672027674636 11.814805026352406 1.9273146056563633
    endloop
  endfacet
  facet normal -0.4999999999999967 6.14732471348181e-14 0.8660254037844406
    outer loop
      vertex 2.511473669684406 11.699999998509885 3.3658965379924553
      vertex 0.019776672027674636 11.814805026352406 1.9273146056563633
      vertex 0.008852727086619439 11.777645710110665 1.9210076631040351
    endloop
  endfacet
  facet normal -0.5000000000000109 -1.4402409622282208e-12 0.8660254037844323
    outer loop
      vertex 2.3510901217238285 11.977163861691952 3.273299053403832
      vertex 0.25980761855437606 11.999999995529652 2.065896537247397
      vertex 0.2258959170529522 11.997433456778527 2.046317607256867
    endloop
  endfacet
  facet normal -0.4999999999999997 -6.488964028637676e-14 0.8660254037844388
    outer loop
      vertex 2.409826911332331 11.938006001710892 3.3072107546956317
      vertex 0.19256445981318393 11.989777746796609 2.027073681447007
      vertex 0.16038354796057774 11.977163861691952 2.0084940233261364
    endloop
  endfacet
  facet normal -0.49999999999999745 2.598987719663153e-13 0.8660254037844402
    outer loop
      vertex 2.381569860407211 11.95980762243271 3.2908965387375133
      vertex 0.2258959170529522 11.997433456778527 2.046317607256867
      vertex 0.19256445981318393 11.989777746796609 2.027073681447007
    endloop
  endfacet
  facet normal -0.5000000000000013 -2.7823661556204442e-14 0.8660254037844378
    outer loop
      vertex 2.4353777838565804 11.912132035195828 3.321962557825543
      vertex 0.16038354796057774 11.977163861691952 2.0084940233261364
      vertex 0.12990380927719514 11.95980762243271 1.9908965379924553
    endloop
  endfacet
  facet normal -0.4999999999999967 1.7437737438701384e-13 0.8660254037844406
    outer loop
      vertex 2.4577852961552935 11.882628428936005 3.3348995410830753
      vertex 0.12990380927719514 11.95980762243271 1.9908965379924553
      vertex 0.10164675835207504 11.938006001710892 1.9745823220343368
    endloop
  endfacet
  facet normal -0.5000000000000047 -2.05277666226252e-13 0.8660254037844358
    outer loop
      vertex 2.476666053544065 11.849999997019768 3.345800351443984
      vertex 0.10164675835207504 11.938006001710892 1.9745823220343368
      vertex 0.07609588582782578 11.912132035195828 1.9598305189044254
    endloop
  endfacet
  facet normal -0.4999999999999975 7.044939084297736e-14 0.86602540378444
    outer loop
      vertex 2.502620942597787 11.777645710110665 3.3607854136259334
      vertex 0.05368837352911271 11.882628428936005 1.9468935356468933
      vertex 0.034807616140341224 11.849999997019768 1.9359927252859848
    endloop
  endfacet
  facet normal -0.5000000000000007 -5.236127750691437e-15 0.8660254037844383
    outer loop
      vertex 2.4916969976567316 11.814805026352406 3.3544784710736053
      vertex 0.07609588582782578 11.912132035195828 1.9598305189044254
      vertex 0.05368837352911271 11.882628428936005 1.9468935356468933
    endloop
  endfacet
  facet normal 0 -1 0
    outer loop
      vertex 2.447659697602944 10.8 2.3764255798702862
      vertex 0.25980761855437606 10.8 2.065896537247397
      vertex 0.888813970790963 10.8 1.4764255798702877
    endloop
  endfacet
  facet normal -0.500000000000001 -7.607505284648946e-14 0.866025403784438
    outer loop
      vertex 2.409826911332331 10.86199399381876 3.3072107546956317
      vertex 0.034807616140341224 10.949999998509885 1.9359927252859848
      vertex 0.05368837352911271 10.917371566593648 1.9468935356468933
    endloop
  endfacet
  facet normal -0.5000000000000011 -1.841166704935422e-14 0.866025403784438
    outer loop
      vertex 2.4353777838565804 10.887867960333825 3.321962557825543
      vertex 0.019776672027674636 10.985194969177247 1.9273146056563633
      vertex 0.034807616140341224 10.949999998509885 1.9359927252859848
    endloop
  endfacet
  facet normal -0.500000000000002 -6.420302595852666e-14 0.8660254037844374
    outer loop
      vertex 2.4577852961552935 10.917371566593648 3.3348995410830753
      vertex 0.008852727086619439 11.022354285418988 1.9210076631040351
      vertex 0.019776672027674636 10.985194969177247 1.9273146056563633
    endloop
  endfacet
  facet normal -0.4999999999999978 6.104571010118496e-14 0.8660254037844399
    outer loop
      vertex 2.476666053544065 10.949999998509885 3.345800351443984
      vertex 0.00222268775827672 11.060842137038708 1.917179808113076
      vertex 0.008852727086619439 11.022354285418988 1.9210076631040351
    endloop
  endfacet
  facet normal -0.5000000000000011 -6.718509011528734e-14 0.8660254037844382
    outer loop
      vertex 2.4916969976567316 10.985194969177247 3.3544784710736053
      vertex 0 11.099999997019768 1.9158965387375133
      vertex 0.00222268775827672 11.060842137038708 1.917179808113076
    endloop
  endfacet
  facet normal 0 1 0
    outer loop
      vertex 1.0209292130616205 11.999999995529652 2.447595267803223
      vertex 0.9098076170642599 11.999999995529652 0.9400635149085801
      vertex 0.25980761855437606 11.999999995529652 2.065896537247397
    endloop
  endfacet
  facet normal 0 1 0
    outer loop
      vertex 1.0209292130616205 11.999999995529652 2.447595267803223
      vertex 1.6459292115714987 11.999999995529652 1.365063515653631
      vertex 0.9098076170642599 11.999999995529652 0.9400635149085801
    endloop
  endfacet
  facet normal 0 -1 0
    outer loop
      vertex 0.888813970790963 10.8 1.4764255798702877
      vertex 0.9098076170642599 10.8 0.9400635149085801
      vertex 1.1263139693008526 10.8 1.0650635156536339
    endloop
  endfacet
  facet normal -0.5000000000001583 -1.1996307220191337e-12 0.8660254037843472
    outer loop
      vertex 0.25980761855437606 10.8 2.065896537247397
      vertex 0.19256445981318393 10.810222248733044 2.027073681447007
      vertex 0.2258959170529522 10.802566538751126 2.046317607256867
    endloop
  endfacet
  facet normal -0.056640705730211814 -0.9978589282087146 -0.032701526700428064
    outer loop
      vertex 0.25980761855437606 10.8 2.065896537247397
      vertex 0.2258959170529522 10.802566538751126 2.046317607256867
      vertex 0.9098076170642599 10.8 0.9400635149085801
    endloop
  endfacet
  facet normal -0.16895318128586648 -0.9807852789361426 -0.09754516469583834
    outer loop
      vertex 0.2258959170529522 10.802566538751126 2.046317607256867
      vertex 0.19256445981318393 10.810222248733044 2.027073681447007
      vertex 0.8758959155628361 10.802566538751126 0.9204845849180501
    endloop
  endfacet
  facet normal -0.27837468237490537 -0.9469301531529281 -0.16071969780472767
    outer loop
      vertex 0.19256445981318393 10.810222248733044 2.027073681447007
      vertex 0.16038354796057774 10.8228361338377 2.0084940233261364
      vertex 0.8425644583230678 10.810222248733044 0.9012406591081898
    endloop
  endfacet
  facet normal -0.3830332496190939 -0.896872736930004 -0.22114434977616024
    outer loop
      vertex 0.16038354796057774 10.8228361338377 2.0084940233261364
      vertex 0.12990380927719514 10.840192373096944 1.9908965379924553
      vertex 0.8103835464704616 10.8228361338377 0.8826610009873193
    endloop
  endfacet
  facet normal -0.056640705730211814 0.9978589282087146 -0.032701526700428064
    outer loop
      vertex 0.25980761855437606 11.999999995529652 2.065896537247397
      vertex 0.8758959155628361 11.997433456778527 0.9204845849180501
      vertex 0.2258959170529522 11.997433456778527 2.046317607256867
    endloop
  endfacet
  facet normal -0.16895318128586648 0.9807852789361426 -0.09754516469583834
    outer loop
      vertex 0.2258959170529522 11.997433456778527 2.046317607256867
      vertex 0.8425644583230678 11.989777746796609 0.9012406591081898
      vertex 0.19256445981318393 11.989777746796609 2.027073681447007
    endloop
  endfacet
  facet normal -0.27837468237490537 0.9469301531529281 -0.16071969780472767
    outer loop
      vertex 0.19256445981318393 11.989777746796609 2.027073681447007
      vertex 0.8103835464704616 11.977163861691952 0.8826610009873193
      vertex 0.16038354796057774 11.977163861691952 2.0084940233261364
    endloop
  endfacet
  facet normal -0.3830332496190939 0.896872736930004 -0.22114434977616024
    outer loop
      vertex 0.16038354796057774 11.977163861691952 2.0084940233261364
      vertex 0.779903807787079 11.95980762243271 0.8650635156536381
      vertex 0.12990380927719514 11.95980762243271 1.9908965379924553
    endloop
  endfacet
  facet normal -0.48113792815835293 -0.8314696178754724 -0.277785112339563
    outer loop
      vertex 0.12990380927719514 10.840192373096944 1.9908965379924553
      vertex 0.10164675835207504 10.86199399381876 1.9745823220343368
      vertex 0.779903807787079 10.840192373096944 0.8650635156536381
    endloop
  endfacet
  facet normal -0.5710102039473038 -0.7518398295630607 -0.32967289495899793
    outer loop
      vertex 0.10164675835207504 10.86199399381876 1.9745823220343368
      vertex 0.07609588582782578 10.887867960333825 1.9598305189044254
      vertex 0.7516467568619589 10.86199399381876 0.8487492996955197
    endloop
  endfacet
  facet normal -0.6511123919786689 -0.6593457899178721 -0.3759199147815844
    outer loop
      vertex 0.07609588582782578 10.887867960333825 1.9598305189044254
      vertex 0.05368837352911271 10.917371566593648 1.9468935356468933
      vertex 0.7260958843377097 10.887867960333825 0.8339974965656083
    endloop
  endfacet
  facet normal -0.7200738115550106 -0.5555702246792807 -0.41573480893768394
    outer loop
      vertex 0.05368837352911271 10.917371566593648 1.9468935356468933
      vertex 0.034807616140341224 10.949999998509885 1.9359927252859848
      vertex 0.7036883720389966 10.917371566593648 0.8210605133080762
    endloop
  endfacet
  facet normal -0.7767145741430566 -0.4422886995523345 -0.44843636846499774
    outer loop
      vertex 0.034807616140341224 10.949999998509885 1.9359927252859848
      vertex 0.019776672027674636 10.985194969177247 1.9273146056563633
      vertex 0.6848076146502251 10.949999998509885 0.8101597029471677
    endloop
  endfacet
  facet normal -0.8200655682399004 -0.3214393956095415 -0.4734650765764483
    outer loop
      vertex 0.019776672027674636 10.985194969177247 1.9273146056563633
      vertex 0.008852727086619439 11.022354285418988 1.9210076631040351
      vertex 0.6697766705375585 10.985194969177247 0.8014815833175462
    endloop
  endfacet
  facet normal -0.8493849672165208 -0.19509032939159623 -0.4903926394680781
    outer loop
      vertex 0.008852727086619439 11.022354285418988 1.9210076631040351
      vertex 0.00222268775827672 11.060842137038708 1.917179808113076
      vertex 0.6588527255965033 11.022354285418988 0.795174640765218
    endloop
  endfacet
  facet normal -0.8641711812218544 -0.06540305340095424 -0.49892946410435285
    outer loop
      vertex 0.00222268775827672 11.060842137038708 1.917179808113076
      vertex 0 11.099999997019768 1.9158965387375133
      vertex 0.6522226862681606 11.060842137038708 0.7913467857742589
    endloop
  endfacet
  facet normal -0.8660254037844394 0 -0.4999999999999988
    outer loop
      vertex 0 11.099999997019768 1.9158965387375133
      vertex 0 11.699999998509885 1.9158965387375133
      vertex 0.6499999985098839 11.099999997019768 0.7900635163986962
    endloop
  endfacet
  facet normal -0.48113792815835293 0.8314696178754724 -0.277785112339563
    outer loop
      vertex 0.12990380927719514 11.95980762243271 1.9908965379924553
      vertex 0.7516467568619589 11.938006001710892 0.8487492996955197
      vertex 0.10164675835207504 11.938006001710892 1.9745823220343368
    endloop
  endfacet
  facet normal -0.5710102039473038 0.7518398295630605 -0.32967289495899793
    outer loop
      vertex 0.10164675835207504 11.938006001710892 1.9745823220343368
      vertex 0.7260958843377097 11.912132035195828 0.8339974965656083
      vertex 0.07609588582782578 11.912132035195828 1.9598305189044254
    endloop
  endfacet
  facet normal -0.6511123919786689 0.6593457899178721 -0.3759199147815844
    outer loop
      vertex 0.07609588582782578 11.912132035195828 1.9598305189044254
      vertex 0.7036883720389966 11.882628428936005 0.8210605133080762
      vertex 0.05368837352911271 11.882628428936005 1.9468935356468933
    endloop
  endfacet
  facet normal -0.7200738115550106 0.5555702246792807 -0.41573480893768394
    outer loop
      vertex 0.05368837352911271 11.882628428936005 1.9468935356468933
      vertex 0.6848076146502251 11.849999997019768 0.8101597029471677
      vertex 0.034807616140341224 11.849999997019768 1.9359927252859848
    endloop
  endfacet
  facet normal -0.7767145741430566 0.4422886995523345 -0.44843636846499774
    outer loop
      vertex 0.034807616140341224 11.849999997019768 1.9359927252859848
      vertex 0.6697766705375585 11.814805026352406 0.8014815833175462
      vertex 0.019776672027674636 11.814805026352406 1.9273146056563633
    endloop
  endfacet
  facet normal -0.8493849672165208 0.19509032939159623 -0.4903926394680781
    outer loop
      vertex 0.008852727086619439 11.777645710110665 1.9210076631040351
      vertex 0.6522226862681606 11.739157858490945 0.7913467857742589
      vertex 0.00222268775827672 11.739157858490945 1.917179808113076
    endloop
  endfacet
  facet normal -0.8200655682399004 0.3214393956095415 -0.4734650765764483
    outer loop
      vertex 0.019776672027674636 11.814805026352406 1.9273146056563633
      vertex 0.6588527255965033 11.777645710110665 0.795174640765218
      vertex 0.008852727086619439 11.777645710110665 1.9210076631040351
    endloop
  endfacet
  facet normal -0.8641711812218544 0.06540305340095424 -0.49892946410435285
    outer loop
      vertex 0 11.699999998509885 1.9158965387375133
      vertex 0.00222268775827672 11.739157858490945 1.917179808113076
      vertex 0.6499999985098839 11.699999998509885 0.7900635163986962
    endloop
  endfacet
  facet normal 0 -1 0
    outer loop
      vertex 0.888813970790963 10.8 1.4764255798702877
      vertex 0.25980761855437606 10.8 2.065896537247397
      vertex 0.9098076170642599 10.8 0.9400635149085801
    endloop
  endfacet
  facet normal -0.05664070573021186 -0.9978589282087146 -0.03270152670042809
    outer loop
      vertex 0.2258959170529522 10.802566538751126 2.046317607256867
      vertex 0.8758959155628361 10.802566538751126 0.9204845849180501
      vertex 0.9098076170642599 10.8 0.9400635149085801
    endloop
  endfacet
  facet normal -0.16895318128586673 -0.9807852789361424 -0.09754516469583847
    outer loop
      vertex 0.19256445981318393 10.810222248733044 2.027073681447007
      vertex 0.8425644583230678 10.810222248733044 0.9012406591081898
      vertex 0.8758959155628361 10.802566538751126 0.9204845849180501
    endloop
  endfacet
  facet normal -0.27837468237490554 -0.946930153152928 -0.16071969780472775
    outer loop
      vertex 0.16038354796057774 10.8228361338377 2.0084940233261364
      vertex 0.8103835464704616 10.8228361338377 0.8826610009873193
      vertex 0.8425644583230678 10.810222248733044 0.9012406591081898
    endloop
  endfacet
  facet normal -0.3830332496190935 -0.8968727369300041 -0.22114434977616002
    outer loop
      vertex 0.12990380927719514 10.840192373096944 1.9908965379924553
      vertex 0.779903807787079 10.840192373096944 0.8650635156536381
      vertex 0.8103835464704616 10.8228361338377 0.8826610009873193
    endloop
  endfacet
  facet normal -0.05664070573021186 0.9978589282087146 -0.03270152670042809
    outer loop
      vertex 0.25980761855437606 11.999999995529652 2.065896537247397
      vertex 0.9098076170642599 11.999999995529652 0.9400635149085801
      vertex 0.8758959155628361 11.997433456778527 0.9204845849180501
    endloop
  endfacet
  facet normal -0.16895318128586637 0.9807852789361426 -0.09754516469583827
    outer loop
      vertex 0.2258959170529522 11.997433456778527 2.046317607256867
      vertex 0.8758959155628361 11.997433456778527 0.9204845849180501
      vertex 0.8425644583230678 11.989777746796609 0.9012406591081898
    endloop
  endfacet
  facet normal -0.27837468237490554 0.946930153152928 -0.16071969780472775
    outer loop
      vertex 0.19256445981318393 11.989777746796609 2.027073681447007
      vertex 0.8425644583230678 11.989777746796609 0.9012406591081898
      vertex 0.8103835464704616 11.977163861691952 0.8826610009873193
    endloop
  endfacet
  facet normal -0.3830332496190935 0.8968727369300041 -0.22114434977616002
    outer loop
      vertex 0.16038354796057774 11.977163861691952 2.0084940233261364
      vertex 0.8103835464704616 11.977163861691952 0.8826610009873193
      vertex 0.779903807787079 11.95980762243271 0.8650635156536381
    endloop
  endfacet
  facet normal -0.4811379281583529 -0.8314696178754724 -0.27778511233956293
    outer loop
      vertex 0.10164675835207504 10.86199399381876 1.9745823220343368
      vertex 0.7516467568619589 10.86199399381876 0.8487492996955197
      vertex 0.779903807787079 10.840192373096944 0.8650635156536381
    endloop
  endfacet
  facet normal -0.5710102039473041 -0.7518398295630605 -0.329672894958998
    outer loop
      vertex 0.07609588582782578 10.887867960333825 1.9598305189044254
      vertex 0.7260958843377097 10.887867960333825 0.8339974965656083
      vertex 0.7516467568619589 10.86199399381876 0.8487492996955197
    endloop
  endfacet
  facet normal -0.6511123919786688 -0.6593457899178722 -0.3759199147815843
    outer loop
      vertex 0.05368837352911271 10.917371566593648 1.9468935356468933
      vertex 0.7036883720389966 10.917371566593648 0.8210605133080762
      vertex 0.7260958843377097 10.887867960333825 0.8339974965656083
    endloop
  endfacet
  facet normal -0.7200738115550109 -0.55557022467928 -0.4157348089376841
    outer loop
      vertex 0.034807616140341224 10.949999998509885 1.9359927252859848
      vertex 0.6848076146502251 10.949999998509885 0.8101597029471677
      vertex 0.7036883720389966 10.917371566593648 0.8210605133080762
    endloop
  endfacet
  facet normal -0.7767145741430566 -0.44228869955233446 -0.44843636846499774
    outer loop
      vertex 0.019776672027674636 10.985194969177247 1.9273146056563633
      vertex 0.6697766705375585 10.985194969177247 0.8014815833175462
      vertex 0.6848076146502251 10.949999998509885 0.8101597029471677
    endloop
  endfacet
  facet normal -0.8200655682399008 -0.3214393956095399 -0.4734650765764486
    outer loop
      vertex 0.008852727086619439 11.022354285418988 1.9210076631040351
      vertex 0.6588527255965033 11.022354285418988 0.795174640765218
      vertex 0.6697766705375585 10.985194969177247 0.8014815833175462
    endloop
  endfacet
  facet normal -0.8493849672165208 -0.19509032939159643 -0.4903926394680781
    outer loop
      vertex 0.00222268775827672 11.060842137038708 1.917179808113076
      vertex 0.6522226862681606 11.060842137038708 0.7913467857742589
      vertex 0.6588527255965033 11.022354285418988 0.795174640765218
    endloop
  endfacet
  facet normal -0.8641711812218545 -0.06540305340095273 -0.4989294641043529
    outer loop
      vertex 0 11.099999997019768 1.9158965387375133
      vertex 0.6499999985098839 11.099999997019768 0.7900635163986962
      vertex 0.6522226862681606 11.060842137038708 0.7913467857742589
    endloop
  endfacet
  facet normal -0.4811379281583529 0.8314696178754724 -0.27778511233956293
    outer loop
      vertex 0.12990380927719514 11.95980762243271 1.9908965379924553
      vertex 0.779903807787079 11.95980762243271 0.8650635156536381
      vertex 0.7516467568619589 11.938006001710892 0.8487492996955197
    endloop
  endfacet
  facet normal -0.5710102039473041 0.7518398295630605 -0.329672894958998
    outer loop
      vertex 0.10164675835207504 11.938006001710892 1.9745823220343368
      vertex 0.7516467568619589 11.938006001710892 0.8487492996955197
      vertex 0.7260958843377097 11.912132035195828 0.8339974965656083
    endloop
  endfacet
  facet normal -0.6511123919786688 0.6593457899178722 -0.3759199147815843
    outer loop
      vertex 0.07609588582782578 11.912132035195828 1.9598305189044254
      vertex 0.7260958843377097 11.912132035195828 0.8339974965656083
      vertex 0.7036883720389966 11.882628428936005 0.8210605133080762
    endloop
  endfacet
  facet normal -0.7200738115550102 0.5555702246792815 -0.41573480893768366
    outer loop
      vertex 0.05368837352911271 11.882628428936005 1.9468935356468933
      vertex 0.7036883720389966 11.882628428936005 0.8210605133080762
      vertex 0.6848076146502251 11.849999997019768 0.8101597029471677
    endloop
  endfacet
  facet normal -0.7767145741430566 0.44228869955233446 -0.44843636846499774
    outer loop
      vertex 0.034807616140341224 11.849999997019768 1.9359927252859848
      vertex 0.6848076146502251 11.849999997019768 0.8101597029471677
      vertex 0.6697766705375585 11.814805026352406 0.8014815833175462
    endloop
  endfacet
  facet normal -0.8660254037844394 0 -0.4999999999999988
    outer loop
      vertex 0 11.699999998509885 1.9158965387375133
      vertex 0.6499999985098839 11.699999998509885 0.7900635163986962
      vertex 0.6499999985098839 11.099999997019768 0.7900635163986962
    endloop
  endfacet
  facet normal -0.8200655682399003 0.3214393956095418 -0.47346507657644826
    outer loop
      vertex 0.019776672027674636 11.814805026352406 1.9273146056563633
      vertex 0.6697766705375585 11.814805026352406 0.8014815833175462
      vertex 0.6588527255965033 11.777645710110665 0.795174640765218
    endloop
  endfacet
  facet normal -0.8493849672165208 0.19509032939159643 -0.4903926394680781
    outer loop
      vertex 0.008852727086619439 11.777645710110665 1.9210076631040351
      vertex 0.6588527255965033 11.777645710110665 0.795174640765218
      vertex 0.6522226862681606 11.739157858490945 0.7913467857742589
    endloop
  endfacet
  facet normal -0.8641711812218544 0.0654030534009549 -0.49892946410435285
    outer loop
      vertex 0.00222268775827672 11.739157858490945 1.917179808113076
      vertex 0.6522226862681606 11.739157858490945 0.7913467857742589
      vertex 0.6499999985098839 11.699999998509885 0.7900635163986962
    endloop
  endfacet
  facet normal -0.500000000000006 0 0.8660254037844352
    outer loop
      vertex 3.464582560809305 2.7999999970197678 2.415063516398689
      vertex 3.16147366819429 2.899999998509884 2.240063515653638
      vertex 3.16147366819429 2.7999999970197678 2.240063515653638
    endloop
  endfacet
  facet normal -0.5000000000000222 -6.552650172165736e-14 0.8660254037844257
    outer loop
      vertex 3.464582560809305 2.7999999970197678 2.415063516398689
      vertex 3.1592509804360134 2.939157858490944 2.2387802462780755
      vertex 3.16147366819429 2.899999998509884 2.240063515653638
    endloop
  endfacet
  facet normal -0.4999999999999774 6.548128006888381e-14 0.8660254037844517
    outer loop
      vertex 3.464582560809305 2.7999999970197678 2.415063516398689
      vertex 3.1526209411076707 2.9776457101106644 2.2349523912871163
      vertex 3.1592509804360134 2.939157858490944 2.2387802462780755
    endloop
  endfacet
  facet normal -0.5000000000000397 -7.969435349208622e-14 0.8660254037844157
    outer loop
      vertex 3.464582560809305 2.7999999970197678 2.415063516398689
      vertex 3.1416969961666155 3.0148050263524055 2.228645448734788
      vertex 3.1526209411076707 2.9776457101106644 2.2349523912871163
    endloop
  endfacet
  facet normal -0.49999999999970574 9.164735006402282e-15 0.8660254037846086
    outer loop
      vertex 3.7243901806541686 2.663278571950727 2.565063515653634
      vertex 3.509798162811208 11.203422051668166 2.4411687563860625
      vertex 3.7095315334764507 2.6828427091240883 2.5564848717057913
    endloop
  endfacet
  facet normal -0.5000000000000573 -1.8691563137667198e-15 0.8660254037844056
    outer loop
      vertex 3.7095315334764507 2.6828427091240883 2.5564848717057913
      vertex 3.464582560809305 11.2 2.415063516398689
      vertex 3.675463703444109 2.717341333627701 2.5368158008659094
    endloop
  endfacet
  facet normal -0.5000000000000405 -1.3107860689582864e-15 0.8660254037844152
    outer loop
      vertex 3.675463703444109 2.717341333627701 2.5368158008659094
      vertex 3.464582560809305 11.2 2.415063516398689
      vertex 3.637787644147153 2.74641016125679 2.5150635178888052
    endloop
  endfacet
  facet normal -0.49999999999994704 1.245503207603773e-15 0.8660254037844692
    outer loop
      vertex 3.637787644147153 2.74641016125679 2.5150635178888052
      vertex 3.464582560809305 11.2 2.415063516398689
      vertex 3.5971479882677073 2.7695518136024475 2.491600201627037
    endloop
  endfacet
  facet normal -0.49999999999999706 1.932724700777514e-16 0.8660254037844403
    outer loop
      vertex 3.5971479882677073 2.7695518136024475 2.491600201627037
      vertex 3.464582560809305 11.2 2.415063516398689
      vertex 3.5542401100991583 2.7863703295588493 2.4668273266160696
    endloop
  endfacet
  facet normal -0.49999999999996964 5.829982560694907e-16 0.8660254037844561
    outer loop
      vertex 3.5542401100991583 2.7863703295588493 2.4668273266160696
      vertex 3.464582560809305 11.2 2.415063516398689
      vertex 3.509798162811208 2.7965779453516006 2.4411687563860625
    endloop
  endfacet
  facet normal -0.500000000000051 0 0.8660254037844092
    outer loop
      vertex 3.509798162811208 2.7965779453516006 2.4411687563860625
      vertex 3.464582560809305 11.2 2.415063516398689
      vertex 3.464582560809305 2.7999999970197678 2.415063516398689
    endloop
  endfacet
  facet normal 0.8660254037844552 0 0.49999999999997113
    outer loop
      vertex 3.7243901806541686 2.663278571950727 2.565063515653634
      vertex 3.799390182144279 2.663278571950727 2.435159702505011
      vertex 3.799390182144279 11.33672142506904 2.435159702505011
    endloop
  endfacet
  facet normal -0.4999999999999998 9.950501287411554e-18 0.8660254037844387
    outer loop
      vertex 3.464582560809305 2.7999999970197678 2.415063516398689
      vertex 2.6851596961128337 10.799999999999997 1.9650635156536325
      vertex 3.1416969961666155 3.0148050263524055 2.228645448734788
    endloop
  endfacet
  facet normal -0.4999999999999615 2.9986463794372556e-15 0.8660254037844609
    outer loop
      vertex 3.1416969961666155 3.0148050263524055 2.228645448734788
      vertex 2.6851596961128337 10.799999999999997 1.9650635156536325
      vertex 3.126666052053949 3.0499999970197678 2.2199673291051667
    endloop
  endfacet
  facet normal -0.49999999999989597 7.97163847114949e-15 0.8660254037844988
    outer loop
      vertex 3.126666052053949 3.0499999970197678 2.2199673291051667
      vertex 2.6851596961128337 10.799999999999997 1.9650635156536325
      vertex 3.1077852946651774 3.0826284289360046 2.209066518744258
    endloop
  endfacet
  facet normal -0.5000000000000082 -2.2470380784427457e-16 0.8660254037844339
    outer loop
      vertex 3.1077852946651774 3.0826284289360046 2.209066518744258
      vertex 2.6851596961128337 10.799999999999997 1.9650635156536325
      vertex 3.0853777823664643 3.1121320351958275 2.196129535486726
    endloop
  endfacet
  facet normal -0.5000000000001688 -1.1367684249770274e-14 0.8660254037843411
    outer loop
      vertex 3.0853777823664643 3.1121320351958275 2.196129535486726
      vertex 2.6851596961128337 10.799999999999997 1.9650635156536325
      vertex 3.059826909842215 3.1380060017108917 2.1813777323568146
    endloop
  endfacet
  facet normal -0.49999999999989003 6.807168034796194e-15 0.8660254037845022
    outer loop
      vertex 3.059826909842215 3.1380060017108917 2.1813777323568146
      vertex 2.6851596961128337 10.799999999999997 1.9650635156536325
      vertex 3.031569858917095 3.1598076224327087 2.165063516398696
    endloop
  endfacet
  facet normal -0.5000000000000154 -7.748030654950351e-16 0.8660254037844298
    outer loop
      vertex 3.031569858917095 3.1598076224327087 2.165063516398696
      vertex 2.6851596961128337 10.799999999999997 1.9650635156536325
      vertex 3.0010901202337124 3.1771638616919518 2.147466031065015
    endloop
  endfacet
  facet normal -0.5000000000000162 -8.155120719258632e-16 0.8660254037844293
    outer loop
      vertex 3.0010901202337124 3.1771638616919518 2.147466031065015
      vertex 2.6851596961128337 10.799999999999997 1.9650635156536325
      vertex 2.968909208381106 3.189777746796608 2.1288863729441445
    endloop
  endfacet
  facet normal -0.49999999999999306 0 0.8660254037844427
    outer loop
      vertex 2.901666049639914 3.1999999955296516 2.0900635171437543
      vertex 2.6851596961128337 3.1999999999999993 1.9650635156536325
      vertex 2.6851596961128337 3.1999999955296516 1.9650635156536325
    endloop
  endfacet
  facet normal -0.49999999999995126 2.4133808369340345e-15 0.8660254037844668
    outer loop
      vertex 2.968909208381106 3.189777746796608 2.1288863729441445
      vertex 2.6851596961128337 10.799999999999997 1.9650635156536325
      vertex 2.935577751141338 3.1974334567785263 2.1096424471342843
    endloop
  endfacet
  facet normal -0.5000000000000905 -3.700681399458705e-15 0.8660254037843865
    outer loop
      vertex 2.935577751141338 3.1974334567785263 2.1096424471342843
      vertex 2.6851596961128337 10.799999999999997 1.9650635156536325
      vertex 2.901666049639914 3.1999999955296516 2.0900635171437543
    endloop
  endfacet
  facet normal -0.499999999999993 0 0.8660254037844426
    outer loop
      vertex 2.901666049639914 3.1999999955296516 2.0900635171437543
      vertex 2.6851596961128337 10.799999999999997 1.9650635156536325
      vertex 2.6851596961128337 3.1999999999999993 1.9650635156536325
    endloop
  endfacet
  facet normal 0.8660254037844377 0 0.5000000000000016
    outer loop
      vertex 3.799390182144279 2 2.435159702505011
      vertex 4.899390181399227 2 0.5299038154697229
      vertex 3.799390182144279 2.663278571950727 2.435159702505011
    endloop
  endfacet
  facet normal 0 -1 0
    outer loop
      vertex 3.799390182144279 2 2.435159702505011
      vertex 3.9815698585385917 2 4.998426561542146e-9
      vertex 4.899390181399227 2 0.5299038154697229
    endloop
  endfacet
  facet normal 0.8660254037844377 0 0.5000000000000017
    outer loop
      vertex 3.799390182144279 2.663278571950727 2.435159702505011
      vertex 4.899390181399227 2 0.5299038154697229
      vertex 3.799390182144279 11.33672142506904 2.435159702505011
    endloop
  endfacet
  facet normal 0.49999999999999967 0 -0.8660254037844389
    outer loop
      vertex 4.899390181399227 2 0.5299038154697229
      vertex 3.9815698585385917 2 4.998426561542146e-9
      vertex 4.899390181399227 12 0.5299038154697229
    endloop
  endfacet
  facet normal 0 -1 0
    outer loop
      vertex 3.799390182144279 2 2.435159702505011
      vertex 1.7209292130616092 2 1.2351597025050083
      vertex 3.9815698585385917 2 4.998426561542146e-9
    endloop
  endfacet
  facet normal -0.5000000000000553 -7.794047931453394e-16 0.8660254037844067
    outer loop
      vertex 3.7243901806541686 2.663278571950727 2.565063515653634
      vertex 3.7095315334764507 11.317157287895679 2.5564848717057913
      vertex 3.675463703444109 11.282658663392066 2.5368158008659094
    endloop
  endfacet
  facet normal -0.4999999999997149 0 0.8660254037846032
    outer loop
      vertex 3.7243901806541686 2.663278571950727 2.565063515653634
      vertex 3.7243901806541686 11.33672142506904 2.565063515653634
      vertex 3.7095315334764507 11.317157287895679 2.5564848717057913
    endloop
  endfacet
  facet normal 0.8660254037844552 0 0.49999999999997113
    outer loop
      vertex 3.7243901806541686 2.663278571950727 2.565063515653634
      vertex 3.799390182144279 11.33672142506904 2.435159702505011
      vertex 3.7243901806541686 11.33672142506904 2.565063515653634
    endloop
  endfacet
  facet normal -0.5000000000000393 -6.586543392158604e-16 0.8660254037844158
    outer loop
      vertex 3.7243901806541686 2.663278571950727 2.565063515653634
      vertex 3.675463703444109 11.282658663392066 2.5368158008659094
      vertex 3.637787644147153 11.253589835762977 2.5150635178888052
    endloop
  endfacet
  facet normal -0.4999999999999479 5.733512072768764e-16 0.8660254037844688
    outer loop
      vertex 3.7243901806541686 2.663278571950727 2.565063515653634
      vertex 3.637787644147153 11.253589835762977 2.5150635178888052
      vertex 3.5971479882677073 11.23044818341732 2.491600201627037
    endloop
  endfacet
  facet normal -0.4999999999999969 -4.063174870990203e-16 0.8660254037844404
    outer loop
      vertex 3.7243901806541686 2.663278571950727 2.565063515653634
      vertex 3.5971479882677073 11.23044818341732 2.491600201627037
      vertex 3.5542401100991583 11.213629667460918 2.4668273266160696
    endloop
  endfacet
  facet normal -0.4999999999999701 3.1484250153852153e-16 0.8660254037844559
    outer loop
      vertex 3.7243901806541686 2.663278571950727 2.565063515653634
      vertex 3.5542401100991583 11.213629667460918 2.4668273266160696
      vertex 3.509798162811208 11.203422051668166 2.4411687563860625
    endloop
  endfacet
  facet normal -0.5000000000000505 -1.6192987241670387e-15 0.8660254037844094
    outer loop
      vertex 3.7095315334764507 2.6828427091240883 2.5564848717057913
      vertex 3.509798162811208 11.203422051668166 2.4411687563860625
      vertex 3.464582560809305 11.2 2.415063516398689
    endloop
  endfacet
  facet normal -0.5000000000000061 0 0.8660254037844353
    outer loop
      vertex 3.464582560809305 2.7999999970197678 2.415063516398689
      vertex 3.464582560809305 11.2 2.415063516398689
      vertex 3.16147366819429 11.2 2.240063515653638
    endloop
  endfacet
  facet normal -0.5000000000002155 -1.0659636318937944e-14 0.8660254037843141
    outer loop
      vertex 3.464582560809305 2.7999999970197678 2.415063516398689
      vertex 3.1592509804360134 11.060842137038708 2.2387802462780755
      vertex 3.1526209411076707 11.022354285418988 2.2349523912871163
    endloop
  endfacet
  facet normal -0.49999999999996797 1.6096807980921046e-15 0.866025403784457
    outer loop
      vertex 3.464582560809305 2.7999999970197678 2.415063516398689
      vertex 3.1416969961666155 10.985194969177247 2.228645448734788
      vertex 3.126666052053949 10.949999998509885 2.2199673291051667
    endloop
  endfacet
  facet normal -0.4999999999998557 7.584692240472108e-15 0.8660254037845219
    outer loop
      vertex 3.464582560809305 2.7999999970197678 2.415063516398689
      vertex 3.1526209411076707 11.022354285418988 2.2349523912871163
      vertex 3.1416969961666155 10.985194969177247 2.228645448734788
    endloop
  endfacet
  facet normal -0.4999999999999134 4.7373275448605496e-15 0.8660254037844886
    outer loop
      vertex 3.464582560809305 2.7999999970197678 2.415063516398689
      vertex 3.126666052053949 10.949999998509885 2.2199673291051667
      vertex 3.1077852946651774 10.917371566593648 2.209066518744258
    endloop
  endfacet
  facet normal -0.49999999999949307 2.5172861664565117e-14 0.8660254037847313
    outer loop
      vertex 3.464582560809305 2.7999999970197678 2.415063516398689
      vertex 3.16147366819429 11.099999997019768 2.240063515653638
      vertex 3.1592509804360134 11.060842137038708 2.2387802462780755
    endloop
  endfacet
  facet normal -0.5000000000000041 0 0.8660254037844363
    outer loop
      vertex 3.464582560809305 2.7999999970197678 2.415063516398689
      vertex 3.16147366819429 11.2 2.240063515653638
      vertex 3.16147366819429 11.099999997019768 2.240063515653638
    endloop
  endfacet
  facet normal -0.5000000000000067 -8.119905823764594e-16 0.8660254037844348
    outer loop
      vertex 3.464582560809305 2.7999999970197678 2.415063516398689
      vertex 3.1077852946651774 10.917371566593648 2.209066518744258
      vertex 3.0853777823664643 10.887867960333825 2.196129535486726
    endloop
  endfacet
  facet normal -0.5000000000001524 -9.882935697877552e-15 0.8660254037843506
    outer loop
      vertex 3.464582560809305 2.7999999970197678 2.415063516398689
      vertex 3.0853777823664643 10.887867960333825 2.196129535486726
      vertex 3.059826909842215 10.86199399381876 2.1813777323568146
    endloop
  endfacet
  facet normal -0.499999999999898 7.110571545921414e-15 0.8660254037844975
    outer loop
      vertex 3.464582560809305 2.7999999970197678 2.415063516398689
      vertex 3.059826909842215 10.86199399381876 2.1813777323568146
      vertex 3.031569858917095 10.840192373096944 2.165063516398696
    endloop
  endfacet
  facet normal -0.5000000000000148 -1.1895826346844119e-15 0.8660254037844302
    outer loop
      vertex 3.464582560809305 2.7999999970197678 2.415063516398689
      vertex 3.031569858917095 10.840192373096944 2.165063516398696
      vertex 3.0010901202337124 10.8228361338377 2.147466031065015
    endloop
  endfacet
  facet normal -0.500000000000016 -1.3655924865666479e-15 0.8660254037844294
    outer loop
      vertex 3.464582560809305 2.7999999970197678 2.415063516398689
      vertex 3.0010901202337124 10.8228361338377 2.147466031065015
      vertex 2.968909208381106 10.810222248733044 2.1288863729441445
    endloop
  endfacet
  facet normal -0.49999999999995215 3.905760027151083e-15 0.8660254037844662
    outer loop
      vertex 3.464582560809305 2.7999999970197678 2.415063516398689
      vertex 2.968909208381106 10.810222248733044 2.1288863729441445
      vertex 2.935577751141338 10.802566538751126 2.1096424471342843
    endloop
  endfacet
  facet normal -0.5000000000000894 -8.196295269470163e-15 0.8660254037843872
    outer loop
      vertex 3.464582560809305 2.7999999970197678 2.415063516398689
      vertex 2.935577751141338 10.802566538751126 2.1096424471342843
      vertex 2.901666049639914 10.8 2.0900635171437543
    endloop
  endfacet
  facet normal -0.4999999999999931 8.604228335068722e-16 0.8660254037844426
    outer loop
      vertex 3.464582560809305 2.7999999970197678 2.415063516398689
      vertex 2.901666049639914 10.8 2.0900635171437543
      vertex 2.6851596961128337 10.799999999999997 1.9650635156536325
    endloop
  endfacet
  facet normal 0.8660254037844375 0 0.5000000000000021
    outer loop
      vertex 4.899390181399227 2 0.5299038154697229
      vertex 3.799390182144279 12 2.435159702505011
      vertex 3.799390182144279 11.33672142506904 2.435159702505011
    endloop
  endfacet
  facet normal 0.8660254037844377 0 0.5000000000000017
    outer loop
      vertex 4.899390181399227 2 0.5299038154697229
      vertex 4.899390181399227 12 0.5299038154697229
      vertex 3.799390182144279 12 2.435159702505011
    endloop
  endfacet
  facet normal 0.49999999999999967 0 -0.8660254037844389
    outer loop
      vertex 3.9815698585385917 2 4.998426561542146e-9
      vertex 3.9815698585385917 12 4.998426561542146e-9
      vertex 4.899390181399227 12 0.5299038154697229
    endloop
  endfacet
  facet normal 0 1 0
    outer loop
      vertex 3.799390182144279 12 2.435159702505011
      vertex 4.899390181399227 12 0.5299038154697229
      vertex 1.7209292130616092 12 1.2351597025050083
    endloop
  endfacet
  facet normal 0 1 0
    outer loop
      vertex 4.899390181399227 12 0.5299038154697229
      vertex 3.9815698585385917 12 4.998426561542146e-9
      vertex 1.7209292130616092 12 1.2351597025050083
    endloop
  endfacet
  facet normal 0 -1 0
    outer loop
      vertex 1.6459292115714987 2 1.365063515653631
      vertex 0.9098076170642599 2 0.9400635149085801
      vertex 1.7209292130616092 2 1.2351597025050083
    endloop
  endfacet
  facet normal -0.4999999999999793 0 0.8660254037844506
    outer loop
      vertex 1.1263139693008526 3.1999999955296516 1.0650635156536339
      vertex 1.1263139693008526 3.210000000000001 1.0650635156536339
      vertex 0.9098076170642599 3.1999999955296516 0.9400635149085801
    endloop
  endfacet
  facet normal -0.49999999999997924 0 0.8660254037844506
    outer loop
      vertex 1.1263139693008526 3.210000000000001 1.0650635156536339
      vertex 1.1263139693008526 9.648126511061086 1.0650635156536339
      vertex 0.9098076170642599 3.1999999955296516 0.9400635149085801
    endloop
  endfacet
  facet normal 0 -1 0
    outer loop
      vertex 1.7209292130616092 2 1.2351597025050083
      vertex 0.9098076170642599 2 0.9400635149085801
      vertex 0.08708348217855644 2 0.46506351416351777
    endloop
  endfacet
  facet normal -0.49999999999999956 1.5979698315173304e-12 0.866025403784439
    outer loop
      vertex 0.9098076170642599 2 0.9400635149085801
      vertex 0.8758959155628361 2.0025665387511253 0.9204845849180501
      vertex 0.08708348217855644 2 0.46506351416351777
    endloop
  endfacet
  facet normal -0.49999999999999506 -2.519202766895447e-13 0.8660254037844415
    outer loop
      vertex 0.8758959155628361 2.0025665387511253 0.9204845849180501
      vertex 0.8425644583230678 2.0102222487330437 0.9012406591081898
      vertex 0.08708348217855644 2 0.46506351416351777
    endloop
  endfacet
  facet normal -0.4999999999999982 6.034547710967542e-14 0.8660254037844397
    outer loop
      vertex 0.8425644583230678 2.0102222487330437 0.9012406591081898
      vertex 0.8103835464704616 2.0228361338377 0.8826610009873193
      vertex 0.08708348217855644 2 0.46506351416351777
    endloop
  endfacet
  facet normal -0.4999999999999977 4.0704810675790794e-14 0.8660254037844399
    outer loop
      vertex 0.8103835464704616 2.0228361338377 0.8826610009873193
      vertex 0.779903807787079 2.040192373096943 0.8650635156536381
      vertex 0.08708348217855644 2 0.46506351416351777
    endloop
  endfacet
  facet normal -0.4999999999999889 -1.6391923493903101e-13 0.8660254037844451
    outer loop
      vertex 0.779903807787079 2.040192373096943 0.8650635156536381
      vertex 0.7516467568619589 2.06199399381876 0.8487492996955197
      vertex 0.08708348217855644 2 0.46506351416351777
    endloop
  endfacet
  facet normal -0.5000000000000138 1.927204508825257e-13 0.8660254037844307
    outer loop
      vertex 0.7516467568619589 2.06199399381876 0.8487492996955197
      vertex 0.7260958843377097 2.087867960333824 0.8339974965656083
      vertex 0.08708348217855644 2 0.46506351416351777
    endloop
  endfacet
  facet normal -0.4999999999999952 1.2987017744830475e-14 0.8660254037844414
    outer loop
      vertex 0.7260958843377097 2.087867960333824 0.8339974965656083
      vertex 0.7036883720389966 2.117371566593647 0.8210605133080762
      vertex 0.08708348217855644 2 0.46506351416351777
    endloop
  endfacet
  facet normal -0.49999999999998473 -6.053674950313744e-14 0.8660254037844474
    outer loop
      vertex 0.7036883720389966 2.117371566593647 0.8210605133080762
      vertex 0.6848076146502251 2.149999998509884 0.8101597029471677
      vertex 0.08708348217855644 2 0.46506351416351777
    endloop
  endfacet
  facet normal -0.4999999999999933 -1.5157613430554958e-14 0.8660254037844425
    outer loop
      vertex 0.6848076146502251 2.149999998509884 0.8101597029471677
      vertex 0.6697766705375585 2.185194969177246 0.8014815833175462
      vertex 0.08708348217855644 2 0.46506351416351777
    endloop
  endfacet
  facet normal -0.4999999999999832 -5.769581360575701e-14 0.8660254037844483
    outer loop
      vertex 0.6697766705375585 2.185194969177246 0.8014815833175462
      vertex 0.6588527255965033 2.2223542854189873 0.795174640765218
      vertex 0.08708348217855644 2 0.46506351416351777
    endloop
  endfacet
  facet normal -0.5000000000000165 5.679973498664082e-14 0.8660254037844292
    outer loop
      vertex 0.6588527255965033 2.2223542854189873 0.795174640765218
      vertex 0.6522226862681606 2.2608421370387077 0.7913467857742589
      vertex 0.08708348217855644 2 0.46506351416351777
    endloop
  endfacet
  facet normal -0.49999999999997546 -6.188690748000628e-14 0.8660254037844528
    outer loop
      vertex 0.6522226862681606 2.2608421370387077 0.7913467857742589
      vertex 0.6499999985098839 2.2999999970197678 0.7900635163986962
      vertex 0.08708348217855644 2 0.46506351416351777
    endloop
  endfacet
  facet normal -0.5000000000000154 -2.0300818735676843e-15 0.8660254037844297
    outer loop
      vertex 0.8425644583230678 3.189777746796608 0.9012406591081898
      vertex 0.08708348217855644 12 0.46506351416351777
      vertex 0.8103835464704616 3.1771638616919518 0.8826610009873193
    endloop
  endfacet
  facet normal -0.5000000000000142 -1.9161120179712453e-15 0.8660254037844304
    outer loop
      vertex 0.8103835464704616 3.1771638616919518 0.8826610009873193
      vertex 0.08708348217855644 12 0.46506351416351777
      vertex 0.779903807787079 3.1598076224327087 0.8650635156536381
    endloop
  endfacet
  facet normal -0.5000000000000896 -1.1227324279141122e-14 0.866025403784387
    outer loop
      vertex 0.9098076170642599 3.1999999955296516 0.9400635149085801
      vertex 0.08708348217855644 12 0.46506351416351777
      vertex 0.8758959155628361 3.1974334567785263 0.9204845849180501
    endloop
  endfacet
  facet normal -0.4999999999999525 5.15251953126524e-15 0.866025403784466
    outer loop
      vertex 0.8758959155628361 3.1974334567785263 0.9204845849180501
      vertex 0.08708348217855644 12 0.46506351416351777
      vertex 0.8425644583230678 3.189777746796608 0.9012406591081898
    endloop
  endfacet
  facet normal -0.4999999999998998 1.004936817732053e-14 0.8660254037844964
    outer loop
      vertex 0.779903807787079 3.1598076224327087 0.8650635156536381
      vertex 0.08708348217855644 12 0.46506351416351777
      vertex 0.7516467568619589 3.1380060017108917 0.8487492996955197
    endloop
  endfacet
  facet normal -0.5000000000001489 -1.4855013206260704e-14 0.8660254037843527
    outer loop
      vertex 0.7516467568619589 3.1380060017108917 0.8487492996955197
      vertex 0.08708348217855644 12 0.46506351416351777
      vertex 0.7260958843377097 3.1121320351958275 0.8339974965656083
    endloop
  endfacet
  facet normal -0.5000000000000069 -1.2403966974255199e-15 0.8660254037844347
    outer loop
      vertex 0.7260958843377097 3.1121320351958275 0.8339974965656083
      vertex 0.08708348217855644 12 0.46506351416351777
      vertex 0.7036883720389966 3.0826284289360046 0.8210605133080762
    endloop
  endfacet
  facet normal -0.5000000000000001 0 0.8660254037844384
    outer loop
      vertex 0.6499999985098839 2.2999999970197678 0.7900635163986962
      vertex 0.6499999985098839 2.899999998509884 0.7900635163986962
      vertex 0.08708348217855644 12 0.46506351416351777
    endloop
  endfacet
  facet normal -0.5000000000001928 -1.6299225511855277e-14 0.8660254037843272
    outer loop
      vertex 0.6522226862681606 2.939157858490944 0.7913467857742589
      vertex 0.6588527255965033 2.9776457101106644 0.795174640765218
      vertex 0.08708348217855644 12 0.46506351416351777
    endloop
  endfacet
  facet normal -0.49999999999986505 1.1401571158892171e-14 0.8660254037845165
    outer loop
      vertex 0.6697766705375585 3.0148050263524055 0.8014815833175462
      vertex 0.08708348217855644 12 0.46506351416351777
      vertex 0.6588527255965033 2.9776457101106644 0.795174640765218
    endloop
  endfacet
  facet normal -0.49999999999991557 7.173403609774074e-15 0.8660254037844873
    outer loop
      vertex 0.6848076146502251 3.0499999970197678 0.8101597029471677
      vertex 0.7036883720389966 3.0826284289360046 0.8210605133080762
      vertex 0.08708348217855644 12 0.46506351416351777
    endloop
  endfacet
  facet normal -0.49999999999997075 2.269447361418855e-15 0.8660254037844556
    outer loop
      vertex 0.6848076146502251 3.0499999970197678 0.8101597029471677
      vertex 0.08708348217855644 12 0.46506351416351777
      vertex 0.6697766705375585 3.0148050263524055 0.8014815833175462
    endloop
  endfacet
  facet normal -0.4999999999995971 3.3251485707592374e-14 0.8660254037846713
    outer loop
      vertex 0.6499999985098839 2.899999998509884 0.7900635163986962
      vertex 0.6522226862681606 2.939157858490944 0.7913467857742589
      vertex 0.08708348217855644 12 0.46506351416351777
    endloop
  endfacet
  facet normal -0.5000000000000002 0 0.8660254037844385
    outer loop
      vertex 0.6499999985098839 2.2999999970197678 0.7900635163986962
      vertex 0.08708348217855644 12 0.46506351416351777
      vertex 0.08708348217855644 2 0.46506351416351777
    endloop
  endfacet
  facet normal -0.8660254037844367 0 -0.5000000000000033
    outer loop
      vertex 0.08708348217855644 2 0.46506351416351777
      vertex 0.35558802727113914 12 0
      vertex 0.35558802727113914 2 0
    endloop
  endfacet
  facet normal 0 -1 0
    outer loop
      vertex 3.9815698585385917 2 4.998426561542146e-9
      vertex 1.7209292130616092 2 1.2351597025050083
      vertex 0.08708348217855644 2 0.46506351416351777
    endloop
  endfacet
  facet normal 1.3785029253152543e-9 0 -1
    outer loop
      vertex 3.9815698585385917 2 4.998426561542146e-9
      vertex 0.35558802727113914 2 0
      vertex 3.9815698585385917 12 4.998426561542146e-9
    endloop
  endfacet
  facet normal 0 -1 0
    outer loop
      vertex 3.9815698585385917 2 4.998426561542146e-9
      vertex 0.08708348217855644 2 0.46506351416351777
      vertex 0.35558802727113914 2 0
    endloop
  endfacet
  facet normal -0.4999999999999793 0 0.8660254037844506
    outer loop
      vertex 1.1263139693008526 9.648126511061086 1.0650635156536339
      vertex 1.1263139693008526 10.79 1.0650635156536339
      vertex 0.9098076170642599 10.8 0.9400635149085801
    endloop
  endfacet
  facet normal -0.5 0 0.8660254037844385
    outer loop
      vertex 1.6459292115714987 11.999999995529652 1.365063515653631
      vertex 1.6459292115714987 12 1.365063515653631
      vertex 0.9098076170642599 11.999999995529652 0.9400635149085801
    endloop
  endfacet
  facet normal -0.4999999999999793 0 0.8660254037844505
    outer loop
      vertex 1.1263139693008526 10.8 1.0650635156536339
      vertex 0.9098076170642599 10.8 0.9400635149085801
      vertex 1.1263139693008526 10.79 1.0650635156536339
    endloop
  endfacet
  facet normal 0 1 0
    outer loop
      vertex 1.6459292115714987 12 1.365063515653631
      vertex 1.7209292130616092 12 1.2351597025050083
      vertex 0.08708348217855644 12 0.46506351416351777
    endloop
  endfacet
  facet normal -0.4999999999999942 6.667429340301486e-16 0.866025403784442
    outer loop
      vertex 0.9098076170642599 3.1999999955296516 0.9400635149085801
      vertex 1.1263139693008526 9.648126511061086 1.0650635156536339
      vertex 0.08708348217855644 12 0.46506351416351777
    endloop
  endfacet
  facet normal -0.5000000000000917 -2.824668331078699e-14 0.8660254037843855
    outer loop
      vertex 1.1263139693008526 9.648126511061086 1.0650635156536339
      vertex 0.9098076170642599 10.8 0.9400635149085801
      vertex 0.8758959155628361 10.802566538751126 0.9204845849180501
    endloop
  endfacet
  facet normal -0.499999999999949 1.298427023438517e-14 0.8660254037844682
    outer loop
      vertex 1.1263139693008526 9.648126511061086 1.0650635156536339
      vertex 0.8758959155628361 10.802566538751126 0.9204845849180501
      vertex 0.8425644583230678 10.810222248733044 0.9012406591081898
    endloop
  endfacet
  facet normal -0.5000000000000189 -9.595447184423567e-15 0.8660254037844277
    outer loop
      vertex 1.1263139693008526 9.648126511061086 1.0650635156536339
      vertex 0.8425644583230678 10.810222248733044 0.9012406591081898
      vertex 0.8103835464704616 10.8228361338377 0.8826610009873193
    endloop
  endfacet
  facet normal -0.5000000000000187 -9.512874005788023e-15 0.8660254037844278
    outer loop
      vertex 1.1263139693008526 9.648126511061086 1.0650635156536339
      vertex 0.8103835464704616 10.8228361338377 0.8826610009873193
      vertex 0.779903807787079 10.840192373096944 0.8650635156536381
    endloop
  endfacet
  facet normal -0.49999999999986505 5.0130881457943224e-14 0.8660254037845165
    outer loop
      vertex 1.1263139693008526 9.648126511061086 1.0650635156536339
      vertex 0.779903807787079 10.840192373096944 0.8650635156536381
      vertex 0.7516467568619589 10.86199399381876 0.8487492996955197
    endloop
  endfacet
  facet normal -0.5000000000002396 -1.0371847158480333e-13 0.8660254037843003
    outer loop
      vertex 1.1263139693008526 9.648126511061086 1.0650635156536339
      vertex 0.7516467568619589 10.86199399381876 0.8487492996955197
      vertex 0.7260958843377097 10.887867960333825 0.8339974965656083
    endloop
  endfacet
  facet normal -0.5000000000000149 -7.52490855432654e-15 0.86602540378443
    outer loop
      vertex 1.1263139693008526 9.648126511061086 1.0650635156536339
      vertex 0.7260958843377097 10.887867960333825 0.8339974965656083
      vertex 0.7036883720389966 10.917371566593648 0.8210605133080762
    endloop
  endfacet
  facet normal -0.8660254037844367 0 -0.5000000000000033
    outer loop
      vertex 0.08708348217855644 2 0.46506351416351777
      vertex 0.08708348217855644 12 0.46506351416351777
      vertex 0.35558802727113914 12 0
    endloop
  endfacet
  facet normal -0.4999999999997845 9.685972316677559e-14 0.8660254037845632
    outer loop
      vertex 1.1263139693008526 9.648126511061086 1.0650635156536339
      vertex 0.7036883720389966 10.917371566593648 0.8210605133080762
      vertex 0.6848076146502251 10.949999998509885 0.8101597029471677
    endloop
  endfacet
  facet normal -0.4999999999998612 5.965139581023792e-14 0.8660254037845188
    outer loop
      vertex 1.1263139693008526 9.648126511061086 1.0650635156536339
      vertex 0.6848076146502251 10.949999998509885 0.8101597029471677
      vertex 0.6697766705375585 10.985194969177247 0.8014815833175462
    endloop
  endfacet
  facet normal -0.49999999999999895 -5.518949458389707e-8 0.8660254037844374
    outer loop
      vertex 1.6459292115714987 12 1.365063515653631
      vertex 0.08708348217855644 12 0.46506351416351777
      vertex 0.9098076170642599 11.999999995529652 0.9400635149085801
    endloop
  endfacet
  facet normal -0.5000000000000021 -3.957911928859244e-15 0.8660254037844374
    outer loop
      vertex 1.1263139693008526 9.648126511061086 1.0650635156536339
      vertex 0.6697766705375585 10.985194969177247 0.8014815833175462
      vertex 0.08708348217855644 12 0.46506351416351777
    endloop
  endfacet
  facet normal -0.49999999999999944 -1.5979697167925166e-12 0.8660254037844389
    outer loop
      vertex 0.9098076170642599 11.999999995529652 0.9400635149085801
      vertex 0.08708348217855644 12 0.46506351416351777
      vertex 0.8758959155628361 11.997433456778527 0.9204845849180501
    endloop
  endfacet
  facet normal -0.49999999999999506 2.519202705605322e-13 0.8660254037844415
    outer loop
      vertex 0.8758959155628361 11.997433456778527 0.9204845849180501
      vertex 0.08708348217855644 12 0.46506351416351777
      vertex 0.8425644583230678 11.989777746796609 0.9012406591081898
    endloop
  endfacet
  facet normal -0.49999999999999817 -6.03454762290869e-14 0.8660254037844395
    outer loop
      vertex 0.8425644583230678 11.989777746796609 0.9012406591081898
      vertex 0.08708348217855644 12 0.46506351416351777
      vertex 0.8103835464704616 11.977163861691952 0.8826610009873193
    endloop
  endfacet
  facet normal -0.49999999999999767 -4.070481025720096e-14 0.8660254037844399
    outer loop
      vertex 0.8103835464704616 11.977163861691952 0.8826610009873193
      vertex 0.08708348217855644 12 0.46506351416351777
      vertex 0.779903807787079 11.95980762243271 0.8650635156536381
    endloop
  endfacet
  facet normal -0.5000000000001659 -1.2927080578663878e-13 0.8660254037843429
    outer loop
      vertex 0.6697766705375585 10.985194969177247 0.8014815833175462
      vertex 0.6588527255965033 11.022354285418988 0.795174640765218
      vertex 0.08708348217855644 12 0.46506351416351777
    endloop
  endfacet
  facet normal -0.49999999999988975 8.590895086704812e-14 0.8660254037845023
    outer loop
      vertex 0.6588527255965033 11.022354285418988 0.795174640765218
      vertex 0.6522226862681606 11.060842137038708 0.7913467857742589
      vertex 0.08708348217855644 12 0.46506351416351777
    endloop
  endfacet
  facet normal -0.5000000000000844 -7.012285123423265e-14 0.8660254037843901
    outer loop
      vertex 0.6522226862681606 11.060842137038708 0.7913467857742589
      vertex 0.6499999985098839 11.099999997019768 0.7900635163986962
      vertex 0.08708348217855644 12 0.46506351416351777
    endloop
  endfacet
  facet normal -0.5000000000000001 0 0.8660254037844384
    outer loop
      vertex 0.6499999985098839 11.099999997019768 0.7900635163986962
      vertex 0.6499999985098839 11.699999998509885 0.7900635163986962
      vertex 0.08708348217855644 12 0.46506351416351777
    endloop
  endfacet
  facet normal -0.4999999999999889 1.6391923366405102e-13 0.8660254037844451
    outer loop
      vertex 0.779903807787079 11.95980762243271 0.8650635156536381
      vertex 0.08708348217855644 12 0.46506351416351777
      vertex 0.7516467568619589 11.938006001710892 0.8487492996955197
    endloop
  endfacet
  facet normal -0.5000000000000138 -1.92720449710317e-13 0.8660254037844307
    outer loop
      vertex 0.7516467568619589 11.938006001710892 0.8487492996955197
      vertex 0.08708348217855644 12 0.46506351416351777
      vertex 0.7260958843377097 11.912132035195828 0.8339974965656083
    endloop
  endfacet
  facet normal -0.49999999999999534 -1.2987017682353441e-14 0.8660254037844414
    outer loop
      vertex 0.7260958843377097 11.912132035195828 0.8339974965656083
      vertex 0.08708348217855644 12 0.46506351416351777
      vertex 0.7036883720389966 11.882628428936005 0.8210605133080762
    endloop
  endfacet
  facet normal -0.49999999999998473 6.053674927436932e-14 0.8660254037844475
    outer loop
      vertex 0.7036883720389966 11.882628428936005 0.8210605133080762
      vertex 0.08708348217855644 12 0.46506351416351777
      vertex 0.6848076146502251 11.849999997019768 0.8101597029471677
    endloop
  endfacet
  facet normal -0.4999999999999932 1.5157613386826874e-14 0.8660254037844425
    outer loop
      vertex 0.6848076146502251 11.849999997019768 0.8101597029471677
      vertex 0.08708348217855644 12 0.46506351416351777
      vertex 0.6697766705375585 11.814805026352406 0.8014815833175462
    endloop
  endfacet
  facet normal -0.5000000000000165 -5.6799734914944246e-14 0.8660254037844292
    outer loop
      vertex 0.6588527255965033 11.777645710110665 0.795174640765218
      vertex 0.08708348217855644 12 0.46506351416351777
      vertex 0.6522226862681606 11.739157858490945 0.7913467857742589
    endloop
  endfacet
  facet normal -0.49999999999998324 5.769581348675202e-14 0.8660254037844484
    outer loop
      vertex 0.6697766705375585 11.814805026352406 0.8014815833175462
      vertex 0.08708348217855644 12 0.46506351416351777
      vertex 0.6588527255965033 11.777645710110665 0.795174640765218
    endloop
  endfacet
  facet normal -0.4999999999999754 6.189104206726932e-14 0.8660254037844528
    outer loop
      vertex 0.6499999985098839 11.699999998509885 0.7900635163986962
      vertex 0.6522226862681606 11.739157858490945 0.7913467857742589
      vertex 0.08708348217855644 12 0.46506351416351777
    endloop
  endfacet
  facet normal 0 1 0
    outer loop
      vertex 3.9815698585385917 12 4.998426561542146e-9
      vertex 0.08708348217855644 12 0.46506351416351777
      vertex 1.7209292130616092 12 1.2351597025050083
    endloop
  endfacet
  facet normal 1.3785029253152543e-9 0 -1
    outer loop
      vertex 3.9815698585385917 12 4.998426561542146e-9
      vertex 0.35558802727113914 2 0
      vertex 0.35558802727113914 12 0
    endloop
  endfacet
  facet normal 0 1 0
    outer loop
      vertex 3.9815698585385917 12 4.998426561542146e-9
      vertex 0.35558802727113914 12 0
      vertex 0.08708348217855644 12 0.46506351416351777
    endloop
  endfacet
  facet normal 0.5000000000000014 0 -0.8660254037844378
    outer loop
      vertex 2.447659697602944 2.5 2.3764255798702862
      vertex 0.888813970790963 3.1999999955296516 1.4764255798702877
      vertex 2.447659697602944 3.1999999955296516 2.3764255798702862
    endloop
  endfacet
  facet normal -0.8660254037844346 0 -0.500000000000007
    outer loop
      vertex 2.447659697602944 2.5 2.3764255798702862
      vertex 2.447659697602944 3.1999999955296516 2.3764255798702862
      vertex 2.72265969760295 2.5 1.900111607788844
    endloop
  endfacet
  facet normal -0.8660254037844346 -4.1737708221090094e-17 -0.5000000000000069
    outer loop
      vertex 2.447659697602944 3.1999999955296516 2.3764255798702862
      vertex 2.6851596961128337 3.1999999955296516 1.9650635156536325
      vertex 2.72265969760295 2.5 1.900111607788844
    endloop
  endfacet
  facet normal -0.8660254037844344 0 -0.5000000000000074
    outer loop
      vertex 2.6851596961128337 3.1999999955296516 1.9650635156536325
      vertex 2.72265969760295 3.1999999999999993 1.900111607788844
      vertex 2.72265969760295 2.5 1.900111607788844
    endloop
  endfacet
  facet normal -0.8660254037844344 0 -0.5000000000000074
    outer loop
      vertex 2.6851596961128337 3.1999999955296516 1.9650635156536325
      vertex 2.6851596961128337 3.1999999999999993 1.9650635156536325
      vertex 2.72265969760295 3.1999999999999993 1.900111607788844
    endloop
  endfacet
  facet normal 0 1 0
    outer loop
      vertex 2.447659697602944 2.5 2.3764255798702862
      vertex 2.72265969760295 2.5 1.900111607788844
      vertex 1.1638139707909687 2.5 1.0001116077888454
    endloop
  endfacet
  facet normal -0.5000000000000014 0 0.8660254037844378
    outer loop
      vertex 2.72265969760295 2.5 1.900111607788844
      vertex 2.72265969760295 3.1999999999999993 1.900111607788844
      vertex 1.1638139707909687 2.5 1.0001116077888454
    endloop
  endfacet
  facet normal 0.5000000000000014 0 -0.8660254037844378
    outer loop
      vertex 2.447659697602944 2.5 2.3764255798702862
      vertex 0.888813970790963 2.5 1.4764255798702877
      vertex 0.888813970790963 3.1999999955296516 1.4764255798702877
    endloop
  endfacet
  facet normal 0 1 0
    outer loop
      vertex 2.447659697602944 2.5 2.3764255798702862
      vertex 1.1638139707909687 2.5 1.0001116077888454
      vertex 0.888813970790963 2.5 1.4764255798702877
    endloop
  endfacet
  facet normal -0.5000000000000014 0 0.8660254037844378
    outer loop
      vertex 2.72265969760295 3.1999999999999993 1.900111607788844
      vertex 1.1638139707909687 3.1999999999999993 1.0001116077888454
      vertex 1.1638139707909687 2.5 1.0001116077888454
    endloop
  endfacet
  facet normal 0.8660254037844346 0 0.5000000000000069
    outer loop
      vertex 0.888813970790963 2.5 1.4764255798702877
      vertex 1.1263139693008526 3.1999999955296516 1.0650635156536339
      vertex 0.888813970790963 3.1999999955296516 1.4764255798702877
    endloop
  endfacet
  facet normal 0.8660254037844346 3.604620232841782e-17 0.500000000000007
    outer loop
      vertex 0.888813970790963 2.5 1.4764255798702877
      vertex 1.1638139707909687 2.5 1.0001116077888454
      vertex 1.1263139693008526 3.1999999955296516 1.0650635156536339
    endloop
  endfacet
  facet normal 0.8660254037844344 0 0.5000000000000074
    outer loop
      vertex 1.1263139693008526 3.1999999955296516 1.0650635156536339
      vertex 1.1638139707909687 2.5 1.0001116077888454
      vertex 1.1638139707909687 3.1999999999999993 1.0001116077888454
    endloop
  endfacet
  facet normal 0.8660254037844344 0 0.5000000000000075
    outer loop
      vertex 1.1263139693008526 3.1999999955296516 1.0650635156536339
      vertex 1.1638139707909687 3.1999999999999993 1.0001116077888454
      vertex 1.1263139693008526 3.210000000000001 1.0650635156536339
    endloop
  endfacet
  facet normal 0.8660254037844344 0 0.5000000000000074
    outer loop
      vertex 1.1263139693008526 3.210000000000001 1.0650635156536339
      vertex 1.1638139707909687 3.1999999999999993 1.0001116077888454
      vertex 1.1638139707909687 3.210000000000001 1.0001116077888454
    endloop
  endfacet
  facet normal 0.5000000000000014 0 -0.8660254037844378
    outer loop
      vertex 2.447659697602944 10.8 2.3764255798702862
      vertex 0.888813970790963 11.5 1.4764255798702877
      vertex 2.447659697602944 11.5 2.3764255798702862
    endloop
  endfacet
  facet normal -0.8660254037844347 0 -0.5000000000000069
    outer loop
      vertex 2.447659697602944 10.8 2.3764255798702862
      vertex 2.447659697602944 11.5 2.3764255798702862
      vertex 2.6851596961128337 10.799999999999997 1.9650635156536325
    endloop
  endfacet
  facet normal -0.8660254037844346 2.643388048830645e-16 -0.5000000000000069
    outer loop
      vertex 2.447659697602944 11.5 2.3764255798702862
      vertex 2.72265969760295 10.799999999999997 1.900111607788844
      vertex 2.6851596961128337 10.799999999999997 1.9650635156536325
    endloop
  endfacet
  facet normal -0.8660254037844346 0 -0.5000000000000069
    outer loop
      vertex 2.447659697602944 11.5 2.3764255798702862
      vertex 2.72265969760295 11.5 1.900111607788844
      vertex 2.72265969760295 10.799999999999997 1.900111607788844
    endloop
  endfacet
  facet normal 0 -1 0
    outer loop
      vertex 2.447659697602944 11.5 2.3764255798702862
      vertex 0.888813970790963 11.5 1.4764255798702877
      vertex 2.72265969760295 11.5 1.900111607788844
    endloop
  endfacet
  facet normal -0.5000000000000014 0 0.8660254037844378
    outer loop
      vertex 2.72265969760295 10.799999999999997 1.900111607788844
      vertex 2.72265969760295 11.5 1.900111607788844
      vertex 1.1638139707909687 10.799999999999997 1.0001116077888454
    endloop
  endfacet
  facet normal 0.5000000000000014 0 -0.8660254037844378
    outer loop
      vertex 2.447659697602944 10.8 2.3764255798702862
      vertex 0.888813970790963 10.8 1.4764255798702877
      vertex 0.888813970790963 11.5 1.4764255798702877
    endloop
  endfacet
  facet normal 0 -1 0
    outer loop
      vertex 2.72265969760295 11.5 1.900111607788844
      vertex 0.888813970790963 11.5 1.4764255798702877
      vertex 1.1638139707909687 11.5 1.0001116077888454
    endloop
  endfacet
  facet normal -0.5000000000000014 0 0.8660254037844378
    outer loop
      vertex 2.72265969760295 11.5 1.900111607788844
      vertex 1.1638139707909687 11.5 1.0001116077888454
      vertex 1.1638139707909687 10.799999999999997 1.0001116077888454
    endloop
  endfacet
  facet normal 0.8660254037844347 0 0.5000000000000069
    outer loop
      vertex 0.888813970790963 10.8 1.4764255798702877
      vertex 1.1263139693008526 10.8 1.0650635156536339
      vertex 0.888813970790963 11.5 1.4764255798702877
    endloop
  endfacet
  facet normal 0.8660254037844344 0 0.5000000000000074
    outer loop
      vertex 1.1263139693008526 10.8 1.0650635156536339
      vertex 1.1263139693008526 10.79 1.0650635156536339
      vertex 1.1638139707909687 10.79 1.0001116077888454
    endloop
  endfacet
  facet normal 0.8660254037844343 -2.906342867611098e-16 0.5000000000000078
    outer loop
      vertex 0.888813970790963 11.5 1.4764255798702877
      vertex 1.1263139693008526 10.8 1.0650635156536339
      vertex 1.1638139707909687 10.79 1.0001116077888454
    endloop
  endfacet
  facet normal 0.8660254037844313 0 0.5000000000000129
    outer loop
      vertex 0.888813970790963 11.5 1.4764255798702877
      vertex 1.1638139707909687 10.79 1.0001116077888454
      vertex 1.1638139707909687 10.799999999999997 1.0001116077888454
    endloop
  endfacet
  facet normal 0.8660254037844346 0 0.5000000000000069
    outer loop
      vertex 0.888813970790963 11.5 1.4764255798702877
      vertex 1.1638139707909687 10.799999999999997 1.0001116077888454
      vertex 1.1638139707909687 11.5 1.0001116077888454
    endloop
  endfacet
  facet normal 0 1 0
    outer loop
      vertex 2.72265969760295 3.1999999999999993 1.900111607788844
      vertex 2.78515969760295 3.1999999999999993 1.7918584323157916
      vertex 1.2263139707909687 3.1999999999999993 0.891858432315793
    endloop
  endfacet
  facet normal -0.8660254037844344 0 -0.5000000000000075
    outer loop
      vertex 2.6851596961128337 3.1999999999999993 1.9650635156536325
      vertex 2.6851596961128337 10.799999999999997 1.9650635156536325
      vertex 2.72265969760295 3.1999999999999993 1.900111607788844
    endloop
  endfacet
  facet normal -0.8660254037844338 0 -0.5000000000000082
    outer loop
      vertex 2.72265969760295 3.1999999999999993 1.900111607788844
      vertex 2.78515969760295 10.799999999999997 1.7918584323157916
      vertex 2.78515969760295 3.1999999999999993 1.7918584323157916
    endloop
  endfacet
  facet normal -0.4999999999999676 1.039796922785968e-15 0.8660254037844575
    outer loop
      vertex 2.78515969760295 3.1999999999999993 1.7918584323157916
      vertex 2.6749498771872027 6.792944763917983 1.7282287628314208
      vertex 2.645819350349967 6.693853254107928 1.7114102453203088
    endloop
  endfacet
  facet normal -0.5000000000000576 -2.629830192134466e-15 0.8660254037844053
    outer loop
      vertex 2.78515969760295 3.1999999999999993 1.7918584323157916
      vertex 2.692629983317971 6.895579046223958 1.738436376865323
      vertex 2.6749498771872027 6.792944763917983 1.7282287628314208
    endloop
  endfacet
  facet normal -0.4999999999999421 4.294695363920709e-15 0.8660254037844721
    outer loop
      vertex 2.78515969760295 3.1999999999999993 1.7918584323157916
      vertex 2.6057368341969607 6.600000000000001 1.6882685938295694
      vertex 2.5553881516925117 6.512990856793024 1.6591997684322877
    endloop
  endfacet
  facet normal -0.5000000000000523 -3.453597353578466e-15 0.8660254037844085
    outer loop
      vertex 2.78515969760295 3.1999999999999993 1.7918584323157916
      vertex 2.645819350349967 6.693853254107928 1.7114102453203088
      vertex 2.6057368341969607 6.600000000000001 1.6882685938295694
    endloop
  endfacet
  facet normal -0.49999999999964745 1.1065194562806579e-14 0.8660254037846422
    outer loop
      vertex 2.78515969760295 3.1999999999999993 1.7918584323157916
      vertex 2.6985571572245135 7 1.7418584323157944
      vertex 2.692629983317971 6.895579046223958 1.738436376865323
    endloop
  endfacet
  facet normal -0.5000000000000436 -5.090236126953908e-15 0.8660254037844134
    outer loop
      vertex 2.78515969760295 3.1999999999999993 1.7918584323157916
      vertex 2.5553881516925117 6.512990856793024 1.6591997684322877
      vertex 2.495634782753598 6.434314575050763 1.6247011447904143
    endloop
  endfacet
  facet normal -0.4999999999999783 2.750248968926791e-15 0.8660254037844513
    outer loop
      vertex 2.78515969760295 3.1999999999999993 1.7918584323157916
      vertex 2.495634782753598 6.434314575050763 1.6247011447904143
      vertex 2.4274991240894934 6.365317327767013 1.5853630039192836
    endloop
  endfacet
  facet normal -0.5000000000000031 -1.0196694548481387e-15 0.8660254037844369
    outer loop
      vertex 2.78515969760295 3.1999999999999993 1.7918584323157916
      vertex 2.4274991240894934 6.365317327767013 1.5853630039192836
      vertex 2.35214699571074 6.307179676972449 1.5418584323157987
    endloop
  endfacet
  facet normal -0.4999999999999956 1.3736800763716174e-15 0.8660254037844412
    outer loop
      vertex 2.78515969760295 3.1999999999999993 1.7918584323157916
      vertex 2.270867693425444 6.26089637399097 1.4949318052618352
      vertex 2.185051928630571 6.2272593389687465 1.4453860503568023
    endloop
  endfacet
  facet normal -0.5000000000000205 -5.211958220231178e-15 0.8660254037844269
    outer loop
      vertex 2.78515969760295 3.1999999999999993 1.7918584323157916
      vertex 2.185051928630571 6.2272593389687465 1.4453860503568023
      vertex 2.096168032854422 6.206844110900953 1.394068909203817
    endloop
  endfacet
  facet normal -0.49999999999999095 3.9970767054346344e-15 0.8660254037844438
    outer loop
      vertex 2.78515969760295 3.1999999999999993 1.7918584323157916
      vertex 2.096168032854422 6.206844110900953 1.394068909203817
      vertex 2.0057368341969664 6.199999999999999 1.3418584323157958
    endloop
  endfacet
  facet normal -0.49999999999999023 3.976661526550176e-15 0.8660254037844444
    outer loop
      vertex 2.78515969760295 3.1999999999999993 1.7918584323157916
      vertex 2.0057368341969664 6.199999999999999 1.3418584323157958
      vertex 1.9153056355395108 6.206844110900953 1.2896479554277747
    endloop
  endfacet
  facet normal -0.5000000000000219 -4.497178069938124e-15 0.866025403784426
    outer loop
      vertex 2.78515969760295 3.1999999999999993 1.7918584323157916
      vertex 2.35214699571074 6.307179676972449 1.5418584323157987
      vertex 2.270867693425444 6.26089637399097 1.4949318052618352
    endloop
  endfacet
  facet normal -0.8660254037844344 0 -0.5000000000000075
    outer loop
      vertex 2.72265969760295 3.1999999999999993 1.900111607788844
      vertex 2.6851596961128337 10.799999999999997 1.9650635156536325
      vertex 2.72265969760295 10.799999999999997 1.900111607788844
    endloop
  endfacet
  facet normal -0.5000000000000115 0 0.866025403784432
    outer loop
      vertex 2.78515969760295 3.1999999999999993 1.7918584323157916
      vertex 2.78515969760295 10.799999999999997 1.7918584323157916
      vertex 2.6985571572245135 7 1.7418584323157944
    endloop
  endfacet
  facet normal -0.8660254037844338 0 -0.5000000000000082
    outer loop
      vertex 2.72265969760295 3.1999999999999993 1.900111607788844
      vertex 2.72265969760295 10.799999999999997 1.900111607788844
      vertex 2.78515969760295 10.799999999999997 1.7918584323157916
    endloop
  endfacet
  facet normal -0.49999999999964684 -1.1065194562806584e-14 0.8660254037846425
    outer loop
      vertex 2.78515969760295 10.799999999999997 1.7918584323157916
      vertex 2.692629983317971 7.104420953776042 1.738436376865323
      vertex 2.6985571572245135 7 1.7418584323157944
    endloop
  endfacet
  facet normal -0.5000000000000575 2.6298301921344682e-15 0.8660254037844055
    outer loop
      vertex 2.78515969760295 10.799999999999997 1.7918584323157916
      vertex 2.6749498771872027 7.207055236082017 1.7282287628314208
      vertex 2.692629983317971 7.104420953776042 1.738436376865323
    endloop
  endfacet
  facet normal -0.49999999999996775 -1.0397969227859694e-15 0.8660254037844572
    outer loop
      vertex 2.78515969760295 10.799999999999997 1.7918584323157916
      vertex 2.645819350349967 7.306146745892072 1.7114102453203088
      vertex 2.6749498771872027 7.207055236082017 1.7282287628314208
    endloop
  endfacet
  facet normal -0.5000000000000524 3.453597353578469e-15 0.8660254037844084
    outer loop
      vertex 2.78515969760295 10.799999999999997 1.7918584323157916
      vertex 2.6057368341969607 7.399999999999999 1.6882685938295694
      vertex 2.645819350349967 7.306146745892072 1.7114102453203088
    endloop
  endfacet
  facet normal -0.4999999999999421 -4.294695363920713e-15 0.866025403784472
    outer loop
      vertex 2.78515969760295 10.799999999999997 1.7918584323157916
      vertex 2.5553881516925117 7.487009143206976 1.6591997684322877
      vertex 2.6057368341969607 7.399999999999999 1.6882685938295694
    endloop
  endfacet
  facet normal -0.5000000000000439 5.0902361269539126e-15 0.8660254037844133
    outer loop
      vertex 2.78515969760295 10.799999999999997 1.7918584323157916
      vertex 2.495634782753598 7.565685424949237 1.6247011447904143
      vertex 2.5553881516925117 7.487009143206976 1.6591997684322877
    endloop
  endfacet
  facet normal -0.4999999999999778 -2.7502489689267925e-15 0.8660254037844514
    outer loop
      vertex 2.78515969760295 10.799999999999997 1.7918584323157916
      vertex 2.4274991240894934 7.634682672232987 1.5853630039192836
      vertex 2.495634782753598 7.565685424949237 1.6247011447904143
    endloop
  endfacet
  facet normal -0.5000000000000031 1.0196694548481395e-15 0.8660254037844368
    outer loop
      vertex 2.78515969760295 10.799999999999997 1.7918584323157916
      vertex 2.35214699571074 7.692820323027551 1.5418584323157987
      vertex 2.4274991240894934 7.634682672232987 1.5853630039192836
    endloop
  endfacet
  facet normal -0.5000000000000216 4.497178069938128e-15 0.8660254037844262
    outer loop
      vertex 2.78515969760295 10.799999999999997 1.7918584323157916
      vertex 2.270867693425444 7.73910362600903 1.4949318052618352
      vertex 2.35214699571074 7.692820323027551 1.5418584323157987
    endloop
  endfacet
  facet normal -0.4999999999999951 -1.3736800763716187e-15 0.8660254037844414
    outer loop
      vertex 2.78515969760295 10.799999999999997 1.7918584323157916
      vertex 2.185051928630571 7.7727406610312535 1.4453860503568023
      vertex 2.270867693425444 7.73910362600903 1.4949318052618352
    endloop
  endfacet
  facet normal -0.5000000000000205 5.211958220231185e-15 0.8660254037844267
    outer loop
      vertex 2.78515969760295 10.799999999999997 1.7918584323157916
      vertex 2.096168032854422 7.793155889099047 1.394068909203817
      vertex 2.185051928630571 7.7727406610312535 1.4453860503568023
    endloop
  endfacet
  facet normal 0 -1 0
    outer loop
      vertex 2.72265969760295 10.799999999999997 1.900111607788844
      vertex 1.1638139707909687 10.799999999999997 1.0001116077888454
      vertex 2.78515969760295 10.799999999999997 1.7918584323157916
    endloop
  endfacet
  facet normal 0 1 0
    outer loop
      vertex 2.72265969760295 3.1999999999999993 1.900111607788844
      vertex 1.2263139707909687 3.1999999999999993 0.891858432315793
      vertex 1.1638139707909687 3.1999999999999993 1.0001116077888454
    endloop
  endfacet
  facet normal 0.8660254037844339 0 0.5000000000000082
    outer loop
      vertex 1.1638139707909687 3.1999999999999993 1.0001116077888454
      vertex 1.2263139707909687 3.1999999999999993 0.891858432315793
      vertex 1.1638139707909687 3.210000000000001 1.0001116077888454
    endloop
  endfacet
  facet normal -0.5000000000000014 -2.8718043406378824e-16 0.8660254037844378
    outer loop
      vertex 2.78515969760295 3.1999999999999993 1.7918584323157916
      vertex 1.9153056355395108 6.206844110900953 1.2896479554277747
      vertex 1.2263139707909687 3.1999999999999993 0.891858432315793
    endloop
  endfacet
  facet normal -0.49999999999996303 -1.1876429387082794e-14 0.8660254037844599
    outer loop
      vertex 1.2263139707909687 3.1999999999999993 0.891858432315793
      vertex 1.9153056355395108 6.206844110900953 1.2896479554277747
      vertex 1.8264217397633473 6.2272593389687465 1.2383308142747893
    endloop
  endfacet
  facet normal -0.5000000000000538 1.2019700668253035e-14 0.8660254037844075
    outer loop
      vertex 1.2263139707909687 3.1999999999999993 0.891858432315793
      vertex 1.8264217397633473 6.2272593389687465 1.2383308142747893
      vertex 1.7406059749684886 6.26089637399097 1.1887850593697564
    endloop
  endfacet
  facet normal 0.8660254037844344 0 0.5000000000000074
    outer loop
      vertex 1.1263139693008526 3.210000000000001 1.0650635156536339
      vertex 1.1638139707909687 3.210000000000001 1.0001116077888454
      vertex 1.1263139693008526 9.648126511061086 1.0650635156536339
    endloop
  endfacet
  facet normal -0.4999999999999618 -8.641636291252595e-15 0.8660254037844606
    outer loop
      vertex 1.2263139707909687 3.1999999999999993 0.891858432315793
      vertex 1.7406059749684886 6.26089637399097 1.1887850593697564
      vertex 1.6593266726831786 6.307179676972449 1.141858432315793
    endloop
  endfacet
  facet normal -0.5000000000000042 -7.879263969281066e-16 0.8660254037844363
    outer loop
      vertex 1.2263139707909687 3.1999999999999993 0.891858432315793
      vertex 1.6593266726831786 6.307179676972449 1.141858432315793
      vertex 1.583974544304425 6.365317327767013 1.098353860712308
    endloop
  endfacet
  facet normal -0.4999999999999795 -4.475405140344502e-15 0.8660254037844506
    outer loop
      vertex 1.2263139707909687 3.1999999999999993 0.891858432315793
      vertex 1.583974544304425 6.365317327767013 1.098353860712308
      vertex 1.5158388856403207 6.434314575050763 1.0590157198411774
    endloop
  endfacet
  facet normal -0.5000000000000453 3.3934907513026016e-15 0.8660254037844125
    outer loop
      vertex 1.2263139707909687 3.1999999999999993 0.891858432315793
      vertex 1.5158388856403207 6.434314575050763 1.0590157198411774
      vertex 1.4560855167014068 6.512990856793024 1.024517096199304
    endloop
  endfacet
  facet normal -0.500000000000039 2.7827052357993345e-15 0.8660254037844162
    outer loop
      vertex 1.2263139707909687 3.1999999999999993 0.891858432315793
      vertex 1.4560855167014068 6.512990856793024 1.024517096199304
      vertex 1.405736834196972 6.600000000000001 0.9954482708020223
    endloop
  endfacet
  facet normal -0.4999999999999335 -4.62114873163369e-15 0.8660254037844769
    outer loop
      vertex 1.2263139707909687 3.1999999999999993 0.891858432315793
      vertex 1.405736834196972 6.600000000000001 0.9954482708020223
      vertex 1.3656543180439513 6.693853254107928 0.9723066193112828
    endloop
  endfacet
  facet normal -0.49999999999997163 -2.5994923069649132e-15 0.8660254037844551
    outer loop
      vertex 1.2263139707909687 3.1999999999999993 0.891858432315793
      vertex 1.3656543180439513 6.693853254107928 0.9723066193112828
      vertex 1.3365237912067158 6.792944763917983 0.9554881018001709
    endloop
  endfacet
  facet normal -0.500000000000064 1.1743898186249282e-15 0.8660254037844017
    outer loop
      vertex 1.2263139707909687 3.1999999999999993 0.891858432315793
      vertex 1.3365237912067158 6.792944763917983 0.9554881018001709
      vertex 1.3188436850759473 6.895579046223958 0.9452804877662686
    endloop
  endfacet
  facet normal -0.5000000000002867 8.590398359522834e-15 0.8660254037842732
    outer loop
      vertex 1.2263139707909687 3.1999999999999993 0.891858432315793
      vertex 1.3188436850759473 6.895579046223958 0.9452804877662686
      vertex 1.3129165111694192 7 0.9418584323157972
    endloop
  endfacet
  facet normal 0.8660254037844339 -9.709082218779112e-18 0.5000000000000082
    outer loop
      vertex 1.1638139707909687 3.210000000000001 1.0001116077888454
      vertex 1.2263139707909687 3.1999999999999993 0.891858432315793
      vertex 1.1263139693008526 9.648126511061086 1.0650635156536339
    endloop
  endfacet
  facet normal -0.5000000000000014 -5.948737562749907e-16 0.8660254037844378
    outer loop
      vertex 2.78515969760295 10.799999999999997 1.7918584323157916
      vertex 1.2263139707909687 10.799999999999997 0.891858432315793
      vertex 2.096168032854422 7.793155889099047 1.394068909203817
    endloop
  endfacet
  facet normal -0.49999999999999034 3.795904184434265e-15 0.8660254037844444
    outer loop
      vertex 1.2263139707909687 10.799999999999997 0.891858432315793
      vertex 2.0057368341969664 7.800000000000001 1.3418584323157958
      vertex 2.096168032854422 7.793155889099047 1.394068909203817
    endloop
  endfacet
  facet normal -0.49999999999999045 3.4757188742909878e-15 0.8660254037844441
    outer loop
      vertex 1.2263139707909687 10.799999999999997 0.891858432315793
      vertex 1.9153056355395108 7.793155889099047 1.2896479554277747
      vertex 2.0057368341969664 7.800000000000001 1.3418584323157958
    endloop
  endfacet
  facet normal -0.4999999999999636 1.1876429387082808e-14 0.8660254037844596
    outer loop
      vertex 1.2263139707909687 10.799999999999997 0.891858432315793
      vertex 1.8264217397633473 7.7727406610312535 1.2383308142747893
      vertex 1.9153056355395108 7.793155889099047 1.2896479554277747
    endloop
  endfacet
  facet normal -0.5000000000000534 -1.201970066825305e-14 0.8660254037844078
    outer loop
      vertex 1.2263139707909687 10.799999999999997 0.891858432315793
      vertex 1.7406059749684886 7.73910362600903 1.1887850593697564
      vertex 1.8264217397633473 7.7727406610312535 1.2383308142747893
    endloop
  endfacet
  facet normal -0.49999999999996164 8.641636291252604e-15 0.8660254037844608
    outer loop
      vertex 1.2263139707909687 10.799999999999997 0.891858432315793
      vertex 1.6593266726831786 7.692820323027551 1.141858432315793
      vertex 1.7406059749684886 7.73910362600903 1.1887850593697564
    endloop
  endfacet
  facet normal -0.5000000000000042 7.879263969281072e-16 0.8660254037844362
    outer loop
      vertex 1.2263139707909687 10.799999999999997 0.891858432315793
      vertex 1.583974544304425 7.634682672232987 1.098353860712308
      vertex 1.6593266726831786 7.692820323027551 1.141858432315793
    endloop
  endfacet
  facet normal -0.499999999999979 4.475405140344504e-15 0.8660254037844507
    outer loop
      vertex 1.2263139707909687 10.799999999999997 0.891858432315793
      vertex 1.5158388856403207 7.565685424949237 1.0590157198411774
      vertex 1.583974544304425 7.634682672232987 1.098353860712308
    endloop
  endfacet
  facet normal -0.5000000000000455 -3.3934907513026047e-15 0.8660254037844124
    outer loop
      vertex 1.2263139707909687 10.799999999999997 0.891858432315793
      vertex 1.4560855167014068 7.487009143206976 1.024517096199304
      vertex 1.5158388856403207 7.565685424949237 1.0590157198411774
    endloop
  endfacet
  facet normal -0.5000000000000387 -2.7827052357993365e-15 0.8660254037844163
    outer loop
      vertex 1.2263139707909687 10.799999999999997 0.891858432315793
      vertex 1.405736834196972 7.399999999999999 0.9954482708020223
      vertex 1.4560855167014068 7.487009143206976 1.024517096199304
    endloop
  endfacet
  facet normal -0.5000000000000033 0 0.8660254037844368
    outer loop
      vertex 1.2263139707909687 3.1999999999999993 0.891858432315793
      vertex 1.3129165111694192 7 0.9418584323157972
      vertex 1.2263139707909687 10.799999999999997 0.891858432315793
    endloop
  endfacet
  facet normal -0.5000000000002861 -8.590398359522837e-15 0.8660254037842735
    outer loop
      vertex 1.2263139707909687 10.799999999999997 0.891858432315793
      vertex 1.3129165111694192 7 0.9418584323157972
      vertex 1.3188436850759473 7.104420953776042 0.9452804877662686
    endloop
  endfacet
  facet normal -0.49999999999993344 4.621148731633692e-15 0.866025403784477
    outer loop
      vertex 1.2263139707909687 10.799999999999997 0.891858432315793
      vertex 1.3656543180439513 7.306146745892072 0.9723066193112828
      vertex 1.405736834196972 7.399999999999999 0.9954482708020223
    endloop
  endfacet
  facet normal -0.500000000000064 -1.1743898186249292e-15 0.8660254037844017
    outer loop
      vertex 1.2263139707909687 10.799999999999997 0.891858432315793
      vertex 1.3188436850759473 7.104420953776042 0.9452804877662686
      vertex 1.3365237912067158 7.207055236082017 0.9554881018001709
    endloop
  endfacet
  facet normal -0.4999999999999718 2.5994923069649164e-15 0.8660254037844549
    outer loop
      vertex 1.2263139707909687 10.799999999999997 0.891858432315793
      vertex 1.3365237912067158 7.207055236082017 0.9554881018001709
      vertex 1.3656543180439513 7.306146745892072 0.9723066193112828
    endloop
  endfacet
  facet normal 0.8660254037844344 1.2182317070299148e-17 0.5000000000000075
    outer loop
      vertex 1.2263139707909687 3.1999999999999993 0.891858432315793
      vertex 1.1638139707909687 10.79 1.0001116077888454
      vertex 1.1263139693008526 9.648126511061086 1.0650635156536339
    endloop
  endfacet
  facet normal 0.8660254037844338 0 0.5000000000000082
    outer loop
      vertex 1.2263139707909687 3.1999999999999993 0.891858432315793
      vertex 1.2263139707909687 10.799999999999997 0.891858432315793
      vertex 1.1638139707909687 10.79 1.0001116077888454
    endloop
  endfacet
  facet normal 0.8660254037844343 0 0.5000000000000073
    outer loop
      vertex 1.1263139693008526 9.648126511061086 1.0650635156536339
      vertex 1.1638139707909687 10.79 1.0001116077888454
      vertex 1.1263139693008526 10.79 1.0650635156536339
    endloop
  endfacet
  facet normal 0 -1 0
    outer loop
      vertex 2.78515969760295 10.799999999999997 1.7918584323157916
      vertex 1.1638139707909687 10.799999999999997 1.0001116077888454
      vertex 1.2263139707909687 10.799999999999997 0.891858432315793
    endloop
  endfacet
  facet normal 0.8660254037844339 0 0.5000000000000081
    outer loop
      vertex 1.1638139707909687 10.79 1.0001116077888454
      vertex 1.2263139707909687 10.799999999999997 0.891858432315793
      vertex 1.1638139707909687 10.799999999999997 1.0001116077888454
    endloop
  endfacet
  facet normal -0.5000000000000691 0 0.8660254037843989
    outer loop
      vertex 2.5999498771872 6.792944763917983 1.8581325733990823
      vertex 2.6176299833179684 6.895579046223958 1.8683401874329846
      vertex 2.5999498771872 7.207055236082017 1.8581325733990823
    endloop
  endfacet
  facet normal -0.49999999999996514 0 0.8660254037844588
    outer loop
      vertex 2.5708193503499643 6.693853254107928 1.8413140558879704
      vertex 2.5999498771872 6.792944763917983 1.8581325733990823
      vertex 2.5708193503499643 7.306146745892072 1.8413140558879704
    endloop
  endfacet
  facet normal -0.5000000000000585 0 0.8660254037844051
    outer loop
      vertex 2.5708193503499643 6.693853254107928 1.8413140558879704
      vertex 2.530736834196958 7.399999999999999 1.818172404397231
      vertex 2.530736834196958 6.600000000000001 1.818172404397231
    endloop
  endfacet
  facet normal -0.4999999999999367 0 0.8660254037844753
    outer loop
      vertex 2.480388151692509 6.512990856793024 1.7891035789999492
      vertex 2.530736834196958 6.600000000000001 1.818172404397231
      vertex 2.480388151692509 7.487009143206976 1.7891035789999492
    endloop
  endfacet
  facet normal -0.5000000000000487 0 0.8660254037844105
    outer loop
      vertex 2.480388151692509 6.512990856793024 1.7891035789999492
      vertex 2.420634782753595 7.565685424949237 1.7546049553580758
      vertex 2.420634782753595 6.434314575050763 1.7546049553580758
    endloop
  endfacet
  facet normal 0.8641711769176026 -0.06540312923012231 0.4989294616193289
    outer loop
      vertex 2.6176299833179684 6.895579046223958 1.8683401874329846
      vertex 2.692629983317971 6.895579046223958 1.738436376865323
      vertex 2.6235571572245107 7 1.871762242883456
    endloop
  endfacet
  facet normal 0.8641711769176026 -0.06540312923012234 0.4989294616193289
    outer loop
      vertex 2.6235571572245107 7 1.871762242883456
      vertex 2.692629983317971 6.895579046223958 1.738436376865323
      vertex 2.6985571572245135 7 1.7418584323157944
    endloop
  endfacet
  facet normal 0.8200655477516323 -0.3214394653031709 0.4734650647475763
    outer loop
      vertex 2.5708193503499643 6.693853254107928 1.8413140558879704
      vertex 2.645819350349967 6.693853254107928 1.7114102453203088
      vertex 2.5999498771872 6.792944763917983 1.8581325733990823
    endloop
  endfacet
  facet normal 0.8200655477516323 -0.3214394653031709 0.4734650647475763
    outer loop
      vertex 2.5999498771872 6.792944763917983 1.8581325733990823
      vertex 2.645819350349967 6.693853254107928 1.7114102453203088
      vertex 2.6749498771872027 6.792944763917983 1.7282287628314208
    endloop
  endfacet
  facet normal 0.7767145781291036 -0.4422886902189676 0.44843637076637627
    outer loop
      vertex 2.5708193503499643 6.693853254107928 1.8413140558879704
      vertex 2.6057368341969607 6.600000000000001 1.6882685938295694
      vertex 2.645819350349967 6.693853254107928 1.7114102453203088
    endloop
  endfacet
  facet normal 0.8493849684870136 -0.19509032201620352 0.49039264020163376
    outer loop
      vertex 2.5999498771872 6.792944763917983 1.8581325733990823
      vertex 2.6749498771872027 6.792944763917983 1.7282287628314208
      vertex 2.6176299833179684 6.895579046223958 1.8683401874329846
    endloop
  endfacet
  facet normal 0.8493849684870136 -0.19509032201620358 0.49039264020163376
    outer loop
      vertex 2.6176299833179684 6.895579046223958 1.8683401874329846
      vertex 2.6749498771872027 6.792944763917983 1.7282287628314208
      vertex 2.692629983317971 6.895579046223958 1.738436376865323
    endloop
  endfacet
  facet normal 0.7200738067287603 -0.555570233019653 0.4157348061512778
    outer loop
      vertex 2.480388151692509 6.512990856793024 1.7891035789999492
      vertex 2.5553881516925117 6.512990856793024 1.6591997684322877
      vertex 2.530736834196958 6.600000000000001 1.818172404397231
    endloop
  endfacet
  facet normal 0.6511123728532249 -0.6593458151000158 0.37591990373953194
    outer loop
      vertex 2.480388151692509 6.512990856793024 1.7891035789999492
      vertex 2.420634782753595 6.434314575050763 1.7546049553580758
      vertex 2.495634782753598 6.434314575050763 1.6247011447904143
    endloop
  endfacet
  facet normal 0.6511123728532249 -0.6593458151000158 0.375919903739532
    outer loop
      vertex 2.480388151692509 6.512990856793024 1.7891035789999492
      vertex 2.495634782753598 6.434314575050763 1.6247011447904143
      vertex 2.5553881516925117 6.512990856793024 1.6591997684322877
    endloop
  endfacet
  facet normal 0.7767145781291035 -0.4422886902189676 0.4484363707663763
    outer loop
      vertex 2.5708193503499643 6.693853254107928 1.8413140558879704
      vertex 2.530736834196958 6.600000000000001 1.818172404397231
      vertex 2.6057368341969607 6.600000000000001 1.6882685938295694
    endloop
  endfacet
  facet normal 0.7200738067287603 -0.555570233019653 0.4157348061512778
    outer loop
      vertex 2.530736834196958 6.600000000000001 1.818172404397231
      vertex 2.5553881516925117 6.512990856793024 1.6591997684322877
      vertex 2.6057368341969607 6.600000000000001 1.6882685938295694
    endloop
  endfacet
  facet normal -0.499999999999976 0 0.8660254037844525
    outer loop
      vertex 2.3524991240894906 6.365317327767013 1.7152668144869452
      vertex 2.420634782753595 6.434314575050763 1.7546049553580758
      vertex 2.3524991240894906 7.634682672232987 1.7152668144869452
    endloop
  endfacet
  facet normal -0.5000000000000036 0 0.8660254037844366
    outer loop
      vertex 2.3524991240894906 6.365317327767013 1.7152668144869452
      vertex 2.277146995710737 7.692820323027551 1.6717622428834602
      vertex 2.277146995710737 6.307179676972449 1.6717622428834602
    endloop
  endfacet
  facet normal -0.5000000000000236 0 0.8660254037844249
    outer loop
      vertex 2.277146995710737 6.307179676972449 1.6717622428834602
      vertex 2.1958676934254413 7.73910362600903 1.6248356158294968
      vertex 2.1958676934254413 6.26089637399097 1.6248356158294968
    endloop
  endfacet
  facet normal -0.49999999999999517 0 0.8660254037844414
    outer loop
      vertex 2.1958676934254413 6.26089637399097 1.6248356158294968
      vertex 2.1100519286305683 7.7727406610312535 1.5752898609244639
      vertex 2.1100519286305683 6.2272593389687465 1.5752898609244639
    endloop
  endfacet
  facet normal -0.5000000000000212 0 0.8660254037844263
    outer loop
      vertex 2.1100519286305683 6.2272593389687465 1.5752898609244639
      vertex 2.021168032854419 7.793155889099047 1.5239727197714785
      vertex 2.021168032854419 6.206844110900953 1.5239727197714785
    endloop
  endfacet
  facet normal 0.5710102257555935 -0.7518398074789909 0.32967290755004414
    outer loop
      vertex 2.420634782753595 6.434314575050763 1.7546049553580758
      vertex 2.4274991240894934 6.365317327767013 1.5853630039192836
      vertex 2.495634782753598 6.434314575050763 1.6247011447904143
    endloop
  endfacet
  facet normal 0.5710102257555935 -0.7518398074789909 0.32967290755004414
    outer loop
      vertex 2.3524991240894906 6.365317327767013 1.7152668144869452
      vertex 2.4274991240894934 6.365317327767013 1.5853630039192836
      vertex 2.420634782753595 6.434314575050763 1.7546049553580758
    endloop
  endfacet
  facet normal 0.4811379353814384 -0.8314696123025211 0.2777851165098339
    outer loop
      vertex 2.3524991240894906 6.365317327767013 1.7152668144869452
      vertex 2.35214699571074 6.307179676972449 1.5418584323157987
      vertex 2.4274991240894934 6.365317327767013 1.5853630039192836
    endloop
  endfacet
  facet normal 0.4811379353814384 -0.831469612302521 0.2777851165098339
    outer loop
      vertex 2.3524991240894906 6.365317327767013 1.7152668144869452
      vertex 2.277146995710737 6.307179676972449 1.6717622428834602
      vertex 2.35214699571074 6.307179676972449 1.5418584323157987
    endloop
  endfacet
  facet normal 0.3830332415362157 -0.8968727415326762 0.22114434510952471
    outer loop
      vertex 2.277146995710737 6.307179676972449 1.6717622428834602
      vertex 2.1958676934254413 6.26089637399097 1.6248356158294968
      vertex 2.270867693425444 6.26089637399097 1.4949318052618352
    endloop
  endfacet
  facet normal 0.3830332415362157 -0.8968727415326762 0.22114434510952471
    outer loop
      vertex 2.277146995710737 6.307179676972449 1.6717622428834602
      vertex 2.270867693425444 6.26089637399097 1.4949318052618352
      vertex 2.35214699571074 6.307179676972449 1.5418584323157987
    endloop
  endfacet
  facet normal 0.2783747427313811 -0.9469301294951209 0.16071973265156703
    outer loop
      vertex 2.1958676934254413 6.26089637399097 1.6248356158294968
      vertex 2.185051928630571 6.2272593389687465 1.4453860503568023
      vertex 2.270867693425444 6.26089637399097 1.4949318052618352
    endloop
  endfacet
  facet normal 0.27837474273138096 -0.9469301294951208 0.160719732651567
    outer loop
      vertex 2.1958676934254413 6.26089637399097 1.6248356158294968
      vertex 2.1100519286305683 6.2272593389687465 1.5752898609244639
      vertex 2.185051928630571 6.2272593389687465 1.4453860503568023
    endloop
  endfacet
  facet normal 0.16895317489846598 -0.980785280403227 0.09754516100807814
    outer loop
      vertex 2.1100519286305683 6.2272593389687465 1.5752898609244639
      vertex 2.021168032854419 6.206844110900953 1.5239727197714785
      vertex 2.096168032854422 6.206844110900953 1.394068909203817
    endloop
  endfacet
  facet normal 0.16895317489846598 -0.980785280403227 0.09754516100807815
    outer loop
      vertex 2.1100519286305683 6.2272593389687465 1.5752898609244639
      vertex 2.096168032854422 6.206844110900953 1.394068909203817
      vertex 2.185051928630571 6.2272593389687465 1.4453860503568023
    endloop
  endfacet
  facet normal 0.05664077140031194 -0.9978589232386026 0.03270156461508047
    outer loop
      vertex 2.021168032854419 6.206844110900953 1.5239727197714785
      vertex 2.0057368341969664 6.199999999999999 1.3418584323157958
      vertex 2.096168032854422 6.206844110900953 1.394068909203817
    endloop
  endfacet
  facet normal -0.49999999999950057 0 0.8660254037847269
    outer loop
      vertex 2.6176299833179684 6.895579046223958 1.8683401874329846
      vertex 2.6235571572245107 7 1.871762242883456
      vertex 2.6176299833179684 7.104420953776042 1.8683401874329846
    endloop
  endfacet
  facet normal -0.500000000000069 0 0.8660254037843987
    outer loop
      vertex 2.6176299833179684 6.895579046223958 1.8683401874329846
      vertex 2.6176299833179684 7.104420953776042 1.8683401874329846
      vertex 2.5999498771872 7.207055236082017 1.8581325733990823
    endloop
  endfacet
  facet normal -0.49999999999996514 0 0.8660254037844588
    outer loop
      vertex 2.5999498771872 6.792944763917983 1.8581325733990823
      vertex 2.5999498771872 7.207055236082017 1.8581325733990823
      vertex 2.5708193503499643 7.306146745892072 1.8413140558879704
    endloop
  endfacet
  facet normal -0.5000000000000584 0 0.866025403784405
    outer loop
      vertex 2.5708193503499643 6.693853254107928 1.8413140558879704
      vertex 2.5708193503499643 7.306146745892072 1.8413140558879704
      vertex 2.530736834196958 7.399999999999999 1.818172404397231
    endloop
  endfacet
  facet normal -0.4999999999999366 0 0.8660254037844753
    outer loop
      vertex 2.530736834196958 6.600000000000001 1.818172404397231
      vertex 2.530736834196958 7.399999999999999 1.818172404397231
      vertex 2.480388151692509 7.487009143206976 1.7891035789999492
    endloop
  endfacet
  facet normal -0.5000000000000487 0 0.8660254037844105
    outer loop
      vertex 2.480388151692509 6.512990856793024 1.7891035789999492
      vertex 2.480388151692509 7.487009143206976 1.7891035789999492
      vertex 2.420634782753595 7.565685424949237 1.7546049553580758
    endloop
  endfacet
  facet normal 0.8641711769176026 0.06540312923012231 0.4989294616193289
    outer loop
      vertex 2.6235571572245107 7 1.871762242883456
      vertex 2.6985571572245135 7 1.7418584323157944
      vertex 2.6176299833179684 7.104420953776042 1.8683401874329846
    endloop
  endfacet
  facet normal 0.8641711769176026 0.06540312923012223 0.4989294616193289
    outer loop
      vertex 2.6176299833179684 7.104420953776042 1.8683401874329846
      vertex 2.6985571572245135 7 1.7418584323157944
      vertex 2.692629983317971 7.104420953776042 1.738436376865323
    endloop
  endfacet
  facet normal 0.8493849684870136 0.19509032201620352 0.49039264020163376
    outer loop
      vertex 2.6176299833179684 7.104420953776042 1.8683401874329846
      vertex 2.692629983317971 7.104420953776042 1.738436376865323
      vertex 2.5999498771872 7.207055236082017 1.8581325733990823
    endloop
  endfacet
  facet normal 0.8493849684870136 0.19509032201620352 0.49039264020163376
    outer loop
      vertex 2.5999498771872 7.207055236082017 1.8581325733990823
      vertex 2.692629983317971 7.104420953776042 1.738436376865323
      vertex 2.6749498771872027 7.207055236082017 1.7282287628314208
    endloop
  endfacet
  facet normal 0.8200655477516323 0.3214394653031709 0.4734650647475763
    outer loop
      vertex 2.5999498771872 7.207055236082017 1.8581325733990823
      vertex 2.6749498771872027 7.207055236082017 1.7282287628314208
      vertex 2.5708193503499643 7.306146745892072 1.8413140558879704
    endloop
  endfacet
  facet normal 0.7767145781291036 0.4422886902189676 0.44843637076637627
    outer loop
      vertex 2.5708193503499643 7.306146745892072 1.8413140558879704
      vertex 2.645819350349967 7.306146745892072 1.7114102453203088
      vertex 2.530736834196958 7.399999999999999 1.818172404397231
    endloop
  endfacet
  facet normal 0.8200655477516323 0.32143946530317097 0.4734650647475763
    outer loop
      vertex 2.5708193503499643 7.306146745892072 1.8413140558879704
      vertex 2.6749498771872027 7.207055236082017 1.7282287628314208
      vertex 2.645819350349967 7.306146745892072 1.7114102453203088
    endloop
  endfacet
  facet normal 0.7200738067287603 0.555570233019653 0.4157348061512778
    outer loop
      vertex 2.530736834196958 7.399999999999999 1.818172404397231
      vertex 2.6057368341969607 7.399999999999999 1.6882685938295694
      vertex 2.480388151692509 7.487009143206976 1.7891035789999492
    endloop
  endfacet
  facet normal 0.7767145781291036 0.4422886902189675 0.44843637076637627
    outer loop
      vertex 2.530736834196958 7.399999999999999 1.818172404397231
      vertex 2.645819350349967 7.306146745892072 1.7114102453203088
      vertex 2.6057368341969607 7.399999999999999 1.6882685938295694
    endloop
  endfacet
  facet normal 0.6511123728532249 0.6593458151000157 0.375919903739532
    outer loop
      vertex 2.480388151692509 7.487009143206976 1.7891035789999492
      vertex 2.5553881516925117 7.487009143206976 1.6591997684322877
      vertex 2.420634782753595 7.565685424949237 1.7546049553580758
    endloop
  endfacet
  facet normal 0.7200738067287603 0.555570233019653 0.4157348061512778
    outer loop
      vertex 2.480388151692509 7.487009143206976 1.7891035789999492
      vertex 2.6057368341969607 7.399999999999999 1.6882685938295694
      vertex 2.5553881516925117 7.487009143206976 1.6591997684322877
    endloop
  endfacet
  facet normal 0.6511123728532249 0.6593458151000157 0.375919903739532
    outer loop
      vertex 2.420634782753595 7.565685424949237 1.7546049553580758
      vertex 2.5553881516925117 7.487009143206976 1.6591997684322877
      vertex 2.495634782753598 7.565685424949237 1.6247011447904143
    endloop
  endfacet
  facet normal -0.49999999999997596 0 0.8660254037844525
    outer loop
      vertex 2.420634782753595 6.434314575050763 1.7546049553580758
      vertex 2.420634782753595 7.565685424949237 1.7546049553580758
      vertex 2.3524991240894906 7.634682672232987 1.7152668144869452
    endloop
  endfacet
  facet normal -0.5000000000000036 0 0.8660254037844366
    outer loop
      vertex 2.3524991240894906 6.365317327767013 1.7152668144869452
      vertex 2.3524991240894906 7.634682672232987 1.7152668144869452
      vertex 2.277146995710737 7.692820323027551 1.6717622428834602
    endloop
  endfacet
  facet normal -0.5000000000000235 0 0.866025403784425
    outer loop
      vertex 2.277146995710737 6.307179676972449 1.6717622428834602
      vertex 2.277146995710737 7.692820323027551 1.6717622428834602
      vertex 2.1958676934254413 7.73910362600903 1.6248356158294968
    endloop
  endfacet
  facet normal -0.4999999999999953 0 0.8660254037844415
    outer loop
      vertex 2.1958676934254413 6.26089637399097 1.6248356158294968
      vertex 2.1958676934254413 7.73910362600903 1.6248356158294968
      vertex 2.1100519286305683 7.7727406610312535 1.5752898609244639
    endloop
  endfacet
  facet normal -0.5000000000000213 0 0.8660254037844263
    outer loop
      vertex 2.1100519286305683 6.2272593389687465 1.5752898609244639
      vertex 2.1100519286305683 7.7727406610312535 1.5752898609244639
      vertex 2.021168032854419 7.793155889099047 1.5239727197714785
    endloop
  endfacet
  facet normal -0.4999999999999906 0 0.8660254037844441
    outer loop
      vertex 2.021168032854419 6.206844110900953 1.5239727197714785
      vertex 2.021168032854419 7.793155889099047 1.5239727197714785
      vertex 1.9307368341969635 7.800000000000001 1.4717622428834574
    endloop
  endfacet
  facet normal 0.5710102257555935 0.7518398074789909 0.32967290755004414
    outer loop
      vertex 2.420634782753595 7.565685424949237 1.7546049553580758
      vertex 2.495634782753598 7.565685424949237 1.6247011447904143
      vertex 2.3524991240894906 7.634682672232987 1.7152668144869452
    endloop
  endfacet
  facet normal 0.4811379353814384 0.831469612302521 0.2777851165098339
    outer loop
      vertex 2.3524991240894906 7.634682672232987 1.7152668144869452
      vertex 2.4274991240894934 7.634682672232987 1.5853630039192836
      vertex 2.277146995710737 7.692820323027551 1.6717622428834602
    endloop
  endfacet
  facet normal 0.5710102257555935 0.7518398074789909 0.32967290755004414
    outer loop
      vertex 2.3524991240894906 7.634682672232987 1.7152668144869452
      vertex 2.495634782753598 7.565685424949237 1.6247011447904143
      vertex 2.4274991240894934 7.634682672232987 1.5853630039192836
    endloop
  endfacet
  facet normal 0.4811379353814384 0.831469612302521 0.2777851165098339
    outer loop
      vertex 2.277146995710737 7.692820323027551 1.6717622428834602
      vertex 2.4274991240894934 7.634682672232987 1.5853630039192836
      vertex 2.35214699571074 7.692820323027551 1.5418584323157987
    endloop
  endfacet
  facet normal 0.3830332415362157 0.8968727415326762 0.22114434510952471
    outer loop
      vertex 2.277146995710737 7.692820323027551 1.6717622428834602
      vertex 2.35214699571074 7.692820323027551 1.5418584323157987
      vertex 2.1958676934254413 7.73910362600903 1.6248356158294968
    endloop
  endfacet
  facet normal 0.38303324153621565 0.8968727415326762 0.22114434510952466
    outer loop
      vertex 2.1958676934254413 7.73910362600903 1.6248356158294968
      vertex 2.35214699571074 7.692820323027551 1.5418584323157987
      vertex 2.270867693425444 7.73910362600903 1.4949318052618352
    endloop
  endfacet
  facet normal 0.2783747427313811 0.9469301294951209 0.16071973265156703
    outer loop
      vertex 2.1958676934254413 7.73910362600903 1.6248356158294968
      vertex 2.270867693425444 7.73910362600903 1.4949318052618352
      vertex 2.1100519286305683 7.7727406610312535 1.5752898609244639
    endloop
  endfacet
  facet normal 0.2783747427313811 0.9469301294951209 0.16071973265156703
    outer loop
      vertex 2.1100519286305683 7.7727406610312535 1.5752898609244639
      vertex 2.270867693425444 7.73910362600903 1.4949318052618352
      vertex 2.185051928630571 7.7727406610312535 1.4453860503568023
    endloop
  endfacet
  facet normal 0.16895317489846595 0.9807852804032269 0.09754516100807813
    outer loop
      vertex 2.1100519286305683 7.7727406610312535 1.5752898609244639
      vertex 2.185051928630571 7.7727406610312535 1.4453860503568023
      vertex 2.021168032854419 7.793155889099047 1.5239727197714785
    endloop
  endfacet
  facet normal 0.16895317489846598 0.980785280403227 0.09754516100807815
    outer loop
      vertex 2.021168032854419 7.793155889099047 1.5239727197714785
      vertex 2.185051928630571 7.7727406610312535 1.4453860503568023
      vertex 2.096168032854422 7.793155889099047 1.394068909203817
    endloop
  endfacet
  facet normal 0.05664077140031194 0.9978589232386026 0.03270156461508047
    outer loop
      vertex 2.021168032854419 7.793155889099047 1.5239727197714785
      vertex 2.096168032854422 7.793155889099047 1.394068909203817
      vertex 1.9307368341969635 7.800000000000001 1.4717622428834574
    endloop
  endfacet
  facet normal -0.4999999999999906 0 0.866025403784444
    outer loop
      vertex 2.021168032854419 6.206844110900953 1.5239727197714785
      vertex 1.9307368341969635 7.800000000000001 1.4717622428834574
      vertex 1.9307368341969635 6.199999999999999 1.4717622428834574
    endloop
  endfacet
  facet normal -0.4999999999999906 0 0.8660254037844441
    outer loop
      vertex 1.9307368341969635 6.199999999999999 1.4717622428834574
      vertex 1.840305635539508 7.793155889099047 1.4195517659954362
      vertex 1.840305635539508 6.206844110900953 1.4195517659954362
    endloop
  endfacet
  facet normal -0.4999999999999613 0 0.8660254037844609
    outer loop
      vertex 1.840305635539508 6.206844110900953 1.4195517659954362
      vertex 1.7514217397633445 7.7727406610312535 1.3682346248424508
      vertex 1.7514217397633445 6.2272593389687465 1.3682346248424508
    endloop
  endfacet
  facet normal -0.5000000000000573 0 0.8660254037844056
    outer loop
      vertex 1.7514217397633445 6.2272593389687465 1.3682346248424508
      vertex 1.6656059749684857 7.73910362600903 1.318688869937418
      vertex 1.6656059749684857 6.26089637399097 1.318688869937418
    endloop
  endfacet
  facet normal -0.4999999999999581 0 0.866025403784463
    outer loop
      vertex 1.6656059749684857 6.26089637399097 1.318688869937418
      vertex 1.5843266726831757 7.692820323027551 1.2717622428834545
      vertex 1.5843266726831757 6.307179676972449 1.2717622428834545
    endloop
  endfacet
  facet normal -0.5000000000000036 0 0.8660254037844366
    outer loop
      vertex 1.5843266726831757 6.307179676972449 1.2717622428834545
      vertex 1.5089745443044222 7.634682672232987 1.2282576712799695
      vertex 1.5089745443044222 6.365317327767013 1.2282576712799695
    endloop
  endfacet
  facet normal 0.05664077140031194 -0.9978589232386026 0.03270156461508047
    outer loop
      vertex 2.021168032854419 6.206844110900953 1.5239727197714785
      vertex 1.9307368341969635 6.199999999999999 1.4717622428834574
      vertex 2.0057368341969664 6.199999999999999 1.3418584323157958
    endloop
  endfacet
  facet normal -0.05664077140031194 -0.9978589232386026 -0.03270156461508047
    outer loop
      vertex 1.9307368341969635 6.199999999999999 1.4717622428834574
      vertex 1.840305635539508 6.206844110900953 1.4195517659954362
      vertex 1.9153056355395108 6.206844110900953 1.2896479554277747
    endloop
  endfacet
  facet normal -0.05664077140031194 -0.9978589232386026 -0.03270156461508047
    outer loop
      vertex 1.9307368341969635 6.199999999999999 1.4717622428834574
      vertex 1.9153056355395108 6.206844110900953 1.2896479554277747
      vertex 2.0057368341969664 6.199999999999999 1.3418584323157958
    endloop
  endfacet
  facet normal -0.1689531748984465 -0.9807852804032313 -0.0975451610080669
    outer loop
      vertex 1.840305635539508 6.206844110900953 1.4195517659954362
      vertex 1.8264217397633473 6.2272593389687465 1.2383308142747893
      vertex 1.9153056355395108 6.206844110900953 1.2896479554277747
    endloop
  endfacet
  facet normal -0.1689531748984465 -0.9807852804032313 -0.0975451610080669
    outer loop
      vertex 1.840305635539508 6.206844110900953 1.4195517659954362
      vertex 1.7514217397633445 6.2272593389687465 1.3682346248424508
      vertex 1.8264217397633473 6.2272593389687465 1.2383308142747893
    endloop
  endfacet
  facet normal -0.278374742731412 -0.9469301294951086 -0.1607197326515849
    outer loop
      vertex 1.7514217397633445 6.2272593389687465 1.3682346248424508
      vertex 1.6656059749684857 6.26089637399097 1.318688869937418
      vertex 1.7406059749684886 6.26089637399097 1.1887850593697564
    endloop
  endfacet
  facet normal -0.27837474273141205 -0.9469301294951086 -0.1607197326515849
    outer loop
      vertex 1.7514217397633445 6.2272593389687465 1.3682346248424508
      vertex 1.7406059749684886 6.26089637399097 1.1887850593697564
      vertex 1.8264217397633473 6.2272593389687465 1.2383308142747893
    endloop
  endfacet
  facet normal -0.38303324153617524 -0.8968727415326991 -0.22114434510950134
    outer loop
      vertex 1.6656059749684857 6.26089637399097 1.318688869937418
      vertex 1.6593266726831786 6.307179676972449 1.141858432315793
      vertex 1.7406059749684886 6.26089637399097 1.1887850593697564
    endloop
  endfacet
  facet normal -0.38303324153617524 -0.8968727415326991 -0.22114434510950132
    outer loop
      vertex 1.6656059749684857 6.26089637399097 1.318688869937418
      vertex 1.5843266726831757 6.307179676972449 1.2717622428834545
      vertex 1.6593266726831786 6.307179676972449 1.141858432315793
    endloop
  endfacet
  facet normal -0.4811379353814384 -0.8314696123025211 -0.2777851165098339
    outer loop
      vertex 1.5843266726831757 6.307179676972449 1.2717622428834545
      vertex 1.583974544304425 6.365317327767013 1.098353860712308
      vertex 1.6593266726831786 6.307179676972449 1.141858432315793
    endloop
  endfacet
  facet normal -0.4811379353814384 -0.831469612302521 -0.2777851165098339
    outer loop
      vertex 1.5843266726831757 6.307179676972449 1.2717622428834545
      vertex 1.5089745443044222 6.365317327767013 1.2282576712799695
      vertex 1.583974544304425 6.365317327767013 1.098353860712308
    endloop
  endfacet
  facet normal -0.49999999999997596 0 0.8660254037844525
    outer loop
      vertex 1.5089745443044222 6.365317327767013 1.2282576712799695
      vertex 1.4408388856403178 7.565685424949237 1.188919530408839
      vertex 1.4408388856403178 6.434314575050763 1.188919530408839
    endloop
  endfacet
  facet normal -0.5000000000000487 0 0.8660254037844105
    outer loop
      vertex 1.4408388856403178 6.434314575050763 1.188919530408839
      vertex 1.381085516701404 7.487009143206976 1.1544209067669655
      vertex 1.381085516701404 6.512990856793024 1.1544209067669655
    endloop
  endfacet
  facet normal -0.5000000000000424 0 0.8660254037844141
    outer loop
      vertex 1.381085516701404 6.512990856793024 1.1544209067669655
      vertex 1.3307368341969692 7.399999999999999 1.1253520813696838
      vertex 1.3307368341969692 6.600000000000001 1.1253520813696838
    endloop
  endfacet
  facet normal -0.4999999999999255 0 0.8660254037844817
    outer loop
      vertex 1.3307368341969692 6.600000000000001 1.1253520813696838
      vertex 1.2906543180439485 7.306146745892072 1.1022104298789444
      vertex 1.2906543180439485 6.693853254107928 1.1022104298789444
    endloop
  endfacet
  facet normal -0.4999999999999651 0 0.8660254037844588
    outer loop
      vertex 1.2906543180439485 6.693853254107928 1.1022104298789444
      vertex 1.261523791206713 7.207055236082017 1.0853919123678324
      vertex 1.261523791206713 6.792944763917983 1.0853919123678324
    endloop
  endfacet
  facet normal -0.500000000000069 0 0.8660254037843987
    outer loop
      vertex 1.261523791206713 6.792944763917983 1.0853919123678324
      vertex 1.2438436850759444 7.104420953776042 1.0751842983339301
      vertex 1.2438436850759444 6.895579046223958 1.0751842983339301
    endloop
  endfacet
  facet normal -0.5710102257555935 -0.7518398074789912 -0.32967290755004425
    outer loop
      vertex 1.5089745443044222 6.365317327767013 1.2282576712799695
      vertex 1.4408388856403178 6.434314575050763 1.188919530408839
      vertex 1.5158388856403207 6.434314575050763 1.0590157198411774
    endloop
  endfacet
  facet normal -0.5710102257555935 -0.7518398074789909 -0.32967290755004414
    outer loop
      vertex 1.5089745443044222 6.365317327767013 1.2282576712799695
      vertex 1.5158388856403207 6.434314575050763 1.0590157198411774
      vertex 1.583974544304425 6.365317327767013 1.098353860712308
    endloop
  endfacet
  facet normal -0.6511123728532249 -0.6593458151000158 -0.37591990373953194
    outer loop
      vertex 1.4408388856403178 6.434314575050763 1.188919530408839
      vertex 1.381085516701404 6.512990856793024 1.1544209067669655
      vertex 1.4560855167014068 6.512990856793024 1.024517096199304
    endloop
  endfacet
  facet normal -0.6511123728532249 -0.6593458151000158 -0.375919903739532
    outer loop
      vertex 1.4408388856403178 6.434314575050763 1.188919530408839
      vertex 1.4560855167014068 6.512990856793024 1.024517096199304
      vertex 1.5158388856403207 6.434314575050763 1.0590157198411774
    endloop
  endfacet
  facet normal -0.7200738067288074 -0.5555702330195718 -0.415734806151305
    outer loop
      vertex 1.381085516701404 6.512990856793024 1.1544209067669655
      vertex 1.405736834196972 6.600000000000001 0.9954482708020223
      vertex 1.4560855167014068 6.512990856793024 1.024517096199304
    endloop
  endfacet
  facet normal -0.7200738067288074 -0.5555702330195718 -0.415734806151305
    outer loop
      vertex 1.381085516701404 6.512990856793024 1.1544209067669655
      vertex 1.3307368341969692 6.600000000000001 1.1253520813696838
      vertex 1.405736834196972 6.600000000000001 0.9954482708020223
    endloop
  endfacet
  facet normal -0.7767145781290631 -0.4422886902190622 -0.44843637076635295
    outer loop
      vertex 1.3307368341969692 6.600000000000001 1.1253520813696838
      vertex 1.2906543180439485 6.693853254107928 1.1022104298789444
      vertex 1.3656543180439513 6.693853254107928 0.9723066193112828
    endloop
  endfacet
  facet normal -0.7767145781290631 -0.4422886902190622 -0.44843637076635284
    outer loop
      vertex 1.3307368341969692 6.600000000000001 1.1253520813696838
      vertex 1.3656543180439513 6.693853254107928 0.9723066193112828
      vertex 1.405736834196972 6.600000000000001 0.9954482708020223
    endloop
  endfacet
  facet normal -0.8200655477516323 -0.3214394653031709 -0.4734650647475763
    outer loop
      vertex 1.2906543180439485 6.693853254107928 1.1022104298789444
      vertex 1.3365237912067158 6.792944763917983 0.9554881018001709
      vertex 1.3656543180439513 6.693853254107928 0.9723066193112828
    endloop
  endfacet
  facet normal -0.8200655477516323 -0.32143946530317086 -0.4734650647475763
    outer loop
      vertex 1.2906543180439485 6.693853254107928 1.1022104298789444
      vertex 1.261523791206713 6.792944763917983 1.0853919123678324
      vertex 1.3365237912067158 6.792944763917983 0.9554881018001709
    endloop
  endfacet
  facet normal -0.8493849684870136 -0.19509032201620355 -0.49039264020163376
    outer loop
      vertex 1.261523791206713 6.792944763917983 1.0853919123678324
      vertex 1.2438436850759444 6.895579046223958 1.0751842983339301
      vertex 1.3188436850759473 6.895579046223958 0.9452804877662686
    endloop
  endfacet
  facet normal -0.8641711769176094 -0.06540312923000521 -0.49892946161933266
    outer loop
      vertex 1.2438436850759444 6.895579046223958 1.0751842983339301
      vertex 1.2379165111694164 7 1.0717622428834588
      vertex 1.3129165111694192 7 0.9418584323157972
    endloop
  endfacet
  facet normal -0.8493849684870136 -0.19509032201620358 -0.49039264020163376
    outer loop
      vertex 1.261523791206713 6.792944763917983 1.0853919123678324
      vertex 1.3188436850759473 6.895579046223958 0.9452804877662686
      vertex 1.3365237912067158 6.792944763917983 0.9554881018001709
    endloop
  endfacet
  facet normal -0.8641711769176093 -0.06540312923000527 -0.49892946161933277
    outer loop
      vertex 1.2438436850759444 6.895579046223958 1.0751842983339301
      vertex 1.3129165111694192 7 0.9418584323157972
      vertex 1.3188436850759473 6.895579046223958 0.9452804877662686
    endloop
  endfacet
  facet normal -0.4999999999999906 0 0.8660254037844441
    outer loop
      vertex 1.9307368341969635 6.199999999999999 1.4717622428834574
      vertex 1.9307368341969635 7.800000000000001 1.4717622428834574
      vertex 1.840305635539508 7.793155889099047 1.4195517659954362
    endloop
  endfacet
  facet normal -0.4999999999999613 0 0.8660254037844609
    outer loop
      vertex 1.840305635539508 6.206844110900953 1.4195517659954362
      vertex 1.840305635539508 7.793155889099047 1.4195517659954362
      vertex 1.7514217397633445 7.7727406610312535 1.3682346248424508
    endloop
  endfacet
  facet normal -0.5000000000000573 0 0.8660254037844055
    outer loop
      vertex 1.7514217397633445 6.2272593389687465 1.3682346248424508
      vertex 1.7514217397633445 7.7727406610312535 1.3682346248424508
      vertex 1.6656059749684857 7.73910362600903 1.318688869937418
    endloop
  endfacet
  facet normal -0.4999999999999581 0 0.8660254037844628
    outer loop
      vertex 1.6656059749684857 6.26089637399097 1.318688869937418
      vertex 1.6656059749684857 7.73910362600903 1.318688869937418
      vertex 1.5843266726831757 7.692820323027551 1.2717622428834545
    endloop
  endfacet
  facet normal -0.5000000000000036 0 0.8660254037844366
    outer loop
      vertex 1.5843266726831757 6.307179676972449 1.2717622428834545
      vertex 1.5843266726831757 7.692820323027551 1.2717622428834545
      vertex 1.5089745443044222 7.634682672232987 1.2282576712799695
    endloop
  endfacet
  facet normal 0.05664077140031194 0.9978589232386026 0.03270156461508047
    outer loop
      vertex 1.9307368341969635 7.800000000000001 1.4717622428834574
      vertex 2.096168032854422 7.793155889099047 1.394068909203817
      vertex 2.0057368341969664 7.800000000000001 1.3418584323157958
    endloop
  endfacet
  facet normal -0.05664077140031194 0.9978589232386026 -0.03270156461508047
    outer loop
      vertex 1.9307368341969635 7.800000000000001 1.4717622428834574
      vertex 2.0057368341969664 7.800000000000001 1.3418584323157958
      vertex 1.840305635539508 7.793155889099047 1.4195517659954362
    endloop
  endfacet
  facet normal -0.05664077140031194 0.9978589232386026 -0.03270156461508047
    outer loop
      vertex 1.840305635539508 7.793155889099047 1.4195517659954362
      vertex 2.0057368341969664 7.800000000000001 1.3418584323157958
      vertex 1.9153056355395108 7.793155889099047 1.2896479554277747
    endloop
  endfacet
  facet normal -0.1689531748984465 0.9807852804032314 -0.0975451610080669
    outer loop
      vertex 1.840305635539508 7.793155889099047 1.4195517659954362
      vertex 1.9153056355395108 7.793155889099047 1.2896479554277747
      vertex 1.7514217397633445 7.7727406610312535 1.3682346248424508
    endloop
  endfacet
  facet normal -0.1689531748984465 0.9807852804032313 -0.0975451610080669
    outer loop
      vertex 1.7514217397633445 7.7727406610312535 1.3682346248424508
      vertex 1.9153056355395108 7.793155889099047 1.2896479554277747
      vertex 1.8264217397633473 7.7727406610312535 1.2383308142747893
    endloop
  endfacet
  facet normal -0.27837474273141205 0.9469301294951086 -0.1607197326515849
    outer loop
      vertex 1.7514217397633445 7.7727406610312535 1.3682346248424508
      vertex 1.8264217397633473 7.7727406610312535 1.2383308142747893
      vertex 1.6656059749684857 7.73910362600903 1.318688869937418
    endloop
  endfacet
  facet normal -0.27837474273141205 0.9469301294951086 -0.1607197326515849
    outer loop
      vertex 1.6656059749684857 7.73910362600903 1.318688869937418
      vertex 1.8264217397633473 7.7727406610312535 1.2383308142747893
      vertex 1.7406059749684886 7.73910362600903 1.1887850593697564
    endloop
  endfacet
  facet normal -0.38303324153617535 0.8968727415326992 -0.2211443451095014
    outer loop
      vertex 1.6656059749684857 7.73910362600903 1.318688869937418
      vertex 1.7406059749684886 7.73910362600903 1.1887850593697564
      vertex 1.5843266726831757 7.692820323027551 1.2717622428834545
    endloop
  endfacet
  facet normal -0.38303324153617524 0.8968727415326991 -0.22114434510950134
    outer loop
      vertex 1.5843266726831757 7.692820323027551 1.2717622428834545
      vertex 1.7406059749684886 7.73910362600903 1.1887850593697564
      vertex 1.6593266726831786 7.692820323027551 1.141858432315793
    endloop
  endfacet
  facet normal -0.4811379353814384 0.831469612302521 -0.2777851165098339
    outer loop
      vertex 1.5089745443044222 7.634682672232987 1.2282576712799695
      vertex 1.6593266726831786 7.692820323027551 1.141858432315793
      vertex 1.583974544304425 7.634682672232987 1.098353860712308
    endloop
  endfacet
  facet normal -0.4811379353814384 0.831469612302521 -0.2777851165098339
    outer loop
      vertex 1.5843266726831757 7.692820323027551 1.2717622428834545
      vertex 1.6593266726831786 7.692820323027551 1.141858432315793
      vertex 1.5089745443044222 7.634682672232987 1.2282576712799695
    endloop
  endfacet
  facet normal -0.499999999999976 0 0.8660254037844525
    outer loop
      vertex 1.5089745443044222 6.365317327767013 1.2282576712799695
      vertex 1.5089745443044222 7.634682672232987 1.2282576712799695
      vertex 1.4408388856403178 7.565685424949237 1.188919530408839
    endloop
  endfacet
  facet normal -0.5000000000000487 0 0.8660254037844105
    outer loop
      vertex 1.4408388856403178 6.434314575050763 1.188919530408839
      vertex 1.4408388856403178 7.565685424949237 1.188919530408839
      vertex 1.381085516701404 7.487009143206976 1.1544209067669655
    endloop
  endfacet
  facet normal -0.5000000000000424 0 0.8660254037844142
    outer loop
      vertex 1.381085516701404 6.512990856793024 1.1544209067669655
      vertex 1.381085516701404 7.487009143206976 1.1544209067669655
      vertex 1.3307368341969692 7.399999999999999 1.1253520813696838
    endloop
  endfacet
  facet normal -0.4999999999999254 0 0.8660254037844817
    outer loop
      vertex 1.3307368341969692 6.600000000000001 1.1253520813696838
      vertex 1.3307368341969692 7.399999999999999 1.1253520813696838
      vertex 1.2906543180439485 7.306146745892072 1.1022104298789444
    endloop
  endfacet
  facet normal -0.49999999999996514 0 0.8660254037844588
    outer loop
      vertex 1.2906543180439485 6.693853254107928 1.1022104298789444
      vertex 1.2906543180439485 7.306146745892072 1.1022104298789444
      vertex 1.261523791206713 7.207055236082017 1.0853919123678324
    endloop
  endfacet
  facet normal -0.5000000000000691 0 0.8660254037843989
    outer loop
      vertex 1.261523791206713 6.792944763917983 1.0853919123678324
      vertex 1.261523791206713 7.207055236082017 1.0853919123678324
      vertex 1.2438436850759444 7.104420953776042 1.0751842983339301
    endloop
  endfacet
  facet normal -0.5000000000003998 0 0.8660254037842079
    outer loop
      vertex 1.2438436850759444 6.895579046223958 1.0751842983339301
      vertex 1.2438436850759444 7.104420953776042 1.0751842983339301
      vertex 1.2379165111694164 7 1.0717622428834588
    endloop
  endfacet
  facet normal -0.5710102257555935 0.7518398074789909 -0.3296729075500441
    outer loop
      vertex 1.4408388856403178 7.565685424949237 1.188919530408839
      vertex 1.5089745443044222 7.634682672232987 1.2282576712799695
      vertex 1.583974544304425 7.634682672232987 1.098353860712308
    endloop
  endfacet
  facet normal -0.5710102257555935 0.7518398074789909 -0.32967290755004414
    outer loop
      vertex 1.4408388856403178 7.565685424949237 1.188919530408839
      vertex 1.583974544304425 7.634682672232987 1.098353860712308
      vertex 1.5158388856403207 7.565685424949237 1.0590157198411774
    endloop
  endfacet
  facet normal -0.6511123728532249 0.6593458151000157 -0.375919903739532
    outer loop
      vertex 1.4408388856403178 7.565685424949237 1.188919530408839
      vertex 1.5158388856403207 7.565685424949237 1.0590157198411774
      vertex 1.381085516701404 7.487009143206976 1.1544209067669655
    endloop
  endfacet
  facet normal -0.6511123728532249 0.6593458151000157 -0.375919903739532
    outer loop
      vertex 1.381085516701404 7.487009143206976 1.1544209067669655
      vertex 1.5158388856403207 7.565685424949237 1.0590157198411774
      vertex 1.4560855167014068 7.487009143206976 1.024517096199304
    endloop
  endfacet
  facet normal -0.7200738067288074 0.5555702330195718 -0.415734806151305
    outer loop
      vertex 1.3307368341969692 7.399999999999999 1.1253520813696838
      vertex 1.4560855167014068 7.487009143206976 1.024517096199304
      vertex 1.405736834196972 7.399999999999999 0.9954482708020223
    endloop
  endfacet
  facet normal -0.7767145781290631 0.44228869021906214 -0.44843637076635284
    outer loop
      vertex 1.3307368341969692 7.399999999999999 1.1253520813696838
      vertex 1.405736834196972 7.399999999999999 0.9954482708020223
      vertex 1.2906543180439485 7.306146745892072 1.1022104298789444
    endloop
  endfacet
  facet normal -0.8200655477516323 0.32143946530317086 -0.4734650647475763
    outer loop
      vertex 1.261523791206713 7.207055236082017 1.0853919123678324
      vertex 1.2906543180439485 7.306146745892072 1.1022104298789444
      vertex 1.3656543180439513 7.306146745892072 0.9723066193112828
    endloop
  endfacet
  facet normal -0.7767145781290631 0.44228869021906214 -0.44843637076635284
    outer loop
      vertex 1.2906543180439485 7.306146745892072 1.1022104298789444
      vertex 1.405736834196972 7.399999999999999 0.9954482708020223
      vertex 1.3656543180439513 7.306146745892072 0.9723066193112828
    endloop
  endfacet
  facet normal -0.7200738067288074 0.5555702330195716 -0.4157348061513049
    outer loop
      vertex 1.3307368341969692 7.399999999999999 1.1253520813696838
      vertex 1.381085516701404 7.487009143206976 1.1544209067669655
      vertex 1.4560855167014068 7.487009143206976 1.024517096199304
    endloop
  endfacet
  facet normal -0.8493849684870136 0.19509032201620355 -0.49039264020163376
    outer loop
      vertex 1.2438436850759444 7.104420953776042 1.0751842983339301
      vertex 1.261523791206713 7.207055236082017 1.0853919123678324
      vertex 1.3365237912067158 7.207055236082017 0.9554881018001709
    endloop
  endfacet
  facet normal -0.8641711769176093 0.06540312923000521 -0.49892946161933277
    outer loop
      vertex 1.2379165111694164 7 1.0717622428834588
      vertex 1.2438436850759444 7.104420953776042 1.0751842983339301
      vertex 1.3188436850759473 7.104420953776042 0.9452804877662686
    endloop
  endfacet
  facet normal -0.8493849684870136 0.19509032201620352 -0.49039264020163376
    outer loop
      vertex 1.2438436850759444 7.104420953776042 1.0751842983339301
      vertex 1.3365237912067158 7.207055236082017 0.9554881018001709
      vertex 1.3188436850759473 7.104420953776042 0.9452804877662686
    endloop
  endfacet
  facet normal -0.8641711769176093 0.06540312923000516 -0.49892946161933277
    outer loop
      vertex 1.2379165111694164 7 1.0717622428834588
      vertex 1.3188436850759473 7.104420953776042 0.9452804877662686
      vertex 1.3129165111694192 7 0.9418584323157972
    endloop
  endfacet
  facet normal -0.8200655477516323 0.32143946530317097 -0.4734650647475763
    outer loop
      vertex 1.261523791206713 7.207055236082017 1.0853919123678324
      vertex 1.3656543180439513 7.306146745892072 0.9723066193112828
      vertex 1.3365237912067158 7.207055236082017 0.9554881018001709
    endloop
  endfacet
endsolid OpenSCAD_Model
