solid OpenSCAD_Model
  facet normal 0.7200737608035983 -0.55557031238439 0.41573477963633676
    outer loop
      vertex 3.089582563367344 0.19999999552965164 3.670800349921734
      vertex 3.0644082201823295 0.15649542957544327 3.6562659361071894
      vertex 3.7895825633673326 0.19999999552965164 2.4583647846235195
    endloop
  endfacet
  facet normal 0.8200655472333706 -0.3214394670661712 0.4734650644483163
    outer loop
      vertex 3.124189084256429 0.29647237807512283 3.6907804340727637
      vertex 3.1096238221842327 0.24692662805318832 3.6823711760945628
      vertex 3.8241890842564175 0.29647237807512283 2.478344868774549
    endloop
  endfacet
  facet normal 0.8493849624801332 -0.19509035688667875 0.4903926367335169
    outer loop
      vertex 3.124189084256429 0.29647237807512283 3.6907804340727637
      vertex 3.8330291388450206 0.3477895185351372 2.4834486766709247
      vertex 3.133029138845032 0.3477895185351372 3.6958842419691393
    endloop
  endfacet
  facet normal 0.8641711812218618 -0.06540305340087618 0.49892946410435046
    outer loop
      vertex 3.133029138845032 0.3477895185351372 3.6958842419691393
      vertex 3.835992722522718 0.3999999985098839 2.4851597025050083
      vertex 3.1359927225227295 0.3999999985098839 3.697595267803223
    endloop
  endfacet
  facet normal 0.7767145902255235 -0.44228866189522603 0.4484363777502084
    outer loop
      vertex 3.089582563367344 0.19999999552965164 3.670800349921734
      vertex 3.8096238221842214 0.24692662805318832 2.469935610796348
      vertex 3.1096238221842327 0.24692662805318832 3.6823711760945628
    endloop
  endfacet
  facet normal 0.6511123716011918 -0.6593458167485657 0.3759199030166375
    outer loop
      vertex 3.0644082201823295 0.15649542957544327 3.6562659361071894
      vertex 3.0345315349665754 0.11715728789567947 3.639016623855383
      vertex 3.764408220182318 0.15649542957544327 2.443830370808975
    endloop
  endfacet
  facet normal 0.571010227183252 -0.751839806033292 0.32967290837427443
    outer loop
      vertex 3.0345315349665754 0.11715728789567947 3.639016623855383
      vertex 3.0004637049342335 0.08265866339206696 3.6193475530155013
      vertex 3.734531534966564 0.11715728789567947 2.4265810585571685
    endloop
  endfacet
  facet normal 0.48113800411344493 -0.831469559272603 0.2777851561922521
    outer loop
      vertex 3.0004637049342335 0.08265866339206696 3.6193475530155013
      vertex 2.9627876456372775 0.0535898357629776 3.597595270038397
      vertex 3.700463704934222 0.08265866339206696 2.4069119877172866
    endloop
  endfacet
  facet normal 0.3830332170070409 -0.896872755500458 0.22114433094757968
    outer loop
      vertex 2.9627876456372775 0.0535898357629776 3.597595270038397
      vertex 2.922147989757832 0.03044818341732025 3.5741319537766287
      vertex 3.662787645637266 0.0535898357629776 2.3851597047401825
    endloop
  endfacet
  facet normal 0.2783747442582587 -0.9469301288966361 0.1607197335330962
    outer loop
      vertex 2.922147989757832 0.03044818341732025 3.5741319537766287
      vertex 2.879240111589283 0.013629667460918427 3.5493590787656615
      vertex 3.6221479897578206 0.03044818341732025 2.361696388478414
    endloop
  endfacet
  facet normal 0.8660254037844423 0 0.4999999999999937
    outer loop
      vertex 3.1359927225227295 0.3999999985098839 3.697595267803223
      vertex 3.835992722522718 2.399999998509884 2.4851597025050083
      vertex 3.1359927225227295 2.399999998509884 3.697595267803223
    endloop
  endfacet
  facet normal 0.16895320509709905 -0.9807852734670778 0.09754517844325857
    outer loop
      vertex 2.879240111589283 0.013629667460918427 3.5493590787656615
      vertex 2.8347981643013327 0.0034220516681671143 3.5237005085356543
      vertex 3.5792401115892716 0.013629667460918427 2.336923513467447
    endloop
  endfacet
  facet normal 0.05664070573020758 -0.9978589282087151 0.03270152670042518
    outer loop
      vertex 2.8347981643013327 0.0034220516681671143 3.5237005085356543
      vertex 2.7895825622994295 0 3.497595268548281
      vertex 3.5347981643013213 0.0034220516681671143 2.3112649432374397
    endloop
  endfacet
  facet normal 0.6511123716011907 0.6593458167485658 0.3759199030166395
    outer loop
      vertex 3.0644082201823295 2.6435045674443245 3.6562659361071894
      vertex 3.6595315334764535 2.6828427091240883 2.5564848717057913
      vertex 3.0345315349665754 2.6828427091240883 3.639016623855383
    endloop
  endfacet
  facet normal 0.571010227183251 0.7518398060332921 0.3296729083742762
    outer loop
      vertex 3.0345315349665754 2.6828427091240883 3.639016623855383
      vertex 3.6254637034441117 2.717341333627701 2.5368158008659094
      vertex 3.0004637049342335 2.717341333627701 3.6193475530155013
    endloop
  endfacet
  facet normal 0.4811380041134441 0.831469559272603 0.27778515619225363
    outer loop
      vertex 3.0004637049342335 2.717341333627701 3.6193475530155013
      vertex 3.5877876441471557 2.74641016125679 2.5150635178888052
      vertex 2.9627876456372775 2.74641016125679 3.597595270038397
    endloop
  endfacet
  facet normal 0.3830332170070402 0.8968727555004579 0.2211443309475809
    outer loop
      vertex 2.9627876456372775 2.74641016125679 3.597595270038397
      vertex 3.54714798826771 2.7695518136024475 2.491600201627037
      vertex 2.922147989757832 2.7695518136024475 3.5741319537766287
    endloop
  endfacet
  facet normal -0.5000000000000909 -7.027061287540404e-13 0.8660254037843862
    outer loop
      vertex 2.879240111589283 2.7863703295588493 3.5493590787656615
      vertex 2.8347981643013327 2.7965779453516006 3.5237005085356543
      vertex 2.7895825622994295 2.7999999970197678 3.497595268548281
    endloop
  endfacet
  facet normal 0.2783747442582582 0.946930128896636 0.16071973353309707
    outer loop
      vertex 2.922147989757832 2.7695518136024475 3.5741319537766287
      vertex 3.504240110099161 2.7863703295588493 2.4668273266160696
      vertex 2.879240111589283 2.7863703295588493 3.5493590787656615
    endloop
  endfacet
  facet normal 0.16895320509709877 0.9807852734670777 0.0975451784432591
    outer loop
      vertex 2.879240111589283 2.7863703295588493 3.5493590787656615
      vertex 3.459798162811211 2.7965779453516006 2.4411687563860625
      vertex 2.8347981643013327 2.7965779453516006 3.5237005085356543
    endloop
  endfacet
  facet normal 0.05664070573020748 0.997858928208715 0.03270152670042536
    outer loop
      vertex 2.8347981643013327 2.7965779453516006 3.5237005085356543
      vertex 3.4145825608093077 2.7999999970197678 2.415063516398689
      vertex 2.7895825622994295 2.7999999970197678 3.497595268548281
    endloop
  endfacet
  facet normal 0 1 0
    outer loop
      vertex 2.7895825622994295 2.7999999970197678 3.497595268548281
      vertex 3.4145825608093077 2.7999999970197678 2.415063516398689
      vertex 2.511473669684406 2.7999999970197678 3.279293997614012
    endloop
  endfacet
  facet normal 0.8641711812218618 0.06540305340087617 0.49892946410435046
    outer loop
      vertex 3.1359927225227295 2.399999998509884 3.697595267803223
      vertex 3.8330291388450206 2.4522104784846306 2.4834486766709247
      vertex 3.133029138845032 2.4522104784846306 3.6958842419691393
    endloop
  endfacet
  facet normal 0.8493849624801332 0.19509035688667872 0.4903926367335169
    outer loop
      vertex 3.133029138845032 2.4522104784846306 3.6958842419691393
      vertex 3.8241890842564175 2.503527618944645 2.478344868774549
      vertex 3.124189084256429 2.503527618944645 3.6907804340727637
    endloop
  endfacet
  facet normal 0.8200655472333706 0.3214394670661712 0.4734650644483164
    outer loop
      vertex 3.124189084256429 2.503527618944645 3.6907804340727637
      vertex 3.8096238221842214 2.5530733689665794 2.469935610796348
      vertex 3.1096238221842327 2.5530733689665794 3.6823711760945628
    endloop
  endfacet
  facet normal 0.7767145902255235 0.4422886618952259 0.4484363777502084
    outer loop
      vertex 3.1096238221842327 2.5530733689665794 3.6823711760945628
      vertex 3.7895825633673326 2.600000001490116 2.4583647846235195
      vertex 3.089582563367344 2.600000001490116 3.670800349921734
    endloop
  endfacet
  facet normal 0.7200737608035983 0.55557031238439 0.41573477963633676
    outer loop
      vertex 3.089582563367344 2.600000001490116 3.670800349921734
      vertex 3.764408220182318 2.6435045674443245 2.443830370808975
      vertex 3.0644082201823295 2.6435045674443245 3.6562659361071894
    endloop
  endfacet
  facet normal 0.6511123716010664 0.6593458167487236 0.375919903016578
    outer loop
      vertex 3.0644082201823295 2.6435045674443245 3.6562659361071894
      vertex 3.6743901806541714 2.663278571950727 2.565063515653634
      vertex 3.6595315334764535 2.6828427091240883 2.5564848717057913
    endloop
  endfacet
  facet normal 0.5710102271832505 0.7518398060332925 0.32967290837427593
    outer loop
      vertex 3.0345315349665754 2.6828427091240883 3.639016623855383
      vertex 3.6595315334764535 2.6828427091240883 2.5564848717057913
      vertex 3.6254637034441117 2.717341333627701 2.5368158008659094
    endloop
  endfacet
  facet normal 0.6511123716013748 0.6593458167483247 0.37591990301674316
    outer loop
      vertex 3.0644082201823295 2.6435045674443245 3.6562659361071894
      vertex 3.764408220182318 2.6435045674443245 2.443830370808975
      vertex 3.6743901806541714 2.663278571950727 2.565063515653634
    endloop
  endfacet
  facet normal 0.4811380041134443 0.8314695592726029 0.27778515619225375
    outer loop
      vertex 3.0004637049342335 2.717341333627701 3.6193475530155013
      vertex 3.6254637034441117 2.717341333627701 2.5368158008659094
      vertex 3.5877876441471557 2.74641016125679 2.5150635178888052
    endloop
  endfacet
  facet normal 0.38303321700704024 0.8968727555004579 0.22114433094758093
    outer loop
      vertex 2.9627876456372775 2.74641016125679 3.597595270038397
      vertex 3.5877876441471557 2.74641016125679 2.5150635178888052
      vertex 3.54714798826771 2.7695518136024475 2.491600201627037
    endloop
  endfacet
  facet normal 0.27837474425825837 0.9469301288966359 0.16071973353309718
    outer loop
      vertex 2.922147989757832 2.7695518136024475 3.5741319537766287
      vertex 3.54714798826771 2.7695518136024475 2.491600201627037
      vertex 3.504240110099161 2.7863703295588493 2.4668273266160696
    endloop
  endfacet
  facet normal 0.16895320509709869 0.9807852734670777 0.09754517844325906
    outer loop
      vertex 2.879240111589283 2.7863703295588493 3.5493590787656615
      vertex 3.504240110099161 2.7863703295588493 2.4668273266160696
      vertex 3.459798162811211 2.7965779453516006 2.4411687563860625
    endloop
  endfacet
  facet normal 0.056640705730207526 0.997858928208715 0.032701526700425386
    outer loop
      vertex 2.8347981643013327 2.7965779453516006 3.5237005085356543
      vertex 3.459798162811211 2.7965779453516006 2.4411687563860625
      vertex 3.4145825608093077 2.7999999970197678 2.415063516398689
    endloop
  endfacet
  facet normal -0.5000000000000009 -1.7884568297648737e-14 0.866025403784438
    outer loop
      vertex 3.124189084256429 0.29647237807512283 3.6907804340727637
      vertex 0.9709292130616234 0.3999999985098839 2.447595267803223
      vertex 3.1096238221842327 0.24692662805318832 3.6823711760945628
    endloop
  endfacet
  facet normal -0.4999999999999997 1.8719408677963524e-14 0.8660254037844389
    outer loop
      vertex 3.089582563367344 0.19999999552965164 3.670800349921734
      vertex 3.1096238221842327 0.24692662805318832 3.6823711760945628
      vertex 0.9738927967393209 0.3477895185351372 2.4493062936373065
    endloop
  endfacet
  facet normal -0.5000000000000053 -8.695860113195345e-14 0.8660254037844357
    outer loop
      vertex 3.089582563367344 0.19999999552965164 3.670800349921734
      vertex 0.9827328513279241 0.29647237807512283 2.454410101533682
      vertex 3.0644082201823295 0.15649542957544327 3.6562659361071894
    endloop
  endfacet
  facet normal -0.49999999999999833 6.687439526438281e-14 0.8660254037844396
    outer loop
      vertex 3.0644082201823295 0.15649542957544327 3.6562659361071894
      vertex 0.9972981134001202 0.24692662805318832 2.462819359511883
      vertex 3.0345315349665754 0.11715728789567947 3.639016623855383
    endloop
  endfacet
  facet normal -0.5000000000000041 -6.829775295625208e-14 0.8660254037844364
    outer loop
      vertex 3.0345315349665754 0.11715728789567947 3.639016623855383
      vertex 1.017339372217009 0.19999999552965164 2.4743901856847117
      vertex 3.0004637049342335 0.08265866339206696 3.6193475530155013
    endloop
  endfacet
  facet normal -0.5000000000000013 -6.633647814541374e-14 0.8660254037844377
    outer loop
      vertex 3.0004637049342335 0.08265866339206696 3.6193475530155013
      vertex 1.0425137154020234 0.15649542957544327 2.4889245994992564
      vertex 2.9627876456372775 0.0535898357629776 3.597595270038397
    endloop
  endfacet
  facet normal -0.49999999999999684 1.1543725881610492e-13 0.8660254037844405
    outer loop
      vertex 2.9627876456372775 0.0535898357629776 3.597595270038397
      vertex 1.0723904006177776 0.11715728789567947 2.5061739117510626
      vertex 2.922147989757832 0.03044818341732025 3.5741319537766287
    endloop
  endfacet
  facet normal -0.4999999999999997 8.616752094515957e-15 0.8660254037844389
    outer loop
      vertex 2.922147989757832 0.03044818341732025 3.5741319537766287
      vertex 1.1064582306501194 0.08265866339206696 2.5258429825909445
      vertex 2.879240111589283 0.013629667460918427 3.5493590787656615
    endloop
  endfacet
  facet normal -0.4999999999999964 1.5449311640760208e-13 0.8660254037844407
    outer loop
      vertex 2.879240111589283 0.013629667460918427 3.5493590787656615
      vertex 1.1441342899470754 0.0535898357629776 2.5475952655680487
      vertex 2.8347981643013327 0.0034220516681671143 3.5237005085356543
    endloop
  endfacet
  facet normal -0.50000000000001 -7.217964834805191e-13 0.8660254037844328
    outer loop
      vertex 2.8347981643013327 0.0034220516681671143 3.5237005085356543
      vertex 1.184773945826521 0.03044818341732025 2.571058581829817
      vertex 2.7895825622994295 0 3.497595268548281
    endloop
  endfacet
  facet normal -0.4999999999999435 7.748134415364407e-14 0.8660254037844712
    outer loop
      vertex 3.124189084256429 0.29647237807512283 3.6907804340727637
      vertex 3.133029138845032 0.3477895185351372 3.6958842419691393
      vertex 0.9709292130616234 2.399999998509884 2.447595267803223
    endloop
  endfacet
  facet normal -0.49999999999998623 1.7350984886826385e-14 0.8660254037844464
    outer loop
      vertex 3.133029138845032 0.3477895185351372 3.6958842419691393
      vertex 3.1359927225227295 0.3999999985098839 3.697595267803223
      vertex 0.9738927967393209 2.4522104784846306 2.4493062936373065
    endloop
  endfacet
  facet normal 0 -1 0
    outer loop
      vertex 2.7895825622994295 0 3.497595268548281
      vertex 1.3173393732849235 0 2.647595267058165
      vertex 3.489582562299418 0 2.2851597032500663
    endloop
  endfacet
  facet normal -0.5000000000000002 0 0.8660254037844385
    outer loop
      vertex 3.1359927225227295 0.3999999985098839 3.697595267803223
      vertex 3.1359927225227295 2.399999998509884 3.697595267803223
      vertex 0.9827328513279241 2.503527618944645 2.454410101533682
    endloop
  endfacet
  facet normal -0.500000000000001 -1.8456637658911407e-14 0.8660254037844382
    outer loop
      vertex 3.1359927225227295 2.399999998509884 3.697595267803223
      vertex 3.133029138845032 2.4522104784846306 3.6958842419691393
      vertex 0.9972981134001202 2.5530733689665794 2.462819359511883
    endloop
  endfacet
  facet normal -0.5000000000000054 -9.170918010900604e-14 0.8660254037844356
    outer loop
      vertex 3.133029138845032 2.4522104784846306 3.6958842419691393
      vertex 3.124189084256429 2.503527618944645 3.6907804340727637
      vertex 1.017339372217009 2.600000001490116 2.4743901856847117
    endloop
  endfacet
  facet normal -0.5 1.8247812927788424e-14 0.8660254037844387
    outer loop
      vertex 3.124189084256429 2.503527618944645 3.6907804340727637
      vertex 3.1096238221842327 2.5530733689665794 3.6823711760945628
      vertex 1.0425137154020234 2.6435045674443245 2.4889245994992564
    endloop
  endfacet
  facet normal -0.5000000000000026 -2.0386299472701752e-14 0.8660254037844372
    outer loop
      vertex 3.1096238221842327 2.5530733689665794 3.6823711760945628
      vertex 3.089582563367344 2.600000001490116 3.670800349921734
      vertex 1.0723904006177776 2.6828427091240883 2.5061739117510626
    endloop
  endfacet
  facet normal -0.49999999999999684 9.346985109483613e-14 0.8660254037844405
    outer loop
      vertex 3.089582563367344 2.600000001490116 3.670800349921734
      vertex 3.0644082201823295 2.6435045674443245 3.6562659361071894
      vertex 1.1064582306501194 2.717341333627701 2.5258429825909445
    endloop
  endfacet
  facet normal -0.5000000000000014 -7.007225850496954e-14 0.8660254037844377
    outer loop
      vertex 3.0644082201823295 2.6435045674443245 3.6562659361071894
      vertex 3.0345315349665754 2.6828427091240883 3.639016623855383
      vertex 1.1441342899470754 2.74641016125679 2.5475952655680487
    endloop
  endfacet
  facet normal -0.49999999999999833 7.602893937653074e-14 0.8660254037844398
    outer loop
      vertex 3.0345315349665754 2.6828427091240883 3.639016623855383
      vertex 3.0004637049342335 2.717341333627701 3.6193475530155013
      vertex 1.184773945826521 2.7695518136024475 2.571058581829817
    endloop
  endfacet
  facet normal -0.4999999999999978 7.245700254531988e-14 0.86602540378444
    outer loop
      vertex 3.0004637049342335 2.717341333627701 3.6193475530155013
      vertex 2.9627876456372775 2.74641016125679 3.597595270038397
      vertex 1.22768182399507 2.7863703295588493 2.5958314568407843
    endloop
  endfacet
  facet normal -0.5000000000000027 -1.2930470069945994e-13 0.866025403784437
    outer loop
      vertex 2.9627876456372775 2.74641016125679 3.597595270038397
      vertex 2.922147989757832 2.7695518136024475 3.5741319537766287
      vertex 1.2721237712830202 2.7965779453516006 2.6214900270707915
    endloop
  endfacet
  facet normal -0.4999999999999998 -9.12477736939379e-15 0.8660254037844387
    outer loop
      vertex 2.922147989757832 2.7695518136024475 3.5741319537766287
      vertex 2.879240111589283 2.7863703295588493 3.5493590787656615
      vertex 1.3173393732849235 2.7999999970197678 2.647595267058165
    endloop
  endfacet
  facet normal -0.499999999999999 1.0182044296589495e-13 0.8660254037844392
    outer loop
      vertex 2.879240111589283 2.7863703295588493 3.5493590787656615
      vertex 2.7895825622994295 2.7999999970197678 3.497595268548281
      vertex 1.3173393732849235 2.7999999970197678 2.647595267058165
    endloop
  endfacet
  facet normal 0 1 0
    outer loop
      vertex 2.511473669684406 2.7999999970197678 3.279293997614012
      vertex 3.4145825608093077 2.7999999970197678 2.415063516398689
      vertex 3.111473668194293 2.7999999970197678 2.240063515653638
    endloop
  endfacet
  facet normal 0.7767145902255231 -0.4422886618952268 0.44843637775020817
    outer loop
      vertex 3.089582563367344 0.19999999552965164 3.670800349921734
      vertex 3.7895825633673326 0.19999999552965164 2.4583647846235195
      vertex 3.8096238221842214 0.24692662805318832 2.469935610796348
    endloop
  endfacet
  facet normal 0.8493849624801333 -0.1950903568866777 0.490392636733517
    outer loop
      vertex 3.124189084256429 0.29647237807512283 3.6907804340727637
      vertex 3.8241890842564175 0.29647237807512283 2.478344868774549
      vertex 3.8330291388450206 0.3477895185351372 2.4834486766709247
    endloop
  endfacet
  facet normal 0.8200655472333707 -0.3214394670661709 0.4734650644483164
    outer loop
      vertex 3.1096238221842327 0.24692662805318832 3.6823711760945628
      vertex 3.8096238221842214 0.24692662805318832 2.469935610796348
      vertex 3.8241890842564175 0.29647237807512283 2.478344868774549
    endloop
  endfacet
  facet normal 0.8641711812218618 -0.06540305340087649 0.49892946410435046
    outer loop
      vertex 3.133029138845032 0.3477895185351372 3.6958842419691393
      vertex 3.8330291388450206 0.3477895185351372 2.4834486766709247
      vertex 3.835992722522718 0.3999999985098839 2.4851597025050083
    endloop
  endfacet
  facet normal 0.7200737608035985 -0.5555703123843896 0.4157347796363369
    outer loop
      vertex 3.0644082201823295 0.15649542957544327 3.6562659361071894
      vertex 3.764408220182318 0.15649542957544327 2.443830370808975
      vertex 3.7895825633673326 0.19999999552965164 2.4583647846235195
    endloop
  endfacet
  facet normal 0.6511123716011915 -0.6593458167485663 0.3759199030166373
    outer loop
      vertex 3.0345315349665754 0.11715728789567947 3.639016623855383
      vertex 3.734531534966564 0.11715728789567947 2.4265810585571685
      vertex 3.764408220182318 0.15649542957544327 2.443830370808975
    endloop
  endfacet
  facet normal 0.5710102271832521 -0.7518398060332918 0.3296729083742745
    outer loop
      vertex 3.0004637049342335 0.08265866339206696 3.6193475530155013
      vertex 3.700463704934222 0.08265866339206696 2.4069119877172866
      vertex 3.734531534966564 0.11715728789567947 2.4265810585571685
    endloop
  endfacet
  facet normal 0.48113800411344476 -0.8314695592726031 0.27778515619225197
    outer loop
      vertex 2.9627876456372775 0.0535898357629776 3.597595270038397
      vertex 3.662787645637266 0.0535898357629776 2.3851597047401825
      vertex 3.700463704934222 0.08265866339206696 2.4069119877172866
    endloop
  endfacet
  facet normal 0.3830332170070407 -0.8968727555004583 0.22114433094757957
    outer loop
      vertex 2.922147989757832 0.03044818341732025 3.5741319537766287
      vertex 3.6221479897578206 0.03044818341732025 2.361696388478414
      vertex 3.662787645637266 0.0535898357629776 2.3851597047401825
    endloop
  endfacet
  facet normal 0.8660254037844423 0 0.4999999999999937
    outer loop
      vertex 3.1359927225227295 0.3999999985098839 3.697595267803223
      vertex 3.835992722522718 0.3999999985098839 2.4851597025050083
      vertex 3.835992722522718 2.399999998509884 2.4851597025050083
    endloop
  endfacet
  facet normal 0.2783747442582587 -0.9469301288966361 0.1607197335330962
    outer loop
      vertex 2.879240111589283 0.013629667460918427 3.5493590787656615
      vertex 3.5792401115892716 0.013629667460918427 2.336923513467447
      vertex 3.6221479897578206 0.03044818341732025 2.361696388478414
    endloop
  endfacet
  facet normal 0.168953205097099 -0.9807852734670778 0.09754517844325852
    outer loop
      vertex 2.8347981643013327 0.0034220516681671143 3.5237005085356543
      vertex 3.5347981643013213 0.0034220516681671143 2.3112649432374397
      vertex 3.5792401115892716 0.013629667460918427 2.336923513467447
    endloop
  endfacet
  facet normal 0.056640705730207554 -0.9978589282087149 0.03270152670042516
    outer loop
      vertex 2.7895825622994295 0 3.497595268548281
      vertex 3.489582562299418 0 2.2851597032500663
      vertex 3.5347981643013213 0.0034220516681671143 2.3112649432374397
    endloop
  endfacet
  facet normal 0.49999999999970024 -2.1615741637812233e-14 -0.8660254037846117
    outer loop
      vertex 3.8241890842564175 0.29647237807512283 2.478344868774549
      vertex 3.749390182144282 2 2.435159702505011
      vertex 3.8330291388450206 0.3477895185351372 2.4834486766709247
    endloop
  endfacet
  facet normal 0.49999999999988126 -9.396263492101168e-15 -0.8660254037845072
    outer loop
      vertex 3.8330291388450206 0.3477895185351372 2.4834486766709247
      vertex 3.749390182144282 2 2.435159702505011
      vertex 3.835992722522718 0.3999999985098839 2.4851597025050083
    endloop
  endfacet
  facet normal 0.5000000000000115 0 -0.866025403784432
    outer loop
      vertex 3.835992722522718 0.3999999985098839 2.4851597025050083
      vertex 3.749390182144282 2 2.435159702505011
      vertex 3.835992722522718 2.399999998509884 2.4851597025050083
    endloop
  endfacet
  facet normal 0.8641711812218618 0.06540305340087649 0.49892946410435046
    outer loop
      vertex 3.1359927225227295 2.399999998509884 3.697595267803223
      vertex 3.835992722522718 2.399999998509884 2.4851597025050083
      vertex 3.8330291388450206 2.4522104784846306 2.4834486766709247
    endloop
  endfacet
  facet normal 0.8493849624801331 0.19509035688667914 0.4903926367335168
    outer loop
      vertex 3.133029138845032 2.4522104784846306 3.6958842419691393
      vertex 3.8330291388450206 2.4522104784846306 2.4834486766709247
      vertex 3.8241890842564175 2.503527618944645 2.478344868774549
    endloop
  endfacet
  facet normal 0.8200655472333702 0.3214394670661722 0.4734650644483161
    outer loop
      vertex 3.124189084256429 2.503527618944645 3.6907804340727637
      vertex 3.8241890842564175 2.503527618944645 2.478344868774549
      vertex 3.8096238221842214 2.5530733689665794 2.469935610796348
    endloop
  endfacet
  facet normal 0.7767145902255238 0.4422886618952256 0.44843637775020856
    outer loop
      vertex 3.1096238221842327 2.5530733689665794 3.6823711760945628
      vertex 3.8096238221842214 2.5530733689665794 2.469935610796348
      vertex 3.7895825633673326 2.600000001490116 2.4583647846235195
    endloop
  endfacet
  facet normal 0.7200737608035979 0.5555703123843906 0.41573477963633654
    outer loop
      vertex 3.089582563367344 2.600000001490116 3.670800349921734
      vertex 3.7895825633673326 2.600000001490116 2.4583647846235195
      vertex 3.764408220182318 2.6435045674443245 2.443830370808975
    endloop
  endfacet
  facet normal 0.651112371601321 0.6593458167484085 0.3759199030166895
    outer loop
      vertex 3.6743901806541714 2.663278571950727 2.565063515653634
      vertex 3.764408220182318 2.6435045674443245 2.443830370808975
      vertex 3.749390182144282 2.663278571950727 2.435159702505011
    endloop
  endfacet
  facet normal 0.5000000000000115 0 -0.866025403784432
    outer loop
      vertex 3.749390182144282 2 2.435159702505011
      vertex 3.749390182144282 2.663278571950727 2.435159702505011
      vertex 3.835992722522718 2.399999998509884 2.4851597025050083
    endloop
  endfacet
  facet normal 0.5000000000000645 2.3264659385921733e-14 -0.8660254037844013
    outer loop
      vertex 3.835992722522718 2.399999998509884 2.4851597025050083
      vertex 3.749390182144282 2.663278571950727 2.435159702505011
      vertex 3.8330291388450206 2.4522104784846306 2.4834486766709247
    endloop
  endfacet
  facet normal 0.5000000000003392 1.6836157751809796e-13 -0.8660254037842429
    outer loop
      vertex 3.8330291388450206 2.4522104784846306 2.4834486766709247
      vertex 3.749390182144282 2.663278571950727 2.435159702505011
      vertex 3.8241890842564175 2.503527618944645 2.478344868774549
    endloop
  endfacet
  facet normal 0.500000000000108 2.4100810755920925e-14 -0.8660254037843763
    outer loop
      vertex 3.8241890842564175 2.503527618944645 2.478344868774549
      vertex 3.749390182144282 2.663278571950727 2.435159702505011
      vertex 3.8096238221842214 2.5530733689665794 2.469935610796348
    endloop
  endfacet
  facet normal 0.500000000000462 2.8202851682334844e-13 -0.866025403784172
    outer loop
      vertex 3.8096238221842214 2.5530733689665794 2.469935610796348
      vertex 3.749390182144282 2.663278571950727 2.435159702505011
      vertex 3.7895825633673326 2.600000001490116 2.4583647846235195
    endloop
  endfacet
  facet normal 0.5000000000002416 9.537009161497967e-14 -0.866025403784299
    outer loop
      vertex 3.7895825633673326 2.600000001490116 2.4583647846235195
      vertex 3.749390182144282 2.663278571950727 2.435159702505011
      vertex 3.764408220182318 2.6435045674443245 2.443830370808975
    endloop
  endfacet
  facet normal 0.5000000000000009 1.7884568297648737e-14 -0.866025403784438
    outer loop
      vertex 3.8241890842564175 0.29647237807512283 2.478344868774549
      vertex 3.8096238221842214 0.24692662805318832 2.469935610796348
      vertex 1.670929213061612 0.3999999985098839 1.2351597025050083
    endloop
  endfacet
  facet normal 0.4999999999999997 -1.8719408677963524e-14 -0.8660254037844389
    outer loop
      vertex 3.7895825633673326 0.19999999552965164 2.4583647846235195
      vertex 1.6738927967393096 0.3477895185351372 1.2368707283390918
      vertex 3.8096238221842214 0.24692662805318832 2.469935610796348
    endloop
  endfacet
  facet normal 0.5000000000000053 8.695860113195345e-14 -0.8660254037844357
    outer loop
      vertex 3.7895825633673326 0.19999999552965164 2.4583647846235195
      vertex 3.764408220182318 0.15649542957544327 2.443830370808975
      vertex 1.6827328513279127 0.29647237807512283 1.2419745362354675
    endloop
  endfacet
  facet normal 0.49999999999999833 -6.687439526438281e-14 -0.8660254037844396
    outer loop
      vertex 3.764408220182318 0.15649542957544327 2.443830370808975
      vertex 3.734531534966564 0.11715728789567947 2.4265810585571685
      vertex 1.6972981134001088 0.24692662805318832 1.2503837942136684
    endloop
  endfacet
  facet normal 0.5000000000000041 6.829775295625208e-14 -0.8660254037844364
    outer loop
      vertex 3.734531534966564 0.11715728789567947 2.4265810585571685
      vertex 3.700463704934222 0.08265866339206696 2.4069119877172866
      vertex 1.7173393722169976 0.19999999552965164 1.261954620386497
    endloop
  endfacet
  facet normal 0.5000000000000013 6.633647814541374e-14 -0.8660254037844377
    outer loop
      vertex 3.700463704934222 0.08265866339206696 2.4069119877172866
      vertex 3.662787645637266 0.0535898357629776 2.3851597047401825
      vertex 1.742513715402012 0.15649542957544327 1.2764890342010418
    endloop
  endfacet
  facet normal 0.49999999999999684 -1.1543725881610492e-13 -0.8660254037844405
    outer loop
      vertex 3.662787645637266 0.0535898357629776 2.3851597047401825
      vertex 3.6221479897578206 0.03044818341732025 2.361696388478414
      vertex 1.7723904006177662 0.11715728789567947 1.293738346452848
    endloop
  endfacet
  facet normal 0.4999999999999997 -8.616752094515957e-15 -0.8660254037844389
    outer loop
      vertex 3.6221479897578206 0.03044818341732025 2.361696388478414
      vertex 3.5792401115892716 0.013629667460918427 2.336923513467447
      vertex 1.806458230650108 0.08265866339206696 1.31340741729273
    endloop
  endfacet
  facet normal 0.4999999999999964 -1.5449311640760208e-13 -0.8660254037844407
    outer loop
      vertex 3.5792401115892716 0.013629667460918427 2.336923513467447
      vertex 3.5347981643013213 0.0034220516681671143 2.3112649432374397
      vertex 1.844134289947064 0.0535898357629776 1.335159700269834
    endloop
  endfacet
  facet normal 0.50000000000001 7.217964834805191e-13 -0.8660254037844328
    outer loop
      vertex 3.5347981643013213 0.0034220516681671143 2.3112649432374397
      vertex 3.489582562299418 0 2.2851597032500663
      vertex 1.8847739458265096 0.03044818341732025 1.3586230165316024
    endloop
  endfacet
  facet normal 0.5000000000000001 -4.0582754467356235e-15 -0.8660254037844387
    outer loop
      vertex 3.8241890842564175 0.29647237807512283 2.478344868774549
      vertex 1.670929213061612 0.3999999985098839 1.2351597025050083
      vertex 3.749390182144282 2 2.435159702505011
    endloop
  endfacet
  facet normal -0.49999999999999917 1.0541410565880892e-13 0.8660254037844393
    outer loop
      vertex 2.7895825622994295 0 3.497595268548281
      vertex 1.22768182399507 0.013629667460918427 2.5958314568407843
      vertex 1.3173393732849235 0 2.647595267058165
    endloop
  endfacet
  facet normal 0 1 0
    outer loop
      vertex 2.7895825622994295 2.7999999970197678 3.497595268548281
      vertex 2.511473669684406 2.7999999970197678 3.279293997614012
      vertex 1.3173393732849235 2.7999999970197678 2.647595267058165
    endloop
  endfacet
  facet normal -0.5000000000000101 -6.999238627689883e-13 0.8660254037844328
    outer loop
      vertex 2.922147989757832 2.7695518136024475 3.5741319537766287
      vertex 1.3173393732849235 2.7999999970197678 2.647595267058165
      vertex 1.2721237712830202 2.7965779453516006 2.6214900270707915
    endloop
  endfacet
  facet normal -0.4999999999999964 1.5788518083970513e-13 0.8660254037844407
    outer loop
      vertex 2.9627876456372775 2.74641016125679 3.597595270038397
      vertex 1.2721237712830202 2.7965779453516006 2.6214900270707915
      vertex 1.22768182399507 2.7863703295588493 2.5958314568407843
    endloop
  endfacet
  facet normal -0.4999999999999996 5.866724830308736e-15 0.8660254037844389
    outer loop
      vertex 3.0004637049342335 2.717341333627701 3.6193475530155013
      vertex 1.22768182399507 2.7863703295588493 2.5958314568407843
      vertex 1.184773945826521 2.7695518136024475 2.571058581829817
    endloop
  endfacet
  facet normal -0.49999999999999684 1.1621548752722472e-13 0.8660254037844405
    outer loop
      vertex 3.0345315349665754 2.6828427091240883 3.639016623855383
      vertex 1.184773945826521 2.7695518136024475 2.571058581829817
      vertex 1.1441342899470754 2.74641016125679 2.5475952655680487
    endloop
  endfacet
  facet normal -0.5000000000000014 -7.086628317810513e-14 0.8660254037844378
    outer loop
      vertex 3.0644082201823295 2.6435045674443245 3.6562659361071894
      vertex 1.1441342899470754 2.74641016125679 2.5475952655680487
      vertex 1.1064582306501194 2.717341333627701 2.5258429825909445
    endloop
  endfacet
  facet normal -0.500000000000004 -6.904462996306406e-14 0.8660254037844364
    outer loop
      vertex 3.089582563367344 2.600000001490116 3.670800349921734
      vertex 1.1064582306501194 2.717341333627701 2.5258429825909445
      vertex 1.0723904006177776 2.6828427091240883 2.5061739117510626
    endloop
  endfacet
  facet normal -0.4999999999999983 6.408498198597539e-14 0.8660254037844397
    outer loop
      vertex 3.1096238221842327 2.5530733689665794 3.6823711760945628
      vertex 1.0723904006177776 2.6828427091240883 2.5061739117510626
      vertex 1.0425137154020234 2.6435045674443245 2.4889245994992564
    endloop
  endfacet
  facet normal -0.49999999999999983 -1.497399363182571e-14 0.8660254037844387
    outer loop
      vertex 2.7895825622994295 0 3.497595268548281
      vertex 1.184773945826521 0.03044818341732025 2.571058581829817
      vertex 1.22768182399507 0.013629667460918427 2.5958314568407843
    endloop
  endfacet
  facet normal -0.5000000000000027 -1.2962877263103752e-13 0.8660254037844372
    outer loop
      vertex 2.8347981643013327 0.0034220516681671143 3.5237005085356543
      vertex 1.1441342899470754 0.0535898357629776 2.5475952655680487
      vertex 1.184773945826521 0.03044818341732025 2.571058581829817
    endloop
  endfacet
  facet normal -0.4999999999999978 7.073768384085466e-14 0.8660254037844398
    outer loop
      vertex 2.879240111589283 0.013629667460918427 3.5493590787656615
      vertex 1.1064582306501194 0.08265866339206696 2.5258429825909445
      vertex 1.1441342899470754 0.0535898357629776 2.5475952655680487
    endloop
  endfacet
  facet normal -0.4999999999999982 7.583146161191636e-14 0.8660254037844398
    outer loop
      vertex 2.922147989757832 0.03044818341732025 3.5741319537766287
      vertex 1.0723904006177776 0.11715728789567947 2.5061739117510626
      vertex 1.1064582306501194 0.08265866339206696 2.5258429825909445
    endloop
  endfacet
  facet normal -0.5000000000000014 -6.899422375873924e-14 0.8660254037844377
    outer loop
      vertex 2.9627876456372775 0.0535898357629776 3.597595270038397
      vertex 1.0425137154020234 0.15649542957544327 2.4889245994992564
      vertex 1.0723904006177776 0.11715728789567947 2.5061739117510626
    endloop
  endfacet
  facet normal -0.49999999999999684 9.693169743168192e-14 0.8660254037844405
    outer loop
      vertex 3.0004637049342335 0.08265866339206696 3.6193475530155013
      vertex 1.017339372217009 0.19999999552965164 2.4743901856847117
      vertex 1.0425137154020234 0.15649542957544327 2.4889245994992564
    endloop
  endfacet
  facet normal -0.5000000000000026 -1.6541656624442624e-14 0.8660254037844373
    outer loop
      vertex 3.0345315349665754 0.11715728789567947 3.639016623855383
      vertex 0.9972981134001202 0.24692662805318832 2.462819359511883
      vertex 1.017339372217009 0.19999999552965164 2.4743901856847117
    endloop
  endfacet
  facet normal -0.4999999999999999 1.9020521618541675e-14 0.8660254037844387
    outer loop
      vertex 3.0644082201823295 0.15649542957544327 3.6562659361071894
      vertex 0.9827328513279241 0.29647237807512283 2.454410101533682
      vertex 0.9972981134001202 0.24692662805318832 2.462819359511883
    endloop
  endfacet
  facet normal -0.5000000000000054 -9.322179334232503e-14 0.8660254037844356
    outer loop
      vertex 3.089582563367344 0.19999999552965164 3.670800349921734
      vertex 0.9738927967393209 0.3477895185351372 2.4493062936373065
      vertex 0.9827328513279241 0.29647237807512283 2.454410101533682
    endloop
  endfacet
  facet normal -0.5000000000000011 -2.0749786235380002e-14 0.866025403784438
    outer loop
      vertex 3.1096238221842327 0.24692662805318832 3.6823711760945628
      vertex 0.9709292130616234 0.3999999985098839 2.447595267803223
      vertex 0.9738927967393209 0.3477895185351372 2.4493062936373065
    endloop
  endfacet
  facet normal -0.5000000000000002 0 0.8660254037844385
    outer loop
      vertex 3.124189084256429 0.29647237807512283 3.6907804340727637
      vertex 0.9709292130616234 2.399999998509884 2.447595267803223
      vertex 0.9709292130616234 0.3999999985098839 2.447595267803223
    endloop
  endfacet
  facet normal -0.49999999999998584 1.6163945163855716e-14 0.8660254037844467
    outer loop
      vertex 3.133029138845032 0.3477895185351372 3.6958842419691393
      vertex 0.9738927967393209 2.4522104784846306 2.4493062936373065
      vertex 0.9709292130616234 2.399999998509884 2.447595267803223
    endloop
  endfacet
  facet normal -0.05664070573020758 -0.9978589282087151 -0.03270152670042518
    outer loop
      vertex 1.3173393732849235 0 2.647595267058165
      vertex 1.2721237712830202 0.0034220516681671143 2.6214900270707915
      vertex 2.017339373284912 0 1.4351597017599502
    endloop
  endfacet
  facet normal -0.4999999999999475 7.745806949333986e-14 0.8660254037844689
    outer loop
      vertex 3.1359927225227295 0.3999999985098839 3.697595267803223
      vertex 0.9827328513279241 2.503527618944645 2.454410101533682
      vertex 0.9738927967393209 2.4522104784846306 2.4493062936373065
    endloop
  endfacet
  facet normal -0.5000000000000053 -8.584088132305944e-14 0.8660254037844356
    outer loop
      vertex 3.124189084256429 2.503527618944645 3.6907804340727637
      vertex 1.0425137154020234 2.6435045674443245 2.4889245994992564
      vertex 1.017339372217009 2.600000001490116 2.4743901856847117
    endloop
  endfacet
  facet normal -0.4999999999999997 1.8807569158393494e-14 0.8660254037844389
    outer loop
      vertex 3.133029138845032 2.4522104784846306 3.6958842419691393
      vertex 1.017339372217009 2.600000001490116 2.4743901856847117
      vertex 0.9972981134001202 2.5530733689665794 2.462819359511883
    endloop
  endfacet
  facet normal -0.5000000000000011 -1.7773484022508067e-14 0.866025403784438
    outer loop
      vertex 3.1359927225227295 2.399999998509884 3.697595267803223
      vertex 0.9972981134001202 2.5530733689665794 2.462819359511883
      vertex 0.9827328513279241 2.503527618944645 2.454410101533682
    endloop
  endfacet
  facet normal 0 1 0
    outer loop
      vertex 2.511473669684406 2.7999999970197678 3.279293997614012
      vertex 1.342339373284915 2.7999999970197678 2.6042939968689467
      vertex 1.3173393732849235 2.7999999970197678 2.647595267058165
    endloop
  endfacet
  facet normal -0.05664070573021094 0.997858928208715 -0.03270152670041937
    outer loop
      vertex 1.3173393732849235 2.7999999970197678 2.647595267058165
      vertex 1.2971237712830117 2.7965779453516006 2.5781887568815733
      vertex 1.2721237712830202 2.7965779453516006 2.6214900270707915
    endloop
  endfacet
  facet normal -0.05664070573021094 0.997858928208715 -0.03270152670041937
    outer loop
      vertex 1.3173393732849235 2.7999999970197678 2.647595267058165
      vertex 1.342339373284915 2.7999999970197678 2.6042939968689467
      vertex 1.2971237712830117 2.7965779453516006 2.5781887568815733
    endloop
  endfacet
  facet normal 0 -1 0
    outer loop
      vertex 3.489582562299418 0 2.2851597032500663
      vertex 1.3173393732849235 0 2.647595267058165
      vertex 2.017339373284912 0 1.4351597017599502
    endloop
  endfacet
  facet normal 0.49999999999999917 -1.0541410565880892e-13 -0.8660254037844393
    outer loop
      vertex 3.489582562299418 0 2.2851597032500663
      vertex 2.017339373284912 0 1.4351597017599502
      vertex 1.9276818239950586 0.013629667460918427 1.3833958915425697
    endloop
  endfacet
  facet normal -0.05664070573020758 -0.9978589282087151 -0.03270152670042518
    outer loop
      vertex 2.017339373284912 0 1.4351597017599502
      vertex 1.2721237712830202 0.0034220516681671143 2.6214900270707915
      vertex 1.9721237712830089 0.0034220516681671143 1.4090544617725769
    endloop
  endfacet
  facet normal 0.49999999999999983 1.497399363182571e-14 -0.8660254037844387
    outer loop
      vertex 3.489582562299418 0 2.2851597032500663
      vertex 1.9276818239950586 0.013629667460918427 1.3833958915425697
      vertex 1.8847739458265096 0.03044818341732025 1.3586230165316024
    endloop
  endfacet
  facet normal 0.5000000000000027 1.2962877263103752e-13 -0.8660254037844372
    outer loop
      vertex 3.5347981643013213 0.0034220516681671143 2.3112649432374397
      vertex 1.8847739458265096 0.03044818341732025 1.3586230165316024
      vertex 1.844134289947064 0.0535898357629776 1.335159700269834
    endloop
  endfacet
  facet normal 0.4999999999999978 -7.073768384085466e-14 -0.8660254037844398
    outer loop
      vertex 3.5792401115892716 0.013629667460918427 2.336923513467447
      vertex 1.844134289947064 0.0535898357629776 1.335159700269834
      vertex 1.806458230650108 0.08265866339206696 1.31340741729273
    endloop
  endfacet
  facet normal 0.4999999999999982 -7.583146161191636e-14 -0.8660254037844398
    outer loop
      vertex 3.6221479897578206 0.03044818341732025 2.361696388478414
      vertex 1.806458230650108 0.08265866339206696 1.31340741729273
      vertex 1.7723904006177662 0.11715728789567947 1.293738346452848
    endloop
  endfacet
  facet normal 0.5000000000000014 6.899422375873924e-14 -0.8660254037844377
    outer loop
      vertex 3.662787645637266 0.0535898357629776 2.3851597047401825
      vertex 1.7723904006177662 0.11715728789567947 1.293738346452848
      vertex 1.742513715402012 0.15649542957544327 1.2764890342010418
    endloop
  endfacet
  facet normal 0.49999999999999684 -9.693169743168192e-14 -0.8660254037844405
    outer loop
      vertex 3.700463704934222 0.08265866339206696 2.4069119877172866
      vertex 1.742513715402012 0.15649542957544327 1.2764890342010418
      vertex 1.7173393722169976 0.19999999552965164 1.261954620386497
    endloop
  endfacet
  facet normal 0.5000000000000026 1.6541656624442624e-14 -0.8660254037844373
    outer loop
      vertex 3.734531534966564 0.11715728789567947 2.4265810585571685
      vertex 1.7173393722169976 0.19999999552965164 1.261954620386497
      vertex 1.6972981134001088 0.24692662805318832 1.2503837942136684
    endloop
  endfacet
  facet normal 0.4999999999999999 -1.9020521618541675e-14 -0.8660254037844387
    outer loop
      vertex 3.764408220182318 0.15649542957544327 2.443830370808975
      vertex 1.6972981134001088 0.24692662805318832 1.2503837942136684
      vertex 1.6827328513279127 0.29647237807512283 1.2419745362354675
    endloop
  endfacet
  facet normal 0.5000000000000054 9.322179334232503e-14 -0.8660254037844356
    outer loop
      vertex 3.7895825633673326 0.19999999552965164 2.4583647846235195
      vertex 1.6827328513279127 0.29647237807512283 1.2419745362354675
      vertex 1.6738927967393096 0.3477895185351372 1.2368707283390918
    endloop
  endfacet
  facet normal 0.5000000000000011 2.0749786235380002e-14 -0.866025403784438
    outer loop
      vertex 3.8096238221842214 0.24692662805318832 2.469935610796348
      vertex 1.6738927967393096 0.3477895185351372 1.2368707283390918
      vertex 1.670929213061612 0.3999999985098839 1.2351597025050083
    endloop
  endfacet
  facet normal 0.4999999999999978 0 -0.8660254037844399
    outer loop
      vertex 3.749390182144282 2 2.435159702505011
      vertex 1.670929213061612 0.3999999985098839 1.2351597025050083
      vertex 1.670929213061612 2 1.2351597025050083
    endloop
  endfacet
  facet normal -0.5000000000000907 -7.027061287540401e-13 0.8660254037843862
    outer loop
      vertex 1.3173393732849235 0 2.647595267058165
      vertex 1.22768182399507 0.013629667460918427 2.5958314568407843
      vertex 1.2721237712830202 0.0034220516681671143 2.6214900270707915
    endloop
  endfacet
  facet normal -0.8660254037844936 0 -0.4999999999999049
    outer loop
      vertex 0.9709292130616234 0.3999999985098839 2.447595267803223
      vertex 0.9709292130616234 2.399999998509884 2.447595267803223
      vertex 0.9959292130616149 2 2.4042939976140048
    endloop
  endfacet
  facet normal -0.8660254037844385 -3.440534899361066e-15 -0.5000000000000003
    outer loop
      vertex 0.9709292130616234 0.3999999985098839 2.447595267803223
      vertex 0.9959292130616149 2 2.4042939976140048
      vertex 1.5959292115715016 2 1.365063515653631
    endloop
  endfacet
  facet normal -0.16895320509709905 -0.9807852734670778 -0.09754517844325857
    outer loop
      vertex 1.2721237712830202 0.0034220516681671143 2.6214900270707915
      vertex 1.22768182399507 0.013629667460918427 2.5958314568407843
      vertex 1.9721237712830089 0.0034220516681671143 1.4090544617725769
    endloop
  endfacet
  facet normal -0.2783747442582587 -0.9469301288966361 -0.1607197335330962
    outer loop
      vertex 1.22768182399507 0.013629667460918427 2.5958314568407843
      vertex 1.184773945826521 0.03044818341732025 2.571058581829817
      vertex 1.9276818239950586 0.013629667460918427 1.3833958915425697
    endloop
  endfacet
  facet normal -0.3830332170070409 -0.896872755500458 -0.22114433094757968
    outer loop
      vertex 1.184773945826521 0.03044818341732025 2.571058581829817
      vertex 1.1441342899470754 0.0535898357629776 2.5475952655680487
      vertex 1.8847739458265096 0.03044818341732025 1.3586230165316024
    endloop
  endfacet
  facet normal -0.48113800411344493 -0.831469559272603 -0.2777851561922521
    outer loop
      vertex 1.1441342899470754 0.0535898357629776 2.5475952655680487
      vertex 1.1064582306501194 0.08265866339206696 2.5258429825909445
      vertex 1.844134289947064 0.0535898357629776 1.335159700269834
    endloop
  endfacet
  facet normal -0.571010227183252 -0.751839806033292 -0.32967290837427443
    outer loop
      vertex 1.1064582306501194 0.08265866339206696 2.5258429825909445
      vertex 1.0723904006177776 0.11715728789567947 2.5061739117510626
      vertex 1.806458230650108 0.08265866339206696 1.31340741729273
    endloop
  endfacet
  facet normal -0.6511123716011918 -0.6593458167485657 -0.3759199030166375
    outer loop
      vertex 1.0723904006177776 0.11715728789567947 2.5061739117510626
      vertex 1.0425137154020234 0.15649542957544327 2.4889245994992564
      vertex 1.7723904006177662 0.11715728789567947 1.293738346452848
    endloop
  endfacet
  facet normal -0.7200737608035983 -0.55557031238439 -0.41573477963633676
    outer loop
      vertex 1.0425137154020234 0.15649542957544327 2.4889245994992564
      vertex 1.017339372217009 0.19999999552965164 2.4743901856847117
      vertex 1.742513715402012 0.15649542957544327 1.2764890342010418
    endloop
  endfacet
  facet normal -0.7767145902255235 -0.4422886618952259 -0.4484363777502084
    outer loop
      vertex 1.017339372217009 0.19999999552965164 2.4743901856847117
      vertex 0.9972981134001202 0.24692662805318832 2.462819359511883
      vertex 1.7173393722169976 0.19999999552965164 1.261954620386497
    endloop
  endfacet
  facet normal -0.8200655472333706 -0.3214394670661712 -0.4734650644483163
    outer loop
      vertex 0.9972981134001202 0.24692662805318832 2.462819359511883
      vertex 0.9827328513279241 0.29647237807512283 2.454410101533682
      vertex 1.6972981134001088 0.24692662805318832 1.2503837942136684
    endloop
  endfacet
  facet normal -0.8493849624801332 -0.19509035688667872 -0.4903926367335169
    outer loop
      vertex 0.9827328513279241 0.29647237807512283 2.454410101533682
      vertex 0.9738927967393209 0.3477895185351372 2.4493062936373065
      vertex 1.6827328513279127 0.29647237807512283 1.2419745362354675
    endloop
  endfacet
  facet normal -0.8641711812218618 -0.06540305340087617 -0.49892946410435046
    outer loop
      vertex 0.9738927967393209 0.3477895185351372 2.4493062936373065
      vertex 0.9709292130616234 0.3999999985098839 2.447595267803223
      vertex 1.6738927967393096 0.3477895185351372 1.2368707283390918
    endloop
  endfacet
  facet normal -0.8660254037844554 2.266705294796648e-14 -0.499999999999971
    outer loop
      vertex 0.9709292130616234 0.3999999985098839 2.447595267803223
      vertex 1.5959292115715016 2 1.365063515653631
      vertex 1.670929213061612 2 1.2351597025050083
    endloop
  endfacet
  facet normal -0.16895320509710907 0.9807852734670777 -0.09754517844324123
    outer loop
      vertex 1.2721237712830202 2.7965779453516006 2.6214900270707915
      vertex 1.2971237712830117 2.7965779453516006 2.5781887568815733
      vertex 1.2526818239950614 2.7863703295588493 2.552530186651566
    endloop
  endfacet
  facet normal -0.1689532050971091 0.9807852734670777 -0.09754517844324127
    outer loop
      vertex 1.2721237712830202 2.7965779453516006 2.6214900270707915
      vertex 1.2526818239950614 2.7863703295588493 2.552530186651566
      vertex 1.22768182399507 2.7863703295588493 2.5958314568407843
    endloop
  endfacet
  facet normal -0.2783747442582752 0.9469301288966359 -0.16071973353306762
    outer loop
      vertex 1.22768182399507 2.7863703295588493 2.5958314568407843
      vertex 1.2097739458265124 2.7695518136024475 2.527757311640599
      vertex 1.184773945826521 2.7695518136024475 2.571058581829817
    endloop
  endfacet
  facet normal -0.27837474425827513 0.9469301288966359 -0.16071973353306762
    outer loop
      vertex 1.22768182399507 2.7863703295588493 2.5958314568407843
      vertex 1.2526818239950614 2.7863703295588493 2.552530186651566
      vertex 1.2097739458265124 2.7695518136024475 2.527757311640599
    endloop
  endfacet
  facet normal -0.3830332170070636 0.8968727555004582 -0.22114433094754044
    outer loop
      vertex 1.184773945826521 2.7695518136024475 2.571058581829817
      vertex 1.169134289947067 2.74641016125679 2.5042939953788306
      vertex 1.1441342899470754 2.74641016125679 2.5475952655680487
    endloop
  endfacet
  facet normal -0.3830332170070636 0.8968727555004582 -0.22114433094754044
    outer loop
      vertex 1.184773945826521 2.7695518136024475 2.571058581829817
      vertex 1.2097739458265124 2.7695518136024475 2.527757311640599
      vertex 1.169134289947067 2.74641016125679 2.5042939953788306
    endloop
  endfacet
  facet normal -0.48113800411347346 0.8314695592726029 -0.27778515619220273
    outer loop
      vertex 1.1441342899470754 2.74641016125679 2.5475952655680487
      vertex 1.169134289947067 2.74641016125679 2.5042939953788306
      vertex 1.1314582306501109 2.717341333627701 2.4825417124017264
    endloop
  endfacet
  facet normal -0.4811380041134735 0.831469559272603 -0.27778515619220273
    outer loop
      vertex 1.1441342899470754 2.74641016125679 2.5475952655680487
      vertex 1.1314582306501109 2.717341333627701 2.4825417124017264
      vertex 1.1064582306501194 2.717341333627701 2.5258429825909445
    endloop
  endfacet
  facet normal -0.5710102271832858 0.751839806033292 -0.3296729083742158
    outer loop
      vertex 1.1064582306501194 2.717341333627701 2.5258429825909445
      vertex 1.097390400617769 2.6828427091240883 2.4628726415618445
      vertex 1.0723904006177776 2.6828427091240883 2.5061739117510626
    endloop
  endfacet
  facet normal -0.5710102271832858 0.751839806033292 -0.3296729083742158
    outer loop
      vertex 1.1064582306501194 2.717341333627701 2.5258429825909445
      vertex 1.1314582306501109 2.717341333627701 2.4825417124017264
      vertex 1.097390400617769 2.6828427091240883 2.4628726415618445
    endloop
  endfacet
  facet normal -0.6511123716012304 0.6593458167485658 -0.37591990301657074
    outer loop
      vertex 1.0723904006177776 2.6828427091240883 2.5061739117510626
      vertex 1.067513715402015 2.6435045674443245 2.4456233293100382
      vertex 1.0425137154020234 2.6435045674443245 2.4889245994992564
    endloop
  endfacet
  facet normal -0.6511123716012305 0.6593458167485657 -0.3759199030165707
    outer loop
      vertex 1.0723904006177776 2.6828427091240883 2.5061739117510626
      vertex 1.097390400617769 2.6828427091240883 2.4628726415618445
      vertex 1.067513715402015 2.6435045674443245 2.4456233293100382
    endloop
  endfacet
  facet normal -0.720073760803641 0.5555703123843899 -0.4157347796362629
    outer loop
      vertex 1.0425137154020234 2.6435045674443245 2.4889245994992564
      vertex 1.0423393722170005 2.600000001490116 2.4310889154954936
      vertex 1.017339372217009 2.600000001490116 2.4743901856847117
    endloop
  endfacet
  facet normal -0.7767145902255695 0.4422886618952259 -0.44843637775012873
    outer loop
      vertex 1.017339372217009 2.600000001490116 2.4743901856847117
      vertex 1.0222981134001117 2.5530733689665794 2.419518089322665
      vertex 0.9972981134001202 2.5530733689665794 2.462819359511883
    endloop
  endfacet
  facet normal -0.820065547233419 0.3214394670661712 -0.4734650644482322
    outer loop
      vertex 0.9972981134001202 2.5530733689665794 2.462819359511883
      vertex 1.0077328513279156 2.503527618944645 2.411108831344464
      vertex 0.9827328513279241 2.503527618944645 2.454410101533682
    endloop
  endfacet
  facet normal -0.7767145902255695 0.442288661895226 -0.44843637775012873
    outer loop
      vertex 1.017339372217009 2.600000001490116 2.4743901856847117
      vertex 1.0423393722170005 2.600000001490116 2.4310889154954936
      vertex 1.0222981134001117 2.5530733689665794 2.419518089322665
    endloop
  endfacet
  facet normal -0.8200655472334191 0.32143946706617127 -0.4734650644482322
    outer loop
      vertex 0.9972981134001202 2.5530733689665794 2.462819359511883
      vertex 1.0222981134001117 2.5530733689665794 2.419518089322665
      vertex 1.0077328513279156 2.503527618944645 2.411108831344464
    endloop
  endfacet
  facet normal -0.8660254037844936 0 -0.4999999999999049
    outer loop
      vertex 0.9959292130616149 2 2.4042939976140048
      vertex 0.9709292130616234 2.399999998509884 2.447595267803223
      vertex 0.9959292130616149 2.399999998509884 2.4042939976140048
    endloop
  endfacet
  facet normal -0.8641711812219129 0.06540305340087618 -0.4989294641042618
    outer loop
      vertex 0.9709292130616234 2.399999998509884 2.447595267803223
      vertex 0.9738927967393209 2.4522104784846306 2.4493062936373065
      vertex 0.9959292130616149 2.399999998509884 2.4042939976140048
    endloop
  endfacet
  facet normal -0.8493849624801836 0.19509035688667875 -0.4903926367334298
    outer loop
      vertex 0.9738927967393209 2.4522104784846306 2.4493062936373065
      vertex 0.9827328513279241 2.503527618944645 2.454410101533682
      vertex 0.9988927967393124 2.4522104784846306 2.4060050234480883
    endloop
  endfacet
  facet normal -0.8641711812219128 0.06540305340087618 -0.4989294641042618
    outer loop
      vertex 0.9959292130616149 2.399999998509884 2.4042939976140048
      vertex 0.9738927967393209 2.4522104784846306 2.4493062936373065
      vertex 0.9988927967393124 2.4522104784846306 2.4060050234480883
    endloop
  endfacet
  facet normal -0.8493849624801836 0.1950903568866788 -0.4903926367334298
    outer loop
      vertex 0.9827328513279241 2.503527618944645 2.454410101533682
      vertex 1.0077328513279156 2.503527618944645 2.411108831344464
      vertex 0.9988927967393124 2.4522104784846306 2.4060050234480883
    endloop
  endfacet
  facet normal -0.720073760803641 0.5555703123843899 -0.4157347796362629
    outer loop
      vertex 1.0425137154020234 2.6435045674443245 2.4889245994992564
      vertex 1.067513715402015 2.6435045674443245 2.4456233293100382
      vertex 1.0423393722170005 2.600000001490116 2.4310889154954936
    endloop
  endfacet
  facet normal -0.168953205097099 -0.9807852734670778 -0.09754517844325852
    outer loop
      vertex 1.22768182399507 0.013629667460918427 2.5958314568407843
      vertex 1.9276818239950586 0.013629667460918427 1.3833958915425697
      vertex 1.9721237712830089 0.0034220516681671143 1.4090544617725769
    endloop
  endfacet
  facet normal -0.2783747442582587 -0.9469301288966361 -0.1607197335330962
    outer loop
      vertex 1.184773945826521 0.03044818341732025 2.571058581829817
      vertex 1.8847739458265096 0.03044818341732025 1.3586230165316024
      vertex 1.9276818239950586 0.013629667460918427 1.3833958915425697
    endloop
  endfacet
  facet normal -0.3830332170070407 -0.8968727555004583 -0.22114433094757957
    outer loop
      vertex 1.1441342899470754 0.0535898357629776 2.5475952655680487
      vertex 1.844134289947064 0.0535898357629776 1.335159700269834
      vertex 1.8847739458265096 0.03044818341732025 1.3586230165316024
    endloop
  endfacet
  facet normal -0.48113800411344476 -0.8314695592726031 -0.27778515619225197
    outer loop
      vertex 1.1064582306501194 0.08265866339206696 2.5258429825909445
      vertex 1.806458230650108 0.08265866339206696 1.31340741729273
      vertex 1.844134289947064 0.0535898357629776 1.335159700269834
    endloop
  endfacet
  facet normal -0.5710102271832521 -0.7518398060332918 -0.3296729083742745
    outer loop
      vertex 1.0723904006177776 0.11715728789567947 2.5061739117510626
      vertex 1.7723904006177662 0.11715728789567947 1.293738346452848
      vertex 1.806458230650108 0.08265866339206696 1.31340741729273
    endloop
  endfacet
  facet normal -0.6511123716011915 -0.6593458167485663 -0.3759199030166373
    outer loop
      vertex 1.0425137154020234 0.15649542957544327 2.4889245994992564
      vertex 1.742513715402012 0.15649542957544327 1.2764890342010418
      vertex 1.7723904006177662 0.11715728789567947 1.293738346452848
    endloop
  endfacet
  facet normal -0.7200737608035985 -0.5555703123843896 -0.4157347796363369
    outer loop
      vertex 1.017339372217009 0.19999999552965164 2.4743901856847117
      vertex 1.7173393722169976 0.19999999552965164 1.261954620386497
      vertex 1.742513715402012 0.15649542957544327 1.2764890342010418
    endloop
  endfacet
  facet normal -0.7767145902255231 -0.4422886618952268 -0.44843637775020817
    outer loop
      vertex 0.9972981134001202 0.24692662805318832 2.462819359511883
      vertex 1.6972981134001088 0.24692662805318832 1.2503837942136684
      vertex 1.7173393722169976 0.19999999552965164 1.261954620386497
    endloop
  endfacet
  facet normal -0.8200655472333707 -0.3214394670661709 -0.4734650644483164
    outer loop
      vertex 0.9827328513279241 0.29647237807512283 2.454410101533682
      vertex 1.6827328513279127 0.29647237807512283 1.2419745362354675
      vertex 1.6972981134001088 0.24692662805318832 1.2503837942136684
    endloop
  endfacet
  facet normal -0.8493849624801333 -0.1950903568866777 -0.490392636733517
    outer loop
      vertex 0.9738927967393209 0.3477895185351372 2.4493062936373065
      vertex 1.6738927967393096 0.3477895185351372 1.2368707283390918
      vertex 1.6827328513279127 0.29647237807512283 1.2419745362354675
    endloop
  endfacet
  facet normal -0.8641711812218618 -0.06540305340087649 -0.49892946410435046
    outer loop
      vertex 0.9709292130616234 0.3999999985098839 2.447595267803223
      vertex 1.670929213061612 0.3999999985098839 1.2351597025050083
      vertex 1.6738927967393096 0.3477895185351372 1.2368707283390918
    endloop
  endfacet
  facet normal -0.8660254037844423 0 -0.4999999999999938
    outer loop
      vertex 0.9709292130616234 0.3999999985098839 2.447595267803223
      vertex 1.670929213061612 2 1.2351597025050083
      vertex 1.670929213061612 0.3999999985098839 1.2351597025050083
    endloop
  endfacet
  facet normal 0.5000000000000907 7.027061287540401e-13 -0.8660254037843862
    outer loop
      vertex 2.017339373284912 0 1.4351597017599502
      vertex 1.9721237712830089 0.0034220516681671143 1.4090544617725769
      vertex 1.9276818239950586 0.013629667460918427 1.3833958915425697
    endloop
  endfacet
  facet normal 0.571010227183251 -0.7518398060332921 0.3296729083742762
    outer loop
      vertex 3.0345315349665754 11.317157287895679 3.639016623855383
      vertex 3.0004637049342335 11.282658663392066 3.6193475530155013
      vertex 3.6595315334764535 11.317157287895679 2.5564848717057913
    endloop
  endfacet
  facet normal 0.4811380041134441 -0.831469559272603 0.27778515619225363
    outer loop
      vertex 3.0004637049342335 11.282658663392066 3.6193475530155013
      vertex 2.9627876456372775 11.253589835762977 3.597595270038397
      vertex 3.6254637034441117 11.282658663392066 2.5368158008659094
    endloop
  endfacet
  facet normal 0.3830332170070402 -0.896872755500458 0.2211443309475809
    outer loop
      vertex 2.9627876456372775 11.253589835762977 3.597595270038397
      vertex 2.922147989757832 11.23044818341732 3.5741319537766287
      vertex 3.5877876441471557 11.253589835762977 2.5150635178888052
    endloop
  endfacet
  facet normal 0.2783747442582582 -0.946930128896636 0.16071973353309707
    outer loop
      vertex 2.922147989757832 11.23044818341732 3.5741319537766287
      vertex 2.879240111589283 11.213629667460918 3.5493590787656615
      vertex 3.54714798826771 11.23044818341732 2.491600201627037
    endloop
  endfacet
  facet normal 0.16895320509709877 -0.9807852734670777 0.0975451784432591
    outer loop
      vertex 2.879240111589283 11.213629667460918 3.5493590787656615
      vertex 2.8347981643013327 11.203422051668166 3.5237005085356543
      vertex 3.504240110099161 11.213629667460918 2.4668273266160696
    endloop
  endfacet
  facet normal 0.05664070573020748 -0.997858928208715 0.03270152670042536
    outer loop
      vertex 2.8347981643013327 11.203422051668166 3.5237005085356543
      vertex 2.7895825622994295 11.2 3.497595268548281
      vertex 3.459798162811211 11.203422051668166 2.4411687563860625
    endloop
  endfacet
  facet normal 0 -1 0
    outer loop
      vertex 2.7895825622994295 11.2 3.497595268548281
      vertex 2.511473669684406 11.2 3.279293997614012
      vertex 3.4145825608093077 11.2 2.415063516398689
    endloop
  endfacet
  facet normal 0.6511123716011918 -0.6593458167485657 0.3759199030166375
    outer loop
      vertex 3.0644082201823295 11.356495429575443 3.6562659361071894
      vertex 3.0345315349665754 11.317157287895679 3.639016623855383
      vertex 3.764408220182318 11.356495429575443 2.443830370808975
    endloop
  endfacet
  facet normal 0.6511123716010688 -0.659345816748726 0.3759199030165692
    outer loop
      vertex 3.0345315349665754 11.317157287895679 3.639016623855383
      vertex 3.6595315334764535 11.317157287895679 2.5564848717057913
      vertex 3.6743901806541714 11.33672142506904 2.565063515653634
    endloop
  endfacet
  facet normal 0.6511123716014172 -0.659345816748259 0.37591990301678524
    outer loop
      vertex 3.0345315349665754 11.317157287895679 3.639016623855383
      vertex 3.6743901806541714 11.33672142506904 2.565063515653634
      vertex 3.764408220182318 11.356495429575443 2.443830370808975
    endloop
  endfacet
  facet normal 0.5710102271832505 -0.7518398060332925 0.32967290837427593
    outer loop
      vertex 3.0004637049342335 11.282658663392066 3.6193475530155013
      vertex 3.6254637034441117 11.282658663392066 2.5368158008659094
      vertex 3.6595315334764535 11.317157287895679 2.5564848717057913
    endloop
  endfacet
  facet normal 0.4811380041134443 -0.8314695592726029 0.27778515619225375
    outer loop
      vertex 2.9627876456372775 11.253589835762977 3.597595270038397
      vertex 3.5877876441471557 11.253589835762977 2.5150635178888052
      vertex 3.6254637034441117 11.282658663392066 2.5368158008659094
    endloop
  endfacet
  facet normal 0.38303321700704024 -0.8968727555004579 0.22114433094758093
    outer loop
      vertex 2.922147989757832 11.23044818341732 3.5741319537766287
      vertex 3.54714798826771 11.23044818341732 2.491600201627037
      vertex 3.5877876441471557 11.253589835762977 2.5150635178888052
    endloop
  endfacet
  facet normal 0.8200655472333706 -0.3214394670661712 0.4734650644483163
    outer loop
      vertex 3.1096238221842327 11.446926628053188 3.6823711760945628
      vertex 3.8241890842564175 11.496472378075122 2.478344868774549
      vertex 3.124189084256429 11.496472378075122 3.6907804340727637
    endloop
  endfacet
  facet normal 0.8493849624801332 -0.19509035688667875 0.4903926367335169
    outer loop
      vertex 3.124189084256429 11.496472378075122 3.6907804340727637
      vertex 3.8330291388450206 11.547789518535136 2.4834486766709247
      vertex 3.133029138845032 11.547789518535136 3.6958842419691393
    endloop
  endfacet
  facet normal 0.8641711812218618 -0.06540305340087618 0.49892946410435046
    outer loop
      vertex 3.133029138845032 11.547789518535136 3.6958842419691393
      vertex 3.835992722522718 11.599999998509883 2.4851597025050083
      vertex 3.1359927225227295 11.599999998509883 3.697595267803223
    endloop
  endfacet
  facet normal 0.7767145902255235 -0.4422886618952259 0.4484363777502084
    outer loop
      vertex 3.1096238221842327 11.446926628053188 3.6823711760945628
      vertex 3.089582563367344 11.399999995529651 3.670800349921734
      vertex 3.8096238221842214 11.446926628053188 2.469935610796348
    endloop
  endfacet
  facet normal 0.7200737608035984 -0.55557031238439 0.4157347796363368
    outer loop
      vertex 3.0644082201823295 11.356495429575443 3.6562659361071894
      vertex 3.7895825633673326 11.399999995529651 2.4583647846235195
      vertex 3.089582563367344 11.399999995529651 3.670800349921734
    endloop
  endfacet
  facet normal 0.27837474425825837 -0.9469301288966359 0.16071973353309718
    outer loop
      vertex 2.879240111589283 11.213629667460918 3.5493590787656615
      vertex 3.504240110099161 11.213629667460918 2.4668273266160696
      vertex 3.54714798826771 11.23044818341732 2.491600201627037
    endloop
  endfacet
  facet normal 0.16895320509709869 -0.9807852734670777 0.09754517844325906
    outer loop
      vertex 2.8347981643013327 11.203422051668166 3.5237005085356543
      vertex 3.459798162811211 11.203422051668166 2.4411687563860625
      vertex 3.504240110099161 11.213629667460918 2.4668273266160696
    endloop
  endfacet
  facet normal 0.05664070573020743 -0.997858928208715 0.03270152670042533
    outer loop
      vertex 2.7895825622994295 11.2 3.497595268548281
      vertex 3.4145825608093077 11.2 2.415063516398689
      vertex 3.459798162811211 11.203422051668166 2.4411687563860625
    endloop
  endfacet
  facet normal -0.5000000000000909 -7.027061287540404e-13 0.8660254037843862
    outer loop
      vertex 2.879240111589283 13.986370329558849 3.5493590787656615
      vertex 2.8347981643013327 13.9965779453516 3.5237005085356543
      vertex 2.7895825622994295 13.999999997019767 3.497595268548281
    endloop
  endfacet
  facet normal 0.8660254037844423 0 0.4999999999999937
    outer loop
      vertex 3.1359927225227295 11.599999998509883 3.697595267803223
      vertex 3.835992722522718 13.599999998509883 2.4851597025050083
      vertex 3.1359927225227295 13.599999998509883 3.697595267803223
    endloop
  endfacet
  facet normal 0.8641711812218618 0.06540305340087617 0.49892946410435046
    outer loop
      vertex 3.1359927225227295 13.599999998509883 3.697595267803223
      vertex 3.8330291388450206 13.65221047848463 2.4834486766709247
      vertex 3.133029138845032 13.65221047848463 3.6958842419691393
    endloop
  endfacet
  facet normal 0.8493849624801332 0.19509035688667872 0.4903926367335169
    outer loop
      vertex 3.133029138845032 13.65221047848463 3.6958842419691393
      vertex 3.8241890842564175 13.703527618944644 2.478344868774549
      vertex 3.124189084256429 13.703527618944644 3.6907804340727637
    endloop
  endfacet
  facet normal 0.8200655472333706 0.3214394670661712 0.4734650644483164
    outer loop
      vertex 3.124189084256429 13.703527618944644 3.6907804340727637
      vertex 3.8096238221842214 13.753073368966579 2.469935610796348
      vertex 3.1096238221842327 13.753073368966579 3.6823711760945628
    endloop
  endfacet
  facet normal 0.7767145902255235 0.4422886618952259 0.4484363777502084
    outer loop
      vertex 3.1096238221842327 13.753073368966579 3.6823711760945628
      vertex 3.7895825633673326 13.800000001490115 2.4583647846235195
      vertex 3.089582563367344 13.800000001490115 3.670800349921734
    endloop
  endfacet
  facet normal 0.7200737608035983 0.55557031238439 0.41573477963633676
    outer loop
      vertex 3.089582563367344 13.800000001490115 3.670800349921734
      vertex 3.764408220182318 13.843504567444324 2.443830370808975
      vertex 3.0644082201823295 13.843504567444324 3.6562659361071894
    endloop
  endfacet
  facet normal 0.6511123716011917 0.6593458167485657 0.3759199030166374
    outer loop
      vertex 3.0644082201823295 13.843504567444324 3.6562659361071894
      vertex 3.734531534966564 13.882842709124088 2.4265810585571685
      vertex 3.0345315349665754 13.882842709124088 3.639016623855383
    endloop
  endfacet
  facet normal 0.571010227183252 0.751839806033292 0.32967290837427443
    outer loop
      vertex 3.0345315349665754 13.882842709124088 3.639016623855383
      vertex 3.700463704934222 13.9173413336277 2.4069119877172866
      vertex 3.0004637049342335 13.9173413336277 3.6193475530155013
    endloop
  endfacet
  facet normal 0.48113800411344504 0.8314695592726031 0.27778515619225214
    outer loop
      vertex 3.0004637049342335 13.9173413336277 3.6193475530155013
      vertex 3.662787645637266 13.94641016125679 2.3851597047401825
      vertex 2.9627876456372775 13.94641016125679 3.597595270038397
    endloop
  endfacet
  facet normal 0.3830332170070409 0.896872755500458 0.22114433094757968
    outer loop
      vertex 2.9627876456372775 13.94641016125679 3.597595270038397
      vertex 3.6221479897578206 13.969551813602447 2.361696388478414
      vertex 2.922147989757832 13.969551813602447 3.5741319537766287
    endloop
  endfacet
  facet normal 0.2783747442582587 0.9469301288966361 0.1607197335330962
    outer loop
      vertex 2.922147989757832 13.969551813602447 3.5741319537766287
      vertex 3.5792401115892716 13.986370329558849 2.336923513467447
      vertex 2.879240111589283 13.986370329558849 3.5493590787656615
    endloop
  endfacet
  facet normal 0.16895320509709905 0.9807852734670778 0.09754517844325857
    outer loop
      vertex 2.879240111589283 13.986370329558849 3.5493590787656615
      vertex 3.5347981643013213 13.9965779453516 2.3112649432374397
      vertex 2.8347981643013327 13.9965779453516 3.5237005085356543
    endloop
  endfacet
  facet normal 0.05664070573020758 0.9978589282087151 0.032701526700425185
    outer loop
      vertex 2.8347981643013327 13.9965779453516 3.5237005085356543
      vertex 3.489582562299418 13.999999997019767 2.2851597032500663
      vertex 2.7895825622994295 13.999999997019767 3.497595268548281
    endloop
  endfacet
  facet normal -0.49999999999999833 6.687439526438281e-14 0.8660254037844396
    outer loop
      vertex 3.0644082201823295 11.356495429575443 3.6562659361071894
      vertex 0.9972981134001202 11.446926628053188 2.462819359511883
      vertex 3.0345315349665754 11.317157287895679 3.639016623855383
    endloop
  endfacet
  facet normal -0.5000000000000041 -6.829775295625208e-14 0.8660254037844364
    outer loop
      vertex 3.0345315349665754 11.317157287895679 3.639016623855383
      vertex 1.017339372217009 11.399999995529651 2.4743901856847117
      vertex 3.0004637049342335 11.282658663392066 3.6193475530155013
    endloop
  endfacet
  facet normal -0.5000000000000013 -6.633647814541374e-14 0.8660254037844377
    outer loop
      vertex 3.0004637049342335 11.282658663392066 3.6193475530155013
      vertex 1.0425137154020234 11.356495429575443 2.4889245994992564
      vertex 2.9627876456372775 11.253589835762977 3.597595270038397
    endloop
  endfacet
  facet normal -0.4999999999999997 8.616752094515957e-15 0.8660254037844389
    outer loop
      vertex 2.922147989757832 11.23044818341732 3.5741319537766287
      vertex 1.1064582306501194 11.282658663392066 2.5258429825909445
      vertex 2.879240111589283 11.213629667460918 3.5493590787656615
    endloop
  endfacet
  facet normal -0.49999999999999684 1.1543725881610492e-13 0.8660254037844405
    outer loop
      vertex 2.9627876456372775 11.253589835762977 3.597595270038397
      vertex 1.0723904006177776 11.317157287895679 2.5061739117510626
      vertex 2.922147989757832 11.23044818341732 3.5741319537766287
    endloop
  endfacet
  facet normal -0.4999999999999964 1.5449311640760208e-13 0.8660254037844407
    outer loop
      vertex 2.879240111589283 11.213629667460918 3.5493590787656615
      vertex 1.1441342899470754 11.253589835762977 2.5475952655680487
      vertex 2.8347981643013327 11.203422051668166 3.5237005085356543
    endloop
  endfacet
  facet normal -0.50000000000001 -7.217964834805191e-13 0.8660254037844328
    outer loop
      vertex 2.8347981643013327 11.203422051668166 3.5237005085356543
      vertex 1.184773945826521 11.23044818341732 2.571058581829817
      vertex 2.7895825622994295 11.2 3.497595268548281
    endloop
  endfacet
  facet normal -0.49999999999999967 1.8748795504773512e-14 0.8660254037844389
    outer loop
      vertex 3.1096238221842327 11.446926628053188 3.6823711760945628
      vertex 0.9738927967393209 11.547789518535136 2.4493062936373065
      vertex 3.089582563367344 11.399999995529651 3.670800349921734
    endloop
  endfacet
  facet normal -0.500000000000001 -1.788456829764874e-14 0.866025403784438
    outer loop
      vertex 3.1096238221842327 11.446926628053188 3.6823711760945628
      vertex 3.124189084256429 11.496472378075122 3.6907804340727637
      vertex 0.9709292130616234 11.599999998509883 2.447595267803223
    endloop
  endfacet
  facet normal -0.5000000000000053 -8.695860113195345e-14 0.8660254037844356
    outer loop
      vertex 3.0644082201823295 11.356495429575443 3.6562659361071894
      vertex 3.089582563367344 11.399999995529651 3.670800349921734
      vertex 0.9827328513279241 11.496472378075122 2.454410101533682
    endloop
  endfacet
  facet normal -0.4999999999999435 7.748134415364407e-14 0.8660254037844712
    outer loop
      vertex 3.124189084256429 11.496472378075122 3.6907804340727637
      vertex 3.133029138845032 11.547789518535136 3.6958842419691393
      vertex 0.9709292130616234 13.599999998509883 2.447595267803223
    endloop
  endfacet
  facet normal 0 -1 0
    outer loop
      vertex 2.511473669684406 11.2 3.279293997614012
      vertex 3.111473668194293 11.2 2.240063515653638
      vertex 3.4145825608093077 11.2 2.415063516398689
    endloop
  endfacet
  facet normal -0.49999999999998623 1.7350984886826385e-14 0.8660254037844464
    outer loop
      vertex 3.133029138845032 11.547789518535136 3.6958842419691393
      vertex 3.1359927225227295 11.599999998509883 3.697595267803223
      vertex 0.9738927967393209 13.65221047848463 2.4493062936373065
    endloop
  endfacet
  facet normal -0.5000000000000002 0 0.8660254037844385
    outer loop
      vertex 3.1359927225227295 11.599999998509883 3.697595267803223
      vertex 3.1359927225227295 13.599999998509883 3.697595267803223
      vertex 0.9827328513279241 13.703527618944644 2.454410101533682
    endloop
  endfacet
  facet normal -0.500000000000001 -1.8456637658911407e-14 0.8660254037844382
    outer loop
      vertex 3.1359927225227295 13.599999998509883 3.697595267803223
      vertex 3.133029138845032 13.65221047848463 3.6958842419691393
      vertex 0.9972981134001202 13.753073368966579 2.462819359511883
    endloop
  endfacet
  facet normal -0.5000000000000054 -9.170918010900604e-14 0.8660254037844356
    outer loop
      vertex 3.133029138845032 13.65221047848463 3.6958842419691393
      vertex 3.124189084256429 13.703527618944644 3.6907804340727637
      vertex 1.017339372217009 13.800000001490115 2.4743901856847117
    endloop
  endfacet
  facet normal -0.5 1.8247812927788424e-14 0.8660254037844387
    outer loop
      vertex 3.124189084256429 13.703527618944644 3.6907804340727637
      vertex 3.1096238221842327 13.753073368966579 3.6823711760945628
      vertex 1.0425137154020234 13.843504567444324 2.4889245994992564
    endloop
  endfacet
  facet normal -0.5000000000000026 -2.0386299472701752e-14 0.8660254037844372
    outer loop
      vertex 3.1096238221842327 13.753073368966579 3.6823711760945628
      vertex 3.089582563367344 13.800000001490115 3.670800349921734
      vertex 1.0723904006177776 13.882842709124088 2.5061739117510626
    endloop
  endfacet
  facet normal -0.49999999999999684 9.346985109483613e-14 0.8660254037844405
    outer loop
      vertex 3.089582563367344 13.800000001490115 3.670800349921734
      vertex 3.0644082201823295 13.843504567444324 3.6562659361071894
      vertex 1.1064582306501194 13.9173413336277 2.5258429825909445
    endloop
  endfacet
  facet normal -0.5000000000000014 -7.007225850496954e-14 0.8660254037844377
    outer loop
      vertex 3.0644082201823295 13.843504567444324 3.6562659361071894
      vertex 3.0345315349665754 13.882842709124088 3.639016623855383
      vertex 1.1441342899470754 13.94641016125679 2.5475952655680487
    endloop
  endfacet
  facet normal -0.49999999999999833 7.602893937653074e-14 0.8660254037844398
    outer loop
      vertex 3.0345315349665754 13.882842709124088 3.639016623855383
      vertex 3.0004637049342335 13.9173413336277 3.6193475530155013
      vertex 1.184773945826521 13.969551813602447 2.571058581829817
    endloop
  endfacet
  facet normal -0.4999999999999978 7.245700254531988e-14 0.86602540378444
    outer loop
      vertex 3.0004637049342335 13.9173413336277 3.6193475530155013
      vertex 2.9627876456372775 13.94641016125679 3.597595270038397
      vertex 1.22768182399507 13.986370329558849 2.5958314568407843
    endloop
  endfacet
  facet normal -0.5000000000000027 -1.2930470069945994e-13 0.866025403784437
    outer loop
      vertex 2.9627876456372775 13.94641016125679 3.597595270038397
      vertex 2.922147989757832 13.969551813602447 3.5741319537766287
      vertex 1.2721237712830202 13.9965779453516 2.6214900270707915
    endloop
  endfacet
  facet normal -0.4999999999999998 -9.12477736939379e-15 0.8660254037844387
    outer loop
      vertex 2.922147989757832 13.969551813602447 3.5741319537766287
      vertex 2.879240111589283 13.986370329558849 3.5493590787656615
      vertex 1.3173393732849235 13.999999997019767 2.647595267058165
    endloop
  endfacet
  facet normal -0.499999999999999 1.0182044296589495e-13 0.8660254037844392
    outer loop
      vertex 2.879240111589283 13.986370329558849 3.5493590787656615
      vertex 2.7895825622994295 13.999999997019767 3.497595268548281
      vertex 1.3173393732849235 13.999999997019767 2.647595267058165
    endloop
  endfacet
  facet normal 0.7200737608035985 -0.5555703123843896 0.4157347796363369
    outer loop
      vertex 3.0644082201823295 11.356495429575443 3.6562659361071894
      vertex 3.764408220182318 11.356495429575443 2.443830370808975
      vertex 3.7895825633673326 11.399999995529651 2.4583647846235195
    endloop
  endfacet
  facet normal 0.651112371601321 -0.6593458167484085 0.3759199030166895
    outer loop
      vertex 3.6743901806541714 11.33672142506904 2.565063515653634
      vertex 3.749390182144282 11.33672142506904 2.435159702505011
      vertex 3.764408220182318 11.356495429575443 2.443830370808975
    endloop
  endfacet
  facet normal 0.8200655472333707 -0.3214394670661709 0.4734650644483164
    outer loop
      vertex 3.1096238221842327 11.446926628053188 3.6823711760945628
      vertex 3.8096238221842214 11.446926628053188 2.469935610796348
      vertex 3.8241890842564175 11.496472378075122 2.478344868774549
    endloop
  endfacet
  facet normal 0.8493849624801333 -0.1950903568866777 0.490392636733517
    outer loop
      vertex 3.124189084256429 11.496472378075122 3.6907804340727637
      vertex 3.8241890842564175 11.496472378075122 2.478344868774549
      vertex 3.8330291388450206 11.547789518535136 2.4834486766709247
    endloop
  endfacet
  facet normal 0.8641711812218618 -0.06540305340087649 0.49892946410435046
    outer loop
      vertex 3.133029138845032 11.547789518535136 3.6958842419691393
      vertex 3.8330291388450206 11.547789518535136 2.4834486766709247
      vertex 3.835992722522718 11.599999998509883 2.4851597025050083
    endloop
  endfacet
  facet normal 0.7767145902255231 -0.4422886618952268 0.44843637775020817
    outer loop
      vertex 3.089582563367344 11.399999995529651 3.670800349921734
      vertex 3.7895825633673326 11.399999995529651 2.4583647846235195
      vertex 3.8096238221842214 11.446926628053188 2.469935610796348
    endloop
  endfacet
  facet normal 0.5000000000000543 -3.010758358528581e-15 -0.8660254037844073
    outer loop
      vertex 3.8096238221842214 11.446926628053188 2.469935610796348
      vertex 3.749390182144282 12 2.435159702505011
      vertex 3.8241890842564175 11.496472378075122 2.478344868774549
    endloop
  endfacet
  facet normal 0.4999999999998207 -4.927679421561528e-14 -0.8660254037845422
    outer loop
      vertex 3.8241890842564175 11.496472378075122 2.478344868774549
      vertex 3.749390182144282 12 2.435159702505011
      vertex 3.8330291388450206 11.547789518535136 2.4834486766709247
    endloop
  endfacet
  facet normal 0.4999999999999887 -1.2527524374854193e-14 -0.8660254037844453
    outer loop
      vertex 3.8096238221842214 11.446926628053188 2.469935610796348
      vertex 3.7895825633673326 11.399999995529651 2.4583647846235195
      vertex 3.749390182144282 12 2.435159702505011
    endloop
  endfacet
  facet normal 0.49999999999995864 -1.52515241842947e-14 -0.8660254037844625
    outer loop
      vertex 3.8330291388450206 11.547789518535136 2.4834486766709247
      vertex 3.749390182144282 12 2.435159702505011
      vertex 3.835992722522718 11.599999998509883 2.4851597025050083
    endloop
  endfacet
  facet normal 0.5000000000001191 -8.830572813023359e-16 -0.8660254037843698
    outer loop
      vertex 3.764408220182318 11.356495429575443 2.443830370808975
      vertex 3.749390182144282 12 2.435159702505011
      vertex 3.7895825633673326 11.399999995529651 2.4583647846235195
    endloop
  endfacet
  facet normal 0.5000000000001475 0 -0.8660254037843534
    outer loop
      vertex 3.764408220182318 11.356495429575443 2.443830370808975
      vertex 3.749390182144282 11.33672142506904 2.435159702505011
      vertex 3.749390182144282 12 2.435159702505011
    endloop
  endfacet
  facet normal 0.8660254037844423 0 0.4999999999999937
    outer loop
      vertex 3.1359927225227295 11.599999998509883 3.697595267803223
      vertex 3.835992722522718 11.599999998509883 2.4851597025050083
      vertex 3.835992722522718 13.599999998509883 2.4851597025050083
    endloop
  endfacet
  facet normal 0.8641711812218618 0.06540305340087649 0.49892946410435046
    outer loop
      vertex 3.1359927225227295 13.599999998509883 3.697595267803223
      vertex 3.835992722522718 13.599999998509883 2.4851597025050083
      vertex 3.8330291388450206 13.65221047848463 2.4834486766709247
    endloop
  endfacet
  facet normal 0.8493849624801331 0.19509035688667914 0.4903926367335168
    outer loop
      vertex 3.133029138845032 13.65221047848463 3.6958842419691393
      vertex 3.8330291388450206 13.65221047848463 2.4834486766709247
      vertex 3.8241890842564175 13.703527618944644 2.478344868774549
    endloop
  endfacet
  facet normal 0.8200655472333702 0.3214394670661722 0.4734650644483161
    outer loop
      vertex 3.124189084256429 13.703527618944644 3.6907804340727637
      vertex 3.8241890842564175 13.703527618944644 2.478344868774549
      vertex 3.8096238221842214 13.753073368966579 2.469935610796348
    endloop
  endfacet
  facet normal 0.7767145902255238 0.4422886618952256 0.44843637775020856
    outer loop
      vertex 3.1096238221842327 13.753073368966579 3.6823711760945628
      vertex 3.8096238221842214 13.753073368966579 2.469935610796348
      vertex 3.7895825633673326 13.800000001490115 2.4583647846235195
    endloop
  endfacet
  facet normal 0.7200737608035979 0.5555703123843906 0.41573477963633654
    outer loop
      vertex 3.089582563367344 13.800000001490115 3.670800349921734
      vertex 3.7895825633673326 13.800000001490115 2.4583647846235195
      vertex 3.764408220182318 13.843504567444324 2.443830370808975
    endloop
  endfacet
  facet normal 0.6511123716011922 0.6593458167485654 0.3759199030166377
    outer loop
      vertex 3.0644082201823295 13.843504567444324 3.6562659361071894
      vertex 3.764408220182318 13.843504567444324 2.443830370808975
      vertex 3.734531534966564 13.882842709124088 2.4265810585571685
    endloop
  endfacet
  facet normal 0.5710102271832515 0.7518398060332925 0.3296729083742741
    outer loop
      vertex 3.0345315349665754 13.882842709124088 3.639016623855383
      vertex 3.734531534966564 13.882842709124088 2.4265810585571685
      vertex 3.700463704934222 13.9173413336277 2.4069119877172866
    endloop
  endfacet
  facet normal 0.48113800411344476 0.8314695592726031 0.27778515619225197
    outer loop
      vertex 3.0004637049342335 13.9173413336277 3.6193475530155013
      vertex 3.700463704934222 13.9173413336277 2.4069119877172866
      vertex 3.662787645637266 13.94641016125679 2.3851597047401825
    endloop
  endfacet
  facet normal 0.3830332170070412 0.896872755500458 0.22114433094757985
    outer loop
      vertex 2.9627876456372775 13.94641016125679 3.597595270038397
      vertex 3.662787645637266 13.94641016125679 2.3851597047401825
      vertex 3.6221479897578206 13.969551813602447 2.361696388478414
    endloop
  endfacet
  facet normal 0.2783747442582587 0.9469301288966361 0.1607197335330962
    outer loop
      vertex 2.922147989757832 13.969551813602447 3.5741319537766287
      vertex 3.6221479897578206 13.969551813602447 2.361696388478414
      vertex 3.5792401115892716 13.986370329558849 2.336923513467447
    endloop
  endfacet
  facet normal 0.168953205097099 0.9807852734670778 0.09754517844325852
    outer loop
      vertex 2.879240111589283 13.986370329558849 3.5493590787656615
      vertex 3.5792401115892716 13.986370329558849 2.336923513467447
      vertex 3.5347981643013213 13.9965779453516 2.3112649432374397
    endloop
  endfacet
  facet normal 0.05664070573020765 0.9978589282087151 0.03270152670042521
    outer loop
      vertex 2.8347981643013327 13.9965779453516 3.5237005085356543
      vertex 3.5347981643013213 13.9965779453516 2.3112649432374397
      vertex 3.489582562299418 13.999999997019767 2.2851597032500663
    endloop
  endfacet
  facet normal 0.5000000000000115 0 -0.866025403784432
    outer loop
      vertex 3.835992722522718 11.599999998509883 2.4851597025050083
      vertex 3.749390182144282 12 2.435159702505011
      vertex 3.835992722522718 13.599999998509883 2.4851597025050083
    endloop
  endfacet
  facet normal 0.5000000000000909 7.027061287540404e-13 -0.8660254037843862
    outer loop
      vertex 3.5792401115892716 13.986370329558849 2.336923513467447
      vertex 3.489582562299418 13.999999997019767 2.2851597032500663
      vertex 3.5347981643013213 13.9965779453516 2.3112649432374397
    endloop
  endfacet
  facet normal 0 1 0
    outer loop
      vertex 2.7895825622994295 13.999999997019767 3.497595268548281
      vertex 3.489582562299418 13.999999997019767 2.2851597032500663
      vertex 2.017339373284912 13.999999997019767 1.4351597017599502
    endloop
  endfacet
  facet normal 0.4999999999999977 9.86623977880668e-16 -0.8660254037844399
    outer loop
      vertex 3.749390182144282 12 2.435159702505011
      vertex 1.670929213061612 12 1.2351597025050083
      vertex 3.835992722522718 13.599999998509883 2.4851597025050083
    endloop
  endfacet
  facet normal 0.500000000000001 1.8456637658911407e-14 -0.8660254037844382
    outer loop
      vertex 3.835992722522718 13.599999998509883 2.4851597025050083
      vertex 1.6972981134001088 13.753073368966579 1.2503837942136684
      vertex 3.8330291388450206 13.65221047848463 2.4834486766709247
    endloop
  endfacet
  facet normal 0.5000000000000054 9.170918010900604e-14 -0.8660254037844356
    outer loop
      vertex 3.8330291388450206 13.65221047848463 2.4834486766709247
      vertex 1.7173393722169976 13.800000001490115 1.261954620386497
      vertex 3.8241890842564175 13.703527618944644 2.478344868774549
    endloop
  endfacet
  facet normal 0.5 -1.8247812927788424e-14 -0.8660254037844387
    outer loop
      vertex 3.8241890842564175 13.703527618944644 2.478344868774549
      vertex 1.742513715402012 13.843504567444324 1.2764890342010418
      vertex 3.8096238221842214 13.753073368966579 2.469935610796348
    endloop
  endfacet
  facet normal 0.5000000000000026 2.0386299472701752e-14 -0.8660254037844372
    outer loop
      vertex 3.8096238221842214 13.753073368966579 2.469935610796348
      vertex 1.7723904006177662 13.882842709124088 1.293738346452848
      vertex 3.7895825633673326 13.800000001490115 2.4583647846235195
    endloop
  endfacet
  facet normal 0.49999999999999684 -9.346985109483613e-14 -0.8660254037844405
    outer loop
      vertex 3.7895825633673326 13.800000001490115 2.4583647846235195
      vertex 1.806458230650108 13.9173413336277 1.31340741729273
      vertex 3.764408220182318 13.843504567444324 2.443830370808975
    endloop
  endfacet
  facet normal 0.5000000000000014 7.007225850496954e-14 -0.8660254037844377
    outer loop
      vertex 3.764408220182318 13.843504567444324 2.443830370808975
      vertex 1.844134289947064 13.94641016125679 1.335159700269834
      vertex 3.734531534966564 13.882842709124088 2.4265810585571685
    endloop
  endfacet
  facet normal 0.49999999999999833 -7.602893937653074e-14 -0.8660254037844398
    outer loop
      vertex 3.734531534966564 13.882842709124088 2.4265810585571685
      vertex 1.8847739458265096 13.969551813602447 1.3586230165316024
      vertex 3.700463704934222 13.9173413336277 2.4069119877172866
    endloop
  endfacet
  facet normal 0.4999999999999978 -7.245700254531988e-14 -0.86602540378444
    outer loop
      vertex 3.700463704934222 13.9173413336277 2.4069119877172866
      vertex 1.9276818239950586 13.986370329558849 1.3833958915425697
      vertex 3.662787645637266 13.94641016125679 2.3851597047401825
    endloop
  endfacet
  facet normal 0.5000000000000027 1.2930470069945994e-13 -0.866025403784437
    outer loop
      vertex 3.662787645637266 13.94641016125679 2.3851597047401825
      vertex 1.9721237712830089 13.9965779453516 1.4090544617725769
      vertex 3.6221479897578206 13.969551813602447 2.361696388478414
    endloop
  endfacet
  facet normal 0.4999999999999998 9.12477736939379e-15 -0.8660254037844387
    outer loop
      vertex 3.6221479897578206 13.969551813602447 2.361696388478414
      vertex 2.017339373284912 13.999999997019767 1.4351597017599502
      vertex 3.5792401115892716 13.986370329558849 2.336923513467447
    endloop
  endfacet
  facet normal 0.499999999999999 -1.0182044296589495e-13 -0.8660254037844392
    outer loop
      vertex 3.5792401115892716 13.986370329558849 2.336923513467447
      vertex 2.017339373284912 13.999999997019767 1.4351597017599502
      vertex 3.489582562299418 13.999999997019767 2.2851597032500663
    endloop
  endfacet
  facet normal 0 -1 0
    outer loop
      vertex 2.7895825622994295 11.2 3.497595268548281
      vertex 1.3173393732849235 11.2 2.647595267058165
      vertex 2.511473669684406 11.2 3.279293997614012
    endloop
  endfacet
  facet normal -0.49999999999999917 1.0541410565880892e-13 0.8660254037844393
    outer loop
      vertex 2.7895825622994295 11.2 3.497595268548281
      vertex 1.22768182399507 11.213629667460918 2.5958314568407843
      vertex 1.3173393732849235 11.2 2.647595267058165
    endloop
  endfacet
  facet normal -0.5000000000000101 -6.999238627689883e-13 0.8660254037844328
    outer loop
      vertex 2.922147989757832 13.969551813602447 3.5741319537766287
      vertex 1.3173393732849235 13.999999997019767 2.647595267058165
      vertex 1.2721237712830202 13.9965779453516 2.6214900270707915
    endloop
  endfacet
  facet normal -0.4999999999999964 1.5788518083970513e-13 0.8660254037844407
    outer loop
      vertex 2.9627876456372775 13.94641016125679 3.597595270038397
      vertex 1.2721237712830202 13.9965779453516 2.6214900270707915
      vertex 1.22768182399507 13.986370329558849 2.5958314568407843
    endloop
  endfacet
  facet normal -0.4999999999999996 5.866724830308736e-15 0.8660254037844389
    outer loop
      vertex 3.0004637049342335 13.9173413336277 3.6193475530155013
      vertex 1.22768182399507 13.986370329558849 2.5958314568407843
      vertex 1.184773945826521 13.969551813602447 2.571058581829817
    endloop
  endfacet
  facet normal -0.49999999999999684 1.1621548752722472e-13 0.8660254037844405
    outer loop
      vertex 3.0345315349665754 13.882842709124088 3.639016623855383
      vertex 1.184773945826521 13.969551813602447 2.571058581829817
      vertex 1.1441342899470754 13.94641016125679 2.5475952655680487
    endloop
  endfacet
  facet normal -0.5000000000000014 -7.086628317810513e-14 0.8660254037844378
    outer loop
      vertex 3.0644082201823295 13.843504567444324 3.6562659361071894
      vertex 1.1441342899470754 13.94641016125679 2.5475952655680487
      vertex 1.1064582306501194 13.9173413336277 2.5258429825909445
    endloop
  endfacet
  facet normal -0.500000000000004 -6.904462996306406e-14 0.8660254037844364
    outer loop
      vertex 3.089582563367344 13.800000001490115 3.670800349921734
      vertex 1.1064582306501194 13.9173413336277 2.5258429825909445
      vertex 1.0723904006177776 13.882842709124088 2.5061739117510626
    endloop
  endfacet
  facet normal -0.4999999999999983 6.408498198597539e-14 0.8660254037844397
    outer loop
      vertex 3.1096238221842327 13.753073368966579 3.6823711760945628
      vertex 1.0723904006177776 13.882842709124088 2.5061739117510626
      vertex 1.0425137154020234 13.843504567444324 2.4889245994992564
    endloop
  endfacet
  facet normal 0 1 0
    outer loop
      vertex 2.7895825622994295 13.999999997019767 3.497595268548281
      vertex 2.017339373284912 13.999999997019767 1.4351597017599502
      vertex 1.3173393732849235 13.999999997019767 2.647595267058165
    endloop
  endfacet
  facet normal -0.49999999999999983 -1.497399363182571e-14 0.8660254037844387
    outer loop
      vertex 2.7895825622994295 11.2 3.497595268548281
      vertex 1.184773945826521 11.23044818341732 2.571058581829817
      vertex 1.22768182399507 11.213629667460918 2.5958314568407843
    endloop
  endfacet
  facet normal -0.5000000000000027 -1.2962877263103752e-13 0.8660254037844372
    outer loop
      vertex 2.8347981643013327 11.203422051668166 3.5237005085356543
      vertex 1.1441342899470754 11.253589835762977 2.5475952655680487
      vertex 1.184773945826521 11.23044818341732 2.571058581829817
    endloop
  endfacet
  facet normal -0.4999999999999978 7.073768384085466e-14 0.8660254037844398
    outer loop
      vertex 2.879240111589283 11.213629667460918 3.5493590787656615
      vertex 1.1064582306501194 11.282658663392066 2.5258429825909445
      vertex 1.1441342899470754 11.253589835762977 2.5475952655680487
    endloop
  endfacet
  facet normal 0 -1 0
    outer loop
      vertex 2.511473669684406 11.2 3.279293997614012
      vertex 1.3173393732849235 11.2 2.647595267058165
      vertex 1.342339373284915 11.2 2.6042939968689467
    endloop
  endfacet
  facet normal -0.4999999999999982 7.583146161191636e-14 0.8660254037844398
    outer loop
      vertex 2.922147989757832 11.23044818341732 3.5741319537766287
      vertex 1.0723904006177776 11.317157287895679 2.5061739117510626
      vertex 1.1064582306501194 11.282658663392066 2.5258429825909445
    endloop
  endfacet
  facet normal -0.5000000000000014 -6.899422375873924e-14 0.8660254037844377
    outer loop
      vertex 2.9627876456372775 11.253589835762977 3.597595270038397
      vertex 1.0425137154020234 11.356495429575443 2.4889245994992564
      vertex 1.0723904006177776 11.317157287895679 2.5061739117510626
    endloop
  endfacet
  facet normal -0.49999999999999684 9.693169743168192e-14 0.8660254037844405
    outer loop
      vertex 3.0004637049342335 11.282658663392066 3.6193475530155013
      vertex 1.017339372217009 11.399999995529651 2.4743901856847117
      vertex 1.0425137154020234 11.356495429575443 2.4889245994992564
    endloop
  endfacet
  facet normal -0.5000000000000026 -1.6541656624442624e-14 0.8660254037844373
    outer loop
      vertex 3.0345315349665754 11.317157287895679 3.639016623855383
      vertex 0.9972981134001202 11.446926628053188 2.462819359511883
      vertex 1.017339372217009 11.399999995529651 2.4743901856847117
    endloop
  endfacet
  facet normal -0.4999999999999999 1.9020521618541675e-14 0.8660254037844387
    outer loop
      vertex 3.0644082201823295 11.356495429575443 3.6562659361071894
      vertex 0.9827328513279241 11.496472378075122 2.454410101533682
      vertex 0.9972981134001202 11.446926628053188 2.462819359511883
    endloop
  endfacet
  facet normal -0.5000000000000054 -9.322179334232503e-14 0.8660254037844356
    outer loop
      vertex 3.089582563367344 11.399999995529651 3.670800349921734
      vertex 0.9738927967393209 11.547789518535136 2.4493062936373065
      vertex 0.9827328513279241 11.496472378075122 2.454410101533682
    endloop
  endfacet
  facet normal -0.5000000000000011 -2.0749786235380002e-14 0.866025403784438
    outer loop
      vertex 3.1096238221842327 11.446926628053188 3.6823711760945628
      vertex 0.9709292130616234 11.599999998509883 2.447595267803223
      vertex 0.9738927967393209 11.547789518535136 2.4493062936373065
    endloop
  endfacet
  facet normal -0.5000000000000002 0 0.8660254037844385
    outer loop
      vertex 3.124189084256429 11.496472378075122 3.6907804340727637
      vertex 0.9709292130616234 13.599999998509883 2.447595267803223
      vertex 0.9709292130616234 11.599999998509883 2.447595267803223
    endloop
  endfacet
  facet normal -0.05664070573021094 -0.997858928208715 -0.03270152670041937
    outer loop
      vertex 1.3173393732849235 11.2 2.647595267058165
      vertex 1.2721237712830202 11.203422051668166 2.6214900270707915
      vertex 1.342339373284915 11.2 2.6042939968689467
    endloop
  endfacet
  facet normal -0.05664070573021094 -0.997858928208715 -0.03270152670041936
    outer loop
      vertex 1.342339373284915 11.2 2.6042939968689467
      vertex 1.2721237712830202 11.203422051668166 2.6214900270707915
      vertex 1.2971237712830117 11.203422051668166 2.5781887568815733
    endloop
  endfacet
  facet normal -0.4999999999999475 7.745806949333986e-14 0.8660254037844689
    outer loop
      vertex 3.1359927225227295 11.599999998509883 3.697595267803223
      vertex 0.9827328513279241 13.703527618944644 2.454410101533682
      vertex 0.9738927967393209 13.65221047848463 2.4493062936373065
    endloop
  endfacet
  facet normal -0.49999999999998584 1.6163945163855716e-14 0.8660254037844467
    outer loop
      vertex 3.133029138845032 11.547789518535136 3.6958842419691393
      vertex 0.9738927967393209 13.65221047848463 2.4493062936373065
      vertex 0.9709292130616234 13.599999998509883 2.447595267803223
    endloop
  endfacet
  facet normal -0.4999999999999997 1.8807569158393494e-14 0.8660254037844389
    outer loop
      vertex 3.133029138845032 13.65221047848463 3.6958842419691393
      vertex 1.017339372217009 13.800000001490115 2.4743901856847117
      vertex 0.9972981134001202 13.753073368966579 2.462819359511883
    endloop
  endfacet
  facet normal -0.5000000000000011 -1.7773484022508067e-14 0.866025403784438
    outer loop
      vertex 3.1359927225227295 13.599999998509883 3.697595267803223
      vertex 0.9972981134001202 13.753073368966579 2.462819359511883
      vertex 0.9827328513279241 13.703527618944644 2.454410101533682
    endloop
  endfacet
  facet normal -0.5000000000000053 -8.584088132305944e-14 0.8660254037844356
    outer loop
      vertex 3.124189084256429 13.703527618944644 3.6907804340727637
      vertex 1.0425137154020234 13.843504567444324 2.4889245994992564
      vertex 1.017339372217009 13.800000001490115 2.4743901856847117
    endloop
  endfacet
  facet normal -0.05664070573020758 0.9978589282087151 -0.032701526700425185
    outer loop
      vertex 1.3173393732849235 13.999999997019767 2.647595267058165
      vertex 1.9721237712830089 13.9965779453516 1.4090544617725769
      vertex 1.2721237712830202 13.9965779453516 2.6214900270707915
    endloop
  endfacet
  facet normal 0.5000000000000101 6.999238627689883e-13 -0.8660254037844328
    outer loop
      vertex 3.6221479897578206 13.969551813602447 2.361696388478414
      vertex 1.9721237712830089 13.9965779453516 1.4090544617725769
      vertex 2.017339373284912 13.999999997019767 1.4351597017599502
    endloop
  endfacet
  facet normal 0.4999999999999964 -1.5788518083970513e-13 -0.8660254037844407
    outer loop
      vertex 3.662787645637266 13.94641016125679 2.3851597047401825
      vertex 1.9276818239950586 13.986370329558849 1.3833958915425697
      vertex 1.9721237712830089 13.9965779453516 1.4090544617725769
    endloop
  endfacet
  facet normal 0.4999999999999996 -5.866724830308736e-15 -0.8660254037844389
    outer loop
      vertex 3.700463704934222 13.9173413336277 2.4069119877172866
      vertex 1.8847739458265096 13.969551813602447 1.3586230165316024
      vertex 1.9276818239950586 13.986370329558849 1.3833958915425697
    endloop
  endfacet
  facet normal 0.49999999999999684 -1.1621548752722472e-13 -0.8660254037844405
    outer loop
      vertex 3.734531534966564 13.882842709124088 2.4265810585571685
      vertex 1.844134289947064 13.94641016125679 1.335159700269834
      vertex 1.8847739458265096 13.969551813602447 1.3586230165316024
    endloop
  endfacet
  facet normal 0.5000000000000014 7.086628317810513e-14 -0.8660254037844378
    outer loop
      vertex 3.764408220182318 13.843504567444324 2.443830370808975
      vertex 1.806458230650108 13.9173413336277 1.31340741729273
      vertex 1.844134289947064 13.94641016125679 1.335159700269834
    endloop
  endfacet
  facet normal 0.500000000000004 6.904462996306406e-14 -0.8660254037844364
    outer loop
      vertex 3.7895825633673326 13.800000001490115 2.4583647846235195
      vertex 1.7723904006177662 13.882842709124088 1.293738346452848
      vertex 1.806458230650108 13.9173413336277 1.31340741729273
    endloop
  endfacet
  facet normal 0.4999999999999983 -6.408498198597539e-14 -0.8660254037844397
    outer loop
      vertex 3.8096238221842214 13.753073368966579 2.469935610796348
      vertex 1.742513715402012 13.843504567444324 1.2764890342010418
      vertex 1.7723904006177662 13.882842709124088 1.293738346452848
    endloop
  endfacet
  facet normal -0.05664070573020765 0.9978589282087151 -0.03270152670042521
    outer loop
      vertex 1.3173393732849235 13.999999997019767 2.647595267058165
      vertex 2.017339373284912 13.999999997019767 1.4351597017599502
      vertex 1.9721237712830089 13.9965779453516 1.4090544617725769
    endloop
  endfacet
  facet normal 0.5000000000000001 -3.2491687235740382e-15 -0.8660254037844386
    outer loop
      vertex 3.835992722522718 13.599999998509883 2.4851597025050083
      vertex 1.670929213061612 12 1.2351597025050083
      vertex 1.6827328513279127 13.703527618944644 1.2419745362354675
    endloop
  endfacet
  facet normal 0.4999999999999997 -1.8807569158393494e-14 -0.8660254037844389
    outer loop
      vertex 3.8330291388450206 13.65221047848463 2.4834486766709247
      vertex 1.6972981134001088 13.753073368966579 1.2503837942136684
      vertex 1.7173393722169976 13.800000001490115 1.261954620386497
    endloop
  endfacet
  facet normal 0.5000000000000011 1.7773484022508067e-14 -0.866025403784438
    outer loop
      vertex 3.835992722522718 13.599999998509883 2.4851597025050083
      vertex 1.6827328513279127 13.703527618944644 1.2419745362354675
      vertex 1.6972981134001088 13.753073368966579 1.2503837942136684
    endloop
  endfacet
  facet normal 0.5000000000000053 8.584088132305944e-14 -0.8660254037844356
    outer loop
      vertex 3.8241890842564175 13.703527618944644 2.478344868774549
      vertex 1.7173393722169976 13.800000001490115 1.261954620386497
      vertex 1.742513715402012 13.843504567444324 1.2764890342010418
    endloop
  endfacet
  facet normal -0.5000000000000907 -7.027061287540401e-13 0.8660254037843862
    outer loop
      vertex 1.3173393732849235 11.2 2.647595267058165
      vertex 1.22768182399507 11.213629667460918 2.5958314568407843
      vertex 1.2721237712830202 11.203422051668166 2.6214900270707915
    endloop
  endfacet
  facet normal -0.16895320509710907 -0.9807852734670777 -0.09754517844324123
    outer loop
      vertex 1.2721237712830202 11.203422051668166 2.6214900270707915
      vertex 1.22768182399507 11.213629667460918 2.5958314568407843
      vertex 1.2971237712830117 11.203422051668166 2.5781887568815733
    endloop
  endfacet
  facet normal -0.16895320509710907 -0.9807852734670777 -0.09754517844324122
    outer loop
      vertex 1.2971237712830117 11.203422051668166 2.5781887568815733
      vertex 1.22768182399507 11.213629667460918 2.5958314568407843
      vertex 1.2526818239950614 11.213629667460918 2.552530186651566
    endloop
  endfacet
  facet normal -0.27837474425827513 -0.9469301288966359 -0.16071973353306762
    outer loop
      vertex 1.22768182399507 11.213629667460918 2.5958314568407843
      vertex 1.184773945826521 11.23044818341732 2.571058581829817
      vertex 1.2526818239950614 11.213629667460918 2.552530186651566
    endloop
  endfacet
  facet normal -0.27837474425827513 -0.9469301288966359 -0.16071973353306765
    outer loop
      vertex 1.2526818239950614 11.213629667460918 2.552530186651566
      vertex 1.184773945826521 11.23044818341732 2.571058581829817
      vertex 1.2097739458265124 11.23044818341732 2.527757311640599
    endloop
  endfacet
  facet normal -0.38303321700706366 -0.8968727555004581 -0.22114433094754046
    outer loop
      vertex 1.184773945826521 11.23044818341732 2.571058581829817
      vertex 1.1441342899470754 11.253589835762977 2.5475952655680487
      vertex 1.2097739458265124 11.23044818341732 2.527757311640599
    endloop
  endfacet
  facet normal -0.3830332170070636 -0.8968727555004582 -0.22114433094754044
    outer loop
      vertex 1.2097739458265124 11.23044818341732 2.527757311640599
      vertex 1.1441342899470754 11.253589835762977 2.5475952655680487
      vertex 1.169134289947067 11.253589835762977 2.5042939953788306
    endloop
  endfacet
  facet normal -0.48113800411347346 -0.8314695592726029 -0.27778515619220273
    outer loop
      vertex 1.1441342899470754 11.253589835762977 2.5475952655680487
      vertex 1.1064582306501194 11.282658663392066 2.5258429825909445
      vertex 1.169134289947067 11.253589835762977 2.5042939953788306
    endloop
  endfacet
  facet normal -0.48113800411347346 -0.8314695592726029 -0.2777851561922028
    outer loop
      vertex 1.169134289947067 11.253589835762977 2.5042939953788306
      vertex 1.1064582306501194 11.282658663392066 2.5258429825909445
      vertex 1.1314582306501109 11.282658663392066 2.4825417124017264
    endloop
  endfacet
  facet normal -0.5710102271832858 -0.751839806033292 -0.3296729083742158
    outer loop
      vertex 1.1064582306501194 11.282658663392066 2.5258429825909445
      vertex 1.0723904006177776 11.317157287895679 2.5061739117510626
      vertex 1.1314582306501109 11.282658663392066 2.4825417124017264
    endloop
  endfacet
  facet normal -0.5710102271832858 -0.751839806033292 -0.3296729083742158
    outer loop
      vertex 1.1314582306501109 11.282658663392066 2.4825417124017264
      vertex 1.0723904006177776 11.317157287895679 2.5061739117510626
      vertex 1.097390400617769 11.317157287895679 2.4628726415618445
    endloop
  endfacet
  facet normal -0.6511123716012305 -0.6593458167485658 -0.3759199030165707
    outer loop
      vertex 1.0723904006177776 11.317157287895679 2.5061739117510626
      vertex 1.0425137154020234 11.356495429575443 2.4889245994992564
      vertex 1.097390400617769 11.317157287895679 2.4628726415618445
    endloop
  endfacet
  facet normal -0.6511123716012305 -0.6593458167485658 -0.3759199030165707
    outer loop
      vertex 1.097390400617769 11.317157287895679 2.4628726415618445
      vertex 1.0425137154020234 11.356495429575443 2.4889245994992564
      vertex 1.067513715402015 11.356495429575443 2.4456233293100382
    endloop
  endfacet
  facet normal -0.720073760803641 -0.5555703123843899 -0.4157347796362629
    outer loop
      vertex 1.0425137154020234 11.356495429575443 2.4889245994992564
      vertex 1.017339372217009 11.399999995529651 2.4743901856847117
      vertex 1.067513715402015 11.356495429575443 2.4456233293100382
    endloop
  endfacet
  facet normal -0.720073760803641 -0.5555703123843899 -0.415734779636263
    outer loop
      vertex 1.067513715402015 11.356495429575443 2.4456233293100382
      vertex 1.017339372217009 11.399999995529651 2.4743901856847117
      vertex 1.0423393722170005 11.399999995529651 2.4310889154954936
    endloop
  endfacet
  facet normal -0.7767145902255695 -0.442288661895226 -0.44843637775012873
    outer loop
      vertex 1.017339372217009 11.399999995529651 2.4743901856847117
      vertex 0.9972981134001202 11.446926628053188 2.462819359511883
      vertex 1.0423393722170005 11.399999995529651 2.4310889154954936
    endloop
  endfacet
  facet normal -0.8200655472334191 -0.3214394670661712 -0.4734650644482322
    outer loop
      vertex 0.9972981134001202 11.446926628053188 2.462819359511883
      vertex 0.9827328513279241 11.496472378075122 2.454410101533682
      vertex 1.0222981134001117 11.446926628053188 2.419518089322665
    endloop
  endfacet
  facet normal -0.7767145902255695 -0.442288661895226 -0.44843637775012873
    outer loop
      vertex 1.0423393722170005 11.399999995529651 2.4310889154954936
      vertex 0.9972981134001202 11.446926628053188 2.462819359511883
      vertex 1.0222981134001117 11.446926628053188 2.419518089322665
    endloop
  endfacet
  facet normal -0.8200655472334192 -0.3214394670661712 -0.47346506444823216
    outer loop
      vertex 1.0222981134001117 11.446926628053188 2.419518089322665
      vertex 0.9827328513279241 11.496472378075122 2.454410101533682
      vertex 1.0077328513279156 11.496472378075122 2.411108831344464
    endloop
  endfacet
  facet normal -0.8493849624801836 -0.19509035688667875 -0.4903926367334298
    outer loop
      vertex 0.9827328513279241 11.496472378075122 2.454410101533682
      vertex 0.9738927967393209 11.547789518535136 2.4493062936373065
      vertex 1.0077328513279156 11.496472378075122 2.411108831344464
    endloop
  endfacet
  facet normal -0.8641711812219129 -0.06540305340087618 -0.4989294641042618
    outer loop
      vertex 0.9738927967393209 11.547789518535136 2.4493062936373065
      vertex 0.9709292130616234 11.599999998509883 2.447595267803223
      vertex 0.9988927967393124 11.547789518535136 2.4060050234480883
    endloop
  endfacet
  facet normal -0.8493849624801836 -0.19509035688667872 -0.4903926367334298
    outer loop
      vertex 0.9738927967393209 11.547789518535136 2.4493062936373065
      vertex 0.9988927967393124 11.547789518535136 2.4060050234480883
      vertex 1.0077328513279156 11.496472378075122 2.411108831344464
    endloop
  endfacet
  facet normal -0.8641711812219129 -0.06540305340087618 -0.4989294641042618
    outer loop
      vertex 0.9988927967393124 11.547789518535136 2.4060050234480883
      vertex 0.9709292130616234 11.599999998509883 2.447595267803223
      vertex 0.9959292130616149 11.599999998509883 2.4042939976140048
    endloop
  endfacet
  facet normal -0.8660254037844385 0 -0.5000000000000003
    outer loop
      vertex 0.9959292130616149 11.999999995529652 2.4042939976140048
      vertex 1.5959292115715016 12 1.365063515653631
      vertex 1.5959292115715016 11.999999995529652 1.365063515653631
    endloop
  endfacet
  facet normal -0.8660254037844936 0 -0.4999999999999049
    outer loop
      vertex 0.9709292130616234 11.599999998509883 2.447595267803223
      vertex 0.9709292130616234 13.599999998509883 2.447595267803223
      vertex 0.9959292130616149 11.599999998509883 2.4042939976140048
    endloop
  endfacet
  facet normal -0.8660254037844934 0 -0.49999999999990485
    outer loop
      vertex 0.9959292130616149 11.599999998509883 2.4042939976140048
      vertex 0.9709292130616234 13.599999998509883 2.447595267803223
      vertex 0.9959292130616149 11.999999995529652 2.4042939976140048
    endloop
  endfacet
  facet normal -0.16895320509709905 0.9807852734670778 -0.09754517844325857
    outer loop
      vertex 1.2721237712830202 13.9965779453516 2.6214900270707915
      vertex 1.9276818239950586 13.986370329558849 1.3833958915425697
      vertex 1.22768182399507 13.986370329558849 2.5958314568407843
    endloop
  endfacet
  facet normal -0.2783747442582587 0.9469301288966361 -0.1607197335330962
    outer loop
      vertex 1.22768182399507 13.986370329558849 2.5958314568407843
      vertex 1.8847739458265096 13.969551813602447 1.3586230165316024
      vertex 1.184773945826521 13.969551813602447 2.571058581829817
    endloop
  endfacet
  facet normal -0.3830332170070409 0.896872755500458 -0.22114433094757968
    outer loop
      vertex 1.184773945826521 13.969551813602447 2.571058581829817
      vertex 1.844134289947064 13.94641016125679 1.335159700269834
      vertex 1.1441342899470754 13.94641016125679 2.5475952655680487
    endloop
  endfacet
  facet normal -0.48113800411344504 0.8314695592726031 -0.27778515619225214
    outer loop
      vertex 1.1441342899470754 13.94641016125679 2.5475952655680487
      vertex 1.806458230650108 13.9173413336277 1.31340741729273
      vertex 1.1064582306501194 13.9173413336277 2.5258429825909445
    endloop
  endfacet
  facet normal -0.571010227183252 0.751839806033292 -0.32967290837427443
    outer loop
      vertex 1.1064582306501194 13.9173413336277 2.5258429825909445
      vertex 1.7723904006177662 13.882842709124088 1.293738346452848
      vertex 1.0723904006177776 13.882842709124088 2.5061739117510626
    endloop
  endfacet
  facet normal -0.6511123716011917 0.6593458167485657 -0.3759199030166374
    outer loop
      vertex 1.0723904006177776 13.882842709124088 2.5061739117510626
      vertex 1.742513715402012 13.843504567444324 1.2764890342010418
      vertex 1.0425137154020234 13.843504567444324 2.4889245994992564
    endloop
  endfacet
  facet normal -0.8660254037844424 3.20614070409239e-15 -0.49999999999999384
    outer loop
      vertex 0.9959292130616149 11.999999995529652 2.4042939976140048
      vertex 0.9709292130616234 13.599999998509883 2.447595267803223
      vertex 1.670929213061612 13.599999998509883 1.2351597025050083
    endloop
  endfacet
  facet normal -0.8660254037844385 -3.180326384595186e-15 -0.5000000000000002
    outer loop
      vertex 0.9959292130616149 11.999999995529652 2.4042939976140048
      vertex 1.670929213061612 13.599999998509883 1.2351597025050083
      vertex 1.5959292115715016 12 1.365063515653631
    endloop
  endfacet
  facet normal -0.7767145902255235 0.4422886618952259 -0.4484363777502084
    outer loop
      vertex 0.9972981134001202 13.753073368966579 2.462819359511883
      vertex 1.017339372217009 13.800000001490115 2.4743901856847117
      vertex 1.6972981134001088 13.753073368966579 1.2503837942136684
    endloop
  endfacet
  facet normal -0.8200655472333706 0.3214394670661712 -0.4734650644483164
    outer loop
      vertex 0.9972981134001202 13.753073368966579 2.462819359511883
      vertex 1.6827328513279127 13.703527618944644 1.2419745362354675
      vertex 0.9827328513279241 13.703527618944644 2.454410101533682
    endloop
  endfacet
  facet normal -0.7200737608035983 0.55557031238439 -0.41573477963633676
    outer loop
      vertex 1.0425137154020234 13.843504567444324 2.4889245994992564
      vertex 1.7173393722169976 13.800000001490115 1.261954620386497
      vertex 1.017339372217009 13.800000001490115 2.4743901856847117
    endloop
  endfacet
  facet normal -0.8493849624801332 0.19509035688667872 -0.4903926367335169
    outer loop
      vertex 0.9738927967393209 13.65221047848463 2.4493062936373065
      vertex 0.9827328513279241 13.703527618944644 2.454410101533682
      vertex 1.6738927967393096 13.65221047848463 1.2368707283390918
    endloop
  endfacet
  facet normal -0.8641711812218618 0.06540305340087617 -0.49892946410435046
    outer loop
      vertex 0.9709292130616234 13.599999998509883 2.447595267803223
      vertex 0.9738927967393209 13.65221047848463 2.4493062936373065
      vertex 1.670929213061612 13.599999998509883 1.2351597025050083
    endloop
  endfacet
  facet normal -0.168953205097099 0.9807852734670778 -0.09754517844325852
    outer loop
      vertex 1.2721237712830202 13.9965779453516 2.6214900270707915
      vertex 1.9721237712830089 13.9965779453516 1.4090544617725769
      vertex 1.9276818239950586 13.986370329558849 1.3833958915425697
    endloop
  endfacet
  facet normal -0.2783747442582587 0.9469301288966361 -0.1607197335330962
    outer loop
      vertex 1.22768182399507 13.986370329558849 2.5958314568407843
      vertex 1.9276818239950586 13.986370329558849 1.3833958915425697
      vertex 1.8847739458265096 13.969551813602447 1.3586230165316024
    endloop
  endfacet
  facet normal -0.3830332170070412 0.896872755500458 -0.22114433094757985
    outer loop
      vertex 1.184773945826521 13.969551813602447 2.571058581829817
      vertex 1.8847739458265096 13.969551813602447 1.3586230165316024
      vertex 1.844134289947064 13.94641016125679 1.335159700269834
    endloop
  endfacet
  facet normal -0.48113800411344476 0.8314695592726031 -0.27778515619225197
    outer loop
      vertex 1.1441342899470754 13.94641016125679 2.5475952655680487
      vertex 1.844134289947064 13.94641016125679 1.335159700269834
      vertex 1.806458230650108 13.9173413336277 1.31340741729273
    endloop
  endfacet
  facet normal -0.5710102271832515 0.7518398060332925 -0.3296729083742741
    outer loop
      vertex 1.1064582306501194 13.9173413336277 2.5258429825909445
      vertex 1.806458230650108 13.9173413336277 1.31340741729273
      vertex 1.7723904006177662 13.882842709124088 1.293738346452848
    endloop
  endfacet
  facet normal -0.6511123716011922 0.6593458167485654 -0.3759199030166377
    outer loop
      vertex 1.0723904006177776 13.882842709124088 2.5061739117510626
      vertex 1.7723904006177662 13.882842709124088 1.293738346452848
      vertex 1.742513715402012 13.843504567444324 1.2764890342010418
    endloop
  endfacet
  facet normal -0.8660254037844554 0 -0.4999999999999712
    outer loop
      vertex 1.5959292115715016 12 1.365063515653631
      vertex 1.670929213061612 13.599999998509883 1.2351597025050083
      vertex 1.670929213061612 12 1.2351597025050083
    endloop
  endfacet
  facet normal -0.8200655472333702 0.3214394670661722 -0.4734650644483161
    outer loop
      vertex 0.9972981134001202 13.753073368966579 2.462819359511883
      vertex 1.6972981134001088 13.753073368966579 1.2503837942136684
      vertex 1.6827328513279127 13.703527618944644 1.2419745362354675
    endloop
  endfacet
  facet normal -0.7200737608035979 0.5555703123843906 -0.41573477963633654
    outer loop
      vertex 1.0425137154020234 13.843504567444324 2.4889245994992564
      vertex 1.742513715402012 13.843504567444324 1.2764890342010418
      vertex 1.7173393722169976 13.800000001490115 1.261954620386497
    endloop
  endfacet
  facet normal -0.7767145902255238 0.4422886618952256 -0.44843637775020856
    outer loop
      vertex 1.017339372217009 13.800000001490115 2.4743901856847117
      vertex 1.7173393722169976 13.800000001490115 1.261954620386497
      vertex 1.6972981134001088 13.753073368966579 1.2503837942136684
    endloop
  endfacet
  facet normal -0.8641711812218618 0.06540305340087649 -0.49892946410435046
    outer loop
      vertex 0.9738927967393209 13.65221047848463 2.4493062936373065
      vertex 1.6738927967393096 13.65221047848463 1.2368707283390918
      vertex 1.670929213061612 13.599999998509883 1.2351597025050083
    endloop
  endfacet
  facet normal -0.8493849624801331 0.19509035688667914 -0.4903926367335168
    outer loop
      vertex 0.9827328513279241 13.703527618944644 2.454410101533682
      vertex 1.6827328513279127 13.703527618944644 1.2419745362354675
      vertex 1.6738927967393096 13.65221047848463 1.2368707283390918
    endloop
  endfacet
  facet normal 0.4999999999996046 3.6480814747063706e-16 -0.866025403784667
    outer loop
      vertex 1.670929213061612 12 1.2351597025050083
      vertex 1.6738927967393096 13.65221047848463 1.2368707283390918
      vertex 1.6827328513279127 13.703527618944644 1.2419745362354675
    endloop
  endfacet
  facet normal 0.4999999999997571 0 -0.8660254037845789
    outer loop
      vertex 1.670929213061612 12 1.2351597025050083
      vertex 1.670929213061612 13.599999998509883 1.2351597025050083
      vertex 1.6738927967393096 13.65221047848463 1.2368707283390918
    endloop
  endfacet
  facet normal 0.8660254037844385 0 0.5000000000000003
    outer loop
      vertex 2.511473669684406 2.7999999970197678 3.279293997614012
      vertex 3.111473668194293 2.899999998509884 2.240063515653638
      vertex 2.511473669684406 2.899999998509884 3.279293997614012
    endloop
  endfacet
  facet normal 0.8641711812218535 0.06540305340095426 0.49892946410435446
    outer loop
      vertex 2.511473669684406 2.899999998509884 3.279293997614012
      vertex 3.109250980436016 2.939157858490944 2.2387802462780755
      vertex 2.5092509819261295 2.939157858490944 3.278010728238449
    endloop
  endfacet
  facet normal 0.8493849672165198 0.19509032939159623 0.4903926394680796
    outer loop
      vertex 2.5092509819261295 2.939157858490944 3.278010728238449
      vertex 3.1026209411076735 2.9776457101106644 2.2349523912871163
      vertex 2.502620942597787 2.9776457101106644 3.27418287324749
    endloop
  endfacet
  facet normal 0.8200655682398995 0.3214393956095415 0.4734650765764497
    outer loop
      vertex 2.502620942597787 2.9776457101106644 3.27418287324749
      vertex 3.0916969961666183 3.0148050263524055 2.228645448734788
      vertex 2.4916969976567316 3.0148050263524055 3.267875930695162
    endloop
  endfacet
  facet normal 0.7767145741430557 0.4422886995523344 0.44843636846499907
    outer loop
      vertex 2.4916969976567316 3.0148050263524055 3.267875930695162
      vertex 3.0766660520539517 3.0499999970197678 2.2199673291051667
      vertex 2.476666053544065 3.0499999970197678 3.2591978110655404
    endloop
  endfacet
  facet normal 0.7200738115550099 0.5555702246792806 0.4157348089376851
    outer loop
      vertex 2.476666053544065 3.0499999970197678 3.2591978110655404
      vertex 3.0577852946651802 3.0826284289360046 2.209066518744258
      vertex 2.4577852961552935 3.0826284289360046 3.248297000704632
    endloop
  endfacet
  facet normal -0.5000000000001584 -1.199630722019134e-12 0.8660254037843472
    outer loop
      vertex 2.3189092098712223 3.189777746796608 3.168116854904518
      vertex 2.285577752631454 3.1974334567785263 3.148872929094658
      vertex 2.25166605113003 3.1999999955296516 3.129293999104128
    endloop
  endfacet
  facet normal 0.6511123919786682 0.6593457899178721 0.3759199147815855
    outer loop
      vertex 2.4577852961552935 3.0826284289360046 3.248297000704632
      vertex 3.035377782366467 3.1121320351958275 2.196129535486726
      vertex 2.4353777838565804 3.1121320351958275 3.2353600174471
    endloop
  endfacet
  facet normal 0.5710102039473033 0.7518398295630606 0.3296728949589989
    outer loop
      vertex 2.4353777838565804 3.1121320351958275 3.2353600174471
      vertex 3.009826909842218 3.1380060017108917 2.1813777323568146
      vertex 2.409826911332331 3.1380060017108917 3.2206082143171884
    endloop
  endfacet
  facet normal 0.4811379281583524 0.8314696178754724 0.27778511233956377
    outer loop
      vertex 2.409826911332331 3.1380060017108917 3.2206082143171884
      vertex 2.981569858917098 3.1598076224327087 2.165063516398696
      vertex 2.381569860407211 3.1598076224327087 3.20429399835907
    endloop
  endfacet
  facet normal 0.38303324961909346 0.896872736930004 0.22114434977616088
    outer loop
      vertex 2.381569860407211 3.1598076224327087 3.20429399835907
      vertex 2.951090120233715 3.1771638616919518 2.147466031065015
      vertex 2.3510901217238285 3.1771638616919518 3.186696513025389
    endloop
  endfacet
  facet normal 0.27837468237490515 0.946930153152928 0.16071969780472817
    outer loop
      vertex 2.3510901217238285 3.1771638616919518 3.186696513025389
      vertex 2.918909208381109 3.189777746796608 2.1288863729441445
      vertex 2.3189092098712223 3.189777746796608 3.168116854904518
    endloop
  endfacet
  facet normal 0.16895318128586634 0.9807852789361426 0.09754516469583864
    outer loop
      vertex 2.3189092098712223 3.189777746796608 3.168116854904518
      vertex 2.8855777511413407 3.1974334567785263 2.1096424471342843
      vertex 2.285577752631454 3.1974334567785263 3.148872929094658
    endloop
  endfacet
  facet normal 0.056640705730211766 0.9978589282087147 0.03270152670042816
    outer loop
      vertex 2.285577752631454 3.1974334567785263 3.148872929094658
      vertex 2.851666049639917 3.1999999955296516 2.0900635171437543
      vertex 2.25166605113003 3.1999999955296516 3.129293999104128
    endloop
  endfacet
  facet normal 0.8660254037844385 0 0.5000000000000003
    outer loop
      vertex 2.511473669684406 2.7999999970197678 3.279293997614012
      vertex 3.111473668194293 2.7999999970197678 2.240063515653638
      vertex 3.111473668194293 2.899999998509884 2.240063515653638
    endloop
  endfacet
  facet normal 0.8641711812218537 0.06540305340095226 0.49892946410435446
    outer loop
      vertex 2.511473669684406 2.899999998509884 3.279293997614012
      vertex 3.111473668194293 2.899999998509884 2.240063515653638
      vertex 3.109250980436016 2.939157858490944 2.2387802462780755
    endloop
  endfacet
  facet normal 0.8493849672165198 0.19509032939159654 0.4903926394680796
    outer loop
      vertex 2.5092509819261295 2.939157858490944 3.278010728238449
      vertex 3.109250980436016 2.939157858490944 2.2387802462780755
      vertex 3.1026209411076735 2.9776457101106644 2.2349523912871163
    endloop
  endfacet
  facet normal 0.8200655682398997 0.3214393956095404 0.4734650765764499
    outer loop
      vertex 2.502620942597787 2.9776457101106644 3.27418287324749
      vertex 3.1026209411076735 2.9776457101106644 2.2349523912871163
      vertex 3.0916969961666183 3.0148050263524055 2.228645448734788
    endloop
  endfacet
  facet normal 0.7767145741430551 0.44228869955233585 0.44843636846499874
    outer loop
      vertex 2.4916969976567316 3.0148050263524055 3.267875930695162
      vertex 3.0916969961666183 3.0148050263524055 2.228645448734788
      vertex 3.0766660520539517 3.0499999970197678 2.2199673291051667
    endloop
  endfacet
  facet normal 0.7200738115550105 0.5555702246792799 0.41573480893768544
    outer loop
      vertex 2.476666053544065 3.0499999970197678 3.2591978110655404
      vertex 3.0766660520539517 3.0499999970197678 2.2199673291051667
      vertex 3.0577852946651802 3.0826284289360046 2.209066518744258
    endloop
  endfacet
  facet normal 0.6511123919786689 0.6593457899178711 0.3759199147815859
    outer loop
      vertex 2.4577852961552935 3.0826284289360046 3.248297000704632
      vertex 3.0577852946651802 3.0826284289360046 2.209066518744258
      vertex 3.035377782366467 3.1121320351958275 2.196129535486726
    endloop
  endfacet
  facet normal 0.5710102039473026 0.7518398295630613 0.3296728949589985
    outer loop
      vertex 2.4353777838565804 3.1121320351958275 3.2353600174471
      vertex 3.035377782366467 3.1121320351958275 2.196129535486726
      vertex 3.009826909842218 3.1380060017108917 2.1813777323568146
    endloop
  endfacet
  facet normal 0.4811379281583521 0.8314696178754726 0.27778511233956366
    outer loop
      vertex 2.409826911332331 3.1380060017108917 3.2206082143171884
      vertex 3.009826909842218 3.1380060017108917 2.1813777323568146
      vertex 2.981569858917098 3.1598076224327087 2.165063516398696
    endloop
  endfacet
  facet normal 0.3830332496190931 0.8968727369300042 0.22114434977616065
    outer loop
      vertex 2.381569860407211 3.1598076224327087 3.20429399835907
      vertex 2.981569858917098 3.1598076224327087 2.165063516398696
      vertex 2.951090120233715 3.1771638616919518 2.147466031065015
    endloop
  endfacet
  facet normal 0.27837468237490465 0.9469301531529281 0.16071969780472786
    outer loop
      vertex 2.3510901217238285 3.1771638616919518 3.186696513025389
      vertex 2.951090120233715 3.1771638616919518 2.147466031065015
      vertex 2.918909208381109 3.189777746796608 2.1288863729441445
    endloop
  endfacet
  facet normal 0.16895318128586637 0.9807852789361426 0.09754516469583867
    outer loop
      vertex 2.3189092098712223 3.189777746796608 3.168116854904518
      vertex 2.918909208381109 3.189777746796608 2.1288863729441445
      vertex 2.8855777511413407 3.1974334567785263 2.1096424471342843
    endloop
  endfacet
  facet normal 0.05664070573021174 0.9978589282087147 0.032701526700428155
    outer loop
      vertex 2.285577752631454 3.1974334567785263 3.148872929094658
      vertex 2.8855777511413407 3.1974334567785263 2.1096424471342843
      vertex 2.851666049639917 3.1999999955296516 2.0900635171437543
    endloop
  endfacet
  facet normal -0.49999999999999734 0 0.8660254037844403
    outer loop
      vertex 2.511473669684406 2.7999999970197678 3.279293997614012
      vertex 2.511473669684406 2.899999998509884 3.279293997614012
      vertex 1.342339373284915 2.7999999970197678 2.6042939968689467
    endloop
  endfacet
  facet normal 0 1 0
    outer loop
      vertex 2.25166605113003 3.1999999955296516 3.129293999104128
      vertex 2.851666049639917 3.1999999955296516 2.0900635171437543
      vertex 2.59765969760295 3.1999999955296516 2.0300154183565127
    endloop
  endfacet
  facet normal -0.5000000000000011 -6.383123882219309e-14 0.8660254037844382
    outer loop
      vertex 2.511473669684406 2.899999998509884 3.279293997614012
      vertex 2.5092509819261295 2.939157858490944 3.278010728238449
      vertex 0.019776672027674636 3.0148050263524055 1.8407120652779199
    endloop
  endfacet
  facet normal -0.4999999999999978 6.112519670287921e-14 0.8660254037844399
    outer loop
      vertex 2.5092509819261295 2.939157858490944 3.278010728238449
      vertex 2.502620942597787 2.9776457101106644 3.27418287324749
      vertex 0.034807616140341224 3.0499999970197678 1.8493901849075414
    endloop
  endfacet
  facet normal -0.500000000000002 -6.50390028590283e-14 0.8660254037844376
    outer loop
      vertex 2.502620942597787 2.9776457101106644 3.27418287324749
      vertex 2.4916969976567316 3.0148050263524055 3.267875930695162
      vertex 0.05368837352911271 3.0826284289360046 1.8602909952684499
    endloop
  endfacet
  facet normal -0.5000000000000011 -1.956239623993886e-14 0.866025403784438
    outer loop
      vertex 2.4916969976567316 3.0148050263524055 3.267875930695162
      vertex 2.476666053544065 3.0499999970197678 3.2591978110655404
      vertex 0.07609588582782578 3.1121320351958275 1.873227978525982
    endloop
  endfacet
  facet normal -0.500000000000001 -7.310337109467349e-14 0.866025403784438
    outer loop
      vertex 2.476666053544065 3.0499999970197678 3.2591978110655404
      vertex 2.4577852961552935 3.0826284289360046 3.248297000704632
      vertex 0.10164675835207504 3.1380060017108917 1.8879797816558934
    endloop
  endfacet
  facet normal -0.5000000000000008 7.270186523853043e-15 0.8660254037844382
    outer loop
      vertex 2.4577852961552935 3.0826284289360046 3.248297000704632
      vertex 2.4353777838565804 3.1121320351958275 3.2353600174471
      vertex 0.12990380927719514 3.1598076224327087 1.9042939976140119
    endloop
  endfacet
  facet normal -0.4999999999999962 2.1599143779706287e-13 0.8660254037844409
    outer loop
      vertex 2.4353777838565804 3.1121320351958275 3.2353600174471
      vertex 2.409826911332331 3.1380060017108917 3.2206082143171884
      vertex 0.16038354796057774 3.1771638616919518 1.921891482947693
    endloop
  endfacet
  facet normal -0.5000000000000019 -1.8677581378890842e-13 0.8660254037844375
    outer loop
      vertex 2.409826911332331 3.1380060017108917 3.2206082143171884
      vertex 2.381569860407211 3.1598076224327087 3.20429399835907
      vertex 0.19256445981318393 3.189777746796608 1.9404711410685636
    endloop
  endfacet
  facet normal -0.5000000000000003 3.4464008621438825e-14 0.8660254037844385
    outer loop
      vertex 2.381569860407211 3.1598076224327087 3.20429399835907
      vertex 2.3510901217238285 3.1771638616919518 3.186696513025389
      vertex 0.2258959170529522 3.1974334567785263 1.9597150668784238
    endloop
  endfacet
  facet normal -0.49999999999999867 5.881709744929959e-14 0.8660254037844394
    outer loop
      vertex 2.3510901217238285 3.1771638616919518 3.186696513025389
      vertex 2.3189092098712223 3.189777746796608 3.168116854904518
      vertex 0.25980761855437606 3.1999999955296516 1.9792939968689538
    endloop
  endfacet
  facet normal -0.49999999999999806 2.054117136341486e-13 0.8660254037844397
    outer loop
      vertex 2.3189092098712223 3.189777746796608 3.168116854904518
      vertex 2.25166605113003 3.1999999955296516 3.129293999104128
      vertex 0.25980761855437606 3.1999999955296516 1.9792939968689538
    endloop
  endfacet
  facet normal 0 1 0
    outer loop
      vertex 2.25166605113003 3.1999999955296516 3.129293999104128
      vertex 2.59765969760295 3.1999999955296516 2.0300154183565127
      vertex 1.0388139707909687 3.1999999955296516 1.130015418356514
    endloop
  endfacet
  facet normal 0 1 0
    outer loop
      vertex 2.851666049639917 3.1999999955296516 2.0900635171437543
      vertex 2.6351596961128365 3.1999999955296516 1.9650635156536325
      vertex 2.59765969760295 3.1999999955296516 2.0300154183565127
    endloop
  endfacet
  facet normal -0.49999999999999795 1.0149334850677593e-14 0.8660254037844398
    outer loop
      vertex 2.511473669684406 2.899999998509884 3.279293997614012
      vertex 0.008852727086619439 2.9776457101106644 1.8344051227255918
      vertex 1.342339373284915 2.7999999970197678 2.6042939968689467
    endloop
  endfacet
  facet normal -0.5000000000000321 -3.3205546739425866e-13 0.8660254037844201
    outer loop
      vertex 1.342339373284915 2.7999999970197678 2.6042939968689467
      vertex 0.008852727086619439 2.9776457101106644 1.8344051227255918
      vertex 1.2971237712830117 2.7965779453516006 2.5781887568815733
    endloop
  endfacet
  facet normal -0.4999999999999975 7.044939084297736e-14 0.86602540378444
    outer loop
      vertex 2.502620942597787 2.9776457101106644 3.27418287324749
      vertex 0.05368837352911271 3.0826284289360046 1.8602909952684499
      vertex 0.034807616140341224 3.0499999970197678 1.8493901849075414
    endloop
  endfacet
  facet normal -0.49999999999998673 9.837217363821037e-14 0.8660254037844463
    outer loop
      vertex 1.2971237712830117 2.7965779453516006 2.5781887568815733
      vertex 0.008852727086619439 2.9776457101106644 1.8344051227255918
      vertex 1.2526818239950614 2.7863703295588493 2.552530186651566
    endloop
  endfacet
  facet normal -0.4999999999999991 1.7332962332936256e-14 0.8660254037844392
    outer loop
      vertex 2.5092509819261295 2.939157858490944 3.278010728238449
      vertex 0.034807616140341224 3.0499999970197678 1.8493901849075414
      vertex 0.019776672027674636 3.0148050263524055 1.8407120652779199
    endloop
  endfacet
  facet normal -0.4999999999999967 6.14732471348181e-14 0.8660254037844406
    outer loop
      vertex 2.511473669684406 2.899999998509884 3.279293997614012
      vertex 0.019776672027674636 3.0148050263524055 1.8407120652779199
      vertex 0.008852727086619439 2.9776457101106644 1.8344051227255918
    endloop
  endfacet
  facet normal -0.4999999999999997 -6.488964028637676e-14 0.8660254037844388
    outer loop
      vertex 2.409826911332331 3.1380060017108917 3.2206082143171884
      vertex 0.19256445981318393 3.189777746796608 1.9404711410685636
      vertex 0.16038354796057774 3.1771638616919518 1.921891482947693
    endloop
  endfacet
  facet normal -0.5000000000000109 -1.4402409622282208e-12 0.8660254037844323
    outer loop
      vertex 2.3510901217238285 3.1771638616919518 3.186696513025389
      vertex 0.25980761855437606 3.1999999955296516 1.9792939968689538
      vertex 0.2258959170529522 3.1974334567785263 1.9597150668784238
    endloop
  endfacet
  facet normal -0.49999999999999745 2.598987719663153e-13 0.8660254037844402
    outer loop
      vertex 2.381569860407211 3.1598076224327087 3.20429399835907
      vertex 0.2258959170529522 3.1974334567785263 1.9597150668784238
      vertex 0.19256445981318393 3.189777746796608 1.9404711410685636
    endloop
  endfacet
  facet normal -0.5000000000000013 -2.7823661556204442e-14 0.8660254037844378
    outer loop
      vertex 2.4353777838565804 3.1121320351958275 3.2353600174471
      vertex 0.16038354796057774 3.1771638616919518 1.921891482947693
      vertex 0.12990380927719514 3.1598076224327087 1.9042939976140119
    endloop
  endfacet
  facet normal -0.4999999999999967 1.7437737438701384e-13 0.8660254037844406
    outer loop
      vertex 2.4577852961552935 3.0826284289360046 3.248297000704632
      vertex 0.12990380927719514 3.1598076224327087 1.9042939976140119
      vertex 0.10164675835207504 3.1380060017108917 1.8879797816558934
    endloop
  endfacet
  facet normal -0.5000000000000047 -2.05277666226252e-13 0.8660254037844358
    outer loop
      vertex 2.476666053544065 3.0499999970197678 3.2591978110655404
      vertex 0.10164675835207504 3.1380060017108917 1.8879797816558934
      vertex 0.07609588582782578 3.1121320351958275 1.873227978525982
    endloop
  endfacet
  facet normal -0.5000000000000007 -5.236127750691437e-15 0.8660254037844383
    outer loop
      vertex 2.4916969976567316 3.0148050263524055 3.267875930695162
      vertex 0.07609588582782578 3.1121320351958275 1.873227978525982
      vertex 0.05368837352911271 3.0826284289360046 1.8602909952684499
    endloop
  endfacet
  facet normal 0 1 0
    outer loop
      vertex 2.25166605113003 3.1999999955296516 3.129293999104128
      vertex 0.8598076170642628 3.1999999955296516 0.9400635149085801
      vertex 0.25980761855437606 3.1999999955296516 1.9792939968689538
    endloop
  endfacet
  facet normal 0 1 0
    outer loop
      vertex 2.25166605113003 3.1999999955296516 3.129293999104128
      vertex 1.0388139707909687 3.1999999955296516 1.130015418356514
      vertex 0.8598076170642628 3.1999999955296516 0.9400635149085801
    endloop
  endfacet
  facet normal -0.49999999999999956 0 0.8660254037844389
    outer loop
      vertex 0.9959292130616149 2 2.4042939976140048
      vertex 0.9959292130616149 2.399999998509884 2.4042939976140048
      vertex 0 2.2999999970197678 1.82929399835907
    endloop
  endfacet
  facet normal -0.49999999999997075 8.374183888268884e-14 0.8660254037844556
    outer loop
      vertex 0.9988927967393124 2.4522104784846306 2.4060050234480883
      vertex 1.0077328513279156 2.503527618944645 2.411108831344464
      vertex 0 2.899999998509884 1.82929399835907
    endloop
  endfacet
  facet normal -0.49999999999999284 1.7841479133172322e-14 0.8660254037844427
    outer loop
      vertex 0.9959292130616149 2.399999998509884 2.4042939976140048
      vertex 0.9988927967393124 2.4522104784846306 2.4060050234480883
      vertex 0 2.899999998509884 1.82929399835907
    endloop
  endfacet
  facet normal 0 -1 0
    outer loop
      vertex 0.9959292130616149 2 2.4042939976140048
      vertex 0.25980761855437606 2 1.9792939968689538
      vertex 1.5959292115715016 2 1.365063515653631
    endloop
  endfacet
  facet normal -0.49999999999998634 9.08480067433664e-14 0.8660254037844466
    outer loop
      vertex 1.2097739458265124 2.7695518136024475 2.527757311640599
      vertex 0.008852727086619439 2.9776457101106644 1.8344051227255918
      vertex 1.169134289947067 2.74641016125679 2.5042939953788306
    endloop
  endfacet
  facet normal -0.49999999999999784 2.16631038143684e-15 0.8660254037844399
    outer loop
      vertex 1.2526818239950614 2.7863703295588493 2.552530186651566
      vertex 0.008852727086619439 2.9776457101106644 1.8344051227255918
      vertex 1.2097739458265124 2.7695518136024475 2.527757311640599
    endloop
  endfacet
  facet normal -0.500000000000008 -5.479687129456508e-14 0.866025403784434
    outer loop
      vertex 1.169134289947067 2.74641016125679 2.5042939953788306
      vertex 0.008852727086619439 2.9776457101106644 1.8344051227255918
      vertex 1.1314582306501109 2.717341333627701 2.4825417124017264
    endloop
  endfacet
  facet normal -0.5000000000000091 -6.148599162756702e-14 0.8660254037844333
    outer loop
      vertex 1.1314582306501109 2.717341333627701 2.4825417124017264
      vertex 0.008852727086619439 2.9776457101106644 1.8344051227255918
      vertex 1.097390400617769 2.6828427091240883 2.4628726415618445
    endloop
  endfacet
  facet normal -0.49999999999998573 5.4064810693315995e-14 0.8660254037844469
    outer loop
      vertex 1.097390400617769 2.6828427091240883 2.4628726415618445
      vertex 0.008852727086619439 2.9776457101106644 1.8344051227255918
      vertex 1.067513715402015 2.6435045674443245 2.4456233293100382
    endloop
  endfacet
  facet normal -0.5000000000000164 -7.826082470056354e-14 0.866025403784429
    outer loop
      vertex 1.067513715402015 2.6435045674443245 2.4456233293100382
      vertex 0.00222268775827672 2.939157858490944 1.8305772677346326
      vertex 1.0423393722170005 2.600000001490116 2.4310889154954936
    endloop
  endfacet
  facet normal -0.49999999999999245 1.46331508358668e-14 0.8660254037844429
    outer loop
      vertex 1.0423393722170005 2.600000001490116 2.4310889154954936
      vertex 0 2.899999998509884 1.82929399835907
      vertex 1.0222981134001117 2.5530733689665794 2.419518089322665
    endloop
  endfacet
  facet normal -0.5000000000000008 -1.7988851069574915e-14 0.8660254037844383
    outer loop
      vertex 1.0222981134001117 2.5530733689665794 2.419518089322665
      vertex 0 2.899999998509884 1.82929399835907
      vertex 1.0077328513279156 2.503527618944645 2.411108831344464
    endloop
  endfacet
  facet normal -0.5000000000000001 1.9166204521240456e-13 0.8660254037844387
    outer loop
      vertex 0.9959292130616149 2 2.4042939976140048
      vertex 0.19256445981318393 2.0102222487330437 1.9404711410685636
      vertex 0.25980761855437606 2 1.9792939968689538
    endloop
  endfacet
  facet normal -0.5000000000000013 4.9032208441605086e-14 0.8660254037844378
    outer loop
      vertex 0.9959292130616149 2 2.4042939976140048
      vertex 0.16038354796057774 2.0228361338377 1.921891482947693
      vertex 0.19256445981318393 2.0102222487330437 1.9404711410685636
    endloop
  endfacet
  facet normal -0.500000000000002 3.1339274069031735e-14 0.8660254037844377
    outer loop
      vertex 0.9959292130616149 2 2.4042939976140048
      vertex 0.12990380927719514 2.040192373096943 1.9042939976140119
      vertex 0.16038354796057774 2.0228361338377 1.921891482947693
    endloop
  endfacet
  facet normal -0.5000000000000098 -2.0047748999138385e-13 0.866025403784433
    outer loop
      vertex 0.9959292130616149 2 2.4042939976140048
      vertex 0.10164675835207504 2.06199399381876 1.8879797816558934
      vertex 0.12990380927719514 2.040192373096943 1.9042939976140119
    endloop
  endfacet
  facet normal -0.49999999999998745 2.2749423297105816e-13 0.8660254037844459
    outer loop
      vertex 0.9959292130616149 2 2.4042939976140048
      vertex 0.07609588582782578 2.087867960333824 1.873227978525982
      vertex 0.10164675835207504 2.06199399381876 1.8879797816558934
    endloop
  endfacet
  facet normal -0.5000000000000037 3.820025916480055e-15 0.8660254037844366
    outer loop
      vertex 0.9959292130616149 2 2.4042939976140048
      vertex 0.05368837352911271 2.117371566593647 1.8602909952684499
      vertex 0.07609588582782578 2.087867960333824 1.873227978525982
    endloop
  endfacet
  facet normal 0 -1 0
    outer loop
      vertex 1.5959292115715016 2 1.365063515653631
      vertex 0.25980761855437606 2 1.9792939968689538
      vertex 0.8598076170642628 2 0.9400635149085801
    endloop
  endfacet
  facet normal 0 1 0
    outer loop
      vertex 1.0388139707909687 3.1999999955296516 1.130015418356514
      vertex 1.0763139693008554 3.1999999955296516 1.0650635156536339
      vertex 0.8598076170642628 3.1999999955296516 0.9400635149085801
    endloop
  endfacet
  facet normal -0.5000000000000114 -8.088801391702661e-14 0.866025403784432
    outer loop
      vertex 0.9959292130616149 2 2.4042939976140048
      vertex 0.034807616140341224 2.149999998509884 1.8493901849075414
      vertex 0.05368837352911271 2.117371566593647 1.8602909952684499
    endloop
  endfacet
  facet normal -0.5000000000000047 -2.1317523044141853e-14 0.866025403784436
    outer loop
      vertex 0.9959292130616149 2 2.4042939976140048
      vertex 0.019776672027674636 2.185194969177246 1.8407120652779199
      vertex 0.034807616140341224 2.149999998509884 1.8493901849075414
    endloop
  endfacet
  facet normal -0.5000000000000112 -6.737367582388909e-14 0.8660254037844322
    outer loop
      vertex 0.9959292130616149 2 2.4042939976140048
      vertex 0.008852727086619439 2.2223542854189873 1.8344051227255918
      vertex 0.019776672027674636 2.185194969177246 1.8407120652779199
    endloop
  endfacet
  facet normal -0.49999999999998923 6.319258218082095e-14 0.8660254037844449
    outer loop
      vertex 0.9959292130616149 2 2.4042939976140048
      vertex 0.00222268775827672 2.2608421370387077 1.8305772677346326
      vertex 0.008852727086619439 2.2223542854189873 1.8344051227255918
    endloop
  endfacet
  facet normal -0.500000000000014 -6.521638043575361e-14 0.8660254037844306
    outer loop
      vertex 0.9959292130616149 2 2.4042939976140048
      vertex 0 2.2999999970197678 1.82929399835907
      vertex 0.00222268775827672 2.2608421370387077 1.8305772677346326
    endloop
  endfacet
  facet normal -0.4999999999999996 0 0.8660254037844389
    outer loop
      vertex 0.9959292130616149 2.399999998509884 2.4042939976140048
      vertex 0 2.899999998509884 1.82929399835907
      vertex 0 2.2999999970197678 1.82929399835907
    endloop
  endfacet
  facet normal -0.5000000000001583 -1.1996307220191337e-12 0.8660254037843472
    outer loop
      vertex 0.25980761855437606 2 1.9792939968689538
      vertex 0.19256445981318393 2.0102222487330437 1.9404711410685636
      vertex 0.2258959170529522 2.0025665387511253 1.9597150668784238
    endloop
  endfacet
  facet normal -0.05664070573021177 -0.9978589282087147 -0.03270152670042817
    outer loop
      vertex 0.25980761855437606 2 1.9792939968689538
      vertex 0.2258959170529522 2.0025665387511253 1.9597150668784238
      vertex 0.8598076170642628 2 0.9400635149085801
    endloop
  endfacet
  facet normal -0.16895318128586628 -0.9807852789361425 -0.09754516469583861
    outer loop
      vertex 0.2258959170529522 2.0025665387511253 1.9597150668784238
      vertex 0.19256445981318393 2.0102222487330437 1.9404711410685636
      vertex 0.8258959155628389 2.0025665387511253 0.9204845849180501
    endloop
  endfacet
  facet normal -0.27837468237490515 -0.946930153152928 -0.16071969780472817
    outer loop
      vertex 0.19256445981318393 2.0102222487330437 1.9404711410685636
      vertex 0.16038354796057774 2.0228361338377 1.921891482947693
      vertex 0.7925644583230707 2.0102222487330437 0.9012406591081898
    endloop
  endfacet
  facet normal -0.38303324961909346 -0.896872736930004 -0.22114434977616088
    outer loop
      vertex 0.16038354796057774 2.0228361338377 1.921891482947693
      vertex 0.12990380927719514 2.040192373096943 1.9042939976140119
      vertex 0.7603835464704645 2.0228361338377 0.8826610009873193
    endloop
  endfacet
  facet normal -0.49999999999998224 6.258046827715404e-14 0.8660254037844489
    outer loop
      vertex 1.0423393722170005 2.600000001490116 2.4310889154954936
      vertex 0.00222268775827672 2.939157858490944 1.8305772677346326
      vertex 0 2.899999998509884 1.82929399835907
    endloop
  endfacet
  facet normal -0.5000000000000121 -5.595088155680241e-14 0.8660254037844317
    outer loop
      vertex 1.067513715402015 2.6435045674443245 2.4456233293100382
      vertex 0.008852727086619439 2.9776457101106644 1.8344051227255918
      vertex 0.00222268775827672 2.939157858490944 1.8305772677346326
    endloop
  endfacet
  facet normal -0.056640705730211766 0.9978589282087147 -0.03270152670042816
    outer loop
      vertex 0.25980761855437606 3.1999999955296516 1.9792939968689538
      vertex 0.8258959155628389 3.1974334567785263 0.9204845849180501
      vertex 0.2258959170529522 3.1974334567785263 1.9597150668784238
    endloop
  endfacet
  facet normal -0.16895318128586634 0.9807852789361426 -0.09754516469583864
    outer loop
      vertex 0.2258959170529522 3.1974334567785263 1.9597150668784238
      vertex 0.7925644583230707 3.189777746796608 0.9012406591081898
      vertex 0.19256445981318393 3.189777746796608 1.9404711410685636
    endloop
  endfacet
  facet normal -0.27837468237490515 0.946930153152928 -0.16071969780472817
    outer loop
      vertex 0.19256445981318393 3.189777746796608 1.9404711410685636
      vertex 0.7603835464704645 3.1771638616919518 0.8826610009873193
      vertex 0.16038354796057774 3.1771638616919518 1.921891482947693
    endloop
  endfacet
  facet normal -0.38303324961909346 0.896872736930004 -0.22114434977616088
    outer loop
      vertex 0.16038354796057774 3.1771638616919518 1.921891482947693
      vertex 0.7299038077870819 3.1598076224327087 0.8650635156536381
      vertex 0.12990380927719514 3.1598076224327087 1.9042939976140119
    endloop
  endfacet
  facet normal -0.4811379281583524 -0.8314696178754724 -0.2777851123395638
    outer loop
      vertex 0.12990380927719514 2.040192373096943 1.9042939976140119
      vertex 0.10164675835207504 2.06199399381876 1.8879797816558934
      vertex 0.7299038077870819 2.040192373096943 0.8650635156536381
    endloop
  endfacet
  facet normal -0.5710102039473033 -0.7518398295630606 -0.3296728949589989
    outer loop
      vertex 0.10164675835207504 2.06199399381876 1.8879797816558934
      vertex 0.07609588582782578 2.087867960333824 1.873227978525982
      vertex 0.7016467568619618 2.06199399381876 0.8487492996955197
    endloop
  endfacet
  facet normal -0.6511123919786682 -0.6593457899178721 -0.3759199147815855
    outer loop
      vertex 0.07609588582782578 2.087867960333824 1.873227978525982
      vertex 0.05368837352911271 2.117371566593647 1.8602909952684499
      vertex 0.6760958843377125 2.087867960333824 0.8339974965656083
    endloop
  endfacet
  facet normal -0.7200738115550099 -0.5555702246792807 -0.4157348089376851
    outer loop
      vertex 0.05368837352911271 2.117371566593647 1.8602909952684499
      vertex 0.034807616140341224 2.149999998509884 1.8493901849075414
      vertex 0.6536883720389994 2.117371566593647 0.8210605133080762
    endloop
  endfacet
  facet normal -0.7767145741430557 -0.4422886995523344 -0.44843636846499907
    outer loop
      vertex 0.034807616140341224 2.149999998509884 1.8493901849075414
      vertex 0.019776672027674636 2.185194969177246 1.8407120652779199
      vertex 0.634807614650228 2.149999998509884 0.8101597029471677
    endloop
  endfacet
  facet normal -0.8200655682398995 -0.3214393956095415 -0.4734650765764497
    outer loop
      vertex 0.019776672027674636 2.185194969177246 1.8407120652779199
      vertex 0.008852727086619439 2.2223542854189873 1.8344051227255918
      vertex 0.6197766705375614 2.185194969177246 0.8014815833175462
    endloop
  endfacet
  facet normal -0.8493849672165198 -0.19509032939159623 -0.4903926394680796
    outer loop
      vertex 0.008852727086619439 2.2223542854189873 1.8344051227255918
      vertex 0.00222268775827672 2.2608421370387077 1.8305772677346326
      vertex 0.6088527255965062 2.2223542854189873 0.795174640765218
    endloop
  endfacet
  facet normal -0.8641711812218535 -0.06540305340095426 -0.49892946410435435
    outer loop
      vertex 0.00222268775827672 2.2608421370387077 1.8305772677346326
      vertex 0 2.2999999970197678 1.82929399835907
      vertex 0.6022226862681634 2.2608421370387077 0.7913467857742589
    endloop
  endfacet
  facet normal -0.8660254037844385 0 -0.5000000000000003
    outer loop
      vertex 0 2.2999999970197678 1.82929399835907
      vertex 0 2.899999998509884 1.82929399835907
      vertex 0.5999999985098867 2.2999999970197678 0.7900635163986962
    endloop
  endfacet
  facet normal -0.7200738115550099 0.5555702246792807 -0.4157348089376851
    outer loop
      vertex 0.034807616140341224 3.0499999970197678 1.8493901849075414
      vertex 0.05368837352911271 3.0826284289360046 1.8602909952684499
      vertex 0.634807614650228 3.0499999970197678 0.8101597029471677
    endloop
  endfacet
  facet normal -0.7767145741430557 0.4422886995523344 -0.44843636846499907
    outer loop
      vertex 0.034807616140341224 3.0499999970197678 1.8493901849075414
      vertex 0.6197766705375614 3.0148050263524055 0.8014815833175462
      vertex 0.019776672027674636 3.0148050263524055 1.8407120652779199
    endloop
  endfacet
  facet normal -0.4811379281583524 0.8314696178754724 -0.27778511233956377
    outer loop
      vertex 0.12990380927719514 3.1598076224327087 1.9042939976140119
      vertex 0.7016467568619618 3.1380060017108917 0.8487492996955197
      vertex 0.10164675835207504 3.1380060017108917 1.8879797816558934
    endloop
  endfacet
  facet normal -0.5710102039473033 0.7518398295630606 -0.3296728949589989
    outer loop
      vertex 0.10164675835207504 3.1380060017108917 1.8879797816558934
      vertex 0.6760958843377125 3.1121320351958275 0.8339974965656083
      vertex 0.07609588582782578 3.1121320351958275 1.873227978525982
    endloop
  endfacet
  facet normal -0.6511123919786682 0.6593457899178721 -0.3759199147815855
    outer loop
      vertex 0.07609588582782578 3.1121320351958275 1.873227978525982
      vertex 0.6536883720389994 3.0826284289360046 0.8210605133080762
      vertex 0.05368837352911271 3.0826284289360046 1.8602909952684499
    endloop
  endfacet
  facet normal -0.8493849672165198 0.19509032939159623 -0.4903926394680796
    outer loop
      vertex 0.00222268775827672 2.939157858490944 1.8305772677346326
      vertex 0.008852727086619439 2.9776457101106644 1.8344051227255918
      vertex 0.6022226862681634 2.939157858490944 0.7913467857742589
    endloop
  endfacet
  facet normal -0.8641711812218535 0.06540305340095426 -0.49892946410435435
    outer loop
      vertex 0 2.899999998509884 1.82929399835907
      vertex 0.00222268775827672 2.939157858490944 1.8305772677346326
      vertex 0.5999999985098867 2.899999998509884 0.7900635163986962
    endloop
  endfacet
  facet normal -0.8200655682398995 0.3214393956095415 -0.4734650765764497
    outer loop
      vertex 0.019776672027674636 3.0148050263524055 1.8407120652779199
      vertex 0.6088527255965062 2.9776457101106644 0.795174640765218
      vertex 0.008852727086619439 2.9776457101106644 1.8344051227255918
    endloop
  endfacet
  facet normal -0.05664070573021174 -0.9978589282087147 -0.032701526700428155
    outer loop
      vertex 0.2258959170529522 2.0025665387511253 1.9597150668784238
      vertex 0.8258959155628389 2.0025665387511253 0.9204845849180501
      vertex 0.8598076170642628 2 0.9400635149085801
    endloop
  endfacet
  facet normal -0.16895318128586637 -0.9807852789361426 -0.09754516469583867
    outer loop
      vertex 0.19256445981318393 2.0102222487330437 1.9404711410685636
      vertex 0.7925644583230707 2.0102222487330437 0.9012406591081898
      vertex 0.8258959155628389 2.0025665387511253 0.9204845849180501
    endloop
  endfacet
  facet normal -0.2783746823749053 -0.946930153152928 -0.16071969780472825
    outer loop
      vertex 0.16038354796057774 2.0228361338377 1.921891482947693
      vertex 0.7603835464704645 2.0228361338377 0.8826610009873193
      vertex 0.7925644583230707 2.0102222487330437 0.9012406591081898
    endloop
  endfacet
  facet normal -0.3830332496190931 -0.8968727369300042 -0.22114434977616065
    outer loop
      vertex 0.12990380927719514 2.040192373096943 1.9042939976140119
      vertex 0.7299038077870819 2.040192373096943 0.8650635156536381
      vertex 0.7603835464704645 2.0228361338377 0.8826610009873193
    endloop
  endfacet
  facet normal -0.05664070573021174 0.9978589282087147 -0.032701526700428155
    outer loop
      vertex 0.25980761855437606 3.1999999955296516 1.9792939968689538
      vertex 0.8598076170642628 3.1999999955296516 0.9400635149085801
      vertex 0.8258959155628389 3.1974334567785263 0.9204845849180501
    endloop
  endfacet
  facet normal -0.16895318128586637 0.9807852789361426 -0.09754516469583867
    outer loop
      vertex 0.2258959170529522 3.1974334567785263 1.9597150668784238
      vertex 0.8258959155628389 3.1974334567785263 0.9204845849180501
      vertex 0.7925644583230707 3.189777746796608 0.9012406591081898
    endloop
  endfacet
  facet normal -0.27837468237490465 0.9469301531529281 -0.16071969780472786
    outer loop
      vertex 0.19256445981318393 3.189777746796608 1.9404711410685636
      vertex 0.7925644583230707 3.189777746796608 0.9012406591081898
      vertex 0.7603835464704645 3.1771638616919518 0.8826610009873193
    endloop
  endfacet
  facet normal -0.3830332496190931 0.8968727369300042 -0.22114434977616065
    outer loop
      vertex 0.16038354796057774 3.1771638616919518 1.921891482947693
      vertex 0.7603835464704645 3.1771638616919518 0.8826610009873193
      vertex 0.7299038077870819 3.1598076224327087 0.8650635156536381
    endloop
  endfacet
  facet normal -0.48113792815835305 -0.8314696178754718 -0.27778511233956416
    outer loop
      vertex 0.10164675835207504 2.06199399381876 1.8879797816558934
      vertex 0.7016467568619618 2.06199399381876 0.8487492996955197
      vertex 0.7299038077870819 2.040192373096943 0.8650635156536381
    endloop
  endfacet
  facet normal -0.5710102039473036 -0.7518398295630603 -0.3296728949589991
    outer loop
      vertex 0.07609588582782578 2.087867960333824 1.873227978525982
      vertex 0.6760958843377125 2.087867960333824 0.8339974965656083
      vertex 0.7016467568619618 2.06199399381876 0.8487492996955197
    endloop
  endfacet
  facet normal -0.6511123919786679 -0.6593457899178724 -0.37591991478158526
    outer loop
      vertex 0.05368837352911271 2.117371566593647 1.8602909952684499
      vertex 0.6536883720389994 2.117371566593647 0.8210605133080762
      vertex 0.6760958843377125 2.087867960333824 0.8339974965656083
    endloop
  endfacet
  facet normal -0.7200738115550095 -0.5555702246792814 -0.41573480893768483
    outer loop
      vertex 0.034807616140341224 2.149999998509884 1.8493901849075414
      vertex 0.634807614650228 2.149999998509884 0.8101597029471677
      vertex 0.6536883720389994 2.117371566593647 0.8210605133080762
    endloop
  endfacet
  facet normal -0.7767145741430559 -0.44228869955233396 -0.4484363684649992
    outer loop
      vertex 0.019776672027674636 2.185194969177246 1.8407120652779199
      vertex 0.6197766705375614 2.185194969177246 0.8014815833175462
      vertex 0.634807614650228 2.149999998509884 0.8101597029471677
    endloop
  endfacet
  facet normal -0.8200655682398997 -0.3214393956095404 -0.4734650765764499
    outer loop
      vertex 0.008852727086619439 2.2223542854189873 1.8344051227255918
      vertex 0.6088527255965062 2.2223542854189873 0.795174640765218
      vertex 0.6197766705375614 2.185194969177246 0.8014815833175462
    endloop
  endfacet
  facet normal -0.8493849672165198 -0.19509032939159654 -0.4903926394680796
    outer loop
      vertex 0.00222268775827672 2.2608421370387077 1.8305772677346326
      vertex 0.6022226862681634 2.2608421370387077 0.7913467857742589
      vertex 0.6088527255965062 2.2223542854189873 0.795174640765218
    endloop
  endfacet
  facet normal -0.8641711812218535 -0.0654030534009546 -0.49892946410435435
    outer loop
      vertex 0 2.2999999970197678 1.82929399835907
      vertex 0.5999999985098867 2.2999999970197678 0.7900635163986962
      vertex 0.6022226862681634 2.2608421370387077 0.7913467857742589
    endloop
  endfacet
  facet normal -0.7767145741430551 0.44228869955233585 -0.44843636846499874
    outer loop
      vertex 0.034807616140341224 3.0499999970197678 1.8493901849075414
      vertex 0.634807614650228 3.0499999970197678 0.8101597029471677
      vertex 0.6197766705375614 3.0148050263524055 0.8014815833175462
    endloop
  endfacet
  facet normal -0.4811379281583521 0.8314696178754726 -0.27778511233956366
    outer loop
      vertex 0.12990380927719514 3.1598076224327087 1.9042939976140119
      vertex 0.7299038077870819 3.1598076224327087 0.8650635156536381
      vertex 0.7016467568619618 3.1380060017108917 0.8487492996955197
    endloop
  endfacet
  facet normal -0.5710102039473026 0.7518398295630613 -0.3296728949589985
    outer loop
      vertex 0.10164675835207504 3.1380060017108917 1.8879797816558934
      vertex 0.7016467568619618 3.1380060017108917 0.8487492996955197
      vertex 0.6760958843377125 3.1121320351958275 0.8339974965656083
    endloop
  endfacet
  facet normal -0.6511123919786689 0.6593457899178711 -0.3759199147815859
    outer loop
      vertex 0.07609588582782578 3.1121320351958275 1.873227978525982
      vertex 0.6760958843377125 3.1121320351958275 0.8339974965656083
      vertex 0.6536883720389994 3.0826284289360046 0.8210605133080762
    endloop
  endfacet
  facet normal -0.7200738115550105 0.5555702246792799 -0.41573480893768544
    outer loop
      vertex 0.05368837352911271 3.0826284289360046 1.8602909952684499
      vertex 0.6536883720389994 3.0826284289360046 0.8210605133080762
      vertex 0.634807614650228 3.0499999970197678 0.8101597029471677
    endloop
  endfacet
  facet normal -0.8660254037844385 0 -0.5000000000000003
    outer loop
      vertex 0 2.899999998509884 1.82929399835907
      vertex 0.5999999985098867 2.899999998509884 0.7900635163986962
      vertex 0.5999999985098867 2.2999999970197678 0.7900635163986962
    endloop
  endfacet
  facet normal -0.8641711812218537 0.06540305340095226 -0.49892946410435446
    outer loop
      vertex 0.00222268775827672 2.939157858490944 1.8305772677346326
      vertex 0.6022226862681634 2.939157858490944 0.7913467857742589
      vertex 0.5999999985098867 2.899999998509884 0.7900635163986962
    endloop
  endfacet
  facet normal -0.8200655682398997 0.3214393956095404 -0.4734650765764499
    outer loop
      vertex 0.019776672027674636 3.0148050263524055 1.8407120652779199
      vertex 0.6197766705375614 3.0148050263524055 0.8014815833175462
      vertex 0.6088527255965062 2.9776457101106644 0.795174640765218
    endloop
  endfacet
  facet normal -0.8493849672165198 0.19509032939159654 -0.4903926394680796
    outer loop
      vertex 0.008852727086619439 2.9776457101106644 1.8344051227255918
      vertex 0.6088527255965062 2.9776457101106644 0.795174640765218
      vertex 0.6022226862681634 2.939157858490944 0.7913467857742589
    endloop
  endfacet
  facet normal -0.5000000000003769 2.596732437623687e-14 0.866025403784221
    outer loop
      vertex 2.502620942597787 11.022354285418988 3.27418287324749
      vertex 2.5092509819261295 11.060842137038708 3.278010728238449
      vertex 2.511473669684406 11.2 3.279293997614012
    endloop
  endfacet
  facet normal -0.4999999999991578 0 0.8660254037849251
    outer loop
      vertex 2.5092509819261295 11.060842137038708 3.278010728238449
      vertex 2.511473669684406 11.099999997019768 3.279293997614012
      vertex 2.511473669684406 11.2 3.279293997614012
    endloop
  endfacet
  facet normal 0.8200655682398995 -0.3214393956095415 0.4734650765764497
    outer loop
      vertex 2.502620942597787 11.022354285418988 3.27418287324749
      vertex 2.4916969976567316 10.985194969177247 3.267875930695162
      vertex 3.1026209411076735 11.022354285418988 2.2349523912871163
    endloop
  endfacet
  facet normal 0.8493849672165198 -0.19509032939159623 0.4903926394680796
    outer loop
      vertex 2.502620942597787 11.022354285418988 3.27418287324749
      vertex 3.109250980436016 11.060842137038708 2.2387802462780755
      vertex 2.5092509819261295 11.060842137038708 3.278010728238449
    endloop
  endfacet
  facet normal 0.8641711812218535 -0.06540305340095424 0.49892946410435435
    outer loop
      vertex 2.5092509819261295 11.060842137038708 3.278010728238449
      vertex 3.111473668194293 11.099999997019768 2.240063515653638
      vertex 2.511473669684406 11.099999997019768 3.279293997614012
    endloop
  endfacet
  facet normal 0.7767145741430557 -0.4422886995523344 0.44843636846499907
    outer loop
      vertex 2.4916969976567316 10.985194969177247 3.267875930695162
      vertex 2.476666053544065 10.949999998509885 3.2591978110655404
      vertex 3.0916969961666183 10.985194969177247 2.228645448734788
    endloop
  endfacet
  facet normal 0.7200738115550099 -0.5555702246792807 0.4157348089376851
    outer loop
      vertex 2.476666053544065 10.949999998509885 3.2591978110655404
      vertex 2.4577852961552935 10.917371566593648 3.248297000704632
      vertex 3.0766660520539517 10.949999998509885 2.2199673291051667
    endloop
  endfacet
  facet normal 0.8660254037844385 0 0.5000000000000003
    outer loop
      vertex 2.511473669684406 11.099999997019768 3.279293997614012
      vertex 3.111473668194293 11.2 2.240063515653638
      vertex 2.511473669684406 11.2 3.279293997614012
    endloop
  endfacet
  facet normal 0.6511123919786682 -0.6593457899178721 0.3759199147815855
    outer loop
      vertex 2.4577852961552935 10.917371566593648 3.248297000704632
      vertex 2.4353777838565804 10.887867960333825 3.2353600174471
      vertex 3.0577852946651802 10.917371566593648 2.209066518744258
    endloop
  endfacet
  facet normal 0.5710102039473033 -0.7518398295630606 0.3296728949589989
    outer loop
      vertex 2.4353777838565804 10.887867960333825 3.2353600174471
      vertex 2.409826911332331 10.86199399381876 3.2206082143171884
      vertex 3.035377782366467 10.887867960333825 2.196129535486726
    endloop
  endfacet
  facet normal 0.4811379281583524 -0.8314696178754724 0.2777851123395638
    outer loop
      vertex 2.409826911332331 10.86199399381876 3.2206082143171884
      vertex 2.381569860407211 10.840192373096944 3.20429399835907
      vertex 3.009826909842218 10.86199399381876 2.1813777323568146
    endloop
  endfacet
  facet normal 0.38303324961909346 -0.896872736930004 0.22114434977616088
    outer loop
      vertex 2.381569860407211 10.840192373096944 3.20429399835907
      vertex 2.3510901217238285 10.8228361338377 3.186696513025389
      vertex 2.981569858917098 10.840192373096944 2.165063516398696
    endloop
  endfacet
  facet normal 0.27837468237490515 -0.946930153152928 0.16071969780472817
    outer loop
      vertex 2.3510901217238285 10.8228361338377 3.186696513025389
      vertex 2.3189092098712223 10.810222248733044 3.168116854904518
      vertex 2.951090120233715 10.8228361338377 2.147466031065015
    endloop
  endfacet
  facet normal 0.16895318128586628 -0.9807852789361425 0.09754516469583861
    outer loop
      vertex 2.3189092098712223 10.810222248733044 3.168116854904518
      vertex 2.285577752631454 10.802566538751126 3.148872929094658
      vertex 2.918909208381109 10.810222248733044 2.1288863729441445
    endloop
  endfacet
  facet normal 0.05664070573021177 -0.9978589282087147 0.03270152670042817
    outer loop
      vertex 2.285577752631454 10.802566538751126 3.148872929094658
      vertex 2.25166605113003 10.8 3.129293999104128
      vertex 2.8855777511413407 10.802566538751126 2.1096424471342843
    endloop
  endfacet
  facet normal 0.7200738115550095 -0.5555702246792814 0.41573480893768483
    outer loop
      vertex 2.4577852961552935 10.917371566593648 3.248297000704632
      vertex 3.0577852946651802 10.917371566593648 2.209066518744258
      vertex 3.0766660520539517 10.949999998509885 2.2199673291051667
    endloop
  endfacet
  facet normal 0.8493849672165198 -0.19509032939159654 0.4903926394680796
    outer loop
      vertex 2.502620942597787 11.022354285418988 3.27418287324749
      vertex 3.1026209411076735 11.022354285418988 2.2349523912871163
      vertex 3.109250980436016 11.060842137038708 2.2387802462780755
    endloop
  endfacet
  facet normal 0.8200655682398997 -0.3214393956095404 0.4734650765764499
    outer loop
      vertex 2.4916969976567316 10.985194969177247 3.267875930695162
      vertex 3.0916969961666183 10.985194969177247 2.228645448734788
      vertex 3.1026209411076735 11.022354285418988 2.2349523912871163
    endloop
  endfacet
  facet normal 0.8641711812218535 -0.0654030534009546 0.49892946410435435
    outer loop
      vertex 2.5092509819261295 11.060842137038708 3.278010728238449
      vertex 3.109250980436016 11.060842137038708 2.2387802462780755
      vertex 3.111473668194293 11.099999997019768 2.240063515653638
    endloop
  endfacet
  facet normal 0.8660254037844385 0 0.5000000000000003
    outer loop
      vertex 2.511473669684406 11.099999997019768 3.279293997614012
      vertex 3.111473668194293 11.099999997019768 2.240063515653638
      vertex 3.111473668194293 11.2 2.240063515653638
    endloop
  endfacet
  facet normal 0.7767145741430559 -0.44228869955233396 0.4484363684649992
    outer loop
      vertex 2.476666053544065 10.949999998509885 3.2591978110655404
      vertex 3.0766660520539517 10.949999998509885 2.2199673291051667
      vertex 3.0916969961666183 10.985194969177247 2.228645448734788
    endloop
  endfacet
  facet normal 0.6511123919786679 -0.6593457899178724 0.37591991478158526
    outer loop
      vertex 2.4353777838565804 10.887867960333825 3.2353600174471
      vertex 3.035377782366467 10.887867960333825 2.196129535486726
      vertex 3.0577852946651802 10.917371566593648 2.209066518744258
    endloop
  endfacet
  facet normal 0.5710102039473036 -0.7518398295630603 0.3296728949589991
    outer loop
      vertex 2.409826911332331 10.86199399381876 3.2206082143171884
      vertex 3.009826909842218 10.86199399381876 2.1813777323568146
      vertex 3.035377782366467 10.887867960333825 2.196129535486726
    endloop
  endfacet
  facet normal 0.48113792815835305 -0.8314696178754718 0.27778511233956416
    outer loop
      vertex 2.381569860407211 10.840192373096944 3.20429399835907
      vertex 2.981569858917098 10.840192373096944 2.165063516398696
      vertex 3.009826909842218 10.86199399381876 2.1813777323568146
    endloop
  endfacet
  facet normal 0.3830332496190931 -0.8968727369300042 0.22114434977616065
    outer loop
      vertex 2.3510901217238285 10.8228361338377 3.186696513025389
      vertex 2.951090120233715 10.8228361338377 2.147466031065015
      vertex 2.981569858917098 10.840192373096944 2.165063516398696
    endloop
  endfacet
  facet normal 0.2783746823749053 -0.946930153152928 0.16071969780472825
    outer loop
      vertex 2.3189092098712223 10.810222248733044 3.168116854904518
      vertex 2.918909208381109 10.810222248733044 2.1288863729441445
      vertex 2.951090120233715 10.8228361338377 2.147466031065015
    endloop
  endfacet
  facet normal 0.16895318128586637 -0.9807852789361426 0.09754516469583867
    outer loop
      vertex 2.285577752631454 10.802566538751126 3.148872929094658
      vertex 2.8855777511413407 10.802566538751126 2.1096424471342843
      vertex 2.918909208381109 10.810222248733044 2.1288863729441445
    endloop
  endfacet
  facet normal 0.05664070573021174 -0.9978589282087147 0.032701526700428155
    outer loop
      vertex 2.25166605113003 10.8 3.129293999104128
      vertex 2.851666049639917 10.8 2.0900635171437543
      vertex 2.8855777511413407 10.802566538751126 2.1096424471342843
    endloop
  endfacet
  facet normal -0.4999999999999967 6.29780609969725e-14 0.8660254037844406
    outer loop
      vertex 2.502620942597787 11.022354285418988 3.27418287324749
      vertex 0 11.099999997019768 1.82929399835907
      vertex 2.4916969976567316 10.985194969177247 3.267875930695162
    endloop
  endfacet
  facet normal -0.4999999999999993 1.848397936285781e-14 0.866025403784439
    outer loop
      vertex 2.4916969976567316 10.985194969177247 3.267875930695162
      vertex 0.00222268775827672 11.060842137038708 1.8305772677346326
      vertex 2.476666053544065 10.949999998509885 3.2591978110655404
    endloop
  endfacet
  facet normal -0.49999999999999817 7.996288753129717e-16 0.8660254037844397
    outer loop
      vertex 2.502620942597787 11.022354285418988 3.27418287324749
      vertex 2.511473669684406 11.2 3.279293997614012
      vertex 0 11.099999997019768 1.82929399835907
    endloop
  endfacet
  facet normal -0.5000000000000008 -7.363304649409834e-15 0.8660254037844382
    outer loop
      vertex 2.4577852961552935 10.917371566593648 3.248297000704632
      vertex 0.019776672027674636 10.985194969177247 1.8407120652779199
      vertex 2.4353777838565804 10.887867960333825 3.2353600174471
    endloop
  endfacet
  facet normal -0.5000000000000047 -2.0471164324952517e-13 0.8660254037844359
    outer loop
      vertex 2.4353777838565804 10.887867960333825 3.2353600174471
      vertex 0.034807616140341224 10.949999998509885 1.8493901849075414
      vertex 2.409826911332331 10.86199399381876 3.2206082143171884
    endloop
  endfacet
  facet normal -0.49999999999999667 1.7732907473471066e-13 0.8660254037844407
    outer loop
      vertex 2.409826911332331 10.86199399381876 3.2206082143171884
      vertex 0.05368837352911271 10.917371566593648 1.8602909952684499
      vertex 2.381569860407211 10.840192373096944 3.20429399835907
    endloop
  endfacet
  facet normal -0.5000000000000016 -3.1881278866484265e-14 0.8660254037844379
    outer loop
      vertex 2.381569860407211 10.840192373096944 3.20429399835907
      vertex 0.07609588582782578 10.887867960333825 1.873227978525982
      vertex 2.3510901217238285 10.8228361338377 3.186696513025389
    endloop
  endfacet
  facet normal -0.4999999999999997 -5.515619424342024e-14 0.8660254037844388
    outer loop
      vertex 2.3510901217238285 10.8228361338377 3.186696513025389
      vertex 0.10164675835207504 10.86199399381876 1.8879797816558934
      vertex 2.3189092098712223 10.810222248733044 3.168116854904518
    endloop
  endfacet
  facet normal -0.4999999999999974 2.653133297156135e-13 0.8660254037844402
    outer loop
      vertex 2.3189092098712223 10.810222248733044 3.168116854904518
      vertex 0.12990380927719514 10.840192373096944 1.9042939976140119
      vertex 2.285577752631454 10.802566538751126 3.148872929094658
    endloop
  endfacet
  facet normal -0.5000000000000105 -1.4020824041257059e-12 0.8660254037844325
    outer loop
      vertex 2.285577752631454 10.802566538751126 3.148872929094658
      vertex 0.16038354796057774 10.8228361338377 1.921891482947693
      vertex 2.25166605113003 10.8 3.129293999104128
    endloop
  endfacet
  facet normal -0.49999999999999756 7.044939084297737e-14 0.86602540378444
    outer loop
      vertex 2.476666053544065 10.949999998509885 3.2591978110655404
      vertex 0.008852727086619439 11.022354285418988 1.8344051227255918
      vertex 2.4577852961552935 10.917371566593648 3.248297000704632
    endloop
  endfacet
  facet normal 0 -1 0
    outer loop
      vertex 2.25166605113003 10.8 3.129293999104128
      vertex 0.25980761855437606 10.8 1.9792939968689538
      vertex 2.851666049639917 10.8 2.0900635171437543
    endloop
  endfacet
  facet normal 0 -1 0
    outer loop
      vertex 2.851666049639917 10.8 2.0900635171437543
      vertex 0.25980761855437606 10.8 1.9792939968689538
      vertex 2.59765969760295 10.8 2.0300154183565127
    endloop
  endfacet
  facet normal -1.137779775367222e-14 -1 4.8128632879193234e-14
    outer loop
      vertex 2.851666049639917 10.8 2.0900635171437543
      vertex 2.59765969760295 10.8 2.0300154183565127
      vertex 2.6351596961128365 10.799999999999997 1.9650635156536325
    endloop
  endfacet
  facet normal -0.49999999999999734 -2.63163968074069e-14 0.8660254037844403
    outer loop
      vertex 2.511473669684406 11.2 3.279293997614012
      vertex 1.342339373284915 11.2 2.6042939968689467
      vertex 0 11.099999997019768 1.82929399835907
    endloop
  endfacet
  facet normal -0.49999999999999806 2.0777276781385143e-13 0.8660254037844397
    outer loop
      vertex 2.25166605113003 10.8 3.129293999104128
      vertex 0.19256445981318393 10.810222248733044 1.9404711410685636
      vertex 0.25980761855437606 10.8 1.9792939968689538
    endloop
  endfacet
  facet normal -0.49999999999999867 5.998875277697488e-14 0.8660254037844394
    outer loop
      vertex 2.25166605113003 10.8 3.129293999104128
      vertex 0.16038354796057774 10.8228361338377 1.921891482947693
      vertex 0.19256445981318393 10.810222248733044 1.9404711410685636
    endloop
  endfacet
  facet normal -0.5000000000000003 3.18129310351743e-14 0.8660254037844385
    outer loop
      vertex 2.285577752631454 10.802566538751126 3.148872929094658
      vertex 0.12990380927719514 10.840192373096944 1.9042939976140119
      vertex 0.16038354796057774 10.8228361338377 1.921891482947693
    endloop
  endfacet
  facet normal -0.5000000000000019 -1.8049440344185522e-13 0.8660254037844375
    outer loop
      vertex 2.3189092098712223 10.810222248733044 3.168116854904518
      vertex 0.10164675835207504 10.86199399381876 1.8879797816558934
      vertex 0.12990380927719514 10.840192373096944 1.9042939976140119
    endloop
  endfacet
  facet normal -0.4999999999999962 2.218744730678e-13 0.8660254037844408
    outer loop
      vertex 2.3510901217238285 10.8228361338377 3.186696513025389
      vertex 0.07609588582782578 10.887867960333825 1.873227978525982
      vertex 0.10164675835207504 10.86199399381876 1.8879797816558934
    endloop
  endfacet
  facet normal -0.5000000000000008 5.744344907735738e-15 0.8660254037844382
    outer loop
      vertex 2.381569860407211 10.840192373096944 3.20429399835907
      vertex 0.05368837352911271 10.917371566593648 1.8602909952684499
      vertex 0.07609588582782578 10.887867960333825 1.873227978525982
    endloop
  endfacet
  facet normal -0.5000000000000246 4.628026504296894e-13 0.8660254037844244
    outer loop
      vertex 1.342339373284915 11.2 2.6042939968689467
      vertex 1.2971237712830117 11.203422051668166 2.5781887568815733
      vertex 0 11.099999997019768 1.82929399835907
    endloop
  endfacet
  facet normal -0.49999999999998995 -1.1724186745644856e-13 0.8660254037844445
    outer loop
      vertex 1.2971237712830117 11.203422051668166 2.5781887568815733
      vertex 1.2526818239950614 11.213629667460918 2.552530186651566
      vertex 0 11.099999997019768 1.82929399835907
    endloop
  endfacet
  facet normal 0 -1 0
    outer loop
      vertex 2.59765969760295 10.8 2.0300154183565127
      vertex 0.25980761855437606 10.8 1.9792939968689538
      vertex 1.0388139707909687 10.8 1.130015418356514
    endloop
  endfacet
  facet normal -0.500000000000001 -7.607505284648946e-14 0.866025403784438
    outer loop
      vertex 2.409826911332331 10.86199399381876 3.2206082143171884
      vertex 0.034807616140341224 10.949999998509885 1.8493901849075414
      vertex 0.05368837352911271 10.917371566593648 1.8602909952684499
    endloop
  endfacet
  facet normal -0.5000000000000011 -1.841166704935422e-14 0.866025403784438
    outer loop
      vertex 2.4353777838565804 10.887867960333825 3.2353600174471
      vertex 0.019776672027674636 10.985194969177247 1.8407120652779199
      vertex 0.034807616140341224 10.949999998509885 1.8493901849075414
    endloop
  endfacet
  facet normal -0.500000000000002 -6.420302595852666e-14 0.8660254037844374
    outer loop
      vertex 2.4577852961552935 10.917371566593648 3.248297000704632
      vertex 0.008852727086619439 11.022354285418988 1.8344051227255918
      vertex 0.019776672027674636 10.985194969177247 1.8407120652779199
    endloop
  endfacet
  facet normal -0.4999999999999978 6.104571010118496e-14 0.8660254037844399
    outer loop
      vertex 2.476666053544065 10.949999998509885 3.2591978110655404
      vertex 0.00222268775827672 11.060842137038708 1.8305772677346326
      vertex 0.008852727086619439 11.022354285418988 1.8344051227255918
    endloop
  endfacet
  facet normal -0.5000000000000011 -6.718509011528734e-14 0.8660254037844382
    outer loop
      vertex 2.4916969976567316 10.985194969177247 3.267875930695162
      vertex 0 11.099999997019768 1.82929399835907
      vertex 0.00222268775827672 11.060842137038708 1.8305772677346326
    endloop
  endfacet
  facet normal -0.4999999999999978 -2.3162547979204097e-15 0.8660254037844398
    outer loop
      vertex 1.2526818239950614 11.213629667460918 2.552530186651566
      vertex 1.2097739458265124 11.23044818341732 2.527757311640599
      vertex 0 11.099999997019768 1.82929399835907
    endloop
  endfacet
  facet normal -0.49999999999999006 -9.934959150535914e-14 0.8660254037844445
    outer loop
      vertex 1.2097739458265124 11.23044818341732 2.527757311640599
      vertex 1.169134289947067 11.253589835762977 2.5042939953788306
      vertex 0 11.099999997019768 1.82929399835907
    endloop
  endfacet
  facet normal -0.5000000000000056 5.907720688855029e-14 0.8660254037844355
    outer loop
      vertex 1.169134289947067 11.253589835762977 2.5042939953788306
      vertex 1.1314582306501109 11.282658663392066 2.4825417124017264
      vertex 0 11.099999997019768 1.82929399835907
    endloop
  endfacet
  facet normal -0.5000000000000062 6.526240614623065e-14 0.866025403784435
    outer loop
      vertex 1.1314582306501109 11.282658663392066 2.4825417124017264
      vertex 1.097390400617769 11.317157287895679 2.4628726415618445
      vertex 0 11.099999997019768 1.82929399835907
    endloop
  endfacet
  facet normal -0.4999999999999882 -5.657439583282156e-14 0.8660254037844455
    outer loop
      vertex 1.097390400617769 11.317157287895679 2.4628726415618445
      vertex 1.067513715402015 11.356495429575443 2.4456233293100382
      vertex 0 11.099999997019768 1.82929399835907
    endloop
  endfacet
  facet normal -0.500000000000013 8.096775174969625e-14 0.866025403784431
    outer loop
      vertex 1.067513715402015 11.356495429575443 2.4456233293100382
      vertex 1.0423393722170005 11.399999995529651 2.4310889154954936
      vertex 0 11.099999997019768 1.82929399835907
    endloop
  endfacet
  facet normal -0.5000000000000001 0 0.8660254037844385
    outer loop
      vertex 0.9959292130616149 11.599999998509883 2.4042939976140048
      vertex 0.9959292130616149 11.999999995529652 2.4042939976140048
      vertex 0.25980761855437606 11.999999995529652 1.9792939968689538
    endloop
  endfacet
  facet normal -0.49999999999999967 -1.8734678817859577e-14 0.8660254037844388
    outer loop
      vertex 1.0423393722170005 11.399999995529651 2.4310889154954936
      vertex 1.0222981134001117 11.446926628053188 2.419518089322665
      vertex 0 11.699999998509885 1.82929399835907
    endloop
  endfacet
  facet normal -0.49999999999999345 2.0805983150745238e-14 0.8660254037844424
    outer loop
      vertex 1.0222981134001117 11.446926628053188 2.419518089322665
      vertex 1.0077328513279156 11.496472378075122 2.411108831344464
      vertex 0.00222268775827672 11.739157858490945 1.8305772677346326
    endloop
  endfacet
  facet normal -0.5000000000000153 -9.397535456572882e-14 0.8660254037844298
    outer loop
      vertex 1.0077328513279156 11.496472378075122 2.411108831344464
      vertex 0.9988927967393124 11.547789518535136 2.4060050234480883
      vertex 0.008852727086619439 11.777645710110665 1.8344051227255918
    endloop
  endfacet
  facet normal -0.5000000000000021 -1.8550950115870638e-14 0.8660254037844374
    outer loop
      vertex 0.9988927967393124 11.547789518535136 2.4060050234480883
      vertex 0.9959292130616149 11.599999998509883 2.4042939976140048
      vertex 0.008852727086619439 11.777645710110665 1.8344051227255918
    endloop
  endfacet
  facet normal -0.5000000000000793 -1.9286908862023256e-13 0.8660254037843929
    outer loop
      vertex 0.9959292130616149 11.599999998509883 2.4042939976140048
      vertex 0.25980761855437606 11.999999995529652 1.9792939968689538
      vertex 0.2258959170529522 11.997433456778527 1.9597150668784238
    endloop
  endfacet
  facet normal -0.5000000000000046 -2.8169084168527256e-15 0.8660254037844359
    outer loop
      vertex 0.9959292130616149 11.599999998509883 2.4042939976140048
      vertex 0.07609588582782578 11.912132035195828 1.873227978525982
      vertex 0.05368837352911271 11.882628428936005 1.8602909952684499
    endloop
  endfacet
  facet normal -0.4999999999999682 9.29225276239236e-14 0.8660254037844569
    outer loop
      vertex 0.9959292130616149 11.599999998509883 2.4042939976140048
      vertex 0.2258959170529522 11.997433456778527 1.9597150668784238
      vertex 0.19256445981318393 11.989777746796609 1.9404711410685636
    endloop
  endfacet
  facet normal -0.50000000000001 -2.1199525758360082e-14 0.8660254037844329
    outer loop
      vertex 0.9959292130616149 11.599999998509883 2.4042939976140048
      vertex 0.19256445981318393 11.989777746796609 1.9404711410685636
      vertex 0.16038354796057774 11.977163861691952 1.921891482947693
    endloop
  endfacet
  facet normal -0.5000000000000073 -1.6642440116973833e-14 0.8660254037844345
    outer loop
      vertex 0.9959292130616149 11.599999998509883 2.4042939976140048
      vertex 0.16038354796057774 11.977163861691952 1.921891482947693
      vertex 0.12990380927719514 11.95980762243271 1.9042939976140119
    endloop
  endfacet
  facet normal -0.49999999999996514 1.2246964153313895e-13 0.8660254037844587
    outer loop
      vertex 0.9959292130616149 11.599999998509883 2.4042939976140048
      vertex 0.12990380927719514 11.95980762243271 1.9042939976140119
      vertex 0.10164675835207504 11.938006001710892 1.8879797816558934
    endloop
  endfacet
  facet normal -0.5000000000000431 -1.543212442882827e-13 0.8660254037844137
    outer loop
      vertex 0.9959292130616149 11.599999998509883 2.4042939976140048
      vertex 0.10164675835207504 11.938006001710892 1.8879797816558934
      vertex 0.07609588582782578 11.912132035195828 1.873227978525982
    endloop
  endfacet
  facet normal 0 1 0
    outer loop
      vertex 0.9959292130616149 11.999999995529652 2.4042939976140048
      vertex 0.8598076170642628 11.999999995529652 0.9400635149085801
      vertex 0.25980761855437606 11.999999995529652 1.9792939968689538
    endloop
  endfacet
  facet normal 0 1 0
    outer loop
      vertex 0.9959292130616149 11.999999995529652 2.4042939976140048
      vertex 1.5959292115715016 11.999999995529652 1.365063515653631
      vertex 0.8598076170642628 11.999999995529652 0.9400635149085801
    endloop
  endfacet
  facet normal 0 -1 0
    outer loop
      vertex 1.0388139707909687 10.8 1.130015418356514
      vertex 0.8598076170642628 10.8 0.9400635149085801
      vertex 1.0763139693008554 10.8 1.0650635156536339
    endloop
  endfacet
  facet normal -0.5000000000001583 -1.1996307220191337e-12 0.8660254037843472
    outer loop
      vertex 0.25980761855437606 10.8 1.9792939968689538
      vertex 0.19256445981318393 10.810222248733044 1.9404711410685636
      vertex 0.2258959170529522 10.802566538751126 1.9597150668784238
    endloop
  endfacet
  facet normal -0.05664070573021177 -0.9978589282087147 -0.03270152670042817
    outer loop
      vertex 0.25980761855437606 10.8 1.9792939968689538
      vertex 0.2258959170529522 10.802566538751126 1.9597150668784238
      vertex 0.8598076170642628 10.8 0.9400635149085801
    endloop
  endfacet
  facet normal -0.16895318128586628 -0.9807852789361425 -0.09754516469583861
    outer loop
      vertex 0.2258959170529522 10.802566538751126 1.9597150668784238
      vertex 0.19256445981318393 10.810222248733044 1.9404711410685636
      vertex 0.8258959155628389 10.802566538751126 0.9204845849180501
    endloop
  endfacet
  facet normal -0.27837468237490515 -0.946930153152928 -0.16071969780472817
    outer loop
      vertex 0.19256445981318393 10.810222248733044 1.9404711410685636
      vertex 0.16038354796057774 10.8228361338377 1.921891482947693
      vertex 0.7925644583230707 10.810222248733044 0.9012406591081898
    endloop
  endfacet
  facet normal -0.38303324961909346 -0.896872736930004 -0.22114434977616088
    outer loop
      vertex 0.16038354796057774 10.8228361338377 1.921891482947693
      vertex 0.12990380927719514 10.840192373096944 1.9042939976140119
      vertex 0.7603835464704645 10.8228361338377 0.8826610009873193
    endloop
  endfacet
  facet normal -0.4999999999999956 0 0.8660254037844413
    outer loop
      vertex 1.0423393722170005 11.399999995529651 2.4310889154954936
      vertex 0 11.699999998509885 1.82929399835907
      vertex 0 11.099999997019768 1.82929399835907
    endloop
  endfacet
  facet normal -0.49999999999998423 6.158254177061603e-14 0.8660254037844478
    outer loop
      vertex 1.0222981134001117 11.446926628053188 2.419518089322665
      vertex 0.00222268775827672 11.739157858490945 1.8305772677346326
      vertex 0 11.699999998509885 1.82929399835907
    endloop
  endfacet
  facet normal -0.500000000000008 -5.724673506518602e-14 0.8660254037844339
    outer loop
      vertex 1.0077328513279156 11.496472378075122 2.411108831344464
      vertex 0.008852727086619439 11.777645710110665 1.8344051227255918
      vertex 0.00222268775827672 11.739157858490945 1.8305772677346326
    endloop
  endfacet
  facet normal -0.4999999999999894 6.395648872122258e-14 0.8660254037844447
    outer loop
      vertex 0.9959292130616149 11.599999998509883 2.4042939976140048
      vertex 0.05368837352911271 11.882628428936005 1.8602909952684499
      vertex 0.034807616140341224 11.849999997019768 1.8493901849075414
    endloop
  endfacet
  facet normal -0.49999999999999856 1.7907356645205257e-14 0.8660254037844394
    outer loop
      vertex 0.9959292130616149 11.599999998509883 2.4042939976140048
      vertex 0.034807616140341224 11.849999997019768 1.8493901849075414
      vertex 0.019776672027674636 11.814805026352406 1.8407120652779199
    endloop
  endfacet
  facet normal -0.4999999999999913 5.975076094099914e-14 0.8660254037844437
    outer loop
      vertex 0.9959292130616149 11.599999998509883 2.4042939976140048
      vertex 0.019776672027674636 11.814805026352406 1.8407120652779199
      vertex 0.008852727086619439 11.777645710110665 1.8344051227255918
    endloop
  endfacet
  facet normal -0.056640705730211766 0.9978589282087147 -0.03270152670042816
    outer loop
      vertex 0.25980761855437606 11.999999995529652 1.9792939968689538
      vertex 0.8258959155628389 11.997433456778527 0.9204845849180501
      vertex 0.2258959170529522 11.997433456778527 1.9597150668784238
    endloop
  endfacet
  facet normal -0.16895318128586634 0.9807852789361426 -0.09754516469583864
    outer loop
      vertex 0.2258959170529522 11.997433456778527 1.9597150668784238
      vertex 0.7925644583230707 11.989777746796609 0.9012406591081898
      vertex 0.19256445981318393 11.989777746796609 1.9404711410685636
    endloop
  endfacet
  facet normal -0.27837468237490515 0.946930153152928 -0.16071969780472817
    outer loop
      vertex 0.19256445981318393 11.989777746796609 1.9404711410685636
      vertex 0.7603835464704645 11.977163861691952 0.8826610009873193
      vertex 0.16038354796057774 11.977163861691952 1.921891482947693
    endloop
  endfacet
  facet normal -0.38303324961909346 0.896872736930004 -0.22114434977616088
    outer loop
      vertex 0.16038354796057774 11.977163861691952 1.921891482947693
      vertex 0.7299038077870819 11.95980762243271 0.8650635156536381
      vertex 0.12990380927719514 11.95980762243271 1.9042939976140119
    endloop
  endfacet
  facet normal -0.4811379281583524 -0.8314696178754724 -0.2777851123395638
    outer loop
      vertex 0.12990380927719514 10.840192373096944 1.9042939976140119
      vertex 0.10164675835207504 10.86199399381876 1.8879797816558934
      vertex 0.7299038077870819 10.840192373096944 0.8650635156536381
    endloop
  endfacet
  facet normal -0.5710102039473033 -0.7518398295630606 -0.3296728949589989
    outer loop
      vertex 0.10164675835207504 10.86199399381876 1.8879797816558934
      vertex 0.07609588582782578 10.887867960333825 1.873227978525982
      vertex 0.7016467568619618 10.86199399381876 0.8487492996955197
    endloop
  endfacet
  facet normal -0.6511123919786682 -0.6593457899178721 -0.3759199147815855
    outer loop
      vertex 0.07609588582782578 10.887867960333825 1.873227978525982
      vertex 0.05368837352911271 10.917371566593648 1.8602909952684499
      vertex 0.6760958843377125 10.887867960333825 0.8339974965656083
    endloop
  endfacet
  facet normal -0.7200738115550099 -0.5555702246792807 -0.4157348089376851
    outer loop
      vertex 0.05368837352911271 10.917371566593648 1.8602909952684499
      vertex 0.034807616140341224 10.949999998509885 1.8493901849075414
      vertex 0.6536883720389994 10.917371566593648 0.8210605133080762
    endloop
  endfacet
  facet normal -0.7767145741430557 -0.4422886995523344 -0.44843636846499907
    outer loop
      vertex 0.034807616140341224 10.949999998509885 1.8493901849075414
      vertex 0.019776672027674636 10.985194969177247 1.8407120652779199
      vertex 0.634807614650228 10.949999998509885 0.8101597029471677
    endloop
  endfacet
  facet normal -0.8200655682398995 -0.3214393956095415 -0.4734650765764497
    outer loop
      vertex 0.019776672027674636 10.985194969177247 1.8407120652779199
      vertex 0.008852727086619439 11.022354285418988 1.8344051227255918
      vertex 0.6197766705375614 10.985194969177247 0.8014815833175462
    endloop
  endfacet
  facet normal -0.8493849672165198 -0.19509032939159623 -0.4903926394680796
    outer loop
      vertex 0.008852727086619439 11.022354285418988 1.8344051227255918
      vertex 0.00222268775827672 11.060842137038708 1.8305772677346326
      vertex 0.6088527255965062 11.022354285418988 0.795174640765218
    endloop
  endfacet
  facet normal -0.8641711812218535 -0.06540305340095426 -0.49892946410435435
    outer loop
      vertex 0.00222268775827672 11.060842137038708 1.8305772677346326
      vertex 0 11.099999997019768 1.82929399835907
      vertex 0.6022226862681634 11.060842137038708 0.7913467857742589
    endloop
  endfacet
  facet normal -0.8660254037844385 0 -0.5000000000000003
    outer loop
      vertex 0 11.099999997019768 1.82929399835907
      vertex 0 11.699999998509885 1.82929399835907
      vertex 0.5999999985098867 11.099999997019768 0.7900635163986962
    endloop
  endfacet
  facet normal -0.4811379281583524 0.8314696178754724 -0.27778511233956377
    outer loop
      vertex 0.12990380927719514 11.95980762243271 1.9042939976140119
      vertex 0.7016467568619618 11.938006001710892 0.8487492996955197
      vertex 0.10164675835207504 11.938006001710892 1.8879797816558934
    endloop
  endfacet
  facet normal -0.5710102039473033 0.7518398295630606 -0.3296728949589989
    outer loop
      vertex 0.10164675835207504 11.938006001710892 1.8879797816558934
      vertex 0.6760958843377125 11.912132035195828 0.8339974965656083
      vertex 0.07609588582782578 11.912132035195828 1.873227978525982
    endloop
  endfacet
  facet normal -0.6511123919786682 0.6593457899178721 -0.3759199147815855
    outer loop
      vertex 0.07609588582782578 11.912132035195828 1.873227978525982
      vertex 0.6536883720389994 11.882628428936005 0.8210605133080762
      vertex 0.05368837352911271 11.882628428936005 1.8602909952684499
    endloop
  endfacet
  facet normal -0.7200738115550099 0.5555702246792806 -0.4157348089376851
    outer loop
      vertex 0.05368837352911271 11.882628428936005 1.8602909952684499
      vertex 0.634807614650228 11.849999997019768 0.8101597029471677
      vertex 0.034807616140341224 11.849999997019768 1.8493901849075414
    endloop
  endfacet
  facet normal -0.7767145741430557 0.4422886995523344 -0.44843636846499907
    outer loop
      vertex 0.034807616140341224 11.849999997019768 1.8493901849075414
      vertex 0.6197766705375614 11.814805026352406 0.8014815833175462
      vertex 0.019776672027674636 11.814805026352406 1.8407120652779199
    endloop
  endfacet
  facet normal -0.8493849672165198 0.19509032939159623 -0.4903926394680796
    outer loop
      vertex 0.008852727086619439 11.777645710110665 1.8344051227255918
      vertex 0.6022226862681634 11.739157858490945 0.7913467857742589
      vertex 0.00222268775827672 11.739157858490945 1.8305772677346326
    endloop
  endfacet
  facet normal -0.8200655682398995 0.3214393956095415 -0.4734650765764497
    outer loop
      vertex 0.019776672027674636 11.814805026352406 1.8407120652779199
      vertex 0.6088527255965062 11.777645710110665 0.795174640765218
      vertex 0.008852727086619439 11.777645710110665 1.8344051227255918
    endloop
  endfacet
  facet normal -0.8641711812218535 0.06540305340095426 -0.49892946410435435
    outer loop
      vertex 0 11.699999998509885 1.82929399835907
      vertex 0.00222268775827672 11.739157858490945 1.8305772677346326
      vertex 0.5999999985098867 11.699999998509885 0.7900635163986962
    endloop
  endfacet
  facet normal 0 -1 0
    outer loop
      vertex 1.0388139707909687 10.8 1.130015418356514
      vertex 0.25980761855437606 10.8 1.9792939968689538
      vertex 0.8598076170642628 10.8 0.9400635149085801
    endloop
  endfacet
  facet normal -0.05664070573021174 -0.9978589282087147 -0.032701526700428155
    outer loop
      vertex 0.2258959170529522 10.802566538751126 1.9597150668784238
      vertex 0.8258959155628389 10.802566538751126 0.9204845849180501
      vertex 0.8598076170642628 10.8 0.9400635149085801
    endloop
  endfacet
  facet normal -0.16895318128586637 -0.9807852789361426 -0.09754516469583867
    outer loop
      vertex 0.19256445981318393 10.810222248733044 1.9404711410685636
      vertex 0.7925644583230707 10.810222248733044 0.9012406591081898
      vertex 0.8258959155628389 10.802566538751126 0.9204845849180501
    endloop
  endfacet
  facet normal -0.2783746823749053 -0.946930153152928 -0.16071969780472825
    outer loop
      vertex 0.16038354796057774 10.8228361338377 1.921891482947693
      vertex 0.7603835464704645 10.8228361338377 0.8826610009873193
      vertex 0.7925644583230707 10.810222248733044 0.9012406591081898
    endloop
  endfacet
  facet normal -0.3830332496190931 -0.8968727369300042 -0.22114434977616065
    outer loop
      vertex 0.12990380927719514 10.840192373096944 1.9042939976140119
      vertex 0.7299038077870819 10.840192373096944 0.8650635156536381
      vertex 0.7603835464704645 10.8228361338377 0.8826610009873193
    endloop
  endfacet
  facet normal -0.05664070573021174 0.9978589282087147 -0.032701526700428155
    outer loop
      vertex 0.25980761855437606 11.999999995529652 1.9792939968689538
      vertex 0.8598076170642628 11.999999995529652 0.9400635149085801
      vertex 0.8258959155628389 11.997433456778527 0.9204845849180501
    endloop
  endfacet
  facet normal -0.16895318128586637 0.9807852789361426 -0.09754516469583867
    outer loop
      vertex 0.2258959170529522 11.997433456778527 1.9597150668784238
      vertex 0.8258959155628389 11.997433456778527 0.9204845849180501
      vertex 0.7925644583230707 11.989777746796609 0.9012406591081898
    endloop
  endfacet
  facet normal -0.27837468237490465 0.9469301531529281 -0.16071969780472786
    outer loop
      vertex 0.19256445981318393 11.989777746796609 1.9404711410685636
      vertex 0.7925644583230707 11.989777746796609 0.9012406591081898
      vertex 0.7603835464704645 11.977163861691952 0.8826610009873193
    endloop
  endfacet
  facet normal -0.3830332496190931 0.8968727369300042 -0.22114434977616065
    outer loop
      vertex 0.16038354796057774 11.977163861691952 1.921891482947693
      vertex 0.7603835464704645 11.977163861691952 0.8826610009873193
      vertex 0.7299038077870819 11.95980762243271 0.8650635156536381
    endloop
  endfacet
  facet normal -0.48113792815835305 -0.8314696178754718 -0.27778511233956416
    outer loop
      vertex 0.10164675835207504 10.86199399381876 1.8879797816558934
      vertex 0.7016467568619618 10.86199399381876 0.8487492996955197
      vertex 0.7299038077870819 10.840192373096944 0.8650635156536381
    endloop
  endfacet
  facet normal -0.5710102039473036 -0.7518398295630603 -0.3296728949589991
    outer loop
      vertex 0.07609588582782578 10.887867960333825 1.873227978525982
      vertex 0.6760958843377125 10.887867960333825 0.8339974965656083
      vertex 0.7016467568619618 10.86199399381876 0.8487492996955197
    endloop
  endfacet
  facet normal -0.6511123919786679 -0.6593457899178724 -0.37591991478158526
    outer loop
      vertex 0.05368837352911271 10.917371566593648 1.8602909952684499
      vertex 0.6536883720389994 10.917371566593648 0.8210605133080762
      vertex 0.6760958843377125 10.887867960333825 0.8339974965656083
    endloop
  endfacet
  facet normal -0.7200738115550095 -0.5555702246792814 -0.41573480893768483
    outer loop
      vertex 0.034807616140341224 10.949999998509885 1.8493901849075414
      vertex 0.634807614650228 10.949999998509885 0.8101597029471677
      vertex 0.6536883720389994 10.917371566593648 0.8210605133080762
    endloop
  endfacet
  facet normal -0.7767145741430559 -0.44228869955233396 -0.4484363684649992
    outer loop
      vertex 0.019776672027674636 10.985194969177247 1.8407120652779199
      vertex 0.6197766705375614 10.985194969177247 0.8014815833175462
      vertex 0.634807614650228 10.949999998509885 0.8101597029471677
    endloop
  endfacet
  facet normal -0.8200655682398997 -0.3214393956095404 -0.4734650765764499
    outer loop
      vertex 0.008852727086619439 11.022354285418988 1.8344051227255918
      vertex 0.6088527255965062 11.022354285418988 0.795174640765218
      vertex 0.6197766705375614 10.985194969177247 0.8014815833175462
    endloop
  endfacet
  facet normal -0.8493849672165198 -0.19509032939159654 -0.4903926394680796
    outer loop
      vertex 0.00222268775827672 11.060842137038708 1.8305772677346326
      vertex 0.6022226862681634 11.060842137038708 0.7913467857742589
      vertex 0.6088527255965062 11.022354285418988 0.795174640765218
    endloop
  endfacet
  facet normal -0.8641711812218535 -0.0654030534009546 -0.49892946410435435
    outer loop
      vertex 0 11.099999997019768 1.82929399835907
      vertex 0.5999999985098867 11.099999997019768 0.7900635163986962
      vertex 0.6022226862681634 11.060842137038708 0.7913467857742589
    endloop
  endfacet
  facet normal -0.4811379281583521 0.8314696178754726 -0.27778511233956366
    outer loop
      vertex 0.12990380927719514 11.95980762243271 1.9042939976140119
      vertex 0.7299038077870819 11.95980762243271 0.8650635156536381
      vertex 0.7016467568619618 11.938006001710892 0.8487492996955197
    endloop
  endfacet
  facet normal -0.5710102039473026 0.7518398295630613 -0.3296728949589985
    outer loop
      vertex 0.10164675835207504 11.938006001710892 1.8879797816558934
      vertex 0.7016467568619618 11.938006001710892 0.8487492996955197
      vertex 0.6760958843377125 11.912132035195828 0.8339974965656083
    endloop
  endfacet
  facet normal -0.6511123919786689 0.6593457899178711 -0.3759199147815859
    outer loop
      vertex 0.07609588582782578 11.912132035195828 1.873227978525982
      vertex 0.6760958843377125 11.912132035195828 0.8339974965656083
      vertex 0.6536883720389994 11.882628428936005 0.8210605133080762
    endloop
  endfacet
  facet normal -0.7200738115550105 0.5555702246792799 -0.41573480893768544
    outer loop
      vertex 0.05368837352911271 11.882628428936005 1.8602909952684499
      vertex 0.6536883720389994 11.882628428936005 0.8210605133080762
      vertex 0.634807614650228 11.849999997019768 0.8101597029471677
    endloop
  endfacet
  facet normal -0.7767145741430551 0.44228869955233585 -0.44843636846499874
    outer loop
      vertex 0.034807616140341224 11.849999997019768 1.8493901849075414
      vertex 0.634807614650228 11.849999997019768 0.8101597029471677
      vertex 0.6197766705375614 11.814805026352406 0.8014815833175462
    endloop
  endfacet
  facet normal -0.8660254037844385 0 -0.5000000000000003
    outer loop
      vertex 0 11.699999998509885 1.82929399835907
      vertex 0.5999999985098867 11.699999998509885 0.7900635163986962
      vertex 0.5999999985098867 11.099999997019768 0.7900635163986962
    endloop
  endfacet
  facet normal -0.8200655682398997 0.3214393956095404 -0.4734650765764499
    outer loop
      vertex 0.019776672027674636 11.814805026352406 1.8407120652779199
      vertex 0.6197766705375614 11.814805026352406 0.8014815833175462
      vertex 0.6088527255965062 11.777645710110665 0.795174640765218
    endloop
  endfacet
  facet normal -0.8493849672165198 0.19509032939159654 -0.4903926394680796
    outer loop
      vertex 0.008852727086619439 11.777645710110665 1.8344051227255918
      vertex 0.6088527255965062 11.777645710110665 0.795174640765218
      vertex 0.6022226862681634 11.739157858490945 0.7913467857742589
    endloop
  endfacet
  facet normal -0.8641711812218537 0.06540305340095226 -0.49892946410435446
    outer loop
      vertex 0.00222268775827672 11.739157858490945 1.8305772677346326
      vertex 0.6022226862681634 11.739157858490945 0.7913467857742589
      vertex 0.5999999985098867 11.699999998509885 0.7900635163986962
    endloop
  endfacet
  facet normal -0.500000000000006 0 0.8660254037844352
    outer loop
      vertex 3.4145825608093077 2.7999999970197678 2.415063516398689
      vertex 3.111473668194293 2.899999998509884 2.240063515653638
      vertex 3.111473668194293 2.7999999970197678 2.240063515653638
    endloop
  endfacet
  facet normal -0.5000000000000222 -6.552650172165736e-14 0.8660254037844257
    outer loop
      vertex 3.4145825608093077 2.7999999970197678 2.415063516398689
      vertex 3.109250980436016 2.939157858490944 2.2387802462780755
      vertex 3.111473668194293 2.899999998509884 2.240063515653638
    endloop
  endfacet
  facet normal -0.4999999999999774 6.548128006888381e-14 0.8660254037844517
    outer loop
      vertex 3.4145825608093077 2.7999999970197678 2.415063516398689
      vertex 3.1026209411076735 2.9776457101106644 2.2349523912871163
      vertex 3.109250980436016 2.939157858490944 2.2387802462780755
    endloop
  endfacet
  facet normal -0.5000000000000397 -7.969435349208622e-14 0.8660254037844157
    outer loop
      vertex 3.4145825608093077 2.7999999970197678 2.415063516398689
      vertex 3.0916969961666183 3.0148050263524055 2.228645448734788
      vertex 3.1026209411076735 2.9776457101106644 2.2349523912871163
    endloop
  endfacet
  facet normal 0.8660254037844552 0 0.49999999999997113
    outer loop
      vertex 3.6743901806541714 2.663278571950727 2.565063515653634
      vertex 3.749390182144282 2.663278571950727 2.435159702505011
      vertex 3.749390182144282 11.33672142506904 2.435159702505011
    endloop
  endfacet
  facet normal -0.49999999999970574 9.164735006402282e-15 0.8660254037846086
    outer loop
      vertex 3.6743901806541714 2.663278571950727 2.565063515653634
      vertex 3.459798162811211 11.203422051668166 2.4411687563860625
      vertex 3.6595315334764535 2.6828427091240883 2.5564848717057913
    endloop
  endfacet
  facet normal -0.5000000000000573 -1.8691563137667198e-15 0.8660254037844056
    outer loop
      vertex 3.6595315334764535 2.6828427091240883 2.5564848717057913
      vertex 3.4145825608093077 11.2 2.415063516398689
      vertex 3.6254637034441117 2.717341333627701 2.5368158008659094
    endloop
  endfacet
  facet normal -0.5000000000000405 -1.3107860689582864e-15 0.8660254037844152
    outer loop
      vertex 3.6254637034441117 2.717341333627701 2.5368158008659094
      vertex 3.4145825608093077 11.2 2.415063516398689
      vertex 3.5877876441471557 2.74641016125679 2.5150635178888052
    endloop
  endfacet
  facet normal -0.49999999999994704 1.245503207603773e-15 0.8660254037844692
    outer loop
      vertex 3.5877876441471557 2.74641016125679 2.5150635178888052
      vertex 3.4145825608093077 11.2 2.415063516398689
      vertex 3.54714798826771 2.7695518136024475 2.491600201627037
    endloop
  endfacet
  facet normal -0.49999999999999706 1.932724700777514e-16 0.8660254037844403
    outer loop
      vertex 3.54714798826771 2.7695518136024475 2.491600201627037
      vertex 3.4145825608093077 11.2 2.415063516398689
      vertex 3.504240110099161 2.7863703295588493 2.4668273266160696
    endloop
  endfacet
  facet normal -0.49999999999996964 5.829982560694907e-16 0.8660254037844561
    outer loop
      vertex 3.504240110099161 2.7863703295588493 2.4668273266160696
      vertex 3.4145825608093077 11.2 2.415063516398689
      vertex 3.459798162811211 2.7965779453516006 2.4411687563860625
    endloop
  endfacet
  facet normal -0.500000000000051 0 0.8660254037844092
    outer loop
      vertex 3.459798162811211 2.7965779453516006 2.4411687563860625
      vertex 3.4145825608093077 11.2 2.415063516398689
      vertex 3.4145825608093077 2.7999999970197678 2.415063516398689
    endloop
  endfacet
  facet normal -0.4999999999999998 9.950501287411554e-18 0.8660254037844387
    outer loop
      vertex 3.4145825608093077 2.7999999970197678 2.415063516398689
      vertex 2.6351596961128365 10.799999999999997 1.9650635156536325
      vertex 3.0916969961666183 3.0148050263524055 2.228645448734788
    endloop
  endfacet
  facet normal -0.4999999999999615 2.9986463794372556e-15 0.8660254037844609
    outer loop
      vertex 3.0916969961666183 3.0148050263524055 2.228645448734788
      vertex 2.6351596961128365 10.799999999999997 1.9650635156536325
      vertex 3.0766660520539517 3.0499999970197678 2.2199673291051667
    endloop
  endfacet
  facet normal -0.49999999999989597 7.97163847114949e-15 0.8660254037844988
    outer loop
      vertex 3.0766660520539517 3.0499999970197678 2.2199673291051667
      vertex 2.6351596961128365 10.799999999999997 1.9650635156536325
      vertex 3.0577852946651802 3.0826284289360046 2.209066518744258
    endloop
  endfacet
  facet normal -0.5000000000000082 -2.2470380784427457e-16 0.8660254037844339
    outer loop
      vertex 3.0577852946651802 3.0826284289360046 2.209066518744258
      vertex 2.6351596961128365 10.799999999999997 1.9650635156536325
      vertex 3.035377782366467 3.1121320351958275 2.196129535486726
    endloop
  endfacet
  facet normal -0.5000000000001688 -1.1367684249770274e-14 0.8660254037843411
    outer loop
      vertex 3.035377782366467 3.1121320351958275 2.196129535486726
      vertex 2.6351596961128365 10.799999999999997 1.9650635156536325
      vertex 3.009826909842218 3.1380060017108917 2.1813777323568146
    endloop
  endfacet
  facet normal -0.49999999999989003 6.807168034796194e-15 0.8660254037845022
    outer loop
      vertex 3.009826909842218 3.1380060017108917 2.1813777323568146
      vertex 2.6351596961128365 10.799999999999997 1.9650635156536325
      vertex 2.981569858917098 3.1598076224327087 2.165063516398696
    endloop
  endfacet
  facet normal -0.5000000000000154 -7.748030654950351e-16 0.8660254037844298
    outer loop
      vertex 2.981569858917098 3.1598076224327087 2.165063516398696
      vertex 2.6351596961128365 10.799999999999997 1.9650635156536325
      vertex 2.951090120233715 3.1771638616919518 2.147466031065015
    endloop
  endfacet
  facet normal -0.5000000000000162 -8.155120719258632e-16 0.8660254037844293
    outer loop
      vertex 2.951090120233715 3.1771638616919518 2.147466031065015
      vertex 2.6351596961128365 10.799999999999997 1.9650635156536325
      vertex 2.918909208381109 3.189777746796608 2.1288863729441445
    endloop
  endfacet
  facet normal -0.49999999999999306 0 0.8660254037844427
    outer loop
      vertex 2.851666049639917 3.1999999955296516 2.0900635171437543
      vertex 2.6351596961128365 3.1999999999999993 1.9650635156536325
      vertex 2.6351596961128365 3.1999999955296516 1.9650635156536325
    endloop
  endfacet
  facet normal -0.49999999999995126 2.4133808369340345e-15 0.8660254037844668
    outer loop
      vertex 2.918909208381109 3.189777746796608 2.1288863729441445
      vertex 2.6351596961128365 10.799999999999997 1.9650635156536325
      vertex 2.8855777511413407 3.1974334567785263 2.1096424471342843
    endloop
  endfacet
  facet normal -0.5000000000000905 -3.700681399458705e-15 0.8660254037843865
    outer loop
      vertex 2.8855777511413407 3.1974334567785263 2.1096424471342843
      vertex 2.6351596961128365 10.799999999999997 1.9650635156536325
      vertex 2.851666049639917 3.1999999955296516 2.0900635171437543
    endloop
  endfacet
  facet normal -0.499999999999993 0 0.8660254037844426
    outer loop
      vertex 2.851666049639917 3.1999999955296516 2.0900635171437543
      vertex 2.6351596961128365 10.799999999999997 1.9650635156536325
      vertex 2.6351596961128365 3.1999999999999993 1.9650635156536325
    endloop
  endfacet
  facet normal 0.8660254037844377 0 0.5000000000000016
    outer loop
      vertex 3.749390182144282 2 2.435159702505011
      vertex 4.8493901813992295 2 0.5299038154697229
      vertex 3.749390182144282 2.663278571950727 2.435159702505011
    endloop
  endfacet
  facet normal 0 -1 0
    outer loop
      vertex 3.749390182144282 2 2.435159702505011
      vertex 3.9315698585385945 2 4.998426561542146e-9
      vertex 4.8493901813992295 2 0.5299038154697229
    endloop
  endfacet
  facet normal 0.8660254037844377 0 0.5000000000000017
    outer loop
      vertex 3.749390182144282 2.663278571950727 2.435159702505011
      vertex 4.8493901813992295 2 0.5299038154697229
      vertex 3.749390182144282 11.33672142506904 2.435159702505011
    endloop
  endfacet
  facet normal 0.49999999999999967 0 -0.8660254037844389
    outer loop
      vertex 4.8493901813992295 2 0.5299038154697229
      vertex 3.9315698585385945 2 4.998426561542146e-9
      vertex 4.8493901813992295 12 0.5299038154697229
    endloop
  endfacet
  facet normal 0 -1 0
    outer loop
      vertex 3.749390182144282 2 2.435159702505011
      vertex 1.670929213061612 2 1.2351597025050083
      vertex 3.9315698585385945 2 4.998426561542146e-9
    endloop
  endfacet
  facet normal -0.5000000000000553 -7.794047931453394e-16 0.8660254037844067
    outer loop
      vertex 3.6743901806541714 2.663278571950727 2.565063515653634
      vertex 3.6595315334764535 11.317157287895679 2.5564848717057913
      vertex 3.6254637034441117 11.282658663392066 2.5368158008659094
    endloop
  endfacet
  facet normal -0.4999999999997149 0 0.8660254037846032
    outer loop
      vertex 3.6743901806541714 2.663278571950727 2.565063515653634
      vertex 3.6743901806541714 11.33672142506904 2.565063515653634
      vertex 3.6595315334764535 11.317157287895679 2.5564848717057913
    endloop
  endfacet
  facet normal 0.8660254037844552 0 0.49999999999997113
    outer loop
      vertex 3.6743901806541714 2.663278571950727 2.565063515653634
      vertex 3.749390182144282 11.33672142506904 2.435159702505011
      vertex 3.6743901806541714 11.33672142506904 2.565063515653634
    endloop
  endfacet
  facet normal -0.5000000000000393 -6.586543392158604e-16 0.8660254037844158
    outer loop
      vertex 3.6743901806541714 2.663278571950727 2.565063515653634
      vertex 3.6254637034441117 11.282658663392066 2.5368158008659094
      vertex 3.5877876441471557 11.253589835762977 2.5150635178888052
    endloop
  endfacet
  facet normal -0.4999999999999479 5.733512072768764e-16 0.8660254037844688
    outer loop
      vertex 3.6743901806541714 2.663278571950727 2.565063515653634
      vertex 3.5877876441471557 11.253589835762977 2.5150635178888052
      vertex 3.54714798826771 11.23044818341732 2.491600201627037
    endloop
  endfacet
  facet normal -0.4999999999999969 -4.063174870990203e-16 0.8660254037844404
    outer loop
      vertex 3.6743901806541714 2.663278571950727 2.565063515653634
      vertex 3.54714798826771 11.23044818341732 2.491600201627037
      vertex 3.504240110099161 11.213629667460918 2.4668273266160696
    endloop
  endfacet
  facet normal -0.4999999999999701 3.1484250153852153e-16 0.8660254037844559
    outer loop
      vertex 3.6743901806541714 2.663278571950727 2.565063515653634
      vertex 3.504240110099161 11.213629667460918 2.4668273266160696
      vertex 3.459798162811211 11.203422051668166 2.4411687563860625
    endloop
  endfacet
  facet normal -0.5000000000000505 -1.6192987241670387e-15 0.8660254037844094
    outer loop
      vertex 3.6595315334764535 2.6828427091240883 2.5564848717057913
      vertex 3.459798162811211 11.203422051668166 2.4411687563860625
      vertex 3.4145825608093077 11.2 2.415063516398689
    endloop
  endfacet
  facet normal -0.5000000000000061 0 0.8660254037844353
    outer loop
      vertex 3.4145825608093077 2.7999999970197678 2.415063516398689
      vertex 3.4145825608093077 11.2 2.415063516398689
      vertex 3.111473668194293 11.2 2.240063515653638
    endloop
  endfacet
  facet normal -0.5000000000002155 -1.0659636318937944e-14 0.8660254037843141
    outer loop
      vertex 3.4145825608093077 2.7999999970197678 2.415063516398689
      vertex 3.109250980436016 11.060842137038708 2.2387802462780755
      vertex 3.1026209411076735 11.022354285418988 2.2349523912871163
    endloop
  endfacet
  facet normal -0.49999999999996797 1.6096807980921046e-15 0.866025403784457
    outer loop
      vertex 3.4145825608093077 2.7999999970197678 2.415063516398689
      vertex 3.0916969961666183 10.985194969177247 2.228645448734788
      vertex 3.0766660520539517 10.949999998509885 2.2199673291051667
    endloop
  endfacet
  facet normal -0.4999999999998557 7.584692240472108e-15 0.8660254037845219
    outer loop
      vertex 3.4145825608093077 2.7999999970197678 2.415063516398689
      vertex 3.1026209411076735 11.022354285418988 2.2349523912871163
      vertex 3.0916969961666183 10.985194969177247 2.228645448734788
    endloop
  endfacet
  facet normal -0.4999999999999134 4.7373275448605496e-15 0.8660254037844886
    outer loop
      vertex 3.4145825608093077 2.7999999970197678 2.415063516398689
      vertex 3.0766660520539517 10.949999998509885 2.2199673291051667
      vertex 3.0577852946651802 10.917371566593648 2.209066518744258
    endloop
  endfacet
  facet normal -0.49999999999949307 2.5172861664565117e-14 0.8660254037847313
    outer loop
      vertex 3.4145825608093077 2.7999999970197678 2.415063516398689
      vertex 3.111473668194293 11.099999997019768 2.240063515653638
      vertex 3.109250980436016 11.060842137038708 2.2387802462780755
    endloop
  endfacet
  facet normal -0.5000000000000041 0 0.8660254037844363
    outer loop
      vertex 3.4145825608093077 2.7999999970197678 2.415063516398689
      vertex 3.111473668194293 11.2 2.240063515653638
      vertex 3.111473668194293 11.099999997019768 2.240063515653638
    endloop
  endfacet
  facet normal -0.5000000000000067 -8.119905823764594e-16 0.8660254037844348
    outer loop
      vertex 3.4145825608093077 2.7999999970197678 2.415063516398689
      vertex 3.0577852946651802 10.917371566593648 2.209066518744258
      vertex 3.035377782366467 10.887867960333825 2.196129535486726
    endloop
  endfacet
  facet normal -0.5000000000001524 -9.882935697877552e-15 0.8660254037843506
    outer loop
      vertex 3.4145825608093077 2.7999999970197678 2.415063516398689
      vertex 3.035377782366467 10.887867960333825 2.196129535486726
      vertex 3.009826909842218 10.86199399381876 2.1813777323568146
    endloop
  endfacet
  facet normal -0.499999999999898 7.110571545921414e-15 0.8660254037844975
    outer loop
      vertex 3.4145825608093077 2.7999999970197678 2.415063516398689
      vertex 3.009826909842218 10.86199399381876 2.1813777323568146
      vertex 2.981569858917098 10.840192373096944 2.165063516398696
    endloop
  endfacet
  facet normal -0.5000000000000148 -1.1895826346844119e-15 0.8660254037844302
    outer loop
      vertex 3.4145825608093077 2.7999999970197678 2.415063516398689
      vertex 2.981569858917098 10.840192373096944 2.165063516398696
      vertex 2.951090120233715 10.8228361338377 2.147466031065015
    endloop
  endfacet
  facet normal -0.500000000000016 -1.3655924865666479e-15 0.8660254037844294
    outer loop
      vertex 3.4145825608093077 2.7999999970197678 2.415063516398689
      vertex 2.951090120233715 10.8228361338377 2.147466031065015
      vertex 2.918909208381109 10.810222248733044 2.1288863729441445
    endloop
  endfacet
  facet normal -0.49999999999995215 3.905760027151083e-15 0.8660254037844662
    outer loop
      vertex 3.4145825608093077 2.7999999970197678 2.415063516398689
      vertex 2.918909208381109 10.810222248733044 2.1288863729441445
      vertex 2.8855777511413407 10.802566538751126 2.1096424471342843
    endloop
  endfacet
  facet normal -0.5000000000000894 -8.196295269470163e-15 0.8660254037843872
    outer loop
      vertex 3.4145825608093077 2.7999999970197678 2.415063516398689
      vertex 2.8855777511413407 10.802566538751126 2.1096424471342843
      vertex 2.851666049639917 10.8 2.0900635171437543
    endloop
  endfacet
  facet normal -0.4999999999999931 8.604228335068722e-16 0.8660254037844426
    outer loop
      vertex 3.4145825608093077 2.7999999970197678 2.415063516398689
      vertex 2.851666049639917 10.8 2.0900635171437543
      vertex 2.6351596961128365 10.799999999999997 1.9650635156536325
    endloop
  endfacet
  facet normal 0.8660254037844375 0 0.5000000000000021
    outer loop
      vertex 4.8493901813992295 2 0.5299038154697229
      vertex 3.749390182144282 12 2.435159702505011
      vertex 3.749390182144282 11.33672142506904 2.435159702505011
    endloop
  endfacet
  facet normal 0.8660254037844377 0 0.5000000000000017
    outer loop
      vertex 4.8493901813992295 2 0.5299038154697229
      vertex 4.8493901813992295 12 0.5299038154697229
      vertex 3.749390182144282 12 2.435159702505011
    endloop
  endfacet
  facet normal 0.49999999999999967 0 -0.8660254037844389
    outer loop
      vertex 3.9315698585385945 2 4.998426561542146e-9
      vertex 3.9315698585385945 12 4.998426561542146e-9
      vertex 4.8493901813992295 12 0.5299038154697229
    endloop
  endfacet
  facet normal 0 1 0
    outer loop
      vertex 3.749390182144282 12 2.435159702505011
      vertex 4.8493901813992295 12 0.5299038154697229
      vertex 1.670929213061612 12 1.2351597025050083
    endloop
  endfacet
  facet normal 0 1 0
    outer loop
      vertex 4.8493901813992295 12 0.5299038154697229
      vertex 3.9315698585385945 12 4.998426561542146e-9
      vertex 1.670929213061612 12 1.2351597025050083
    endloop
  endfacet
  facet normal 0 -1 0
    outer loop
      vertex 1.5959292115715016 2 1.365063515653631
      vertex 0.8598076170642628 2 0.9400635149085801
      vertex 1.670929213061612 2 1.2351597025050083
    endloop
  endfacet
  facet normal -0.4999999999999793 0 0.8660254037844506
    outer loop
      vertex 1.0763139693008554 3.1999999955296516 1.0650635156536339
      vertex 1.0763139693008554 3.210000000000001 1.0650635156536339
      vertex 0.8598076170642628 3.1999999955296516 0.9400635149085801
    endloop
  endfacet
  facet normal -0.49999999999997924 0 0.8660254037844506
    outer loop
      vertex 1.0763139693008554 3.210000000000001 1.0650635156536339
      vertex 1.0763139693008554 9.648126511061086 1.0650635156536339
      vertex 0.8598076170642628 3.1999999955296516 0.9400635149085801
    endloop
  endfacet
  facet normal 0 -1 0
    outer loop
      vertex 1.670929213061612 2 1.2351597025050083
      vertex 0.8598076170642628 2 0.9400635149085801
      vertex 0.03708348217855928 2 0.46506351416351777
    endloop
  endfacet
  facet normal -0.49999999999999956 1.5979698315173304e-12 0.866025403784439
    outer loop
      vertex 0.8598076170642628 2 0.9400635149085801
      vertex 0.8258959155628389 2.0025665387511253 0.9204845849180501
      vertex 0.03708348217855928 2 0.46506351416351777
    endloop
  endfacet
  facet normal -0.49999999999999506 -2.519202766895447e-13 0.8660254037844415
    outer loop
      vertex 0.8258959155628389 2.0025665387511253 0.9204845849180501
      vertex 0.7925644583230707 2.0102222487330437 0.9012406591081898
      vertex 0.03708348217855928 2 0.46506351416351777
    endloop
  endfacet
  facet normal -0.4999999999999982 6.034547710967542e-14 0.8660254037844397
    outer loop
      vertex 0.7925644583230707 2.0102222487330437 0.9012406591081898
      vertex 0.7603835464704645 2.0228361338377 0.8826610009873193
      vertex 0.03708348217855928 2 0.46506351416351777
    endloop
  endfacet
  facet normal -0.4999999999999977 4.0704810675790794e-14 0.8660254037844399
    outer loop
      vertex 0.7603835464704645 2.0228361338377 0.8826610009873193
      vertex 0.7299038077870819 2.040192373096943 0.8650635156536381
      vertex 0.03708348217855928 2 0.46506351416351777
    endloop
  endfacet
  facet normal -0.4999999999999889 -1.6391923493903101e-13 0.8660254037844451
    outer loop
      vertex 0.7299038077870819 2.040192373096943 0.8650635156536381
      vertex 0.7016467568619618 2.06199399381876 0.8487492996955197
      vertex 0.03708348217855928 2 0.46506351416351777
    endloop
  endfacet
  facet normal -0.5000000000000138 1.927204508825257e-13 0.8660254037844307
    outer loop
      vertex 0.7016467568619618 2.06199399381876 0.8487492996955197
      vertex 0.6760958843377125 2.087867960333824 0.8339974965656083
      vertex 0.03708348217855928 2 0.46506351416351777
    endloop
  endfacet
  facet normal -0.4999999999999952 1.2987017744830475e-14 0.8660254037844414
    outer loop
      vertex 0.6760958843377125 2.087867960333824 0.8339974965656083
      vertex 0.6536883720389994 2.117371566593647 0.8210605133080762
      vertex 0.03708348217855928 2 0.46506351416351777
    endloop
  endfacet
  facet normal -0.49999999999998473 -6.053674950313744e-14 0.8660254037844474
    outer loop
      vertex 0.6536883720389994 2.117371566593647 0.8210605133080762
      vertex 0.634807614650228 2.149999998509884 0.8101597029471677
      vertex 0.03708348217855928 2 0.46506351416351777
    endloop
  endfacet
  facet normal -0.4999999999999933 -1.5157613430554958e-14 0.8660254037844425
    outer loop
      vertex 0.634807614650228 2.149999998509884 0.8101597029471677
      vertex 0.6197766705375614 2.185194969177246 0.8014815833175462
      vertex 0.03708348217855928 2 0.46506351416351777
    endloop
  endfacet
  facet normal -0.4999999999999832 -5.769581360575701e-14 0.8660254037844483
    outer loop
      vertex 0.6197766705375614 2.185194969177246 0.8014815833175462
      vertex 0.6088527255965062 2.2223542854189873 0.795174640765218
      vertex 0.03708348217855928 2 0.46506351416351777
    endloop
  endfacet
  facet normal -0.5000000000000165 5.679973498664082e-14 0.8660254037844292
    outer loop
      vertex 0.6088527255965062 2.2223542854189873 0.795174640765218
      vertex 0.6022226862681634 2.2608421370387077 0.7913467857742589
      vertex 0.03708348217855928 2 0.46506351416351777
    endloop
  endfacet
  facet normal -0.49999999999997546 -6.188690748000628e-14 0.8660254037844528
    outer loop
      vertex 0.6022226862681634 2.2608421370387077 0.7913467857742589
      vertex 0.5999999985098867 2.2999999970197678 0.7900635163986962
      vertex 0.03708348217855928 2 0.46506351416351777
    endloop
  endfacet
  facet normal -0.5000000000000154 -2.0300818735676843e-15 0.8660254037844297
    outer loop
      vertex 0.7925644583230707 3.189777746796608 0.9012406591081898
      vertex 0.03708348217855928 12 0.46506351416351777
      vertex 0.7603835464704645 3.1771638616919518 0.8826610009873193
    endloop
  endfacet
  facet normal -0.5000000000000142 -1.9161120179712453e-15 0.8660254037844304
    outer loop
      vertex 0.7603835464704645 3.1771638616919518 0.8826610009873193
      vertex 0.03708348217855928 12 0.46506351416351777
      vertex 0.7299038077870819 3.1598076224327087 0.8650635156536381
    endloop
  endfacet
  facet normal -0.5000000000000896 -1.1227324279141122e-14 0.866025403784387
    outer loop
      vertex 0.8598076170642628 3.1999999955296516 0.9400635149085801
      vertex 0.03708348217855928 12 0.46506351416351777
      vertex 0.8258959155628389 3.1974334567785263 0.9204845849180501
    endloop
  endfacet
  facet normal -0.4999999999999525 5.15251953126524e-15 0.866025403784466
    outer loop
      vertex 0.8258959155628389 3.1974334567785263 0.9204845849180501
      vertex 0.03708348217855928 12 0.46506351416351777
      vertex 0.7925644583230707 3.189777746796608 0.9012406591081898
    endloop
  endfacet
  facet normal -0.4999999999998998 1.004936817732053e-14 0.8660254037844964
    outer loop
      vertex 0.7299038077870819 3.1598076224327087 0.8650635156536381
      vertex 0.03708348217855928 12 0.46506351416351777
      vertex 0.7016467568619618 3.1380060017108917 0.8487492996955197
    endloop
  endfacet
  facet normal -0.5000000000001489 -1.4855013206260704e-14 0.8660254037843527
    outer loop
      vertex 0.7016467568619618 3.1380060017108917 0.8487492996955197
      vertex 0.03708348217855928 12 0.46506351416351777
      vertex 0.6760958843377125 3.1121320351958275 0.8339974965656083
    endloop
  endfacet
  facet normal -0.5000000000000069 -1.2403966974255199e-15 0.8660254037844347
    outer loop
      vertex 0.6760958843377125 3.1121320351958275 0.8339974965656083
      vertex 0.03708348217855928 12 0.46506351416351777
      vertex 0.6536883720389994 3.0826284289360046 0.8210605133080762
    endloop
  endfacet
  facet normal -0.5000000000000001 0 0.8660254037844384
    outer loop
      vertex 0.5999999985098867 2.2999999970197678 0.7900635163986962
      vertex 0.5999999985098867 2.899999998509884 0.7900635163986962
      vertex 0.03708348217855928 12 0.46506351416351777
    endloop
  endfacet
  facet normal -0.5000000000001928 -1.6299225511855277e-14 0.8660254037843272
    outer loop
      vertex 0.6022226862681634 2.939157858490944 0.7913467857742589
      vertex 0.6088527255965062 2.9776457101106644 0.795174640765218
      vertex 0.03708348217855928 12 0.46506351416351777
    endloop
  endfacet
  facet normal -0.49999999999986505 1.1401571158892171e-14 0.8660254037845165
    outer loop
      vertex 0.6197766705375614 3.0148050263524055 0.8014815833175462
      vertex 0.03708348217855928 12 0.46506351416351777
      vertex 0.6088527255965062 2.9776457101106644 0.795174640765218
    endloop
  endfacet
  facet normal -0.49999999999991557 7.173403609774074e-15 0.8660254037844873
    outer loop
      vertex 0.634807614650228 3.0499999970197678 0.8101597029471677
      vertex 0.6536883720389994 3.0826284289360046 0.8210605133080762
      vertex 0.03708348217855928 12 0.46506351416351777
    endloop
  endfacet
  facet normal -0.49999999999997075 2.269447361418855e-15 0.8660254037844556
    outer loop
      vertex 0.634807614650228 3.0499999970197678 0.8101597029471677
      vertex 0.03708348217855928 12 0.46506351416351777
      vertex 0.6197766705375614 3.0148050263524055 0.8014815833175462
    endloop
  endfacet
  facet normal -0.4999999999995971 3.3251485707592374e-14 0.8660254037846713
    outer loop
      vertex 0.5999999985098867 2.899999998509884 0.7900635163986962
      vertex 0.6022226862681634 2.939157858490944 0.7913467857742589
      vertex 0.03708348217855928 12 0.46506351416351777
    endloop
  endfacet
  facet normal -0.5000000000000002 0 0.8660254037844385
    outer loop
      vertex 0.5999999985098867 2.2999999970197678 0.7900635163986962
      vertex 0.03708348217855928 12 0.46506351416351777
      vertex 0.03708348217855928 2 0.46506351416351777
    endloop
  endfacet
  facet normal -0.8660254037844367 0 -0.5000000000000033
    outer loop
      vertex 0.03708348217855928 2 0.46506351416351777
      vertex 0.305588027271142 12 0
      vertex 0.305588027271142 2 0
    endloop
  endfacet
  facet normal 0 -1 0
    outer loop
      vertex 3.9315698585385945 2 4.998426561542146e-9
      vertex 1.670929213061612 2 1.2351597025050083
      vertex 0.03708348217855928 2 0.46506351416351777
    endloop
  endfacet
  facet normal 1.3785029253152543e-9 0 -1
    outer loop
      vertex 3.9315698585385945 2 4.998426561542146e-9
      vertex 0.305588027271142 2 0
      vertex 3.9315698585385945 12 4.998426561542146e-9
    endloop
  endfacet
  facet normal 0 -1 0
    outer loop
      vertex 3.9315698585385945 2 4.998426561542146e-9
      vertex 0.03708348217855928 2 0.46506351416351777
      vertex 0.305588027271142 2 0
    endloop
  endfacet
  facet normal -0.4999999999999793 0 0.8660254037844506
    outer loop
      vertex 1.0763139693008554 9.648126511061086 1.0650635156536339
      vertex 1.0763139693008554 10.79 1.0650635156536339
      vertex 0.8598076170642628 10.8 0.9400635149085801
    endloop
  endfacet
  facet normal -0.5 0 0.8660254037844385
    outer loop
      vertex 1.5959292115715016 11.999999995529652 1.365063515653631
      vertex 1.5959292115715016 12 1.365063515653631
      vertex 0.8598076170642628 11.999999995529652 0.9400635149085801
    endloop
  endfacet
  facet normal -0.4999999999999793 0 0.8660254037844505
    outer loop
      vertex 1.0763139693008554 10.8 1.0650635156536339
      vertex 0.8598076170642628 10.8 0.9400635149085801
      vertex 1.0763139693008554 10.79 1.0650635156536339
    endloop
  endfacet
  facet normal 0 1 0
    outer loop
      vertex 1.5959292115715016 12 1.365063515653631
      vertex 1.670929213061612 12 1.2351597025050083
      vertex 0.03708348217855928 12 0.46506351416351777
    endloop
  endfacet
  facet normal -0.4999999999999942 6.667429340301486e-16 0.866025403784442
    outer loop
      vertex 0.8598076170642628 3.1999999955296516 0.9400635149085801
      vertex 1.0763139693008554 9.648126511061086 1.0650635156536339
      vertex 0.03708348217855928 12 0.46506351416351777
    endloop
  endfacet
  facet normal -0.5000000000000917 -2.824668331078699e-14 0.8660254037843855
    outer loop
      vertex 1.0763139693008554 9.648126511061086 1.0650635156536339
      vertex 0.8598076170642628 10.8 0.9400635149085801
      vertex 0.8258959155628389 10.802566538751126 0.9204845849180501
    endloop
  endfacet
  facet normal -0.499999999999949 1.298427023438517e-14 0.8660254037844682
    outer loop
      vertex 1.0763139693008554 9.648126511061086 1.0650635156536339
      vertex 0.8258959155628389 10.802566538751126 0.9204845849180501
      vertex 0.7925644583230707 10.810222248733044 0.9012406591081898
    endloop
  endfacet
  facet normal -0.5000000000000189 -9.595447184423567e-15 0.8660254037844277
    outer loop
      vertex 1.0763139693008554 9.648126511061086 1.0650635156536339
      vertex 0.7925644583230707 10.810222248733044 0.9012406591081898
      vertex 0.7603835464704645 10.8228361338377 0.8826610009873193
    endloop
  endfacet
  facet normal -0.5000000000000187 -9.512874005788023e-15 0.8660254037844278
    outer loop
      vertex 1.0763139693008554 9.648126511061086 1.0650635156536339
      vertex 0.7603835464704645 10.8228361338377 0.8826610009873193
      vertex 0.7299038077870819 10.840192373096944 0.8650635156536381
    endloop
  endfacet
  facet normal -0.49999999999986505 5.0130881457943224e-14 0.8660254037845165
    outer loop
      vertex 1.0763139693008554 9.648126511061086 1.0650635156536339
      vertex 0.7299038077870819 10.840192373096944 0.8650635156536381
      vertex 0.7016467568619618 10.86199399381876 0.8487492996955197
    endloop
  endfacet
  facet normal -0.5000000000002396 -1.0371847158480333e-13 0.8660254037843003
    outer loop
      vertex 1.0763139693008554 9.648126511061086 1.0650635156536339
      vertex 0.7016467568619618 10.86199399381876 0.8487492996955197
      vertex 0.6760958843377125 10.887867960333825 0.8339974965656083
    endloop
  endfacet
  facet normal -0.5000000000000149 -7.52490855432654e-15 0.86602540378443
    outer loop
      vertex 1.0763139693008554 9.648126511061086 1.0650635156536339
      vertex 0.6760958843377125 10.887867960333825 0.8339974965656083
      vertex 0.6536883720389994 10.917371566593648 0.8210605133080762
    endloop
  endfacet
  facet normal -0.8660254037844367 0 -0.5000000000000033
    outer loop
      vertex 0.03708348217855928 2 0.46506351416351777
      vertex 0.03708348217855928 12 0.46506351416351777
      vertex 0.305588027271142 12 0
    endloop
  endfacet
  facet normal -0.4999999999997845 9.685972316677559e-14 0.8660254037845632
    outer loop
      vertex 1.0763139693008554 9.648126511061086 1.0650635156536339
      vertex 0.6536883720389994 10.917371566593648 0.8210605133080762
      vertex 0.634807614650228 10.949999998509885 0.8101597029471677
    endloop
  endfacet
  facet normal -0.4999999999998612 5.965139581023792e-14 0.8660254037845188
    outer loop
      vertex 1.0763139693008554 9.648126511061086 1.0650635156536339
      vertex 0.634807614650228 10.949999998509885 0.8101597029471677
      vertex 0.6197766705375614 10.985194969177247 0.8014815833175462
    endloop
  endfacet
  facet normal -0.49999999999999895 -5.518949458389707e-8 0.8660254037844374
    outer loop
      vertex 1.5959292115715016 12 1.365063515653631
      vertex 0.03708348217855928 12 0.46506351416351777
      vertex 0.8598076170642628 11.999999995529652 0.9400635149085801
    endloop
  endfacet
  facet normal -0.5000000000000021 -3.957911928859244e-15 0.8660254037844374
    outer loop
      vertex 1.0763139693008554 9.648126511061086 1.0650635156536339
      vertex 0.6197766705375614 10.985194969177247 0.8014815833175462
      vertex 0.03708348217855928 12 0.46506351416351777
    endloop
  endfacet
  facet normal -0.49999999999999944 -1.5979697167925166e-12 0.8660254037844389
    outer loop
      vertex 0.8598076170642628 11.999999995529652 0.9400635149085801
      vertex 0.03708348217855928 12 0.46506351416351777
      vertex 0.8258959155628389 11.997433456778527 0.9204845849180501
    endloop
  endfacet
  facet normal -0.49999999999999506 2.519202705605322e-13 0.8660254037844415
    outer loop
      vertex 0.8258959155628389 11.997433456778527 0.9204845849180501
      vertex 0.03708348217855928 12 0.46506351416351777
      vertex 0.7925644583230707 11.989777746796609 0.9012406591081898
    endloop
  endfacet
  facet normal -0.49999999999999817 -6.03454762290869e-14 0.8660254037844395
    outer loop
      vertex 0.7925644583230707 11.989777746796609 0.9012406591081898
      vertex 0.03708348217855928 12 0.46506351416351777
      vertex 0.7603835464704645 11.977163861691952 0.8826610009873193
    endloop
  endfacet
  facet normal -0.49999999999999767 -4.070481025720096e-14 0.8660254037844399
    outer loop
      vertex 0.7603835464704645 11.977163861691952 0.8826610009873193
      vertex 0.03708348217855928 12 0.46506351416351777
      vertex 0.7299038077870819 11.95980762243271 0.8650635156536381
    endloop
  endfacet
  facet normal -0.5000000000001659 -1.2927080578663878e-13 0.8660254037843429
    outer loop
      vertex 0.6197766705375614 10.985194969177247 0.8014815833175462
      vertex 0.6088527255965062 11.022354285418988 0.795174640765218
      vertex 0.03708348217855928 12 0.46506351416351777
    endloop
  endfacet
  facet normal -0.49999999999988975 8.590895086704812e-14 0.8660254037845023
    outer loop
      vertex 0.6088527255965062 11.022354285418988 0.795174640765218
      vertex 0.6022226862681634 11.060842137038708 0.7913467857742589
      vertex 0.03708348217855928 12 0.46506351416351777
    endloop
  endfacet
  facet normal -0.5000000000000844 -7.012285123423265e-14 0.8660254037843901
    outer loop
      vertex 0.6022226862681634 11.060842137038708 0.7913467857742589
      vertex 0.5999999985098867 11.099999997019768 0.7900635163986962
      vertex 0.03708348217855928 12 0.46506351416351777
    endloop
  endfacet
  facet normal -0.5000000000000001 0 0.8660254037844384
    outer loop
      vertex 0.5999999985098867 11.099999997019768 0.7900635163986962
      vertex 0.5999999985098867 11.699999998509885 0.7900635163986962
      vertex 0.03708348217855928 12 0.46506351416351777
    endloop
  endfacet
  facet normal -0.4999999999999889 1.6391923366405102e-13 0.8660254037844451
    outer loop
      vertex 0.7299038077870819 11.95980762243271 0.8650635156536381
      vertex 0.03708348217855928 12 0.46506351416351777
      vertex 0.7016467568619618 11.938006001710892 0.8487492996955197
    endloop
  endfacet
  facet normal -0.5000000000000138 -1.92720449710317e-13 0.8660254037844307
    outer loop
      vertex 0.7016467568619618 11.938006001710892 0.8487492996955197
      vertex 0.03708348217855928 12 0.46506351416351777
      vertex 0.6760958843377125 11.912132035195828 0.8339974965656083
    endloop
  endfacet
  facet normal -0.49999999999999534 -1.2987017682353441e-14 0.8660254037844414
    outer loop
      vertex 0.6760958843377125 11.912132035195828 0.8339974965656083
      vertex 0.03708348217855928 12 0.46506351416351777
      vertex 0.6536883720389994 11.882628428936005 0.8210605133080762
    endloop
  endfacet
  facet normal -0.49999999999998473 6.053674927436932e-14 0.8660254037844475
    outer loop
      vertex 0.6536883720389994 11.882628428936005 0.8210605133080762
      vertex 0.03708348217855928 12 0.46506351416351777
      vertex 0.634807614650228 11.849999997019768 0.8101597029471677
    endloop
  endfacet
  facet normal -0.4999999999999932 1.5157613386826874e-14 0.8660254037844425
    outer loop
      vertex 0.634807614650228 11.849999997019768 0.8101597029471677
      vertex 0.03708348217855928 12 0.46506351416351777
      vertex 0.6197766705375614 11.814805026352406 0.8014815833175462
    endloop
  endfacet
  facet normal -0.5000000000000165 -5.6799734914944246e-14 0.8660254037844292
    outer loop
      vertex 0.6088527255965062 11.777645710110665 0.795174640765218
      vertex 0.03708348217855928 12 0.46506351416351777
      vertex 0.6022226862681634 11.739157858490945 0.7913467857742589
    endloop
  endfacet
  facet normal -0.49999999999998324 5.769581348675202e-14 0.8660254037844484
    outer loop
      vertex 0.6197766705375614 11.814805026352406 0.8014815833175462
      vertex 0.03708348217855928 12 0.46506351416351777
      vertex 0.6088527255965062 11.777645710110665 0.795174640765218
    endloop
  endfacet
  facet normal -0.4999999999999754 6.189104206726932e-14 0.8660254037844528
    outer loop
      vertex 0.5999999985098867 11.699999998509885 0.7900635163986962
      vertex 0.6022226862681634 11.739157858490945 0.7913467857742589
      vertex 0.03708348217855928 12 0.46506351416351777
    endloop
  endfacet
  facet normal 0 1 0
    outer loop
      vertex 3.9315698585385945 12 4.998426561542146e-9
      vertex 0.03708348217855928 12 0.46506351416351777
      vertex 1.670929213061612 12 1.2351597025050083
    endloop
  endfacet
  facet normal 1.3785029253152543e-9 0 -1
    outer loop
      vertex 3.9315698585385945 12 4.998426561542146e-9
      vertex 0.305588027271142 2 0
      vertex 0.305588027271142 12 0
    endloop
  endfacet
  facet normal 0 1 0
    outer loop
      vertex 3.9315698585385945 12 4.998426561542146e-9
      vertex 0.305588027271142 12 0
      vertex 0.03708348217855928 12 0.46506351416351777
    endloop
  endfacet
  facet normal -0.8660254037844346 0 -0.500000000000007
    outer loop
      vertex 2.59765969760295 2.5 2.0300154183565127
      vertex 2.59765969760295 3.1999999955296516 2.0300154183565127
      vertex 2.8726596976029555 2.5 1.5537014462750705
    endloop
  endfacet
  facet normal -0.866025403784436 -2.1807953275261676e-15 -0.5000000000000046
    outer loop
      vertex 2.59765969760295 3.1999999955296516 2.0300154183565127
      vertex 2.6351596961128365 3.1999999955296516 1.9650635156536325
      vertex 2.8726596976029555 2.5 1.5537014462750705
    endloop
  endfacet
  facet normal -0.8660254037844345 0 -0.5000000000000074
    outer loop
      vertex 2.6351596961128365 3.1999999955296516 1.9650635156536325
      vertex 2.8726596976029555 3.1999999999999993 1.5537014462750705
      vertex 2.8726596976029555 2.5 1.5537014462750705
    endloop
  endfacet
  facet normal -0.8660254037844344 0 -0.5000000000000073
    outer loop
      vertex 2.6351596961128365 3.1999999955296516 1.9650635156536325
      vertex 2.6351596961128365 3.1999999999999993 1.9650635156536325
      vertex 2.8726596976029555 3.1999999999999993 1.5537014462750705
    endloop
  endfacet
  facet normal 0.5000000000000014 0 -0.8660254037844378
    outer loop
      vertex 2.59765969760295 2.5 2.0300154183565127
      vertex 1.0388139707909687 3.1999999955296516 1.130015418356514
      vertex 2.59765969760295 3.1999999955296516 2.0300154183565127
    endloop
  endfacet
  facet normal 0 1 0
    outer loop
      vertex 2.59765969760295 2.5 2.0300154183565127
      vertex 2.8726596976029555 2.5 1.5537014462750705
      vertex 1.3138139707909744 2.5 0.6537014462750719
    endloop
  endfacet
  facet normal -0.5000000000000014 0 0.8660254037844378
    outer loop
      vertex 2.8726596976029555 2.5 1.5537014462750705
      vertex 2.8726596976029555 3.1999999999999993 1.5537014462750705
      vertex 1.3138139707909744 2.5 0.6537014462750719
    endloop
  endfacet
  facet normal 0.5000000000000014 0 -0.8660254037844378
    outer loop
      vertex 2.59765969760295 2.5 2.0300154183565127
      vertex 1.0388139707909687 2.5 1.130015418356514
      vertex 1.0388139707909687 3.1999999955296516 1.130015418356514
    endloop
  endfacet
  facet normal 0 1 0
    outer loop
      vertex 2.59765969760295 2.5 2.0300154183565127
      vertex 1.3138139707909744 2.5 0.6537014462750719
      vertex 1.0388139707909687 2.5 1.130015418356514
    endloop
  endfacet
  facet normal -0.5000000000000014 0 0.8660254037844378
    outer loop
      vertex 2.8726596976029555 3.1999999999999993 1.5537014462750705
      vertex 1.3138139707909744 3.1999999999999993 0.6537014462750719
      vertex 1.3138139707909744 2.5 0.6537014462750719
    endloop
  endfacet
  facet normal 0.866025403784436 0 0.5000000000000046
    outer loop
      vertex 1.0388139707909687 2.5 1.130015418356514
      vertex 1.0763139693008554 3.1999999955296516 1.0650635156536339
      vertex 1.0388139707909687 3.1999999955296516 1.130015418356514
    endloop
  endfacet
  facet normal 0.8660254037844346 2.97381169209447e-16 0.500000000000007
    outer loop
      vertex 1.0388139707909687 2.5 1.130015418356514
      vertex 1.3138139707909744 2.5 0.6537014462750719
      vertex 1.0763139693008554 3.1999999955296516 1.0650635156536339
    endloop
  endfacet
  facet normal 0.8660254037844345 0 0.5000000000000074
    outer loop
      vertex 1.0763139693008554 3.1999999955296516 1.0650635156536339
      vertex 1.3138139707909744 2.5 0.6537014462750719
      vertex 1.3138139707909744 3.1999999999999993 0.6537014462750719
    endloop
  endfacet
  facet normal 0.8660254037844344 0 0.5000000000000074
    outer loop
      vertex 1.0763139693008554 3.1999999955296516 1.0650635156536339
      vertex 1.3138139707909744 3.1999999999999993 0.6537014462750719
      vertex 1.0763139693008554 3.210000000000001 1.0650635156536339
    endloop
  endfacet
  facet normal 0.8660254037844344 0 0.5000000000000074
    outer loop
      vertex 1.0763139693008554 3.210000000000001 1.0650635156536339
      vertex 1.3138139707909744 3.1999999999999993 0.6537014462750719
      vertex 1.3138139707909744 3.210000000000001 0.6537014462750719
    endloop
  endfacet
  facet normal -0.866025403784436 0 -0.5000000000000046
    outer loop
      vertex 2.59765969760295 10.8 2.0300154183565127
      vertex 2.59765969760295 11.5 2.0300154183565127
      vertex 2.6351596961128365 10.799999999999997 1.9650635156536325
    endloop
  endfacet
  facet normal -0.8660254037844344 3.4955329973299526e-16 -0.5000000000000074
    outer loop
      vertex 2.6351596961128365 10.799999999999997 1.9650635156536325
      vertex 2.59765969760295 11.5 2.0300154183565127
      vertex 2.8726596976029555 10.799999999999997 1.5537014462750705
    endloop
  endfacet
  facet normal -0.8660254037844346 0 -0.5000000000000069
    outer loop
      vertex 2.59765969760295 11.5 2.0300154183565127
      vertex 2.8726596976029555 11.5 1.5537014462750705
      vertex 2.8726596976029555 10.799999999999997 1.5537014462750705
    endloop
  endfacet
  facet normal 0.5000000000000014 0 -0.8660254037844378
    outer loop
      vertex 2.59765969760295 10.8 2.0300154183565127
      vertex 1.0388139707909687 11.5 1.130015418356514
      vertex 2.59765969760295 11.5 2.0300154183565127
    endloop
  endfacet
  facet normal -0.5000000000000014 0 0.8660254037844378
    outer loop
      vertex 2.8726596976029555 10.799999999999997 1.5537014462750705
      vertex 2.8726596976029555 11.5 1.5537014462750705
      vertex 1.3138139707909744 10.799999999999997 0.6537014462750719
    endloop
  endfacet
  facet normal 0 -1 0
    outer loop
      vertex 2.59765969760295 11.5 2.0300154183565127
      vertex 1.0388139707909687 11.5 1.130015418356514
      vertex 2.8726596976029555 11.5 1.5537014462750705
    endloop
  endfacet
  facet normal 0.5000000000000014 0 -0.8660254037844378
    outer loop
      vertex 2.59765969760295 10.8 2.0300154183565127
      vertex 1.0388139707909687 10.8 1.130015418356514
      vertex 1.0388139707909687 11.5 1.130015418356514
    endloop
  endfacet
  facet normal -0.5000000000000014 0 0.8660254037844378
    outer loop
      vertex 2.8726596976029555 11.5 1.5537014462750705
      vertex 1.3138139707909744 11.5 0.6537014462750719
      vertex 1.3138139707909744 10.799999999999997 0.6537014462750719
    endloop
  endfacet
  facet normal 0 -1 0
    outer loop
      vertex 2.8726596976029555 11.5 1.5537014462750705
      vertex 1.0388139707909687 11.5 1.130015418356514
      vertex 1.3138139707909744 11.5 0.6537014462750719
    endloop
  endfacet
  facet normal 0.866025403784436 0 0.5000000000000046
    outer loop
      vertex 1.0388139707909687 10.8 1.130015418356514
      vertex 1.0763139693008554 10.8 1.0650635156536339
      vertex 1.0388139707909687 11.5 1.130015418356514
    endloop
  endfacet
  facet normal 0.8660254037844344 0 0.5000000000000074
    outer loop
      vertex 1.0763139693008554 10.8 1.0650635156536339
      vertex 1.0763139693008554 10.79 1.0650635156536339
      vertex 1.3138139707909744 10.79 0.6537014462750719
    endloop
  endfacet
  facet normal 0.8660254037844343 -3.5034354830182947e-16 0.5000000000000073
    outer loop
      vertex 1.0763139693008554 10.8 1.0650635156536339
      vertex 1.3138139707909744 10.79 0.6537014462750719
      vertex 1.0388139707909687 11.5 1.130015418356514
    endloop
  endfacet
  facet normal 0.8660254037844313 0 0.5000000000000129
    outer loop
      vertex 1.0388139707909687 11.5 1.130015418356514
      vertex 1.3138139707909744 10.79 0.6537014462750719
      vertex 1.3138139707909744 10.799999999999997 0.6537014462750719
    endloop
  endfacet
  facet normal 0.8660254037844346 0 0.5000000000000069
    outer loop
      vertex 1.0388139707909687 11.5 1.130015418356514
      vertex 1.3138139707909744 10.799999999999997 0.6537014462750719
      vertex 1.3138139707909744 11.5 0.6537014462750719
    endloop
  endfacet
  facet normal -0.8660254037844344 0 -0.5000000000000074
    outer loop
      vertex 2.6351596961128365 3.1999999999999993 1.9650635156536325
      vertex 2.6351596961128365 10.799999999999997 1.9650635156536325
      vertex 2.8726596976029555 3.1999999999999993 1.5537014462750705
    endloop
  endfacet
  facet normal 0 1 0
    outer loop
      vertex 2.8726596976029555 3.1999999999999993 1.5537014462750705
      vertex 2.9351596976029555 3.1999999999999993 1.445448270802018
      vertex 1.3763139707909744 3.1999999999999993 0.5454482708020123
    endloop
  endfacet
  facet normal -0.8660254037844338 0 -0.5000000000000082
    outer loop
      vertex 2.8726596976029555 3.1999999999999993 1.5537014462750705
      vertex 2.9351596976029555 10.799999999999997 1.445448270802018
      vertex 2.9351596976029555 3.1999999999999993 1.445448270802018
    endloop
  endfacet
  facet normal -0.4999999999999676 1.039796922785968e-15 0.8660254037844575
    outer loop
      vertex 2.9351596976029555 3.1999999999999993 1.445448270802018
      vertex 2.8249498771872084 6.792944763917983 1.3818186013176472
      vertex 2.795819350349973 6.693853254107928 1.3650000838065353
    endloop
  endfacet
  facet normal -0.5000000000000576 -2.629830192134466e-15 0.8660254037844053
    outer loop
      vertex 2.9351596976029555 3.1999999999999993 1.445448270802018
      vertex 2.842629983317977 6.895579046223958 1.3920262153515495
      vertex 2.8249498771872084 6.792944763917983 1.3818186013176472
    endloop
  endfacet
  facet normal -0.49999999999986017 1.1870731005893842e-14 0.8660254037845193
    outer loop
      vertex 2.9351596976029555 3.1999999999999993 1.445448270802018
      vertex 2.7557368341969664 6.600000000000001 1.3418584323157887
      vertex 2.7053881516925173 6.512990856793024 1.312789606918514
    endloop
  endfacet
  facet normal -0.5000000000001575 -9.055881697024718e-15 0.8660254037843477
    outer loop
      vertex 2.9351596976029555 3.1999999999999993 1.445448270802018
      vertex 2.795819350349973 6.693853254107928 1.3650000838065353
      vertex 2.7557368341969664 6.600000000000001 1.3418584323157887
    endloop
  endfacet
  facet normal -0.49999999999964745 1.1065194562806579e-14 0.8660254037846422
    outer loop
      vertex 2.9351596976029555 3.1999999999999993 1.445448270802018
      vertex 2.848557157224519 7 1.3954482708020208
      vertex 2.842629983317977 6.895579046223958 1.3920262153515495
    endloop
  endfacet
  facet normal -0.5000000000001144 -1.16268781479051e-14 0.8660254037843725
    outer loop
      vertex 2.9351596976029555 3.1999999999999993 1.445448270802018
      vertex 2.7053881516925173 6.512990856793024 1.312789606918514
      vertex 2.6456347827536035 6.434314575050763 1.2782909832766336
    endloop
  endfacet
  facet normal -0.4999999999999174 1.1901077356447324e-14 0.8660254037844864
    outer loop
      vertex 2.9351596976029555 3.1999999999999993 1.445448270802018
      vertex 2.6456347827536035 6.434314575050763 1.2782909832766336
      vertex 2.577499124089499 6.365317327767013 1.23895284240551
    endloop
  endfacet
  facet normal -0.5000000000000595 -9.501465374720935e-15 0.8660254037844044
    outer loop
      vertex 2.9351596976029555 3.1999999999999993 1.445448270802018
      vertex 2.577499124089499 6.365317327767013 1.23895284240551
      vertex 2.5021469957107456 6.307179676972449 1.195448270802018
    endloop
  endfacet
  facet normal -0.49999999999994565 1.450949580667569e-14 0.86602540378447
    outer loop
      vertex 2.9351596976029555 3.1999999999999993 1.445448270802018
      vertex 2.42086769342545 6.26089637399097 1.1485216437480545
      vertex 2.335051928630577 6.2272593389687465 1.0989758888430288
    endloop
  endfacet
  facet normal -0.5000000000000702 -1.8370016677863375e-14 0.8660254037843981
    outer loop
      vertex 2.9351596976029555 3.1999999999999993 1.445448270802018
      vertex 2.335051928630577 6.2272593389687465 1.0989758888430288
      vertex 2.2461680328544276 6.206844110900953 1.0476587476900363
    endloop
  endfacet
  facet normal -0.49999999999999095 5.734936142580127e-15 0.8660254037844438
    outer loop
      vertex 2.9351596976029555 3.1999999999999993 1.445448270802018
      vertex 2.2461680328544276 6.206844110900953 1.0476587476900363
      vertex 2.155736834196972 6.199999999999999 0.9954482708020151
    endloop
  endfacet
  facet normal -0.49999999999999023 5.9649922898252645e-15 0.8660254037844444
    outer loop
      vertex 2.9351596976029555 3.1999999999999993 1.445448270802018
      vertex 2.155736834196972 6.199999999999999 0.9954482708020151
      vertex 2.0653056355395165 6.206844110900953 0.943237793913994
    endloop
  endfacet
  facet normal -0.5000000000000226 -2.6453988646694836e-15 0.8660254037844256
    outer loop
      vertex 2.9351596976029555 3.1999999999999993 1.445448270802018
      vertex 2.5021469957107456 6.307179676972449 1.195448270802018
      vertex 2.42086769342545 6.26089637399097 1.1485216437480545
    endloop
  endfacet
  facet normal -0.8660254037844344 0 -0.5000000000000074
    outer loop
      vertex 2.8726596976029555 3.1999999999999993 1.5537014462750705
      vertex 2.6351596961128365 10.799999999999997 1.9650635156536325
      vertex 2.8726596976029555 10.799999999999997 1.5537014462750705
    endloop
  endfacet
  facet normal -0.8660254037844338 0 -0.5000000000000082
    outer loop
      vertex 2.8726596976029555 3.1999999999999993 1.5537014462750705
      vertex 2.8726596976029555 10.799999999999997 1.5537014462750705
      vertex 2.9351596976029555 10.799999999999997 1.445448270802018
    endloop
  endfacet
  facet normal 0 -1 0
    outer loop
      vertex 2.8726596976029555 10.799999999999997 1.5537014462750705
      vertex 1.3138139707909744 10.799999999999997 0.6537014462750719
      vertex 2.9351596976029555 10.799999999999997 1.445448270802018
    endloop
  endfacet
  facet normal -0.5000000000000115 0 0.866025403784432
    outer loop
      vertex 2.9351596976029555 3.1999999999999993 1.445448270802018
      vertex 2.9351596976029555 10.799999999999997 1.445448270802018
      vertex 2.848557157224519 7 1.3954482708020208
    endloop
  endfacet
  facet normal -0.49999999999964684 -1.1065194562806584e-14 0.8660254037846425
    outer loop
      vertex 2.9351596976029555 10.799999999999997 1.445448270802018
      vertex 2.842629983317977 7.104420953776042 1.3920262153515495
      vertex 2.848557157224519 7 1.3954482708020208
    endloop
  endfacet
  facet normal -0.5000000000000575 2.6298301921344682e-15 0.8660254037844055
    outer loop
      vertex 2.9351596976029555 10.799999999999997 1.445448270802018
      vertex 2.8249498771872084 7.207055236082017 1.3818186013176472
      vertex 2.842629983317977 7.104420953776042 1.3920262153515495
    endloop
  endfacet
  facet normal -0.49999999999996775 -1.0397969227859694e-15 0.8660254037844572
    outer loop
      vertex 2.9351596976029555 10.799999999999997 1.445448270802018
      vertex 2.795819350349973 7.306146745892072 1.3650000838065353
      vertex 2.8249498771872084 7.207055236082017 1.3818186013176472
    endloop
  endfacet
  facet normal -0.5000000000001577 9.055881697024726e-15 0.8660254037843476
    outer loop
      vertex 2.9351596976029555 10.799999999999997 1.445448270802018
      vertex 2.7557368341969664 7.399999999999999 1.3418584323157887
      vertex 2.795819350349973 7.306146745892072 1.3650000838065353
    endloop
  endfacet
  facet normal -0.49999999999986033 -1.1870731005893856e-14 0.8660254037845194
    outer loop
      vertex 2.9351596976029555 10.799999999999997 1.445448270802018
      vertex 2.7053881516925173 7.487009143206976 1.312789606918514
      vertex 2.7557368341969664 7.399999999999999 1.3418584323157887
    endloop
  endfacet
  facet normal -0.5000000000001146 1.162687814790511e-14 0.8660254037843724
    outer loop
      vertex 2.9351596976029555 10.799999999999997 1.445448270802018
      vertex 2.6456347827536035 7.565685424949237 1.2782909832766336
      vertex 2.7053881516925173 7.487009143206976 1.312789606918514
    endloop
  endfacet
  facet normal -0.4999999999999169 -1.190107735644733e-14 0.8660254037844866
    outer loop
      vertex 2.9351596976029555 10.799999999999997 1.445448270802018
      vertex 2.577499124089499 7.634682672232987 1.23895284240551
      vertex 2.6456347827536035 7.565685424949237 1.2782909832766336
    endloop
  endfacet
  facet normal -0.5000000000000595 9.501465374720943e-15 0.8660254037844043
    outer loop
      vertex 2.9351596976029555 10.799999999999997 1.445448270802018
      vertex 2.5021469957107456 7.692820323027551 1.195448270802018
      vertex 2.577499124089499 7.634682672232987 1.23895284240551
    endloop
  endfacet
  facet normal -0.5000000000000224 2.645398864669486e-15 0.8660254037844257
    outer loop
      vertex 2.9351596976029555 10.799999999999997 1.445448270802018
      vertex 2.42086769342545 7.73910362600903 1.1485216437480545
      vertex 2.5021469957107456 7.692820323027551 1.195448270802018
    endloop
  endfacet
  facet normal -0.4999999999999452 -1.450949580667571e-14 0.8660254037844703
    outer loop
      vertex 2.9351596976029555 10.799999999999997 1.445448270802018
      vertex 2.335051928630577 7.7727406610312535 1.0989758888430288
      vertex 2.42086769342545 7.73910362600903 1.1485216437480545
    endloop
  endfacet
  facet normal -0.5000000000000703 1.8370016677863403e-14 0.8660254037843981
    outer loop
      vertex 2.9351596976029555 10.799999999999997 1.445448270802018
      vertex 2.2461680328544276 7.793155889099047 1.0476587476900363
      vertex 2.335051928630577 7.7727406610312535 1.0989758888430288
    endloop
  endfacet
  facet normal 0 1 0
    outer loop
      vertex 2.8726596976029555 3.1999999999999993 1.5537014462750705
      vertex 1.3763139707909744 3.1999999999999993 0.5454482708020123
      vertex 1.3138139707909744 3.1999999999999993 0.6537014462750719
    endloop
  endfacet
  facet normal 0.8660254037844481 0 0.4999999999999836
    outer loop
      vertex 1.3138139707909744 3.1999999999999993 0.6537014462750719
      vertex 1.3763139707909744 3.1999999999999993 0.5454482708020123
      vertex 1.3138139707909744 3.210000000000001 0.6537014462750719
    endloop
  endfacet
  facet normal 0.8660254037844345 0 0.5000000000000074
    outer loop
      vertex 1.0763139693008554 3.210000000000001 1.0650635156536339
      vertex 1.3138139707909744 3.210000000000001 0.6537014462750719
      vertex 1.0763139693008554 9.648126511061086 1.0650635156536339
    endloop
  endfacet
  facet normal 0.8660254037844481 2.0382597933471725e-15 0.4999999999999834
    outer loop
      vertex 1.3138139707909744 3.210000000000001 0.6537014462750719
      vertex 1.3763139707909744 3.1999999999999993 0.5454482708020123
      vertex 1.0763139693008554 9.648126511061086 1.0650635156536339
    endloop
  endfacet
  facet normal -0.5000000000000044 6.358995325698156e-16 0.8660254037844362
    outer loop
      vertex 2.9351596976029555 3.1999999999999993 1.445448270802018
      vertex 2.0653056355395165 6.206844110900953 0.943237793913994
      vertex 1.3763139707909744 3.1999999999999993 0.5454482708020123
    endloop
  endfacet
  facet normal -0.4999999999999138 -2.6914210481519445e-14 0.8660254037844883
    outer loop
      vertex 1.3763139707909744 3.1999999999999993 0.5454482708020123
      vertex 2.0653056355395165 6.206844110900953 0.943237793913994
      vertex 1.976421739763353 6.2272593389687465 0.8919206527610157
    endloop
  endfacet
  facet normal -0.5000000000001044 2.3266706293546163e-14 0.8660254037843784
    outer loop
      vertex 1.3763139707909744 3.1999999999999993 0.5454482708020123
      vertex 1.976421739763353 6.2272593389687465 0.8919206527610157
      vertex 1.8906059749684943 6.26089637399097 0.8423748978559757
    endloop
  endfacet
  facet normal -0.4999999999999618 -8.641636291252595e-15 0.8660254037844606
    outer loop
      vertex 1.3763139707909744 3.1999999999999993 0.5454482708020123
      vertex 1.8906059749684943 6.26089637399097 0.8423748978559757
      vertex 1.8093266726831843 6.307179676972449 0.7954482708020123
    endloop
  endfacet
  facet normal -0.49999999999994876 -1.1077318168577905e-14 0.8660254037844681
    outer loop
      vertex 1.3763139707909744 3.1999999999999993 0.5454482708020123
      vertex 1.8093266726831843 6.307179676972449 0.7954482708020123
      vertex 1.7339745443044308 6.365317327767013 0.7519436991985344
    endloop
  endfacet
  facet normal -0.5000000000000416 2.925264812403827e-15 0.8660254037844147
    outer loop
      vertex 1.3763139707909744 3.1999999999999993 0.5454482708020123
      vertex 1.7339745443044308 6.365317327767013 0.7519436991985344
      vertex 1.6658388856403263 6.434314575050763 0.7126055583273967
    endloop
  endfacet
  facet normal -0.4999999999999762 -4.867712143262153e-15 0.8660254037844524
    outer loop
      vertex 1.3763139707909744 3.1999999999999993 0.5454482708020123
      vertex 1.6658388856403263 6.434314575050763 0.7126055583273967
      vertex 1.6060855167014125 6.512990856793024 0.6781069346855304
    endloop
  endfacet
  facet normal -0.5000000000001229 8.701985737383559e-15 0.8660254037843678
    outer loop
      vertex 1.3763139707909744 3.1999999999999993 0.5454482708020123
      vertex 1.6060855167014125 6.512990856793024 0.6781069346855304
      vertex 1.5557368341969777 6.600000000000001 0.6490381092882416
    endloop
  endfacet
  facet normal -0.4999999999998312 -1.1832495478451405e-14 0.8660254037845362
    outer loop
      vertex 1.3763139707909744 3.1999999999999993 0.5454482708020123
      vertex 1.5557368341969777 6.600000000000001 0.6490381092882416
      vertex 1.515654318043957 6.693853254107928 0.6258964577975092
    endloop
  endfacet
  facet normal -0.49999999999997546 -4.1331927680742e-15 0.8660254037844527
    outer loop
      vertex 1.3763139707909744 3.1999999999999993 0.5454482708020123
      vertex 1.515654318043957 6.693853254107928 0.6258964577975092
      vertex 1.4865237912067215 6.792944763917983 0.6090779402863973
    endloop
  endfacet
  facet normal -0.5000000000000702 -2.8105055488459705e-16 0.8660254037843981
    outer loop
      vertex 1.3763139707909744 3.1999999999999993 0.5454482708020123
      vertex 1.4865237912067215 6.792944763917983 0.6090779402863973
      vertex 1.468843685075953 6.895579046223958 0.598870326252495
    endloop
  endfacet
  facet normal -0.500000000000301 7.448184727231639e-15 0.866025403784265
    outer loop
      vertex 1.3763139707909744 3.1999999999999993 0.5454482708020123
      vertex 1.468843685075953 6.895579046223958 0.598870326252495
      vertex 1.462916511169425 7 0.5954482708020237
    endloop
  endfacet
  facet normal 0.8660254037844348 -4.3507122138264126e-16 0.5000000000000064
    outer loop
      vertex 1.3763139707909744 3.1999999999999993 0.5454482708020123
      vertex 1.3138139707909744 10.79 0.6537014462750719
      vertex 1.0763139693008554 9.648126511061086 1.0650635156536339
    endloop
  endfacet
  facet normal 0.8660254037844343 0 0.5000000000000073
    outer loop
      vertex 1.0763139693008554 9.648126511061086 1.0650635156536339
      vertex 1.3138139707909744 10.79 0.6537014462750719
      vertex 1.0763139693008554 10.79 1.0650635156536339
    endloop
  endfacet
  facet normal 0.8660254037844481 0 0.4999999999999836
    outer loop
      vertex 1.3138139707909744 10.79 0.6537014462750719
      vertex 1.3763139707909744 10.799999999999997 0.5454482708020123
      vertex 1.3138139707909744 10.799999999999997 0.6537014462750719
    endloop
  endfacet
  facet normal -0.5000000000000044 -1.723082604382728e-15 0.8660254037844362
    outer loop
      vertex 2.9351596976029555 10.799999999999997 1.445448270802018
      vertex 1.3763139707909744 10.799999999999997 0.5454482708020123
      vertex 2.2461680328544276 7.793155889099047 1.0476587476900363
    endloop
  endfacet
  facet normal -0.49999999999999034 3.795904184434265e-15 0.8660254037844444
    outer loop
      vertex 1.3763139707909744 10.799999999999997 0.5454482708020123
      vertex 2.155736834196972 7.800000000000001 0.9954482708020151
      vertex 2.2461680328544276 7.793155889099047 1.0476587476900363
    endloop
  endfacet
  facet normal -0.49999999999999045 3.4757188742909878e-15 0.8660254037844441
    outer loop
      vertex 1.3763139707909744 10.799999999999997 0.5454482708020123
      vertex 2.0653056355395165 7.793155889099047 0.943237793913994
      vertex 2.155736834196972 7.800000000000001 0.9954482708020151
    endloop
  endfacet
  facet normal -0.4999999999999144 2.6914210481519477e-14 0.866025403784488
    outer loop
      vertex 1.3763139707909744 10.799999999999997 0.5454482708020123
      vertex 1.976421739763353 7.7727406610312535 0.8919206527610157
      vertex 2.0653056355395165 7.793155889099047 0.943237793913994
    endloop
  endfacet
  facet normal -0.5000000000001038 -2.3266706293546185e-14 0.8660254037843785
    outer loop
      vertex 1.3763139707909744 10.799999999999997 0.5454482708020123
      vertex 1.8906059749684943 7.73910362600903 0.8423748978559757
      vertex 1.976421739763353 7.7727406610312535 0.8919206527610157
    endloop
  endfacet
  facet normal -0.49999999999996164 8.641636291252604e-15 0.8660254037844608
    outer loop
      vertex 1.3763139707909744 10.799999999999997 0.5454482708020123
      vertex 1.8093266726831843 7.692820323027551 0.7954482708020123
      vertex 1.8906059749684943 7.73910362600903 0.8423748978559757
    endloop
  endfacet
  facet normal -0.4999999999999488 1.1077318168577916e-14 0.8660254037844681
    outer loop
      vertex 1.3763139707909744 10.799999999999997 0.5454482708020123
      vertex 1.7339745443044308 7.634682672232987 0.7519436991985344
      vertex 1.8093266726831843 7.692820323027551 0.7954482708020123
    endloop
  endfacet
  facet normal -0.5000000000000411 -2.9252648124038284e-15 0.8660254037844148
    outer loop
      vertex 1.3763139707909744 10.799999999999997 0.5454482708020123
      vertex 1.6658388856403263 7.565685424949237 0.7126055583273967
      vertex 1.7339745443044308 7.634682672232987 0.7519436991985344
    endloop
  endfacet
  facet normal -0.4999999999999764 4.867712143262157e-15 0.8660254037844523
    outer loop
      vertex 1.3763139707909744 10.799999999999997 0.5454482708020123
      vertex 1.6060855167014125 7.487009143206976 0.6781069346855304
      vertex 1.6658388856403263 7.565685424949237 0.7126055583273967
    endloop
  endfacet
  facet normal -0.5000000000001229 -8.701985737383565e-15 0.8660254037843678
    outer loop
      vertex 1.3763139707909744 10.799999999999997 0.5454482708020123
      vertex 1.5557368341969777 7.399999999999999 0.6490381092882416
      vertex 1.6060855167014125 7.487009143206976 0.6781069346855304
    endloop
  endfacet
  facet normal -0.5000000000000565 0 0.8660254037844061
    outer loop
      vertex 1.3763139707909744 3.1999999999999993 0.5454482708020123
      vertex 1.462916511169425 7 0.5954482708020237
      vertex 1.3763139707909744 10.799999999999997 0.5454482708020123
    endloop
  endfacet
  facet normal -0.5000000000003015 -7.448184727231636e-15 0.8660254037842646
    outer loop
      vertex 1.3763139707909744 10.799999999999997 0.5454482708020123
      vertex 1.462916511169425 7 0.5954482708020237
      vertex 1.468843685075953 7.104420953776042 0.598870326252495
    endloop
  endfacet
  facet normal -0.4999999999998311 1.183249547845141e-14 0.8660254037845363
    outer loop
      vertex 1.3763139707909744 10.799999999999997 0.5454482708020123
      vertex 1.515654318043957 7.306146745892072 0.6258964577975092
      vertex 1.5557368341969777 7.399999999999999 0.6490381092882416
    endloop
  endfacet
  facet normal -0.5000000000000703 2.810505548845973e-16 0.8660254037843982
    outer loop
      vertex 1.3763139707909744 10.799999999999997 0.5454482708020123
      vertex 1.468843685075953 7.104420953776042 0.598870326252495
      vertex 1.4865237912067215 7.207055236082017 0.6090779402863973
    endloop
  endfacet
  facet normal -0.4999999999999758 4.133192768074207e-15 0.8660254037844528
    outer loop
      vertex 1.3763139707909744 10.799999999999997 0.5454482708020123
      vertex 1.4865237912067215 7.207055236082017 0.6090779402863973
      vertex 1.515654318043957 7.306146745892072 0.6258964577975092
    endloop
  endfacet
  facet normal 0.8660254037844481 0 0.49999999999998357
    outer loop
      vertex 1.3763139707909744 3.1999999999999993 0.5454482708020123
      vertex 1.3763139707909744 10.799999999999997 0.5454482708020123
      vertex 1.3138139707909744 10.79 0.6537014462750719
    endloop
  endfacet
  facet normal 0 -1 0
    outer loop
      vertex 2.9351596976029555 10.799999999999997 1.445448270802018
      vertex 1.3138139707909744 10.799999999999997 0.6537014462750719
      vertex 1.3763139707909744 10.799999999999997 0.5454482708020123
    endloop
  endfacet
  facet normal 0.8641711769176026 -0.06540312923012231 0.4989294616193289
    outer loop
      vertex 2.767629983317974 6.895579046223958 1.521930025919211
      vertex 2.842629983317977 6.895579046223958 1.3920262153515495
      vertex 2.7735571572245163 7 1.5253520813696824
    endloop
  endfacet
  facet normal 0.8200655477516323 -0.3214394653031709 0.4734650647475763
    outer loop
      vertex 2.72081935034997 6.693853254107928 1.4949038943741968
      vertex 2.795819350349973 6.693853254107928 1.3650000838065353
      vertex 2.7499498771872055 6.792944763917983 1.5117224118853088
    endloop
  endfacet
  facet normal -0.5000000000000691 0 0.8660254037843989
    outer loop
      vertex 2.7499498771872055 6.792944763917983 1.5117224118853088
      vertex 2.767629983317974 6.895579046223958 1.521930025919211
      vertex 2.7499498771872055 7.207055236082017 1.5117224118853088
    endloop
  endfacet
  facet normal -0.49999999999996514 0 0.8660254037844588
    outer loop
      vertex 2.72081935034997 6.693853254107928 1.4949038943741968
      vertex 2.7499498771872055 6.792944763917983 1.5117224118853088
      vertex 2.72081935034997 7.306146745892072 1.4949038943741968
    endloop
  endfacet
  facet normal 0.8493849684870136 -0.19509032201620352 0.49039264020163376
    outer loop
      vertex 2.7499498771872055 6.792944763917983 1.5117224118853088
      vertex 2.8249498771872084 6.792944763917983 1.3818186013176472
      vertex 2.767629983317974 6.895579046223958 1.521930025919211
    endloop
  endfacet
  facet normal 0.7200738067287603 -0.555570233019653 0.4157348061512778
    outer loop
      vertex 2.6303881516925145 6.512990856793024 1.4426934174861756
      vertex 2.7053881516925173 6.512990856793024 1.312789606918514
      vertex 2.6807368341969635 6.600000000000001 1.4717622428834574
    endloop
  endfacet
  facet normal 0.6511123728532339 -0.6593458151000158 0.37591990373951656
    outer loop
      vertex 2.6303881516925145 6.512990856793024 1.4426934174861756
      vertex 2.5706347827536007 6.434314575050763 1.4081947938443022
      vertex 2.6456347827536035 6.434314575050763 1.2782909832766336
    endloop
  endfacet
  facet normal 0.7767145781291142 -0.44228869021896755 0.44843637076635784
    outer loop
      vertex 2.72081935034997 6.693853254107928 1.4949038943741968
      vertex 2.6807368341969635 6.600000000000001 1.4717622428834574
      vertex 2.7557368341969664 6.600000000000001 1.3418584323157887
    endloop
  endfacet
  facet normal -0.5000000000000585 0 0.8660254037844051
    outer loop
      vertex 2.72081935034997 6.693853254107928 1.4949038943741968
      vertex 2.6807368341969635 7.399999999999999 1.4717622428834574
      vertex 2.6807368341969635 6.600000000000001 1.4717622428834574
    endloop
  endfacet
  facet normal -0.4999999999999367 0 0.8660254037844753
    outer loop
      vertex 2.6303881516925145 6.512990856793024 1.4426934174861756
      vertex 2.6807368341969635 6.600000000000001 1.4717622428834574
      vertex 2.6303881516925145 7.487009143206976 1.4426934174861756
    endloop
  endfacet
  facet normal -0.5000000000000487 0 0.8660254037844105
    outer loop
      vertex 2.6303881516925145 6.512990856793024 1.4426934174861756
      vertex 2.5706347827536007 7.565685424949237 1.4081947938443022
      vertex 2.5706347827536007 6.434314575050763 1.4081947938443022
    endloop
  endfacet
  facet normal 0.5710102257555935 -0.7518398074789909 0.32967290755004414
    outer loop
      vertex 2.5024991240894963 6.365317327767013 1.3688566529731716
      vertex 2.577499124089499 6.365317327767013 1.23895284240551
      vertex 2.5706347827536007 6.434314575050763 1.4081947938443022
    endloop
  endfacet
  facet normal -0.499999999999976 0 0.8660254037844525
    outer loop
      vertex 2.5024991240894963 6.365317327767013 1.3688566529731716
      vertex 2.5706347827536007 6.434314575050763 1.4081947938443022
      vertex 2.5024991240894963 7.634682672232987 1.3688566529731716
    endloop
  endfacet
  facet normal 0.48113793538144506 -0.8314696123025211 0.2777851165098225
    outer loop
      vertex 2.5024991240894963 6.365317327767013 1.3688566529731716
      vertex 2.4271469957107428 6.307179676972449 1.3253520813696866
      vertex 2.5021469957107456 6.307179676972449 1.195448270802018
    endloop
  endfacet
  facet normal 0.383033241536221 -0.8968727415326762 0.22114434510951564
    outer loop
      vertex 2.4271469957107428 6.307179676972449 1.3253520813696866
      vertex 2.345867693425447 6.26089637399097 1.2784254543157232
      vertex 2.42086769342545 6.26089637399097 1.1485216437480545
    endloop
  endfacet
  facet normal -0.5000000000000036 0 0.8660254037844366
    outer loop
      vertex 2.5024991240894963 6.365317327767013 1.3688566529731716
      vertex 2.4271469957107428 7.692820323027551 1.3253520813696866
      vertex 2.4271469957107428 6.307179676972449 1.3253520813696866
    endloop
  endfacet
  facet normal -0.5000000000000236 0 0.8660254037844249
    outer loop
      vertex 2.4271469957107428 6.307179676972449 1.3253520813696866
      vertex 2.345867693425447 7.73910362600903 1.2784254543157232
      vertex 2.345867693425447 6.26089637399097 1.2784254543157232
    endloop
  endfacet
  facet normal 0.27837474273138096 -0.9469301294951208 0.160719732651567
    outer loop
      vertex 2.345867693425447 6.26089637399097 1.2784254543157232
      vertex 2.260051928630574 6.2272593389687465 1.2288796994106903
      vertex 2.335051928630577 6.2272593389687465 1.0989758888430288
    endloop
  endfacet
  facet normal -0.49999999999999517 0 0.8660254037844414
    outer loop
      vertex 2.345867693425447 6.26089637399097 1.2784254543157232
      vertex 2.260051928630574 7.7727406610312535 1.2288796994106903
      vertex 2.260051928630574 6.2272593389687465 1.2288796994106903
    endloop
  endfacet
  facet normal 0.1689531748984683 -0.9807852804032271 0.09754516100807416
    outer loop
      vertex 2.260051928630574 6.2272593389687465 1.2288796994106903
      vertex 2.1711680328544247 6.206844110900953 1.177562558257705
      vertex 2.2461680328544276 6.206844110900953 1.0476587476900363
    endloop
  endfacet
  facet normal -0.5000000000000212 0 0.8660254037844263
    outer loop
      vertex 2.260051928630574 6.2272593389687465 1.2288796994106903
      vertex 2.1711680328544247 7.793155889099047 1.177562558257705
      vertex 2.1711680328544247 6.206844110900953 1.177562558257705
    endloop
  endfacet
  facet normal 0.8641711769176026 -0.06540312923012234 0.4989294616193289
    outer loop
      vertex 2.7735571572245163 7 1.5253520813696824
      vertex 2.842629983317977 6.895579046223958 1.3920262153515495
      vertex 2.848557157224519 7 1.3954482708020208
    endloop
  endfacet
  facet normal 0.8200655477516323 -0.3214394653031709 0.4734650647475763
    outer loop
      vertex 2.7499498771872055 6.792944763917983 1.5117224118853088
      vertex 2.795819350349973 6.693853254107928 1.3650000838065353
      vertex 2.8249498771872084 6.792944763917983 1.3818186013176472
    endloop
  endfacet
  facet normal 0.776714578129092 -0.44228869021899486 0.4484363707663695
    outer loop
      vertex 2.72081935034997 6.693853254107928 1.4949038943741968
      vertex 2.7557368341969664 6.600000000000001 1.3418584323157887
      vertex 2.795819350349973 6.693853254107928 1.3650000838065353
    endloop
  endfacet
  facet normal 0.8493849684870136 -0.19509032201620358 0.49039264020163376
    outer loop
      vertex 2.767629983317974 6.895579046223958 1.521930025919211
      vertex 2.8249498771872084 6.792944763917983 1.3818186013176472
      vertex 2.842629983317977 6.895579046223958 1.3920262153515495
    endloop
  endfacet
  facet normal 0.6511123728532103 -0.659345815100035 0.37591990373952355
    outer loop
      vertex 2.6303881516925145 6.512990856793024 1.4426934174861756
      vertex 2.6456347827536035 6.434314575050763 1.2782909832766336
      vertex 2.7053881516925173 6.512990856793024 1.312789606918514
    endloop
  endfacet
  facet normal 0.7200738067287837 -0.5555702330196294 0.41573480615126845
    outer loop
      vertex 2.6807368341969635 6.600000000000001 1.4717622428834574
      vertex 2.7053881516925173 6.512990856793024 1.312789606918514
      vertex 2.7557368341969664 6.600000000000001 1.3418584323157887
    endloop
  endfacet
  facet normal 0.5710102257556158 -0.7518398074789762 0.3296729075500391
    outer loop
      vertex 2.5706347827536007 6.434314575050763 1.4081947938443022
      vertex 2.577499124089499 6.365317327767013 1.23895284240551
      vertex 2.6456347827536035 6.434314575050763 1.2782909832766336
    endloop
  endfacet
  facet normal 0.4811379353814249 -0.8314696123025317 0.27778511650982607
    outer loop
      vertex 2.5024991240894963 6.365317327767013 1.3688566529731716
      vertex 2.5021469957107456 6.307179676972449 1.195448270802018
      vertex 2.577499124089499 6.365317327767013 1.23895284240551
    endloop
  endfacet
  facet normal 0.3830332415362209 -0.8968727415326762 0.22114434510951564
    outer loop
      vertex 2.4271469957107428 6.307179676972449 1.3253520813696866
      vertex 2.42086769342545 6.26089637399097 1.1485216437480545
      vertex 2.5021469957107456 6.307179676972449 1.195448270802018
    endloop
  endfacet
  facet normal 0.2783747427313938 -0.9469301294951173 0.1607197326515656
    outer loop
      vertex 2.345867693425447 6.26089637399097 1.2784254543157232
      vertex 2.335051928630577 6.2272593389687465 1.0989758888430288
      vertex 2.42086769342545 6.26089637399097 1.1485216437480545
    endloop
  endfacet
  facet normal 0.16895317489846035 -0.9807852804032281 0.0975451610080749
    outer loop
      vertex 2.260051928630574 6.2272593389687465 1.2288796994106903
      vertex 2.2461680328544276 6.206844110900953 1.0476587476900363
      vertex 2.335051928630577 6.2272593389687465 1.0989758888430288
    endloop
  endfacet
  facet normal 0.05664077140031271 -0.9978589232386025 0.03270156461507912
    outer loop
      vertex 2.1711680328544247 6.206844110900953 1.177562558257705
      vertex 2.155736834196972 6.199999999999999 0.9954482708020151
      vertex 2.2461680328544276 6.206844110900953 1.0476587476900363
    endloop
  endfacet
  facet normal -0.49999999999950057 0 0.8660254037847269
    outer loop
      vertex 2.767629983317974 6.895579046223958 1.521930025919211
      vertex 2.7735571572245163 7 1.5253520813696824
      vertex 2.767629983317974 7.104420953776042 1.521930025919211
    endloop
  endfacet
  facet normal 0.8641711769176026 0.06540312923012231 0.4989294616193289
    outer loop
      vertex 2.7735571572245163 7 1.5253520813696824
      vertex 2.848557157224519 7 1.3954482708020208
      vertex 2.767629983317974 7.104420953776042 1.521930025919211
    endloop
  endfacet
  facet normal -0.500000000000069 0 0.8660254037843987
    outer loop
      vertex 2.767629983317974 6.895579046223958 1.521930025919211
      vertex 2.767629983317974 7.104420953776042 1.521930025919211
      vertex 2.7499498771872055 7.207055236082017 1.5117224118853088
    endloop
  endfacet
  facet normal -0.49999999999996514 0 0.8660254037844588
    outer loop
      vertex 2.7499498771872055 6.792944763917983 1.5117224118853088
      vertex 2.7499498771872055 7.207055236082017 1.5117224118853088
      vertex 2.72081935034997 7.306146745892072 1.4949038943741968
    endloop
  endfacet
  facet normal -0.5000000000000584 0 0.866025403784405
    outer loop
      vertex 2.72081935034997 6.693853254107928 1.4949038943741968
      vertex 2.72081935034997 7.306146745892072 1.4949038943741968
      vertex 2.6807368341969635 7.399999999999999 1.4717622428834574
    endloop
  endfacet
  facet normal 0.8493849684870136 0.19509032201620352 0.49039264020163376
    outer loop
      vertex 2.767629983317974 7.104420953776042 1.521930025919211
      vertex 2.842629983317977 7.104420953776042 1.3920262153515495
      vertex 2.7499498771872055 7.207055236082017 1.5117224118853088
    endloop
  endfacet
  facet normal 0.8200655477516323 0.3214394653031709 0.4734650647475763
    outer loop
      vertex 2.7499498771872055 7.207055236082017 1.5117224118853088
      vertex 2.8249498771872084 7.207055236082017 1.3818186013176472
      vertex 2.72081935034997 7.306146745892072 1.4949038943741968
    endloop
  endfacet
  facet normal 0.7767145781291036 0.4422886902189676 0.44843637076637627
    outer loop
      vertex 2.72081935034997 7.306146745892072 1.4949038943741968
      vertex 2.795819350349973 7.306146745892072 1.3650000838065353
      vertex 2.6807368341969635 7.399999999999999 1.4717622428834574
    endloop
  endfacet
  facet normal -0.4999999999999366 0 0.8660254037844753
    outer loop
      vertex 2.6807368341969635 6.600000000000001 1.4717622428834574
      vertex 2.6807368341969635 7.399999999999999 1.4717622428834574
      vertex 2.6303881516925145 7.487009143206976 1.4426934174861756
    endloop
  endfacet
  facet normal 0.7200738067287702 0.5555702330196529 0.4157348061512607
    outer loop
      vertex 2.6807368341969635 7.399999999999999 1.4717622428834574
      vertex 2.7557368341969664 7.399999999999999 1.3418584323157887
      vertex 2.6303881516925145 7.487009143206976 1.4426934174861756
    endloop
  endfacet
  facet normal -0.5000000000000487 0 0.8660254037844105
    outer loop
      vertex 2.6303881516925145 6.512990856793024 1.4426934174861756
      vertex 2.6303881516925145 7.487009143206976 1.4426934174861756
      vertex 2.5706347827536007 7.565685424949237 1.4081947938443022
    endloop
  endfacet
  facet normal 0.6511123728532249 0.6593458151000157 0.375919903739532
    outer loop
      vertex 2.6303881516925145 7.487009143206976 1.4426934174861756
      vertex 2.7053881516925173 7.487009143206976 1.312789606918514
      vertex 2.5706347827536007 7.565685424949237 1.4081947938443022
    endloop
  endfacet
  facet normal -0.49999999999997596 0 0.8660254037844525
    outer loop
      vertex 2.5706347827536007 6.434314575050763 1.4081947938443022
      vertex 2.5706347827536007 7.565685424949237 1.4081947938443022
      vertex 2.5024991240894963 7.634682672232987 1.3688566529731716
    endloop
  endfacet
  facet normal -0.5000000000000036 0 0.8660254037844366
    outer loop
      vertex 2.5024991240894963 6.365317327767013 1.3688566529731716
      vertex 2.5024991240894963 7.634682672232987 1.3688566529731716
      vertex 2.4271469957107428 7.692820323027551 1.3253520813696866
    endloop
  endfacet
  facet normal 0.5710102257556012 0.751839807478991 0.3296729075500307
    outer loop
      vertex 2.5706347827536007 7.565685424949237 1.4081947938443022
      vertex 2.6456347827536035 7.565685424949237 1.2782909832766336
      vertex 2.5024991240894963 7.634682672232987 1.3688566529731716
    endloop
  endfacet
  facet normal 0.4811379353814384 0.831469612302521 0.2777851165098339
    outer loop
      vertex 2.5024991240894963 7.634682672232987 1.3688566529731716
      vertex 2.577499124089499 7.634682672232987 1.23895284240551
      vertex 2.4271469957107428 7.692820323027551 1.3253520813696866
    endloop
  endfacet
  facet normal -0.5000000000000235 0 0.866025403784425
    outer loop
      vertex 2.4271469957107428 6.307179676972449 1.3253520813696866
      vertex 2.4271469957107428 7.692820323027551 1.3253520813696866
      vertex 2.345867693425447 7.73910362600903 1.2784254543157232
    endloop
  endfacet
  facet normal 0.3830332415362209 0.8968727415326762 0.22114434510951564
    outer loop
      vertex 2.4271469957107428 7.692820323027551 1.3253520813696866
      vertex 2.5021469957107456 7.692820323027551 1.195448270802018
      vertex 2.345867693425447 7.73910362600903 1.2784254543157232
    endloop
  endfacet
  facet normal -0.4999999999999953 0 0.8660254037844415
    outer loop
      vertex 2.345867693425447 6.26089637399097 1.2784254543157232
      vertex 2.345867693425447 7.73910362600903 1.2784254543157232
      vertex 2.260051928630574 7.7727406610312535 1.2288796994106903
    endloop
  endfacet
  facet normal 0.27837474273138485 0.9469301294951208 0.16071973265156042
    outer loop
      vertex 2.345867693425447 7.73910362600903 1.2784254543157232
      vertex 2.42086769342545 7.73910362600903 1.1485216437480545
      vertex 2.260051928630574 7.7727406610312535 1.2288796994106903
    endloop
  endfacet
  facet normal -0.5000000000000213 0 0.8660254037844263
    outer loop
      vertex 2.260051928630574 6.2272593389687465 1.2288796994106903
      vertex 2.260051928630574 7.7727406610312535 1.2288796994106903
      vertex 2.1711680328544247 7.793155889099047 1.177562558257705
    endloop
  endfacet
  facet normal -0.4999999999999906 0 0.8660254037844441
    outer loop
      vertex 2.1711680328544247 6.206844110900953 1.177562558257705
      vertex 2.1711680328544247 7.793155889099047 1.177562558257705
      vertex 2.080736834196969 7.800000000000001 1.1253520813696838
    endloop
  endfacet
  facet normal 0.16895317489846595 0.9807852804032269 0.09754516100807813
    outer loop
      vertex 2.260051928630574 7.7727406610312535 1.2288796994106903
      vertex 2.335051928630577 7.7727406610312535 1.0989758888430288
      vertex 2.1711680328544247 7.793155889099047 1.177562558257705
    endloop
  endfacet
  facet normal 0.0566407714003127 0.9978589232386025 0.032701564615079115
    outer loop
      vertex 2.1711680328544247 7.793155889099047 1.177562558257705
      vertex 2.2461680328544276 7.793155889099047 1.0476587476900363
      vertex 2.080736834196969 7.800000000000001 1.1253520813696838
    endloop
  endfacet
  facet normal 0.8641711769176026 0.06540312923012223 0.4989294616193289
    outer loop
      vertex 2.767629983317974 7.104420953776042 1.521930025919211
      vertex 2.848557157224519 7 1.3954482708020208
      vertex 2.842629983317977 7.104420953776042 1.3920262153515495
    endloop
  endfacet
  facet normal 0.8493849684870136 0.19509032201620352 0.49039264020163376
    outer loop
      vertex 2.7499498771872055 7.207055236082017 1.5117224118853088
      vertex 2.842629983317977 7.104420953776042 1.3920262153515495
      vertex 2.8249498771872084 7.207055236082017 1.3818186013176472
    endloop
  endfacet
  facet normal 0.8200655477516323 0.32143946530317097 0.4734650647475763
    outer loop
      vertex 2.72081935034997 7.306146745892072 1.4949038943741968
      vertex 2.8249498771872084 7.207055236082017 1.3818186013176472
      vertex 2.795819350349973 7.306146745892072 1.3650000838065353
    endloop
  endfacet
  facet normal 0.7767145781291026 0.4422886902189949 0.4484363707663512
    outer loop
      vertex 2.6807368341969635 7.399999999999999 1.4717622428834574
      vertex 2.795819350349973 7.306146745892072 1.3650000838065353
      vertex 2.7557368341969664 7.399999999999999 1.3418584323157887
    endloop
  endfacet
  facet normal 0.720073806728774 0.5555702330196295 0.41573480615128566
    outer loop
      vertex 2.6303881516925145 7.487009143206976 1.4426934174861756
      vertex 2.7557368341969664 7.399999999999999 1.3418584323157887
      vertex 2.7053881516925173 7.487009143206976 1.312789606918514
    endloop
  endfacet
  facet normal 0.6511123728532192 0.6593458151000349 0.3759199037395081
    outer loop
      vertex 2.5706347827536007 7.565685424949237 1.4081947938443022
      vertex 2.7053881516925173 7.487009143206976 1.312789606918514
      vertex 2.6456347827536035 7.565685424949237 1.2782909832766336
    endloop
  endfacet
  facet normal 0.5710102257556081 0.7518398074789763 0.32967290755005263
    outer loop
      vertex 2.5024991240894963 7.634682672232987 1.3688566529731716
      vertex 2.6456347827536035 7.565685424949237 1.2782909832766336
      vertex 2.577499124089499 7.634682672232987 1.23895284240551
    endloop
  endfacet
  facet normal 0.48113793538143146 0.8314696123025316 0.27778511650981463
    outer loop
      vertex 2.4271469957107428 7.692820323027551 1.3253520813696866
      vertex 2.577499124089499 7.634682672232987 1.23895284240551
      vertex 2.5021469957107456 7.692820323027551 1.195448270802018
    endloop
  endfacet
  facet normal 0.3830332415362209 0.8968727415326762 0.22114434510951564
    outer loop
      vertex 2.345867693425447 7.73910362600903 1.2784254543157232
      vertex 2.5021469957107456 7.692820323027551 1.195448270802018
      vertex 2.42086769342545 7.73910362600903 1.1485216437480545
    endloop
  endfacet
  facet normal 0.27837474273139 0.9469301294951172 0.1607197326515722
    outer loop
      vertex 2.260051928630574 7.7727406610312535 1.2288796994106903
      vertex 2.42086769342545 7.73910362600903 1.1485216437480545
      vertex 2.335051928630577 7.7727406610312535 1.0989758888430288
    endloop
  endfacet
  facet normal 0.16895317489846262 0.9807852804032281 0.09754516100807088
    outer loop
      vertex 2.1711680328544247 7.793155889099047 1.177562558257705
      vertex 2.335051928630577 7.7727406610312535 1.0989758888430288
      vertex 2.2461680328544276 7.793155889099047 1.0476587476900363
    endloop
  endfacet
  facet normal 0.05664077140031271 -0.9978589232386025 0.03270156461507912
    outer loop
      vertex 2.1711680328544247 6.206844110900953 1.177562558257705
      vertex 2.080736834196969 6.199999999999999 1.1253520813696838
      vertex 2.155736834196972 6.199999999999999 0.9954482708020151
    endloop
  endfacet
  facet normal -0.05664077140031271 -0.9978589232386025 -0.03270156461507912
    outer loop
      vertex 2.080736834196969 6.199999999999999 1.1253520813696838
      vertex 1.9903056355395137 6.206844110900953 1.0731416044816626
      vertex 2.0653056355395165 6.206844110900953 0.943237793913994
    endloop
  endfacet
  facet normal -0.4999999999999906 0 0.866025403784444
    outer loop
      vertex 2.1711680328544247 6.206844110900953 1.177562558257705
      vertex 2.080736834196969 7.800000000000001 1.1253520813696838
      vertex 2.080736834196969 6.199999999999999 1.1253520813696838
    endloop
  endfacet
  facet normal -0.4999999999999906 0 0.8660254037844441
    outer loop
      vertex 2.080736834196969 6.199999999999999 1.1253520813696838
      vertex 1.9903056355395137 7.793155889099047 1.0731416044816626
      vertex 1.9903056355395137 6.206844110900953 1.0731416044816626
    endloop
  endfacet
  facet normal -0.1689531748984465 -0.9807852804032313 -0.0975451610080669
    outer loop
      vertex 1.9903056355395137 6.206844110900953 1.0731416044816626
      vertex 1.9014217397633502 6.2272593389687465 1.0218244633286773
      vertex 1.976421739763353 6.2272593389687465 0.8919206527610157
    endloop
  endfacet
  facet normal -0.4999999999999613 0 0.8660254037844609
    outer loop
      vertex 1.9903056355395137 6.206844110900953 1.0731416044816626
      vertex 1.9014217397633502 7.7727406610312535 1.0218244633286773
      vertex 1.9014217397633502 6.2272593389687465 1.0218244633286773
    endloop
  endfacet
  facet normal -0.2783747427314158 -0.9469301294951086 -0.16071973265157832
    outer loop
      vertex 1.9014217397633502 6.2272593389687465 1.0218244633286773
      vertex 1.8156059749684914 6.26089637399097 0.9722787084236444
      vertex 1.8906059749684943 6.26089637399097 0.8423748978559757
    endloop
  endfacet
  facet normal -0.5000000000000573 0 0.8660254037844056
    outer loop
      vertex 1.9014217397633502 6.2272593389687465 1.0218244633286773
      vertex 1.8156059749684914 7.73910362600903 0.9722787084236444
      vertex 1.8156059749684914 6.26089637399097 0.9722787084236444
    endloop
  endfacet
  facet normal -0.38303324153618057 -0.8968727415326992 -0.2211443451094923
    outer loop
      vertex 1.8156059749684914 6.26089637399097 0.9722787084236444
      vertex 1.7343266726831814 6.307179676972449 0.925352081369681
      vertex 1.8093266726831843 6.307179676972449 0.7954482708020123
    endloop
  endfacet
  facet normal -0.4811379353814384 -0.831469612302521 -0.2777851165098339
    outer loop
      vertex 1.7343266726831814 6.307179676972449 0.925352081369681
      vertex 1.658974544304428 6.365317327767013 0.881847509766196
      vertex 1.7339745443044308 6.365317327767013 0.7519436991985344
    endloop
  endfacet
  facet normal -0.4999999999999581 0 0.866025403784463
    outer loop
      vertex 1.8156059749684914 6.26089637399097 0.9722787084236444
      vertex 1.7343266726831814 7.692820323027551 0.925352081369681
      vertex 1.7343266726831814 6.307179676972449 0.925352081369681
    endloop
  endfacet
  facet normal -0.5000000000000036 0 0.8660254037844366
    outer loop
      vertex 1.7343266726831814 6.307179676972449 0.925352081369681
      vertex 1.658974544304428 7.634682672232987 0.881847509766196
      vertex 1.658974544304428 6.365317327767013 0.881847509766196
    endloop
  endfacet
  facet normal -0.5710102257556012 -0.7518398074789908 -0.3296729075500306
    outer loop
      vertex 1.658974544304428 6.365317327767013 0.881847509766196
      vertex 1.5908388856403235 6.434314575050763 0.8425093688950653
      vertex 1.6658388856403263 6.434314575050763 0.7126055583273967
    endloop
  endfacet
  facet normal -0.6511123728532249 -0.6593458151000158 -0.37591990373953194
    outer loop
      vertex 1.5908388856403235 6.434314575050763 0.8425093688950653
      vertex 1.5310855167014097 6.512990856793024 0.8080107452531919
      vertex 1.6060855167014125 6.512990856793024 0.6781069346855304
    endloop
  endfacet
  facet normal -0.49999999999997596 0 0.8660254037844525
    outer loop
      vertex 1.658974544304428 6.365317327767013 0.881847509766196
      vertex 1.5908388856403235 7.565685424949237 0.8425093688950653
      vertex 1.5908388856403235 6.434314575050763 0.8425093688950653
    endloop
  endfacet
  facet normal -0.5000000000000487 0 0.8660254037844105
    outer loop
      vertex 1.5908388856403235 6.434314575050763 0.8425093688950653
      vertex 1.5310855167014097 7.487009143206976 0.8080107452531919
      vertex 1.5310855167014097 6.512990856793024 0.8080107452531919
    endloop
  endfacet
  facet normal -0.7200738067288172 -0.5555702330195715 -0.4157348061512878
    outer loop
      vertex 1.5310855167014097 6.512990856793024 0.8080107452531919
      vertex 1.4807368341969749 6.600000000000001 0.7789419198559102
      vertex 1.5557368341969777 6.600000000000001 0.6490381092882416
    endloop
  endfacet
  facet normal -0.5000000000000424 0 0.8660254037844141
    outer loop
      vertex 1.5310855167014097 6.512990856793024 0.8080107452531919
      vertex 1.4807368341969749 7.399999999999999 0.7789419198559102
      vertex 1.4807368341969749 6.600000000000001 0.7789419198559102
    endloop
  endfacet
  facet normal -0.7767145781290631 -0.4422886902190622 -0.44843637076635295
    outer loop
      vertex 1.4807368341969749 6.600000000000001 0.7789419198559102
      vertex 1.4406543180439542 6.693853254107928 0.7558002683651708
      vertex 1.515654318043957 6.693853254107928 0.6258964577975092
    endloop
  endfacet
  facet normal -0.4999999999999255 0 0.8660254037844817
    outer loop
      vertex 1.4807368341969749 6.600000000000001 0.7789419198559102
      vertex 1.4406543180439542 7.306146745892072 0.7558002683651708
      vertex 1.4406543180439542 6.693853254107928 0.7558002683651708
    endloop
  endfacet
  facet normal -0.8200655477516323 -0.32143946530317086 -0.4734650647475763
    outer loop
      vertex 1.4406543180439542 6.693853254107928 0.7558002683651708
      vertex 1.4115237912067187 6.792944763917983 0.7389817508540588
      vertex 1.4865237912067215 6.792944763917983 0.6090779402863973
    endloop
  endfacet
  facet normal -0.4999999999999651 0 0.8660254037844588
    outer loop
      vertex 1.4406543180439542 6.693853254107928 0.7558002683651708
      vertex 1.4115237912067187 7.207055236082017 0.7389817508540588
      vertex 1.4115237912067187 6.792944763917983 0.7389817508540588
    endloop
  endfacet
  facet normal -0.500000000000069 0 0.8660254037843987
    outer loop
      vertex 1.4115237912067187 6.792944763917983 0.7389817508540588
      vertex 1.3938436850759501 7.104420953776042 0.7287741368201566
      vertex 1.3938436850759501 6.895579046223958 0.7287741368201566
    endloop
  endfacet
  facet normal -0.8493849684870136 -0.19509032201620355 -0.49039264020163376
    outer loop
      vertex 1.4115237912067187 6.792944763917983 0.7389817508540588
      vertex 1.3938436850759501 6.895579046223958 0.7287741368201566
      vertex 1.468843685075953 6.895579046223958 0.598870326252495
    endloop
  endfacet
  facet normal -0.8641711769176094 -0.06540312923000521 -0.49892946161933266
    outer loop
      vertex 1.3938436850759501 6.895579046223958 0.7287741368201566
      vertex 1.387916511169422 7 0.7253520813696852
      vertex 1.462916511169425 7 0.5954482708020237
    endloop
  endfacet
  facet normal -0.05664077140031271 -0.9978589232386025 -0.03270156461507912
    outer loop
      vertex 2.080736834196969 6.199999999999999 1.1253520813696838
      vertex 2.0653056355395165 6.206844110900953 0.943237793913994
      vertex 2.155736834196972 6.199999999999999 0.9954482708020151
    endloop
  endfacet
  facet normal -0.1689531748984544 -0.9807852804032301 -0.09754516100806615
    outer loop
      vertex 1.9903056355395137 6.206844110900953 1.0731416044816626
      vertex 1.976421739763353 6.2272593389687465 0.8919206527610157
      vertex 2.0653056355395165 6.206844110900953 0.943237793913994
    endloop
  endfacet
  facet normal -0.27837474273140306 -0.946930129495112 -0.1607197326515797
    outer loop
      vertex 1.9014217397633502 6.2272593389687465 1.0218244633286773
      vertex 1.8906059749684943 6.26089637399097 0.8423748978559757
      vertex 1.976421739763353 6.2272593389687465 0.8919206527610157
    endloop
  endfacet
  facet normal -0.3830332415361805 -0.8968727415326991 -0.22114434510949232
    outer loop
      vertex 1.8156059749684914 6.26089637399097 0.9722787084236444
      vertex 1.8093266726831843 6.307179676972449 0.7954482708020123
      vertex 1.8906059749684943 6.26089637399097 0.8423748978559757
    endloop
  endfacet
  facet normal -0.48113793538145866 -0.8314696123025108 -0.2777851165098304
    outer loop
      vertex 1.7343266726831814 6.307179676972449 0.925352081369681
      vertex 1.7339745443044308 6.365317327767013 0.7519436991985344
      vertex 1.8093266726831843 6.307179676972449 0.7954482708020123
    endloop
  endfacet
  facet normal -0.5710102257555789 -0.7518398074790057 -0.3296729075500358
    outer loop
      vertex 1.658974544304428 6.365317327767013 0.881847509766196
      vertex 1.6658388856403263 6.434314575050763 0.7126055583273967
      vertex 1.7339745443044308 6.365317327767013 0.7519436991985344
    endloop
  endfacet
  facet normal -0.6511123728532484 -0.6593458150999966 -0.375919903739525
    outer loop
      vertex 1.5908388856403235 6.434314575050763 0.8425093688950653
      vertex 1.6060855167014125 6.512990856793024 0.6781069346855304
      vertex 1.6658388856403263 6.434314575050763 0.7126055583273967
    endloop
  endfacet
  facet normal -0.720073806728794 -0.5555702330195952 -0.41573480615129715
    outer loop
      vertex 1.5310855167014097 6.512990856793024 0.8080107452531919
      vertex 1.5557368341969777 6.600000000000001 0.6490381092882416
      vertex 1.6060855167014125 6.512990856793024 0.6781069346855304
    endloop
  endfacet
  facet normal -0.7767145781290854 -0.44228869021903494 -0.44843637076634124
    outer loop
      vertex 1.4807368341969749 6.600000000000001 0.7789419198559102
      vertex 1.515654318043957 6.693853254107928 0.6258964577975092
      vertex 1.5557368341969777 6.600000000000001 0.6490381092882416
    endloop
  endfacet
  facet normal -0.8200655477516323 -0.3214394653031709 -0.4734650647475763
    outer loop
      vertex 1.4406543180439542 6.693853254107928 0.7558002683651708
      vertex 1.4865237912067215 6.792944763917983 0.6090779402863973
      vertex 1.515654318043957 6.693853254107928 0.6258964577975092
    endloop
  endfacet
  facet normal -0.8493849684870136 -0.19509032201620358 -0.49039264020163376
    outer loop
      vertex 1.4115237912067187 6.792944763917983 0.7389817508540588
      vertex 1.468843685075953 6.895579046223958 0.598870326252495
      vertex 1.4865237912067215 6.792944763917983 0.6090779402863973
    endloop
  endfacet
  facet normal -0.8641711769176093 -0.06540312923000527 -0.49892946161933277
    outer loop
      vertex 1.3938436850759501 6.895579046223958 0.7287741368201566
      vertex 1.462916511169425 7 0.5954482708020237
      vertex 1.468843685075953 6.895579046223958 0.598870326252495
    endloop
  endfacet
  facet normal -0.4999999999999906 0 0.8660254037844441
    outer loop
      vertex 2.080736834196969 6.199999999999999 1.1253520813696838
      vertex 2.080736834196969 7.800000000000001 1.1253520813696838
      vertex 1.9903056355395137 7.793155889099047 1.0731416044816626
    endloop
  endfacet
  facet normal -0.0566407714003127 0.9978589232386025 -0.032701564615079115
    outer loop
      vertex 2.080736834196969 7.800000000000001 1.1253520813696838
      vertex 2.155736834196972 7.800000000000001 0.9954482708020151
      vertex 1.9903056355395137 7.793155889099047 1.0731416044816626
    endloop
  endfacet
  facet normal -0.4999999999999613 0 0.8660254037844609
    outer loop
      vertex 1.9903056355395137 6.206844110900953 1.0731416044816626
      vertex 1.9903056355395137 7.793155889099047 1.0731416044816626
      vertex 1.9014217397633502 7.7727406610312535 1.0218244633286773
    endloop
  endfacet
  facet normal -0.16895317489844877 0.9807852804032314 -0.09754516100806289
    outer loop
      vertex 1.9903056355395137 7.793155889099047 1.0731416044816626
      vertex 2.0653056355395165 7.793155889099047 0.943237793913994
      vertex 1.9014217397633502 7.7727406610312535 1.0218244633286773
    endloop
  endfacet
  facet normal -0.5000000000000573 0 0.8660254037844055
    outer loop
      vertex 1.9014217397633502 6.2272593389687465 1.0218244633286773
      vertex 1.9014217397633502 7.7727406610312535 1.0218244633286773
      vertex 1.8156059749684914 7.73910362600903 0.9722787084236444
    endloop
  endfacet
  facet normal -0.4999999999999581 0 0.8660254037844628
    outer loop
      vertex 1.8156059749684914 6.26089637399097 0.9722787084236444
      vertex 1.8156059749684914 7.73910362600903 0.9722787084236444
      vertex 1.7343266726831814 7.692820323027551 0.925352081369681
    endloop
  endfacet
  facet normal -0.27837474273141205 0.9469301294951086 -0.1607197326515849
    outer loop
      vertex 1.9014217397633502 7.7727406610312535 1.0218244633286773
      vertex 1.976421739763353 7.7727406610312535 0.8919206527610157
      vertex 1.8156059749684914 7.73910362600903 0.9722787084236444
    endloop
  endfacet
  facet normal -0.3830332415361805 0.8968727415326991 -0.22114434510949232
    outer loop
      vertex 1.8156059749684914 7.73910362600903 0.9722787084236444
      vertex 1.8906059749684943 7.73910362600903 0.8423748978559757
      vertex 1.7343266726831814 7.692820323027551 0.925352081369681
    endloop
  endfacet
  facet normal -0.5000000000000036 0 0.8660254037844366
    outer loop
      vertex 1.7343266726831814 6.307179676972449 0.925352081369681
      vertex 1.7343266726831814 7.692820323027551 0.925352081369681
      vertex 1.658974544304428 7.634682672232987 0.881847509766196
    endloop
  endfacet
  facet normal -0.48113793538144506 0.8314696123025211 -0.2777851165098225
    outer loop
      vertex 1.7343266726831814 7.692820323027551 0.925352081369681
      vertex 1.8093266726831843 7.692820323027551 0.7954482708020123
      vertex 1.658974544304428 7.634682672232987 0.881847509766196
    endloop
  endfacet
  facet normal -0.499999999999976 0 0.8660254037844525
    outer loop
      vertex 1.658974544304428 6.365317327767013 0.881847509766196
      vertex 1.658974544304428 7.634682672232987 0.881847509766196
      vertex 1.5908388856403235 7.565685424949237 0.8425093688950653
    endloop
  endfacet
  facet normal -0.5000000000000487 0 0.8660254037844105
    outer loop
      vertex 1.5908388856403235 6.434314575050763 0.8425093688950653
      vertex 1.5908388856403235 7.565685424949237 0.8425093688950653
      vertex 1.5310855167014097 7.487009143206976 0.8080107452531919
    endloop
  endfacet
  facet normal -0.5710102257555935 0.7518398074789909 -0.3296729075500441
    outer loop
      vertex 1.5908388856403235 7.565685424949237 0.8425093688950653
      vertex 1.658974544304428 7.634682672232987 0.881847509766196
      vertex 1.7339745443044308 7.634682672232987 0.7519436991985344
    endloop
  endfacet
  facet normal -0.6511123728532336 0.6593458151000158 -0.3759199037395165
    outer loop
      vertex 1.5908388856403235 7.565685424949237 0.8425093688950653
      vertex 1.6658388856403263 7.565685424949237 0.7126055583273967
      vertex 1.5310855167014097 7.487009143206976 0.8080107452531919
    endloop
  endfacet
  facet normal -0.5000000000000424 0 0.8660254037844142
    outer loop
      vertex 1.5310855167014097 6.512990856793024 0.8080107452531919
      vertex 1.5310855167014097 7.487009143206976 0.8080107452531919
      vertex 1.4807368341969749 7.399999999999999 0.7789419198559102
    endloop
  endfacet
  facet normal -0.4999999999999254 0 0.8660254037844817
    outer loop
      vertex 1.4807368341969749 6.600000000000001 0.7789419198559102
      vertex 1.4807368341969749 7.399999999999999 0.7789419198559102
      vertex 1.4406543180439542 7.306146745892072 0.7558002683651708
    endloop
  endfacet
  facet normal -0.49999999999996514 0 0.8660254037844588
    outer loop
      vertex 1.4406543180439542 6.693853254107928 0.7558002683651708
      vertex 1.4406543180439542 7.306146745892072 0.7558002683651708
      vertex 1.4115237912067187 7.207055236082017 0.7389817508540588
    endloop
  endfacet
  facet normal -0.7767145781290737 0.44228869021906214 -0.4484363707663345
    outer loop
      vertex 1.4807368341969749 7.399999999999999 0.7789419198559102
      vertex 1.5557368341969777 7.399999999999999 0.6490381092882416
      vertex 1.4406543180439542 7.306146745892072 0.7558002683651708
    endloop
  endfacet
  facet normal -0.8200655477516323 0.32143946530317086 -0.4734650647475763
    outer loop
      vertex 1.4115237912067187 7.207055236082017 0.7389817508540588
      vertex 1.4406543180439542 7.306146745892072 0.7558002683651708
      vertex 1.515654318043957 7.306146745892072 0.6258964577975092
    endloop
  endfacet
  facet normal -0.7200738067288074 0.5555702330195716 -0.4157348061513049
    outer loop
      vertex 1.4807368341969749 7.399999999999999 0.7789419198559102
      vertex 1.5310855167014097 7.487009143206976 0.8080107452531919
      vertex 1.6060855167014125 7.487009143206976 0.6781069346855304
    endloop
  endfacet
  facet normal -0.5000000000000691 0 0.8660254037843989
    outer loop
      vertex 1.4115237912067187 6.792944763917983 0.7389817508540588
      vertex 1.4115237912067187 7.207055236082017 0.7389817508540588
      vertex 1.3938436850759501 7.104420953776042 0.7287741368201566
    endloop
  endfacet
  facet normal -0.5000000000003998 0 0.8660254037842079
    outer loop
      vertex 1.3938436850759501 6.895579046223958 0.7287741368201566
      vertex 1.3938436850759501 7.104420953776042 0.7287741368201566
      vertex 1.387916511169422 7 0.7253520813696852
    endloop
  endfacet
  facet normal -0.8493849684870136 0.19509032201620355 -0.49039264020163376
    outer loop
      vertex 1.3938436850759501 7.104420953776042 0.7287741368201566
      vertex 1.4115237912067187 7.207055236082017 0.7389817508540588
      vertex 1.4865237912067215 7.207055236082017 0.6090779402863973
    endloop
  endfacet
  facet normal -0.8641711769176093 0.06540312923000521 -0.49892946161933277
    outer loop
      vertex 1.387916511169422 7 0.7253520813696852
      vertex 1.3938436850759501 7.104420953776042 0.7287741368201566
      vertex 1.468843685075953 7.104420953776042 0.598870326252495
    endloop
  endfacet
  facet normal 0.0566407714003127 0.9978589232386025 0.032701564615079115
    outer loop
      vertex 2.080736834196969 7.800000000000001 1.1253520813696838
      vertex 2.2461680328544276 7.793155889099047 1.0476587476900363
      vertex 2.155736834196972 7.800000000000001 0.9954482708020151
    endloop
  endfacet
  facet normal -0.0566407714003127 0.9978589232386025 -0.032701564615079115
    outer loop
      vertex 1.9903056355395137 7.793155889099047 1.0731416044816626
      vertex 2.155736834196972 7.800000000000001 0.9954482708020151
      vertex 2.0653056355395165 7.793155889099047 0.943237793913994
    endloop
  endfacet
  facet normal -0.16895317489845213 0.9807852804032302 -0.09754516100807016
    outer loop
      vertex 1.9014217397633502 7.7727406610312535 1.0218244633286773
      vertex 2.0653056355395165 7.793155889099047 0.943237793913994
      vertex 1.976421739763353 7.7727406610312535 0.8919206527610157
    endloop
  endfacet
  facet normal -0.27837474273140694 0.9469301294951122 -0.1607197326515732
    outer loop
      vertex 1.8156059749684914 7.73910362600903 0.9722787084236444
      vertex 1.976421739763353 7.7727406610312535 0.8919206527610157
      vertex 1.8906059749684943 7.73910362600903 0.8423748978559757
    endloop
  endfacet
  facet normal -0.3830332415361805 0.8968727415326991 -0.22114434510949232
    outer loop
      vertex 1.7343266726831814 7.692820323027551 0.925352081369681
      vertex 1.8906059749684943 7.73910362600903 0.8423748978559757
      vertex 1.8093266726831843 7.692820323027551 0.7954482708020123
    endloop
  endfacet
  facet normal -0.48113793538145205 0.8314696123025106 -0.2777851165098417
    outer loop
      vertex 1.658974544304428 7.634682672232987 0.881847509766196
      vertex 1.8093266726831843 7.692820323027551 0.7954482708020123
      vertex 1.7339745443044308 7.634682672232987 0.7519436991985344
    endloop
  endfacet
  facet normal -0.5710102257555866 0.7518398074790057 -0.3296729075500222
    outer loop
      vertex 1.5908388856403235 7.565685424949237 0.8425093688950653
      vertex 1.7339745443044308 7.634682672232987 0.7519436991985344
      vertex 1.6658388856403263 7.565685424949237 0.7126055583273967
    endloop
  endfacet
  facet normal -0.6511123728532394 0.6593458150999966 -0.3759199037395404
    outer loop
      vertex 1.5310855167014097 7.487009143206976 0.8080107452531919
      vertex 1.6658388856403263 7.565685424949237 0.7126055583273967
      vertex 1.6060855167014125 7.487009143206976 0.6781069346855304
    endloop
  endfacet
  facet normal -0.7200738067288036 0.5555702330195952 -0.41573480615127995
    outer loop
      vertex 1.4807368341969749 7.399999999999999 0.7789419198559102
      vertex 1.6060855167014125 7.487009143206976 0.6781069346855304
      vertex 1.5557368341969777 7.399999999999999 0.6490381092882416
    endloop
  endfacet
  facet normal -0.7767145781290749 0.44228869021903494 -0.44843637076635967
    outer loop
      vertex 1.4406543180439542 7.306146745892072 0.7558002683651708
      vertex 1.5557368341969777 7.399999999999999 0.6490381092882416
      vertex 1.515654318043957 7.306146745892072 0.6258964577975092
    endloop
  endfacet
  facet normal -0.8493849684870136 0.19509032201620352 -0.49039264020163376
    outer loop
      vertex 1.3938436850759501 7.104420953776042 0.7287741368201566
      vertex 1.4865237912067215 7.207055236082017 0.6090779402863973
      vertex 1.468843685075953 7.104420953776042 0.598870326252495
    endloop
  endfacet
  facet normal -0.8641711769176093 0.06540312923000516 -0.49892946161933277
    outer loop
      vertex 1.387916511169422 7 0.7253520813696852
      vertex 1.468843685075953 7.104420953776042 0.598870326252495
      vertex 1.462916511169425 7 0.5954482708020237
    endloop
  endfacet
  facet normal -0.8200655477516323 0.32143946530317097 -0.4734650647475763
    outer loop
      vertex 1.4115237912067187 7.207055236082017 0.7389817508540588
      vertex 1.515654318043957 7.306146745892072 0.6258964577975092
      vertex 1.4865237912067215 7.207055236082017 0.6090779402863973
    endloop
  endfacet
endsolid OpenSCAD_Model
