solid OpenSCAD_Model
  facet normal 0 -1 0
    outer loop
      vertex 116 -64 4.6
      vertex 116 -64 5.8
      vertex 3 -64 4.6
    endloop
  endfacet
  facet normal 0 -1 0
    outer loop
      vertex 116 -64 5.8
      vertex 3 -64 5.8
      vertex 3 -64 4.6
    endloop
  endfacet
  facet normal -1 0 0
    outer loop
      vertex 3 -64 4.6
      vertex 3 -64 5.8
      vertex 3 -44 4.6
    endloop
  endfacet
  facet normal -1 0 0
    outer loop
      vertex 3 -64 5.8
      vertex 3 -44 5.8
      vertex 3 -44 4.6
    endloop
  endfacet
  facet normal 0 1 0
    outer loop
      vertex 3 -44 4.6
      vertex 3 -44 5.8
      vertex 65 -44 4.6
    endloop
  endfacet
  facet normal 0 1 0
    outer loop
      vertex 3 -44 5.8
      vertex 65 -44 5.8
      vertex 65 -44 4.6
    endloop
  endfacet
  facet normal -0.04361938852815862 0.9990482215310879 0
    outer loop
      vertex 65 -44 4.6
      vertex 65 -44 5.8
      vertex 65.0871557444334 -43.99619469791651 4.6
    endloop
  endfacet
  facet normal -0.04361938852815862 0.9990482215310879 0
    outer loop
      vertex 65 -44 5.8
      vertex 65.0871557444334 -43.99619469791651 5.8
      vertex 65.0871557444334 -43.99619469791651 4.6
    endloop
  endfacet
  facet normal -0.13052620198021947 0.99144486008886 0
    outer loop
      vertex 65.0871557444334 -43.99619469791651 4.6
      vertex 65.0871557444334 -43.99619469791651 5.8
      vertex 65.17364817857742 -43.98480775207281 4.6
    endloop
  endfacet
  facet normal -0.13052620198021947 0.99144486008886 0
    outer loop
      vertex 65.0871557444334 -43.99619469791651 5.8
      vertex 65.17364817857742 -43.98480775207281 5.8
      vertex 65.17364817857742 -43.98480775207281 4.6
    endloop
  endfacet
  facet normal -0.21643959486336684 0.9762960113487003 0
    outer loop
      vertex 65.17364817857742 -43.98480775207281 4.6
      vertex 65.17364817857742 -43.98480775207281 5.8
      vertex 65.25881904363632 -43.965925827622414 4.6
    endloop
  endfacet
  facet normal -0.21643959486336684 0.9762960113487003 0
    outer loop
      vertex 65.17364817857742 -43.98480775207281 5.8
      vertex 65.25881904363632 -43.965925827622414 5.8
      vertex 65.25881904363632 -43.965925827622414 4.6
    endloop
  endfacet
  facet normal -0.3007057653836629 0.9537169615064134 0
    outer loop
      vertex 65.25881904363632 -43.965925827622414 4.6
      vertex 65.25881904363632 -43.965925827622414 5.8
      vertex 65.34202014654875 -43.93969262391329 4.6
    endloop
  endfacet
  facet normal -0.3007057653836629 0.9537169615064134 0
    outer loop
      vertex 65.25881904363632 -43.965925827622414 5.8
      vertex 65.34202014654875 -43.93969262391329 5.8
      vertex 65.34202014654875 -43.93969262391329 4.6
    endloop
  endfacet
  facet normal -0.3826834763345946 0.9238795142985202 0
    outer loop
      vertex 65.34202014654875 -43.93969262391329 4.6
      vertex 65.34202014654875 -43.93969262391329 5.8
      vertex 65.42261826246977 -43.90630778670311 4.6
    endloop
  endfacet
  facet normal -0.3826834763345946 0.9238795142985202 0
    outer loop
      vertex 65.34202014654875 -43.93969262391329 5.8
      vertex 65.42261826246977 -43.90630778670311 5.8
      vertex 65.42261826246977 -43.90630778670311 4.6
    endloop
  endfacet
  facet normal -0.4617486194440415 0.8870108299460169 0
    outer loop
      vertex 65.42261826246977 -43.90630778670311 4.6
      vertex 65.42261826246977 -43.90630778670311 5.8
      vertex 65.5 -43.866025403141975 4.6
    endloop
  endfacet
  facet normal -0.4617486194440415 0.8870108299460169 0
    outer loop
      vertex 65.42261826246977 -43.90630778670311 5.8
      vertex 65.5 -43.866025403141975 5.8
      vertex 65.5 -43.866025403141975 4.6
    endloop
  endfacet
  facet normal -0.5372996242702033 0.843391435668574 0
    outer loop
      vertex 65.5 -43.866025403141975 4.6
      vertex 65.5 -43.866025403141975 5.8
      vertex 65.57357643544674 -43.81915204226971 4.6
    endloop
  endfacet
  facet normal -0.5372996242702033 0.843391435668574 0
    outer loop
      vertex 65.5 -43.866025403141975 5.8
      vertex 65.57357643544674 -43.81915204226971 5.8
      vertex 65.57357643544674 -43.81915204226971 4.6
    endloop
  endfacet
  facet normal -0.6087613752359998 0.7933533815524921 0
    outer loop
      vertex 65.57357643544674 -43.81915204226971 4.6
      vertex 65.57357643544674 -43.81915204226971 5.8
      vertex 65.64278761297464 -43.766044445335865 4.6
    endloop
  endfacet
  facet normal -0.6087613752359998 0.7933533815524921 0
    outer loop
      vertex 65.57357643544674 -43.81915204226971 5.8
      vertex 65.64278761297464 -43.766044445335865 5.8
      vertex 65.64278761297464 -43.766044445335865 4.6
    endloop
  endfacet
  facet normal -0.6755902067746475 0.7372773375807703 0
    outer loop
      vertex 65.64278761297464 -43.766044445335865 4.6
      vertex 65.64278761297464 -43.766044445335865 5.8
      vertex 65.70710678398609 -43.70710678398609 4.6
    endloop
  endfacet
  facet normal -0.6755902067746475 0.7372773375807703 0
    outer loop
      vertex 65.64278761297464 -43.766044445335865 5.8
      vertex 65.70710678398609 -43.70710678398609 5.8
      vertex 65.70710678398609 -43.70710678398609 4.6
    endloop
  endfacet
  facet normal -0.7372773375807703 0.6755902067746475 0
    outer loop
      vertex 65.70710678398609 -43.70710678398609 4.6
      vertex 65.70710678398609 -43.70710678398609 5.8
      vertex 65.76604444533587 -43.642787612974644 4.6
    endloop
  endfacet
  facet normal -0.7372773375807703 0.6755902067746475 0
    outer loop
      vertex 65.70710678398609 -43.70710678398609 5.8
      vertex 65.76604444533587 -43.642787612974644 5.8
      vertex 65.76604444533587 -43.642787612974644 4.6
    endloop
  endfacet
  facet normal -0.7933533815524921 0.6087613752359998 0
    outer loop
      vertex 65.76604444533587 -43.642787612974644 4.6
      vertex 65.76604444533587 -43.642787612974644 5.8
      vertex 65.8191520422697 -43.57357643544674 4.6
    endloop
  endfacet
  facet normal -0.7933533815524921 0.6087613752359998 0
    outer loop
      vertex 65.76604444533587 -43.642787612974644 5.8
      vertex 65.8191520422697 -43.57357643544674 5.8
      vertex 65.8191520422697 -43.57357643544674 4.6
    endloop
  endfacet
  facet normal -0.843391435668574 0.5372996242702033 0
    outer loop
      vertex 65.8191520422697 -43.57357643544674 4.6
      vertex 65.8191520422697 -43.57357643544674 5.8
      vertex 65.86602540314198 -43.5 4.6
    endloop
  endfacet
  facet normal -0.843391435668574 0.5372996242702033 0
    outer loop
      vertex 65.8191520422697 -43.57357643544674 5.8
      vertex 65.86602540314198 -43.5 5.8
      vertex 65.86602540314198 -43.5 4.6
    endloop
  endfacet
  facet normal -0.8870108299460169 0.4617486194440415 0
    outer loop
      vertex 65.86602540314198 -43.5 4.6
      vertex 65.86602540314198 -43.5 5.8
      vertex 65.90630778670311 -43.42261826246977 4.6
    endloop
  endfacet
  facet normal -0.8870108299460169 0.4617486194440415 0
    outer loop
      vertex 65.86602540314198 -43.5 5.8
      vertex 65.90630778670311 -43.42261826246977 5.8
      vertex 65.90630778670311 -43.42261826246977 4.6
    endloop
  endfacet
  facet normal -0.9238795142985202 0.3826834763345946 0
    outer loop
      vertex 65.90630778670311 -43.42261826246977 4.6
      vertex 65.90630778670311 -43.42261826246977 5.8
      vertex 65.93969262391329 -43.34202014654875 4.6
    endloop
  endfacet
  facet normal -0.9238795142985202 0.3826834763345946 0
    outer loop
      vertex 65.90630778670311 -43.42261826246977 5.8
      vertex 65.93969262391329 -43.34202014654875 5.8
      vertex 65.93969262391329 -43.34202014654875 4.6
    endloop
  endfacet
  facet normal -0.9537169615064134 0.3007057653836629 0
    outer loop
      vertex 65.93969262391329 -43.34202014654875 4.6
      vertex 65.93969262391329 -43.34202014654875 5.8
      vertex 65.96592582762241 -43.25881904363632 4.6
    endloop
  endfacet
  facet normal -0.9537169615064134 0.3007057653836629 0
    outer loop
      vertex 65.93969262391329 -43.34202014654875 5.8
      vertex 65.96592582762241 -43.25881904363632 5.8
      vertex 65.96592582762241 -43.25881904363632 4.6
    endloop
  endfacet
  facet normal -0.9762960113487003 0.21643959486336684 0
    outer loop
      vertex 65.96592582762241 -43.25881904363632 4.6
      vertex 65.96592582762241 -43.25881904363632 5.8
      vertex 65.98480775207281 -43.17364817857742 4.6
    endloop
  endfacet
  facet normal -0.9762960113487003 0.21643959486336684 0
    outer loop
      vertex 65.96592582762241 -43.25881904363632 5.8
      vertex 65.98480775207281 -43.17364817857742 5.8
      vertex 65.98480775207281 -43.17364817857742 4.6
    endloop
  endfacet
  facet normal -0.99144486008886 0.13052620198021947 0
    outer loop
      vertex 65.98480775207281 -43.17364817857742 4.6
      vertex 65.98480775207281 -43.17364817857742 5.8
      vertex 65.99619469791651 -43.0871557444334 4.6
    endloop
  endfacet
  facet normal -0.99144486008886 0.13052620198021947 0
    outer loop
      vertex 65.98480775207281 -43.17364817857742 5.8
      vertex 65.99619469791651 -43.0871557444334 5.8
      vertex 65.99619469791651 -43.0871557444334 4.6
    endloop
  endfacet
  facet normal -0.9990482215310879 0.04361938852815862 0
    outer loop
      vertex 65.99619469791651 -43.0871557444334 4.6
      vertex 65.99619469791651 -43.0871557444334 5.8
      vertex 66 -43 4.6
    endloop
  endfacet
  facet normal -0.9990482215310879 0.04361938852815862 0
    outer loop
      vertex 65.99619469791651 -43.0871557444334 5.8
      vertex 66 -43 5.8
      vertex 66 -43 4.6
    endloop
  endfacet
  facet normal -1 0 0
    outer loop
      vertex 66 -43 4.6
      vertex 66 -43 5.8
      vertex 66 -2 4.6
    endloop
  endfacet
  facet normal -1 0 0
    outer loop
      vertex 66 -43 5.8
      vertex 66 -2 5.8
      vertex 66 -2 4.6
    endloop
  endfacet
  facet normal 0 1 0
    outer loop
      vertex 66 -2 4.6
      vertex 66 -2 5.8
      vertex 116 -2 4.6
    endloop
  endfacet
  facet normal 0 1 0
    outer loop
      vertex 66 -2 5.8
      vertex 116 -2 5.8
      vertex 116 -2 4.6
    endloop
  endfacet
  facet normal 1 0 0
    outer loop
      vertex 116 -2 4.6
      vertex 116 -2 5.8
      vertex 116 -64 4.6
    endloop
  endfacet
  facet normal 1 0 0
    outer loop
      vertex 116 -2 5.8
      vertex 116 -64 5.8
      vertex 116 -64 4.6
    endloop
  endfacet
  facet normal 0.19509030517255316 -0.9807852837536256 0
    outer loop
      vertex 39.8237896412611 -60.36154943704605 4.6
      vertex 39.65059428662062 -60.39600013196468 5.8
      vertex 39.65059428662062 -60.39600013196468 4.6
    endloop
  endfacet
  facet normal 0.19509030517255316 -0.9807852837536256 0
    outer loop
      vertex 39.65059428662062 -60.39600013196468 5.8
      vertex 39.8237896412611 -60.36154943704605 4.6
      vertex 39.8237896412611 -60.36154943704605 5.8
    endloop
  endfacet
  facet normal 0.32143949661158827 -0.9469301188673263 0
    outer loop
      vertex 39.65059428662062 -60.39600013196468 4.6
      vertex 39.48337736725807 -60.45276263356209 5.8
      vertex 39.48337736725807 -60.45276263356209 4.6
    endloop
  endfacet
  facet normal 0.32143949661158827 -0.9469301188673263 0
    outer loop
      vertex 39.48337736725807 -60.45276263356209 5.8
      vertex 39.65059428662062 -60.39600013196468 4.6
      vertex 39.65059428662062 -60.39600013196468 5.8
    endloop
  endfacet
  facet normal 0.44228869095143175 -0.8968727411714935 0
    outer loop
      vertex 39.48337736725807 -60.45276263356209 4.6
      vertex 39.32500000298023 -60.53086570650339 5.8
      vertex 39.32500000298023 -60.53086570650339 4.6
    endloop
  endfacet
  facet normal 0.44228869095143175 -0.8968727411714935 0
    outer loop
      vertex 39.32500000298023 -60.53086570650339 5.8
      vertex 39.48337736725807 -60.45276263356209 4.6
      vertex 39.48337736725807 -60.45276263356209 5.8
    endloop
  endfacet
  facet normal 0.5555702344903919 -0.831469611319795 0
    outer loop
      vertex 39.32500000298023 -60.53086570650339 4.6
      vertex 39.17817207425833 -60.62897299230099 5.8
      vertex 39.17817207425833 -60.62897299230099 4.6
    endloop
  endfacet
  facet normal 0.5555702344903919 -0.831469611319795 0
    outer loop
      vertex 39.17817207425833 -60.62897299230099 5.8
      vertex 39.32500000298023 -60.53086570650339 4.6
      vertex 39.32500000298023 -60.53086570650339 5.8
    endloop
  endfacet
  facet normal 0.6593457913849009 -0.7518398282766209 0
    outer loop
      vertex 39.17817207425833 -60.62897299230099 4.6
      vertex 39.045405842363834 -60.74540584534407 5.8
      vertex 39.045405842363834 -60.74540584534407 4.6
    endloop
  endfacet
  facet normal 0.6593457913849009 -0.7518398282766209 0
    outer loop
      vertex 39.045405842363834 -60.74540584534407 5.8
      vertex 39.17817207425833 -60.62897299230099 4.6
      vertex 39.17817207425833 -60.62897299230099 5.8
    endloop
  endfacet
  facet normal 0.7518398099342988 -0.6593458123003113 0
    outer loop
      vertex 39.045405842363834 -60.74540584534407 4.6
      vertex 38.928972989320755 -60.87817206978798 5.8
      vertex 38.928972989320755 -60.87817206978798 4.6
    endloop
  endfacet
  facet normal 0.7518398099342988 -0.6593458123003113 0
    outer loop
      vertex 38.928972989320755 -60.87817206978798 5.8
      vertex 39.045405842363834 -60.74540584534407 4.6
      vertex 39.045405842363834 -60.74540584534407 5.8
    endloop
  endfacet
  facet normal 0.831469611319795 -0.5555702344903919 0
    outer loop
      vertex 38.928972989320755 -60.87817206978798 4.6
      vertex 38.83086570352316 -61.024999998509884 5.8
      vertex 38.83086570352316 -61.024999998509884 4.6
    endloop
  endfacet
  facet normal 0.831469611319795 -0.5555702344903919 0
    outer loop
      vertex 38.83086570352316 -61.024999998509884 5.8
      vertex 38.928972989320755 -60.87817206978798 4.6
      vertex 38.928972989320755 -60.87817206978798 5.8
    endloop
  endfacet
  facet normal 0.8968727411714935 -0.44228869095143175 0
    outer loop
      vertex 38.83086570352316 -61.024999998509884 4.6
      vertex 38.752762630581856 -61.18337736278772 5.8
      vertex 38.752762630581856 -61.18337736278772 4.6
    endloop
  endfacet
  facet normal 0.8968727411714935 -0.44228869095143175 0
    outer loop
      vertex 38.752762630581856 -61.18337736278772 5.8
      vertex 38.83086570352316 -61.024999998509884 4.6
      vertex 38.83086570352316 -61.024999998509884 5.8
    endloop
  endfacet
  facet normal 0.946930136069085 -0.3214394459368422 0
    outer loop
      vertex 38.752762630581856 -61.18337736278772 4.6
      vertex 38.69600013643503 -61.35059428960085 5.8
      vertex 38.69600013643503 -61.35059428960085 4.6
    endloop
  endfacet
  facet normal 0.946930136069085 -0.3214394459368422 0
    outer loop
      vertex 38.69600013643503 -61.35059428960085 5.8
      vertex 38.752762630581856 -61.18337736278772 4.6
      vertex 38.752762630581856 -61.18337736278772 5.8
    endloop
  endfacet
  facet normal 0.9807852740747491 -0.1950903538315495 0
    outer loop
      vertex 38.69600013643503 -61.35059428960085 4.6
      vertex 38.66154943406582 -61.52378963679075 5.8
      vertex 38.66154943406582 -61.52378963679075 4.6
    endloop
  endfacet
  facet normal 0.9807852740747491 -0.1950903538315495 0
    outer loop
      vertex 38.66154943406582 -61.52378963679075 5.8
      vertex 38.69600013643503 -61.35059428960085 4.6
      vertex 38.69600013643503 -61.35059428960085 5.8
    endloop
  endfacet
  facet normal 0.9978589239881303 -0.06540311779457338 0
    outer loop
      vertex 38.66154943406582 -61.52378963679075 4.6
      vertex 38.649999998509884 -61.70000000298023 5.8
      vertex 38.649999998509884 -61.70000000298023 4.6
    endloop
  endfacet
  facet normal 0.9978589239881303 -0.06540311779457338 0
    outer loop
      vertex 38.649999998509884 -61.70000000298023 5.8
      vertex 38.66154943406582 -61.52378963679075 4.6
      vertex 38.66154943406582 -61.52378963679075 5.8
    endloop
  endfacet
  facet normal 0.9978589238076522 0.06540312054813896 0
    outer loop
      vertex 38.649999998509884 -61.70000000298023 4.6
      vertex 38.66154943406582 -61.87621036171913 5.8
      vertex 38.66154943406582 -61.87621036171913 4.6
    endloop
  endfacet
  facet normal 0.9978589238076522 0.06540312054813896 0
    outer loop
      vertex 38.66154943406582 -61.87621036171913 5.8
      vertex 38.649999998509884 -61.70000000298023 4.6
      vertex 38.649999998509884 -61.70000000298023 5.8
    endloop
  endfacet
  facet normal 0.9807852740747491 0.1950903538315495 0
    outer loop
      vertex 38.66154943406582 -61.87621036171913 4.6
      vertex 38.69600013643503 -62.049405708909035 5.8
      vertex 38.69600013643503 -62.049405708909035 4.6
    endloop
  endfacet
  facet normal 0.9807852740747491 0.1950903538315495 0
    outer loop
      vertex 38.69600013643503 -62.049405708909035 5.8
      vertex 38.66154943406582 -61.87621036171913 4.6
      vertex 38.66154943406582 -61.87621036171913 5.8
    endloop
  endfacet
  facet normal 0.946930136069085 0.3214394459368422 0
    outer loop
      vertex 38.69600013643503 -62.049405708909035 4.6
      vertex 38.752762630581856 -62.21662263572216 5.8
      vertex 38.752762630581856 -62.21662263572216 4.6
    endloop
  endfacet
  facet normal 0.946930136069085 0.3214394459368422 0
    outer loop
      vertex 38.752762630581856 -62.21662263572216 5.8
      vertex 38.69600013643503 -62.049405708909035 4.6
      vertex 38.69600013643503 -62.049405708909035 5.8
    endloop
  endfacet
  facet normal 0.8968727411714935 0.44228869095143175 0
    outer loop
      vertex 38.752762630581856 -62.21662263572216 4.6
      vertex 38.83086570352316 -62.375 5.8
      vertex 38.83086570352316 -62.375 4.6
    endloop
  endfacet
  facet normal 0.8968727411714935 0.44228869095143175 0
    outer loop
      vertex 38.83086570352316 -62.375 5.8
      vertex 38.752762630581856 -62.21662263572216 4.6
      vertex 38.752762630581856 -62.21662263572216 5.8
    endloop
  endfacet
  facet normal 0.831469611319795 0.5555702344903919 0
    outer loop
      vertex 38.83086570352316 -62.375 4.6
      vertex 38.928972989320755 -62.521827928721905 5.8
      vertex 38.928972989320755 -62.521827928721905 4.6
    endloop
  endfacet
  facet normal 0.831469611319795 0.5555702344903919 0
    outer loop
      vertex 38.928972989320755 -62.521827928721905 5.8
      vertex 38.83086570352316 -62.375 4.6
      vertex 38.83086570352316 -62.375 5.8
    endloop
  endfacet
  facet normal 0.7518398099342988 0.6593458123003113 0
    outer loop
      vertex 38.928972989320755 -62.521827928721905 4.6
      vertex 39.045405842363834 -62.65459415316582 5.8
      vertex 39.045405842363834 -62.65459415316582 4.6
    endloop
  endfacet
  facet normal 0.7518398099342988 0.6593458123003113 0
    outer loop
      vertex 39.045405842363834 -62.65459415316582 5.8
      vertex 38.928972989320755 -62.521827928721905 4.6
      vertex 38.928972989320755 -62.521827928721905 5.8
    endloop
  endfacet
  facet normal 0.6593457913849009 0.7518398282766209 0
    outer loop
      vertex 39.045405842363834 -62.65459415316582 4.6
      vertex 39.17817207425833 -62.7710270062089 5.8
      vertex 39.17817207425833 -62.7710270062089 4.6
    endloop
  endfacet
  facet normal 0.6593457913849009 0.7518398282766209 0
    outer loop
      vertex 39.17817207425833 -62.7710270062089 5.8
      vertex 39.045405842363834 -62.65459415316582 4.6
      vertex 39.045405842363834 -62.65459415316582 5.8
    endloop
  endfacet
  facet normal 0.5555702344903919 0.831469611319795 0
    outer loop
      vertex 39.17817207425833 -62.7710270062089 4.6
      vertex 39.32500000298023 -62.86913429200649 5.8
      vertex 39.32500000298023 -62.86913429200649 4.6
    endloop
  endfacet
  facet normal 0.5555702344903919 0.831469611319795 0
    outer loop
      vertex 39.32500000298023 -62.86913429200649 5.8
      vertex 39.17817207425833 -62.7710270062089 4.6
      vertex 39.17817207425833 -62.7710270062089 5.8
    endloop
  endfacet
  facet normal 0.44228872488968357 0.8968727244349991 0
    outer loop
      vertex 39.32500000298023 -62.86913429200649 4.6
      vertex 39.48337736725807 -62.94723737239838 5.8
      vertex 39.48337736725807 -62.94723737239838 4.6
    endloop
  endfacet
  facet normal 0.44228872488968357 0.8968727244349991 0
    outer loop
      vertex 39.48337736725807 -62.94723737239838 5.8
      vertex 39.32500000298023 -62.86913429200649 4.6
      vertex 39.32500000298023 -62.86913429200649 5.8
    endloop
  endfacet
  facet normal 0.3214394587792052 0.9469301317096904 0
    outer loop
      vertex 39.48337736725807 -62.94723737239838 4.6
      vertex 39.65059428662062 -63.0039998665452 5.8
      vertex 39.65059428662062 -63.0039998665452 4.6
    endloop
  endfacet
  facet normal 0.3214394587792052 0.9469301317096904 0
    outer loop
      vertex 39.65059428662062 -63.0039998665452 5.8
      vertex 39.48337736725807 -62.94723737239838 4.6
      vertex 39.48337736725807 -62.94723737239838 5.8
    endloop
  endfacet
  facet normal 0.19509030517255316 0.9807852837536256 0
    outer loop
      vertex 39.65059428662062 -63.0039998665452 4.6
      vertex 39.8237896412611 -63.03845056146383 5.8
      vertex 39.8237896412611 -63.03845056146383 4.6
    endloop
  endfacet
  facet normal 0.19509030517255316 0.9807852837536256 0
    outer loop
      vertex 39.8237896412611 -63.03845056146383 5.8
      vertex 39.65059428662062 -63.0039998665452 4.6
      vertex 39.65059428662062 -63.0039998665452 5.8
    endloop
  endfacet
  facet normal 0.06540312054813896 0.9978589238076522 0
    outer loop
      vertex 39.8237896412611 -63.03845056146383 4.6
      vertex 40 -63.04999999701977 5.8
      vertex 40 -63.04999999701977 4.6
    endloop
  endfacet
  facet normal 0.06540312054813896 0.9978589238076522 0
    outer loop
      vertex 40 -63.04999999701977 5.8
      vertex 39.8237896412611 -63.03845056146383 4.6
      vertex 39.8237896412611 -63.03845056146383 5.8
    endloop
  endfacet
  facet normal -0.06540312054813896 0.9978589238076522 0
    outer loop
      vertex 40 -63.04999999701977 4.6
      vertex 40.1762103587389 -63.03845056146383 5.8
      vertex 40.1762103587389 -63.03845056146383 4.6
    endloop
  endfacet
  facet normal -0.06540312054813896 0.9978589238076522 0
    outer loop
      vertex 40.1762103587389 -63.03845056146383 5.8
      vertex 40 -63.04999999701977 4.6
      vertex 40 -63.04999999701977 5.8
    endloop
  endfacet
  facet normal -0.19509030517255316 0.9807852837536256 0
    outer loop
      vertex 40.1762103587389 -63.03845056146383 4.6
      vertex 40.34940571337938 -63.0039998665452 5.8
      vertex 40.34940571337938 -63.0039998665452 4.6
    endloop
  endfacet
  facet normal -0.19509030517255316 0.9807852837536256 0
    outer loop
      vertex 40.34940571337938 -63.0039998665452 5.8
      vertex 40.1762103587389 -63.03845056146383 4.6
      vertex 40.1762103587389 -63.03845056146383 5.8
    endloop
  endfacet
  facet normal -0.3214394587792052 0.9469301317096904 0
    outer loop
      vertex 40.34940571337938 -63.0039998665452 4.6
      vertex 40.51662263274193 -62.94723737239838 5.8
      vertex 40.51662263274193 -62.94723737239838 4.6
    endloop
  endfacet
  facet normal -0.3214394587792052 0.9469301317096904 0
    outer loop
      vertex 40.51662263274193 -62.94723737239838 5.8
      vertex 40.34940571337938 -63.0039998665452 4.6
      vertex 40.34940571337938 -63.0039998665452 5.8
    endloop
  endfacet
  facet normal -0.44228872488968357 0.8968727244349991 0
    outer loop
      vertex 40.51662263274193 -62.94723737239838 4.6
      vertex 40.67499999701977 -62.86913429200649 5.8
      vertex 40.67499999701977 -62.86913429200649 4.6
    endloop
  endfacet
  facet normal -0.44228872488968357 0.8968727244349991 0
    outer loop
      vertex 40.67499999701977 -62.86913429200649 5.8
      vertex 40.51662263274193 -62.94723737239838 4.6
      vertex 40.51662263274193 -62.94723737239838 5.8
    endloop
  endfacet
  facet normal -0.5555702344903919 0.831469611319795 0
    outer loop
      vertex 40.67499999701977 -62.86913429200649 4.6
      vertex 40.82182792574167 -62.7710270062089 5.8
      vertex 40.82182792574167 -62.7710270062089 4.6
    endloop
  endfacet
  facet normal -0.5555702344903919 0.831469611319795 0
    outer loop
      vertex 40.82182792574167 -62.7710270062089 5.8
      vertex 40.67499999701977 -62.86913429200649 4.6
      vertex 40.67499999701977 -62.86913429200649 5.8
    endloop
  endfacet
  facet normal -0.6593457913849009 0.7518398282766209 0
    outer loop
      vertex 40.82182792574167 -62.7710270062089 4.6
      vertex 40.954594157636166 -62.65459415316582 5.8
      vertex 40.954594157636166 -62.65459415316582 4.6
    endloop
  endfacet
  facet normal -0.6593457913849009 0.7518398282766209 0
    outer loop
      vertex 40.954594157636166 -62.65459415316582 5.8
      vertex 40.82182792574167 -62.7710270062089 4.6
      vertex 40.82182792574167 -62.7710270062089 5.8
    endloop
  endfacet
  facet normal -0.7518398099342988 0.6593458123003113 0
    outer loop
      vertex 40.954594157636166 -62.65459415316582 4.6
      vertex 41.071027010679245 -62.521827928721905 5.8
      vertex 41.071027010679245 -62.521827928721905 4.6
    endloop
  endfacet
  facet normal -0.7518398099342988 0.6593458123003113 0
    outer loop
      vertex 41.071027010679245 -62.521827928721905 5.8
      vertex 40.954594157636166 -62.65459415316582 4.6
      vertex 40.954594157636166 -62.65459415316582 5.8
    endloop
  endfacet
  facet normal -0.831469611319795 0.5555702344903919 0
    outer loop
      vertex 41.071027010679245 -62.521827928721905 4.6
      vertex 41.16913429647684 -62.375 5.8
      vertex 41.16913429647684 -62.375 4.6
    endloop
  endfacet
  facet normal -0.831469611319795 0.5555702344903919 0
    outer loop
      vertex 41.16913429647684 -62.375 5.8
      vertex 41.071027010679245 -62.521827928721905 4.6
      vertex 41.071027010679245 -62.521827928721905 5.8
    endloop
  endfacet
  facet normal -0.8968727411714935 0.44228869095143175 0
    outer loop
      vertex 41.16913429647684 -62.375 4.6
      vertex 41.247237369418144 -62.21662263572216 5.8
      vertex 41.247237369418144 -62.21662263572216 4.6
    endloop
  endfacet
  facet normal -0.8968727411714935 0.44228869095143175 0
    outer loop
      vertex 41.247237369418144 -62.21662263572216 5.8
      vertex 41.16913429647684 -62.375 4.6
      vertex 41.16913429647684 -62.375 5.8
    endloop
  endfacet
  facet normal -0.946930136069085 0.3214394459368422 0
    outer loop
      vertex 41.247237369418144 -62.21662263572216 4.6
      vertex 41.30399986356497 -62.049405708909035 5.8
      vertex 41.30399986356497 -62.049405708909035 4.6
    endloop
  endfacet
  facet normal -0.946930136069085 0.3214394459368422 0
    outer loop
      vertex 41.30399986356497 -62.049405708909035 5.8
      vertex 41.247237369418144 -62.21662263572216 4.6
      vertex 41.247237369418144 -62.21662263572216 5.8
    endloop
  endfacet
  facet normal -0.9807852740747491 0.1950903538315495 0
    outer loop
      vertex 41.30399986356497 -62.049405708909035 4.6
      vertex 41.33845056593418 -61.87621036171913 5.8
      vertex 41.33845056593418 -61.87621036171913 4.6
    endloop
  endfacet
  facet normal -0.9807852740747491 0.1950903538315495 0
    outer loop
      vertex 41.33845056593418 -61.87621036171913 5.8
      vertex 41.30399986356497 -62.049405708909035 4.6
      vertex 41.30399986356497 -62.049405708909035 5.8
    endloop
  endfacet
  facet normal -0.9978589238076522 0.06540312054813896 0
    outer loop
      vertex 41.33845056593418 -61.87621036171913 4.6
      vertex 41.350000001490116 -61.70000000298023 5.8
      vertex 41.350000001490116 -61.70000000298023 4.6
    endloop
  endfacet
  facet normal -0.9978589238076522 0.06540312054813896 0
    outer loop
      vertex 41.350000001490116 -61.70000000298023 5.8
      vertex 41.33845056593418 -61.87621036171913 4.6
      vertex 41.33845056593418 -61.87621036171913 5.8
    endloop
  endfacet
  facet normal -0.9978589239881303 -0.06540311779457338 0
    outer loop
      vertex 41.350000001490116 -61.70000000298023 4.6
      vertex 41.33845056593418 -61.52378963679075 5.8
      vertex 41.33845056593418 -61.52378963679075 4.6
    endloop
  endfacet
  facet normal -0.9978589239881303 -0.06540311779457338 0
    outer loop
      vertex 41.33845056593418 -61.52378963679075 5.8
      vertex 41.350000001490116 -61.70000000298023 4.6
      vertex 41.350000001490116 -61.70000000298023 5.8
    endloop
  endfacet
  facet normal -0.9807852740747491 -0.1950903538315495 0
    outer loop
      vertex 41.33845056593418 -61.52378963679075 4.6
      vertex 41.30399986356497 -61.35059428960085 5.8
      vertex 41.30399986356497 -61.35059428960085 4.6
    endloop
  endfacet
  facet normal -0.9807852740747491 -0.1950903538315495 0
    outer loop
      vertex 41.30399986356497 -61.35059428960085 5.8
      vertex 41.33845056593418 -61.52378963679075 4.6
      vertex 41.33845056593418 -61.52378963679075 5.8
    endloop
  endfacet
  facet normal -0.946930136069085 -0.3214394459368422 0
    outer loop
      vertex 41.30399986356497 -61.35059428960085 4.6
      vertex 41.247237369418144 -61.18337736278772 5.8
      vertex 41.247237369418144 -61.18337736278772 4.6
    endloop
  endfacet
  facet normal -0.946930136069085 -0.3214394459368422 0
    outer loop
      vertex 41.247237369418144 -61.18337736278772 5.8
      vertex 41.30399986356497 -61.35059428960085 4.6
      vertex 41.30399986356497 -61.35059428960085 5.8
    endloop
  endfacet
  facet normal -0.8968727411714935 -0.44228869095143175 0
    outer loop
      vertex 41.247237369418144 -61.18337736278772 4.6
      vertex 41.16913429647684 -61.024999998509884 5.8
      vertex 41.16913429647684 -61.024999998509884 4.6
    endloop
  endfacet
  facet normal -0.8968727411714935 -0.44228869095143175 0
    outer loop
      vertex 41.16913429647684 -61.024999998509884 5.8
      vertex 41.247237369418144 -61.18337736278772 4.6
      vertex 41.247237369418144 -61.18337736278772 5.8
    endloop
  endfacet
  facet normal -0.831469611319795 -0.5555702344903919 0
    outer loop
      vertex 41.16913429647684 -61.024999998509884 4.6
      vertex 41.071027010679245 -60.87817206978798 5.8
      vertex 41.071027010679245 -60.87817206978798 4.6
    endloop
  endfacet
  facet normal -0.831469611319795 -0.5555702344903919 0
    outer loop
      vertex 41.071027010679245 -60.87817206978798 5.8
      vertex 41.16913429647684 -61.024999998509884 4.6
      vertex 41.16913429647684 -61.024999998509884 5.8
    endloop
  endfacet
  facet normal -0.7518398099342988 -0.6593458123003113 0
    outer loop
      vertex 41.071027010679245 -60.87817206978798 4.6
      vertex 40.954594157636166 -60.74540584534407 5.8
      vertex 40.954594157636166 -60.74540584534407 4.6
    endloop
  endfacet
  facet normal -0.7518398099342988 -0.6593458123003113 0
    outer loop
      vertex 40.954594157636166 -60.74540584534407 5.8
      vertex 41.071027010679245 -60.87817206978798 4.6
      vertex 41.071027010679245 -60.87817206978798 5.8
    endloop
  endfacet
  facet normal -0.6593457913849009 -0.7518398282766209 0
    outer loop
      vertex 40.954594157636166 -60.74540584534407 4.6
      vertex 40.82182792574167 -60.62897299230099 5.8
      vertex 40.82182792574167 -60.62897299230099 4.6
    endloop
  endfacet
  facet normal -0.6593457913849009 -0.7518398282766209 0
    outer loop
      vertex 40.82182792574167 -60.62897299230099 5.8
      vertex 40.954594157636166 -60.74540584534407 4.6
      vertex 40.954594157636166 -60.74540584534407 5.8
    endloop
  endfacet
  facet normal -0.5555702344903919 -0.831469611319795 0
    outer loop
      vertex 40.82182792574167 -60.62897299230099 4.6
      vertex 40.67499999701977 -60.53086570650339 5.8
      vertex 40.67499999701977 -60.53086570650339 4.6
    endloop
  endfacet
  facet normal -0.5555702344903919 -0.831469611319795 0
    outer loop
      vertex 40.67499999701977 -60.53086570650339 5.8
      vertex 40.82182792574167 -60.62897299230099 4.6
      vertex 40.82182792574167 -60.62897299230099 5.8
    endloop
  endfacet
  facet normal -0.44228869095143175 -0.8968727411714935 0
    outer loop
      vertex 40.67499999701977 -60.53086570650339 4.6
      vertex 40.51662263274193 -60.45276263356209 5.8
      vertex 40.51662263274193 -60.45276263356209 4.6
    endloop
  endfacet
  facet normal -0.44228869095143175 -0.8968727411714935 0
    outer loop
      vertex 40.51662263274193 -60.45276263356209 5.8
      vertex 40.67499999701977 -60.53086570650339 4.6
      vertex 40.67499999701977 -60.53086570650339 5.8
    endloop
  endfacet
  facet normal -0.32143949661158827 -0.9469301188673263 0
    outer loop
      vertex 40.51662263274193 -60.45276263356209 4.6
      vertex 40.34940571337938 -60.39600013196468 5.8
      vertex 40.34940571337938 -60.39600013196468 4.6
    endloop
  endfacet
  facet normal -0.32143949661158827 -0.9469301188673263 0
    outer loop
      vertex 40.34940571337938 -60.39600013196468 5.8
      vertex 40.51662263274193 -60.45276263356209 4.6
      vertex 40.51662263274193 -60.45276263356209 5.8
    endloop
  endfacet
  facet normal -0.19509030517255316 -0.9807852837536256 0
    outer loop
      vertex 40.34940571337938 -60.39600013196468 4.6
      vertex 40.1762103587389 -60.36154943704605 5.8
      vertex 40.1762103587389 -60.36154943704605 4.6
    endloop
  endfacet
  facet normal -0.19509030517255316 -0.9807852837536256 0
    outer loop
      vertex 40.1762103587389 -60.36154943704605 5.8
      vertex 40.34940571337938 -60.39600013196468 4.6
      vertex 40.34940571337938 -60.39600013196468 5.8
    endloop
  endfacet
  facet normal -0.06540312054813896 -0.9978589238076522 0
    outer loop
      vertex 40.1762103587389 -60.36154943704605 4.6
      vertex 40 -60.350000001490116 5.8
      vertex 40 -60.350000001490116 4.6
    endloop
  endfacet
  facet normal -0.06540312054813896 -0.9978589238076522 0
    outer loop
      vertex 40 -60.350000001490116 5.8
      vertex 40.1762103587389 -60.36154943704605 4.6
      vertex 40.1762103587389 -60.36154943704605 5.8
    endloop
  endfacet
  facet normal 0.06540312054813896 -0.9978589238076522 0
    outer loop
      vertex 40 -60.350000001490116 4.6
      vertex 39.8237896412611 -60.36154943704605 5.8
      vertex 39.8237896412611 -60.36154943704605 4.6
    endloop
  endfacet
  facet normal 0.06540312054813896 -0.9978589238076522 0
    outer loop
      vertex 39.8237896412611 -60.36154943704605 5.8
      vertex 40 -60.350000001490116 4.6
      vertex 40 -60.350000001490116 5.8
    endloop
  endfacet
  facet normal 0.19509030517255316 -0.9807852837536256 0
    outer loop
      vertex 94.8237896412611 -60.36154943704605 4.6
      vertex 94.65059428662062 -60.39600013196468 5.8
      vertex 94.65059428662062 -60.39600013196468 4.6
    endloop
  endfacet
  facet normal 0.19509030517255316 -0.9807852837536256 0
    outer loop
      vertex 94.65059428662062 -60.39600013196468 5.8
      vertex 94.8237896412611 -60.36154943704605 4.6
      vertex 94.8237896412611 -60.36154943704605 5.8
    endloop
  endfacet
  facet normal 0.32143949661158827 -0.9469301188673263 0
    outer loop
      vertex 94.65059428662062 -60.39600013196468 4.6
      vertex 94.48337736725807 -60.45276263356209 5.8
      vertex 94.48337736725807 -60.45276263356209 4.6
    endloop
  endfacet
  facet normal 0.32143949661158827 -0.9469301188673263 0
    outer loop
      vertex 94.48337736725807 -60.45276263356209 5.8
      vertex 94.65059428662062 -60.39600013196468 4.6
      vertex 94.65059428662062 -60.39600013196468 5.8
    endloop
  endfacet
  facet normal 0.44228869095143175 -0.8968727411714935 0
    outer loop
      vertex 94.48337736725807 -60.45276263356209 4.6
      vertex 94.32500000298023 -60.53086570650339 5.8
      vertex 94.32500000298023 -60.53086570650339 4.6
    endloop
  endfacet
  facet normal 0.44228869095143175 -0.8968727411714935 0
    outer loop
      vertex 94.32500000298023 -60.53086570650339 5.8
      vertex 94.48337736725807 -60.45276263356209 4.6
      vertex 94.48337736725807 -60.45276263356209 5.8
    endloop
  endfacet
  facet normal 0.5555702344903919 -0.831469611319795 0
    outer loop
      vertex 94.32500000298023 -60.53086570650339 4.6
      vertex 94.17817207425833 -60.62897299230099 5.8
      vertex 94.17817207425833 -60.62897299230099 4.6
    endloop
  endfacet
  facet normal 0.5555702344903919 -0.831469611319795 0
    outer loop
      vertex 94.17817207425833 -60.62897299230099 5.8
      vertex 94.32500000298023 -60.53086570650339 4.6
      vertex 94.32500000298023 -60.53086570650339 5.8
    endloop
  endfacet
  facet normal 0.6593457913849009 -0.7518398282766209 0
    outer loop
      vertex 94.17817207425833 -60.62897299230099 4.6
      vertex 94.04540584236383 -60.74540584534407 5.8
      vertex 94.04540584236383 -60.74540584534407 4.6
    endloop
  endfacet
  facet normal 0.6593457913849009 -0.7518398282766209 0
    outer loop
      vertex 94.04540584236383 -60.74540584534407 5.8
      vertex 94.17817207425833 -60.62897299230099 4.6
      vertex 94.17817207425833 -60.62897299230099 5.8
    endloop
  endfacet
  facet normal 0.7518398099342988 -0.6593458123003113 0
    outer loop
      vertex 94.04540584236383 -60.74540584534407 4.6
      vertex 93.92897298932076 -60.87817206978798 5.8
      vertex 93.92897298932076 -60.87817206978798 4.6
    endloop
  endfacet
  facet normal 0.7518398099342988 -0.6593458123003113 0
    outer loop
      vertex 93.92897298932076 -60.87817206978798 5.8
      vertex 94.04540584236383 -60.74540584534407 4.6
      vertex 94.04540584236383 -60.74540584534407 5.8
    endloop
  endfacet
  facet normal 0.831469611319795 -0.5555702344903919 0
    outer loop
      vertex 93.92897298932076 -60.87817206978798 4.6
      vertex 93.83086570352316 -61.024999998509884 5.8
      vertex 93.83086570352316 -61.024999998509884 4.6
    endloop
  endfacet
  facet normal 0.831469611319795 -0.5555702344903919 0
    outer loop
      vertex 93.83086570352316 -61.024999998509884 5.8
      vertex 93.92897298932076 -60.87817206978798 4.6
      vertex 93.92897298932076 -60.87817206978798 5.8
    endloop
  endfacet
  facet normal 0.8968727411714935 -0.44228869095143175 0
    outer loop
      vertex 93.83086570352316 -61.024999998509884 4.6
      vertex 93.75276263058186 -61.18337736278772 5.8
      vertex 93.75276263058186 -61.18337736278772 4.6
    endloop
  endfacet
  facet normal 0.8968727411714935 -0.44228869095143175 0
    outer loop
      vertex 93.75276263058186 -61.18337736278772 5.8
      vertex 93.83086570352316 -61.024999998509884 4.6
      vertex 93.83086570352316 -61.024999998509884 5.8
    endloop
  endfacet
  facet normal 0.946930136069085 -0.3214394459368422 0
    outer loop
      vertex 93.75276263058186 -61.18337736278772 4.6
      vertex 93.69600013643503 -61.35059428960085 5.8
      vertex 93.69600013643503 -61.35059428960085 4.6
    endloop
  endfacet
  facet normal 0.946930136069085 -0.3214394459368422 0
    outer loop
      vertex 93.69600013643503 -61.35059428960085 5.8
      vertex 93.75276263058186 -61.18337736278772 4.6
      vertex 93.75276263058186 -61.18337736278772 5.8
    endloop
  endfacet
  facet normal 0.9807852740747491 -0.1950903538315495 0
    outer loop
      vertex 93.69600013643503 -61.35059428960085 4.6
      vertex 93.66154943406582 -61.52378963679075 5.8
      vertex 93.66154943406582 -61.52378963679075 4.6
    endloop
  endfacet
  facet normal 0.9807852740747491 -0.1950903538315495 0
    outer loop
      vertex 93.66154943406582 -61.52378963679075 5.8
      vertex 93.69600013643503 -61.35059428960085 4.6
      vertex 93.69600013643503 -61.35059428960085 5.8
    endloop
  endfacet
  facet normal 0.9978589239881303 -0.06540311779457338 0
    outer loop
      vertex 93.66154943406582 -61.52378963679075 4.6
      vertex 93.64999999850988 -61.70000000298023 5.8
      vertex 93.64999999850988 -61.70000000298023 4.6
    endloop
  endfacet
  facet normal 0.9978589239881303 -0.06540311779457338 0
    outer loop
      vertex 93.64999999850988 -61.70000000298023 5.8
      vertex 93.66154943406582 -61.52378963679075 4.6
      vertex 93.66154943406582 -61.52378963679075 5.8
    endloop
  endfacet
  facet normal 0.9978589238076522 0.06540312054813896 0
    outer loop
      vertex 93.64999999850988 -61.70000000298023 4.6
      vertex 93.66154943406582 -61.87621036171913 5.8
      vertex 93.66154943406582 -61.87621036171913 4.6
    endloop
  endfacet
  facet normal 0.9978589238076522 0.06540312054813896 0
    outer loop
      vertex 93.66154943406582 -61.87621036171913 5.8
      vertex 93.64999999850988 -61.70000000298023 4.6
      vertex 93.64999999850988 -61.70000000298023 5.8
    endloop
  endfacet
  facet normal 0.9807852740747491 0.1950903538315495 0
    outer loop
      vertex 93.66154943406582 -61.87621036171913 4.6
      vertex 93.69600013643503 -62.049405708909035 5.8
      vertex 93.69600013643503 -62.049405708909035 4.6
    endloop
  endfacet
  facet normal 0.9807852740747491 0.1950903538315495 0
    outer loop
      vertex 93.69600013643503 -62.049405708909035 5.8
      vertex 93.66154943406582 -61.87621036171913 4.6
      vertex 93.66154943406582 -61.87621036171913 5.8
    endloop
  endfacet
  facet normal 0.946930136069085 0.3214394459368422 0
    outer loop
      vertex 93.69600013643503 -62.049405708909035 4.6
      vertex 93.75276263058186 -62.21662263572216 5.8
      vertex 93.75276263058186 -62.21662263572216 4.6
    endloop
  endfacet
  facet normal 0.946930136069085 0.3214394459368422 0
    outer loop
      vertex 93.75276263058186 -62.21662263572216 5.8
      vertex 93.69600013643503 -62.049405708909035 4.6
      vertex 93.69600013643503 -62.049405708909035 5.8
    endloop
  endfacet
  facet normal 0.8968727411714935 0.44228869095143175 0
    outer loop
      vertex 93.75276263058186 -62.21662263572216 4.6
      vertex 93.83086570352316 -62.375 5.8
      vertex 93.83086570352316 -62.375 4.6
    endloop
  endfacet
  facet normal 0.8968727411714935 0.44228869095143175 0
    outer loop
      vertex 93.83086570352316 -62.375 5.8
      vertex 93.75276263058186 -62.21662263572216 4.6
      vertex 93.75276263058186 -62.21662263572216 5.8
    endloop
  endfacet
  facet normal 0.831469611319795 0.5555702344903919 0
    outer loop
      vertex 93.83086570352316 -62.375 4.6
      vertex 93.92897298932076 -62.521827928721905 5.8
      vertex 93.92897298932076 -62.521827928721905 4.6
    endloop
  endfacet
  facet normal 0.831469611319795 0.5555702344903919 0
    outer loop
      vertex 93.92897298932076 -62.521827928721905 5.8
      vertex 93.83086570352316 -62.375 4.6
      vertex 93.83086570352316 -62.375 5.8
    endloop
  endfacet
  facet normal 0.7518398099342988 0.6593458123003113 0
    outer loop
      vertex 93.92897298932076 -62.521827928721905 4.6
      vertex 94.04540584236383 -62.65459415316582 5.8
      vertex 94.04540584236383 -62.65459415316582 4.6
    endloop
  endfacet
  facet normal 0.7518398099342988 0.6593458123003113 0
    outer loop
      vertex 94.04540584236383 -62.65459415316582 5.8
      vertex 93.92897298932076 -62.521827928721905 4.6
      vertex 93.92897298932076 -62.521827928721905 5.8
    endloop
  endfacet
  facet normal 0.6593457913849009 0.7518398282766209 0
    outer loop
      vertex 94.04540584236383 -62.65459415316582 4.6
      vertex 94.17817207425833 -62.7710270062089 5.8
      vertex 94.17817207425833 -62.7710270062089 4.6
    endloop
  endfacet
  facet normal 0.6593457913849009 0.7518398282766209 0
    outer loop
      vertex 94.17817207425833 -62.7710270062089 5.8
      vertex 94.04540584236383 -62.65459415316582 4.6
      vertex 94.04540584236383 -62.65459415316582 5.8
    endloop
  endfacet
  facet normal 0.5555702344903919 0.831469611319795 0
    outer loop
      vertex 94.17817207425833 -62.7710270062089 4.6
      vertex 94.32500000298023 -62.86913429200649 5.8
      vertex 94.32500000298023 -62.86913429200649 4.6
    endloop
  endfacet
  facet normal 0.5555702344903919 0.831469611319795 0
    outer loop
      vertex 94.32500000298023 -62.86913429200649 5.8
      vertex 94.17817207425833 -62.7710270062089 4.6
      vertex 94.17817207425833 -62.7710270062089 5.8
    endloop
  endfacet
  facet normal 0.44228872488968357 0.8968727244349991 0
    outer loop
      vertex 94.32500000298023 -62.86913429200649 4.6
      vertex 94.48337736725807 -62.94723737239838 5.8
      vertex 94.48337736725807 -62.94723737239838 4.6
    endloop
  endfacet
  facet normal 0.44228872488968357 0.8968727244349991 0
    outer loop
      vertex 94.48337736725807 -62.94723737239838 5.8
      vertex 94.32500000298023 -62.86913429200649 4.6
      vertex 94.32500000298023 -62.86913429200649 5.8
    endloop
  endfacet
  facet normal 0.3214394587792052 0.9469301317096904 0
    outer loop
      vertex 94.48337736725807 -62.94723737239838 4.6
      vertex 94.65059428662062 -63.0039998665452 5.8
      vertex 94.65059428662062 -63.0039998665452 4.6
    endloop
  endfacet
  facet normal 0.3214394587792052 0.9469301317096904 0
    outer loop
      vertex 94.65059428662062 -63.0039998665452 5.8
      vertex 94.48337736725807 -62.94723737239838 4.6
      vertex 94.48337736725807 -62.94723737239838 5.8
    endloop
  endfacet
  facet normal 0.19509030517255316 0.9807852837536256 0
    outer loop
      vertex 94.65059428662062 -63.0039998665452 4.6
      vertex 94.8237896412611 -63.03845056146383 5.8
      vertex 94.8237896412611 -63.03845056146383 4.6
    endloop
  endfacet
  facet normal 0.19509030517255316 0.9807852837536256 0
    outer loop
      vertex 94.8237896412611 -63.03845056146383 5.8
      vertex 94.65059428662062 -63.0039998665452 4.6
      vertex 94.65059428662062 -63.0039998665452 5.8
    endloop
  endfacet
  facet normal 0.06540312054813896 0.9978589238076522 0
    outer loop
      vertex 94.8237896412611 -63.03845056146383 4.6
      vertex 95 -63.04999999701977 5.8
      vertex 95 -63.04999999701977 4.6
    endloop
  endfacet
  facet normal 0.06540312054813896 0.9978589238076522 0
    outer loop
      vertex 95 -63.04999999701977 5.8
      vertex 94.8237896412611 -63.03845056146383 4.6
      vertex 94.8237896412611 -63.03845056146383 5.8
    endloop
  endfacet
  facet normal -0.06540312054813896 0.9978589238076522 0
    outer loop
      vertex 95 -63.04999999701977 4.6
      vertex 95.1762103587389 -63.03845056146383 5.8
      vertex 95.1762103587389 -63.03845056146383 4.6
    endloop
  endfacet
  facet normal -0.06540312054813896 0.9978589238076522 0
    outer loop
      vertex 95.1762103587389 -63.03845056146383 5.8
      vertex 95 -63.04999999701977 4.6
      vertex 95 -63.04999999701977 5.8
    endloop
  endfacet
  facet normal -0.19509030517255316 0.9807852837536256 0
    outer loop
      vertex 95.1762103587389 -63.03845056146383 4.6
      vertex 95.34940571337938 -63.0039998665452 5.8
      vertex 95.34940571337938 -63.0039998665452 4.6
    endloop
  endfacet
  facet normal -0.19509030517255316 0.9807852837536256 0
    outer loop
      vertex 95.34940571337938 -63.0039998665452 5.8
      vertex 95.1762103587389 -63.03845056146383 4.6
      vertex 95.1762103587389 -63.03845056146383 5.8
    endloop
  endfacet
  facet normal -0.3214394587792052 0.9469301317096904 0
    outer loop
      vertex 95.34940571337938 -63.0039998665452 4.6
      vertex 95.51662263274193 -62.94723737239838 5.8
      vertex 95.51662263274193 -62.94723737239838 4.6
    endloop
  endfacet
  facet normal -0.3214394587792052 0.9469301317096904 0
    outer loop
      vertex 95.51662263274193 -62.94723737239838 5.8
      vertex 95.34940571337938 -63.0039998665452 4.6
      vertex 95.34940571337938 -63.0039998665452 5.8
    endloop
  endfacet
  facet normal -0.44228872488968357 0.8968727244349991 0
    outer loop
      vertex 95.51662263274193 -62.94723737239838 4.6
      vertex 95.67499999701977 -62.86913429200649 5.8
      vertex 95.67499999701977 -62.86913429200649 4.6
    endloop
  endfacet
  facet normal -0.44228872488968357 0.8968727244349991 0
    outer loop
      vertex 95.67499999701977 -62.86913429200649 5.8
      vertex 95.51662263274193 -62.94723737239838 4.6
      vertex 95.51662263274193 -62.94723737239838 5.8
    endloop
  endfacet
  facet normal -0.5555702344903919 0.831469611319795 0
    outer loop
      vertex 95.67499999701977 -62.86913429200649 4.6
      vertex 95.82182792574167 -62.7710270062089 5.8
      vertex 95.82182792574167 -62.7710270062089 4.6
    endloop
  endfacet
  facet normal -0.5555702344903919 0.831469611319795 0
    outer loop
      vertex 95.82182792574167 -62.7710270062089 5.8
      vertex 95.67499999701977 -62.86913429200649 4.6
      vertex 95.67499999701977 -62.86913429200649 5.8
    endloop
  endfacet
  facet normal -0.6593457913849009 0.7518398282766209 0
    outer loop
      vertex 95.82182792574167 -62.7710270062089 4.6
      vertex 95.95459415763617 -62.65459415316582 5.8
      vertex 95.95459415763617 -62.65459415316582 4.6
    endloop
  endfacet
  facet normal -0.6593457913849009 0.7518398282766209 0
    outer loop
      vertex 95.95459415763617 -62.65459415316582 5.8
      vertex 95.82182792574167 -62.7710270062089 4.6
      vertex 95.82182792574167 -62.7710270062089 5.8
    endloop
  endfacet
  facet normal -0.7518398099342988 0.6593458123003113 0
    outer loop
      vertex 95.95459415763617 -62.65459415316582 4.6
      vertex 96.07102701067924 -62.521827928721905 5.8
      vertex 96.07102701067924 -62.521827928721905 4.6
    endloop
  endfacet
  facet normal -0.7518398099342988 0.6593458123003113 0
    outer loop
      vertex 96.07102701067924 -62.521827928721905 5.8
      vertex 95.95459415763617 -62.65459415316582 4.6
      vertex 95.95459415763617 -62.65459415316582 5.8
    endloop
  endfacet
  facet normal -0.831469611319795 0.5555702344903919 0
    outer loop
      vertex 96.07102701067924 -62.521827928721905 4.6
      vertex 96.16913429647684 -62.375 5.8
      vertex 96.16913429647684 -62.375 4.6
    endloop
  endfacet
  facet normal -0.831469611319795 0.5555702344903919 0
    outer loop
      vertex 96.16913429647684 -62.375 5.8
      vertex 96.07102701067924 -62.521827928721905 4.6
      vertex 96.07102701067924 -62.521827928721905 5.8
    endloop
  endfacet
  facet normal -0.8968727411714935 0.44228869095143175 0
    outer loop
      vertex 96.16913429647684 -62.375 4.6
      vertex 96.24723736941814 -62.21662263572216 5.8
      vertex 96.24723736941814 -62.21662263572216 4.6
    endloop
  endfacet
  facet normal -0.8968727411714935 0.44228869095143175 0
    outer loop
      vertex 96.24723736941814 -62.21662263572216 5.8
      vertex 96.16913429647684 -62.375 4.6
      vertex 96.16913429647684 -62.375 5.8
    endloop
  endfacet
  facet normal -0.946930136069085 0.3214394459368422 0
    outer loop
      vertex 96.24723736941814 -62.21662263572216 4.6
      vertex 96.30399986356497 -62.049405708909035 5.8
      vertex 96.30399986356497 -62.049405708909035 4.6
    endloop
  endfacet
  facet normal -0.946930136069085 0.3214394459368422 0
    outer loop
      vertex 96.30399986356497 -62.049405708909035 5.8
      vertex 96.24723736941814 -62.21662263572216 4.6
      vertex 96.24723736941814 -62.21662263572216 5.8
    endloop
  endfacet
  facet normal -0.9807852740747491 0.1950903538315495 0
    outer loop
      vertex 96.30399986356497 -62.049405708909035 4.6
      vertex 96.33845056593418 -61.87621036171913 5.8
      vertex 96.33845056593418 -61.87621036171913 4.6
    endloop
  endfacet
  facet normal -0.9807852740747491 0.1950903538315495 0
    outer loop
      vertex 96.33845056593418 -61.87621036171913 5.8
      vertex 96.30399986356497 -62.049405708909035 4.6
      vertex 96.30399986356497 -62.049405708909035 5.8
    endloop
  endfacet
  facet normal -0.9978589238076522 0.06540312054813896 0
    outer loop
      vertex 96.33845056593418 -61.87621036171913 4.6
      vertex 96.35000000149012 -61.70000000298023 5.8
      vertex 96.35000000149012 -61.70000000298023 4.6
    endloop
  endfacet
  facet normal -0.9978589238076522 0.06540312054813896 0
    outer loop
      vertex 96.35000000149012 -61.70000000298023 5.8
      vertex 96.33845056593418 -61.87621036171913 4.6
      vertex 96.33845056593418 -61.87621036171913 5.8
    endloop
  endfacet
  facet normal -0.9978589239881303 -0.06540311779457338 0
    outer loop
      vertex 96.35000000149012 -61.70000000298023 4.6
      vertex 96.33845056593418 -61.52378963679075 5.8
      vertex 96.33845056593418 -61.52378963679075 4.6
    endloop
  endfacet
  facet normal -0.9978589239881303 -0.06540311779457338 0
    outer loop
      vertex 96.33845056593418 -61.52378963679075 5.8
      vertex 96.35000000149012 -61.70000000298023 4.6
      vertex 96.35000000149012 -61.70000000298023 5.8
    endloop
  endfacet
  facet normal -0.9807852740747491 -0.1950903538315495 0
    outer loop
      vertex 96.33845056593418 -61.52378963679075 4.6
      vertex 96.30399986356497 -61.35059428960085 5.8
      vertex 96.30399986356497 -61.35059428960085 4.6
    endloop
  endfacet
  facet normal -0.9807852740747491 -0.1950903538315495 0
    outer loop
      vertex 96.30399986356497 -61.35059428960085 5.8
      vertex 96.33845056593418 -61.52378963679075 4.6
      vertex 96.33845056593418 -61.52378963679075 5.8
    endloop
  endfacet
  facet normal -0.946930136069085 -0.3214394459368422 0
    outer loop
      vertex 96.30399986356497 -61.35059428960085 4.6
      vertex 96.24723736941814 -61.18337736278772 5.8
      vertex 96.24723736941814 -61.18337736278772 4.6
    endloop
  endfacet
  facet normal -0.946930136069085 -0.3214394459368422 0
    outer loop
      vertex 96.24723736941814 -61.18337736278772 5.8
      vertex 96.30399986356497 -61.35059428960085 4.6
      vertex 96.30399986356497 -61.35059428960085 5.8
    endloop
  endfacet
  facet normal -0.8968727411714935 -0.44228869095143175 0
    outer loop
      vertex 96.24723736941814 -61.18337736278772 4.6
      vertex 96.16913429647684 -61.024999998509884 5.8
      vertex 96.16913429647684 -61.024999998509884 4.6
    endloop
  endfacet
  facet normal -0.8968727411714935 -0.44228869095143175 0
    outer loop
      vertex 96.16913429647684 -61.024999998509884 5.8
      vertex 96.24723736941814 -61.18337736278772 4.6
      vertex 96.24723736941814 -61.18337736278772 5.8
    endloop
  endfacet
  facet normal -0.831469611319795 -0.5555702344903919 0
    outer loop
      vertex 96.16913429647684 -61.024999998509884 4.6
      vertex 96.07102701067924 -60.87817206978798 5.8
      vertex 96.07102701067924 -60.87817206978798 4.6
    endloop
  endfacet
  facet normal -0.831469611319795 -0.5555702344903919 0
    outer loop
      vertex 96.07102701067924 -60.87817206978798 5.8
      vertex 96.16913429647684 -61.024999998509884 4.6
      vertex 96.16913429647684 -61.024999998509884 5.8
    endloop
  endfacet
  facet normal -0.7518398099342988 -0.6593458123003113 0
    outer loop
      vertex 96.07102701067924 -60.87817206978798 4.6
      vertex 95.95459415763617 -60.74540584534407 5.8
      vertex 95.95459415763617 -60.74540584534407 4.6
    endloop
  endfacet
  facet normal -0.7518398099342988 -0.6593458123003113 0
    outer loop
      vertex 95.95459415763617 -60.74540584534407 5.8
      vertex 96.07102701067924 -60.87817206978798 4.6
      vertex 96.07102701067924 -60.87817206978798 5.8
    endloop
  endfacet
  facet normal -0.6593457913849009 -0.7518398282766209 0
    outer loop
      vertex 95.95459415763617 -60.74540584534407 4.6
      vertex 95.82182792574167 -60.62897299230099 5.8
      vertex 95.82182792574167 -60.62897299230099 4.6
    endloop
  endfacet
  facet normal -0.6593457913849009 -0.7518398282766209 0
    outer loop
      vertex 95.82182792574167 -60.62897299230099 5.8
      vertex 95.95459415763617 -60.74540584534407 4.6
      vertex 95.95459415763617 -60.74540584534407 5.8
    endloop
  endfacet
  facet normal -0.5555702344903919 -0.831469611319795 0
    outer loop
      vertex 95.82182792574167 -60.62897299230099 4.6
      vertex 95.67499999701977 -60.53086570650339 5.8
      vertex 95.67499999701977 -60.53086570650339 4.6
    endloop
  endfacet
  facet normal -0.5555702344903919 -0.831469611319795 0
    outer loop
      vertex 95.67499999701977 -60.53086570650339 5.8
      vertex 95.82182792574167 -60.62897299230099 4.6
      vertex 95.82182792574167 -60.62897299230099 5.8
    endloop
  endfacet
  facet normal -0.44228869095143175 -0.8968727411714935 0
    outer loop
      vertex 95.67499999701977 -60.53086570650339 4.6
      vertex 95.51662263274193 -60.45276263356209 5.8
      vertex 95.51662263274193 -60.45276263356209 4.6
    endloop
  endfacet
  facet normal -0.44228869095143175 -0.8968727411714935 0
    outer loop
      vertex 95.51662263274193 -60.45276263356209 5.8
      vertex 95.67499999701977 -60.53086570650339 4.6
      vertex 95.67499999701977 -60.53086570650339 5.8
    endloop
  endfacet
  facet normal -0.32143949661158827 -0.9469301188673263 0
    outer loop
      vertex 95.51662263274193 -60.45276263356209 4.6
      vertex 95.34940571337938 -60.39600013196468 5.8
      vertex 95.34940571337938 -60.39600013196468 4.6
    endloop
  endfacet
  facet normal -0.32143949661158827 -0.9469301188673263 0
    outer loop
      vertex 95.34940571337938 -60.39600013196468 5.8
      vertex 95.51662263274193 -60.45276263356209 4.6
      vertex 95.51662263274193 -60.45276263356209 5.8
    endloop
  endfacet
  facet normal -0.19509030517255316 -0.9807852837536256 0
    outer loop
      vertex 95.34940571337938 -60.39600013196468 4.6
      vertex 95.1762103587389 -60.36154943704605 5.8
      vertex 95.1762103587389 -60.36154943704605 4.6
    endloop
  endfacet
  facet normal -0.19509030517255316 -0.9807852837536256 0
    outer loop
      vertex 95.1762103587389 -60.36154943704605 5.8
      vertex 95.34940571337938 -60.39600013196468 4.6
      vertex 95.34940571337938 -60.39600013196468 5.8
    endloop
  endfacet
  facet normal -0.06540312054813896 -0.9978589238076522 0
    outer loop
      vertex 95.1762103587389 -60.36154943704605 4.6
      vertex 95 -60.350000001490116 5.8
      vertex 95 -60.350000001490116 4.6
    endloop
  endfacet
  facet normal -0.06540312054813896 -0.9978589238076522 0
    outer loop
      vertex 95 -60.350000001490116 5.8
      vertex 95.1762103587389 -60.36154943704605 4.6
      vertex 95.1762103587389 -60.36154943704605 5.8
    endloop
  endfacet
  facet normal 0.06540312054813896 -0.9978589238076522 0
    outer loop
      vertex 95 -60.350000001490116 4.6
      vertex 94.8237896412611 -60.36154943704605 5.8
      vertex 94.8237896412611 -60.36154943704605 4.6
    endloop
  endfacet
  facet normal 0.06540312054813896 -0.9978589238076522 0
    outer loop
      vertex 94.8237896412611 -60.36154943704605 5.8
      vertex 95 -60.350000001490116 4.6
      vertex 95 -60.350000001490116 5.8
    endloop
  endfacet
  facet normal 0.19509030517255316 -0.9807852837536256 0
    outer loop
      vertex 68.8237896412611 -2.861549437046051 4.6
      vertex 68.65059428662062 -2.8960001319646835 5.8
      vertex 68.65059428662062 -2.8960001319646835 4.6
    endloop
  endfacet
  facet normal 0.19509030517255316 -0.9807852837536256 0
    outer loop
      vertex 68.65059428662062 -2.8960001319646835 5.8
      vertex 68.8237896412611 -2.861549437046051 4.6
      vertex 68.8237896412611 -2.861549437046051 5.8
    endloop
  endfacet
  facet normal 0.32143949661158827 -0.9469301188673263 0
    outer loop
      vertex 68.65059428662062 -2.8960001319646835 4.6
      vertex 68.48337736725807 -2.952762633562088 5.8
      vertex 68.48337736725807 -2.952762633562088 4.6
    endloop
  endfacet
  facet normal 0.32143949661158827 -0.9469301188673263 0
    outer loop
      vertex 68.48337736725807 -2.952762633562088 5.8
      vertex 68.65059428662062 -2.8960001319646835 4.6
      vertex 68.65059428662062 -2.8960001319646835 5.8
    endloop
  endfacet
  facet normal 0.44228869095143175 -0.8968727411714935 0
    outer loop
      vertex 68.48337736725807 -2.952762633562088 4.6
      vertex 68.32500000298023 -3.0308657065033913 5.8
      vertex 68.32500000298023 -3.0308657065033913 4.6
    endloop
  endfacet
  facet normal 0.44228869095143175 -0.8968727411714935 0
    outer loop
      vertex 68.32500000298023 -3.0308657065033913 5.8
      vertex 68.48337736725807 -2.952762633562088 4.6
      vertex 68.48337736725807 -2.952762633562088 5.8
    endloop
  endfacet
  facet normal 0.5555702344903919 -0.831469611319795 0
    outer loop
      vertex 68.32500000298023 -3.0308657065033913 4.6
      vertex 68.17817207425833 -3.1289729923009872 5.8
      vertex 68.17817207425833 -3.1289729923009872 4.6
    endloop
  endfacet
  facet normal 0.5555702344903919 -0.831469611319795 0
    outer loop
      vertex 68.17817207425833 -3.1289729923009872 5.8
      vertex 68.32500000298023 -3.0308657065033913 4.6
      vertex 68.32500000298023 -3.0308657065033913 5.8
    endloop
  endfacet
  facet normal 0.6593457913849009 -0.7518398282766209 0
    outer loop
      vertex 68.17817207425833 -3.1289729923009872 4.6
      vertex 68.04540584236383 -3.2454058453440666 5.8
      vertex 68.04540584236383 -3.2454058453440666 4.6
    endloop
  endfacet
  facet normal 0.6593457913849009 -0.7518398282766209 0
    outer loop
      vertex 68.04540584236383 -3.2454058453440666 5.8
      vertex 68.17817207425833 -3.1289729923009872 4.6
      vertex 68.17817207425833 -3.1289729923009872 5.8
    endloop
  endfacet
  facet normal 0.7518398099342988 -0.6593458123003113 0
    outer loop
      vertex 68.04540584236383 -3.2454058453440666 4.6
      vertex 67.92897298932076 -3.378172069787979 5.8
      vertex 67.92897298932076 -3.378172069787979 4.6
    endloop
  endfacet
  facet normal 0.7518398099342988 -0.6593458123003113 0
    outer loop
      vertex 67.92897298932076 -3.378172069787979 5.8
      vertex 68.04540584236383 -3.2454058453440666 4.6
      vertex 68.04540584236383 -3.2454058453440666 5.8
    endloop
  endfacet
  facet normal 0.831469611319795 -0.5555702344903919 0
    outer loop
      vertex 67.92897298932076 -3.378172069787979 4.6
      vertex 67.83086570352316 -3.524999998509884 5.8
      vertex 67.83086570352316 -3.524999998509884 4.6
    endloop
  endfacet
  facet normal 0.831469611319795 -0.5555702344903919 0
    outer loop
      vertex 67.83086570352316 -3.524999998509884 5.8
      vertex 67.92897298932076 -3.378172069787979 4.6
      vertex 67.92897298932076 -3.378172069787979 5.8
    endloop
  endfacet
  facet normal 0.8968727411714935 -0.44228869095143175 0
    outer loop
      vertex 67.83086570352316 -3.524999998509884 4.6
      vertex 67.75276263058186 -3.6833773627877235 5.8
      vertex 67.75276263058186 -3.6833773627877235 4.6
    endloop
  endfacet
  facet normal 0.8968727411714935 -0.44228869095143175 0
    outer loop
      vertex 67.75276263058186 -3.6833773627877235 5.8
      vertex 67.83086570352316 -3.524999998509884 4.6
      vertex 67.83086570352316 -3.524999998509884 5.8
    endloop
  endfacet
  facet normal 0.946930136069085 -0.3214394459368422 0
    outer loop
      vertex 67.75276263058186 -3.6833773627877235 4.6
      vertex 67.69600013643503 -3.850594289600849 5.8
      vertex 67.69600013643503 -3.850594289600849 4.6
    endloop
  endfacet
  facet normal 0.946930136069085 -0.3214394459368422 0
    outer loop
      vertex 67.69600013643503 -3.850594289600849 5.8
      vertex 67.75276263058186 -3.6833773627877235 4.6
      vertex 67.75276263058186 -3.6833773627877235 5.8
    endloop
  endfacet
  facet normal 0.9807852740747491 -0.1950903538315495 0
    outer loop
      vertex 67.69600013643503 -3.850594289600849 4.6
      vertex 67.66154943406582 -4.023789636790752 5.8
      vertex 67.66154943406582 -4.023789636790752 4.6
    endloop
  endfacet
  facet normal 0.9807852740747491 -0.1950903538315495 0
    outer loop
      vertex 67.66154943406582 -4.023789636790752 5.8
      vertex 67.69600013643503 -3.850594289600849 4.6
      vertex 67.69600013643503 -3.850594289600849 5.8
    endloop
  endfacet
  facet normal 0.9978589239881303 -0.06540311779457338 0
    outer loop
      vertex 67.66154943406582 -4.023789636790752 4.6
      vertex 67.64999999850988 -4.200000002980232 5.8
      vertex 67.64999999850988 -4.200000002980232 4.6
    endloop
  endfacet
  facet normal 0.9978589239881303 -0.06540311779457338 0
    outer loop
      vertex 67.64999999850988 -4.200000002980232 5.8
      vertex 67.66154943406582 -4.023789636790752 4.6
      vertex 67.66154943406582 -4.023789636790752 5.8
    endloop
  endfacet
  facet normal 0.9978589238076522 0.06540312054813896 0
    outer loop
      vertex 67.64999999850988 -4.200000002980232 4.6
      vertex 67.66154943406582 -4.3762103617191315 5.8
      vertex 67.66154943406582 -4.3762103617191315 4.6
    endloop
  endfacet
  facet normal 0.9978589238076522 0.06540312054813896 0
    outer loop
      vertex 67.66154943406582 -4.3762103617191315 5.8
      vertex 67.64999999850988 -4.200000002980232 4.6
      vertex 67.64999999850988 -4.200000002980232 5.8
    endloop
  endfacet
  facet normal 0.9807852740747491 0.1950903538315495 0
    outer loop
      vertex 67.66154943406582 -4.3762103617191315 4.6
      vertex 67.69600013643503 -4.549405708909035 5.8
      vertex 67.69600013643503 -4.549405708909035 4.6
    endloop
  endfacet
  facet normal 0.9807852740747491 0.1950903538315495 0
    outer loop
      vertex 67.69600013643503 -4.549405708909035 5.8
      vertex 67.66154943406582 -4.3762103617191315 4.6
      vertex 67.66154943406582 -4.3762103617191315 5.8
    endloop
  endfacet
  facet normal 0.946930136069085 0.3214394459368422 0
    outer loop
      vertex 67.69600013643503 -4.549405708909035 4.6
      vertex 67.75276263058186 -4.71662263572216 5.8
      vertex 67.75276263058186 -4.71662263572216 4.6
    endloop
  endfacet
  facet normal 0.946930136069085 0.3214394459368422 0
    outer loop
      vertex 67.75276263058186 -4.71662263572216 5.8
      vertex 67.69600013643503 -4.549405708909035 4.6
      vertex 67.69600013643503 -4.549405708909035 5.8
    endloop
  endfacet
  facet normal 0.8968727411714935 0.44228869095143175 0
    outer loop
      vertex 67.75276263058186 -4.71662263572216 4.6
      vertex 67.83086570352316 -4.875 5.8
      vertex 67.83086570352316 -4.875 4.6
    endloop
  endfacet
  facet normal 0.8968727411714935 0.44228869095143175 0
    outer loop
      vertex 67.83086570352316 -4.875 5.8
      vertex 67.75276263058186 -4.71662263572216 4.6
      vertex 67.75276263058186 -4.71662263572216 5.8
    endloop
  endfacet
  facet normal 0.831469611319795 0.5555702344903919 0
    outer loop
      vertex 67.83086570352316 -4.875 4.6
      vertex 67.92897298932076 -5.021827928721905 5.8
      vertex 67.92897298932076 -5.021827928721905 4.6
    endloop
  endfacet
  facet normal 0.831469611319795 0.5555702344903919 0
    outer loop
      vertex 67.92897298932076 -5.021827928721905 5.8
      vertex 67.83086570352316 -4.875 4.6
      vertex 67.83086570352316 -4.875 5.8
    endloop
  endfacet
  facet normal 0.7518398099342988 0.6593458123003113 0
    outer loop
      vertex 67.92897298932076 -5.021827928721905 4.6
      vertex 68.04540584236383 -5.154594153165817 5.8
      vertex 68.04540584236383 -5.154594153165817 4.6
    endloop
  endfacet
  facet normal 0.7518398099342988 0.6593458123003113 0
    outer loop
      vertex 68.04540584236383 -5.154594153165817 5.8
      vertex 67.92897298932076 -5.021827928721905 4.6
      vertex 67.92897298932076 -5.021827928721905 5.8
    endloop
  endfacet
  facet normal 0.6593457913849009 0.7518398282766209 0
    outer loop
      vertex 68.04540584236383 -5.154594153165817 4.6
      vertex 68.17817207425833 -5.271027006208897 5.8
      vertex 68.17817207425833 -5.271027006208897 4.6
    endloop
  endfacet
  facet normal 0.6593457913849009 0.7518398282766209 0
    outer loop
      vertex 68.17817207425833 -5.271027006208897 5.8
      vertex 68.04540584236383 -5.154594153165817 4.6
      vertex 68.04540584236383 -5.154594153165817 5.8
    endloop
  endfacet
  facet normal 0.5555702344903919 0.831469611319795 0
    outer loop
      vertex 68.17817207425833 -5.271027006208897 4.6
      vertex 68.32500000298023 -5.369134292006493 5.8
      vertex 68.32500000298023 -5.369134292006493 4.6
    endloop
  endfacet
  facet normal 0.5555702344903919 0.831469611319795 0
    outer loop
      vertex 68.32500000298023 -5.369134292006493 5.8
      vertex 68.17817207425833 -5.271027006208897 4.6
      vertex 68.17817207425833 -5.271027006208897 5.8
    endloop
  endfacet
  facet normal 0.44228872488968357 0.8968727244349991 0
    outer loop
      vertex 68.32500000298023 -5.369134292006493 4.6
      vertex 68.48337736725807 -5.4472373723983765 5.8
      vertex 68.48337736725807 -5.4472373723983765 4.6
    endloop
  endfacet
  facet normal 0.44228872488968357 0.8968727244349991 0
    outer loop
      vertex 68.48337736725807 -5.4472373723983765 5.8
      vertex 68.32500000298023 -5.369134292006493 4.6
      vertex 68.32500000298023 -5.369134292006493 5.8
    endloop
  endfacet
  facet normal 0.3214394587792052 0.9469301317096904 0
    outer loop
      vertex 68.48337736725807 -5.4472373723983765 4.6
      vertex 68.65059428662062 -5.5039998665452 5.8
      vertex 68.65059428662062 -5.5039998665452 4.6
    endloop
  endfacet
  facet normal 0.3214394587792052 0.9469301317096904 0
    outer loop
      vertex 68.65059428662062 -5.5039998665452 5.8
      vertex 68.48337736725807 -5.4472373723983765 4.6
      vertex 68.48337736725807 -5.4472373723983765 5.8
    endloop
  endfacet
  facet normal 0.19509030517255316 0.9807852837536256 0
    outer loop
      vertex 68.65059428662062 -5.5039998665452 4.6
      vertex 68.8237896412611 -5.538450561463833 5.8
      vertex 68.8237896412611 -5.538450561463833 4.6
    endloop
  endfacet
  facet normal 0.19509030517255316 0.9807852837536256 0
    outer loop
      vertex 68.8237896412611 -5.538450561463833 5.8
      vertex 68.65059428662062 -5.5039998665452 4.6
      vertex 68.65059428662062 -5.5039998665452 5.8
    endloop
  endfacet
  facet normal 0.06540312054813896 0.9978589238076522 0
    outer loop
      vertex 68.8237896412611 -5.538450561463833 4.6
      vertex 69 -5.549999997019768 5.8
      vertex 69 -5.549999997019768 4.6
    endloop
  endfacet
  facet normal 0.06540312054813896 0.9978589238076522 0
    outer loop
      vertex 69 -5.549999997019768 5.8
      vertex 68.8237896412611 -5.538450561463833 4.6
      vertex 68.8237896412611 -5.538450561463833 5.8
    endloop
  endfacet
  facet normal -0.06540312054813896 0.9978589238076522 0
    outer loop
      vertex 69 -5.549999997019768 4.6
      vertex 69.1762103587389 -5.538450561463833 5.8
      vertex 69.1762103587389 -5.538450561463833 4.6
    endloop
  endfacet
  facet normal -0.06540312054813896 0.9978589238076522 0
    outer loop
      vertex 69.1762103587389 -5.538450561463833 5.8
      vertex 69 -5.549999997019768 4.6
      vertex 69 -5.549999997019768 5.8
    endloop
  endfacet
  facet normal -0.19509030517255316 0.9807852837536256 0
    outer loop
      vertex 69.1762103587389 -5.538450561463833 4.6
      vertex 69.34940571337938 -5.5039998665452 5.8
      vertex 69.34940571337938 -5.5039998665452 4.6
    endloop
  endfacet
  facet normal -0.19509030517255316 0.9807852837536256 0
    outer loop
      vertex 69.34940571337938 -5.5039998665452 5.8
      vertex 69.1762103587389 -5.538450561463833 4.6
      vertex 69.1762103587389 -5.538450561463833 5.8
    endloop
  endfacet
  facet normal -0.3214394587792052 0.9469301317096904 0
    outer loop
      vertex 69.34940571337938 -5.5039998665452 4.6
      vertex 69.51662263274193 -5.4472373723983765 5.8
      vertex 69.51662263274193 -5.4472373723983765 4.6
    endloop
  endfacet
  facet normal -0.3214394587792052 0.9469301317096904 0
    outer loop
      vertex 69.51662263274193 -5.4472373723983765 5.8
      vertex 69.34940571337938 -5.5039998665452 4.6
      vertex 69.34940571337938 -5.5039998665452 5.8
    endloop
  endfacet
  facet normal -0.44228872488968357 0.8968727244349991 0
    outer loop
      vertex 69.51662263274193 -5.4472373723983765 4.6
      vertex 69.67499999701977 -5.369134292006493 5.8
      vertex 69.67499999701977 -5.369134292006493 4.6
    endloop
  endfacet
  facet normal -0.44228872488968357 0.8968727244349991 0
    outer loop
      vertex 69.67499999701977 -5.369134292006493 5.8
      vertex 69.51662263274193 -5.4472373723983765 4.6
      vertex 69.51662263274193 -5.4472373723983765 5.8
    endloop
  endfacet
  facet normal -0.5555702344903919 0.831469611319795 0
    outer loop
      vertex 69.67499999701977 -5.369134292006493 4.6
      vertex 69.82182792574167 -5.271027006208897 5.8
      vertex 69.82182792574167 -5.271027006208897 4.6
    endloop
  endfacet
  facet normal -0.5555702344903919 0.831469611319795 0
    outer loop
      vertex 69.82182792574167 -5.271027006208897 5.8
      vertex 69.67499999701977 -5.369134292006493 4.6
      vertex 69.67499999701977 -5.369134292006493 5.8
    endloop
  endfacet
  facet normal -0.6593457913849009 0.7518398282766209 0
    outer loop
      vertex 69.82182792574167 -5.271027006208897 4.6
      vertex 69.95459415763617 -5.154594153165817 5.8
      vertex 69.95459415763617 -5.154594153165817 4.6
    endloop
  endfacet
  facet normal -0.6593457913849009 0.7518398282766209 0
    outer loop
      vertex 69.95459415763617 -5.154594153165817 5.8
      vertex 69.82182792574167 -5.271027006208897 4.6
      vertex 69.82182792574167 -5.271027006208897 5.8
    endloop
  endfacet
  facet normal -0.7518398099342988 0.6593458123003113 0
    outer loop
      vertex 69.95459415763617 -5.154594153165817 4.6
      vertex 70.07102701067924 -5.021827928721905 5.8
      vertex 70.07102701067924 -5.021827928721905 4.6
    endloop
  endfacet
  facet normal -0.7518398099342988 0.6593458123003113 0
    outer loop
      vertex 70.07102701067924 -5.021827928721905 5.8
      vertex 69.95459415763617 -5.154594153165817 4.6
      vertex 69.95459415763617 -5.154594153165817 5.8
    endloop
  endfacet
  facet normal -0.831469611319795 0.5555702344903919 0
    outer loop
      vertex 70.07102701067924 -5.021827928721905 4.6
      vertex 70.16913429647684 -4.875 5.8
      vertex 70.16913429647684 -4.875 4.6
    endloop
  endfacet
  facet normal -0.831469611319795 0.5555702344903919 0
    outer loop
      vertex 70.16913429647684 -4.875 5.8
      vertex 70.07102701067924 -5.021827928721905 4.6
      vertex 70.07102701067924 -5.021827928721905 5.8
    endloop
  endfacet
  facet normal -0.8968727411714935 0.44228869095143175 0
    outer loop
      vertex 70.16913429647684 -4.875 4.6
      vertex 70.24723736941814 -4.71662263572216 5.8
      vertex 70.24723736941814 -4.71662263572216 4.6
    endloop
  endfacet
  facet normal -0.8968727411714935 0.44228869095143175 0
    outer loop
      vertex 70.24723736941814 -4.71662263572216 5.8
      vertex 70.16913429647684 -4.875 4.6
      vertex 70.16913429647684 -4.875 5.8
    endloop
  endfacet
  facet normal -0.946930136069085 0.3214394459368422 0
    outer loop
      vertex 70.24723736941814 -4.71662263572216 4.6
      vertex 70.30399986356497 -4.549405708909035 5.8
      vertex 70.30399986356497 -4.549405708909035 4.6
    endloop
  endfacet
  facet normal -0.946930136069085 0.3214394459368422 0
    outer loop
      vertex 70.30399986356497 -4.549405708909035 5.8
      vertex 70.24723736941814 -4.71662263572216 4.6
      vertex 70.24723736941814 -4.71662263572216 5.8
    endloop
  endfacet
  facet normal -0.9807852740747491 0.1950903538315495 0
    outer loop
      vertex 70.30399986356497 -4.549405708909035 4.6
      vertex 70.33845056593418 -4.3762103617191315 5.8
      vertex 70.33845056593418 -4.3762103617191315 4.6
    endloop
  endfacet
  facet normal -0.9807852740747491 0.1950903538315495 0
    outer loop
      vertex 70.33845056593418 -4.3762103617191315 5.8
      vertex 70.30399986356497 -4.549405708909035 4.6
      vertex 70.30399986356497 -4.549405708909035 5.8
    endloop
  endfacet
  facet normal -0.9978589238076522 0.06540312054813896 0
    outer loop
      vertex 70.33845056593418 -4.3762103617191315 4.6
      vertex 70.35000000149012 -4.200000002980232 5.8
      vertex 70.35000000149012 -4.200000002980232 4.6
    endloop
  endfacet
  facet normal -0.9978589238076522 0.06540312054813896 0
    outer loop
      vertex 70.35000000149012 -4.200000002980232 5.8
      vertex 70.33845056593418 -4.3762103617191315 4.6
      vertex 70.33845056593418 -4.3762103617191315 5.8
    endloop
  endfacet
  facet normal -0.9978589239881303 -0.06540311779457338 0
    outer loop
      vertex 70.35000000149012 -4.200000002980232 4.6
      vertex 70.33845056593418 -4.023789636790752 5.8
      vertex 70.33845056593418 -4.023789636790752 4.6
    endloop
  endfacet
  facet normal -0.9978589239881303 -0.06540311779457338 0
    outer loop
      vertex 70.33845056593418 -4.023789636790752 5.8
      vertex 70.35000000149012 -4.200000002980232 4.6
      vertex 70.35000000149012 -4.200000002980232 5.8
    endloop
  endfacet
  facet normal -0.9807852740747491 -0.1950903538315495 0
    outer loop
      vertex 70.33845056593418 -4.023789636790752 4.6
      vertex 70.30399986356497 -3.850594289600849 5.8
      vertex 70.30399986356497 -3.850594289600849 4.6
    endloop
  endfacet
  facet normal -0.9807852740747491 -0.1950903538315495 0
    outer loop
      vertex 70.30399986356497 -3.850594289600849 5.8
      vertex 70.33845056593418 -4.023789636790752 4.6
      vertex 70.33845056593418 -4.023789636790752 5.8
    endloop
  endfacet
  facet normal -0.946930136069085 -0.3214394459368422 0
    outer loop
      vertex 70.30399986356497 -3.850594289600849 4.6
      vertex 70.24723736941814 -3.6833773627877235 5.8
      vertex 70.24723736941814 -3.6833773627877235 4.6
    endloop
  endfacet
  facet normal -0.946930136069085 -0.3214394459368422 0
    outer loop
      vertex 70.24723736941814 -3.6833773627877235 5.8
      vertex 70.30399986356497 -3.850594289600849 4.6
      vertex 70.30399986356497 -3.850594289600849 5.8
    endloop
  endfacet
  facet normal -0.8968727411714935 -0.44228869095143175 0
    outer loop
      vertex 70.24723736941814 -3.6833773627877235 4.6
      vertex 70.16913429647684 -3.524999998509884 5.8
      vertex 70.16913429647684 -3.524999998509884 4.6
    endloop
  endfacet
  facet normal -0.8968727411714935 -0.44228869095143175 0
    outer loop
      vertex 70.16913429647684 -3.524999998509884 5.8
      vertex 70.24723736941814 -3.6833773627877235 4.6
      vertex 70.24723736941814 -3.6833773627877235 5.8
    endloop
  endfacet
  facet normal -0.831469611319795 -0.5555702344903919 0
    outer loop
      vertex 70.16913429647684 -3.524999998509884 4.6
      vertex 70.07102701067924 -3.378172069787979 5.8
      vertex 70.07102701067924 -3.378172069787979 4.6
    endloop
  endfacet
  facet normal -0.831469611319795 -0.5555702344903919 0
    outer loop
      vertex 70.07102701067924 -3.378172069787979 5.8
      vertex 70.16913429647684 -3.524999998509884 4.6
      vertex 70.16913429647684 -3.524999998509884 5.8
    endloop
  endfacet
  facet normal -0.7518398099342988 -0.6593458123003113 0
    outer loop
      vertex 70.07102701067924 -3.378172069787979 4.6
      vertex 69.95459415763617 -3.2454058453440666 5.8
      vertex 69.95459415763617 -3.2454058453440666 4.6
    endloop
  endfacet
  facet normal -0.7518398099342988 -0.6593458123003113 0
    outer loop
      vertex 69.95459415763617 -3.2454058453440666 5.8
      vertex 70.07102701067924 -3.378172069787979 4.6
      vertex 70.07102701067924 -3.378172069787979 5.8
    endloop
  endfacet
  facet normal -0.6593457913849009 -0.7518398282766209 0
    outer loop
      vertex 69.95459415763617 -3.2454058453440666 4.6
      vertex 69.82182792574167 -3.1289729923009872 5.8
      vertex 69.82182792574167 -3.1289729923009872 4.6
    endloop
  endfacet
  facet normal -0.6593457913849009 -0.7518398282766209 0
    outer loop
      vertex 69.82182792574167 -3.1289729923009872 5.8
      vertex 69.95459415763617 -3.2454058453440666 4.6
      vertex 69.95459415763617 -3.2454058453440666 5.8
    endloop
  endfacet
  facet normal -0.5555702344903919 -0.831469611319795 0
    outer loop
      vertex 69.82182792574167 -3.1289729923009872 4.6
      vertex 69.67499999701977 -3.0308657065033913 5.8
      vertex 69.67499999701977 -3.0308657065033913 4.6
    endloop
  endfacet
  facet normal -0.5555702344903919 -0.831469611319795 0
    outer loop
      vertex 69.67499999701977 -3.0308657065033913 5.8
      vertex 69.82182792574167 -3.1289729923009872 4.6
      vertex 69.82182792574167 -3.1289729923009872 5.8
    endloop
  endfacet
  facet normal -0.44228869095143175 -0.8968727411714935 0
    outer loop
      vertex 69.67499999701977 -3.0308657065033913 4.6
      vertex 69.51662263274193 -2.952762633562088 5.8
      vertex 69.51662263274193 -2.952762633562088 4.6
    endloop
  endfacet
  facet normal -0.44228869095143175 -0.8968727411714935 0
    outer loop
      vertex 69.51662263274193 -2.952762633562088 5.8
      vertex 69.67499999701977 -3.0308657065033913 4.6
      vertex 69.67499999701977 -3.0308657065033913 5.8
    endloop
  endfacet
  facet normal -0.32143949661158827 -0.9469301188673263 0
    outer loop
      vertex 69.51662263274193 -2.952762633562088 4.6
      vertex 69.34940571337938 -2.8960001319646835 5.8
      vertex 69.34940571337938 -2.8960001319646835 4.6
    endloop
  endfacet
  facet normal -0.32143949661158827 -0.9469301188673263 0
    outer loop
      vertex 69.34940571337938 -2.8960001319646835 5.8
      vertex 69.51662263274193 -2.952762633562088 4.6
      vertex 69.51662263274193 -2.952762633562088 5.8
    endloop
  endfacet
  facet normal -0.19509030517255316 -0.9807852837536256 0
    outer loop
      vertex 69.34940571337938 -2.8960001319646835 4.6
      vertex 69.1762103587389 -2.861549437046051 5.8
      vertex 69.1762103587389 -2.861549437046051 4.6
    endloop
  endfacet
  facet normal -0.19509030517255316 -0.9807852837536256 0
    outer loop
      vertex 69.1762103587389 -2.861549437046051 5.8
      vertex 69.34940571337938 -2.8960001319646835 4.6
      vertex 69.34940571337938 -2.8960001319646835 5.8
    endloop
  endfacet
  facet normal -0.06540312054813896 -0.9978589238076522 0
    outer loop
      vertex 69.1762103587389 -2.861549437046051 4.6
      vertex 69 -2.850000001490116 5.8
      vertex 69 -2.850000001490116 4.6
    endloop
  endfacet
  facet normal -0.06540312054813896 -0.9978589238076522 0
    outer loop
      vertex 69 -2.850000001490116 5.8
      vertex 69.1762103587389 -2.861549437046051 4.6
      vertex 69.1762103587389 -2.861549437046051 5.8
    endloop
  endfacet
  facet normal 0.06540312054813896 -0.9978589238076522 0
    outer loop
      vertex 69 -2.850000001490116 4.6
      vertex 68.8237896412611 -2.861549437046051 5.8
      vertex 68.8237896412611 -2.861549437046051 4.6
    endloop
  endfacet
  facet normal 0.06540312054813896 -0.9978589238076522 0
    outer loop
      vertex 68.8237896412611 -2.861549437046051 5.8
      vertex 69 -2.850000001490116 4.6
      vertex 69 -2.850000001490116 5.8
    endloop
  endfacet
  facet normal 0.19509030517255316 -0.9807852837536256 0
    outer loop
      vertex 99.8237896412611 -2.861549437046051 4.6
      vertex 99.65059428662062 -2.8960001319646835 5.8
      vertex 99.65059428662062 -2.8960001319646835 4.6
    endloop
  endfacet
  facet normal 0.19509030517255316 -0.9807852837536256 0
    outer loop
      vertex 99.65059428662062 -2.8960001319646835 5.8
      vertex 99.8237896412611 -2.861549437046051 4.6
      vertex 99.8237896412611 -2.861549437046051 5.8
    endloop
  endfacet
  facet normal 0.32143949661158827 -0.9469301188673263 0
    outer loop
      vertex 99.65059428662062 -2.8960001319646835 4.6
      vertex 99.48337736725807 -2.952762633562088 5.8
      vertex 99.48337736725807 -2.952762633562088 4.6
    endloop
  endfacet
  facet normal 0.32143949661158827 -0.9469301188673263 0
    outer loop
      vertex 99.48337736725807 -2.952762633562088 5.8
      vertex 99.65059428662062 -2.8960001319646835 4.6
      vertex 99.65059428662062 -2.8960001319646835 5.8
    endloop
  endfacet
  facet normal 0.44228869095143175 -0.8968727411714935 0
    outer loop
      vertex 99.48337736725807 -2.952762633562088 4.6
      vertex 99.32500000298023 -3.0308657065033913 5.8
      vertex 99.32500000298023 -3.0308657065033913 4.6
    endloop
  endfacet
  facet normal 0.44228869095143175 -0.8968727411714935 0
    outer loop
      vertex 99.32500000298023 -3.0308657065033913 5.8
      vertex 99.48337736725807 -2.952762633562088 4.6
      vertex 99.48337736725807 -2.952762633562088 5.8
    endloop
  endfacet
  facet normal 0.5555702344903919 -0.831469611319795 0
    outer loop
      vertex 99.32500000298023 -3.0308657065033913 4.6
      vertex 99.17817207425833 -3.1289729923009872 5.8
      vertex 99.17817207425833 -3.1289729923009872 4.6
    endloop
  endfacet
  facet normal 0.5555702344903919 -0.831469611319795 0
    outer loop
      vertex 99.17817207425833 -3.1289729923009872 5.8
      vertex 99.32500000298023 -3.0308657065033913 4.6
      vertex 99.32500000298023 -3.0308657065033913 5.8
    endloop
  endfacet
  facet normal 0.6593457913849009 -0.7518398282766209 0
    outer loop
      vertex 99.17817207425833 -3.1289729923009872 4.6
      vertex 99.04540584236383 -3.2454058453440666 5.8
      vertex 99.04540584236383 -3.2454058453440666 4.6
    endloop
  endfacet
  facet normal 0.6593457913849009 -0.7518398282766209 0
    outer loop
      vertex 99.04540584236383 -3.2454058453440666 5.8
      vertex 99.17817207425833 -3.1289729923009872 4.6
      vertex 99.17817207425833 -3.1289729923009872 5.8
    endloop
  endfacet
  facet normal 0.7518398099342988 -0.6593458123003113 0
    outer loop
      vertex 99.04540584236383 -3.2454058453440666 4.6
      vertex 98.92897298932076 -3.378172069787979 5.8
      vertex 98.92897298932076 -3.378172069787979 4.6
    endloop
  endfacet
  facet normal 0.7518398099342988 -0.6593458123003113 0
    outer loop
      vertex 98.92897298932076 -3.378172069787979 5.8
      vertex 99.04540584236383 -3.2454058453440666 4.6
      vertex 99.04540584236383 -3.2454058453440666 5.8
    endloop
  endfacet
  facet normal 0.831469611319795 -0.5555702344903919 0
    outer loop
      vertex 98.92897298932076 -3.378172069787979 4.6
      vertex 98.83086570352316 -3.524999998509884 5.8
      vertex 98.83086570352316 -3.524999998509884 4.6
    endloop
  endfacet
  facet normal 0.831469611319795 -0.5555702344903919 0
    outer loop
      vertex 98.83086570352316 -3.524999998509884 5.8
      vertex 98.92897298932076 -3.378172069787979 4.6
      vertex 98.92897298932076 -3.378172069787979 5.8
    endloop
  endfacet
  facet normal 0.8968727411714935 -0.44228869095143175 0
    outer loop
      vertex 98.83086570352316 -3.524999998509884 4.6
      vertex 98.75276263058186 -3.6833773627877235 5.8
      vertex 98.75276263058186 -3.6833773627877235 4.6
    endloop
  endfacet
  facet normal 0.8968727411714935 -0.44228869095143175 0
    outer loop
      vertex 98.75276263058186 -3.6833773627877235 5.8
      vertex 98.83086570352316 -3.524999998509884 4.6
      vertex 98.83086570352316 -3.524999998509884 5.8
    endloop
  endfacet
  facet normal 0.946930136069085 -0.3214394459368422 0
    outer loop
      vertex 98.75276263058186 -3.6833773627877235 4.6
      vertex 98.69600013643503 -3.850594289600849 5.8
      vertex 98.69600013643503 -3.850594289600849 4.6
    endloop
  endfacet
  facet normal 0.946930136069085 -0.3214394459368422 0
    outer loop
      vertex 98.69600013643503 -3.850594289600849 5.8
      vertex 98.75276263058186 -3.6833773627877235 4.6
      vertex 98.75276263058186 -3.6833773627877235 5.8
    endloop
  endfacet
  facet normal 0.9807852740747491 -0.1950903538315495 0
    outer loop
      vertex 98.69600013643503 -3.850594289600849 4.6
      vertex 98.66154943406582 -4.023789636790752 5.8
      vertex 98.66154943406582 -4.023789636790752 4.6
    endloop
  endfacet
  facet normal 0.9807852740747491 -0.1950903538315495 0
    outer loop
      vertex 98.66154943406582 -4.023789636790752 5.8
      vertex 98.69600013643503 -3.850594289600849 4.6
      vertex 98.69600013643503 -3.850594289600849 5.8
    endloop
  endfacet
  facet normal 0.9978589239881303 -0.06540311779457338 0
    outer loop
      vertex 98.66154943406582 -4.023789636790752 4.6
      vertex 98.64999999850988 -4.200000002980232 5.8
      vertex 98.64999999850988 -4.200000002980232 4.6
    endloop
  endfacet
  facet normal 0.9978589239881303 -0.06540311779457338 0
    outer loop
      vertex 98.64999999850988 -4.200000002980232 5.8
      vertex 98.66154943406582 -4.023789636790752 4.6
      vertex 98.66154943406582 -4.023789636790752 5.8
    endloop
  endfacet
  facet normal 0.9978589238076522 0.06540312054813896 0
    outer loop
      vertex 98.64999999850988 -4.200000002980232 4.6
      vertex 98.66154943406582 -4.3762103617191315 5.8
      vertex 98.66154943406582 -4.3762103617191315 4.6
    endloop
  endfacet
  facet normal 0.9978589238076522 0.06540312054813896 0
    outer loop
      vertex 98.66154943406582 -4.3762103617191315 5.8
      vertex 98.64999999850988 -4.200000002980232 4.6
      vertex 98.64999999850988 -4.200000002980232 5.8
    endloop
  endfacet
  facet normal 0.9807852740747491 0.1950903538315495 0
    outer loop
      vertex 98.66154943406582 -4.3762103617191315 4.6
      vertex 98.69600013643503 -4.549405708909035 5.8
      vertex 98.69600013643503 -4.549405708909035 4.6
    endloop
  endfacet
  facet normal 0.9807852740747491 0.1950903538315495 0
    outer loop
      vertex 98.69600013643503 -4.549405708909035 5.8
      vertex 98.66154943406582 -4.3762103617191315 4.6
      vertex 98.66154943406582 -4.3762103617191315 5.8
    endloop
  endfacet
  facet normal 0.946930136069085 0.3214394459368422 0
    outer loop
      vertex 98.69600013643503 -4.549405708909035 4.6
      vertex 98.75276263058186 -4.71662263572216 5.8
      vertex 98.75276263058186 -4.71662263572216 4.6
    endloop
  endfacet
  facet normal 0.946930136069085 0.3214394459368422 0
    outer loop
      vertex 98.75276263058186 -4.71662263572216 5.8
      vertex 98.69600013643503 -4.549405708909035 4.6
      vertex 98.69600013643503 -4.549405708909035 5.8
    endloop
  endfacet
  facet normal 0.8968727411714935 0.44228869095143175 0
    outer loop
      vertex 98.75276263058186 -4.71662263572216 4.6
      vertex 98.83086570352316 -4.875 5.8
      vertex 98.83086570352316 -4.875 4.6
    endloop
  endfacet
  facet normal 0.8968727411714935 0.44228869095143175 0
    outer loop
      vertex 98.83086570352316 -4.875 5.8
      vertex 98.75276263058186 -4.71662263572216 4.6
      vertex 98.75276263058186 -4.71662263572216 5.8
    endloop
  endfacet
  facet normal 0.831469611319795 0.5555702344903919 0
    outer loop
      vertex 98.83086570352316 -4.875 4.6
      vertex 98.92897298932076 -5.021827928721905 5.8
      vertex 98.92897298932076 -5.021827928721905 4.6
    endloop
  endfacet
  facet normal 0.831469611319795 0.5555702344903919 0
    outer loop
      vertex 98.92897298932076 -5.021827928721905 5.8
      vertex 98.83086570352316 -4.875 4.6
      vertex 98.83086570352316 -4.875 5.8
    endloop
  endfacet
  facet normal 0.7518398099342988 0.6593458123003113 0
    outer loop
      vertex 98.92897298932076 -5.021827928721905 4.6
      vertex 99.04540584236383 -5.154594153165817 5.8
      vertex 99.04540584236383 -5.154594153165817 4.6
    endloop
  endfacet
  facet normal 0.7518398099342988 0.6593458123003113 0
    outer loop
      vertex 99.04540584236383 -5.154594153165817 5.8
      vertex 98.92897298932076 -5.021827928721905 4.6
      vertex 98.92897298932076 -5.021827928721905 5.8
    endloop
  endfacet
  facet normal 0.6593457913849009 0.7518398282766209 0
    outer loop
      vertex 99.04540584236383 -5.154594153165817 4.6
      vertex 99.17817207425833 -5.271027006208897 5.8
      vertex 99.17817207425833 -5.271027006208897 4.6
    endloop
  endfacet
  facet normal 0.6593457913849009 0.7518398282766209 0
    outer loop
      vertex 99.17817207425833 -5.271027006208897 5.8
      vertex 99.04540584236383 -5.154594153165817 4.6
      vertex 99.04540584236383 -5.154594153165817 5.8
    endloop
  endfacet
  facet normal 0.5555702344903919 0.831469611319795 0
    outer loop
      vertex 99.17817207425833 -5.271027006208897 4.6
      vertex 99.32500000298023 -5.369134292006493 5.8
      vertex 99.32500000298023 -5.369134292006493 4.6
    endloop
  endfacet
  facet normal 0.5555702344903919 0.831469611319795 0
    outer loop
      vertex 99.32500000298023 -5.369134292006493 5.8
      vertex 99.17817207425833 -5.271027006208897 4.6
      vertex 99.17817207425833 -5.271027006208897 5.8
    endloop
  endfacet
  facet normal 0.44228872488968357 0.8968727244349991 0
    outer loop
      vertex 99.32500000298023 -5.369134292006493 4.6
      vertex 99.48337736725807 -5.4472373723983765 5.8
      vertex 99.48337736725807 -5.4472373723983765 4.6
    endloop
  endfacet
  facet normal 0.44228872488968357 0.8968727244349991 0
    outer loop
      vertex 99.48337736725807 -5.4472373723983765 5.8
      vertex 99.32500000298023 -5.369134292006493 4.6
      vertex 99.32500000298023 -5.369134292006493 5.8
    endloop
  endfacet
  facet normal 0.3214394587792052 0.9469301317096904 0
    outer loop
      vertex 99.48337736725807 -5.4472373723983765 4.6
      vertex 99.65059428662062 -5.5039998665452 5.8
      vertex 99.65059428662062 -5.5039998665452 4.6
    endloop
  endfacet
  facet normal 0.3214394587792052 0.9469301317096904 0
    outer loop
      vertex 99.65059428662062 -5.5039998665452 5.8
      vertex 99.48337736725807 -5.4472373723983765 4.6
      vertex 99.48337736725807 -5.4472373723983765 5.8
    endloop
  endfacet
  facet normal 0.19509030517255316 0.9807852837536256 0
    outer loop
      vertex 99.65059428662062 -5.5039998665452 4.6
      vertex 99.8237896412611 -5.538450561463833 5.8
      vertex 99.8237896412611 -5.538450561463833 4.6
    endloop
  endfacet
  facet normal 0.19509030517255316 0.9807852837536256 0
    outer loop
      vertex 99.8237896412611 -5.538450561463833 5.8
      vertex 99.65059428662062 -5.5039998665452 4.6
      vertex 99.65059428662062 -5.5039998665452 5.8
    endloop
  endfacet
  facet normal 0.06540312054813896 0.9978589238076522 0
    outer loop
      vertex 99.8237896412611 -5.538450561463833 4.6
      vertex 100 -5.549999997019768 5.8
      vertex 100 -5.549999997019768 4.6
    endloop
  endfacet
  facet normal 0.06540312054813896 0.9978589238076522 0
    outer loop
      vertex 100 -5.549999997019768 5.8
      vertex 99.8237896412611 -5.538450561463833 4.6
      vertex 99.8237896412611 -5.538450561463833 5.8
    endloop
  endfacet
  facet normal -0.06540312054813896 0.9978589238076522 0
    outer loop
      vertex 100 -5.549999997019768 4.6
      vertex 100.1762103587389 -5.538450561463833 5.8
      vertex 100.1762103587389 -5.538450561463833 4.6
    endloop
  endfacet
  facet normal -0.06540312054813896 0.9978589238076522 0
    outer loop
      vertex 100.1762103587389 -5.538450561463833 5.8
      vertex 100 -5.549999997019768 4.6
      vertex 100 -5.549999997019768 5.8
    endloop
  endfacet
  facet normal -0.19509030517255316 0.9807852837536256 0
    outer loop
      vertex 100.1762103587389 -5.538450561463833 4.6
      vertex 100.34940571337938 -5.5039998665452 5.8
      vertex 100.34940571337938 -5.5039998665452 4.6
    endloop
  endfacet
  facet normal -0.19509030517255316 0.9807852837536256 0
    outer loop
      vertex 100.34940571337938 -5.5039998665452 5.8
      vertex 100.1762103587389 -5.538450561463833 4.6
      vertex 100.1762103587389 -5.538450561463833 5.8
    endloop
  endfacet
  facet normal -0.3214394587792052 0.9469301317096904 0
    outer loop
      vertex 100.34940571337938 -5.5039998665452 4.6
      vertex 100.51662263274193 -5.4472373723983765 5.8
      vertex 100.51662263274193 -5.4472373723983765 4.6
    endloop
  endfacet
  facet normal -0.3214394587792052 0.9469301317096904 0
    outer loop
      vertex 100.51662263274193 -5.4472373723983765 5.8
      vertex 100.34940571337938 -5.5039998665452 4.6
      vertex 100.34940571337938 -5.5039998665452 5.8
    endloop
  endfacet
  facet normal -0.44228872488968357 0.8968727244349991 0
    outer loop
      vertex 100.51662263274193 -5.4472373723983765 4.6
      vertex 100.67499999701977 -5.369134292006493 5.8
      vertex 100.67499999701977 -5.369134292006493 4.6
    endloop
  endfacet
  facet normal -0.44228872488968357 0.8968727244349991 0
    outer loop
      vertex 100.67499999701977 -5.369134292006493 5.8
      vertex 100.51662263274193 -5.4472373723983765 4.6
      vertex 100.51662263274193 -5.4472373723983765 5.8
    endloop
  endfacet
  facet normal -0.5555702344903919 0.831469611319795 0
    outer loop
      vertex 100.67499999701977 -5.369134292006493 4.6
      vertex 100.82182792574167 -5.271027006208897 5.8
      vertex 100.82182792574167 -5.271027006208897 4.6
    endloop
  endfacet
  facet normal -0.5555702344903919 0.831469611319795 0
    outer loop
      vertex 100.82182792574167 -5.271027006208897 5.8
      vertex 100.67499999701977 -5.369134292006493 4.6
      vertex 100.67499999701977 -5.369134292006493 5.8
    endloop
  endfacet
  facet normal -0.6593457913849009 0.7518398282766209 0
    outer loop
      vertex 100.82182792574167 -5.271027006208897 4.6
      vertex 100.95459415763617 -5.154594153165817 5.8
      vertex 100.95459415763617 -5.154594153165817 4.6
    endloop
  endfacet
  facet normal -0.6593457913849009 0.7518398282766209 0
    outer loop
      vertex 100.95459415763617 -5.154594153165817 5.8
      vertex 100.82182792574167 -5.271027006208897 4.6
      vertex 100.82182792574167 -5.271027006208897 5.8
    endloop
  endfacet
  facet normal -0.7518398099342988 0.6593458123003113 0
    outer loop
      vertex 100.95459415763617 -5.154594153165817 4.6
      vertex 101.07102701067924 -5.021827928721905 5.8
      vertex 101.07102701067924 -5.021827928721905 4.6
    endloop
  endfacet
  facet normal -0.7518398099342988 0.6593458123003113 0
    outer loop
      vertex 101.07102701067924 -5.021827928721905 5.8
      vertex 100.95459415763617 -5.154594153165817 4.6
      vertex 100.95459415763617 -5.154594153165817 5.8
    endloop
  endfacet
  facet normal -0.831469611319795 0.5555702344903919 0
    outer loop
      vertex 101.07102701067924 -5.021827928721905 4.6
      vertex 101.16913429647684 -4.875 5.8
      vertex 101.16913429647684 -4.875 4.6
    endloop
  endfacet
  facet normal -0.831469611319795 0.5555702344903919 0
    outer loop
      vertex 101.16913429647684 -4.875 5.8
      vertex 101.07102701067924 -5.021827928721905 4.6
      vertex 101.07102701067924 -5.021827928721905 5.8
    endloop
  endfacet
  facet normal -0.8968727411714935 0.44228869095143175 0
    outer loop
      vertex 101.16913429647684 -4.875 4.6
      vertex 101.24723736941814 -4.71662263572216 5.8
      vertex 101.24723736941814 -4.71662263572216 4.6
    endloop
  endfacet
  facet normal -0.8968727411714935 0.44228869095143175 0
    outer loop
      vertex 101.24723736941814 -4.71662263572216 5.8
      vertex 101.16913429647684 -4.875 4.6
      vertex 101.16913429647684 -4.875 5.8
    endloop
  endfacet
  facet normal -0.946930136069085 0.3214394459368422 0
    outer loop
      vertex 101.24723736941814 -4.71662263572216 4.6
      vertex 101.30399986356497 -4.549405708909035 5.8
      vertex 101.30399986356497 -4.549405708909035 4.6
    endloop
  endfacet
  facet normal -0.946930136069085 0.3214394459368422 0
    outer loop
      vertex 101.30399986356497 -4.549405708909035 5.8
      vertex 101.24723736941814 -4.71662263572216 4.6
      vertex 101.24723736941814 -4.71662263572216 5.8
    endloop
  endfacet
  facet normal -0.9807852740747491 0.1950903538315495 0
    outer loop
      vertex 101.30399986356497 -4.549405708909035 4.6
      vertex 101.33845056593418 -4.3762103617191315 5.8
      vertex 101.33845056593418 -4.3762103617191315 4.6
    endloop
  endfacet
  facet normal -0.9807852740747491 0.1950903538315495 0
    outer loop
      vertex 101.33845056593418 -4.3762103617191315 5.8
      vertex 101.30399986356497 -4.549405708909035 4.6
      vertex 101.30399986356497 -4.549405708909035 5.8
    endloop
  endfacet
  facet normal -0.9978589238076522 0.06540312054813896 0
    outer loop
      vertex 101.33845056593418 -4.3762103617191315 4.6
      vertex 101.35000000149012 -4.200000002980232 5.8
      vertex 101.35000000149012 -4.200000002980232 4.6
    endloop
  endfacet
  facet normal -0.9978589238076522 0.06540312054813896 0
    outer loop
      vertex 101.35000000149012 -4.200000002980232 5.8
      vertex 101.33845056593418 -4.3762103617191315 4.6
      vertex 101.33845056593418 -4.3762103617191315 5.8
    endloop
  endfacet
  facet normal -0.9978589239881303 -0.06540311779457338 0
    outer loop
      vertex 101.35000000149012 -4.200000002980232 4.6
      vertex 101.33845056593418 -4.023789636790752 5.8
      vertex 101.33845056593418 -4.023789636790752 4.6
    endloop
  endfacet
  facet normal -0.9978589239881303 -0.06540311779457338 0
    outer loop
      vertex 101.33845056593418 -4.023789636790752 5.8
      vertex 101.35000000149012 -4.200000002980232 4.6
      vertex 101.35000000149012 -4.200000002980232 5.8
    endloop
  endfacet
  facet normal -0.9807852740747491 -0.1950903538315495 0
    outer loop
      vertex 101.33845056593418 -4.023789636790752 4.6
      vertex 101.30399986356497 -3.850594289600849 5.8
      vertex 101.30399986356497 -3.850594289600849 4.6
    endloop
  endfacet
  facet normal -0.9807852740747491 -0.1950903538315495 0
    outer loop
      vertex 101.30399986356497 -3.850594289600849 5.8
      vertex 101.33845056593418 -4.023789636790752 4.6
      vertex 101.33845056593418 -4.023789636790752 5.8
    endloop
  endfacet
  facet normal -0.946930136069085 -0.3214394459368422 0
    outer loop
      vertex 101.30399986356497 -3.850594289600849 4.6
      vertex 101.24723736941814 -3.6833773627877235 5.8
      vertex 101.24723736941814 -3.6833773627877235 4.6
    endloop
  endfacet
  facet normal -0.946930136069085 -0.3214394459368422 0
    outer loop
      vertex 101.24723736941814 -3.6833773627877235 5.8
      vertex 101.30399986356497 -3.850594289600849 4.6
      vertex 101.30399986356497 -3.850594289600849 5.8
    endloop
  endfacet
  facet normal -0.8968727411714935 -0.44228869095143175 0
    outer loop
      vertex 101.24723736941814 -3.6833773627877235 4.6
      vertex 101.16913429647684 -3.524999998509884 5.8
      vertex 101.16913429647684 -3.524999998509884 4.6
    endloop
  endfacet
  facet normal -0.8968727411714935 -0.44228869095143175 0
    outer loop
      vertex 101.16913429647684 -3.524999998509884 5.8
      vertex 101.24723736941814 -3.6833773627877235 4.6
      vertex 101.24723736941814 -3.6833773627877235 5.8
    endloop
  endfacet
  facet normal -0.831469611319795 -0.5555702344903919 0
    outer loop
      vertex 101.16913429647684 -3.524999998509884 4.6
      vertex 101.07102701067924 -3.378172069787979 5.8
      vertex 101.07102701067924 -3.378172069787979 4.6
    endloop
  endfacet
  facet normal -0.831469611319795 -0.5555702344903919 0
    outer loop
      vertex 101.07102701067924 -3.378172069787979 5.8
      vertex 101.16913429647684 -3.524999998509884 4.6
      vertex 101.16913429647684 -3.524999998509884 5.8
    endloop
  endfacet
  facet normal -0.7518398099342988 -0.6593458123003113 0
    outer loop
      vertex 101.07102701067924 -3.378172069787979 4.6
      vertex 100.95459415763617 -3.2454058453440666 5.8
      vertex 100.95459415763617 -3.2454058453440666 4.6
    endloop
  endfacet
  facet normal -0.7518398099342988 -0.6593458123003113 0
    outer loop
      vertex 100.95459415763617 -3.2454058453440666 5.8
      vertex 101.07102701067924 -3.378172069787979 4.6
      vertex 101.07102701067924 -3.378172069787979 5.8
    endloop
  endfacet
  facet normal -0.6593457913849009 -0.7518398282766209 0
    outer loop
      vertex 100.95459415763617 -3.2454058453440666 4.6
      vertex 100.82182792574167 -3.1289729923009872 5.8
      vertex 100.82182792574167 -3.1289729923009872 4.6
    endloop
  endfacet
  facet normal -0.6593457913849009 -0.7518398282766209 0
    outer loop
      vertex 100.82182792574167 -3.1289729923009872 5.8
      vertex 100.95459415763617 -3.2454058453440666 4.6
      vertex 100.95459415763617 -3.2454058453440666 5.8
    endloop
  endfacet
  facet normal -0.5555702344903919 -0.831469611319795 0
    outer loop
      vertex 100.82182792574167 -3.1289729923009872 4.6
      vertex 100.67499999701977 -3.0308657065033913 5.8
      vertex 100.67499999701977 -3.0308657065033913 4.6
    endloop
  endfacet
  facet normal -0.5555702344903919 -0.831469611319795 0
    outer loop
      vertex 100.67499999701977 -3.0308657065033913 5.8
      vertex 100.82182792574167 -3.1289729923009872 4.6
      vertex 100.82182792574167 -3.1289729923009872 5.8
    endloop
  endfacet
  facet normal -0.44228869095143175 -0.8968727411714935 0
    outer loop
      vertex 100.67499999701977 -3.0308657065033913 4.6
      vertex 100.51662263274193 -2.952762633562088 5.8
      vertex 100.51662263274193 -2.952762633562088 4.6
    endloop
  endfacet
  facet normal -0.44228869095143175 -0.8968727411714935 0
    outer loop
      vertex 100.51662263274193 -2.952762633562088 5.8
      vertex 100.67499999701977 -3.0308657065033913 4.6
      vertex 100.67499999701977 -3.0308657065033913 5.8
    endloop
  endfacet
  facet normal -0.32143949661158827 -0.9469301188673263 0
    outer loop
      vertex 100.51662263274193 -2.952762633562088 4.6
      vertex 100.34940571337938 -2.8960001319646835 5.8
      vertex 100.34940571337938 -2.8960001319646835 4.6
    endloop
  endfacet
  facet normal -0.32143949661158827 -0.9469301188673263 0
    outer loop
      vertex 100.34940571337938 -2.8960001319646835 5.8
      vertex 100.51662263274193 -2.952762633562088 4.6
      vertex 100.51662263274193 -2.952762633562088 5.8
    endloop
  endfacet
  facet normal -0.19509030517255316 -0.9807852837536256 0
    outer loop
      vertex 100.34940571337938 -2.8960001319646835 4.6
      vertex 100.1762103587389 -2.861549437046051 5.8
      vertex 100.1762103587389 -2.861549437046051 4.6
    endloop
  endfacet
  facet normal -0.19509030517255316 -0.9807852837536256 0
    outer loop
      vertex 100.1762103587389 -2.861549437046051 5.8
      vertex 100.34940571337938 -2.8960001319646835 4.6
      vertex 100.34940571337938 -2.8960001319646835 5.8
    endloop
  endfacet
  facet normal -0.06540312054813896 -0.9978589238076522 0
    outer loop
      vertex 100.1762103587389 -2.861549437046051 4.6
      vertex 100 -2.850000001490116 5.8
      vertex 100 -2.850000001490116 4.6
    endloop
  endfacet
  facet normal -0.06540312054813896 -0.9978589238076522 0
    outer loop
      vertex 100 -2.850000001490116 5.8
      vertex 100.1762103587389 -2.861549437046051 4.6
      vertex 100.1762103587389 -2.861549437046051 5.8
    endloop
  endfacet
  facet normal 0.06540312054813896 -0.9978589238076522 0
    outer loop
      vertex 100 -2.850000001490116 4.6
      vertex 99.8237896412611 -2.861549437046051 5.8
      vertex 99.8237896412611 -2.861549437046051 4.6
    endloop
  endfacet
  facet normal 0.06540312054813896 -0.9978589238076522 0
    outer loop
      vertex 99.8237896412611 -2.861549437046051 5.8
      vertex 100 -2.850000001490116 4.6
      vertex 100 -2.850000001490116 5.8
    endloop
  endfacet
  facet normal 0 0 1
    outer loop
      vertex 116 -64 5.8
      vertex 96.35000000149012 -61.70000000298023 5.8
      vertex 96.33845056593418 -61.87621036171913 5.8
    endloop
  endfacet
  facet normal 0 0 1
    outer loop
      vertex 101.33845056593418 -4.023789636790752 5.8
      vertex 101.35000000149012 -4.200000002980232 5.8
      vertex 116 -2 5.8
    endloop
  endfacet
  facet normal 0 0 1
    outer loop
      vertex 101.30399986356497 -3.850594289600849 5.8
      vertex 101.33845056593418 -4.023789636790752 5.8
      vertex 116 -2 5.8
    endloop
  endfacet
  facet normal 0 0 1
    outer loop
      vertex 70.35000000149012 -4.200000002980232 5.8
      vertex 98.64999999850988 -4.200000002980232 5.8
      vertex 98.66154943406582 -4.023789636790752 5.8
    endloop
  endfacet
  facet normal 0 0 1
    outer loop
      vertex 70.33845056593418 -4.023789636790752 5.8
      vertex 70.35000000149012 -4.200000002980232 5.8
      vertex 98.66154943406582 -4.023789636790752 5.8
    endloop
  endfacet
  facet normal 0 0 1
    outer loop
      vertex 98.64999999850988 -4.200000002980232 5.8
      vertex 70.35000000149012 -4.200000002980232 5.8
      vertex 70.33845056593418 -4.3762103617191315 5.8
    endloop
  endfacet
  facet normal 0 0 1
    outer loop
      vertex 98.66154943406582 -4.3762103617191315 5.8
      vertex 98.64999999850988 -4.200000002980232 5.8
      vertex 70.33845056593418 -4.3762103617191315 5.8
    endloop
  endfacet
  facet normal 0 0 1
    outer loop
      vertex 116 -64 5.8
      vertex 116 -2 5.8
      vertex 101.35000000149012 -4.200000002980232 5.8
    endloop
  endfacet
  facet normal 0 0 1
    outer loop
      vertex 116 -64 5.8
      vertex 101.35000000149012 -4.200000002980232 5.8
      vertex 101.33845056593418 -4.3762103617191315 5.8
    endloop
  endfacet
  facet normal 0 0 1
    outer loop
      vertex 116 -64 5.8
      vertex 101.33845056593418 -4.3762103617191315 5.8
      vertex 101.30399986356497 -4.549405708909035 5.8
    endloop
  endfacet
  facet normal 0 0 1
    outer loop
      vertex 96.35000000149012 -61.70000000298023 5.8
      vertex 116 -64 5.8
      vertex 101.30399986356497 -4.549405708909035 5.8
    endloop
  endfacet
  facet normal 0 0 1
    outer loop
      vertex 96.33845056593418 -61.52378963679075 5.8
      vertex 96.35000000149012 -61.70000000298023 5.8
      vertex 101.30399986356497 -4.549405708909035 5.8
    endloop
  endfacet
  facet normal 0 0 1
    outer loop
      vertex 96.33845056593418 -61.52378963679075 5.8
      vertex 101.30399986356497 -4.549405708909035 5.8
      vertex 101.24723736941814 -4.71662263572216 5.8
    endloop
  endfacet
  facet normal 0 0 1
    outer loop
      vertex 96.30399986356497 -61.35059428960085 5.8
      vertex 96.33845056593418 -61.52378963679075 5.8
      vertex 101.24723736941814 -4.71662263572216 5.8
    endloop
  endfacet
  facet normal 0 0 1
    outer loop
      vertex 96.30399986356497 -61.35059428960085 5.8
      vertex 101.24723736941814 -4.71662263572216 5.8
      vertex 101.16913429647684 -4.875 5.8
    endloop
  endfacet
  facet normal 0 0 1
    outer loop
      vertex 96.24723736941814 -61.18337736278772 5.8
      vertex 96.30399986356497 -61.35059428960085 5.8
      vertex 101.16913429647684 -4.875 5.8
    endloop
  endfacet
  facet normal 0 0 1
    outer loop
      vertex 96.24723736941814 -61.18337736278772 5.8
      vertex 101.16913429647684 -4.875 5.8
      vertex 101.07102701067924 -5.021827928721905 5.8
    endloop
  endfacet
  facet normal 0 0 1
    outer loop
      vertex 96.16913429647684 -61.024999998509884 5.8
      vertex 96.24723736941814 -61.18337736278772 5.8
      vertex 101.07102701067924 -5.021827928721905 5.8
    endloop
  endfacet
  facet normal 0 0 1
    outer loop
      vertex 96.16913429647684 -61.024999998509884 5.8
      vertex 101.07102701067924 -5.021827928721905 5.8
      vertex 100.95459415763617 -5.154594153165817 5.8
    endloop
  endfacet
  facet normal 0 0 1
    outer loop
      vertex 96.07102701067924 -60.87817206978798 5.8
      vertex 96.16913429647684 -61.024999998509884 5.8
      vertex 100.95459415763617 -5.154594153165817 5.8
    endloop
  endfacet
  facet normal 0 0 1
    outer loop
      vertex 96.07102701067924 -60.87817206978798 5.8
      vertex 100.95459415763617 -5.154594153165817 5.8
      vertex 100.82182792574167 -5.271027006208897 5.8
    endloop
  endfacet
  facet normal 0 0 1
    outer loop
      vertex 95.95459415763617 -60.74540584534407 5.8
      vertex 96.07102701067924 -60.87817206978798 5.8
      vertex 100.82182792574167 -5.271027006208897 5.8
    endloop
  endfacet
  facet normal 0 0 1
    outer loop
      vertex 95.95459415763617 -60.74540584534407 5.8
      vertex 100.82182792574167 -5.271027006208897 5.8
      vertex 100.67499999701977 -5.369134292006493 5.8
    endloop
  endfacet
  facet normal 0 0 1
    outer loop
      vertex 95.82182792574167 -60.62897299230099 5.8
      vertex 95.95459415763617 -60.74540584534407 5.8
      vertex 100.67499999701977 -5.369134292006493 5.8
    endloop
  endfacet
  facet normal 0 0 1
    outer loop
      vertex 95.82182792574167 -60.62897299230099 5.8
      vertex 100.67499999701977 -5.369134292006493 5.8
      vertex 100.51662263274193 -5.4472373723983765 5.8
    endloop
  endfacet
  facet normal 0 0 1
    outer loop
      vertex 95.67499999701977 -60.53086570650339 5.8
      vertex 95.82182792574167 -60.62897299230099 5.8
      vertex 100.51662263274193 -5.4472373723983765 5.8
    endloop
  endfacet
  facet normal 0 0 1
    outer loop
      vertex 95.67499999701977 -60.53086570650339 5.8
      vertex 100.51662263274193 -5.4472373723983765 5.8
      vertex 100.34940571337938 -5.5039998665452 5.8
    endloop
  endfacet
  facet normal 0 0 1
    outer loop
      vertex 95.51662263274193 -60.45276263356209 5.8
      vertex 95.67499999701977 -60.53086570650339 5.8
      vertex 100.34940571337938 -5.5039998665452 5.8
    endloop
  endfacet
  facet normal 0 0 1
    outer loop
      vertex 95.51662263274193 -60.45276263356209 5.8
      vertex 100.34940571337938 -5.5039998665452 5.8
      vertex 100.1762103587389 -5.538450561463833 5.8
    endloop
  endfacet
  facet normal 0 0 1
    outer loop
      vertex 95.34940571337938 -60.39600013196468 5.8
      vertex 95.51662263274193 -60.45276263356209 5.8
      vertex 100.1762103587389 -5.538450561463833 5.8
    endloop
  endfacet
  facet normal 0 0 1
    outer loop
      vertex 95.34940571337938 -60.39600013196468 5.8
      vertex 100.1762103587389 -5.538450561463833 5.8
      vertex 100 -5.549999997019768 5.8
    endloop
  endfacet
  facet normal 0 0 1
    outer loop
      vertex 95.1762103587389 -60.36154943704605 5.8
      vertex 95.34940571337938 -60.39600013196468 5.8
      vertex 100 -5.549999997019768 5.8
    endloop
  endfacet
  facet normal 0 0 1
    outer loop
      vertex 95.1762103587389 -60.36154943704605 5.8
      vertex 100 -5.549999997019768 5.8
      vertex 99.8237896412611 -5.538450561463833 5.8
    endloop
  endfacet
  facet normal 0 0 1
    outer loop
      vertex 95 -60.350000001490116 5.8
      vertex 95.1762103587389 -60.36154943704605 5.8
      vertex 99.8237896412611 -5.538450561463833 5.8
    endloop
  endfacet
  facet normal 0 0 1
    outer loop
      vertex 116 -64 5.8
      vertex 96.33845056593418 -61.87621036171913 5.8
      vertex 96.30399986356497 -62.049405708909035 5.8
    endloop
  endfacet
  facet normal 0 0 1
    outer loop
      vertex 95 -60.350000001490116 5.8
      vertex 99.8237896412611 -5.538450561463833 5.8
      vertex 99.65059428662062 -5.5039998665452 5.8
    endloop
  endfacet
  facet normal 0 0 1
    outer loop
      vertex 94.8237896412611 -60.36154943704605 5.8
      vertex 95 -60.350000001490116 5.8
      vertex 99.65059428662062 -5.5039998665452 5.8
    endloop
  endfacet
  facet normal 0 0 1
    outer loop
      vertex 70.33845056593418 -4.023789636790752 5.8
      vertex 98.66154943406582 -4.023789636790752 5.8
      vertex 98.69600013643503 -3.850594289600849 5.8
    endloop
  endfacet
  facet normal 0 0 1
    outer loop
      vertex 70.30399986356497 -3.850594289600849 5.8
      vertex 70.33845056593418 -4.023789636790752 5.8
      vertex 98.69600013643503 -3.850594289600849 5.8
    endloop
  endfacet
  facet normal 0 0 1
    outer loop
      vertex 98.66154943406582 -4.3762103617191315 5.8
      vertex 70.33845056593418 -4.3762103617191315 5.8
      vertex 70.30399986356497 -4.549405708909035 5.8
    endloop
  endfacet
  facet normal 0 0 1
    outer loop
      vertex 98.69600013643503 -4.549405708909035 5.8
      vertex 98.66154943406582 -4.3762103617191315 5.8
      vertex 70.30399986356497 -4.549405708909035 5.8
    endloop
  endfacet
  facet normal 0 0 1
    outer loop
      vertex 101.24723736941814 -3.6833773627877235 5.8
      vertex 101.30399986356497 -3.850594289600849 5.8
      vertex 116 -2 5.8
    endloop
  endfacet
  facet normal 0 0 1
    outer loop
      vertex 116 -64 5.8
      vertex 96.30399986356497 -62.049405708909035 5.8
      vertex 96.24723736941814 -62.21662263572216 5.8
    endloop
  endfacet
  facet normal 0 0 1
    outer loop
      vertex 94.8237896412611 -60.36154943704605 5.8
      vertex 99.65059428662062 -5.5039998665452 5.8
      vertex 99.48337736725807 -5.4472373723983765 5.8
    endloop
  endfacet
  facet normal 0 0 1
    outer loop
      vertex 94.65059428662062 -60.39600013196468 5.8
      vertex 94.8237896412611 -60.36154943704605 5.8
      vertex 99.48337736725807 -5.4472373723983765 5.8
    endloop
  endfacet
  facet normal 0 0 1
    outer loop
      vertex 70.30399986356497 -3.850594289600849 5.8
      vertex 98.69600013643503 -3.850594289600849 5.8
      vertex 98.75276263058186 -3.6833773627877235 5.8
    endloop
  endfacet
  facet normal 0 0 1
    outer loop
      vertex 70.24723736941814 -3.6833773627877235 5.8
      vertex 70.30399986356497 -3.850594289600849 5.8
      vertex 98.75276263058186 -3.6833773627877235 5.8
    endloop
  endfacet
  facet normal 0 0 1
    outer loop
      vertex 98.69600013643503 -4.549405708909035 5.8
      vertex 70.30399986356497 -4.549405708909035 5.8
      vertex 70.24723736941814 -4.71662263572216 5.8
    endloop
  endfacet
  facet normal 0 0 1
    outer loop
      vertex 98.75276263058186 -4.71662263572216 5.8
      vertex 98.69600013643503 -4.549405708909035 5.8
      vertex 70.24723736941814 -4.71662263572216 5.8
    endloop
  endfacet
  facet normal 0 0 1
    outer loop
      vertex 101.16913429647684 -3.524999998509884 5.8
      vertex 101.24723736941814 -3.6833773627877235 5.8
      vertex 116 -2 5.8
    endloop
  endfacet
  facet normal 0 0 1
    outer loop
      vertex 116 -64 5.8
      vertex 96.24723736941814 -62.21662263572216 5.8
      vertex 96.16913429647684 -62.375 5.8
    endloop
  endfacet
  facet normal 0 0 1
    outer loop
      vertex 94.65059428662062 -60.39600013196468 5.8
      vertex 99.48337736725807 -5.4472373723983765 5.8
      vertex 99.32500000298023 -5.369134292006493 5.8
    endloop
  endfacet
  facet normal 0 0 1
    outer loop
      vertex 94.48337736725807 -60.45276263356209 5.8
      vertex 94.65059428662062 -60.39600013196468 5.8
      vertex 99.32500000298023 -5.369134292006493 5.8
    endloop
  endfacet
  facet normal 0 0 1
    outer loop
      vertex 70.24723736941814 -3.6833773627877235 5.8
      vertex 98.75276263058186 -3.6833773627877235 5.8
      vertex 98.83086570352316 -3.524999998509884 5.8
    endloop
  endfacet
  facet normal 0 0 1
    outer loop
      vertex 70.16913429647684 -3.524999998509884 5.8
      vertex 70.24723736941814 -3.6833773627877235 5.8
      vertex 98.83086570352316 -3.524999998509884 5.8
    endloop
  endfacet
  facet normal 0 0 1
    outer loop
      vertex 98.75276263058186 -4.71662263572216 5.8
      vertex 70.24723736941814 -4.71662263572216 5.8
      vertex 70.16913429647684 -4.875 5.8
    endloop
  endfacet
  facet normal 0 0 1
    outer loop
      vertex 98.83086570352316 -4.875 5.8
      vertex 98.75276263058186 -4.71662263572216 5.8
      vertex 70.16913429647684 -4.875 5.8
    endloop
  endfacet
  facet normal 0 0 1
    outer loop
      vertex 101.07102701067924 -3.378172069787979 5.8
      vertex 101.16913429647684 -3.524999998509884 5.8
      vertex 116 -2 5.8
    endloop
  endfacet
  facet normal 0 0 1
    outer loop
      vertex 94.48337736725807 -60.45276263356209 5.8
      vertex 99.32500000298023 -5.369134292006493 5.8
      vertex 99.17817207425833 -5.271027006208897 5.8
    endloop
  endfacet
  facet normal 0 0 1
    outer loop
      vertex 116 -64 5.8
      vertex 96.16913429647684 -62.375 5.8
      vertex 96.07102701067924 -62.521827928721905 5.8
    endloop
  endfacet
  facet normal 0 0 1
    outer loop
      vertex 94.32500000298023 -60.53086570650339 5.8
      vertex 94.48337736725807 -60.45276263356209 5.8
      vertex 99.17817207425833 -5.271027006208897 5.8
    endloop
  endfacet
  facet normal 0 0 1
    outer loop
      vertex 93.66154943406582 -61.87621036171913 5.8
      vertex 93.64999999850988 -61.70000000298023 5.8
      vertex 41.350000001490116 -61.70000000298023 5.8
    endloop
  endfacet
  facet normal 0 0 1
    outer loop
      vertex 93.66154943406582 -61.87621036171913 5.8
      vertex 41.350000001490116 -61.70000000298023 5.8
      vertex 41.33845056593418 -61.87621036171913 5.8
    endloop
  endfacet
  facet normal 0 0 1
    outer loop
      vertex 93.69600013643503 -62.049405708909035 5.8
      vertex 93.66154943406582 -61.87621036171913 5.8
      vertex 41.33845056593418 -61.87621036171913 5.8
    endloop
  endfacet
  facet normal 0 0 1
    outer loop
      vertex 93.69600013643503 -62.049405708909035 5.8
      vertex 41.33845056593418 -61.87621036171913 5.8
      vertex 41.30399986356497 -62.049405708909035 5.8
    endloop
  endfacet
  facet normal 0 0 1
    outer loop
      vertex 93.75276263058186 -62.21662263572216 5.8
      vertex 93.69600013643503 -62.049405708909035 5.8
      vertex 41.30399986356497 -62.049405708909035 5.8
    endloop
  endfacet
  facet normal 0 0 1
    outer loop
      vertex 93.75276263058186 -62.21662263572216 5.8
      vertex 41.30399986356497 -62.049405708909035 5.8
      vertex 41.247237369418144 -62.21662263572216 5.8
    endloop
  endfacet
  facet normal 0 0 1
    outer loop
      vertex 93.83086570352316 -62.375 5.8
      vertex 93.75276263058186 -62.21662263572216 5.8
      vertex 41.247237369418144 -62.21662263572216 5.8
    endloop
  endfacet
  facet normal 0 0 1
    outer loop
      vertex 93.83086570352316 -62.375 5.8
      vertex 41.247237369418144 -62.21662263572216 5.8
      vertex 41.16913429647684 -62.375 5.8
    endloop
  endfacet
  facet normal 0 0 1
    outer loop
      vertex 41.350000001490116 -61.70000000298023 5.8
      vertex 93.64999999850988 -61.70000000298023 5.8
      vertex 93.66154943406582 -61.52378963679075 5.8
    endloop
  endfacet
  facet normal 0 0 1
    outer loop
      vertex 41.33845056593418 -61.52378963679075 5.8
      vertex 41.350000001490116 -61.70000000298023 5.8
      vertex 93.66154943406582 -61.52378963679075 5.8
    endloop
  endfacet
  facet normal 0 0 1
    outer loop
      vertex 41.33845056593418 -61.52378963679075 5.8
      vertex 93.66154943406582 -61.52378963679075 5.8
      vertex 93.69600013643503 -61.35059428960085 5.8
    endloop
  endfacet
  facet normal 0 0 1
    outer loop
      vertex 41.33845056593418 -61.52378963679075 5.8
      vertex 93.69600013643503 -61.35059428960085 5.8
      vertex 93.75276263058186 -61.18337736278772 5.8
    endloop
  endfacet
  facet normal 0 0 1
    outer loop
      vertex 70.16913429647684 -3.524999998509884 5.8
      vertex 98.83086570352316 -3.524999998509884 5.8
      vertex 98.92897298932076 -3.378172069787979 5.8
    endloop
  endfacet
  facet normal 0 0 1
    outer loop
      vertex 70.07102701067924 -3.378172069787979 5.8
      vertex 70.16913429647684 -3.524999998509884 5.8
      vertex 98.92897298932076 -3.378172069787979 5.8
    endloop
  endfacet
  facet normal 0 0 1
    outer loop
      vertex 98.83086570352316 -4.875 5.8
      vertex 70.16913429647684 -4.875 5.8
      vertex 70.07102701067924 -5.021827928721905 5.8
    endloop
  endfacet
  facet normal 0 0 1
    outer loop
      vertex 98.92897298932076 -5.021827928721905 5.8
      vertex 98.83086570352316 -4.875 5.8
      vertex 70.07102701067924 -5.021827928721905 5.8
    endloop
  endfacet
  facet normal 0 0 1
    outer loop
      vertex 93.83086570352316 -62.375 5.8
      vertex 41.16913429647684 -62.375 5.8
      vertex 41.071027010679245 -62.521827928721905 5.8
    endloop
  endfacet
  facet normal 0 0 1
    outer loop
      vertex 93.92897298932076 -62.521827928721905 5.8
      vertex 93.83086570352316 -62.375 5.8
      vertex 41.071027010679245 -62.521827928721905 5.8
    endloop
  endfacet
  facet normal 0 0 1
    outer loop
      vertex 41.30399986356497 -61.35059428960085 5.8
      vertex 41.33845056593418 -61.52378963679075 5.8
      vertex 93.75276263058186 -61.18337736278772 5.8
    endloop
  endfacet
  facet normal 0 0 1
    outer loop
      vertex 41.30399986356497 -61.35059428960085 5.8
      vertex 93.75276263058186 -61.18337736278772 5.8
      vertex 93.83086570352316 -61.024999998509884 5.8
    endloop
  endfacet
  facet normal 0 0 1
    outer loop
      vertex 41.30399986356497 -61.35059428960085 5.8
      vertex 93.83086570352316 -61.024999998509884 5.8
      vertex 93.92897298932076 -60.87817206978798 5.8
    endloop
  endfacet
  facet normal 0 0 1
    outer loop
      vertex 41.247237369418144 -61.18337736278772 5.8
      vertex 41.30399986356497 -61.35059428960085 5.8
      vertex 93.92897298932076 -60.87817206978798 5.8
    endloop
  endfacet
  facet normal 0 0 1
    outer loop
      vertex 41.16913429647684 -61.024999998509884 5.8
      vertex 41.247237369418144 -61.18337736278772 5.8
      vertex 93.92897298932076 -60.87817206978798 5.8
    endloop
  endfacet
  facet normal 0 0 1
    outer loop
      vertex 41.071027010679245 -60.87817206978798 5.8
      vertex 41.16913429647684 -61.024999998509884 5.8
      vertex 93.92897298932076 -60.87817206978798 5.8
    endloop
  endfacet
  facet normal 0 0 1
    outer loop
      vertex 100.95459415763617 -3.2454058453440666 5.8
      vertex 101.07102701067924 -3.378172069787979 5.8
      vertex 116 -2 5.8
    endloop
  endfacet
  facet normal 0 0 1
    outer loop
      vertex 94.32500000298023 -60.53086570650339 5.8
      vertex 99.17817207425833 -5.271027006208897 5.8
      vertex 99.04540584236383 -5.154594153165817 5.8
    endloop
  endfacet
  facet normal 0 0 1
    outer loop
      vertex 116 -64 5.8
      vertex 96.07102701067924 -62.521827928721905 5.8
      vertex 95.95459415763617 -62.65459415316582 5.8
    endloop
  endfacet
  facet normal 0 0 1
    outer loop
      vertex 94.17817207425833 -60.62897299230099 5.8
      vertex 94.32500000298023 -60.53086570650339 5.8
      vertex 99.04540584236383 -5.154594153165817 5.8
    endloop
  endfacet
  facet normal 0 0 1
    outer loop
      vertex 70.07102701067924 -3.378172069787979 5.8
      vertex 98.92897298932076 -3.378172069787979 5.8
      vertex 99.04540584236383 -3.2454058453440666 5.8
    endloop
  endfacet
  facet normal 0 0 1
    outer loop
      vertex 69.95459415763617 -3.2454058453440666 5.8
      vertex 70.07102701067924 -3.378172069787979 5.8
      vertex 99.04540584236383 -3.2454058453440666 5.8
    endloop
  endfacet
  facet normal 0 0 1
    outer loop
      vertex 98.92897298932076 -5.021827928721905 5.8
      vertex 70.07102701067924 -5.021827928721905 5.8
      vertex 69.95459415763617 -5.154594153165817 5.8
    endloop
  endfacet
  facet normal 0 0 1
    outer loop
      vertex 99.04540584236383 -5.154594153165817 5.8
      vertex 98.92897298932076 -5.021827928721905 5.8
      vertex 69.95459415763617 -5.154594153165817 5.8
    endloop
  endfacet
  facet normal 0 0 1
    outer loop
      vertex 94.17817207425833 -60.62897299230099 5.8
      vertex 99.04540584236383 -5.154594153165817 5.8
      vertex 69.95459415763617 -5.154594153165817 5.8
    endloop
  endfacet
  facet normal 0 0 1
    outer loop
      vertex 94.17817207425833 -60.62897299230099 5.8
      vertex 69.95459415763617 -5.154594153165817 5.8
      vertex 69.82182792574167 -5.271027006208897 5.8
    endloop
  endfacet
  facet normal 0 0 1
    outer loop
      vertex 94.17817207425833 -60.62897299230099 5.8
      vertex 69.82182792574167 -5.271027006208897 5.8
      vertex 69.67499999701977 -5.369134292006493 5.8
    endloop
  endfacet
  facet normal 0 0 1
    outer loop
      vertex 94.17817207425833 -60.62897299230099 5.8
      vertex 69.67499999701977 -5.369134292006493 5.8
      vertex 69.51662263274193 -5.4472373723983765 5.8
    endloop
  endfacet
  facet normal 0 0 1
    outer loop
      vertex 94.17817207425833 -60.62897299230099 5.8
      vertex 69.51662263274193 -5.4472373723983765 5.8
      vertex 69.34940571337938 -5.5039998665452 5.8
    endloop
  endfacet
  facet normal 0 0 1
    outer loop
      vertex 94.17817207425833 -60.62897299230099 5.8
      vertex 69.34940571337938 -5.5039998665452 5.8
      vertex 69.1762103587389 -5.538450561463833 5.8
    endloop
  endfacet
  facet normal 0 0 1
    outer loop
      vertex 94.17817207425833 -60.62897299230099 5.8
      vertex 69.1762103587389 -5.538450561463833 5.8
      vertex 69 -5.549999997019768 5.8
    endloop
  endfacet
  facet normal 0 0 1
    outer loop
      vertex 94.17817207425833 -60.62897299230099 5.8
      vertex 69 -5.549999997019768 5.8
      vertex 68.8237896412611 -5.538450561463833 5.8
    endloop
  endfacet
  facet normal 0 0 1
    outer loop
      vertex 94.17817207425833 -60.62897299230099 5.8
      vertex 68.8237896412611 -5.538450561463833 5.8
      vertex 68.65059428662062 -5.5039998665452 5.8
    endloop
  endfacet
  facet normal 0 0 1
    outer loop
      vertex 94.04540584236383 -60.74540584534407 5.8
      vertex 94.17817207425833 -60.62897299230099 5.8
      vertex 68.65059428662062 -5.5039998665452 5.8
    endloop
  endfacet
  facet normal 0 0 1
    outer loop
      vertex 93.92897298932076 -60.87817206978798 5.8
      vertex 94.04540584236383 -60.74540584534407 5.8
      vertex 68.65059428662062 -5.5039998665452 5.8
    endloop
  endfacet
  facet normal 0 0 1
    outer loop
      vertex 93.92897298932076 -62.521827928721905 5.8
      vertex 41.071027010679245 -62.521827928721905 5.8
      vertex 40.954594157636166 -62.65459415316582 5.8
    endloop
  endfacet
  facet normal 0 0 1
    outer loop
      vertex 94.04540584236383 -62.65459415316582 5.8
      vertex 93.92897298932076 -62.521827928721905 5.8
      vertex 40.954594157636166 -62.65459415316582 5.8
    endloop
  endfacet
  facet normal 0 0 1
    outer loop
      vertex 40.954594157636166 -60.74540584534407 5.8
      vertex 41.071027010679245 -60.87817206978798 5.8
      vertex 93.92897298932076 -60.87817206978798 5.8
    endloop
  endfacet
  facet normal 0 0 1
    outer loop
      vertex 93.92897298932076 -60.87817206978798 5.8
      vertex 68.65059428662062 -5.5039998665452 5.8
      vertex 68.48337736725807 -5.4472373723983765 5.8
    endloop
  endfacet
  facet normal 0 0 1
    outer loop
      vertex 100.82182792574167 -3.1289729923009872 5.8
      vertex 100.95459415763617 -3.2454058453440666 5.8
      vertex 116 -2 5.8
    endloop
  endfacet
  facet normal 0 0 1
    outer loop
      vertex 116 -64 5.8
      vertex 95.95459415763617 -62.65459415316582 5.8
      vertex 95.82182792574167 -62.7710270062089 5.8
    endloop
  endfacet
  facet normal 0 0 1
    outer loop
      vertex 69.95459415763617 -3.2454058453440666 5.8
      vertex 99.04540584236383 -3.2454058453440666 5.8
      vertex 99.17817207425833 -3.1289729923009872 5.8
    endloop
  endfacet
  facet normal 0 0 1
    outer loop
      vertex 69.82182792574167 -3.1289729923009872 5.8
      vertex 69.95459415763617 -3.2454058453440666 5.8
      vertex 99.17817207425833 -3.1289729923009872 5.8
    endloop
  endfacet
  facet normal 0 0 1
    outer loop
      vertex 94.04540584236383 -62.65459415316582 5.8
      vertex 40.954594157636166 -62.65459415316582 5.8
      vertex 40.82182792574167 -62.7710270062089 5.8
    endloop
  endfacet
  facet normal 0 0 1
    outer loop
      vertex 94.17817207425833 -62.7710270062089 5.8
      vertex 94.04540584236383 -62.65459415316582 5.8
      vertex 40.82182792574167 -62.7710270062089 5.8
    endloop
  endfacet
  facet normal 0 0 1
    outer loop
      vertex 40.82182792574167 -60.62897299230099 5.8
      vertex 40.954594157636166 -60.74540584534407 5.8
      vertex 93.92897298932076 -60.87817206978798 5.8
    endloop
  endfacet
  facet normal 0 0 1
    outer loop
      vertex 93.92897298932076 -60.87817206978798 5.8
      vertex 68.48337736725807 -5.4472373723983765 5.8
      vertex 68.32500000298023 -5.369134292006493 5.8
    endloop
  endfacet
  facet normal 0 0 1
    outer loop
      vertex 100.67499999701977 -3.0308657065033913 5.8
      vertex 100.82182792574167 -3.1289729923009872 5.8
      vertex 116 -2 5.8
    endloop
  endfacet
  facet normal 0 0 1
    outer loop
      vertex 116 -64 5.8
      vertex 95.82182792574167 -62.7710270062089 5.8
      vertex 95.67499999701977 -62.86913429200649 5.8
    endloop
  endfacet
  facet normal 0 0 1
    outer loop
      vertex 69.82182792574167 -3.1289729923009872 5.8
      vertex 99.17817207425833 -3.1289729923009872 5.8
      vertex 99.32500000298023 -3.0308657065033913 5.8
    endloop
  endfacet
  facet normal 0 0 1
    outer loop
      vertex 69.67499999701977 -3.0308657065033913 5.8
      vertex 69.82182792574167 -3.1289729923009872 5.8
      vertex 99.32500000298023 -3.0308657065033913 5.8
    endloop
  endfacet
  facet normal 0 0 1
    outer loop
      vertex 94.17817207425833 -62.7710270062089 5.8
      vertex 40.82182792574167 -62.7710270062089 5.8
      vertex 40.67499999701977 -62.86913429200649 5.8
    endloop
  endfacet
  facet normal 0 0 1
    outer loop
      vertex 94.32500000298023 -62.86913429200649 5.8
      vertex 94.17817207425833 -62.7710270062089 5.8
      vertex 40.67499999701977 -62.86913429200649 5.8
    endloop
  endfacet
  facet normal 0 0 1
    outer loop
      vertex 40.67499999701977 -60.53086570650339 5.8
      vertex 40.82182792574167 -60.62897299230099 5.8
      vertex 93.92897298932076 -60.87817206978798 5.8
    endloop
  endfacet
  facet normal 0 0 1
    outer loop
      vertex 93.92897298932076 -60.87817206978798 5.8
      vertex 68.32500000298023 -5.369134292006493 5.8
      vertex 68.17817207425833 -5.271027006208897 5.8
    endloop
  endfacet
  facet normal 0 0 1
    outer loop
      vertex 100.51662263274193 -2.952762633562088 5.8
      vertex 100.67499999701977 -3.0308657065033913 5.8
      vertex 116 -2 5.8
    endloop
  endfacet
  facet normal 0 0 1
    outer loop
      vertex 116 -64 5.8
      vertex 95.67499999701977 -62.86913429200649 5.8
      vertex 95.51662263274193 -62.94723737239838 5.8
    endloop
  endfacet
  facet normal 0 0 1
    outer loop
      vertex 94.32500000298023 -62.86913429200649 5.8
      vertex 40.67499999701977 -62.86913429200649 5.8
      vertex 40.51662263274193 -62.94723737239838 5.8
    endloop
  endfacet
  facet normal 0 0 1
    outer loop
      vertex 94.48337736725807 -62.94723737239838 5.8
      vertex 94.32500000298023 -62.86913429200649 5.8
      vertex 40.51662263274193 -62.94723737239838 5.8
    endloop
  endfacet
  facet normal 0 0 1
    outer loop
      vertex 69.67499999701977 -3.0308657065033913 5.8
      vertex 99.32500000298023 -3.0308657065033913 5.8
      vertex 99.48337736725807 -2.952762633562088 5.8
    endloop
  endfacet
  facet normal 0 0 1
    outer loop
      vertex 69.51662263274193 -2.952762633562088 5.8
      vertex 69.67499999701977 -3.0308657065033913 5.8
      vertex 99.48337736725807 -2.952762633562088 5.8
    endloop
  endfacet
  facet normal 0 0 1
    outer loop
      vertex 40.51662263274193 -60.45276263356209 5.8
      vertex 40.67499999701977 -60.53086570650339 5.8
      vertex 93.92897298932076 -60.87817206978798 5.8
    endloop
  endfacet
  facet normal 0 0 1
    outer loop
      vertex 93.92897298932076 -60.87817206978798 5.8
      vertex 68.17817207425833 -5.271027006208897 5.8
      vertex 68.04540584236383 -5.154594153165817 5.8
    endloop
  endfacet
  facet normal 0 0 1
    outer loop
      vertex 100.34940571337938 -2.8960001319646835 5.8
      vertex 100.51662263274193 -2.952762633562088 5.8
      vertex 116 -2 5.8
    endloop
  endfacet
  facet normal 0 0 1
    outer loop
      vertex 116 -64 5.8
      vertex 95.51662263274193 -62.94723737239838 5.8
      vertex 95.34940571337938 -63.0039998665452 5.8
    endloop
  endfacet
  facet normal 0 0 1
    outer loop
      vertex 65 -44 5.8
      vertex 3 -44 5.8
      vertex 3 -64 5.8
    endloop
  endfacet
  facet normal 0 0 1
    outer loop
      vertex 69.51662263274193 -2.952762633562088 5.8
      vertex 99.48337736725807 -2.952762633562088 5.8
      vertex 99.65059428662062 -2.8960001319646835 5.8
    endloop
  endfacet
  facet normal 0 0 1
    outer loop
      vertex 69.34940571337938 -2.8960001319646835 5.8
      vertex 69.51662263274193 -2.952762633562088 5.8
      vertex 99.65059428662062 -2.8960001319646835 5.8
    endloop
  endfacet
  facet normal 0 0 1
    outer loop
      vertex 94.48337736725807 -62.94723737239838 5.8
      vertex 40.51662263274193 -62.94723737239838 5.8
      vertex 40.34940571337938 -63.0039998665452 5.8
    endloop
  endfacet
  facet normal 0 0 1
    outer loop
      vertex 94.65059428662062 -63.0039998665452 5.8
      vertex 94.48337736725807 -62.94723737239838 5.8
      vertex 40.34940571337938 -63.0039998665452 5.8
    endloop
  endfacet
  facet normal 0 0 1
    outer loop
      vertex 40.34940571337938 -60.39600013196468 5.8
      vertex 40.51662263274193 -60.45276263356209 5.8
      vertex 93.92897298932076 -60.87817206978798 5.8
    endloop
  endfacet
  facet normal 0 0 1
    outer loop
      vertex 93.92897298932076 -60.87817206978798 5.8
      vertex 68.04540584236383 -5.154594153165817 5.8
      vertex 67.92897298932076 -5.021827928721905 5.8
    endloop
  endfacet
  facet normal 0 0 1
    outer loop
      vertex 65.0871557444334 -43.99619469791651 5.8
      vertex 65 -44 5.8
      vertex 3 -64 5.8
    endloop
  endfacet
  facet normal 0 0 1
    outer loop
      vertex 100.1762103587389 -2.861549437046051 5.8
      vertex 100.34940571337938 -2.8960001319646835 5.8
      vertex 116 -2 5.8
    endloop
  endfacet
  facet normal 0 0 1
    outer loop
      vertex 116 -64 5.8
      vertex 95.34940571337938 -63.0039998665452 5.8
      vertex 95.1762103587389 -63.03845056146383 5.8
    endloop
  endfacet
  facet normal 0 0 1
    outer loop
      vertex 69.34940571337938 -2.8960001319646835 5.8
      vertex 99.65059428662062 -2.8960001319646835 5.8
      vertex 99.8237896412611 -2.861549437046051 5.8
    endloop
  endfacet
  facet normal 0 0 1
    outer loop
      vertex 69.1762103587389 -2.861549437046051 5.8
      vertex 69.34940571337938 -2.8960001319646835 5.8
      vertex 99.8237896412611 -2.861549437046051 5.8
    endloop
  endfacet
  facet normal 0 0 1
    outer loop
      vertex 94.65059428662062 -63.0039998665452 5.8
      vertex 40.34940571337938 -63.0039998665452 5.8
      vertex 40.1762103587389 -63.03845056146383 5.8
    endloop
  endfacet
  facet normal 0 0 1
    outer loop
      vertex 94.8237896412611 -63.03845056146383 5.8
      vertex 94.65059428662062 -63.0039998665452 5.8
      vertex 40.1762103587389 -63.03845056146383 5.8
    endloop
  endfacet
  facet normal 0 0 1
    outer loop
      vertex 40.1762103587389 -60.36154943704605 5.8
      vertex 40.34940571337938 -60.39600013196468 5.8
      vertex 93.92897298932076 -60.87817206978798 5.8
    endloop
  endfacet
  facet normal 0 0 1
    outer loop
      vertex 65.17364817857742 -43.98480775207281 5.8
      vertex 65.0871557444334 -43.99619469791651 5.8
      vertex 3 -64 5.8
    endloop
  endfacet
  facet normal 0 0 1
    outer loop
      vertex 93.92897298932076 -60.87817206978798 5.8
      vertex 67.92897298932076 -5.021827928721905 5.8
      vertex 67.83086570352316 -4.875 5.8
    endloop
  endfacet
  facet normal 0 0 1
    outer loop
      vertex 100 -2.850000001490116 5.8
      vertex 100.1762103587389 -2.861549437046051 5.8
      vertex 116 -2 5.8
    endloop
  endfacet
  facet normal 0 0 1
    outer loop
      vertex 100 -2.850000001490116 5.8
      vertex 116 -2 5.8
      vertex 66 -2 5.8
    endloop
  endfacet
  facet normal 0 0 1
    outer loop
      vertex 99.8237896412611 -2.861549437046051 5.8
      vertex 100 -2.850000001490116 5.8
      vertex 66 -2 5.8
    endloop
  endfacet
  facet normal 0 0 1
    outer loop
      vertex 69.1762103587389 -2.861549437046051 5.8
      vertex 99.8237896412611 -2.861549437046051 5.8
      vertex 66 -2 5.8
    endloop
  endfacet
  facet normal 0 0 1
    outer loop
      vertex 69 -2.850000001490116 5.8
      vertex 69.1762103587389 -2.861549437046051 5.8
      vertex 66 -2 5.8
    endloop
  endfacet
  facet normal 0 0 1
    outer loop
      vertex 68.8237896412611 -2.861549437046051 5.8
      vertex 69 -2.850000001490116 5.8
      vertex 66 -2 5.8
    endloop
  endfacet
  facet normal 0 0 1
    outer loop
      vertex 68.65059428662062 -2.8960001319646835 5.8
      vertex 68.8237896412611 -2.861549437046051 5.8
      vertex 66 -2 5.8
    endloop
  endfacet
  facet normal 0 0 1
    outer loop
      vertex 68.48337736725807 -2.952762633562088 5.8
      vertex 68.65059428662062 -2.8960001319646835 5.8
      vertex 66 -2 5.8
    endloop
  endfacet
  facet normal 0 0 1
    outer loop
      vertex 68.32500000298023 -3.0308657065033913 5.8
      vertex 68.48337736725807 -2.952762633562088 5.8
      vertex 66 -2 5.8
    endloop
  endfacet
  facet normal 0 0 1
    outer loop
      vertex 68.17817207425833 -3.1289729923009872 5.8
      vertex 68.32500000298023 -3.0308657065033913 5.8
      vertex 66 -2 5.8
    endloop
  endfacet
  facet normal 0 0 1
    outer loop
      vertex 68.04540584236383 -3.2454058453440666 5.8
      vertex 68.17817207425833 -3.1289729923009872 5.8
      vertex 66 -2 5.8
    endloop
  endfacet
  facet normal 0 0 1
    outer loop
      vertex 67.92897298932076 -3.378172069787979 5.8
      vertex 68.04540584236383 -3.2454058453440666 5.8
      vertex 66 -2 5.8
    endloop
  endfacet
  facet normal 0 0 1
    outer loop
      vertex 67.83086570352316 -3.524999998509884 5.8
      vertex 67.92897298932076 -3.378172069787979 5.8
      vertex 66 -2 5.8
    endloop
  endfacet
  facet normal 0 0 1
    outer loop
      vertex 67.75276263058186 -3.6833773627877235 5.8
      vertex 67.83086570352316 -3.524999998509884 5.8
      vertex 66 -2 5.8
    endloop
  endfacet
  facet normal 0 0 1
    outer loop
      vertex 67.69600013643503 -3.850594289600849 5.8
      vertex 67.75276263058186 -3.6833773627877235 5.8
      vertex 66 -2 5.8
    endloop
  endfacet
  facet normal 0 0 1
    outer loop
      vertex 67.66154943406582 -4.023789636790752 5.8
      vertex 67.69600013643503 -3.850594289600849 5.8
      vertex 66 -2 5.8
    endloop
  endfacet
  facet normal 0 0 1
    outer loop
      vertex 67.64999999850988 -4.200000002980232 5.8
      vertex 67.66154943406582 -4.023789636790752 5.8
      vertex 66 -2 5.8
    endloop
  endfacet
  facet normal 0 0 1
    outer loop
      vertex 67.64999999850988 -4.200000002980232 5.8
      vertex 66 -2 5.8
      vertex 66 -43 5.8
    endloop
  endfacet
  facet normal 0 0 1
    outer loop
      vertex 67.66154943406582 -4.3762103617191315 5.8
      vertex 67.64999999850988 -4.200000002980232 5.8
      vertex 66 -43 5.8
    endloop
  endfacet
  facet normal 0 0 1
    outer loop
      vertex 67.69600013643503 -4.549405708909035 5.8
      vertex 67.66154943406582 -4.3762103617191315 5.8
      vertex 66 -43 5.8
    endloop
  endfacet
  facet normal 0 0 1
    outer loop
      vertex 67.75276263058186 -4.71662263572216 5.8
      vertex 67.69600013643503 -4.549405708909035 5.8
      vertex 66 -43 5.8
    endloop
  endfacet
  facet normal 0 0 1
    outer loop
      vertex 67.83086570352316 -4.875 5.8
      vertex 67.75276263058186 -4.71662263572216 5.8
      vertex 66 -43 5.8
    endloop
  endfacet
  facet normal 0 0 1
    outer loop
      vertex 93.92897298932076 -60.87817206978798 5.8
      vertex 67.83086570352316 -4.875 5.8
      vertex 66 -43 5.8
    endloop
  endfacet
  facet normal 0 0 1
    outer loop
      vertex 93.92897298932076 -60.87817206978798 5.8
      vertex 66 -43 5.8
      vertex 65.99619469791651 -43.0871557444334 5.8
    endloop
  endfacet
  facet normal 0 0 1
    outer loop
      vertex 93.92897298932076 -60.87817206978798 5.8
      vertex 65.99619469791651 -43.0871557444334 5.8
      vertex 65.98480775207281 -43.17364817857742 5.8
    endloop
  endfacet
  facet normal 0 0 1
    outer loop
      vertex 93.92897298932076 -60.87817206978798 5.8
      vertex 65.98480775207281 -43.17364817857742 5.8
      vertex 65.96592582762241 -43.25881904363632 5.8
    endloop
  endfacet
  facet normal 0 0 1
    outer loop
      vertex 93.92897298932076 -60.87817206978798 5.8
      vertex 65.96592582762241 -43.25881904363632 5.8
      vertex 65.93969262391329 -43.34202014654875 5.8
    endloop
  endfacet
  facet normal 0 0 1
    outer loop
      vertex 93.92897298932076 -60.87817206978798 5.8
      vertex 65.93969262391329 -43.34202014654875 5.8
      vertex 65.90630778670311 -43.42261826246977 5.8
    endloop
  endfacet
  facet normal 0 0 1
    outer loop
      vertex 93.92897298932076 -60.87817206978798 5.8
      vertex 65.90630778670311 -43.42261826246977 5.8
      vertex 65.86602540314198 -43.5 5.8
    endloop
  endfacet
  facet normal 0 0 1
    outer loop
      vertex 93.92897298932076 -60.87817206978798 5.8
      vertex 65.86602540314198 -43.5 5.8
      vertex 65.8191520422697 -43.57357643544674 5.8
    endloop
  endfacet
  facet normal 0 0 1
    outer loop
      vertex 93.92897298932076 -60.87817206978798 5.8
      vertex 65.8191520422697 -43.57357643544674 5.8
      vertex 65.76604444533587 -43.642787612974644 5.8
    endloop
  endfacet
  facet normal 0 0 1
    outer loop
      vertex 93.92897298932076 -60.87817206978798 5.8
      vertex 65.76604444533587 -43.642787612974644 5.8
      vertex 65.70710678398609 -43.70710678398609 5.8
    endloop
  endfacet
  facet normal 0 0 1
    outer loop
      vertex 93.92897298932076 -60.87817206978798 5.8
      vertex 65.70710678398609 -43.70710678398609 5.8
      vertex 65.64278761297464 -43.766044445335865 5.8
    endloop
  endfacet
  facet normal 0 0 1
    outer loop
      vertex 93.92897298932076 -60.87817206978798 5.8
      vertex 65.64278761297464 -43.766044445335865 5.8
      vertex 65.57357643544674 -43.81915204226971 5.8
    endloop
  endfacet
  facet normal 0 0 1
    outer loop
      vertex 40.1762103587389 -60.36154943704605 5.8
      vertex 93.92897298932076 -60.87817206978798 5.8
      vertex 65.57357643544674 -43.81915204226971 5.8
    endloop
  endfacet
  facet normal 0 0 1
    outer loop
      vertex 40.1762103587389 -60.36154943704605 5.8
      vertex 65.57357643544674 -43.81915204226971 5.8
      vertex 65.5 -43.866025403141975 5.8
    endloop
  endfacet
  facet normal 0 0 1
    outer loop
      vertex 40.1762103587389 -60.36154943704605 5.8
      vertex 65.5 -43.866025403141975 5.8
      vertex 65.42261826246977 -43.90630778670311 5.8
    endloop
  endfacet
  facet normal 0 0 1
    outer loop
      vertex 40.1762103587389 -60.36154943704605 5.8
      vertex 65.42261826246977 -43.90630778670311 5.8
      vertex 65.34202014654875 -43.93969262391329 5.8
    endloop
  endfacet
  facet normal 0 0 1
    outer loop
      vertex 40.1762103587389 -60.36154943704605 5.8
      vertex 65.34202014654875 -43.93969262391329 5.8
      vertex 65.25881904363632 -43.965925827622414 5.8
    endloop
  endfacet
  facet normal 0 0 1
    outer loop
      vertex 40.1762103587389 -60.36154943704605 5.8
      vertex 65.25881904363632 -43.965925827622414 5.8
      vertex 65.17364817857742 -43.98480775207281 5.8
    endloop
  endfacet
  facet normal 0 0 1
    outer loop
      vertex 40 -60.350000001490116 5.8
      vertex 40.1762103587389 -60.36154943704605 5.8
      vertex 65.17364817857742 -43.98480775207281 5.8
    endloop
  endfacet
  facet normal 0 0 1
    outer loop
      vertex 39.8237896412611 -60.36154943704605 5.8
      vertex 40 -60.350000001490116 5.8
      vertex 65.17364817857742 -43.98480775207281 5.8
    endloop
  endfacet
  facet normal 0 0 1
    outer loop
      vertex 39.8237896412611 -60.36154943704605 5.8
      vertex 65.17364817857742 -43.98480775207281 5.8
      vertex 3 -64 5.8
    endloop
  endfacet
  facet normal 0 0 1
    outer loop
      vertex 39.65059428662062 -60.39600013196468 5.8
      vertex 39.8237896412611 -60.36154943704605 5.8
      vertex 3 -64 5.8
    endloop
  endfacet
  facet normal 0 0 1
    outer loop
      vertex 39.48337736725807 -60.45276263356209 5.8
      vertex 39.65059428662062 -60.39600013196468 5.8
      vertex 3 -64 5.8
    endloop
  endfacet
  facet normal 0 0 1
    outer loop
      vertex 39.32500000298023 -60.53086570650339 5.8
      vertex 39.48337736725807 -60.45276263356209 5.8
      vertex 3 -64 5.8
    endloop
  endfacet
  facet normal 0 0 1
    outer loop
      vertex 39.17817207425833 -60.62897299230099 5.8
      vertex 39.32500000298023 -60.53086570650339 5.8
      vertex 3 -64 5.8
    endloop
  endfacet
  facet normal 0 0 1
    outer loop
      vertex 39.045405842363834 -60.74540584534407 5.8
      vertex 39.17817207425833 -60.62897299230099 5.8
      vertex 3 -64 5.8
    endloop
  endfacet
  facet normal 0 0 1
    outer loop
      vertex 38.928972989320755 -60.87817206978798 5.8
      vertex 39.045405842363834 -60.74540584534407 5.8
      vertex 3 -64 5.8
    endloop
  endfacet
  facet normal 0 0 1
    outer loop
      vertex 38.83086570352316 -61.024999998509884 5.8
      vertex 38.928972989320755 -60.87817206978798 5.8
      vertex 3 -64 5.8
    endloop
  endfacet
  facet normal 0 0 1
    outer loop
      vertex 38.752762630581856 -61.18337736278772 5.8
      vertex 38.83086570352316 -61.024999998509884 5.8
      vertex 3 -64 5.8
    endloop
  endfacet
  facet normal 0 0 1
    outer loop
      vertex 38.69600013643503 -61.35059428960085 5.8
      vertex 38.752762630581856 -61.18337736278772 5.8
      vertex 3 -64 5.8
    endloop
  endfacet
  facet normal 0 0 1
    outer loop
      vertex 38.66154943406582 -61.52378963679075 5.8
      vertex 38.69600013643503 -61.35059428960085 5.8
      vertex 3 -64 5.8
    endloop
  endfacet
  facet normal 0 0 1
    outer loop
      vertex 38.649999998509884 -61.70000000298023 5.8
      vertex 38.66154943406582 -61.52378963679075 5.8
      vertex 3 -64 5.8
    endloop
  endfacet
  facet normal 0 0 1
    outer loop
      vertex 38.66154943406582 -61.87621036171913 5.8
      vertex 38.649999998509884 -61.70000000298023 5.8
      vertex 3 -64 5.8
    endloop
  endfacet
  facet normal 0 0 1
    outer loop
      vertex 38.69600013643503 -62.049405708909035 5.8
      vertex 38.66154943406582 -61.87621036171913 5.8
      vertex 3 -64 5.8
    endloop
  endfacet
  facet normal 0 0 1
    outer loop
      vertex 38.752762630581856 -62.21662263572216 5.8
      vertex 38.69600013643503 -62.049405708909035 5.8
      vertex 3 -64 5.8
    endloop
  endfacet
  facet normal 0 0 1
    outer loop
      vertex 38.83086570352316 -62.375 5.8
      vertex 38.752762630581856 -62.21662263572216 5.8
      vertex 3 -64 5.8
    endloop
  endfacet
  facet normal 0 0 1
    outer loop
      vertex 38.928972989320755 -62.521827928721905 5.8
      vertex 38.83086570352316 -62.375 5.8
      vertex 3 -64 5.8
    endloop
  endfacet
  facet normal 0 0 1
    outer loop
      vertex 39.045405842363834 -62.65459415316582 5.8
      vertex 38.928972989320755 -62.521827928721905 5.8
      vertex 3 -64 5.8
    endloop
  endfacet
  facet normal 0 0 1
    outer loop
      vertex 39.17817207425833 -62.7710270062089 5.8
      vertex 39.045405842363834 -62.65459415316582 5.8
      vertex 3 -64 5.8
    endloop
  endfacet
  facet normal 0 0 1
    outer loop
      vertex 39.32500000298023 -62.86913429200649 5.8
      vertex 39.17817207425833 -62.7710270062089 5.8
      vertex 3 -64 5.8
    endloop
  endfacet
  facet normal 0 0 1
    outer loop
      vertex 39.48337736725807 -62.94723737239838 5.8
      vertex 39.32500000298023 -62.86913429200649 5.8
      vertex 3 -64 5.8
    endloop
  endfacet
  facet normal 0 0 1
    outer loop
      vertex 39.65059428662062 -63.0039998665452 5.8
      vertex 39.48337736725807 -62.94723737239838 5.8
      vertex 3 -64 5.8
    endloop
  endfacet
  facet normal 0 0 1
    outer loop
      vertex 39.8237896412611 -63.03845056146383 5.8
      vertex 39.65059428662062 -63.0039998665452 5.8
      vertex 3 -64 5.8
    endloop
  endfacet
  facet normal 0 0 1
    outer loop
      vertex 116 -64 5.8
      vertex 95.1762103587389 -63.03845056146383 5.8
      vertex 95 -63.04999999701977 5.8
    endloop
  endfacet
  facet normal 0 0 1
    outer loop
      vertex 3 -64 5.8
      vertex 116 -64 5.8
      vertex 95 -63.04999999701977 5.8
    endloop
  endfacet
  facet normal 0 0 1
    outer loop
      vertex 3 -64 5.8
      vertex 95 -63.04999999701977 5.8
      vertex 94.8237896412611 -63.03845056146383 5.8
    endloop
  endfacet
  facet normal 0 0 1
    outer loop
      vertex 40 -63.04999999701977 5.8
      vertex 39.8237896412611 -63.03845056146383 5.8
      vertex 3 -64 5.8
    endloop
  endfacet
  facet normal 0 0 1
    outer loop
      vertex 40 -63.04999999701977 5.8
      vertex 3 -64 5.8
      vertex 94.8237896412611 -63.03845056146383 5.8
    endloop
  endfacet
  facet normal 0 0 1
    outer loop
      vertex 40 -63.04999999701977 5.8
      vertex 94.8237896412611 -63.03845056146383 5.8
      vertex 40.1762103587389 -63.03845056146383 5.8
    endloop
  endfacet
  facet normal 0 0 -1
    outer loop
      vertex 96.33845056593418 -61.87621036171913 4.6
      vertex 96.35000000149012 -61.70000000298023 4.6
      vertex 116 -64 4.6
    endloop
  endfacet
  facet normal 0 0 -1
    outer loop
      vertex 116 -2 4.6
      vertex 101.35000000149012 -4.200000002980232 4.6
      vertex 101.33845056593418 -4.023789636790752 4.6
    endloop
  endfacet
  facet normal 0 0 -1
    outer loop
      vertex 116 -2 4.6
      vertex 101.33845056593418 -4.023789636790752 4.6
      vertex 101.30399986356497 -3.850594289600849 4.6
    endloop
  endfacet
  facet normal 0 0 -1
    outer loop
      vertex 98.66154943406582 -4.023789636790752 4.6
      vertex 98.64999999850988 -4.200000002980232 4.6
      vertex 70.35000000149012 -4.200000002980232 4.6
    endloop
  endfacet
  facet normal 0 0 -1
    outer loop
      vertex 98.66154943406582 -4.023789636790752 4.6
      vertex 70.35000000149012 -4.200000002980232 4.6
      vertex 70.33845056593418 -4.023789636790752 4.6
    endloop
  endfacet
  facet normal 0 0 -1
    outer loop
      vertex 70.33845056593418 -4.3762103617191315 4.6
      vertex 70.35000000149012 -4.200000002980232 4.6
      vertex 98.64999999850988 -4.200000002980232 4.6
    endloop
  endfacet
  facet normal 0 0 -1
    outer loop
      vertex 70.33845056593418 -4.3762103617191315 4.6
      vertex 98.64999999850988 -4.200000002980232 4.6
      vertex 98.66154943406582 -4.3762103617191315 4.6
    endloop
  endfacet
  facet normal 0 0 -1
    outer loop
      vertex 101.35000000149012 -4.200000002980232 4.6
      vertex 116 -2 4.6
      vertex 116 -64 4.6
    endloop
  endfacet
  facet normal 0 0 -1
    outer loop
      vertex 101.33845056593418 -4.3762103617191315 4.6
      vertex 101.35000000149012 -4.200000002980232 4.6
      vertex 116 -64 4.6
    endloop
  endfacet
  facet normal 0 0 -1
    outer loop
      vertex 101.30399986356497 -4.549405708909035 4.6
      vertex 101.33845056593418 -4.3762103617191315 4.6
      vertex 116 -64 4.6
    endloop
  endfacet
  facet normal 0 0 -1
    outer loop
      vertex 101.30399986356497 -4.549405708909035 4.6
      vertex 116 -64 4.6
      vertex 96.35000000149012 -61.70000000298023 4.6
    endloop
  endfacet
  facet normal 0 0 -1
    outer loop
      vertex 101.30399986356497 -4.549405708909035 4.6
      vertex 96.35000000149012 -61.70000000298023 4.6
      vertex 96.33845056593418 -61.52378963679075 4.6
    endloop
  endfacet
  facet normal 0 0 -1
    outer loop
      vertex 101.24723736941814 -4.71662263572216 4.6
      vertex 101.30399986356497 -4.549405708909035 4.6
      vertex 96.33845056593418 -61.52378963679075 4.6
    endloop
  endfacet
  facet normal 0 0 -1
    outer loop
      vertex 101.24723736941814 -4.71662263572216 4.6
      vertex 96.33845056593418 -61.52378963679075 4.6
      vertex 96.30399986356497 -61.35059428960085 4.6
    endloop
  endfacet
  facet normal 0 0 -1
    outer loop
      vertex 101.16913429647684 -4.875 4.6
      vertex 101.24723736941814 -4.71662263572216 4.6
      vertex 96.30399986356497 -61.35059428960085 4.6
    endloop
  endfacet
  facet normal 0 0 -1
    outer loop
      vertex 101.16913429647684 -4.875 4.6
      vertex 96.30399986356497 -61.35059428960085 4.6
      vertex 96.24723736941814 -61.18337736278772 4.6
    endloop
  endfacet
  facet normal 0 0 -1
    outer loop
      vertex 101.07102701067924 -5.021827928721905 4.6
      vertex 101.16913429647684 -4.875 4.6
      vertex 96.24723736941814 -61.18337736278772 4.6
    endloop
  endfacet
  facet normal 0 0 -1
    outer loop
      vertex 101.07102701067924 -5.021827928721905 4.6
      vertex 96.24723736941814 -61.18337736278772 4.6
      vertex 96.16913429647684 -61.024999998509884 4.6
    endloop
  endfacet
  facet normal 0 0 -1
    outer loop
      vertex 100.95459415763617 -5.154594153165817 4.6
      vertex 101.07102701067924 -5.021827928721905 4.6
      vertex 96.16913429647684 -61.024999998509884 4.6
    endloop
  endfacet
  facet normal 0 0 -1
    outer loop
      vertex 100.95459415763617 -5.154594153165817 4.6
      vertex 96.16913429647684 -61.024999998509884 4.6
      vertex 96.07102701067924 -60.87817206978798 4.6
    endloop
  endfacet
  facet normal 0 0 -1
    outer loop
      vertex 100.82182792574167 -5.271027006208897 4.6
      vertex 100.95459415763617 -5.154594153165817 4.6
      vertex 96.07102701067924 -60.87817206978798 4.6
    endloop
  endfacet
  facet normal 0 0 -1
    outer loop
      vertex 100.82182792574167 -5.271027006208897 4.6
      vertex 96.07102701067924 -60.87817206978798 4.6
      vertex 95.95459415763617 -60.74540584534407 4.6
    endloop
  endfacet
  facet normal 0 0 -1
    outer loop
      vertex 100.67499999701977 -5.369134292006493 4.6
      vertex 100.82182792574167 -5.271027006208897 4.6
      vertex 95.95459415763617 -60.74540584534407 4.6
    endloop
  endfacet
  facet normal 0 0 -1
    outer loop
      vertex 100.67499999701977 -5.369134292006493 4.6
      vertex 95.95459415763617 -60.74540584534407 4.6
      vertex 95.82182792574167 -60.62897299230099 4.6
    endloop
  endfacet
  facet normal 0 0 -1
    outer loop
      vertex 100.51662263274193 -5.4472373723983765 4.6
      vertex 100.67499999701977 -5.369134292006493 4.6
      vertex 95.82182792574167 -60.62897299230099 4.6
    endloop
  endfacet
  facet normal 0 0 -1
    outer loop
      vertex 100.51662263274193 -5.4472373723983765 4.6
      vertex 95.82182792574167 -60.62897299230099 4.6
      vertex 95.67499999701977 -60.53086570650339 4.6
    endloop
  endfacet
  facet normal 0 0 -1
    outer loop
      vertex 100.34940571337938 -5.5039998665452 4.6
      vertex 100.51662263274193 -5.4472373723983765 4.6
      vertex 95.67499999701977 -60.53086570650339 4.6
    endloop
  endfacet
  facet normal 0 0 -1
    outer loop
      vertex 100.34940571337938 -5.5039998665452 4.6
      vertex 95.67499999701977 -60.53086570650339 4.6
      vertex 95.51662263274193 -60.45276263356209 4.6
    endloop
  endfacet
  facet normal 0 0 -1
    outer loop
      vertex 100.1762103587389 -5.538450561463833 4.6
      vertex 100.34940571337938 -5.5039998665452 4.6
      vertex 95.51662263274193 -60.45276263356209 4.6
    endloop
  endfacet
  facet normal 0 0 -1
    outer loop
      vertex 100.1762103587389 -5.538450561463833 4.6
      vertex 95.51662263274193 -60.45276263356209 4.6
      vertex 95.34940571337938 -60.39600013196468 4.6
    endloop
  endfacet
  facet normal 0 0 -1
    outer loop
      vertex 100 -5.549999997019768 4.6
      vertex 100.1762103587389 -5.538450561463833 4.6
      vertex 95.34940571337938 -60.39600013196468 4.6
    endloop
  endfacet
  facet normal 0 0 -1
    outer loop
      vertex 100 -5.549999997019768 4.6
      vertex 95.34940571337938 -60.39600013196468 4.6
      vertex 95.1762103587389 -60.36154943704605 4.6
    endloop
  endfacet
  facet normal 0 0 -1
    outer loop
      vertex 99.8237896412611 -5.538450561463833 4.6
      vertex 100 -5.549999997019768 4.6
      vertex 95.1762103587389 -60.36154943704605 4.6
    endloop
  endfacet
  facet normal 0 0 -1
    outer loop
      vertex 99.8237896412611 -5.538450561463833 4.6
      vertex 95.1762103587389 -60.36154943704605 4.6
      vertex 95 -60.350000001490116 4.6
    endloop
  endfacet
  facet normal 0 0 -1
    outer loop
      vertex 96.30399986356497 -62.049405708909035 4.6
      vertex 96.33845056593418 -61.87621036171913 4.6
      vertex 116 -64 4.6
    endloop
  endfacet
  facet normal 0 0 -1
    outer loop
      vertex 99.65059428662062 -5.5039998665452 4.6
      vertex 99.8237896412611 -5.538450561463833 4.6
      vertex 95 -60.350000001490116 4.6
    endloop
  endfacet
  facet normal 0 0 -1
    outer loop
      vertex 99.65059428662062 -5.5039998665452 4.6
      vertex 95 -60.350000001490116 4.6
      vertex 94.8237896412611 -60.36154943704605 4.6
    endloop
  endfacet
  facet normal 0 0 -1
    outer loop
      vertex 98.69600013643503 -3.850594289600849 4.6
      vertex 98.66154943406582 -4.023789636790752 4.6
      vertex 70.33845056593418 -4.023789636790752 4.6
    endloop
  endfacet
  facet normal 0 0 -1
    outer loop
      vertex 98.69600013643503 -3.850594289600849 4.6
      vertex 70.33845056593418 -4.023789636790752 4.6
      vertex 70.30399986356497 -3.850594289600849 4.6
    endloop
  endfacet
  facet normal 0 0 -1
    outer loop
      vertex 70.30399986356497 -4.549405708909035 4.6
      vertex 70.33845056593418 -4.3762103617191315 4.6
      vertex 98.66154943406582 -4.3762103617191315 4.6
    endloop
  endfacet
  facet normal 0 0 -1
    outer loop
      vertex 70.30399986356497 -4.549405708909035 4.6
      vertex 98.66154943406582 -4.3762103617191315 4.6
      vertex 98.69600013643503 -4.549405708909035 4.6
    endloop
  endfacet
  facet normal 0 0 -1
    outer loop
      vertex 116 -2 4.6
      vertex 101.30399986356497 -3.850594289600849 4.6
      vertex 101.24723736941814 -3.6833773627877235 4.6
    endloop
  endfacet
  facet normal 0 0 -1
    outer loop
      vertex 96.24723736941814 -62.21662263572216 4.6
      vertex 96.30399986356497 -62.049405708909035 4.6
      vertex 116 -64 4.6
    endloop
  endfacet
  facet normal 0 0 -1
    outer loop
      vertex 99.48337736725807 -5.4472373723983765 4.6
      vertex 99.65059428662062 -5.5039998665452 4.6
      vertex 94.8237896412611 -60.36154943704605 4.6
    endloop
  endfacet
  facet normal 0 0 -1
    outer loop
      vertex 99.48337736725807 -5.4472373723983765 4.6
      vertex 94.8237896412611 -60.36154943704605 4.6
      vertex 94.65059428662062 -60.39600013196468 4.6
    endloop
  endfacet
  facet normal 0 0 -1
    outer loop
      vertex 98.75276263058186 -3.6833773627877235 4.6
      vertex 98.69600013643503 -3.850594289600849 4.6
      vertex 70.30399986356497 -3.850594289600849 4.6
    endloop
  endfacet
  facet normal 0 0 -1
    outer loop
      vertex 98.75276263058186 -3.6833773627877235 4.6
      vertex 70.30399986356497 -3.850594289600849 4.6
      vertex 70.24723736941814 -3.6833773627877235 4.6
    endloop
  endfacet
  facet normal 0 0 -1
    outer loop
      vertex 70.24723736941814 -4.71662263572216 4.6
      vertex 70.30399986356497 -4.549405708909035 4.6
      vertex 98.69600013643503 -4.549405708909035 4.6
    endloop
  endfacet
  facet normal 0 0 -1
    outer loop
      vertex 70.24723736941814 -4.71662263572216 4.6
      vertex 98.69600013643503 -4.549405708909035 4.6
      vertex 98.75276263058186 -4.71662263572216 4.6
    endloop
  endfacet
  facet normal 0 0 -1
    outer loop
      vertex 116 -2 4.6
      vertex 101.24723736941814 -3.6833773627877235 4.6
      vertex 101.16913429647684 -3.524999998509884 4.6
    endloop
  endfacet
  facet normal 0 0 -1
    outer loop
      vertex 96.16913429647684 -62.375 4.6
      vertex 96.24723736941814 -62.21662263572216 4.6
      vertex 116 -64 4.6
    endloop
  endfacet
  facet normal 0 0 -1
    outer loop
      vertex 99.32500000298023 -5.369134292006493 4.6
      vertex 99.48337736725807 -5.4472373723983765 4.6
      vertex 94.65059428662062 -60.39600013196468 4.6
    endloop
  endfacet
  facet normal 0 0 -1
    outer loop
      vertex 99.32500000298023 -5.369134292006493 4.6
      vertex 94.65059428662062 -60.39600013196468 4.6
      vertex 94.48337736725807 -60.45276263356209 4.6
    endloop
  endfacet
  facet normal 0 0 -1
    outer loop
      vertex 98.83086570352316 -3.524999998509884 4.6
      vertex 98.75276263058186 -3.6833773627877235 4.6
      vertex 70.24723736941814 -3.6833773627877235 4.6
    endloop
  endfacet
  facet normal 0 0 -1
    outer loop
      vertex 98.83086570352316 -3.524999998509884 4.6
      vertex 70.24723736941814 -3.6833773627877235 4.6
      vertex 70.16913429647684 -3.524999998509884 4.6
    endloop
  endfacet
  facet normal 0 0 -1
    outer loop
      vertex 70.16913429647684 -4.875 4.6
      vertex 70.24723736941814 -4.71662263572216 4.6
      vertex 98.75276263058186 -4.71662263572216 4.6
    endloop
  endfacet
  facet normal 0 0 -1
    outer loop
      vertex 70.16913429647684 -4.875 4.6
      vertex 98.75276263058186 -4.71662263572216 4.6
      vertex 98.83086570352316 -4.875 4.6
    endloop
  endfacet
  facet normal 0 0 -1
    outer loop
      vertex 116 -2 4.6
      vertex 101.16913429647684 -3.524999998509884 4.6
      vertex 101.07102701067924 -3.378172069787979 4.6
    endloop
  endfacet
  facet normal 0 0 -1
    outer loop
      vertex 99.17817207425833 -5.271027006208897 4.6
      vertex 99.32500000298023 -5.369134292006493 4.6
      vertex 94.48337736725807 -60.45276263356209 4.6
    endloop
  endfacet
  facet normal 0 0 -1
    outer loop
      vertex 96.07102701067924 -62.521827928721905 4.6
      vertex 96.16913429647684 -62.375 4.6
      vertex 116 -64 4.6
    endloop
  endfacet
  facet normal 0 0 -1
    outer loop
      vertex 99.17817207425833 -5.271027006208897 4.6
      vertex 94.48337736725807 -60.45276263356209 4.6
      vertex 94.32500000298023 -60.53086570650339 4.6
    endloop
  endfacet
  facet normal 0 0 -1
    outer loop
      vertex 41.350000001490116 -61.70000000298023 4.6
      vertex 93.64999999850988 -61.70000000298023 4.6
      vertex 93.66154943406582 -61.87621036171913 4.6
    endloop
  endfacet
  facet normal 0 0 -1
    outer loop
      vertex 41.33845056593418 -61.87621036171913 4.6
      vertex 41.350000001490116 -61.70000000298023 4.6
      vertex 93.66154943406582 -61.87621036171913 4.6
    endloop
  endfacet
  facet normal 0 0 -1
    outer loop
      vertex 41.33845056593418 -61.87621036171913 4.6
      vertex 93.66154943406582 -61.87621036171913 4.6
      vertex 93.69600013643503 -62.049405708909035 4.6
    endloop
  endfacet
  facet normal 0 0 -1
    outer loop
      vertex 41.30399986356497 -62.049405708909035 4.6
      vertex 41.33845056593418 -61.87621036171913 4.6
      vertex 93.69600013643503 -62.049405708909035 4.6
    endloop
  endfacet
  facet normal 0 0 -1
    outer loop
      vertex 41.30399986356497 -62.049405708909035 4.6
      vertex 93.69600013643503 -62.049405708909035 4.6
      vertex 93.75276263058186 -62.21662263572216 4.6
    endloop
  endfacet
  facet normal 0 0 -1
    outer loop
      vertex 41.247237369418144 -62.21662263572216 4.6
      vertex 41.30399986356497 -62.049405708909035 4.6
      vertex 93.75276263058186 -62.21662263572216 4.6
    endloop
  endfacet
  facet normal 0 0 -1
    outer loop
      vertex 41.247237369418144 -62.21662263572216 4.6
      vertex 93.75276263058186 -62.21662263572216 4.6
      vertex 93.83086570352316 -62.375 4.6
    endloop
  endfacet
  facet normal 0 0 -1
    outer loop
      vertex 41.16913429647684 -62.375 4.6
      vertex 41.247237369418144 -62.21662263572216 4.6
      vertex 93.83086570352316 -62.375 4.6
    endloop
  endfacet
  facet normal 0 0 -1
    outer loop
      vertex 93.66154943406582 -61.52378963679075 4.6
      vertex 93.64999999850988 -61.70000000298023 4.6
      vertex 41.350000001490116 -61.70000000298023 4.6
    endloop
  endfacet
  facet normal 0 0 -1
    outer loop
      vertex 93.66154943406582 -61.52378963679075 4.6
      vertex 41.350000001490116 -61.70000000298023 4.6
      vertex 41.33845056593418 -61.52378963679075 4.6
    endloop
  endfacet
  facet normal 0 0 -1
    outer loop
      vertex 93.69600013643503 -61.35059428960085 4.6
      vertex 93.66154943406582 -61.52378963679075 4.6
      vertex 41.33845056593418 -61.52378963679075 4.6
    endloop
  endfacet
  facet normal 0 0 -1
    outer loop
      vertex 93.75276263058186 -61.18337736278772 4.6
      vertex 93.69600013643503 -61.35059428960085 4.6
      vertex 41.33845056593418 -61.52378963679075 4.6
    endloop
  endfacet
  facet normal 0 0 -1
    outer loop
      vertex 98.92897298932076 -3.378172069787979 4.6
      vertex 98.83086570352316 -3.524999998509884 4.6
      vertex 70.16913429647684 -3.524999998509884 4.6
    endloop
  endfacet
  facet normal 0 0 -1
    outer loop
      vertex 98.92897298932076 -3.378172069787979 4.6
      vertex 70.16913429647684 -3.524999998509884 4.6
      vertex 70.07102701067924 -3.378172069787979 4.6
    endloop
  endfacet
  facet normal 0 0 -1
    outer loop
      vertex 70.07102701067924 -5.021827928721905 4.6
      vertex 70.16913429647684 -4.875 4.6
      vertex 98.83086570352316 -4.875 4.6
    endloop
  endfacet
  facet normal 0 0 -1
    outer loop
      vertex 70.07102701067924 -5.021827928721905 4.6
      vertex 98.83086570352316 -4.875 4.6
      vertex 98.92897298932076 -5.021827928721905 4.6
    endloop
  endfacet
  facet normal 0 0 -1
    outer loop
      vertex 41.071027010679245 -62.521827928721905 4.6
      vertex 41.16913429647684 -62.375 4.6
      vertex 93.83086570352316 -62.375 4.6
    endloop
  endfacet
  facet normal 0 0 -1
    outer loop
      vertex 41.071027010679245 -62.521827928721905 4.6
      vertex 93.83086570352316 -62.375 4.6
      vertex 93.92897298932076 -62.521827928721905 4.6
    endloop
  endfacet
  facet normal 0 0 -1
    outer loop
      vertex 93.75276263058186 -61.18337736278772 4.6
      vertex 41.33845056593418 -61.52378963679075 4.6
      vertex 41.30399986356497 -61.35059428960085 4.6
    endloop
  endfacet
  facet normal 0 0 -1
    outer loop
      vertex 93.83086570352316 -61.024999998509884 4.6
      vertex 93.75276263058186 -61.18337736278772 4.6
      vertex 41.30399986356497 -61.35059428960085 4.6
    endloop
  endfacet
  facet normal 0 0 -1
    outer loop
      vertex 93.92897298932076 -60.87817206978798 4.6
      vertex 93.83086570352316 -61.024999998509884 4.6
      vertex 41.30399986356497 -61.35059428960085 4.6
    endloop
  endfacet
  facet normal 0 0 -1
    outer loop
      vertex 93.92897298932076 -60.87817206978798 4.6
      vertex 41.30399986356497 -61.35059428960085 4.6
      vertex 41.247237369418144 -61.18337736278772 4.6
    endloop
  endfacet
  facet normal 0 0 -1
    outer loop
      vertex 93.92897298932076 -60.87817206978798 4.6
      vertex 41.247237369418144 -61.18337736278772 4.6
      vertex 41.16913429647684 -61.024999998509884 4.6
    endloop
  endfacet
  facet normal 0 0 -1
    outer loop
      vertex 93.92897298932076 -60.87817206978798 4.6
      vertex 41.16913429647684 -61.024999998509884 4.6
      vertex 41.071027010679245 -60.87817206978798 4.6
    endloop
  endfacet
  facet normal 0 0 -1
    outer loop
      vertex 116 -2 4.6
      vertex 101.07102701067924 -3.378172069787979 4.6
      vertex 100.95459415763617 -3.2454058453440666 4.6
    endloop
  endfacet
  facet normal 0 0 -1
    outer loop
      vertex 99.04540584236383 -5.154594153165817 4.6
      vertex 99.17817207425833 -5.271027006208897 4.6
      vertex 94.32500000298023 -60.53086570650339 4.6
    endloop
  endfacet
  facet normal 0 0 -1
    outer loop
      vertex 95.95459415763617 -62.65459415316582 4.6
      vertex 96.07102701067924 -62.521827928721905 4.6
      vertex 116 -64 4.6
    endloop
  endfacet
  facet normal 0 0 -1
    outer loop
      vertex 99.04540584236383 -5.154594153165817 4.6
      vertex 94.32500000298023 -60.53086570650339 4.6
      vertex 94.17817207425833 -60.62897299230099 4.6
    endloop
  endfacet
  facet normal 0 0 -1
    outer loop
      vertex 99.04540584236383 -3.2454058453440666 4.6
      vertex 98.92897298932076 -3.378172069787979 4.6
      vertex 70.07102701067924 -3.378172069787979 4.6
    endloop
  endfacet
  facet normal 0 0 -1
    outer loop
      vertex 99.04540584236383 -3.2454058453440666 4.6
      vertex 70.07102701067924 -3.378172069787979 4.6
      vertex 69.95459415763617 -3.2454058453440666 4.6
    endloop
  endfacet
  facet normal 0 0 -1
    outer loop
      vertex 69.95459415763617 -5.154594153165817 4.6
      vertex 70.07102701067924 -5.021827928721905 4.6
      vertex 98.92897298932076 -5.021827928721905 4.6
    endloop
  endfacet
  facet normal 0 0 -1
    outer loop
      vertex 69.95459415763617 -5.154594153165817 4.6
      vertex 98.92897298932076 -5.021827928721905 4.6
      vertex 99.04540584236383 -5.154594153165817 4.6
    endloop
  endfacet
  facet normal 0 0 -1
    outer loop
      vertex 69.95459415763617 -5.154594153165817 4.6
      vertex 99.04540584236383 -5.154594153165817 4.6
      vertex 94.17817207425833 -60.62897299230099 4.6
    endloop
  endfacet
  facet normal 0 0 -1
    outer loop
      vertex 69.82182792574167 -5.271027006208897 4.6
      vertex 69.95459415763617 -5.154594153165817 4.6
      vertex 94.17817207425833 -60.62897299230099 4.6
    endloop
  endfacet
  facet normal 0 0 -1
    outer loop
      vertex 69.67499999701977 -5.369134292006493 4.6
      vertex 69.82182792574167 -5.271027006208897 4.6
      vertex 94.17817207425833 -60.62897299230099 4.6
    endloop
  endfacet
  facet normal 0 0 -1
    outer loop
      vertex 69.51662263274193 -5.4472373723983765 4.6
      vertex 69.67499999701977 -5.369134292006493 4.6
      vertex 94.17817207425833 -60.62897299230099 4.6
    endloop
  endfacet
  facet normal 0 0 -1
    outer loop
      vertex 69.34940571337938 -5.5039998665452 4.6
      vertex 69.51662263274193 -5.4472373723983765 4.6
      vertex 94.17817207425833 -60.62897299230099 4.6
    endloop
  endfacet
  facet normal 0 0 -1
    outer loop
      vertex 69.1762103587389 -5.538450561463833 4.6
      vertex 69.34940571337938 -5.5039998665452 4.6
      vertex 94.17817207425833 -60.62897299230099 4.6
    endloop
  endfacet
  facet normal 0 0 -1
    outer loop
      vertex 69 -5.549999997019768 4.6
      vertex 69.1762103587389 -5.538450561463833 4.6
      vertex 94.17817207425833 -60.62897299230099 4.6
    endloop
  endfacet
  facet normal 0 0 -1
    outer loop
      vertex 68.8237896412611 -5.538450561463833 4.6
      vertex 69 -5.549999997019768 4.6
      vertex 94.17817207425833 -60.62897299230099 4.6
    endloop
  endfacet
  facet normal 0 0 -1
    outer loop
      vertex 68.65059428662062 -5.5039998665452 4.6
      vertex 68.8237896412611 -5.538450561463833 4.6
      vertex 94.17817207425833 -60.62897299230099 4.6
    endloop
  endfacet
  facet normal 0 0 -1
    outer loop
      vertex 68.65059428662062 -5.5039998665452 4.6
      vertex 94.17817207425833 -60.62897299230099 4.6
      vertex 94.04540584236383 -60.74540584534407 4.6
    endloop
  endfacet
  facet normal 0 0 -1
    outer loop
      vertex 68.65059428662062 -5.5039998665452 4.6
      vertex 94.04540584236383 -60.74540584534407 4.6
      vertex 93.92897298932076 -60.87817206978798 4.6
    endloop
  endfacet
  facet normal 0 0 -1
    outer loop
      vertex 40.954594157636166 -62.65459415316582 4.6
      vertex 41.071027010679245 -62.521827928721905 4.6
      vertex 93.92897298932076 -62.521827928721905 4.6
    endloop
  endfacet
  facet normal 0 0 -1
    outer loop
      vertex 40.954594157636166 -62.65459415316582 4.6
      vertex 93.92897298932076 -62.521827928721905 4.6
      vertex 94.04540584236383 -62.65459415316582 4.6
    endloop
  endfacet
  facet normal 0 0 -1
    outer loop
      vertex 93.92897298932076 -60.87817206978798 4.6
      vertex 41.071027010679245 -60.87817206978798 4.6
      vertex 40.954594157636166 -60.74540584534407 4.6
    endloop
  endfacet
  facet normal 0 0 -1
    outer loop
      vertex 68.48337736725807 -5.4472373723983765 4.6
      vertex 68.65059428662062 -5.5039998665452 4.6
      vertex 93.92897298932076 -60.87817206978798 4.6
    endloop
  endfacet
  facet normal 0 0 -1
    outer loop
      vertex 116 -2 4.6
      vertex 100.95459415763617 -3.2454058453440666 4.6
      vertex 100.82182792574167 -3.1289729923009872 4.6
    endloop
  endfacet
  facet normal 0 0 -1
    outer loop
      vertex 95.82182792574167 -62.7710270062089 4.6
      vertex 95.95459415763617 -62.65459415316582 4.6
      vertex 116 -64 4.6
    endloop
  endfacet
  facet normal 0 0 -1
    outer loop
      vertex 99.17817207425833 -3.1289729923009872 4.6
      vertex 99.04540584236383 -3.2454058453440666 4.6
      vertex 69.95459415763617 -3.2454058453440666 4.6
    endloop
  endfacet
  facet normal 0 0 -1
    outer loop
      vertex 99.17817207425833 -3.1289729923009872 4.6
      vertex 69.95459415763617 -3.2454058453440666 4.6
      vertex 69.82182792574167 -3.1289729923009872 4.6
    endloop
  endfacet
  facet normal 0 0 -1
    outer loop
      vertex 40.82182792574167 -62.7710270062089 4.6
      vertex 40.954594157636166 -62.65459415316582 4.6
      vertex 94.04540584236383 -62.65459415316582 4.6
    endloop
  endfacet
  facet normal 0 0 -1
    outer loop
      vertex 40.82182792574167 -62.7710270062089 4.6
      vertex 94.04540584236383 -62.65459415316582 4.6
      vertex 94.17817207425833 -62.7710270062089 4.6
    endloop
  endfacet
  facet normal 0 0 -1
    outer loop
      vertex 93.92897298932076 -60.87817206978798 4.6
      vertex 40.954594157636166 -60.74540584534407 4.6
      vertex 40.82182792574167 -60.62897299230099 4.6
    endloop
  endfacet
  facet normal 0 0 -1
    outer loop
      vertex 68.32500000298023 -5.369134292006493 4.6
      vertex 68.48337736725807 -5.4472373723983765 4.6
      vertex 93.92897298932076 -60.87817206978798 4.6
    endloop
  endfacet
  facet normal 0 0 -1
    outer loop
      vertex 116 -2 4.6
      vertex 100.82182792574167 -3.1289729923009872 4.6
      vertex 100.67499999701977 -3.0308657065033913 4.6
    endloop
  endfacet
  facet normal 0 0 -1
    outer loop
      vertex 95.67499999701977 -62.86913429200649 4.6
      vertex 95.82182792574167 -62.7710270062089 4.6
      vertex 116 -64 4.6
    endloop
  endfacet
  facet normal 0 0 -1
    outer loop
      vertex 99.32500000298023 -3.0308657065033913 4.6
      vertex 99.17817207425833 -3.1289729923009872 4.6
      vertex 69.82182792574167 -3.1289729923009872 4.6
    endloop
  endfacet
  facet normal 0 0 -1
    outer loop
      vertex 99.32500000298023 -3.0308657065033913 4.6
      vertex 69.82182792574167 -3.1289729923009872 4.6
      vertex 69.67499999701977 -3.0308657065033913 4.6
    endloop
  endfacet
  facet normal 0 0 -1
    outer loop
      vertex 40.67499999701977 -62.86913429200649 4.6
      vertex 40.82182792574167 -62.7710270062089 4.6
      vertex 94.17817207425833 -62.7710270062089 4.6
    endloop
  endfacet
  facet normal 0 0 -1
    outer loop
      vertex 40.67499999701977 -62.86913429200649 4.6
      vertex 94.17817207425833 -62.7710270062089 4.6
      vertex 94.32500000298023 -62.86913429200649 4.6
    endloop
  endfacet
  facet normal 0 0 -1
    outer loop
      vertex 93.92897298932076 -60.87817206978798 4.6
      vertex 40.82182792574167 -60.62897299230099 4.6
      vertex 40.67499999701977 -60.53086570650339 4.6
    endloop
  endfacet
  facet normal 0 0 -1
    outer loop
      vertex 68.17817207425833 -5.271027006208897 4.6
      vertex 68.32500000298023 -5.369134292006493 4.6
      vertex 93.92897298932076 -60.87817206978798 4.6
    endloop
  endfacet
  facet normal 0 0 -1
    outer loop
      vertex 116 -2 4.6
      vertex 100.67499999701977 -3.0308657065033913 4.6
      vertex 100.51662263274193 -2.952762633562088 4.6
    endloop
  endfacet
  facet normal 0 0 -1
    outer loop
      vertex 95.51662263274193 -62.94723737239838 4.6
      vertex 95.67499999701977 -62.86913429200649 4.6
      vertex 116 -64 4.6
    endloop
  endfacet
  facet normal 0 0 -1
    outer loop
      vertex 40.51662263274193 -62.94723737239838 4.6
      vertex 40.67499999701977 -62.86913429200649 4.6
      vertex 94.32500000298023 -62.86913429200649 4.6
    endloop
  endfacet
  facet normal 0 0 -1
    outer loop
      vertex 40.51662263274193 -62.94723737239838 4.6
      vertex 94.32500000298023 -62.86913429200649 4.6
      vertex 94.48337736725807 -62.94723737239838 4.6
    endloop
  endfacet
  facet normal 0 0 -1
    outer loop
      vertex 99.48337736725807 -2.952762633562088 4.6
      vertex 99.32500000298023 -3.0308657065033913 4.6
      vertex 69.67499999701977 -3.0308657065033913 4.6
    endloop
  endfacet
  facet normal 0 0 -1
    outer loop
      vertex 99.48337736725807 -2.952762633562088 4.6
      vertex 69.67499999701977 -3.0308657065033913 4.6
      vertex 69.51662263274193 -2.952762633562088 4.6
    endloop
  endfacet
  facet normal 0 0 -1
    outer loop
      vertex 93.92897298932076 -60.87817206978798 4.6
      vertex 40.67499999701977 -60.53086570650339 4.6
      vertex 40.51662263274193 -60.45276263356209 4.6
    endloop
  endfacet
  facet normal 0 0 -1
    outer loop
      vertex 68.04540584236383 -5.154594153165817 4.6
      vertex 68.17817207425833 -5.271027006208897 4.6
      vertex 93.92897298932076 -60.87817206978798 4.6
    endloop
  endfacet
  facet normal 0 0 -1
    outer loop
      vertex 116 -2 4.6
      vertex 100.51662263274193 -2.952762633562088 4.6
      vertex 100.34940571337938 -2.8960001319646835 4.6
    endloop
  endfacet
  facet normal 0 0 -1
    outer loop
      vertex 95.34940571337938 -63.0039998665452 4.6
      vertex 95.51662263274193 -62.94723737239838 4.6
      vertex 116 -64 4.6
    endloop
  endfacet
  facet normal 0 0 -1
    outer loop
      vertex 3 -64 4.6
      vertex 3 -44 4.6
      vertex 65 -44 4.6
    endloop
  endfacet
  facet normal 0 0 -1
    outer loop
      vertex 99.65059428662062 -2.8960001319646835 4.6
      vertex 99.48337736725807 -2.952762633562088 4.6
      vertex 69.51662263274193 -2.952762633562088 4.6
    endloop
  endfacet
  facet normal 0 0 -1
    outer loop
      vertex 99.65059428662062 -2.8960001319646835 4.6
      vertex 69.51662263274193 -2.952762633562088 4.6
      vertex 69.34940571337938 -2.8960001319646835 4.6
    endloop
  endfacet
  facet normal 0 0 -1
    outer loop
      vertex 40.34940571337938 -63.0039998665452 4.6
      vertex 40.51662263274193 -62.94723737239838 4.6
      vertex 94.48337736725807 -62.94723737239838 4.6
    endloop
  endfacet
  facet normal 0 0 -1
    outer loop
      vertex 40.34940571337938 -63.0039998665452 4.6
      vertex 94.48337736725807 -62.94723737239838 4.6
      vertex 94.65059428662062 -63.0039998665452 4.6
    endloop
  endfacet
  facet normal 0 0 -1
    outer loop
      vertex 93.92897298932076 -60.87817206978798 4.6
      vertex 40.51662263274193 -60.45276263356209 4.6
      vertex 40.34940571337938 -60.39600013196468 4.6
    endloop
  endfacet
  facet normal 0 0 -1
    outer loop
      vertex 67.92897298932076 -5.021827928721905 4.6
      vertex 68.04540584236383 -5.154594153165817 4.6
      vertex 93.92897298932076 -60.87817206978798 4.6
    endloop
  endfacet
  facet normal 0 0 -1
    outer loop
      vertex 3 -64 4.6
      vertex 65 -44 4.6
      vertex 65.0871557444334 -43.99619469791651 4.6
    endloop
  endfacet
  facet normal 0 0 -1
    outer loop
      vertex 116 -2 4.6
      vertex 100.34940571337938 -2.8960001319646835 4.6
      vertex 100.1762103587389 -2.861549437046051 4.6
    endloop
  endfacet
  facet normal 0 0 -1
    outer loop
      vertex 95.1762103587389 -63.03845056146383 4.6
      vertex 95.34940571337938 -63.0039998665452 4.6
      vertex 116 -64 4.6
    endloop
  endfacet
  facet normal 0 0 -1
    outer loop
      vertex 99.8237896412611 -2.861549437046051 4.6
      vertex 99.65059428662062 -2.8960001319646835 4.6
      vertex 69.34940571337938 -2.8960001319646835 4.6
    endloop
  endfacet
  facet normal 0 0 -1
    outer loop
      vertex 99.8237896412611 -2.861549437046051 4.6
      vertex 69.34940571337938 -2.8960001319646835 4.6
      vertex 69.1762103587389 -2.861549437046051 4.6
    endloop
  endfacet
  facet normal 0 0 -1
    outer loop
      vertex 40.1762103587389 -63.03845056146383 4.6
      vertex 40.34940571337938 -63.0039998665452 4.6
      vertex 94.65059428662062 -63.0039998665452 4.6
    endloop
  endfacet
  facet normal 0 0 -1
    outer loop
      vertex 40.1762103587389 -63.03845056146383 4.6
      vertex 94.65059428662062 -63.0039998665452 4.6
      vertex 94.8237896412611 -63.03845056146383 4.6
    endloop
  endfacet
  facet normal 0 0 -1
    outer loop
      vertex 93.92897298932076 -60.87817206978798 4.6
      vertex 40.34940571337938 -60.39600013196468 4.6
      vertex 40.1762103587389 -60.36154943704605 4.6
    endloop
  endfacet
  facet normal 0 0 -1
    outer loop
      vertex 3 -64 4.6
      vertex 65.0871557444334 -43.99619469791651 4.6
      vertex 65.17364817857742 -43.98480775207281 4.6
    endloop
  endfacet
  facet normal 0 0 -1
    outer loop
      vertex 67.83086570352316 -4.875 4.6
      vertex 67.92897298932076 -5.021827928721905 4.6
      vertex 93.92897298932076 -60.87817206978798 4.6
    endloop
  endfacet
  facet normal 0 0 -1
    outer loop
      vertex 116 -2 4.6
      vertex 100.1762103587389 -2.861549437046051 4.6
      vertex 100 -2.850000001490116 4.6
    endloop
  endfacet
  facet normal 0 0 -1
    outer loop
      vertex 66 -2 4.6
      vertex 116 -2 4.6
      vertex 100 -2.850000001490116 4.6
    endloop
  endfacet
  facet normal 0 0 -1
    outer loop
      vertex 66 -2 4.6
      vertex 100 -2.850000001490116 4.6
      vertex 99.8237896412611 -2.861549437046051 4.6
    endloop
  endfacet
  facet normal 0 0 -1
    outer loop
      vertex 66 -2 4.6
      vertex 99.8237896412611 -2.861549437046051 4.6
      vertex 69.1762103587389 -2.861549437046051 4.6
    endloop
  endfacet
  facet normal 0 0 -1
    outer loop
      vertex 66 -2 4.6
      vertex 69.1762103587389 -2.861549437046051 4.6
      vertex 69 -2.850000001490116 4.6
    endloop
  endfacet
  facet normal 0 0 -1
    outer loop
      vertex 66 -2 4.6
      vertex 69 -2.850000001490116 4.6
      vertex 68.8237896412611 -2.861549437046051 4.6
    endloop
  endfacet
  facet normal 0 0 -1
    outer loop
      vertex 66 -2 4.6
      vertex 68.8237896412611 -2.861549437046051 4.6
      vertex 68.65059428662062 -2.8960001319646835 4.6
    endloop
  endfacet
  facet normal 0 0 -1
    outer loop
      vertex 66 -2 4.6
      vertex 68.65059428662062 -2.8960001319646835 4.6
      vertex 68.48337736725807 -2.952762633562088 4.6
    endloop
  endfacet
  facet normal 0 0 -1
    outer loop
      vertex 66 -2 4.6
      vertex 68.48337736725807 -2.952762633562088 4.6
      vertex 68.32500000298023 -3.0308657065033913 4.6
    endloop
  endfacet
  facet normal 0 0 -1
    outer loop
      vertex 66 -2 4.6
      vertex 68.32500000298023 -3.0308657065033913 4.6
      vertex 68.17817207425833 -3.1289729923009872 4.6
    endloop
  endfacet
  facet normal 0 0 -1
    outer loop
      vertex 66 -2 4.6
      vertex 68.17817207425833 -3.1289729923009872 4.6
      vertex 68.04540584236383 -3.2454058453440666 4.6
    endloop
  endfacet
  facet normal 0 0 -1
    outer loop
      vertex 66 -2 4.6
      vertex 68.04540584236383 -3.2454058453440666 4.6
      vertex 67.92897298932076 -3.378172069787979 4.6
    endloop
  endfacet
  facet normal 0 0 -1
    outer loop
      vertex 66 -2 4.6
      vertex 67.92897298932076 -3.378172069787979 4.6
      vertex 67.83086570352316 -3.524999998509884 4.6
    endloop
  endfacet
  facet normal 0 0 -1
    outer loop
      vertex 66 -2 4.6
      vertex 67.83086570352316 -3.524999998509884 4.6
      vertex 67.75276263058186 -3.6833773627877235 4.6
    endloop
  endfacet
  facet normal 0 0 -1
    outer loop
      vertex 66 -2 4.6
      vertex 67.75276263058186 -3.6833773627877235 4.6
      vertex 67.69600013643503 -3.850594289600849 4.6
    endloop
  endfacet
  facet normal 0 0 -1
    outer loop
      vertex 66 -2 4.6
      vertex 67.69600013643503 -3.850594289600849 4.6
      vertex 67.66154943406582 -4.023789636790752 4.6
    endloop
  endfacet
  facet normal 0 0 -1
    outer loop
      vertex 66 -2 4.6
      vertex 67.66154943406582 -4.023789636790752 4.6
      vertex 67.64999999850988 -4.200000002980232 4.6
    endloop
  endfacet
  facet normal 0 0 -1
    outer loop
      vertex 66 -43 4.6
      vertex 66 -2 4.6
      vertex 67.64999999850988 -4.200000002980232 4.6
    endloop
  endfacet
  facet normal 0 0 -1
    outer loop
      vertex 66 -43 4.6
      vertex 67.64999999850988 -4.200000002980232 4.6
      vertex 67.66154943406582 -4.3762103617191315 4.6
    endloop
  endfacet
  facet normal 0 0 -1
    outer loop
      vertex 66 -43 4.6
      vertex 67.66154943406582 -4.3762103617191315 4.6
      vertex 67.69600013643503 -4.549405708909035 4.6
    endloop
  endfacet
  facet normal 0 0 -1
    outer loop
      vertex 66 -43 4.6
      vertex 67.69600013643503 -4.549405708909035 4.6
      vertex 67.75276263058186 -4.71662263572216 4.6
    endloop
  endfacet
  facet normal 0 0 -1
    outer loop
      vertex 66 -43 4.6
      vertex 67.75276263058186 -4.71662263572216 4.6
      vertex 67.83086570352316 -4.875 4.6
    endloop
  endfacet
  facet normal 0 0 -1
    outer loop
      vertex 66 -43 4.6
      vertex 67.83086570352316 -4.875 4.6
      vertex 93.92897298932076 -60.87817206978798 4.6
    endloop
  endfacet
  facet normal 0 0 -1
    outer loop
      vertex 65.99619469791651 -43.0871557444334 4.6
      vertex 66 -43 4.6
      vertex 93.92897298932076 -60.87817206978798 4.6
    endloop
  endfacet
  facet normal 0 0 -1
    outer loop
      vertex 65.98480775207281 -43.17364817857742 4.6
      vertex 65.99619469791651 -43.0871557444334 4.6
      vertex 93.92897298932076 -60.87817206978798 4.6
    endloop
  endfacet
  facet normal 0 0 -1
    outer loop
      vertex 65.96592582762241 -43.25881904363632 4.6
      vertex 65.98480775207281 -43.17364817857742 4.6
      vertex 93.92897298932076 -60.87817206978798 4.6
    endloop
  endfacet
  facet normal 0 0 -1
    outer loop
      vertex 65.93969262391329 -43.34202014654875 4.6
      vertex 65.96592582762241 -43.25881904363632 4.6
      vertex 93.92897298932076 -60.87817206978798 4.6
    endloop
  endfacet
  facet normal 0 0 -1
    outer loop
      vertex 65.90630778670311 -43.42261826246977 4.6
      vertex 65.93969262391329 -43.34202014654875 4.6
      vertex 93.92897298932076 -60.87817206978798 4.6
    endloop
  endfacet
  facet normal 0 0 -1
    outer loop
      vertex 65.86602540314198 -43.5 4.6
      vertex 65.90630778670311 -43.42261826246977 4.6
      vertex 93.92897298932076 -60.87817206978798 4.6
    endloop
  endfacet
  facet normal 0 0 -1
    outer loop
      vertex 65.8191520422697 -43.57357643544674 4.6
      vertex 65.86602540314198 -43.5 4.6
      vertex 93.92897298932076 -60.87817206978798 4.6
    endloop
  endfacet
  facet normal 0 0 -1
    outer loop
      vertex 65.76604444533587 -43.642787612974644 4.6
      vertex 65.8191520422697 -43.57357643544674 4.6
      vertex 93.92897298932076 -60.87817206978798 4.6
    endloop
  endfacet
  facet normal 0 0 -1
    outer loop
      vertex 65.70710678398609 -43.70710678398609 4.6
      vertex 65.76604444533587 -43.642787612974644 4.6
      vertex 93.92897298932076 -60.87817206978798 4.6
    endloop
  endfacet
  facet normal 0 0 -1
    outer loop
      vertex 65.64278761297464 -43.766044445335865 4.6
      vertex 65.70710678398609 -43.70710678398609 4.6
      vertex 93.92897298932076 -60.87817206978798 4.6
    endloop
  endfacet
  facet normal 0 0 -1
    outer loop
      vertex 65.57357643544674 -43.81915204226971 4.6
      vertex 65.64278761297464 -43.766044445335865 4.6
      vertex 93.92897298932076 -60.87817206978798 4.6
    endloop
  endfacet
  facet normal 0 0 -1
    outer loop
      vertex 65.57357643544674 -43.81915204226971 4.6
      vertex 93.92897298932076 -60.87817206978798 4.6
      vertex 40.1762103587389 -60.36154943704605 4.6
    endloop
  endfacet
  facet normal 0 0 -1
    outer loop
      vertex 65.5 -43.866025403141975 4.6
      vertex 65.57357643544674 -43.81915204226971 4.6
      vertex 40.1762103587389 -60.36154943704605 4.6
    endloop
  endfacet
  facet normal 0 0 -1
    outer loop
      vertex 65.42261826246977 -43.90630778670311 4.6
      vertex 65.5 -43.866025403141975 4.6
      vertex 40.1762103587389 -60.36154943704605 4.6
    endloop
  endfacet
  facet normal 0 0 -1
    outer loop
      vertex 65.34202014654875 -43.93969262391329 4.6
      vertex 65.42261826246977 -43.90630778670311 4.6
      vertex 40.1762103587389 -60.36154943704605 4.6
    endloop
  endfacet
  facet normal 0 0 -1
    outer loop
      vertex 65.25881904363632 -43.965925827622414 4.6
      vertex 65.34202014654875 -43.93969262391329 4.6
      vertex 40.1762103587389 -60.36154943704605 4.6
    endloop
  endfacet
  facet normal 0 0 -1
    outer loop
      vertex 65.17364817857742 -43.98480775207281 4.6
      vertex 65.25881904363632 -43.965925827622414 4.6
      vertex 40.1762103587389 -60.36154943704605 4.6
    endloop
  endfacet
  facet normal 0 0 -1
    outer loop
      vertex 65.17364817857742 -43.98480775207281 4.6
      vertex 40.1762103587389 -60.36154943704605 4.6
      vertex 40 -60.350000001490116 4.6
    endloop
  endfacet
  facet normal 0 0 -1
    outer loop
      vertex 65.17364817857742 -43.98480775207281 4.6
      vertex 40 -60.350000001490116 4.6
      vertex 39.8237896412611 -60.36154943704605 4.6
    endloop
  endfacet
  facet normal 0 0 -1
    outer loop
      vertex 3 -64 4.6
      vertex 65.17364817857742 -43.98480775207281 4.6
      vertex 39.8237896412611 -60.36154943704605 4.6
    endloop
  endfacet
  facet normal 0 0 -1
    outer loop
      vertex 3 -64 4.6
      vertex 39.8237896412611 -60.36154943704605 4.6
      vertex 39.65059428662062 -60.39600013196468 4.6
    endloop
  endfacet
  facet normal 0 0 -1
    outer loop
      vertex 3 -64 4.6
      vertex 39.65059428662062 -60.39600013196468 4.6
      vertex 39.48337736725807 -60.45276263356209 4.6
    endloop
  endfacet
  facet normal 0 0 -1
    outer loop
      vertex 3 -64 4.6
      vertex 39.48337736725807 -60.45276263356209 4.6
      vertex 39.32500000298023 -60.53086570650339 4.6
    endloop
  endfacet
  facet normal 0 0 -1
    outer loop
      vertex 3 -64 4.6
      vertex 39.32500000298023 -60.53086570650339 4.6
      vertex 39.17817207425833 -60.62897299230099 4.6
    endloop
  endfacet
  facet normal 0 0 -1
    outer loop
      vertex 3 -64 4.6
      vertex 39.17817207425833 -60.62897299230099 4.6
      vertex 39.045405842363834 -60.74540584534407 4.6
    endloop
  endfacet
  facet normal 0 0 -1
    outer loop
      vertex 3 -64 4.6
      vertex 39.045405842363834 -60.74540584534407 4.6
      vertex 38.928972989320755 -60.87817206978798 4.6
    endloop
  endfacet
  facet normal 0 0 -1
    outer loop
      vertex 3 -64 4.6
      vertex 38.928972989320755 -60.87817206978798 4.6
      vertex 38.83086570352316 -61.024999998509884 4.6
    endloop
  endfacet
  facet normal 0 0 -1
    outer loop
      vertex 3 -64 4.6
      vertex 38.83086570352316 -61.024999998509884 4.6
      vertex 38.752762630581856 -61.18337736278772 4.6
    endloop
  endfacet
  facet normal 0 0 -1
    outer loop
      vertex 3 -64 4.6
      vertex 38.752762630581856 -61.18337736278772 4.6
      vertex 38.69600013643503 -61.35059428960085 4.6
    endloop
  endfacet
  facet normal 0 0 -1
    outer loop
      vertex 3 -64 4.6
      vertex 38.69600013643503 -61.35059428960085 4.6
      vertex 38.66154943406582 -61.52378963679075 4.6
    endloop
  endfacet
  facet normal 0 0 -1
    outer loop
      vertex 3 -64 4.6
      vertex 38.66154943406582 -61.52378963679075 4.6
      vertex 38.649999998509884 -61.70000000298023 4.6
    endloop
  endfacet
  facet normal 0 0 -1
    outer loop
      vertex 3 -64 4.6
      vertex 38.649999998509884 -61.70000000298023 4.6
      vertex 38.66154943406582 -61.87621036171913 4.6
    endloop
  endfacet
  facet normal 0 0 -1
    outer loop
      vertex 3 -64 4.6
      vertex 38.66154943406582 -61.87621036171913 4.6
      vertex 38.69600013643503 -62.049405708909035 4.6
    endloop
  endfacet
  facet normal 0 0 -1
    outer loop
      vertex 3 -64 4.6
      vertex 38.69600013643503 -62.049405708909035 4.6
      vertex 38.752762630581856 -62.21662263572216 4.6
    endloop
  endfacet
  facet normal 0 0 -1
    outer loop
      vertex 3 -64 4.6
      vertex 38.752762630581856 -62.21662263572216 4.6
      vertex 38.83086570352316 -62.375 4.6
    endloop
  endfacet
  facet normal 0 0 -1
    outer loop
      vertex 3 -64 4.6
      vertex 38.83086570352316 -62.375 4.6
      vertex 38.928972989320755 -62.521827928721905 4.6
    endloop
  endfacet
  facet normal 0 0 -1
    outer loop
      vertex 3 -64 4.6
      vertex 38.928972989320755 -62.521827928721905 4.6
      vertex 39.045405842363834 -62.65459415316582 4.6
    endloop
  endfacet
  facet normal 0 0 -1
    outer loop
      vertex 3 -64 4.6
      vertex 39.045405842363834 -62.65459415316582 4.6
      vertex 39.17817207425833 -62.7710270062089 4.6
    endloop
  endfacet
  facet normal 0 0 -1
    outer loop
      vertex 3 -64 4.6
      vertex 39.17817207425833 -62.7710270062089 4.6
      vertex 39.32500000298023 -62.86913429200649 4.6
    endloop
  endfacet
  facet normal 0 0 -1
    outer loop
      vertex 3 -64 4.6
      vertex 39.32500000298023 -62.86913429200649 4.6
      vertex 39.48337736725807 -62.94723737239838 4.6
    endloop
  endfacet
  facet normal 0 0 -1
    outer loop
      vertex 3 -64 4.6
      vertex 39.48337736725807 -62.94723737239838 4.6
      vertex 39.65059428662062 -63.0039998665452 4.6
    endloop
  endfacet
  facet normal 0 0 -1
    outer loop
      vertex 3 -64 4.6
      vertex 39.65059428662062 -63.0039998665452 4.6
      vertex 39.8237896412611 -63.03845056146383 4.6
    endloop
  endfacet
  facet normal 0 0 -1
    outer loop
      vertex 95 -63.04999999701977 4.6
      vertex 95.1762103587389 -63.03845056146383 4.6
      vertex 116 -64 4.6
    endloop
  endfacet
  facet normal 0 0 -1
    outer loop
      vertex 95 -63.04999999701977 4.6
      vertex 116 -64 4.6
      vertex 3 -64 4.6
    endloop
  endfacet
  facet normal 0 0 -1
    outer loop
      vertex 94.8237896412611 -63.03845056146383 4.6
      vertex 95 -63.04999999701977 4.6
      vertex 3 -64 4.6
    endloop
  endfacet
  facet normal 0 0 -1
    outer loop
      vertex 3 -64 4.6
      vertex 39.8237896412611 -63.03845056146383 4.6
      vertex 40 -63.04999999701977 4.6
    endloop
  endfacet
  facet normal 0 0 -1
    outer loop
      vertex 94.8237896412611 -63.03845056146383 4.6
      vertex 3 -64 4.6
      vertex 40 -63.04999999701977 4.6
    endloop
  endfacet
  facet normal 0 0 -1
    outer loop
      vertex 40.1762103587389 -63.03845056146383 4.6
      vertex 94.8237896412611 -63.03845056146383 4.6
      vertex 40 -63.04999999701977 4.6
    endloop
  endfacet
endsolid OpenSCAD_Model
