solid OpenSCAD_Model
  facet normal -0.4422886902190092 -0.8968727415326844 0
    outer loop
      vertex 38.85 59.7081415712958 2
      vertex 39.119828105560295 59.575077075224044 2
      vertex 38.85 59.7081415712958 2.635
    endloop
  endfacet
  facet normal -0.32143946530316087 -0.9469301294951058 0
    outer loop
      vertex 39.119828105560295 59.575077075224044 2
      vertex 39.404716196264204 59.47837059953515 2
      vertex 39.119828105560295 59.575077075224044 2.635
    endloop
  endfacet
  facet normal -0.19509032201613713 -0.9807852804032287 0
    outer loop
      vertex 39.404716196264204 59.47837059953515 2
      vertex 39.69978975789388 59.41967681884024 2
      vertex 39.404716196264204 59.47837059953515 2.635
    endloop
  endfacet
  facet normal -0.0654031292301286 -0.9978589232386045 0
    outer loop
      vertex 39.69978975789388 59.41967681884024 2
      vertex 40 59.400000000000006 2
      vertex 39.69978975789388 59.41967681884024 2.635
    endloop
  endfacet
  facet normal -0.751839807478975 -0.6593458151000717 0
    outer loop
      vertex 38.17528731733016 60.29984871327994 2
      vertex 38.37365440327094 60.07365440327094 2
      vertex 38.17528731733016 60.29984871327994 2.635
    endloop
  endfacet
  facet normal -0.8314696123025548 -0.5555702330195879 0
    outer loop
      vertex 38.17528731733016 60.29984871327994 2
      vertex 38.008141571295795 60.550000000000004 2.635
      vertex 38.008141571295795 60.550000000000004 2
    endloop
  endfacet
  facet normal -0.8968727415326844 -0.4422886902190092 0
    outer loop
      vertex 38.008141571295795 60.550000000000004 2
      vertex 37.87507707522404 60.8198281055603 2.635
      vertex 37.87507707522404 60.8198281055603 2
    endloop
  endfacet
  facet normal -0.9469301294951058 -0.32143946530316087 0
    outer loop
      vertex 37.87507707522404 60.8198281055603 2
      vertex 37.778370599535144 61.10471619626421 2.635
      vertex 37.778370599535144 61.10471619626421 2
    endloop
  endfacet
  facet normal -0.9807852804032287 -0.19509032201613713 0
    outer loop
      vertex 37.778370599535144 61.10471619626421 2
      vertex 37.719676818840234 61.399789757893885 2.635
      vertex 37.719676818840234 61.399789757893885 2
    endloop
  endfacet
  facet normal -0.9978589232386045 -0.0654031292301286 0
    outer loop
      vertex 37.719676818840234 61.399789757893885 2
      vertex 37.7 61.7 2.635
      vertex 37.7 61.7 2
    endloop
  endfacet
  facet normal -0.6593458151000717 -0.751839807478975 0
    outer loop
      vertex 38.59984871327994 59.87528731733016 2
      vertex 38.37365440327094 60.07365440327094 2.635
      vertex 38.37365440327094 60.07365440327094 2
    endloop
  endfacet
  facet normal -0.5555702330195879 -0.8314696123025548 0
    outer loop
      vertex 38.85 59.7081415712958 2
      vertex 38.59984871327994 59.87528731733016 2.635
      vertex 38.59984871327994 59.87528731733016 2
    endloop
  endfacet
  facet normal -0.9978589232386045 0.0654031292301286 0
    outer loop
      vertex 37.7 61.7 2
      vertex 37.719676818840234 62.00021024210612 2.635
      vertex 37.719676818840234 62.00021024210612 2
    endloop
  endfacet
  facet normal -0.9807852804032287 0.19509032201613713 0
    outer loop
      vertex 37.719676818840234 62.00021024210612 2
      vertex 37.778370599535144 62.2952838037358 2.635
      vertex 37.778370599535144 62.2952838037358 2
    endloop
  endfacet
  facet normal -0.9469301294951058 0.32143946530316087 0
    outer loop
      vertex 37.778370599535144 62.2952838037358 2
      vertex 37.87507707522404 62.58017189443971 2.635
      vertex 37.87507707522404 62.58017189443971 2
    endloop
  endfacet
  facet normal -0.8968727415326844 0.4422886902190092 0
    outer loop
      vertex 37.87507707522404 62.58017189443971 2
      vertex 38.008141571295795 62.85 2.635
      vertex 38.008141571295795 62.85 2
    endloop
  endfacet
  facet normal -0.8314696123025548 0.5555702330195879 0
    outer loop
      vertex 38.008141571295795 62.85 2
      vertex 38.17528731733016 63.10015128672006 2.635
      vertex 38.17528731733016 63.10015128672006 2
    endloop
  endfacet
  facet normal -0.751839807478975 0.6593458151000717 0
    outer loop
      vertex 38.17528731733016 63.10015128672006 2
      vertex 38.37365440327094 63.32634559672906 2.635
      vertex 38.37365440327094 63.32634559672906 2
    endloop
  endfacet
  facet normal -0.6593458151000717 0.751839807478975 0
    outer loop
      vertex 38.37365440327094 63.32634559672906 2
      vertex 38.59984871327994 63.52471268266984 2.635
      vertex 38.59984871327994 63.52471268266984 2
    endloop
  endfacet
  facet normal -0.5555702330195879 0.8314696123025548 0
    outer loop
      vertex 38.59984871327994 63.52471268266984 2
      vertex 38.85 63.69185842870421 2.635
      vertex 38.85 63.69185842870421 2
    endloop
  endfacet
  facet normal -0.4422886902190092 0.8968727415326844 0
    outer loop
      vertex 38.85 63.69185842870421 2
      vertex 39.119828105560295 63.82492292477596 2.635
      vertex 39.119828105560295 63.82492292477596 2
    endloop
  endfacet
  facet normal -0.32143946530316087 0.9469301294951058 0
    outer loop
      vertex 39.119828105560295 63.82492292477596 2
      vertex 39.404716196264204 63.92162940046486 2.635
      vertex 39.404716196264204 63.92162940046486 2
    endloop
  endfacet
  facet normal -0.19509032201613713 0.9807852804032287 0
    outer loop
      vertex 39.404716196264204 63.92162940046486 2
      vertex 39.69978975789388 63.98032318115977 2.635
      vertex 39.69978975789388 63.98032318115977 2
    endloop
  endfacet
  facet normal -0.0654031292301286 0.9978589232386045 0
    outer loop
      vertex 39.69978975789388 63.98032318115977 2
      vertex 40 64 2.635
      vertex 40 64 2
    endloop
  endfacet
  facet normal -0.5555702330195879 -0.8314696123025548 0
    outer loop
      vertex 38.85 59.7081415712958 2
      vertex 38.85 59.7081415712958 2.635
      vertex 38.59984871327994 59.87528731733016 2.635
    endloop
  endfacet
  facet normal -0.4422886902190092 -0.8968727415326844 0
    outer loop
      vertex 39.119828105560295 59.575077075224044 2
      vertex 39.119828105560295 59.575077075224044 2.635
      vertex 38.85 59.7081415712958 2.635
    endloop
  endfacet
  facet normal -0.32143946530316087 -0.9469301294951058 0
    outer loop
      vertex 39.404716196264204 59.47837059953515 2
      vertex 39.404716196264204 59.47837059953515 2.635
      vertex 39.119828105560295 59.575077075224044 2.635
    endloop
  endfacet
  facet normal -0.19509032201613713 -0.9807852804032287 0
    outer loop
      vertex 39.69978975789388 59.41967681884024 2
      vertex 39.69978975789388 59.41967681884024 2.635
      vertex 39.404716196264204 59.47837059953515 2.635
    endloop
  endfacet
  facet normal -0.0654031292301286 -0.9978589232386045 0
    outer loop
      vertex 39.69978975789388 59.41967681884024 2.635
      vertex 40 59.400000000000006 2
      vertex 40 59.400000000000006 2.635
    endloop
  endfacet
  facet normal -0.8314696123025548 -0.5555702330195879 0
    outer loop
      vertex 38.17528731733016 60.29984871327994 2
      vertex 38.17528731733016 60.29984871327994 2.635
      vertex 38.008141571295795 60.550000000000004 2.635
    endloop
  endfacet
  facet normal -0.8968727415326844 -0.4422886902190092 0
    outer loop
      vertex 38.008141571295795 60.550000000000004 2
      vertex 38.008141571295795 60.550000000000004 2.635
      vertex 37.87507707522404 60.8198281055603 2.635
    endloop
  endfacet
  facet normal -0.9807852804032287 -0.19509032201613713 0
    outer loop
      vertex 37.778370599535144 61.10471619626421 2
      vertex 37.778370599535144 61.10471619626421 2.635
      vertex 37.719676818840234 61.399789757893885 2.635
    endloop
  endfacet
  facet normal -0.9469301294951058 -0.32143946530316087 0
    outer loop
      vertex 37.87507707522404 60.8198281055603 2
      vertex 37.87507707522404 60.8198281055603 2.635
      vertex 37.778370599535144 61.10471619626421 2.635
    endloop
  endfacet
  facet normal -0.9978589232386045 -0.0654031292301286 0
    outer loop
      vertex 37.719676818840234 61.399789757893885 2
      vertex 37.719676818840234 61.399789757893885 2.635
      vertex 37.7 61.7 2.635
    endloop
  endfacet
  facet normal -0.9978589232386045 0.0654031292301286 0
    outer loop
      vertex 37.7 61.7 2
      vertex 37.7 61.7 2.635
      vertex 37.719676818840234 62.00021024210612 2.635
    endloop
  endfacet
  facet normal -0.6593458151000717 -0.751839807478975 0
    outer loop
      vertex 38.59984871327994 59.87528731733016 2
      vertex 38.59984871327994 59.87528731733016 2.635
      vertex 38.37365440327094 60.07365440327094 2.635
    endloop
  endfacet
  facet normal -0.751839807478975 -0.6593458151000717 0
    outer loop
      vertex 38.37365440327094 60.07365440327094 2
      vertex 38.37365440327094 60.07365440327094 2.635
      vertex 38.17528731733016 60.29984871327994 2.635
    endloop
  endfacet
  facet normal 0 0 1
    outer loop
      vertex 39.404716196264204 59.47837059953515 2.635
      vertex 39.69978975789388 59.41967681884024 2.635
      vertex 39.637653336856474 60.347703843195305 2.635
    endloop
  endfacet
  facet normal 0 0 1
    outer loop
      vertex 39.69978975789388 59.41967681884024 2.635
      vertex 40 59.400000000000006 2.635
      vertex 39.817263330891926 60.31197719407667 2.635
    endloop
  endfacet
  facet normal 0 0 1
    outer loop
      vertex 38.008141571295795 60.550000000000004 2.635
      vertex 37.87507707522404 62.58017189443971 2.635
      vertex 37.87507707522404 60.8198281055603 2.635
    endloop
  endfacet
  facet normal 0 0 1
    outer loop
      vertex 38.17528731733016 60.29984871327994 2.635
      vertex 38.37365440327094 60.07365440327094 2.635
      vertex 38.17528731733016 63.10015128672006 2.635
    endloop
  endfacet
  facet normal 0 0 1
    outer loop
      vertex 38.17528731733016 60.29984871327994 2.635
      vertex 38.008141571295795 62.85 2.635
      vertex 38.008141571295795 60.550000000000004 2.635
    endloop
  endfacet
  facet normal 0 0 1
    outer loop
      vertex 37.87507707522404 60.8198281055603 2.635
      vertex 37.778370599535144 62.2952838037358 2.635
      vertex 37.778370599535144 61.10471619626421 2.635
    endloop
  endfacet
  facet normal 0 0 1
    outer loop
      vertex 37.778370599535144 61.10471619626421 2.635
      vertex 37.719676818840234 62.00021024210612 2.635
      vertex 37.719676818840234 61.399789757893885 2.635
    endloop
  endfacet
  facet normal 0 0 1
    outer loop
      vertex 37.719676818840234 61.399789757893885 2.635
      vertex 37.719676818840234 62.00021024210612 2.635
      vertex 37.7 61.7 2.635
    endloop
  endfacet
  facet normal 0 0 1
    outer loop
      vertex 37.778370599535144 61.10471619626421 2.635
      vertex 37.778370599535144 62.2952838037358 2.635
      vertex 37.719676818840234 62.00021024210612 2.635
    endloop
  endfacet
  facet normal 0 0 1
    outer loop
      vertex 38.85 59.7081415712958 2.635
      vertex 39.119828105560295 59.575077075224044 2.635
      vertex 39.010050506338835 60.71005050633884 2.635
    endloop
  endfacet
  facet normal 0 0 1
    outer loop
      vertex 38.85 59.7081415712958 2.635
      vertex 38.7065686544842 61.16424319468888 2.635
      vertex 38.59984871327994 59.87528731733016 2.635
    endloop
  endfacet
  facet normal 0 0 1
    outer loop
      vertex 39.119828105560295 59.575077075224044 2.635
      vertex 39.14773399938779 60.58930532359227 2.635
      vertex 39.010050506338835 60.71005050633884 2.635
    endloop
  endfacet
  facet normal 0 0 1
    outer loop
      vertex 38.59984871327994 59.87528731733016 2.635
      vertex 38.7065686544842 61.16424319468888 2.635
      vertex 38.6477038431953 61.33765333685648 2.635
    endloop
  endfacet
  facet normal 0 0 1
    outer loop
      vertex 38.85 59.7081415712958 2.635
      vertex 38.88930532359227 60.84773399938779 2.635
      vertex 38.787564434701785 61 2.635
    endloop
  endfacet
  facet normal 0 0 1
    outer loop
      vertex 38.85 59.7081415712958 2.635
      vertex 39.010050506338835 60.71005050633884 2.635
      vertex 38.88930532359227 60.84773399938779 2.635
    endloop
  endfacet
  facet normal 0 0 1
    outer loop
      vertex 38.85 59.7081415712958 2.635
      vertex 38.787564434701785 61 2.635
      vertex 38.7065686544842 61.16424319468888 2.635
    endloop
  endfacet
  facet normal 0 0 1
    outer loop
      vertex 39.119828105560295 59.575077075224044 2.635
      vertex 39.404716196264204 59.47837059953515 2.635
      vertex 39.3 60.48756443470179 2.635
    endloop
  endfacet
  facet normal 0 0 1
    outer loop
      vertex 39.119828105560295 59.575077075224044 2.635
      vertex 39.3 60.48756443470179 2.635
      vertex 39.14773399938779 60.58930532359227 2.635
    endloop
  endfacet
  facet normal 0 0 1
    outer loop
      vertex 39.404716196264204 59.47837059953515 2.635
      vertex 39.464243194688876 60.406568654484204 2.635
      vertex 39.3 60.48756443470179 2.635
    endloop
  endfacet
  facet normal 0 0 1
    outer loop
      vertex 39.404716196264204 59.47837059953515 2.635
      vertex 39.637653336856474 60.347703843195305 2.635
      vertex 39.464243194688876 60.406568654484204 2.635
    endloop
  endfacet
  facet normal 0 0 1
    outer loop
      vertex 39.69978975789388 59.41967681884024 2.635
      vertex 39.817263330891926 60.31197719407667 2.635
      vertex 39.637653336856474 60.347703843195305 2.635
    endloop
  endfacet
  facet normal 0 0 1
    outer loop
      vertex 40 59.400000000000006 2.635
      vertex 40 60.300000000000004 2.635
      vertex 39.817263330891926 60.31197719407667 2.635
    endloop
  endfacet
  facet normal 0 0 1
    outer loop
      vertex 38.59984871327994 59.87528731733016 2.635
      vertex 38.37365440327094 63.32634559672906 2.635
      vertex 38.37365440327094 60.07365440327094 2.635
    endloop
  endfacet
  facet normal 0 0 1
    outer loop
      vertex 38.59984871327994 59.87528731733016 2.635
      vertex 38.6477038431953 61.33765333685648 2.635
      vertex 38.611977194076665 61.51726333089193 2.635
    endloop
  endfacet
  facet normal 0 0 1
    outer loop
      vertex 38.59984871327994 59.87528731733016 2.635
      vertex 38.611977194076665 61.51726333089193 2.635
      vertex 38.6 61.7 2.635
    endloop
  endfacet
  facet normal 0 0 1
    outer loop
      vertex 38.59984871327994 59.87528731733016 2.635
      vertex 38.6 61.7 2.635
      vertex 38.59984871327994 63.52471268266984 2.635
    endloop
  endfacet
  facet normal -0.9807852804032287 0.19509032201613713 0
    outer loop
      vertex 37.719676818840234 62.00021024210612 2
      vertex 37.719676818840234 62.00021024210612 2.635
      vertex 37.778370599535144 62.2952838037358 2.635
    endloop
  endfacet
  facet normal -0.9469301294951058 0.32143946530316087 0
    outer loop
      vertex 37.778370599535144 62.2952838037358 2
      vertex 37.778370599535144 62.2952838037358 2.635
      vertex 37.87507707522404 62.58017189443971 2.635
    endloop
  endfacet
  facet normal -0.8968727415326844 0.4422886902190092 0
    outer loop
      vertex 37.87507707522404 62.58017189443971 2
      vertex 37.87507707522404 62.58017189443971 2.635
      vertex 38.008141571295795 62.85 2.635
    endloop
  endfacet
  facet normal -0.8314696123025548 0.5555702330195879 0
    outer loop
      vertex 38.008141571295795 62.85 2
      vertex 38.008141571295795 62.85 2.635
      vertex 38.17528731733016 63.10015128672006 2.635
    endloop
  endfacet
  facet normal -0.751839807478975 0.6593458151000717 0
    outer loop
      vertex 38.17528731733016 63.10015128672006 2
      vertex 38.17528731733016 63.10015128672006 2.635
      vertex 38.37365440327094 63.32634559672906 2.635
    endloop
  endfacet
  facet normal -0.6593458151000717 0.751839807478975 0
    outer loop
      vertex 38.37365440327094 63.32634559672906 2
      vertex 38.37365440327094 63.32634559672906 2.635
      vertex 38.59984871327994 63.52471268266984 2.635
    endloop
  endfacet
  facet normal -0.5555702330195879 0.8314696123025548 0
    outer loop
      vertex 38.59984871327994 63.52471268266984 2
      vertex 38.59984871327994 63.52471268266984 2.635
      vertex 38.85 63.69185842870421 2.635
    endloop
  endfacet
  facet normal -0.4422886902190092 0.8968727415326844 0
    outer loop
      vertex 38.85 63.69185842870421 2
      vertex 38.85 63.69185842870421 2.635
      vertex 39.119828105560295 63.82492292477596 2.635
    endloop
  endfacet
  facet normal -0.32143946530316087 0.9469301294951058 0
    outer loop
      vertex 39.119828105560295 63.82492292477596 2
      vertex 39.119828105560295 63.82492292477596 2.635
      vertex 39.404716196264204 63.92162940046486 2.635
    endloop
  endfacet
  facet normal -0.19509032201613713 0.9807852804032287 0
    outer loop
      vertex 39.404716196264204 63.92162940046486 2
      vertex 39.404716196264204 63.92162940046486 2.635
      vertex 39.69978975789388 63.98032318115977 2.635
    endloop
  endfacet
  facet normal -0.0654031292301286 0.9978589232386045 0
    outer loop
      vertex 39.69978975789388 63.98032318115977 2
      vertex 39.69978975789388 63.98032318115977 2.635
      vertex 40 64 2.635
    endloop
  endfacet
  facet normal 0 0 1
    outer loop
      vertex 37.87507707522404 60.8198281055603 2.635
      vertex 37.87507707522404 62.58017189443971 2.635
      vertex 37.778370599535144 62.2952838037358 2.635
    endloop
  endfacet
  facet normal 0 0 1
    outer loop
      vertex 38.008141571295795 60.550000000000004 2.635
      vertex 38.008141571295795 62.85 2.635
      vertex 37.87507707522404 62.58017189443971 2.635
    endloop
  endfacet
  facet normal 0 0 1
    outer loop
      vertex 38.17528731733016 60.29984871327994 2.635
      vertex 38.17528731733016 63.10015128672006 2.635
      vertex 38.008141571295795 62.85 2.635
    endloop
  endfacet
  facet normal 0 0 1
    outer loop
      vertex 38.37365440327094 60.07365440327094 2.635
      vertex 38.37365440327094 63.32634559672906 2.635
      vertex 38.17528731733016 63.10015128672006 2.635
    endloop
  endfacet
  facet normal 0 0 1
    outer loop
      vertex 38.59984871327994 59.87528731733016 2.635
      vertex 38.59984871327994 63.52471268266984 2.635
      vertex 38.37365440327094 63.32634559672906 2.635
    endloop
  endfacet
  facet normal 0 0 1
    outer loop
      vertex 38.59984871327994 63.52471268266984 2.635
      vertex 38.6 61.7 2.635
      vertex 38.611977194076665 61.88273666910808 2.635
    endloop
  endfacet
  facet normal 0 0 1
    outer loop
      vertex 38.59984871327994 63.52471268266984 2.635
      vertex 38.611977194076665 61.88273666910808 2.635
      vertex 38.6477038431953 62.06234666314353 2.635
    endloop
  endfacet
  facet normal 0 0 1
    outer loop
      vertex 38.59984871327994 63.52471268266984 2.635
      vertex 38.6477038431953 62.06234666314353 2.635
      vertex 38.7065686544842 62.23575680531113 2.635
    endloop
  endfacet
  facet normal 0 0 1
    outer loop
      vertex 38.59984871327994 63.52471268266984 2.635
      vertex 38.7065686544842 62.23575680531113 2.635
      vertex 38.787564434701785 62.400000000000006 2.635
    endloop
  endfacet
  facet normal 0 0 1
    outer loop
      vertex 38.59984871327994 63.52471268266984 2.635
      vertex 38.787564434701785 62.400000000000006 2.635
      vertex 38.88930532359227 62.552266000612214 2.635
    endloop
  endfacet
  facet normal 0 0 1
    outer loop
      vertex 38.85 63.69185842870421 2.635
      vertex 38.88930532359227 62.552266000612214 2.635
      vertex 39.010050506338835 62.68994949366117 2.635
    endloop
  endfacet
  facet normal 0 0 1
    outer loop
      vertex 38.85 63.69185842870421 2.635
      vertex 39.010050506338835 62.68994949366117 2.635
      vertex 39.14773399938779 62.810694676407735 2.635
    endloop
  endfacet
  facet normal 0 0 1
    outer loop
      vertex 38.59984871327994 63.52471268266984 2.635
      vertex 38.88930532359227 62.552266000612214 2.635
      vertex 38.85 63.69185842870421 2.635
    endloop
  endfacet
  facet normal 0 0 1
    outer loop
      vertex 38.85 63.69185842870421 2.635
      vertex 39.14773399938779 62.810694676407735 2.635
      vertex 39.119828105560295 63.82492292477596 2.635
    endloop
  endfacet
  facet normal 0 0 1
    outer loop
      vertex 39.119828105560295 63.82492292477596 2.635
      vertex 39.14773399938779 62.810694676407735 2.635
      vertex 39.3 62.91243556529822 2.635
    endloop
  endfacet
  facet normal 0 0 1
    outer loop
      vertex 39.119828105560295 63.82492292477596 2.635
      vertex 39.3 62.91243556529822 2.635
      vertex 39.464243194688876 62.9934313455158 2.635
    endloop
  endfacet
  facet normal 0 0 1
    outer loop
      vertex 39.404716196264204 63.92162940046486 2.635
      vertex 39.464243194688876 62.9934313455158 2.635
      vertex 39.637653336856474 63.0522961568047 2.635
    endloop
  endfacet
  facet normal 0 0 1
    outer loop
      vertex 39.404716196264204 63.92162940046486 2.635
      vertex 39.637653336856474 63.0522961568047 2.635
      vertex 39.817263330891926 63.08802280592334 2.635
    endloop
  endfacet
  facet normal 0 0 1
    outer loop
      vertex 40 64 2.635
      vertex 39.817263330891926 63.08802280592334 2.635
      vertex 40 63.1 2.635
    endloop
  endfacet
  facet normal 0 0 1
    outer loop
      vertex 39.119828105560295 63.82492292477596 2.635
      vertex 39.464243194688876 62.9934313455158 2.635
      vertex 39.404716196264204 63.92162940046486 2.635
    endloop
  endfacet
  facet normal 0 0 1
    outer loop
      vertex 39.404716196264204 63.92162940046486 2.635
      vertex 39.817263330891926 63.08802280592334 2.635
      vertex 39.69978975789388 63.98032318115977 2.635
    endloop
  endfacet
  facet normal 0 0 1
    outer loop
      vertex 39.69978975789388 63.98032318115977 2.635
      vertex 39.817263330891926 63.08802280592334 2.635
      vertex 40 64 2.635
    endloop
  endfacet
  facet normal 0.0654031292301286 -0.9978589232386045 0
    outer loop
      vertex 40 59.400000000000006 2
      vertex 40.30021024210612 59.41967681884024 2
      vertex 40 59.400000000000006 2.635
    endloop
  endfacet
  facet normal 0.19509032201613713 -0.9807852804032287 0
    outer loop
      vertex 40.30021024210612 59.41967681884024 2
      vertex 40.595283803735796 59.47837059953515 2
      vertex 40.30021024210612 59.41967681884024 2.635
    endloop
  endfacet
  facet normal 0.32143946530316087 -0.9469301294951058 0
    outer loop
      vertex 40.595283803735796 59.47837059953515 2
      vertex 40.880171894439705 59.575077075224044 2
      vertex 40.595283803735796 59.47837059953515 2.635
    endloop
  endfacet
  facet normal 0.4422886902190092 -0.8968727415326844 0
    outer loop
      vertex 40.880171894439705 59.575077075224044 2
      vertex 41.15 59.7081415712958 2
      vertex 40.880171894439705 59.575077075224044 2.635
    endloop
  endfacet
  facet normal 0.5555702330195879 -0.8314696123025548 0
    outer loop
      vertex 41.15 59.7081415712958 2
      vertex 41.40015128672006 59.87528731733016 2
      vertex 41.15 59.7081415712958 2.635
    endloop
  endfacet
  facet normal 0.6593458151000717 -0.751839807478975 0
    outer loop
      vertex 41.40015128672006 59.87528731733016 2
      vertex 41.62634559672906 60.07365440327094 2
      vertex 41.40015128672006 59.87528731733016 2.635
    endloop
  endfacet
  facet normal 0.751839807478975 -0.6593458151000717 0
    outer loop
      vertex 41.62634559672906 60.07365440327094 2
      vertex 41.82471268266984 60.29984871327994 2
      vertex 41.62634559672906 60.07365440327094 2.635
    endloop
  endfacet
  facet normal 0.8314696123025548 -0.5555702330195879 0
    outer loop
      vertex 41.82471268266984 60.29984871327994 2
      vertex 41.991858428704205 60.550000000000004 2
      vertex 41.82471268266984 60.29984871327994 2.635
    endloop
  endfacet
  facet normal 0.8968727415326844 -0.4422886902190092 0
    outer loop
      vertex 41.991858428704205 60.550000000000004 2
      vertex 42.12492292477596 60.8198281055603 2
      vertex 41.991858428704205 60.550000000000004 2.635
    endloop
  endfacet
  facet normal 0.9469301294951058 -0.32143946530316087 0
    outer loop
      vertex 42.12492292477596 60.8198281055603 2
      vertex 42.221629400464856 61.10471619626421 2
      vertex 42.12492292477596 60.8198281055603 2.635
    endloop
  endfacet
  facet normal 0.9807852804032287 -0.19509032201613713 0
    outer loop
      vertex 42.221629400464856 61.10471619626421 2
      vertex 42.280323181159766 61.399789757893885 2
      vertex 42.221629400464856 61.10471619626421 2.635
    endloop
  endfacet
  facet normal 0.9978589232386045 -0.0654031292301286 0
    outer loop
      vertex 42.280323181159766 61.399789757893885 2
      vertex 42.3 61.7 2
      vertex 42.280323181159766 61.399789757893885 2.635
    endloop
  endfacet
  facet normal 0.9978589232386045 0.0654031292301286 0
    outer loop
      vertex 42.3 61.7 2
      vertex 42.280323181159766 62.00021024210612 2
      vertex 42.3 61.7 2.635
    endloop
  endfacet
  facet normal 0.32143946530316087 0.9469301294951058 0
    outer loop
      vertex 40.595283803735796 63.92162940046486 2
      vertex 40.880171894439705 63.82492292477596 2.635
      vertex 40.880171894439705 63.82492292477596 2
    endloop
  endfacet
  facet normal 0.6593458151000717 0.751839807478975 0
    outer loop
      vertex 41.62634559672906 63.32634559672906 2
      vertex 41.40015128672006 63.52471268266984 2
      vertex 41.62634559672906 63.32634559672906 2.635
    endloop
  endfacet
  facet normal 0.4422886902190092 0.8968727415326844 0
    outer loop
      vertex 40.880171894439705 63.82492292477596 2
      vertex 41.15 63.69185842870421 2.635
      vertex 41.15 63.69185842870421 2
    endloop
  endfacet
  facet normal 0.5555702330195879 0.8314696123025548 0
    outer loop
      vertex 41.15 63.69185842870421 2
      vertex 41.40015128672006 63.52471268266984 2.635
      vertex 41.40015128672006 63.52471268266984 2
    endloop
  endfacet
  facet normal 0.9807852804032287 0.19509032201613713 0
    outer loop
      vertex 42.280323181159766 62.00021024210612 2
      vertex 42.221629400464856 62.2952838037358 2
      vertex 42.280323181159766 62.00021024210612 2.635
    endloop
  endfacet
  facet normal 0.9469301294951058 0.32143946530316087 0
    outer loop
      vertex 42.221629400464856 62.2952838037358 2
      vertex 42.12492292477596 62.58017189443971 2
      vertex 42.221629400464856 62.2952838037358 2.635
    endloop
  endfacet
  facet normal 0.8968727415326844 0.4422886902190092 0
    outer loop
      vertex 42.12492292477596 62.58017189443971 2
      vertex 41.991858428704205 62.85 2
      vertex 42.12492292477596 62.58017189443971 2.635
    endloop
  endfacet
  facet normal 0.8314696123025548 0.5555702330195879 0
    outer loop
      vertex 41.991858428704205 62.85 2
      vertex 41.82471268266984 63.10015128672006 2
      vertex 41.991858428704205 62.85 2.635
    endloop
  endfacet
  facet normal 0.751839807478975 0.6593458151000717 0
    outer loop
      vertex 41.62634559672906 63.32634559672906 2
      vertex 41.82471268266984 63.10015128672006 2.635
      vertex 41.82471268266984 63.10015128672006 2
    endloop
  endfacet
  facet normal 0.0654031292301286 0.9978589232386045 0
    outer loop
      vertex 40 64 2
      vertex 40.30021024210612 63.98032318115977 2.635
      vertex 40.30021024210612 63.98032318115977 2
    endloop
  endfacet
  facet normal 0.19509032201613713 0.9807852804032287 0
    outer loop
      vertex 40.595283803735796 63.92162940046486 2
      vertex 40.30021024210612 63.98032318115977 2
      vertex 40.595283803735796 63.92162940046486 2.635
    endloop
  endfacet
  facet normal 0.0654031292301286 -0.9978589232386045 0
    outer loop
      vertex 40.30021024210612 59.41967681884024 2
      vertex 40.30021024210612 59.41967681884024 2.635
      vertex 40 59.400000000000006 2.635
    endloop
  endfacet
  facet normal 0.19509032201613713 -0.9807852804032287 0
    outer loop
      vertex 40.595283803735796 59.47837059953515 2
      vertex 40.595283803735796 59.47837059953515 2.635
      vertex 40.30021024210612 59.41967681884024 2.635
    endloop
  endfacet
  facet normal 0.32143946530316087 -0.9469301294951058 0
    outer loop
      vertex 40.880171894439705 59.575077075224044 2
      vertex 40.880171894439705 59.575077075224044 2.635
      vertex 40.595283803735796 59.47837059953515 2.635
    endloop
  endfacet
  facet normal 0.4422886902190092 -0.8968727415326844 0
    outer loop
      vertex 41.15 59.7081415712958 2
      vertex 41.15 59.7081415712958 2.635
      vertex 40.880171894439705 59.575077075224044 2.635
    endloop
  endfacet
  facet normal 0.5555702330195879 -0.8314696123025548 0
    outer loop
      vertex 41.40015128672006 59.87528731733016 2
      vertex 41.40015128672006 59.87528731733016 2.635
      vertex 41.15 59.7081415712958 2.635
    endloop
  endfacet
  facet normal 0.6593458151000717 -0.751839807478975 0
    outer loop
      vertex 41.62634559672906 60.07365440327094 2
      vertex 41.62634559672906 60.07365440327094 2.635
      vertex 41.40015128672006 59.87528731733016 2.635
    endloop
  endfacet
  facet normal 0.751839807478975 -0.6593458151000717 0
    outer loop
      vertex 41.82471268266984 60.29984871327994 2
      vertex 41.82471268266984 60.29984871327994 2.635
      vertex 41.62634559672906 60.07365440327094 2.635
    endloop
  endfacet
  facet normal 0.8314696123025548 -0.5555702330195879 0
    outer loop
      vertex 41.991858428704205 60.550000000000004 2
      vertex 41.991858428704205 60.550000000000004 2.635
      vertex 41.82471268266984 60.29984871327994 2.635
    endloop
  endfacet
  facet normal 0.8968727415326844 -0.4422886902190092 0
    outer loop
      vertex 42.12492292477596 60.8198281055603 2
      vertex 42.12492292477596 60.8198281055603 2.635
      vertex 41.991858428704205 60.550000000000004 2.635
    endloop
  endfacet
  facet normal 0.9469301294951058 -0.32143946530316087 0
    outer loop
      vertex 42.221629400464856 61.10471619626421 2
      vertex 42.221629400464856 61.10471619626421 2.635
      vertex 42.12492292477596 60.8198281055603 2.635
    endloop
  endfacet
  facet normal 0.9807852804032287 -0.19509032201613713 0
    outer loop
      vertex 42.280323181159766 61.399789757893885 2
      vertex 42.280323181159766 61.399789757893885 2.635
      vertex 42.221629400464856 61.10471619626421 2.635
    endloop
  endfacet
  facet normal 0.9978589232386045 -0.0654031292301286 0
    outer loop
      vertex 42.3 61.7 2
      vertex 42.3 61.7 2.635
      vertex 42.280323181159766 61.399789757893885 2.635
    endloop
  endfacet
  facet normal 0 0 1
    outer loop
      vertex 40 59.400000000000006 2.635
      vertex 40.30021024210612 59.41967681884024 2.635
      vertex 40.182736669108074 60.31197719407667 2.635
    endloop
  endfacet
  facet normal 0 0 1
    outer loop
      vertex 40.30021024210612 59.41967681884024 2.635
      vertex 40.595283803735796 59.47837059953515 2.635
      vertex 40.182736669108074 60.31197719407667 2.635
    endloop
  endfacet
  facet normal 0 0 1
    outer loop
      vertex 40 59.400000000000006 2.635
      vertex 40.182736669108074 60.31197719407667 2.635
      vertex 40 60.300000000000004 2.635
    endloop
  endfacet
  facet normal 0 0 1
    outer loop
      vertex 40.595283803735796 59.47837059953515 2.635
      vertex 40.362346663143526 60.347703843195305 2.635
      vertex 40.182736669108074 60.31197719407667 2.635
    endloop
  endfacet
  facet normal 0 0 1
    outer loop
      vertex 40.595283803735796 59.47837059953515 2.635
      vertex 40.880171894439705 59.575077075224044 2.635
      vertex 40.535756805311124 60.406568654484204 2.635
    endloop
  endfacet
  facet normal 0 0 1
    outer loop
      vertex 40.595283803735796 59.47837059953515 2.635
      vertex 40.535756805311124 60.406568654484204 2.635
      vertex 40.362346663143526 60.347703843195305 2.635
    endloop
  endfacet
  facet normal 0 0 1
    outer loop
      vertex 40.880171894439705 59.575077075224044 2.635
      vertex 40.7 60.48756443470179 2.635
      vertex 40.535756805311124 60.406568654484204 2.635
    endloop
  endfacet
  facet normal 0 0 1
    outer loop
      vertex 40.880171894439705 59.575077075224044 2.635
      vertex 40.85226600061221 60.58930532359227 2.635
      vertex 40.7 60.48756443470179 2.635
    endloop
  endfacet
  facet normal 0 0 1
    outer loop
      vertex 40.880171894439705 59.575077075224044 2.635
      vertex 41.15 59.7081415712958 2.635
      vertex 40.85226600061221 60.58930532359227 2.635
    endloop
  endfacet
  facet normal 0 0 1
    outer loop
      vertex 41.15 59.7081415712958 2.635
      vertex 41.40015128672006 59.87528731733016 2.635
      vertex 41.11069467640773 60.84773399938779 2.635
    endloop
  endfacet
  facet normal 0 0 1
    outer loop
      vertex 41.15 59.7081415712958 2.635
      vertex 40.989949493661165 60.71005050633884 2.635
      vertex 40.85226600061221 60.58930532359227 2.635
    endloop
  endfacet
  facet normal 0 0 1
    outer loop
      vertex 41.15 59.7081415712958 2.635
      vertex 41.11069467640773 60.84773399938779 2.635
      vertex 40.989949493661165 60.71005050633884 2.635
    endloop
  endfacet
  facet normal 0 0 1
    outer loop
      vertex 41.40015128672006 59.87528731733016 2.635
      vertex 41.212435565298215 61 2.635
      vertex 41.11069467640773 60.84773399938779 2.635
    endloop
  endfacet
  facet normal 0 0 1
    outer loop
      vertex 41.40015128672006 59.87528731733016 2.635
      vertex 41.2934313455158 61.16424319468888 2.635
      vertex 41.212435565298215 61 2.635
    endloop
  endfacet
  facet normal 0 0 1
    outer loop
      vertex 41.40015128672006 59.87528731733016 2.635
      vertex 41.3522961568047 61.33765333685648 2.635
      vertex 41.2934313455158 61.16424319468888 2.635
    endloop
  endfacet
  facet normal 0 0 1
    outer loop
      vertex 41.40015128672006 59.87528731733016 2.635
      vertex 41.388022805923335 61.51726333089193 2.635
      vertex 41.3522961568047 61.33765333685648 2.635
    endloop
  endfacet
  facet normal 0 0 1
    outer loop
      vertex 41.40015128672006 59.87528731733016 2.635
      vertex 41.4 61.7 2.635
      vertex 41.388022805923335 61.51726333089193 2.635
    endloop
  endfacet
  facet normal 0 0 1
    outer loop
      vertex 41.40015128672006 59.87528731733016 2.635
      vertex 41.62634559672906 60.07365440327094 2.635
      vertex 41.40015128672006 63.52471268266984 2.635
    endloop
  endfacet
  facet normal 0 0 1
    outer loop
      vertex 41.62634559672906 60.07365440327094 2.635
      vertex 41.82471268266984 60.29984871327994 2.635
      vertex 41.62634559672906 63.32634559672906 2.635
    endloop
  endfacet
  facet normal 0 0 1
    outer loop
      vertex 41.40015128672006 59.87528731733016 2.635
      vertex 41.40015128672006 63.52471268266984 2.635
      vertex 41.4 61.7 2.635
    endloop
  endfacet
  facet normal 0 0 1
    outer loop
      vertex 41.82471268266984 60.29984871327994 2.635
      vertex 41.991858428704205 60.550000000000004 2.635
      vertex 41.82471268266984 63.10015128672006 2.635
    endloop
  endfacet
  facet normal 0 0 1
    outer loop
      vertex 41.991858428704205 60.550000000000004 2.635
      vertex 42.12492292477596 60.8198281055603 2.635
      vertex 41.991858428704205 62.85 2.635
    endloop
  endfacet
  facet normal 0 0 1
    outer loop
      vertex 42.12492292477596 60.8198281055603 2.635
      vertex 42.221629400464856 61.10471619626421 2.635
      vertex 42.12492292477596 62.58017189443971 2.635
    endloop
  endfacet
  facet normal 0 0 1
    outer loop
      vertex 42.221629400464856 61.10471619626421 2.635
      vertex 42.280323181159766 61.399789757893885 2.635
      vertex 42.221629400464856 62.2952838037358 2.635
    endloop
  endfacet
  facet normal 0 0 1
    outer loop
      vertex 42.280323181159766 61.399789757893885 2.635
      vertex 42.3 61.7 2.635
      vertex 42.280323181159766 62.00021024210612 2.635
    endloop
  endfacet
  facet normal 0.32143946530316087 0.9469301294951058 0
    outer loop
      vertex 40.595283803735796 63.92162940046486 2
      vertex 40.595283803735796 63.92162940046486 2.635
      vertex 40.880171894439705 63.82492292477596 2.635
    endloop
  endfacet
  facet normal 0.751839807478975 0.6593458151000717 0
    outer loop
      vertex 41.62634559672906 63.32634559672906 2
      vertex 41.62634559672906 63.32634559672906 2.635
      vertex 41.82471268266984 63.10015128672006 2.635
    endloop
  endfacet
  facet normal 0.5555702330195879 0.8314696123025548 0
    outer loop
      vertex 41.15 63.69185842870421 2
      vertex 41.15 63.69185842870421 2.635
      vertex 41.40015128672006 63.52471268266984 2.635
    endloop
  endfacet
  facet normal 0.4422886902190092 0.8968727415326844 0
    outer loop
      vertex 40.880171894439705 63.82492292477596 2
      vertex 40.880171894439705 63.82492292477596 2.635
      vertex 41.15 63.69185842870421 2.635
    endloop
  endfacet
  facet normal 0.6593458151000717 0.751839807478975 0
    outer loop
      vertex 41.40015128672006 63.52471268266984 2
      vertex 41.40015128672006 63.52471268266984 2.635
      vertex 41.62634559672906 63.32634559672906 2.635
    endloop
  endfacet
  facet normal 0.9978589232386045 0.0654031292301286 0
    outer loop
      vertex 42.280323181159766 62.00021024210612 2
      vertex 42.280323181159766 62.00021024210612 2.635
      vertex 42.3 61.7 2.635
    endloop
  endfacet
  facet normal 0.9807852804032287 0.19509032201613713 0
    outer loop
      vertex 42.221629400464856 62.2952838037358 2
      vertex 42.221629400464856 62.2952838037358 2.635
      vertex 42.280323181159766 62.00021024210612 2.635
    endloop
  endfacet
  facet normal 0.9469301294951058 0.32143946530316087 0
    outer loop
      vertex 42.12492292477596 62.58017189443971 2
      vertex 42.12492292477596 62.58017189443971 2.635
      vertex 42.221629400464856 62.2952838037358 2.635
    endloop
  endfacet
  facet normal 0.8968727415326844 0.4422886902190092 0
    outer loop
      vertex 41.991858428704205 62.85 2
      vertex 41.991858428704205 62.85 2.635
      vertex 42.12492292477596 62.58017189443971 2.635
    endloop
  endfacet
  facet normal 0.8314696123025548 0.5555702330195879 0
    outer loop
      vertex 41.82471268266984 63.10015128672006 2
      vertex 41.82471268266984 63.10015128672006 2.635
      vertex 41.991858428704205 62.85 2.635
    endloop
  endfacet
  facet normal 0.0654031292301286 0.9978589232386045 0
    outer loop
      vertex 40 64 2
      vertex 40 64 2.635
      vertex 40.30021024210612 63.98032318115977 2.635
    endloop
  endfacet
  facet normal 0.19509032201613713 0.9807852804032287 0
    outer loop
      vertex 40.30021024210612 63.98032318115977 2
      vertex 40.30021024210612 63.98032318115977 2.635
      vertex 40.595283803735796 63.92162940046486 2.635
    endloop
  endfacet
  facet normal 0 0 1
    outer loop
      vertex 41.40015128672006 63.52471268266984 2.635
      vertex 41.388022805923335 61.88273666910808 2.635
      vertex 41.4 61.7 2.635
    endloop
  endfacet
  facet normal 0 0 1
    outer loop
      vertex 41.62634559672906 60.07365440327094 2.635
      vertex 41.62634559672906 63.32634559672906 2.635
      vertex 41.40015128672006 63.52471268266984 2.635
    endloop
  endfacet
  facet normal 0 0 1
    outer loop
      vertex 41.15 63.69185842870421 2.635
      vertex 41.212435565298215 62.400000000000006 2.635
      vertex 41.2934313455158 62.23575680531113 2.635
    endloop
  endfacet
  facet normal 0 0 1
    outer loop
      vertex 41.15 63.69185842870421 2.635
      vertex 41.11069467640773 62.552266000612214 2.635
      vertex 41.212435565298215 62.400000000000006 2.635
    endloop
  endfacet
  facet normal 0 0 1
    outer loop
      vertex 41.40015128672006 63.52471268266984 2.635
      vertex 41.3522961568047 62.06234666314353 2.635
      vertex 41.388022805923335 61.88273666910808 2.635
    endloop
  endfacet
  facet normal 0 0 1
    outer loop
      vertex 41.40015128672006 63.52471268266984 2.635
      vertex 41.2934313455158 62.23575680531113 2.635
      vertex 41.3522961568047 62.06234666314353 2.635
    endloop
  endfacet
  facet normal 0 0 1
    outer loop
      vertex 40 64 2.635
      vertex 40 63.1 2.635
      vertex 40.182736669108074 63.08802280592334 2.635
    endloop
  endfacet
  facet normal 0 0 1
    outer loop
      vertex 40.30021024210612 63.98032318115977 2.635
      vertex 40.182736669108074 63.08802280592334 2.635
      vertex 40.362346663143526 63.0522961568047 2.635
    endloop
  endfacet
  facet normal 0 0 1
    outer loop
      vertex 40.595283803735796 63.92162940046486 2.635
      vertex 40.535756805311124 62.9934313455158 2.635
      vertex 40.7 62.91243556529822 2.635
    endloop
  endfacet
  facet normal 0 0 1
    outer loop
      vertex 40.595283803735796 63.92162940046486 2.635
      vertex 40.362346663143526 63.0522961568047 2.635
      vertex 40.535756805311124 62.9934313455158 2.635
    endloop
  endfacet
  facet normal 0 0 1
    outer loop
      vertex 40.880171894439705 63.82492292477596 2.635
      vertex 40.7 62.91243556529822 2.635
      vertex 40.85226600061221 62.810694676407735 2.635
    endloop
  endfacet
  facet normal 0 0 1
    outer loop
      vertex 40.595283803735796 63.92162940046486 2.635
      vertex 40.30021024210612 63.98032318115977 2.635
      vertex 40.362346663143526 63.0522961568047 2.635
    endloop
  endfacet
  facet normal 0 0 1
    outer loop
      vertex 40 64 2.635
      vertex 40.182736669108074 63.08802280592334 2.635
      vertex 40.30021024210612 63.98032318115977 2.635
    endloop
  endfacet
  facet normal 0 0 1
    outer loop
      vertex 40.595283803735796 63.92162940046486 2.635
      vertex 40.7 62.91243556529822 2.635
      vertex 40.880171894439705 63.82492292477596 2.635
    endloop
  endfacet
  facet normal 0 0 1
    outer loop
      vertex 41.15 63.69185842870421 2.635
      vertex 40.989949493661165 62.68994949366117 2.635
      vertex 41.11069467640773 62.552266000612214 2.635
    endloop
  endfacet
  facet normal 0 0 1
    outer loop
      vertex 40.880171894439705 63.82492292477596 2.635
      vertex 40.85226600061221 62.810694676407735 2.635
      vertex 40.989949493661165 62.68994949366117 2.635
    endloop
  endfacet
  facet normal 0 0 1
    outer loop
      vertex 41.15 63.69185842870421 2.635
      vertex 41.2934313455158 62.23575680531113 2.635
      vertex 41.40015128672006 63.52471268266984 2.635
    endloop
  endfacet
  facet normal 0 0 1
    outer loop
      vertex 40.880171894439705 63.82492292477596 2.635
      vertex 40.989949493661165 62.68994949366117 2.635
      vertex 41.15 63.69185842870421 2.635
    endloop
  endfacet
  facet normal 0 0 1
    outer loop
      vertex 42.12492292477596 60.8198281055603 2.635
      vertex 42.12492292477596 62.58017189443971 2.635
      vertex 41.991858428704205 62.85 2.635
    endloop
  endfacet
  facet normal 0 0 1
    outer loop
      vertex 41.82471268266984 60.29984871327994 2.635
      vertex 41.82471268266984 63.10015128672006 2.635
      vertex 41.62634559672906 63.32634559672906 2.635
    endloop
  endfacet
  facet normal 0 0 1
    outer loop
      vertex 41.991858428704205 60.550000000000004 2.635
      vertex 41.991858428704205 62.85 2.635
      vertex 41.82471268266984 63.10015128672006 2.635
    endloop
  endfacet
  facet normal 0 0 1
    outer loop
      vertex 42.280323181159766 61.399789757893885 2.635
      vertex 42.280323181159766 62.00021024210612 2.635
      vertex 42.221629400464856 62.2952838037358 2.635
    endloop
  endfacet
  facet normal 0 0 1
    outer loop
      vertex 42.221629400464856 61.10471619626421 2.635
      vertex 42.221629400464856 62.2952838037358 2.635
      vertex 42.12492292477596 62.58017189443971 2.635
    endloop
  endfacet
  facet normal -0.496669137627998 -0.5663426084812815 0.6577049623854745
    outer loop
      vertex 38.17371571297384 59.319939979126296 1.2
      vertex 38.37365440327094 60.07365440327094 2
      vertex 37.878679656440355 59.57867965644036 1.2
    endloop
  endfacet
  facet normal -0.33316529402760725 -0.6755923839927588 0.6577049623854748
    outer loop
      vertex 38.5 59.10192378864669 1.2
      vertex 38.85194970290473 58.928361402466145 1.2
      vertex 38.85 59.7081415712958 2
    endloop
  endfacet
  facet normal -0.24213251737633368 -0.7132993947021994 0.6577049623854722
    outer loop
      vertex 38.85194970290473 58.928361402466145 1.2
      vertex 39.22354286469244 58.8022225211328 1.2
      vertex 39.119828105560295 59.575077075224044 2
    endloop
  endfacet
  facet normal -0.4184975201272116 -0.626325800283605 0.6577049623854727
    outer loop
      vertex 38.17371571297384 59.319939979126296 1.2
      vertex 38.5 59.10192378864669 1.2
      vertex 38.59984871327994 59.87528731733016 2
    endloop
  endfacet
  facet normal -0.14695678622091712 -0.738801655004334 0.6577049623854732
    outer loop
      vertex 39.60842142333985 58.725665415878574 1.2
      vertex 39.404716196264204 59.47837059953515 2
      vertex 39.22354286469244 58.8022225211328 1.2
    endloop
  endfacet
  facet normal -0.049266583709158436 -0.7516628141548274 0.6577049623854709
    outer loop
      vertex 39.60842142333985 58.725665415878574 1.2
      vertex 40 58.7 1.2
      vertex 39.69978975789388 59.41967681884024 2
    endloop
  endfacet
  facet normal -0.6263258002836033 -0.4184975201272105 0.6577049623854749
    outer loop
      vertex 37.61993997912629 59.87371571297384 1.2
      vertex 38.008141571295795 60.550000000000004 2
      vertex 37.401923788646684 60.2 1.2
    endloop
  endfacet
  facet normal -0.5663426084812827 -0.49666913762799914 0.6577049623854727
    outer loop
      vertex 37.878679656440355 59.57867965644036 1.2
      vertex 38.17528731733016 60.29984871327994 2
      vertex 37.61993997912629 59.87371571297384 1.2
    endloop
  endfacet
  facet normal -0.6755923839927588 -0.33316529402760725 0.6577049623854748
    outer loop
      vertex 37.22836140246614 60.551949702904736 1.2
      vertex 37.401923788646684 60.2 1.2
      vertex 38.008141571295795 60.550000000000004 2
    endloop
  endfacet
  facet normal -0.7132993947021994 -0.24213251737633368 0.6577049623854722
    outer loop
      vertex 37.22836140246614 60.551949702904736 1.2
      vertex 37.87507707522404 60.8198281055603 2
      vertex 37.102222521132795 60.92354286469244 1.2
    endloop
  endfacet
  facet normal -0.7388016550043339 -0.1469567862209171 0.6577049623854733
    outer loop
      vertex 37.102222521132795 60.92354286469244 1.2
      vertex 37.778370599535144 61.10471619626421 2
      vertex 37.02566541587857 61.30842142333985 1.2
    endloop
  endfacet
  facet normal -0.7516628141548274 -0.049266583709158436 0.6577049623854709
    outer loop
      vertex 37.02566541587857 61.30842142333985 1.2
      vertex 37.719676818840234 61.399789757893885 2
      vertex 37 61.7 1.2
    endloop
  endfacet
  facet normal -0.7516628141548275 0.04926658370915844 0.6577049623854709
    outer loop
      vertex 37 61.7 1.2
      vertex 37.719676818840234 62.00021024210612 2
      vertex 37.02566541587857 62.091578576660154 1.2
    endloop
  endfacet
  facet normal -0.738801655004334 0.14695678622091712 0.6577049623854732
    outer loop
      vertex 37.02566541587857 62.091578576660154 1.2
      vertex 37.778370599535144 62.2952838037358 2
      vertex 37.102222521132795 62.47645713530756 1.2
    endloop
  endfacet
  facet normal -0.7132993947021994 0.24213251737633368 0.6577049623854723
    outer loop
      vertex 37.102222521132795 62.47645713530756 1.2
      vertex 37.87507707522404 62.58017189443971 2
      vertex 37.22836140246614 62.84805029709527 1.2
    endloop
  endfacet
  facet normal -0.6755923839927588 0.33316529402760725 0.6577049623854748
    outer loop
      vertex 37.22836140246614 62.84805029709527 1.2
      vertex 38.008141571295795 62.85 2
      vertex 37.401923788646684 63.2 1.2
    endloop
  endfacet
  facet normal -0.6263258002836033 0.4184975201272105 0.657704962385475
    outer loop
      vertex 37.401923788646684 63.2 1.2
      vertex 38.008141571295795 62.85 2
      vertex 37.61993997912629 63.526284287026165 1.2
    endloop
  endfacet
  facet normal -0.5663426084812828 0.4966691376279992 0.6577049623854726
    outer loop
      vertex 37.61993997912629 63.526284287026165 1.2
      vertex 38.17528731733016 63.10015128672006 2
      vertex 37.878679656440355 63.82132034355965 1.2
    endloop
  endfacet
  facet normal -0.4966691376279906 0.5663426084812886 0.6577049623854743
    outer loop
      vertex 37.878679656440355 63.82132034355965 1.2
      vertex 38.37365440327094 63.32634559672906 2
      vertex 38.17371571297384 64.0800600208737 1.2
    endloop
  endfacet
  facet normal -0.41849752012722236 0.6263258002836006 0.6577049623854697
    outer loop
      vertex 38.17371571297384 64.0800600208737 1.2
      vertex 38.59984871327994 63.52471268266984 2
      vertex 38.5 64.29807621135332 1.2
    endloop
  endfacet
  facet normal -0.333165294027618 0.675592383992753 0.6577049623854752
    outer loop
      vertex 38.5 64.29807621135332 1.2
      vertex 38.85 63.69185842870421 2
      vertex 38.85194970290473 64.47163859753387 1.2
    endloop
  endfacet
  facet normal -0.24213251737633268 0.7132993947021965 0.6577049623854758
    outer loop
      vertex 38.85194970290473 64.47163859753387 1.2
      vertex 39.119828105560295 63.82492292477596 2
      vertex 39.22354286469244 64.59777747886721 1.2
    endloop
  endfacet
  facet normal -0.14695678622091649 0.7388016550043307 0.6577049623854769
    outer loop
      vertex 39.22354286469244 64.59777747886721 1.2
      vertex 39.404716196264204 63.92162940046486 2
      vertex 39.60842142333985 64.67433458412144 1.2
    endloop
  endfacet
  facet normal -0.049266583709144676 0.7516628141548255 0.6577049623854744
    outer loop
      vertex 39.60842142333985 64.67433458412144 1.2
      vertex 39.69978975789388 63.98032318115977 2
      vertex 40 64.7 1.2
    endloop
  endfacet
  facet normal -0.49666913762800574 -0.5663426084812772 0.6577049623854724
    outer loop
      vertex 38.17371571297384 59.319939979126296 1.2
      vertex 38.59984871327994 59.87528731733016 2
      vertex 38.37365440327094 60.07365440327094 2
    endloop
  endfacet
  facet normal -0.4184975201272013 -0.626325800283609 0.6577049623854753
    outer loop
      vertex 38.5 59.10192378864669 1.2
      vertex 38.85 59.7081415712958 2
      vertex 38.59984871327994 59.87528731733016 2
    endloop
  endfacet
  facet normal -0.33316529402761924 -0.6755923839927557 0.6577049623854718
    outer loop
      vertex 38.85194970290473 58.928361402466145 1.2
      vertex 39.119828105560295 59.575077075224044 2
      vertex 38.85 59.7081415712958 2
    endloop
  endfacet
  facet normal -0.24213251737632924 -0.7132993947022 0.6577049623854733
    outer loop
      vertex 39.22354286469244 58.8022225211328 1.2
      vertex 39.404716196264204 59.47837059953515 2
      vertex 39.119828105560295 59.575077075224044 2
    endloop
  endfacet
  facet normal -0.14695678622092842 -0.7388016550043341 0.6577049623854706
    outer loop
      vertex 39.60842142333985 58.725665415878574 1.2
      vertex 39.69978975789388 59.41967681884024 2
      vertex 39.404716196264204 59.47837059953515 2
    endloop
  endfacet
  facet normal -0.049266583709143365 -0.7516628141548252 0.6577049623854747
    outer loop
      vertex 40 58.7 1.2
      vertex 40 59.400000000000006 2
      vertex 39.69978975789388 59.41967681884024 2
    endloop
  endfacet
  facet normal -0.5663426084812755 -0.4966691376280046 0.6577049623854748
    outer loop
      vertex 37.878679656440355 59.57867965644036 1.2
      vertex 38.37365440327094 60.07365440327094 2
      vertex 38.17528731733016 60.29984871327994 2
    endloop
  endfacet
  facet normal -0.6263258002836112 -0.4184975201272027 0.6577049623854724
    outer loop
      vertex 37.61993997912629 59.87371571297384 1.2
      vertex 38.17528731733016 60.29984871327994 2
      vertex 38.008141571295795 60.550000000000004 2
    endloop
  endfacet
  facet normal -0.6755923839927557 -0.33316529402761924 0.6577049623854718
    outer loop
      vertex 37.22836140246614 60.551949702904736 1.2
      vertex 38.008141571295795 60.550000000000004 2
      vertex 37.87507707522404 60.8198281055603 2
    endloop
  endfacet
  facet normal -0.7132993947022 -0.24213251737632924 0.6577049623854733
    outer loop
      vertex 37.102222521132795 60.92354286469244 1.2
      vertex 37.87507707522404 60.8198281055603 2
      vertex 37.778370599535144 61.10471619626421 2
    endloop
  endfacet
  facet normal -0.7388016550043341 -0.14695678622092842 0.6577049623854706
    outer loop
      vertex 37.02566541587857 61.30842142333985 1.2
      vertex 37.778370599535144 61.10471619626421 2
      vertex 37.719676818840234 61.399789757893885 2
    endloop
  endfacet
  facet normal -0.7516628141548252 -0.049266583709143365 0.6577049623854747
    outer loop
      vertex 37 61.7 1.2
      vertex 37.719676818840234 61.399789757893885 2
      vertex 37.7 61.7 2
    endloop
  endfacet
  facet normal -0.7516628141548252 0.049266583709143365 0.6577049623854747
    outer loop
      vertex 37 61.7 1.2
      vertex 37.7 61.7 2
      vertex 37.719676818840234 62.00021024210612 2
    endloop
  endfacet
  facet normal -0.7388016550043341 0.14695678622092842 0.6577049623854706
    outer loop
      vertex 37.02566541587857 62.091578576660154 1.2
      vertex 37.719676818840234 62.00021024210612 2
      vertex 37.778370599535144 62.2952838037358 2
    endloop
  endfacet
  facet normal -0.7132993947022 0.24213251737632924 0.6577049623854733
    outer loop
      vertex 37.102222521132795 62.47645713530756 1.2
      vertex 37.778370599535144 62.2952838037358 2
      vertex 37.87507707522404 62.58017189443971 2
    endloop
  endfacet
  facet normal -0.6755923839927557 0.33316529402761924 0.6577049623854718
    outer loop
      vertex 37.22836140246614 62.84805029709527 1.2
      vertex 37.87507707522404 62.58017189443971 2
      vertex 38.008141571295795 62.85 2
    endloop
  endfacet
  facet normal -0.6263258002836112 0.4184975201272027 0.6577049623854724
    outer loop
      vertex 37.61993997912629 63.526284287026165 1.2
      vertex 38.008141571295795 62.85 2
      vertex 38.17528731733016 63.10015128672006 2
    endloop
  endfacet
  facet normal -0.5663426084812755 0.4966691376280046 0.6577049623854748
    outer loop
      vertex 37.878679656440355 63.82132034355965 1.2
      vertex 38.17528731733016 63.10015128672006 2
      vertex 38.37365440327094 63.32634559672906 2
    endloop
  endfacet
  facet normal -0.4966691376280075 0.5663426084812792 0.6577049623854696
    outer loop
      vertex 38.17371571297384 64.0800600208737 1.2
      vertex 38.37365440327094 63.32634559672906 2
      vertex 38.59984871327994 63.52471268266984 2
    endloop
  endfacet
  facet normal -0.4184975201272013 0.626325800283609 0.6577049623854753
    outer loop
      vertex 38.5 64.29807621135332 1.2
      vertex 38.59984871327994 63.52471268266984 2
      vertex 38.85 63.69185842870421 2
    endloop
  endfacet
  facet normal -0.33316529402761796 0.6755923839927531 0.6577049623854752
    outer loop
      vertex 38.85194970290473 64.47163859753387 1.2
      vertex 38.85 63.69185842870421 2
      vertex 39.119828105560295 63.82492292477596 2
    endloop
  endfacet
  facet normal -0.2421325173763282 0.713299394702197 0.6577049623854768
    outer loop
      vertex 39.22354286469244 64.59777747886721 1.2
      vertex 39.119828105560295 63.82492292477596 2
      vertex 39.404716196264204 63.92162940046486 2
    endloop
  endfacet
  facet normal -0.14695678622092778 0.738801655004331 0.6577049623854742
    outer loop
      vertex 39.60842142333985 64.67433458412144 1.2
      vertex 39.404716196264204 63.92162940046486 2
      vertex 39.69978975789388 63.98032318115977 2
    endloop
  endfacet
  facet normal -0.049266583709143365 0.7516628141548252 0.6577049623854747
    outer loop
      vertex 40 64.7 1.2
      vertex 39.69978975789388 63.98032318115977 2
      vertex 40 64 2
    endloop
  endfacet
  facet normal 0.04926658370915844 -0.7516628141548275 0.6577049623854709
    outer loop
      vertex 40 58.7 1.2
      vertex 40.39157857666015 58.725665415878574 1.2
      vertex 40.30021024210612 59.41967681884024 2
    endloop
  endfacet
  facet normal 0.14695678622091712 -0.738801655004334 0.6577049623854732
    outer loop
      vertex 40.39157857666015 58.725665415878574 1.2
      vertex 40.77645713530756 58.8022225211328 1.2
      vertex 40.595283803735796 59.47837059953515 2
    endloop
  endfacet
  facet normal 0.24213251737633368 -0.7132993947021994 0.6577049623854723
    outer loop
      vertex 40.77645713530756 58.8022225211328 1.2
      vertex 41.14805029709527 58.928361402466145 1.2
      vertex 40.880171894439705 59.575077075224044 2
    endloop
  endfacet
  facet normal 0.33316529402760725 -0.6755923839927588 0.6577049623854748
    outer loop
      vertex 41.14805029709527 58.928361402466145 1.2
      vertex 41.5 59.10192378864669 1.2
      vertex 41.15 59.7081415712958 2
    endloop
  endfacet
  facet normal 0.4184975201272116 -0.626325800283605 0.6577049623854727
    outer loop
      vertex 41.5 59.10192378864669 1.2
      vertex 41.82628428702616 59.319939979126296 1.2
      vertex 41.40015128672006 59.87528731733016 2
    endloop
  endfacet
  facet normal 0.496669137627998 -0.5663426084812815 0.6577049623854745
    outer loop
      vertex 41.82628428702616 59.319939979126296 1.2
      vertex 42.121320343559645 59.57867965644036 1.2
      vertex 41.62634559672906 60.07365440327094 2
    endloop
  endfacet
  facet normal 0.5663426084812827 -0.49666913762799914 0.6577049623854727
    outer loop
      vertex 42.121320343559645 59.57867965644036 1.2
      vertex 42.38006002087371 59.87371571297384 1.2
      vertex 41.82471268266984 60.29984871327994 2
    endloop
  endfacet
  facet normal 0.6263258002836033 -0.4184975201272105 0.6577049623854749
    outer loop
      vertex 42.38006002087371 59.87371571297384 1.2
      vertex 42.598076211353316 60.2 1.2
      vertex 41.991858428704205 60.550000000000004 2
    endloop
  endfacet
  facet normal 0.6755923839927588 -0.33316529402760725 0.6577049623854748
    outer loop
      vertex 42.598076211353316 60.2 1.2
      vertex 42.77163859753386 60.551949702904736 1.2
      vertex 41.991858428704205 60.550000000000004 2
    endloop
  endfacet
  facet normal 0.7132993947021994 -0.24213251737633368 0.6577049623854722
    outer loop
      vertex 42.77163859753386 60.551949702904736 1.2
      vertex 42.897777478867205 60.92354286469244 1.2
      vertex 42.12492292477596 60.8198281055603 2
    endloop
  endfacet
  facet normal 0.7388016550043339 -0.1469567862209171 0.6577049623854733
    outer loop
      vertex 42.897777478867205 60.92354286469244 1.2
      vertex 42.97433458412143 61.30842142333985 1.2
      vertex 42.221629400464856 61.10471619626421 2
    endloop
  endfacet
  facet normal 0.7516628141548274 -0.049266583709158436 0.6577049623854709
    outer loop
      vertex 42.97433458412143 61.30842142333985 1.2
      vertex 43 61.7 1.2
      vertex 42.280323181159766 61.399789757893885 2
    endloop
  endfacet
  facet normal 0.7132993947021994 0.24213251737633368 0.6577049623854723
    outer loop
      vertex 42.897777478867205 62.47645713530756 1.2
      vertex 42.77163859753386 62.84805029709527 1.2
      vertex 42.12492292477596 62.58017189443971 2
    endloop
  endfacet
  facet normal 0.7516628141548275 0.04926658370915844 0.6577049623854709
    outer loop
      vertex 43 61.7 1.2
      vertex 42.97433458412143 62.091578576660154 1.2
      vertex 42.280323181159766 62.00021024210612 2
    endloop
  endfacet
  facet normal 0.738801655004334 0.14695678622091712 0.6577049623854732
    outer loop
      vertex 42.97433458412143 62.091578576660154 1.2
      vertex 42.897777478867205 62.47645713530756 1.2
      vertex 42.221629400464856 62.2952838037358 2
    endloop
  endfacet
  facet normal 0.6755923839927588 0.33316529402760725 0.6577049623854748
    outer loop
      vertex 42.77163859753386 62.84805029709527 1.2
      vertex 42.598076211353316 63.2 1.2
      vertex 41.991858428704205 62.85 2
    endloop
  endfacet
  facet normal 0.6263258002836033 0.4184975201272105 0.657704962385475
    outer loop
      vertex 42.598076211353316 63.2 1.2
      vertex 42.38006002087371 63.526284287026165 1.2
      vertex 41.991858428704205 62.85 2
    endloop
  endfacet
  facet normal 0.5663426084812827 0.49666913762799914 0.6577049623854727
    outer loop
      vertex 42.121320343559645 63.82132034355965 1.2
      vertex 41.82471268266984 63.10015128672006 2
      vertex 42.38006002087371 63.526284287026165 1.2
    endloop
  endfacet
  facet normal 0.4966691376279906 0.5663426084812886 0.6577049623854743
    outer loop
      vertex 42.121320343559645 63.82132034355965 1.2
      vertex 41.82628428702616 64.0800600208737 1.2
      vertex 41.62634559672906 63.32634559672906 2
    endloop
  endfacet
  facet normal 0.049266583709144676 0.7516628141548255 0.6577049623854744
    outer loop
      vertex 40 64.7 1.2
      vertex 40.30021024210612 63.98032318115977 2
      vertex 40.39157857666015 64.67433458412144 1.2
    endloop
  endfacet
  facet normal 0.14695678622091649 0.7388016550043308 0.6577049623854769
    outer loop
      vertex 40.39157857666015 64.67433458412144 1.2
      vertex 40.595283803735796 63.92162940046486 2
      vertex 40.77645713530756 64.59777747886721 1.2
    endloop
  endfacet
  facet normal 0.333165294027618 0.675592383992753 0.6577049623854752
    outer loop
      vertex 41.5 64.29807621135332 1.2
      vertex 41.14805029709527 64.47163859753387 1.2
      vertex 41.15 63.69185842870421 2
    endloop
  endfacet
  facet normal 0.24213251737633268 0.7132993947021965 0.6577049623854758
    outer loop
      vertex 40.77645713530756 64.59777747886721 1.2
      vertex 40.880171894439705 63.82492292477596 2
      vertex 41.14805029709527 64.47163859753387 1.2
    endloop
  endfacet
  facet normal 0.41849752012722236 0.6263258002836006 0.6577049623854697
    outer loop
      vertex 41.5 64.29807621135332 1.2
      vertex 41.40015128672006 63.52471268266984 2
      vertex 41.82628428702616 64.0800600208737 1.2
    endloop
  endfacet
  facet normal 0.049266583709143365 -0.7516628141548252 0.6577049623854747
    outer loop
      vertex 40 58.7 1.2
      vertex 40.30021024210612 59.41967681884024 2
      vertex 40 59.400000000000006 2
    endloop
  endfacet
  facet normal 0.14695678622092842 -0.7388016550043341 0.6577049623854706
    outer loop
      vertex 40.39157857666015 58.725665415878574 1.2
      vertex 40.595283803735796 59.47837059953515 2
      vertex 40.30021024210612 59.41967681884024 2
    endloop
  endfacet
  facet normal 0.24213251737632924 -0.7132993947022 0.6577049623854733
    outer loop
      vertex 40.77645713530756 58.8022225211328 1.2
      vertex 40.880171894439705 59.575077075224044 2
      vertex 40.595283803735796 59.47837059953515 2
    endloop
  endfacet
  facet normal 0.33316529402761924 -0.6755923839927557 0.6577049623854718
    outer loop
      vertex 41.14805029709527 58.928361402466145 1.2
      vertex 41.15 59.7081415712958 2
      vertex 40.880171894439705 59.575077075224044 2
    endloop
  endfacet
  facet normal 0.4184975201272013 -0.626325800283609 0.6577049623854753
    outer loop
      vertex 41.5 59.10192378864669 1.2
      vertex 41.40015128672006 59.87528731733016 2
      vertex 41.15 59.7081415712958 2
    endloop
  endfacet
  facet normal 0.49666913762800574 -0.5663426084812772 0.6577049623854724
    outer loop
      vertex 41.82628428702616 59.319939979126296 1.2
      vertex 41.62634559672906 60.07365440327094 2
      vertex 41.40015128672006 59.87528731733016 2
    endloop
  endfacet
  facet normal 0.5663426084812755 -0.4966691376280046 0.6577049623854748
    outer loop
      vertex 42.121320343559645 59.57867965644036 1.2
      vertex 41.82471268266984 60.29984871327994 2
      vertex 41.62634559672906 60.07365440327094 2
    endloop
  endfacet
  facet normal 0.6263258002836112 -0.4184975201272027 0.6577049623854724
    outer loop
      vertex 42.38006002087371 59.87371571297384 1.2
      vertex 41.991858428704205 60.550000000000004 2
      vertex 41.82471268266984 60.29984871327994 2
    endloop
  endfacet
  facet normal 0.6755923839927557 -0.33316529402761924 0.6577049623854718
    outer loop
      vertex 42.77163859753386 60.551949702904736 1.2
      vertex 42.12492292477596 60.8198281055603 2
      vertex 41.991858428704205 60.550000000000004 2
    endloop
  endfacet
  facet normal 0.7132993947022 -0.24213251737632924 0.6577049623854733
    outer loop
      vertex 42.897777478867205 60.92354286469244 1.2
      vertex 42.221629400464856 61.10471619626421 2
      vertex 42.12492292477596 60.8198281055603 2
    endloop
  endfacet
  facet normal 0.7388016550043341 -0.14695678622092842 0.6577049623854706
    outer loop
      vertex 42.97433458412143 61.30842142333985 1.2
      vertex 42.280323181159766 61.399789757893885 2
      vertex 42.221629400464856 61.10471619626421 2
    endloop
  endfacet
  facet normal 0.7516628141548252 -0.049266583709143365 0.6577049623854747
    outer loop
      vertex 43 61.7 1.2
      vertex 42.3 61.7 2
      vertex 42.280323181159766 61.399789757893885 2
    endloop
  endfacet
  facet normal 0.7516628141548252 0.049266583709143365 0.6577049623854747
    outer loop
      vertex 43 61.7 1.2
      vertex 42.280323181159766 62.00021024210612 2
      vertex 42.3 61.7 2
    endloop
  endfacet
  facet normal 0.4966691376280075 0.5663426084812792 0.6577049623854696
    outer loop
      vertex 41.82628428702616 64.0800600208737 1.2
      vertex 41.40015128672006 63.52471268266984 2
      vertex 41.62634559672906 63.32634559672906 2
    endloop
  endfacet
  facet normal 0.4184975201272013 0.626325800283609 0.6577049623854753
    outer loop
      vertex 41.5 64.29807621135332 1.2
      vertex 41.15 63.69185842870421 2
      vertex 41.40015128672006 63.52471268266984 2
    endloop
  endfacet
  facet normal 0.7388016550043341 0.14695678622092842 0.6577049623854706
    outer loop
      vertex 42.97433458412143 62.091578576660154 1.2
      vertex 42.221629400464856 62.2952838037358 2
      vertex 42.280323181159766 62.00021024210612 2
    endloop
  endfacet
  facet normal 0.7132993947022 0.24213251737632924 0.6577049623854733
    outer loop
      vertex 42.897777478867205 62.47645713530756 1.2
      vertex 42.12492292477596 62.58017189443971 2
      vertex 42.221629400464856 62.2952838037358 2
    endloop
  endfacet
  facet normal 0.6755923839927557 0.33316529402761924 0.6577049623854718
    outer loop
      vertex 42.77163859753386 62.84805029709527 1.2
      vertex 41.991858428704205 62.85 2
      vertex 42.12492292477596 62.58017189443971 2
    endloop
  endfacet
  facet normal 0.6263258002836112 0.4184975201272027 0.6577049623854724
    outer loop
      vertex 42.38006002087371 63.526284287026165 1.2
      vertex 41.82471268266984 63.10015128672006 2
      vertex 41.991858428704205 62.85 2
    endloop
  endfacet
  facet normal 0.5663426084812755 0.4966691376280046 0.6577049623854748
    outer loop
      vertex 42.121320343559645 63.82132034355965 1.2
      vertex 41.62634559672906 63.32634559672906 2
      vertex 41.82471268266984 63.10015128672006 2
    endloop
  endfacet
  facet normal 0.14695678622092778 0.738801655004331 0.6577049623854742
    outer loop
      vertex 40.39157857666015 64.67433458412144 1.2
      vertex 40.30021024210612 63.98032318115977 2
      vertex 40.595283803735796 63.92162940046486 2
    endloop
  endfacet
  facet normal 0.049266583709143365 0.7516628141548252 0.6577049623854747
    outer loop
      vertex 40 64.7 1.2
      vertex 40 64 2
      vertex 40.30021024210612 63.98032318115977 2
    endloop
  endfacet
  facet normal 0.2421325173763282 0.713299394702197 0.6577049623854768
    outer loop
      vertex 40.77645713530756 64.59777747886721 1.2
      vertex 40.595283803735796 63.92162940046486 2
      vertex 40.880171894439705 63.82492292477596 2
    endloop
  endfacet
  facet normal 0.33316529402761796 0.6755923839927531 0.6577049623854752
    outer loop
      vertex 41.14805029709527 64.47163859753387 1.2
      vertex 40.880171894439705 63.82492292477596 2
      vertex 41.15 63.69185842870421 2
    endloop
  endfacet
  facet normal -0.8314696123025507 -0.5555702330195941 0
    outer loop
      vertex 67.0081415712958 3.0500000000000003 2
      vertex 67.17528731733016 2.7998487132799426 2
      vertex 67.0081415712958 3.0500000000000003 2.635
    endloop
  endfacet
  facet normal -0.6593458151000842 -0.751839807478964 0
    outer loop
      vertex 67.37365440327095 2.573654403270941 2
      vertex 67.59984871327994 2.3752873173301596 2
      vertex 67.37365440327095 2.573654403270941 2.635
    endloop
  endfacet
  facet normal -0.555570233019607 -0.8314696123025421 0
    outer loop
      vertex 67.85 2.2081415712957915 2
      vertex 67.59984871327994 2.3752873173301596 2.635
      vertex 67.59984871327994 2.3752873173301596 2
    endloop
  endfacet
  facet normal -0.44228869021900086 -0.8968727415326886 0
    outer loop
      vertex 67.85 2.2081415712957915 2
      vertex 68.11982810556029 2.075077075224041 2
      vertex 67.85 2.2081415712957915 2.635
    endloop
  endfacet
  facet normal -0.7518398074789665 -0.6593458151000814 0
    outer loop
      vertex 67.37365440327095 2.573654403270941 2
      vertex 67.17528731733016 2.7998487132799426 2.635
      vertex 67.17528731733016 2.7998487132799426 2
    endloop
  endfacet
  facet normal -0.8968727415326844 -0.4422886902190092 0
    outer loop
      vertex 67.0081415712958 3.0500000000000003 2
      vertex 66.87507707522404 3.3198281055602936 2.635
      vertex 66.87507707522404 3.3198281055602936 2
    endloop
  endfacet
  facet normal -0.9469301294950987 -0.3214394653031821 0
    outer loop
      vertex 66.87507707522404 3.3198281055602936 2
      vertex 66.77837059953514 3.6047161962642025 2.635
      vertex 66.77837059953514 3.6047161962642025 2
    endloop
  endfacet
  facet normal -0.9807852804032378 -0.19509032201609114 0
    outer loop
      vertex 66.77837059953514 3.6047161962642025 2
      vertex 66.71967681884024 3.8997897578938816 2.635
      vertex 66.71967681884024 3.8997897578938816 2
    endloop
  endfacet
  facet normal -0.9978589232386029 -0.06540312923015201 0
    outer loop
      vertex 66.71967681884024 3.8997897578938816 2
      vertex 66.7 4.2 2.635
      vertex 66.7 4.2 2
    endloop
  endfacet
  facet normal -0.9978589232386029 0.06540312923015192 0
    outer loop
      vertex 66.7 4.2 2
      vertex 66.71967681884024 4.500210242106119 2.635
      vertex 66.71967681884024 4.500210242106119 2
    endloop
  endfacet
  facet normal -0.9807852804032378 0.19509032201609172 0
    outer loop
      vertex 66.71967681884024 4.500210242106119 2
      vertex 66.77837059953514 4.795283803735797 2.635
      vertex 66.77837059953514 4.795283803735797 2
    endloop
  endfacet
  facet normal -0.9469301294950987 0.3214394653031821 0
    outer loop
      vertex 66.77837059953514 4.795283803735797 2
      vertex 66.87507707522404 5.080171894439706 2.635
      vertex 66.87507707522404 5.080171894439706 2
    endloop
  endfacet
  facet normal -0.8968727415326844 0.4422886902190092 0
    outer loop
      vertex 66.87507707522404 5.080171894439706 2
      vertex 67.0081415712958 5.35 2.635
      vertex 67.0081415712958 5.35 2
    endloop
  endfacet
  facet normal -0.8314696123025511 0.5555702330195934 0
    outer loop
      vertex 67.0081415712958 5.35 2
      vertex 67.17528731733016 5.600151286720058 2.635
      vertex 67.17528731733016 5.600151286720058 2
    endloop
  endfacet
  facet normal -0.7518398074789657 0.6593458151000822 0
    outer loop
      vertex 67.17528731733016 5.600151286720058 2
      vertex 67.37365440327095 5.826345596729059 2.635
      vertex 67.37365440327095 5.826345596729059 2
    endloop
  endfacet
  facet normal -0.659345815100085 0.7518398074789632 0
    outer loop
      vertex 67.37365440327095 5.826345596729059 2
      vertex 67.59984871327994 6.024712682669841 2.635
      vertex 67.59984871327994 6.024712682669841 2
    endloop
  endfacet
  facet normal -0.555570233019607 0.8314696123025421 0
    outer loop
      vertex 67.59984871327994 6.024712682669841 2
      vertex 67.85 6.191858428704209 2.635
      vertex 67.85 6.191858428704209 2
    endloop
  endfacet
  facet normal -0.8314696123025507 -0.5555702330195941 0
    outer loop
      vertex 67.17528731733016 2.7998487132799426 2
      vertex 67.17528731733016 2.7998487132799426 2.635
      vertex 67.0081415712958 3.0500000000000003 2.635
    endloop
  endfacet
  facet normal -0.6593458151000842 -0.751839807478964 0
    outer loop
      vertex 67.59984871327994 2.3752873173301596 2
      vertex 67.59984871327994 2.3752873173301596 2.635
      vertex 67.37365440327095 2.573654403270941 2.635
    endloop
  endfacet
  facet normal -0.555570233019607 -0.8314696123025421 0
    outer loop
      vertex 67.85 2.2081415712957915 2
      vertex 67.85 2.2081415712957915 2.635
      vertex 67.59984871327994 2.3752873173301596 2.635
    endloop
  endfacet
  facet normal -0.7518398074789665 -0.6593458151000814 0
    outer loop
      vertex 67.37365440327095 2.573654403270941 2
      vertex 67.37365440327095 2.573654403270941 2.635
      vertex 67.17528731733016 2.7998487132799426 2.635
    endloop
  endfacet
  facet normal -0.8968727415326844 -0.4422886902190092 0
    outer loop
      vertex 67.0081415712958 3.0500000000000003 2
      vertex 67.0081415712958 3.0500000000000003 2.635
      vertex 66.87507707522404 3.3198281055602936 2.635
    endloop
  endfacet
  facet normal -0.9469301294950987 -0.3214394653031821 0
    outer loop
      vertex 66.87507707522404 3.3198281055602936 2
      vertex 66.87507707522404 3.3198281055602936 2.635
      vertex 66.77837059953514 3.6047161962642025 2.635
    endloop
  endfacet
  facet normal -0.9807852804032378 -0.19509032201609114 0
    outer loop
      vertex 66.77837059953514 3.6047161962642025 2
      vertex 66.77837059953514 3.6047161962642025 2.635
      vertex 66.71967681884024 3.8997897578938816 2.635
    endloop
  endfacet
  facet normal -0.9978589232386029 -0.06540312923015201 0
    outer loop
      vertex 66.71967681884024 3.8997897578938816 2
      vertex 66.71967681884024 3.8997897578938816 2.635
      vertex 66.7 4.2 2.635
    endloop
  endfacet
  facet normal 0 0 1
    outer loop
      vertex 67.85 2.2081415712957915 2.635
      vertex 68.11982810556029 2.075077075224041 2.635
      vertex 68.01005050633883 3.210050506338834 2.635
    endloop
  endfacet
  facet normal 0 0 1
    outer loop
      vertex 67.85 2.2081415712957915 2.635
      vertex 67.7065686544842 3.6642431946888747 2.635
      vertex 67.59984871327994 2.3752873173301596 2.635
    endloop
  endfacet
  facet normal 0 0 1
    outer loop
      vertex 67.85 2.2081415712957915 2.635
      vertex 68.01005050633883 3.210050506338834 2.635
      vertex 67.88930532359227 3.347733999387791 2.635
    endloop
  endfacet
  facet normal 0 0 1
    outer loop
      vertex 67.85 2.2081415712957915 2.635
      vertex 67.88930532359227 3.347733999387791 2.635
      vertex 67.78756443470179 3.5 2.635
    endloop
  endfacet
  facet normal 0 0 1
    outer loop
      vertex 67.0081415712958 3.0500000000000003 2.635
      vertex 67.17528731733016 2.7998487132799426 2.635
      vertex 67.0081415712958 5.35 2.635
    endloop
  endfacet
  facet normal 0 0 1
    outer loop
      vertex 67.0081415712958 3.0500000000000003 2.635
      vertex 66.87507707522404 5.080171894439706 2.635
      vertex 66.87507707522404 3.3198281055602936 2.635
    endloop
  endfacet
  facet normal 0 0 1
    outer loop
      vertex 66.87507707522404 3.3198281055602936 2.635
      vertex 66.77837059953514 4.795283803735797 2.635
      vertex 66.77837059953514 3.6047161962642025 2.635
    endloop
  endfacet
  facet normal 0 0 1
    outer loop
      vertex 66.77837059953514 3.6047161962642025 2.635
      vertex 66.71967681884024 4.500210242106119 2.635
      vertex 66.71967681884024 3.8997897578938816 2.635
    endloop
  endfacet
  facet normal 0 0 1
    outer loop
      vertex 67.37365440327095 2.573654403270941 2.635
      vertex 67.59984871327994 2.3752873173301596 2.635
      vertex 67.37365440327095 5.826345596729059 2.635
    endloop
  endfacet
  facet normal 0 0 1
    outer loop
      vertex 67.59984871327994 2.3752873173301596 2.635
      vertex 67.7065686544842 3.6642431946888747 2.635
      vertex 67.6477038431953 3.837653336856471 2.635
    endloop
  endfacet
  facet normal 0 0 1
    outer loop
      vertex 67.85 2.2081415712957915 2.635
      vertex 67.78756443470179 3.5 2.635
      vertex 67.7065686544842 3.6642431946888747 2.635
    endloop
  endfacet
  facet normal 0 0 1
    outer loop
      vertex 67.59984871327994 2.3752873173301596 2.635
      vertex 67.6477038431953 3.837653336856471 2.635
      vertex 67.61197719407667 4.017263330891928 2.635
    endloop
  endfacet
  facet normal 0 0 1
    outer loop
      vertex 67.59984871327994 2.3752873173301596 2.635
      vertex 67.61197719407667 4.017263330891928 2.635
      vertex 67.6 4.2 2.635
    endloop
  endfacet
  facet normal 0 0 1
    outer loop
      vertex 67.37365440327095 2.573654403270941 2.635
      vertex 67.17528731733016 5.600151286720058 2.635
      vertex 67.17528731733016 2.7998487132799426 2.635
    endloop
  endfacet
  facet normal -0.9978589232386029 0.06540312923015192 0
    outer loop
      vertex 66.7 4.2 2
      vertex 66.7 4.2 2.635
      vertex 66.71967681884024 4.500210242106119 2.635
    endloop
  endfacet
  facet normal -0.9807852804032378 0.19509032201609172 0
    outer loop
      vertex 66.71967681884024 4.500210242106119 2
      vertex 66.71967681884024 4.500210242106119 2.635
      vertex 66.77837059953514 4.795283803735797 2.635
    endloop
  endfacet
  facet normal -0.9469301294950987 0.3214394653031821 0
    outer loop
      vertex 66.77837059953514 4.795283803735797 2
      vertex 66.77837059953514 4.795283803735797 2.635
      vertex 66.87507707522404 5.080171894439706 2.635
    endloop
  endfacet
  facet normal -0.8968727415326844 0.4422886902190092 0
    outer loop
      vertex 66.87507707522404 5.080171894439706 2
      vertex 66.87507707522404 5.080171894439706 2.635
      vertex 67.0081415712958 5.35 2.635
    endloop
  endfacet
  facet normal -0.8314696123025511 0.5555702330195934 0
    outer loop
      vertex 67.0081415712958 5.35 2
      vertex 67.0081415712958 5.35 2.635
      vertex 67.17528731733016 5.600151286720058 2.635
    endloop
  endfacet
  facet normal -0.7518398074789657 0.6593458151000822 0
    outer loop
      vertex 67.17528731733016 5.600151286720058 2
      vertex 67.17528731733016 5.600151286720058 2.635
      vertex 67.37365440327095 5.826345596729059 2.635
    endloop
  endfacet
  facet normal -0.659345815100085 0.7518398074789632 0
    outer loop
      vertex 67.37365440327095 5.826345596729059 2
      vertex 67.37365440327095 5.826345596729059 2.635
      vertex 67.59984871327994 6.024712682669841 2.635
    endloop
  endfacet
  facet normal -0.555570233019607 0.8314696123025421 0
    outer loop
      vertex 67.59984871327994 6.024712682669841 2
      vertex 67.59984871327994 6.024712682669841 2.635
      vertex 67.85 6.191858428704209 2.635
    endloop
  endfacet
  facet normal -0.4422886902190021 0.8968727415326879 0
    outer loop
      vertex 67.85 6.191858428704209 2
      vertex 67.85 6.191858428704209 2.635
      vertex 68.11982810556029 6.32492292477596 2.635
    endloop
  endfacet
  facet normal 0 0 1
    outer loop
      vertex 66.71967681884024 3.8997897578938816 2.635
      vertex 66.71967681884024 4.500210242106119 2.635
      vertex 66.7 4.2 2.635
    endloop
  endfacet
  facet normal 0 0 1
    outer loop
      vertex 66.77837059953514 3.6047161962642025 2.635
      vertex 66.77837059953514 4.795283803735797 2.635
      vertex 66.71967681884024 4.500210242106119 2.635
    endloop
  endfacet
  facet normal 0 0 1
    outer loop
      vertex 66.87507707522404 3.3198281055602936 2.635
      vertex 66.87507707522404 5.080171894439706 2.635
      vertex 66.77837059953514 4.795283803735797 2.635
    endloop
  endfacet
  facet normal 0 0 1
    outer loop
      vertex 67.0081415712958 3.0500000000000003 2.635
      vertex 67.0081415712958 5.35 2.635
      vertex 66.87507707522404 5.080171894439706 2.635
    endloop
  endfacet
  facet normal 0 0 1
    outer loop
      vertex 67.17528731733016 2.7998487132799426 2.635
      vertex 67.17528731733016 5.600151286720058 2.635
      vertex 67.0081415712958 5.35 2.635
    endloop
  endfacet
  facet normal 0 0 1
    outer loop
      vertex 67.59984871327994 2.3752873173301596 2.635
      vertex 67.6 4.2 2.635
      vertex 67.59984871327994 6.024712682669841 2.635
    endloop
  endfacet
  facet normal 0 0 1
    outer loop
      vertex 67.37365440327095 2.573654403270941 2.635
      vertex 67.37365440327095 5.826345596729059 2.635
      vertex 67.17528731733016 5.600151286720058 2.635
    endloop
  endfacet
  facet normal 0 0 1
    outer loop
      vertex 67.59984871327994 2.3752873173301596 2.635
      vertex 67.59984871327994 6.024712682669841 2.635
      vertex 67.37365440327095 5.826345596729059 2.635
    endloop
  endfacet
  facet normal 0 0 1
    outer loop
      vertex 67.59984871327994 6.024712682669841 2.635
      vertex 67.6 4.2 2.635
      vertex 67.61197719407667 4.3827366691080725 2.635
    endloop
  endfacet
  facet normal 0 0 1
    outer loop
      vertex 67.59984871327994 6.024712682669841 2.635
      vertex 67.61197719407667 4.3827366691080725 2.635
      vertex 67.6477038431953 4.562346663143529 2.635
    endloop
  endfacet
  facet normal 0 0 1
    outer loop
      vertex 67.59984871327994 6.024712682669841 2.635
      vertex 67.6477038431953 4.562346663143529 2.635
      vertex 67.7065686544842 4.735756805311126 2.635
    endloop
  endfacet
  facet normal 0 0 1
    outer loop
      vertex 67.59984871327994 6.024712682669841 2.635
      vertex 67.7065686544842 4.735756805311126 2.635
      vertex 67.78756443470179 4.9 2.635
    endloop
  endfacet
  facet normal 0 0 1
    outer loop
      vertex 67.59984871327994 6.024712682669841 2.635
      vertex 67.78756443470179 4.9 2.635
      vertex 67.88930532359227 5.052266000612209 2.635
    endloop
  endfacet
  facet normal 0 0 1
    outer loop
      vertex 67.85 6.191858428704209 2.635
      vertex 67.88930532359227 5.052266000612209 2.635
      vertex 68.01005050633883 5.1899494936611665 2.635
    endloop
  endfacet
  facet normal 0 0 1
    outer loop
      vertex 67.59984871327994 6.024712682669841 2.635
      vertex 67.88930532359227 5.052266000612209 2.635
      vertex 67.85 6.191858428704209 2.635
    endloop
  endfacet
  facet normal -0.32143946530315504 -0.9469301294951079 0
    outer loop
      vertex 68.4047161962642 1.9783705995351433 2
      vertex 68.11982810556029 2.075077075224041 2.635
      vertex 68.11982810556029 2.075077075224041 2
    endloop
  endfacet
  facet normal -0.19509032201612864 -0.9807852804032303 0
    outer loop
      vertex 68.4047161962642 1.9783705995351433 2
      vertex 68.69978975789388 1.9196768188402364 2
      vertex 68.4047161962642 1.9783705995351433 2.635
    endloop
  endfacet
  facet normal -0.0654031292301433 -0.9978589232386036 0
    outer loop
      vertex 68.69978975789388 1.9196768188402364 2
      vertex 69 1.9000000000000004 2
      vertex 68.69978975789388 1.9196768188402364 2.635
    endloop
  endfacet
  facet normal 0.0654031292301433 -0.9978589232386036 0
    outer loop
      vertex 69 1.9000000000000004 2
      vertex 69.30021024210612 1.9196768188402364 2
      vertex 69 1.9000000000000004 2.635
    endloop
  endfacet
  facet normal 0.19509032201612864 -0.9807852804032303 0
    outer loop
      vertex 69.30021024210612 1.9196768188402364 2
      vertex 69.5952838037358 1.9783705995351433 2
      vertex 69.30021024210612 1.9196768188402364 2.635
    endloop
  endfacet
  facet normal 0.32143946530315504 -0.9469301294951079 0
    outer loop
      vertex 69.5952838037358 1.9783705995351433 2
      vertex 69.88017189443971 2.075077075224041 2
      vertex 69.5952838037358 1.9783705995351433 2.635
    endloop
  endfacet
  facet normal 0.44228869021900086 -0.8968727415326886 0
    outer loop
      vertex 69.88017189443971 2.075077075224041 2
      vertex 70.15 2.2081415712957915 2
      vertex 69.88017189443971 2.075077075224041 2.635
    endloop
  endfacet
  facet normal 0.555570233019607 -0.8314696123025421 0
    outer loop
      vertex 70.15 2.2081415712957915 2
      vertex 70.40015128672006 2.3752873173301596 2
      vertex 70.15 2.2081415712957915 2.635
    endloop
  endfacet
  facet normal 0.6593458151000842 -0.751839807478964 0
    outer loop
      vertex 70.40015128672006 2.3752873173301596 2
      vertex 70.62634559672905 2.573654403270941 2
      vertex 70.40015128672006 2.3752873173301596 2.635
    endloop
  endfacet
  facet normal 0.7518398074789665 -0.6593458151000814 0
    outer loop
      vertex 70.62634559672905 2.573654403270941 2
      vertex 70.82471268266984 2.7998487132799426 2
      vertex 70.62634559672905 2.573654403270941 2.635
    endloop
  endfacet
  facet normal 0.8314696123025507 -0.5555702330195941 0
    outer loop
      vertex 70.82471268266984 2.7998487132799426 2
      vertex 70.9918584287042 3.0500000000000003 2
      vertex 70.82471268266984 2.7998487132799426 2.635
    endloop
  endfacet
  facet normal 0.8968727415326844 -0.4422886902190092 0
    outer loop
      vertex 70.9918584287042 3.0500000000000003 2
      vertex 71.12492292477596 3.3198281055602936 2
      vertex 70.9918584287042 3.0500000000000003 2.635
    endloop
  endfacet
  facet normal 0.9469301294950987 -0.3214394653031821 0
    outer loop
      vertex 71.12492292477596 3.3198281055602936 2
      vertex 71.22162940046486 3.6047161962642025 2
      vertex 71.12492292477596 3.3198281055602936 2.635
    endloop
  endfacet
  facet normal 0.9807852804032378 -0.19509032201609114 0
    outer loop
      vertex 71.22162940046486 3.6047161962642025 2
      vertex 71.28032318115976 3.8997897578938816 2
      vertex 71.22162940046486 3.6047161962642025 2.635
    endloop
  endfacet
  facet normal 0.9978589232386029 -0.06540312923015201 0
    outer loop
      vertex 71.28032318115976 3.8997897578938816 2
      vertex 71.3 4.2 2
      vertex 71.28032318115976 3.8997897578938816 2.635
    endloop
  endfacet
  facet normal 0.9978589232386029 0.06540312923015192 0
    outer loop
      vertex 71.3 4.2 2
      vertex 71.28032318115976 4.500210242106119 2
      vertex 71.3 4.2 2.635
    endloop
  endfacet
  facet normal 0.9807852804032378 0.19509032201609172 0
    outer loop
      vertex 71.28032318115976 4.500210242106119 2
      vertex 71.22162940046486 4.795283803735797 2
      vertex 71.28032318115976 4.500210242106119 2.635
    endloop
  endfacet
  facet normal 0.9469301294950987 0.3214394653031821 0
    outer loop
      vertex 71.22162940046486 4.795283803735797 2
      vertex 71.12492292477596 5.080171894439706 2
      vertex 71.22162940046486 4.795283803735797 2.635
    endloop
  endfacet
  facet normal 0.659345815100085 0.7518398074789632 0
    outer loop
      vertex 70.40015128672006 6.024712682669841 2
      vertex 70.62634559672905 5.826345596729059 2.635
      vertex 70.62634559672905 5.826345596729059 2
    endloop
  endfacet
  facet normal 0.555570233019607 0.8314696123025421 0
    outer loop
      vertex 70.40015128672006 6.024712682669841 2
      vertex 70.15 6.191858428704209 2
      vertex 70.40015128672006 6.024712682669841 2.635
    endloop
  endfacet
  facet normal 0.8314696123025511 0.5555702330195934 0
    outer loop
      vertex 70.9918584287042 5.35 2
      vertex 70.82471268266984 5.600151286720058 2
      vertex 70.9918584287042 5.35 2.635
    endloop
  endfacet
  facet normal 0.8968727415326844 0.4422886902190092 0
    outer loop
      vertex 71.12492292477596 5.080171894439706 2
      vertex 70.9918584287042 5.35 2
      vertex 71.12492292477596 5.080171894439706 2.635
    endloop
  endfacet
  facet normal 0.7518398074789657 0.6593458151000822 0
    outer loop
      vertex 70.82471268266984 5.600151286720058 2
      vertex 70.62634559672905 5.826345596729059 2
      vertex 70.82471268266984 5.600151286720058 2.635
    endloop
  endfacet
  facet normal -0.4422886902190021 0.8968727415326879 0
    outer loop
      vertex 67.85 6.191858428704209 2
      vertex 68.11982810556029 6.32492292477596 2.635
      vertex 68.11982810556029 6.32492292477596 2
    endloop
  endfacet
  facet normal -0.3214394653031537 0.9469301294951084 0
    outer loop
      vertex 68.11982810556029 6.32492292477596 2
      vertex 68.4047161962642 6.421629400464857 2.635
      vertex 68.4047161962642 6.421629400464857 2
    endloop
  endfacet
  facet normal -0.19509032201612864 0.9807852804032303 0
    outer loop
      vertex 68.4047161962642 6.421629400464857 2
      vertex 68.69978975789388 6.480323181159764 2.635
      vertex 68.69978975789388 6.480323181159764 2
    endloop
  endfacet
  facet normal -0.0654031292301433 0.9978589232386036 0
    outer loop
      vertex 68.69978975789388 6.480323181159764 2
      vertex 69 6.5 2.635
      vertex 69 6.5 2
    endloop
  endfacet
  facet normal 0.0654031292301433 0.9978589232386036 0
    outer loop
      vertex 69 6.5 2
      vertex 69.30021024210612 6.480323181159764 2.635
      vertex 69.30021024210612 6.480323181159764 2
    endloop
  endfacet
  facet normal 0.19509032201612864 0.9807852804032303 0
    outer loop
      vertex 69.30021024210612 6.480323181159764 2
      vertex 69.5952838037358 6.421629400464857 2.635
      vertex 69.5952838037358 6.421629400464857 2
    endloop
  endfacet
  facet normal 0.3214394653031537 0.9469301294951084 0
    outer loop
      vertex 69.5952838037358 6.421629400464857 2
      vertex 69.88017189443971 6.32492292477596 2.635
      vertex 69.88017189443971 6.32492292477596 2
    endloop
  endfacet
  facet normal 0.4422886902190021 0.8968727415326879 0
    outer loop
      vertex 69.88017189443971 6.32492292477596 2
      vertex 70.15 6.191858428704209 2.635
      vertex 70.15 6.191858428704209 2
    endloop
  endfacet
  facet normal -0.32143946530315504 -0.9469301294951079 0
    outer loop
      vertex 68.4047161962642 1.9783705995351433 2
      vertex 68.4047161962642 1.9783705995351433 2.635
      vertex 68.11982810556029 2.075077075224041 2.635
    endloop
  endfacet
  facet normal -0.19509032201612864 -0.9807852804032303 0
    outer loop
      vertex 68.69978975789388 1.9196768188402364 2
      vertex 68.69978975789388 1.9196768188402364 2.635
      vertex 68.4047161962642 1.9783705995351433 2.635
    endloop
  endfacet
  facet normal -0.0654031292301433 -0.9978589232386036 0
    outer loop
      vertex 69 1.9000000000000004 2
      vertex 69 1.9000000000000004 2.635
      vertex 68.69978975789388 1.9196768188402364 2.635
    endloop
  endfacet
  facet normal 0.0654031292301433 -0.9978589232386036 0
    outer loop
      vertex 69.30021024210612 1.9196768188402364 2
      vertex 69.30021024210612 1.9196768188402364 2.635
      vertex 69 1.9000000000000004 2.635
    endloop
  endfacet
  facet normal 0.19509032201612864 -0.9807852804032303 0
    outer loop
      vertex 69.5952838037358 1.9783705995351433 2
      vertex 69.5952838037358 1.9783705995351433 2.635
      vertex 69.30021024210612 1.9196768188402364 2.635
    endloop
  endfacet
  facet normal 0.32143946530315504 -0.9469301294951079 0
    outer loop
      vertex 69.88017189443971 2.075077075224041 2
      vertex 69.88017189443971 2.075077075224041 2.635
      vertex 69.5952838037358 1.9783705995351433 2.635
    endloop
  endfacet
  facet normal -0.44228869021900086 -0.8968727415326886 0
    outer loop
      vertex 67.85 2.2081415712957915 2.635
      vertex 68.11982810556029 2.075077075224041 2
      vertex 68.11982810556029 2.075077075224041 2.635
    endloop
  endfacet
  facet normal 0.44228869021900086 -0.8968727415326886 0
    outer loop
      vertex 70.15 2.2081415712957915 2
      vertex 70.15 2.2081415712957915 2.635
      vertex 69.88017189443971 2.075077075224041 2.635
    endloop
  endfacet
  facet normal 0.555570233019607 -0.8314696123025421 0
    outer loop
      vertex 70.40015128672006 2.3752873173301596 2
      vertex 70.40015128672006 2.3752873173301596 2.635
      vertex 70.15 2.2081415712957915 2.635
    endloop
  endfacet
  facet normal 0.6593458151000842 -0.751839807478964 0
    outer loop
      vertex 70.62634559672905 2.573654403270941 2
      vertex 70.62634559672905 2.573654403270941 2.635
      vertex 70.40015128672006 2.3752873173301596 2.635
    endloop
  endfacet
  facet normal 0.7518398074789665 -0.6593458151000814 0
    outer loop
      vertex 70.82471268266984 2.7998487132799426 2
      vertex 70.82471268266984 2.7998487132799426 2.635
      vertex 70.62634559672905 2.573654403270941 2.635
    endloop
  endfacet
  facet normal 0.8314696123025507 -0.5555702330195941 0
    outer loop
      vertex 70.9918584287042 3.0500000000000003 2
      vertex 70.9918584287042 3.0500000000000003 2.635
      vertex 70.82471268266984 2.7998487132799426 2.635
    endloop
  endfacet
  facet normal 0.8968727415326844 -0.4422886902190092 0
    outer loop
      vertex 71.12492292477596 3.3198281055602936 2
      vertex 71.12492292477596 3.3198281055602936 2.635
      vertex 70.9918584287042 3.0500000000000003 2.635
    endloop
  endfacet
  facet normal 0.9469301294950987 -0.3214394653031821 0
    outer loop
      vertex 71.22162940046486 3.6047161962642025 2
      vertex 71.22162940046486 3.6047161962642025 2.635
      vertex 71.12492292477596 3.3198281055602936 2.635
    endloop
  endfacet
  facet normal 0.9807852804032378 -0.19509032201609114 0
    outer loop
      vertex 71.28032318115976 3.8997897578938816 2
      vertex 71.28032318115976 3.8997897578938816 2.635
      vertex 71.22162940046486 3.6047161962642025 2.635
    endloop
  endfacet
  facet normal 0.9978589232386029 -0.06540312923015201 0
    outer loop
      vertex 71.3 4.2 2
      vertex 71.3 4.2 2.635
      vertex 71.28032318115976 3.8997897578938816 2.635
    endloop
  endfacet
  facet normal 0 0 1
    outer loop
      vertex 68.4047161962642 1.9783705995351433 2.635
      vertex 68.3 2.9875644347017865 2.635
      vertex 68.11982810556029 2.075077075224041 2.635
    endloop
  endfacet
  facet normal 0 0 1
    outer loop
      vertex 68.4047161962642 1.9783705995351433 2.635
      vertex 68.69978975789388 1.9196768188402364 2.635
      vertex 68.63765333685647 2.847703843195305 2.635
    endloop
  endfacet
  facet normal 0 0 1
    outer loop
      vertex 68.69978975789388 1.9196768188402364 2.635
      vertex 69 1.9000000000000004 2.635
      vertex 68.81726333089193 2.8119771940766656 2.635
    endloop
  endfacet
  facet normal 0 0 1
    outer loop
      vertex 68.4047161962642 1.9783705995351433 2.635
      vertex 68.63765333685647 2.847703843195305 2.635
      vertex 68.46424319468888 2.906568654484199 2.635
    endloop
  endfacet
  facet normal 0 0 1
    outer loop
      vertex 68.69978975789388 1.9196768188402364 2.635
      vertex 68.81726333089193 2.8119771940766656 2.635
      vertex 68.63765333685647 2.847703843195305 2.635
    endloop
  endfacet
  facet normal 0 0 1
    outer loop
      vertex 68.11982810556029 2.075077075224041 2.635
      vertex 68.1477339993878 3.0893053235922707 2.635
      vertex 68.01005050633883 3.210050506338834 2.635
    endloop
  endfacet
  facet normal 0 0 1
    outer loop
      vertex 68.11982810556029 2.075077075224041 2.635
      vertex 68.3 2.9875644347017865 2.635
      vertex 68.1477339993878 3.0893053235922707 2.635
    endloop
  endfacet
  facet normal 0 0 1
    outer loop
      vertex 68.4047161962642 1.9783705995351433 2.635
      vertex 68.46424319468888 2.906568654484199 2.635
      vertex 68.3 2.9875644347017865 2.635
    endloop
  endfacet
  facet normal 0 0 1
    outer loop
      vertex 69 1.9000000000000004 2.635
      vertex 69.30021024210612 1.9196768188402364 2.635
      vertex 69.18273666910807 2.8119771940766656 2.635
    endloop
  endfacet
  facet normal 0 0 1
    outer loop
      vertex 69 1.9000000000000004 2.635
      vertex 69 2.8000000000000003 2.635
      vertex 68.81726333089193 2.8119771940766656 2.635
    endloop
  endfacet
  facet normal 0 0 1
    outer loop
      vertex 69 1.9000000000000004 2.635
      vertex 69.18273666910807 2.8119771940766656 2.635
      vertex 69 2.8000000000000003 2.635
    endloop
  endfacet
  facet normal 0 0 1
    outer loop
      vertex 69.30021024210612 1.9196768188402364 2.635
      vertex 69.5952838037358 1.9783705995351433 2.635
      vertex 69.18273666910807 2.8119771940766656 2.635
    endloop
  endfacet
  facet normal 0 0 1
    outer loop
      vertex 69.5952838037358 1.9783705995351433 2.635
      vertex 69.88017189443971 2.075077075224041 2.635
      vertex 69.53575680531112 2.906568654484199 2.635
    endloop
  endfacet
  facet normal 0 0 1
    outer loop
      vertex 69.5952838037358 1.9783705995351433 2.635
      vertex 69.36234666314353 2.847703843195305 2.635
      vertex 69.18273666910807 2.8119771940766656 2.635
    endloop
  endfacet
  facet normal 0 0 1
    outer loop
      vertex 69.5952838037358 1.9783705995351433 2.635
      vertex 69.53575680531112 2.906568654484199 2.635
      vertex 69.36234666314353 2.847703843195305 2.635
    endloop
  endfacet
  facet normal 0 0 1
    outer loop
      vertex 69.88017189443971 2.075077075224041 2.635
      vertex 69.7 2.9875644347017865 2.635
      vertex 69.53575680531112 2.906568654484199 2.635
    endloop
  endfacet
  facet normal 0 0 1
    outer loop
      vertex 69.88017189443971 2.075077075224041 2.635
      vertex 70.15 2.2081415712957915 2.635
      vertex 69.8522660006122 3.0893053235922707 2.635
    endloop
  endfacet
  facet normal 0 0 1
    outer loop
      vertex 69.88017189443971 2.075077075224041 2.635
      vertex 69.8522660006122 3.0893053235922707 2.635
      vertex 69.7 2.9875644347017865 2.635
    endloop
  endfacet
  facet normal 0 0 1
    outer loop
      vertex 70.15 2.2081415712957915 2.635
      vertex 69.98994949366117 3.210050506338834 2.635
      vertex 69.8522660006122 3.0893053235922707 2.635
    endloop
  endfacet
  facet normal 0 0 1
    outer loop
      vertex 70.15 2.2081415712957915 2.635
      vertex 70.11069467640773 3.347733999387791 2.635
      vertex 69.98994949366117 3.210050506338834 2.635
    endloop
  endfacet
  facet normal 0 0 1
    outer loop
      vertex 70.15 2.2081415712957915 2.635
      vertex 70.40015128672006 2.3752873173301596 2.635
      vertex 70.11069467640773 3.347733999387791 2.635
    endloop
  endfacet
  facet normal 0 0 1
    outer loop
      vertex 70.40015128672006 2.3752873173301596 2.635
      vertex 70.21243556529821 3.5 2.635
      vertex 70.11069467640773 3.347733999387791 2.635
    endloop
  endfacet
  facet normal 0 0 1
    outer loop
      vertex 70.40015128672006 2.3752873173301596 2.635
      vertex 70.2934313455158 3.6642431946888747 2.635
      vertex 70.21243556529821 3.5 2.635
    endloop
  endfacet
  facet normal 0 0 1
    outer loop
      vertex 70.40015128672006 2.3752873173301596 2.635
      vertex 70.3522961568047 3.837653336856471 2.635
      vertex 70.2934313455158 3.6642431946888747 2.635
    endloop
  endfacet
  facet normal 0 0 1
    outer loop
      vertex 70.40015128672006 2.3752873173301596 2.635
      vertex 70.38802280592333 4.017263330891928 2.635
      vertex 70.3522961568047 3.837653336856471 2.635
    endloop
  endfacet
  facet normal 0 0 1
    outer loop
      vertex 70.40015128672006 2.3752873173301596 2.635
      vertex 70.4 4.2 2.635
      vertex 70.38802280592333 4.017263330891928 2.635
    endloop
  endfacet
  facet normal 0 0 1
    outer loop
      vertex 70.40015128672006 2.3752873173301596 2.635
      vertex 70.62634559672905 2.573654403270941 2.635
      vertex 70.40015128672006 6.024712682669841 2.635
    endloop
  endfacet
  facet normal 0 0 1
    outer loop
      vertex 70.62634559672905 2.573654403270941 2.635
      vertex 70.82471268266984 2.7998487132799426 2.635
      vertex 70.62634559672905 5.826345596729059 2.635
    endloop
  endfacet
  facet normal 0 0 1
    outer loop
      vertex 70.82471268266984 2.7998487132799426 2.635
      vertex 70.9918584287042 3.0500000000000003 2.635
      vertex 70.82471268266984 5.600151286720058 2.635
    endloop
  endfacet
  facet normal 0 0 1
    outer loop
      vertex 70.9918584287042 3.0500000000000003 2.635
      vertex 71.12492292477596 3.3198281055602936 2.635
      vertex 70.9918584287042 5.35 2.635
    endloop
  endfacet
  facet normal 0 0 1
    outer loop
      vertex 71.12492292477596 3.3198281055602936 2.635
      vertex 71.22162940046486 3.6047161962642025 2.635
      vertex 71.12492292477596 5.080171894439706 2.635
    endloop
  endfacet
  facet normal 0 0 1
    outer loop
      vertex 71.22162940046486 3.6047161962642025 2.635
      vertex 71.28032318115976 3.8997897578938816 2.635
      vertex 71.22162940046486 4.795283803735797 2.635
    endloop
  endfacet
  facet normal 0.9978589232386029 0.06540312923015192 0
    outer loop
      vertex 71.28032318115976 4.500210242106119 2
      vertex 71.28032318115976 4.500210242106119 2.635
      vertex 71.3 4.2 2.635
    endloop
  endfacet
  facet normal 0.9807852804032378 0.19509032201609172 0
    outer loop
      vertex 71.22162940046486 4.795283803735797 2
      vertex 71.22162940046486 4.795283803735797 2.635
      vertex 71.28032318115976 4.500210242106119 2.635
    endloop
  endfacet
  facet normal 0.9469301294950987 0.3214394653031821 0
    outer loop
      vertex 71.12492292477596 5.080171894439706 2
      vertex 71.12492292477596 5.080171894439706 2.635
      vertex 71.22162940046486 4.795283803735797 2.635
    endloop
  endfacet
  facet normal 0.555570233019607 0.8314696123025421 0
    outer loop
      vertex 70.15 6.191858428704209 2
      vertex 70.15 6.191858428704209 2.635
      vertex 70.40015128672006 6.024712682669841 2.635
    endloop
  endfacet
  facet normal 0.659345815100085 0.7518398074789632 0
    outer loop
      vertex 70.40015128672006 6.024712682669841 2
      vertex 70.40015128672006 6.024712682669841 2.635
      vertex 70.62634559672905 5.826345596729059 2.635
    endloop
  endfacet
  facet normal 0.8968727415326844 0.4422886902190092 0
    outer loop
      vertex 70.9918584287042 5.35 2
      vertex 70.9918584287042 5.35 2.635
      vertex 71.12492292477596 5.080171894439706 2.635
    endloop
  endfacet
  facet normal 0.8314696123025511 0.5555702330195934 0
    outer loop
      vertex 70.82471268266984 5.600151286720058 2
      vertex 70.82471268266984 5.600151286720058 2.635
      vertex 70.9918584287042 5.35 2.635
    endloop
  endfacet
  facet normal 0.7518398074789657 0.6593458151000822 0
    outer loop
      vertex 70.62634559672905 5.826345596729059 2
      vertex 70.62634559672905 5.826345596729059 2.635
      vertex 70.82471268266984 5.600151286720058 2.635
    endloop
  endfacet
  facet normal -0.3214394653031537 0.9469301294951084 0
    outer loop
      vertex 68.11982810556029 6.32492292477596 2
      vertex 68.11982810556029 6.32492292477596 2.635
      vertex 68.4047161962642 6.421629400464857 2.635
    endloop
  endfacet
  facet normal -0.19509032201612864 0.9807852804032303 0
    outer loop
      vertex 68.4047161962642 6.421629400464857 2
      vertex 68.4047161962642 6.421629400464857 2.635
      vertex 68.69978975789388 6.480323181159764 2.635
    endloop
  endfacet
  facet normal -0.0654031292301433 0.9978589232386036 0
    outer loop
      vertex 68.69978975789388 6.480323181159764 2
      vertex 68.69978975789388 6.480323181159764 2.635
      vertex 69 6.5 2.635
    endloop
  endfacet
  facet normal 0.0654031292301433 0.9978589232386036 0
    outer loop
      vertex 69 6.5 2
      vertex 69 6.5 2.635
      vertex 69.30021024210612 6.480323181159764 2.635
    endloop
  endfacet
  facet normal 0.3214394653031537 0.9469301294951084 0
    outer loop
      vertex 69.5952838037358 6.421629400464857 2
      vertex 69.5952838037358 6.421629400464857 2.635
      vertex 69.88017189443971 6.32492292477596 2.635
    endloop
  endfacet
  facet normal 0.19509032201612864 0.9807852804032303 0
    outer loop
      vertex 69.30021024210612 6.480323181159764 2
      vertex 69.30021024210612 6.480323181159764 2.635
      vertex 69.5952838037358 6.421629400464857 2.635
    endloop
  endfacet
  facet normal 0.4422886902190021 0.8968727415326879 0
    outer loop
      vertex 69.88017189443971 6.32492292477596 2
      vertex 69.88017189443971 6.32492292477596 2.635
      vertex 70.15 6.191858428704209 2.635
    endloop
  endfacet
  facet normal 0 0 1
    outer loop
      vertex 67.85 6.191858428704209 2.635
      vertex 68.01005050633883 5.1899494936611665 2.635
      vertex 68.1477339993878 5.31069467640773 2.635
    endloop
  endfacet
  facet normal 0 0 1
    outer loop
      vertex 68.11982810556029 6.32492292477596 2.635
      vertex 68.1477339993878 5.31069467640773 2.635
      vertex 68.3 5.412435565298214 2.635
    endloop
  endfacet
  facet normal 0 0 1
    outer loop
      vertex 68.11982810556029 6.32492292477596 2.635
      vertex 68.3 5.412435565298214 2.635
      vertex 68.46424319468888 5.493431345515802 2.635
    endloop
  endfacet
  facet normal 0 0 1
    outer loop
      vertex 67.85 6.191858428704209 2.635
      vertex 68.1477339993878 5.31069467640773 2.635
      vertex 68.11982810556029 6.32492292477596 2.635
    endloop
  endfacet
  facet normal 0 0 1
    outer loop
      vertex 68.11982810556029 6.32492292477596 2.635
      vertex 68.46424319468888 5.493431345515802 2.635
      vertex 68.4047161962642 6.421629400464857 2.635
    endloop
  endfacet
  facet normal 0 0 1
    outer loop
      vertex 68.4047161962642 6.421629400464857 2.635
      vertex 68.46424319468888 5.493431345515802 2.635
      vertex 68.63765333685647 5.552296156804696 2.635
    endloop
  endfacet
  facet normal 0 0 1
    outer loop
      vertex 68.4047161962642 6.421629400464857 2.635
      vertex 68.63765333685647 5.552296156804696 2.635
      vertex 68.81726333089193 5.588022805923335 2.635
    endloop
  endfacet
  facet normal 0 0 1
    outer loop
      vertex 68.4047161962642 6.421629400464857 2.635
      vertex 68.81726333089193 5.588022805923335 2.635
      vertex 68.69978975789388 6.480323181159764 2.635
    endloop
  endfacet
  facet normal 0 0 1
    outer loop
      vertex 69 6.5 2.635
      vertex 68.81726333089193 5.588022805923335 2.635
      vertex 69 5.6 2.635
    endloop
  endfacet
  facet normal 0 0 1
    outer loop
      vertex 69 6.5 2.635
      vertex 69 5.6 2.635
      vertex 69.18273666910807 5.588022805923335 2.635
    endloop
  endfacet
  facet normal 0 0 1
    outer loop
      vertex 69.30021024210612 6.480323181159764 2.635
      vertex 69.18273666910807 5.588022805923335 2.635
      vertex 69.36234666314353 5.552296156804696 2.635
    endloop
  endfacet
  facet normal 0 0 1
    outer loop
      vertex 69.5952838037358 6.421629400464857 2.635
      vertex 69.36234666314353 5.552296156804696 2.635
      vertex 69.53575680531112 5.493431345515802 2.635
    endloop
  endfacet
  facet normal 0 0 1
    outer loop
      vertex 69.5952838037358 6.421629400464857 2.635
      vertex 69.53575680531112 5.493431345515802 2.635
      vertex 69.7 5.412435565298214 2.635
    endloop
  endfacet
  facet normal 0 0 1
    outer loop
      vertex 69.30021024210612 6.480323181159764 2.635
      vertex 69.36234666314353 5.552296156804696 2.635
      vertex 69.5952838037358 6.421629400464857 2.635
    endloop
  endfacet
  facet normal 0 0 1
    outer loop
      vertex 69.5952838037358 6.421629400464857 2.635
      vertex 69.7 5.412435565298214 2.635
      vertex 69.88017189443971 6.32492292477596 2.635
    endloop
  endfacet
  facet normal 0 0 1
    outer loop
      vertex 70.40015128672006 2.3752873173301596 2.635
      vertex 70.40015128672006 6.024712682669841 2.635
      vertex 70.4 4.2 2.635
    endloop
  endfacet
  facet normal 0 0 1
    outer loop
      vertex 70.40015128672006 6.024712682669841 2.635
      vertex 70.38802280592333 4.3827366691080725 2.635
      vertex 70.4 4.2 2.635
    endloop
  endfacet
  facet normal 0 0 1
    outer loop
      vertex 70.62634559672905 2.573654403270941 2.635
      vertex 70.62634559672905 5.826345596729059 2.635
      vertex 70.40015128672006 6.024712682669841 2.635
    endloop
  endfacet
  facet normal 0 0 1
    outer loop
      vertex 70.40015128672006 6.024712682669841 2.635
      vertex 70.3522961568047 4.562346663143529 2.635
      vertex 70.38802280592333 4.3827366691080725 2.635
    endloop
  endfacet
  facet normal 0 0 1
    outer loop
      vertex 70.40015128672006 6.024712682669841 2.635
      vertex 70.2934313455158 4.735756805311126 2.635
      vertex 70.3522961568047 4.562346663143529 2.635
    endloop
  endfacet
  facet normal 0 0 1
    outer loop
      vertex 71.28032318115976 3.8997897578938816 2.635
      vertex 71.3 4.2 2.635
      vertex 71.28032318115976 4.500210242106119 2.635
    endloop
  endfacet
  facet normal 0 0 1
    outer loop
      vertex 71.28032318115976 3.8997897578938816 2.635
      vertex 71.28032318115976 4.500210242106119 2.635
      vertex 71.22162940046486 4.795283803735797 2.635
    endloop
  endfacet
  facet normal 0 0 1
    outer loop
      vertex 71.22162940046486 3.6047161962642025 2.635
      vertex 71.22162940046486 4.795283803735797 2.635
      vertex 71.12492292477596 5.080171894439706 2.635
    endloop
  endfacet
  facet normal 0 0 1
    outer loop
      vertex 71.12492292477596 3.3198281055602936 2.635
      vertex 71.12492292477596 5.080171894439706 2.635
      vertex 70.9918584287042 5.35 2.635
    endloop
  endfacet
  facet normal 0 0 1
    outer loop
      vertex 70.82471268266984 2.7998487132799426 2.635
      vertex 70.82471268266984 5.600151286720058 2.635
      vertex 70.62634559672905 5.826345596729059 2.635
    endloop
  endfacet
  facet normal 0 0 1
    outer loop
      vertex 70.9918584287042 3.0500000000000003 2.635
      vertex 70.9918584287042 5.35 2.635
      vertex 70.82471268266984 5.600151286720058 2.635
    endloop
  endfacet
  facet normal 0 0 1
    outer loop
      vertex 70.15 6.191858428704209 2.635
      vertex 70.11069467640773 5.052266000612209 2.635
      vertex 70.21243556529821 4.9 2.635
    endloop
  endfacet
  facet normal 0 0 1
    outer loop
      vertex 69.88017189443971 6.32492292477596 2.635
      vertex 69.8522660006122 5.31069467640773 2.635
      vertex 69.98994949366117 5.1899494936611665 2.635
    endloop
  endfacet
  facet normal 0 0 1
    outer loop
      vertex 70.15 6.191858428704209 2.635
      vertex 69.98994949366117 5.1899494936611665 2.635
      vertex 70.11069467640773 5.052266000612209 2.635
    endloop
  endfacet
  facet normal 0 0 1
    outer loop
      vertex 70.15 6.191858428704209 2.635
      vertex 70.21243556529821 4.9 2.635
      vertex 70.2934313455158 4.735756805311126 2.635
    endloop
  endfacet
  facet normal 0 0 1
    outer loop
      vertex 70.40015128672006 6.024712682669841 2.635
      vertex 70.15 6.191858428704209 2.635
      vertex 70.2934313455158 4.735756805311126 2.635
    endloop
  endfacet
  facet normal 0 0 1
    outer loop
      vertex 69.88017189443971 6.32492292477596 2.635
      vertex 69.7 5.412435565298214 2.635
      vertex 69.8522660006122 5.31069467640773 2.635
    endloop
  endfacet
  facet normal 0 0 1
    outer loop
      vertex 69.88017189443971 6.32492292477596 2.635
      vertex 69.98994949366117 5.1899494936611665 2.635
      vertex 70.15 6.191858428704209 2.635
    endloop
  endfacet
  facet normal 0 0 1
    outer loop
      vertex 68.69978975789388 6.480323181159764 2.635
      vertex 68.81726333089193 5.588022805923335 2.635
      vertex 69 6.5 2.635
    endloop
  endfacet
  facet normal 0 0 1
    outer loop
      vertex 69 6.5 2.635
      vertex 69.18273666910807 5.588022805923335 2.635
      vertex 69.30021024210612 6.480323181159764 2.635
    endloop
  endfacet
  facet normal -0.4184975201272202 -0.6263258002836015 0.6577049623854704
    outer loop
      vertex 67.5 1.6019237886466842 1.2
      vertex 67.59984871327994 2.3752873173301596 2
      vertex 67.17371571297384 1.8199399791262945 1.2
    endloop
  endfacet
  facet normal -0.33316529402761125 -0.67559238399276 0.6577049623854715
    outer loop
      vertex 67.85194970290473 1.4283614024661402 1.2
      vertex 67.85 2.2081415712957915 2
      vertex 67.5 1.6019237886466842 1.2
    endloop
  endfacet
  facet normal -0.7516628141548222 -0.049266583709144066 0.6577049623854782
    outer loop
      vertex 66.02566541587856 3.8084214233398455 1.2
      vertex 66.71967681884024 3.8997897578938816 2
      vertex 66 4.2 1.2
    endloop
  endfacet
  facet normal -0.5663426084812884 -0.49666913762799497 0.6577049623854709
    outer loop
      vertex 66.6199399791263 2.373715712973838 1.2
      vertex 66.87867965644035 2.0786796564403573 1.2
      vertex 67.17528731733016 2.7998487132799426 2
    endloop
  endfacet
  facet normal -0.6263258002835975 -0.4184975201272203 0.6577049623854743
    outer loop
      vertex 66.6199399791263 2.373715712973838 1.2
      vertex 67.0081415712958 3.0500000000000003 2
      vertex 66.40192378864668 2.7 1.2
    endloop
  endfacet
  facet normal -0.6755923839927523 -0.3331652940276198 0.6577049623854748
    outer loop
      vertex 66.22836140246613 3.051949702904731 1.2
      vertex 66.40192378864668 2.7 1.2
      vertex 67.0081415712958 3.0500000000000003 2
    endloop
  endfacet
  facet normal -0.4966691376279924 -0.5663426084812848 0.6577049623854759
    outer loop
      vertex 67.17371571297384 1.8199399791262945 1.2
      vertex 67.37365440327095 2.573654403270941 2
      vertex 66.87867965644035 2.0786796564403573 1.2
    endloop
  endfacet
  facet normal -0.7132993947022053 -0.24213251737630864 0.657704962385475
    outer loop
      vertex 66.22836140246613 3.051949702904731 1.2
      vertex 66.87507707522404 3.3198281055602936 2
      vertex 66.1022225211328 3.423542864692438 1.2
    endloop
  endfacet
  facet normal -0.7388016550043341 -0.1469567862209446 0.6577049623854667
    outer loop
      vertex 66.1022225211328 3.423542864692438 1.2
      vertex 66.77837059953514 3.6047161962642025 2
      vertex 66.02566541587856 3.8084214233398455 1.2
    endloop
  endfacet
  facet normal -0.7516628141548222 0.04926658370914413 0.6577049623854782
    outer loop
      vertex 66 4.2 1.2
      vertex 66.71967681884024 4.500210242106119 2
      vertex 66.02566541587856 4.5915785766601545 1.2
    endloop
  endfacet
  facet normal -0.7388016550043341 0.14695678622094446 0.6577049623854668
    outer loop
      vertex 66.02566541587856 4.5915785766601545 1.2
      vertex 66.77837059953514 4.795283803735797 2
      vertex 66.1022225211328 4.976457135307562 1.2
    endloop
  endfacet
  facet normal -0.7132993947022053 0.24213251737630836 0.6577049623854752
    outer loop
      vertex 66.1022225211328 4.976457135307562 1.2
      vertex 66.87507707522404 5.080171894439706 2
      vertex 66.22836140246613 5.34805029709527 1.2
    endloop
  endfacet
  facet normal -0.6755923839927521 0.3331652940276202 0.6577049623854752
    outer loop
      vertex 66.22836140246613 5.34805029709527 1.2
      vertex 67.0081415712958 5.35 2
      vertex 66.40192378864668 5.7 1.2
    endloop
  endfacet
  facet normal -0.6263258002835973 0.4184975201272202 0.6577049623854743
    outer loop
      vertex 66.40192378864668 5.7 1.2
      vertex 67.0081415712958 5.35 2
      vertex 66.6199399791263 6.026284287026162 1.2
    endloop
  endfacet
  facet normal -0.5663426084812884 0.49666913762799497 0.6577049623854709
    outer loop
      vertex 66.6199399791263 6.026284287026162 1.2
      vertex 67.17528731733016 5.600151286720058 2
      vertex 66.87867965644035 6.321320343559643 1.2
    endloop
  endfacet
  facet normal -0.4966691376279923 0.5663426084812847 0.657704962385476
    outer loop
      vertex 66.87867965644035 6.321320343559643 1.2
      vertex 67.37365440327095 5.826345596729059 2
      vertex 67.17371571297384 6.580060020873706 1.2
    endloop
  endfacet
  facet normal -0.4184975201272202 0.6263258002836015 0.6577049623854704
    outer loop
      vertex 67.17371571297384 6.580060020873706 1.2
      vertex 67.59984871327994 6.024712682669841 2
      vertex 67.5 6.798076211353316 1.2
    endloop
  endfacet
  facet normal -0.33316529402761125 0.67559238399276 0.6577049623854715
    outer loop
      vertex 67.5 6.798076211353316 1.2
      vertex 67.85 6.191858428704209 2
      vertex 67.85194970290473 6.97163859753386 1.2
    endloop
  endfacet
  facet normal -0.41849752012721775 -0.6263258002836025 0.6577049623854712
    outer loop
      vertex 67.5 1.6019237886466842 1.2
      vertex 67.85 2.2081415712957915 2
      vertex 67.59984871327994 2.3752873173301596 2
    endloop
  endfacet
  facet normal -0.3331652940276134 -0.6755923839927594 0.6577049623854709
    outer loop
      vertex 67.85194970290473 1.4283614024661402 1.2
      vertex 68.11982810556029 2.075077075224041 2
      vertex 67.85 2.2081415712957915 2
    endloop
  endfacet
  facet normal -0.6263258002836098 -0.4184975201272083 0.65770496238547
    outer loop
      vertex 66.6199399791263 2.373715712973838 1.2
      vertex 67.17528731733016 2.7998487132799426 2
      vertex 67.0081415712958 3.0500000000000003 2
    endloop
  endfacet
  facet normal -0.49666913762801723 -0.5663426084812709 0.6577049623854692
    outer loop
      vertex 67.17371571297384 1.8199399791262945 1.2
      vertex 67.59984871327994 2.3752873173301596 2
      vertex 67.37365440327095 2.573654403270941 2
    endloop
  endfacet
  facet normal -0.5663426084812676 -0.49666913762801046 0.6577049623854774
    outer loop
      vertex 66.87867965644035 2.0786796564403573 1.2
      vertex 67.37365440327095 2.573654403270941 2
      vertex 67.17528731733016 2.7998487132799426 2
    endloop
  endfacet
  facet normal -0.7132993947022006 -0.24213251737634756 0.6577049623854656
    outer loop
      vertex 66.1022225211328 3.423542864692438 1.2
      vertex 66.87507707522404 3.3198281055602936 2
      vertex 66.77837059953514 3.6047161962642025 2
    endloop
  endfacet
  facet normal -0.6755923839927529 -0.33316529402761785 0.6577049623854754
    outer loop
      vertex 66.22836140246613 3.051949702904731 1.2
      vertex 67.0081415712958 3.0500000000000003 2
      vertex 66.87507707522404 3.3198281055602936 2
    endloop
  endfacet
  facet normal -0.7388016550043335 -0.1469567862208924 0.6577049623854794
    outer loop
      vertex 66.02566541587856 3.8084214233398455 1.2
      vertex 66.77837059953514 3.6047161962642025 2
      vertex 66.71967681884024 3.8997897578938816 2
    endloop
  endfacet
  facet normal -0.7516628141548246 -0.049266583709160976 0.6577049623854742
    outer loop
      vertex 66 4.2 1.2
      vertex 66.71967681884024 3.8997897578938816 2
      vertex 66.7 4.2 2
    endloop
  endfacet
  facet normal -0.7516628141548246 0.0492665837091609 0.6577049623854742
    outer loop
      vertex 66 4.2 1.2
      vertex 66.7 4.2 2
      vertex 66.71967681884024 4.500210242106119 2
    endloop
  endfacet
  facet normal -0.7388016550043334 0.1469567862208928 0.6577049623854793
    outer loop
      vertex 66.02566541587856 4.5915785766601545 1.2
      vertex 66.71967681884024 4.500210242106119 2
      vertex 66.77837059953514 4.795283803735797 2
    endloop
  endfacet
  facet normal -0.7132993947022006 0.2421325173763475 0.6577049623854657
    outer loop
      vertex 66.1022225211328 4.976457135307562 1.2
      vertex 66.77837059953514 4.795283803735797 2
      vertex 66.87507707522404 5.080171894439706 2
    endloop
  endfacet
  facet normal -0.6755923839927528 0.3331652940276178 0.6577049623854756
    outer loop
      vertex 66.22836140246613 5.34805029709527 1.2
      vertex 66.87507707522404 5.080171894439706 2
      vertex 67.0081415712958 5.35 2
    endloop
  endfacet
  facet normal -0.6263258002836102 0.41849752012720787 0.6577049623854702
    outer loop
      vertex 66.6199399791263 6.026284287026162 1.2
      vertex 67.0081415712958 5.35 2
      vertex 67.17528731733016 5.600151286720058 2
    endloop
  endfacet
  facet normal -0.566342608481267 0.4966691376280109 0.6577049623854775
    outer loop
      vertex 66.87867965644035 6.321320343559643 1.2
      vertex 67.17528731733016 5.600151286720058 2
      vertex 67.37365440327095 5.826345596729059 2
    endloop
  endfacet
  facet normal -0.49666913762801784 0.5663426084812705 0.6577049623854692
    outer loop
      vertex 67.17371571297384 6.580060020873706 1.2
      vertex 67.37365440327095 5.826345596729059 2
      vertex 67.59984871327994 6.024712682669841 2
    endloop
  endfacet
  facet normal -0.41849752012721775 0.6263258002836025 0.6577049623854712
    outer loop
      vertex 67.5 6.798076211353316 1.2
      vertex 67.59984871327994 6.024712682669841 2
      vertex 67.85 6.191858428704209 2
    endloop
  endfacet
  facet normal -0.33316529402761436 0.6755923839927592 0.6577049623854707
    outer loop
      vertex 67.85194970290473 6.97163859753386 1.2
      vertex 67.85 6.191858428704209 2
      vertex 68.11982810556029 6.32492292477596 2
    endloop
  endfacet
  facet normal -0.14695678622091773 -0.7388016550043336 0.6577049623854735
    outer loop
      vertex 68.22354286469243 1.3022225211327951 1.2
      vertex 68.60842142333985 1.2256654158785691 1.2
      vertex 68.4047161962642 1.9783705995351433 2
    endloop
  endfacet
  facet normal -0.049266583709154946 -0.751662814154826 0.6577049623854727
    outer loop
      vertex 68.60842142333985 1.2256654158785691 1.2
      vertex 69 1.2000000000000002 1.2
      vertex 68.69978975789388 1.9196768188402364 2
    endloop
  endfacet
  facet normal -0.24213251737633493 -0.7132993947021995 0.6577049623854717
    outer loop
      vertex 67.85194970290473 1.4283614024661402 1.2
      vertex 68.22354286469243 1.3022225211327951 1.2
      vertex 68.11982810556029 2.075077075224041 2
    endloop
  endfacet
  facet normal 0.049266583709154946 -0.751662814154826 0.6577049623854727
    outer loop
      vertex 69 1.2000000000000002 1.2
      vertex 69.39157857666015 1.2256654158785691 1.2
      vertex 69.30021024210612 1.9196768188402364 2
    endloop
  endfacet
  facet normal 0.14695678622091773 -0.7388016550043336 0.6577049623854735
    outer loop
      vertex 69.39157857666015 1.2256654158785691 1.2
      vertex 69.77645713530757 1.3022225211327951 1.2
      vertex 69.5952838037358 1.9783705995351433 2
    endloop
  endfacet
  facet normal 0.24213251737633493 -0.7132993947021995 0.6577049623854717
    outer loop
      vertex 69.77645713530757 1.3022225211327951 1.2
      vertex 70.14805029709527 1.4283614024661402 1.2
      vertex 69.88017189443971 2.075077075224041 2
    endloop
  endfacet
  facet normal 0.33316529402761125 -0.67559238399276 0.6577049623854715
    outer loop
      vertex 70.14805029709527 1.4283614024661402 1.2
      vertex 70.5 1.6019237886466842 1.2
      vertex 70.15 2.2081415712957915 2
    endloop
  endfacet
  facet normal 0.4184975201272202 -0.6263258002836015 0.6577049623854704
    outer loop
      vertex 70.5 1.6019237886466842 1.2
      vertex 70.82628428702616 1.8199399791262945 1.2
      vertex 70.40015128672006 2.3752873173301596 2
    endloop
  endfacet
  facet normal 0.4966691376279924 -0.5663426084812848 0.6577049623854759
    outer loop
      vertex 70.82628428702616 1.8199399791262945 1.2
      vertex 71.12132034355965 2.0786796564403573 1.2
      vertex 70.62634559672905 2.573654403270941 2
    endloop
  endfacet
  facet normal 0.5663426084812884 -0.49666913762799497 0.6577049623854709
    outer loop
      vertex 71.12132034355965 2.0786796564403573 1.2
      vertex 71.3800600208737 2.373715712973838 1.2
      vertex 70.82471268266984 2.7998487132799426 2
    endloop
  endfacet
  facet normal 0.6263258002835975 -0.4184975201272203 0.6577049623854743
    outer loop
      vertex 71.3800600208737 2.373715712973838 1.2
      vertex 71.59807621135332 2.7 1.2
      vertex 70.9918584287042 3.0500000000000003 2
    endloop
  endfacet
  facet normal 0.6755923839927523 -0.3331652940276198 0.6577049623854748
    outer loop
      vertex 71.59807621135332 2.7 1.2
      vertex 71.77163859753387 3.051949702904731 1.2
      vertex 70.9918584287042 3.0500000000000003 2
    endloop
  endfacet
  facet normal 0.7132993947022053 -0.24213251737630864 0.657704962385475
    outer loop
      vertex 71.77163859753387 3.051949702904731 1.2
      vertex 71.8977774788672 3.423542864692438 1.2
      vertex 71.12492292477596 3.3198281055602936 2
    endloop
  endfacet
  facet normal 0.7388016550043341 -0.1469567862209446 0.6577049623854667
    outer loop
      vertex 71.8977774788672 3.423542864692438 1.2
      vertex 71.97433458412144 3.8084214233398455 1.2
      vertex 71.22162940046486 3.6047161962642025 2
    endloop
  endfacet
  facet normal 0.7516628141548222 -0.049266583709144066 0.6577049623854782
    outer loop
      vertex 71.97433458412144 3.8084214233398455 1.2
      vertex 72 4.2 1.2
      vertex 71.28032318115976 3.8997897578938816 2
    endloop
  endfacet
  facet normal 0.6755923839927521 0.3331652940276202 0.6577049623854752
    outer loop
      vertex 71.77163859753387 5.34805029709527 1.2
      vertex 71.59807621135332 5.7 1.2
      vertex 70.9918584287042 5.35 2
    endloop
  endfacet
  facet normal 0.6263258002835973 0.4184975201272202 0.6577049623854743
    outer loop
      vertex 71.3800600208737 6.026284287026162 1.2
      vertex 70.9918584287042 5.35 2
      vertex 71.59807621135332 5.7 1.2
    endloop
  endfacet
  facet normal 0.5663426084812884 0.49666913762799497 0.6577049623854709
    outer loop
      vertex 71.3800600208737 6.026284287026162 1.2
      vertex 71.12132034355965 6.321320343559643 1.2
      vertex 70.82471268266984 5.600151286720058 2
    endloop
  endfacet
  facet normal -0.24213251737633498 0.7132993947021997 0.6577049623854715
    outer loop
      vertex 67.85194970290473 6.97163859753386 1.2
      vertex 68.11982810556029 6.32492292477596 2
      vertex 68.22354286469243 7.097777478867205 1.2
    endloop
  endfacet
  facet normal -0.14695678622091773 0.7388016550043336 0.6577049623854735
    outer loop
      vertex 68.22354286469243 7.097777478867205 1.2
      vertex 68.4047161962642 6.421629400464857 2
      vertex 68.60842142333985 7.174334584121431 1.2
    endloop
  endfacet
  facet normal -0.049266583709154946 0.751662814154826 0.6577049623854727
    outer loop
      vertex 68.60842142333985 7.174334584121431 1.2
      vertex 68.69978975789388 6.480323181159764 2
      vertex 69 7.2 1.2
    endloop
  endfacet
  facet normal 0.049266583709154946 0.751662814154826 0.6577049623854727
    outer loop
      vertex 69 7.2 1.2
      vertex 69.30021024210612 6.480323181159764 2
      vertex 69.39157857666015 7.174334584121431 1.2
    endloop
  endfacet
  facet normal 0.14695678622091773 0.7388016550043336 0.6577049623854735
    outer loop
      vertex 69.39157857666015 7.174334584121431 1.2
      vertex 69.5952838037358 6.421629400464857 2
      vertex 69.77645713530757 7.097777478867205 1.2
    endloop
  endfacet
  facet normal 0.33316529402761125 0.67559238399276 0.6577049623854715
    outer loop
      vertex 70.14805029709527 6.97163859753386 1.2
      vertex 70.15 6.191858428704209 2
      vertex 70.5 6.798076211353316 1.2
    endloop
  endfacet
  facet normal 0.4184975201272202 0.6263258002836015 0.6577049623854704
    outer loop
      vertex 70.5 6.798076211353316 1.2
      vertex 70.40015128672006 6.024712682669841 2
      vertex 70.82628428702616 6.580060020873706 1.2
    endloop
  endfacet
  facet normal 0.24213251737633498 0.7132993947021997 0.6577049623854715
    outer loop
      vertex 69.77645713530757 7.097777478867205 1.2
      vertex 69.88017189443971 6.32492292477596 2
      vertex 70.14805029709527 6.97163859753386 1.2
    endloop
  endfacet
  facet normal 0.4966691376279923 0.5663426084812847 0.657704962385476
    outer loop
      vertex 70.82628428702616 6.580060020873706 1.2
      vertex 70.62634559672905 5.826345596729059 2
      vertex 71.12132034355965 6.321320343559643 1.2
    endloop
  endfacet
  facet normal 0.7516628141548222 0.04926658370914413 0.6577049623854782
    outer loop
      vertex 72 4.2 1.2
      vertex 71.97433458412144 4.5915785766601545 1.2
      vertex 71.28032318115976 4.500210242106119 2
    endloop
  endfacet
  facet normal 0.7388016550043341 0.14695678622094446 0.6577049623854668
    outer loop
      vertex 71.97433458412144 4.5915785766601545 1.2
      vertex 71.8977774788672 4.976457135307562 1.2
      vertex 71.22162940046486 4.795283803735797 2
    endloop
  endfacet
  facet normal 0.7132993947022053 0.24213251737630836 0.6577049623854752
    outer loop
      vertex 71.8977774788672 4.976457135307562 1.2
      vertex 71.77163859753387 5.34805029709527 1.2
      vertex 71.12492292477596 5.080171894439706 2
    endloop
  endfacet
  facet normal -0.24213251737632482 -0.7132993947022007 0.657704962385474
    outer loop
      vertex 68.22354286469243 1.3022225211327951 1.2
      vertex 68.4047161962642 1.9783705995351433 2
      vertex 68.11982810556029 2.075077075224041 2
    endloop
  endfacet
  facet normal -0.1469567862209217 -0.7388016550043337 0.6577049623854725
    outer loop
      vertex 68.60842142333985 1.2256654158785691 1.2
      vertex 68.69978975789388 1.9196768188402364 2
      vertex 68.4047161962642 1.9783705995351433 2
    endloop
  endfacet
  facet normal -0.04926658370915419 -0.7516628141548259 0.6577049623854729
    outer loop
      vertex 69 1.2000000000000002 1.2
      vertex 69 1.9000000000000004 2
      vertex 68.69978975789388 1.9196768188402364 2
    endloop
  endfacet
  facet normal 0.04926658370915419 -0.7516628141548259 0.6577049623854729
    outer loop
      vertex 69 1.2000000000000002 1.2
      vertex 69.30021024210612 1.9196768188402364 2
      vertex 69 1.9000000000000004 2
    endloop
  endfacet
  facet normal 0.1469567862209217 -0.7388016550043337 0.6577049623854725
    outer loop
      vertex 69.39157857666015 1.2256654158785691 1.2
      vertex 69.5952838037358 1.9783705995351433 2
      vertex 69.30021024210612 1.9196768188402364 2
    endloop
  endfacet
  facet normal 0.24213251737632482 -0.7132993947022007 0.657704962385474
    outer loop
      vertex 69.77645713530757 1.3022225211327951 1.2
      vertex 69.88017189443971 2.075077075224041 2
      vertex 69.5952838037358 1.9783705995351433 2
    endloop
  endfacet
  facet normal 0.3331652940276134 -0.6755923839927594 0.6577049623854709
    outer loop
      vertex 70.14805029709527 1.4283614024661402 1.2
      vertex 70.15 2.2081415712957915 2
      vertex 69.88017189443971 2.075077075224041 2
    endloop
  endfacet
  facet normal 0.41849752012721775 -0.6263258002836025 0.6577049623854712
    outer loop
      vertex 70.5 1.6019237886466842 1.2
      vertex 70.40015128672006 2.3752873173301596 2
      vertex 70.15 2.2081415712957915 2
    endloop
  endfacet
  facet normal 0.49666913762801723 -0.5663426084812709 0.6577049623854692
    outer loop
      vertex 70.82628428702616 1.8199399791262945 1.2
      vertex 70.62634559672905 2.573654403270941 2
      vertex 70.40015128672006 2.3752873173301596 2
    endloop
  endfacet
  facet normal 0.5663426084812676 -0.49666913762801046 0.6577049623854774
    outer loop
      vertex 71.12132034355965 2.0786796564403573 1.2
      vertex 70.82471268266984 2.7998487132799426 2
      vertex 70.62634559672905 2.573654403270941 2
    endloop
  endfacet
  facet normal 0.6263258002836098 -0.4184975201272083 0.65770496238547
    outer loop
      vertex 71.3800600208737 2.373715712973838 1.2
      vertex 70.9918584287042 3.0500000000000003 2
      vertex 70.82471268266984 2.7998487132799426 2
    endloop
  endfacet
  facet normal 0.6755923839927529 -0.33316529402761785 0.6577049623854754
    outer loop
      vertex 71.77163859753387 3.051949702904731 1.2
      vertex 71.12492292477596 3.3198281055602936 2
      vertex 70.9918584287042 3.0500000000000003 2
    endloop
  endfacet
  facet normal 0.7132993947022006 -0.24213251737634756 0.6577049623854656
    outer loop
      vertex 71.8977774788672 3.423542864692438 1.2
      vertex 71.22162940046486 3.6047161962642025 2
      vertex 71.12492292477596 3.3198281055602936 2
    endloop
  endfacet
  facet normal 0.7388016550043335 -0.1469567862208924 0.6577049623854794
    outer loop
      vertex 71.97433458412144 3.8084214233398455 1.2
      vertex 71.28032318115976 3.8997897578938816 2
      vertex 71.22162940046486 3.6047161962642025 2
    endloop
  endfacet
  facet normal 0.7516628141548246 -0.049266583709160976 0.6577049623854742
    outer loop
      vertex 72 4.2 1.2
      vertex 71.3 4.2 2
      vertex 71.28032318115976 3.8997897578938816 2
    endloop
  endfacet
  facet normal 0.7388016550043334 0.1469567862208928 0.6577049623854793
    outer loop
      vertex 71.97433458412144 4.5915785766601545 1.2
      vertex 71.22162940046486 4.795283803735797 2
      vertex 71.28032318115976 4.500210242106119 2
    endloop
  endfacet
  facet normal 0.7132993947022006 0.2421325173763475 0.6577049623854657
    outer loop
      vertex 71.8977774788672 4.976457135307562 1.2
      vertex 71.12492292477596 5.080171894439706 2
      vertex 71.22162940046486 4.795283803735797 2
    endloop
  endfacet
  facet normal 0.49666913762801784 0.5663426084812705 0.6577049623854692
    outer loop
      vertex 70.82628428702616 6.580060020873706 1.2
      vertex 70.40015128672006 6.024712682669841 2
      vertex 70.62634559672905 5.826345596729059 2
    endloop
  endfacet
  facet normal 0.6755923839927528 0.3331652940276178 0.6577049623854756
    outer loop
      vertex 71.77163859753387 5.34805029709527 1.2
      vertex 70.9918584287042 5.35 2
      vertex 71.12492292477596 5.080171894439706 2
    endloop
  endfacet
  facet normal 0.6263258002836102 0.41849752012720787 0.6577049623854702
    outer loop
      vertex 71.3800600208737 6.026284287026162 1.2
      vertex 70.82471268266984 5.600151286720058 2
      vertex 70.9918584287042 5.35 2
    endloop
  endfacet
  facet normal 0.566342608481267 0.4966691376280109 0.6577049623854775
    outer loop
      vertex 71.12132034355965 6.321320343559643 1.2
      vertex 70.62634559672905 5.826345596729059 2
      vertex 70.82471268266984 5.600151286720058 2
    endloop
  endfacet
  facet normal -0.24213251737632385 0.7132993947022009 0.6577049623854742
    outer loop
      vertex 68.22354286469243 7.097777478867205 1.2
      vertex 68.11982810556029 6.32492292477596 2
      vertex 68.4047161962642 6.421629400464857 2
    endloop
  endfacet
  facet normal -0.1469567862209217 0.7388016550043337 0.6577049623854725
    outer loop
      vertex 68.60842142333985 7.174334584121431 1.2
      vertex 68.4047161962642 6.421629400464857 2
      vertex 68.69978975789388 6.480323181159764 2
    endloop
  endfacet
  facet normal 0.1469567862209217 0.7388016550043337 0.6577049623854725
    outer loop
      vertex 69.39157857666015 7.174334584121431 1.2
      vertex 69.30021024210612 6.480323181159764 2
      vertex 69.5952838037358 6.421629400464857 2
    endloop
  endfacet
  facet normal -0.04926658370915419 0.7516628141548259 0.6577049623854729
    outer loop
      vertex 69 7.2 1.2
      vertex 68.69978975789388 6.480323181159764 2
      vertex 69 6.5 2
    endloop
  endfacet
  facet normal 0.04926658370915419 0.7516628141548259 0.6577049623854729
    outer loop
      vertex 69 7.2 1.2
      vertex 69 6.5 2
      vertex 69.30021024210612 6.480323181159764 2
    endloop
  endfacet
  facet normal 0.24213251737632385 0.7132993947022009 0.6577049623854742
    outer loop
      vertex 69.77645713530757 7.097777478867205 1.2
      vertex 69.5952838037358 6.421629400464857 2
      vertex 69.88017189443971 6.32492292477596 2
    endloop
  endfacet
  facet normal 0.33316529402761436 0.6755923839927592 0.6577049623854707
    outer loop
      vertex 70.14805029709527 6.97163859753386 1.2
      vertex 69.88017189443971 6.32492292477596 2
      vertex 70.15 6.191858428704209 2
    endloop
  endfacet
  facet normal 0.41849752012721775 0.6263258002836025 0.6577049623854712
    outer loop
      vertex 70.5 6.798076211353316 1.2
      vertex 70.15 6.191858428704209 2
      vertex 70.40015128672006 6.024712682669841 2
    endloop
  endfacet
  facet normal 0.7516628141548246 0.0492665837091609 0.6577049623854742
    outer loop
      vertex 72 4.2 1.2
      vertex 71.28032318115976 4.500210242106119 2
      vertex 71.3 4.2 2
    endloop
  endfacet
  facet normal -0.32143946530315504 -0.9469301294951079 0
    outer loop
      vertex 99.4047161962642 1.9783705995351433 2
      vertex 99.11982810556029 2.075077075224041 2.635
      vertex 99.11982810556029 2.075077075224041 2
    endloop
  endfacet
  facet normal -0.9807852804032378 -0.19509032201609114 0
    outer loop
      vertex 97.71967681884024 3.8997897578938816 2
      vertex 97.77837059953514 3.6047161962642025 2
      vertex 97.71967681884024 3.8997897578938816 2.635
    endloop
  endfacet
  facet normal -0.9978589232386029 -0.06540312923015201 0
    outer loop
      vertex 97.71967681884024 3.8997897578938816 2
      vertex 97.7 4.2 2.635
      vertex 97.7 4.2 2
    endloop
  endfacet
  facet normal -0.6593458151000842 -0.751839807478964 0
    outer loop
      vertex 98.37365440327095 2.573654403270941 2
      vertex 98.59984871327994 2.3752873173301596 2
      vertex 98.37365440327095 2.573654403270941 2.635
    endloop
  endfacet
  facet normal -0.8314696123025507 -0.5555702330195941 0
    outer loop
      vertex 98.17528731733016 2.7998487132799426 2
      vertex 98.0081415712958 3.0500000000000003 2.635
      vertex 98.0081415712958 3.0500000000000003 2
    endloop
  endfacet
  facet normal -0.7518398074789665 -0.6593458151000814 0
    outer loop
      vertex 98.37365440327095 2.573654403270941 2
      vertex 98.17528731733016 2.7998487132799426 2.635
      vertex 98.17528731733016 2.7998487132799426 2
    endloop
  endfacet
  facet normal -0.555570233019607 -0.8314696123025421 0
    outer loop
      vertex 98.59984871327994 2.3752873173301596 2
      vertex 98.85 2.2081415712957915 2
      vertex 98.59984871327994 2.3752873173301596 2.635
    endloop
  endfacet
  facet normal -0.44228869021900086 -0.8968727415326886 0
    outer loop
      vertex 98.85 2.2081415712957915 2
      vertex 99.11982810556029 2.075077075224041 2
      vertex 98.85 2.2081415712957915 2.635
    endloop
  endfacet
  facet normal -0.8968727415326844 -0.4422886902190092 0
    outer loop
      vertex 98.0081415712958 3.0500000000000003 2
      vertex 97.87507707522404 3.3198281055602936 2.635
      vertex 97.87507707522404 3.3198281055602936 2
    endloop
  endfacet
  facet normal -0.9469301294950987 -0.3214394653031821 0
    outer loop
      vertex 97.87507707522404 3.3198281055602936 2
      vertex 97.77837059953514 3.6047161962642025 2.635
      vertex 97.77837059953514 3.6047161962642025 2
    endloop
  endfacet
  facet normal -0.19509032201612864 -0.9807852804032303 0
    outer loop
      vertex 99.4047161962642 1.9783705995351433 2
      vertex 99.69978975789388 1.9196768188402364 2
      vertex 99.4047161962642 1.9783705995351433 2.635
    endloop
  endfacet
  facet normal -0.0654031292301433 -0.9978589232386036 0
    outer loop
      vertex 99.69978975789388 1.9196768188402364 2
      vertex 100 1.9000000000000004 2
      vertex 99.69978975789388 1.9196768188402364 2.635
    endloop
  endfacet
  facet normal 0.0654031292301433 -0.9978589232386036 0
    outer loop
      vertex 100 1.9000000000000004 2
      vertex 100.30021024210612 1.9196768188402364 2
      vertex 100 1.9000000000000004 2.635
    endloop
  endfacet
  facet normal 0.19509032201612864 -0.9807852804032303 0
    outer loop
      vertex 100.30021024210612 1.9196768188402364 2
      vertex 100.5952838037358 1.9783705995351433 2
      vertex 100.30021024210612 1.9196768188402364 2.635
    endloop
  endfacet
  facet normal 0.32143946530315504 -0.9469301294951079 0
    outer loop
      vertex 100.5952838037358 1.9783705995351433 2
      vertex 100.88017189443971 2.075077075224041 2
      vertex 100.5952838037358 1.9783705995351433 2.635
    endloop
  endfacet
  facet normal 0.44228869021900086 -0.8968727415326886 0
    outer loop
      vertex 100.88017189443971 2.075077075224041 2
      vertex 101.15 2.2081415712957915 2
      vertex 100.88017189443971 2.075077075224041 2.635
    endloop
  endfacet
  facet normal 0.555570233019607 -0.8314696123025421 0
    outer loop
      vertex 101.15 2.2081415712957915 2
      vertex 101.40015128672006 2.3752873173301596 2
      vertex 101.15 2.2081415712957915 2.635
    endloop
  endfacet
  facet normal 0.6593458151000842 -0.751839807478964 0
    outer loop
      vertex 101.40015128672006 2.3752873173301596 2
      vertex 101.62634559672905 2.573654403270941 2
      vertex 101.40015128672006 2.3752873173301596 2.635
    endloop
  endfacet
  facet normal 0.7518398074789665 -0.6593458151000814 0
    outer loop
      vertex 101.62634559672905 2.573654403270941 2
      vertex 101.82471268266984 2.7998487132799426 2
      vertex 101.62634559672905 2.573654403270941 2.635
    endloop
  endfacet
  facet normal 0.8314696123025507 -0.5555702330195941 0
    outer loop
      vertex 101.82471268266984 2.7998487132799426 2
      vertex 101.9918584287042 3.0500000000000003 2
      vertex 101.82471268266984 2.7998487132799426 2.635
    endloop
  endfacet
  facet normal 0.8968727415326844 -0.4422886902190092 0
    outer loop
      vertex 101.9918584287042 3.0500000000000003 2
      vertex 102.12492292477596 3.3198281055602936 2
      vertex 101.9918584287042 3.0500000000000003 2.635
    endloop
  endfacet
  facet normal 0.9469301294950987 -0.3214394653031821 0
    outer loop
      vertex 102.12492292477596 3.3198281055602936 2
      vertex 102.22162940046486 3.6047161962642025 2
      vertex 102.12492292477596 3.3198281055602936 2.635
    endloop
  endfacet
  facet normal 0.9807852804032378 -0.19509032201609114 0
    outer loop
      vertex 102.22162940046486 3.6047161962642025 2
      vertex 102.28032318115976 3.8997897578938816 2
      vertex 102.22162940046486 3.6047161962642025 2.635
    endloop
  endfacet
  facet normal 0.9978589232386029 -0.06540312923015201 0
    outer loop
      vertex 102.28032318115976 3.8997897578938816 2
      vertex 102.3 4.2 2
      vertex 102.28032318115976 3.8997897578938816 2.635
    endloop
  endfacet
  facet normal -0.9978589232386029 0.06540312923015192 0
    outer loop
      vertex 97.7 4.2 2
      vertex 97.71967681884024 4.500210242106119 2.635
      vertex 97.71967681884024 4.500210242106119 2
    endloop
  endfacet
  facet normal -0.9807852804032378 0.19509032201609172 0
    outer loop
      vertex 97.71967681884024 4.500210242106119 2
      vertex 97.77837059953514 4.795283803735797 2.635
      vertex 97.77837059953514 4.795283803735797 2
    endloop
  endfacet
  facet normal -0.9469301294950987 0.3214394653031821 0
    outer loop
      vertex 97.77837059953514 4.795283803735797 2
      vertex 97.87507707522404 5.080171894439706 2.635
      vertex 97.87507707522404 5.080171894439706 2
    endloop
  endfacet
  facet normal -0.8968727415326844 0.4422886902190092 0
    outer loop
      vertex 97.87507707522404 5.080171894439706 2
      vertex 98.0081415712958 5.35 2.635
      vertex 98.0081415712958 5.35 2
    endloop
  endfacet
  facet normal -0.8314696123025511 0.5555702330195934 0
    outer loop
      vertex 98.0081415712958 5.35 2
      vertex 98.17528731733016 5.600151286720058 2.635
      vertex 98.17528731733016 5.600151286720058 2
    endloop
  endfacet
  facet normal -0.7518398074789657 0.6593458151000822 0
    outer loop
      vertex 98.17528731733016 5.600151286720058 2
      vertex 98.37365440327095 5.826345596729059 2.635
      vertex 98.37365440327095 5.826345596729059 2
    endloop
  endfacet
  facet normal -0.659345815100085 0.7518398074789632 0
    outer loop
      vertex 98.37365440327095 5.826345596729059 2
      vertex 98.59984871327994 6.024712682669841 2.635
      vertex 98.59984871327994 6.024712682669841 2
    endloop
  endfacet
  facet normal -0.555570233019607 0.8314696123025421 0
    outer loop
      vertex 98.59984871327994 6.024712682669841 2
      vertex 98.85 6.191858428704209 2.635
      vertex 98.85 6.191858428704209 2
    endloop
  endfacet
  facet normal -0.4422886902190021 0.8968727415326879 0
    outer loop
      vertex 98.85 6.191858428704209 2
      vertex 99.11982810556029 6.32492292477596 2.635
      vertex 99.11982810556029 6.32492292477596 2
    endloop
  endfacet
  facet normal -0.3214394653031537 0.9469301294951084 0
    outer loop
      vertex 99.11982810556029 6.32492292477596 2
      vertex 99.4047161962642 6.421629400464857 2.635
      vertex 99.4047161962642 6.421629400464857 2
    endloop
  endfacet
  facet normal 0.9978589232386029 0.06540312923015192 0
    outer loop
      vertex 102.3 4.2 2
      vertex 102.28032318115976 4.500210242106119 2
      vertex 102.3 4.2 2.635
    endloop
  endfacet
  facet normal 0.9807852804032378 0.19509032201609172 0
    outer loop
      vertex 102.28032318115976 4.500210242106119 2
      vertex 102.22162940046486 4.795283803735797 2
      vertex 102.28032318115976 4.500210242106119 2.635
    endloop
  endfacet
  facet normal 0.9469301294950987 0.3214394653031821 0
    outer loop
      vertex 102.12492292477596 5.080171894439706 2
      vertex 102.22162940046486 4.795283803735797 2.635
      vertex 102.22162940046486 4.795283803735797 2
    endloop
  endfacet
  facet normal 0.8968727415326844 0.4422886902190092 0
    outer loop
      vertex 102.12492292477596 5.080171894439706 2
      vertex 101.9918584287042 5.35 2
      vertex 102.12492292477596 5.080171894439706 2.635
    endloop
  endfacet
  facet normal 0.8314696123025511 0.5555702330195934 0
    outer loop
      vertex 101.9918584287042 5.35 2
      vertex 101.82471268266984 5.600151286720058 2
      vertex 101.9918584287042 5.35 2.635
    endloop
  endfacet
  facet normal 0.659345815100085 0.7518398074789632 0
    outer loop
      vertex 101.62634559672905 5.826345596729059 2
      vertex 101.40015128672006 6.024712682669841 2
      vertex 101.62634559672905 5.826345596729059 2.635
    endloop
  endfacet
  facet normal 0.555570233019607 0.8314696123025421 0
    outer loop
      vertex 101.40015128672006 6.024712682669841 2
      vertex 101.15 6.191858428704209 2
      vertex 101.40015128672006 6.024712682669841 2.635
    endloop
  endfacet
  facet normal 0.7518398074789657 0.6593458151000822 0
    outer loop
      vertex 101.82471268266984 5.600151286720058 2
      vertex 101.62634559672905 5.826345596729059 2
      vertex 101.82471268266984 5.600151286720058 2.635
    endloop
  endfacet
  facet normal -0.19509032201612864 0.9807852804032303 0
    outer loop
      vertex 99.4047161962642 6.421629400464857 2
      vertex 99.69978975789388 6.480323181159764 2.635
      vertex 99.69978975789388 6.480323181159764 2
    endloop
  endfacet
  facet normal -0.0654031292301433 0.9978589232386036 0
    outer loop
      vertex 99.69978975789388 6.480323181159764 2
      vertex 100 6.5 2.635
      vertex 100 6.5 2
    endloop
  endfacet
  facet normal 0.0654031292301433 0.9978589232386036 0
    outer loop
      vertex 100 6.5 2
      vertex 100.30021024210612 6.480323181159764 2.635
      vertex 100.30021024210612 6.480323181159764 2
    endloop
  endfacet
  facet normal 0.19509032201612864 0.9807852804032303 0
    outer loop
      vertex 100.30021024210612 6.480323181159764 2
      vertex 100.5952838037358 6.421629400464857 2.635
      vertex 100.5952838037358 6.421629400464857 2
    endloop
  endfacet
  facet normal 0.3214394653031537 0.9469301294951084 0
    outer loop
      vertex 100.5952838037358 6.421629400464857 2
      vertex 100.88017189443971 6.32492292477596 2.635
      vertex 100.88017189443971 6.32492292477596 2
    endloop
  endfacet
  facet normal 0.4422886902190021 0.8968727415326879 0
    outer loop
      vertex 100.88017189443971 6.32492292477596 2
      vertex 101.15 6.191858428704209 2.635
      vertex 101.15 6.191858428704209 2
    endloop
  endfacet
  facet normal -0.32143946530315504 -0.9469301294951079 0
    outer loop
      vertex 99.4047161962642 1.9783705995351433 2
      vertex 99.4047161962642 1.9783705995351433 2.635
      vertex 99.11982810556029 2.075077075224041 2.635
    endloop
  endfacet
  facet normal -0.9978589232386029 -0.06540312923015201 0
    outer loop
      vertex 97.71967681884024 3.8997897578938816 2
      vertex 97.71967681884024 3.8997897578938816 2.635
      vertex 97.7 4.2 2.635
    endloop
  endfacet
  facet normal -0.6593458151000842 -0.751839807478964 0
    outer loop
      vertex 98.59984871327994 2.3752873173301596 2
      vertex 98.59984871327994 2.3752873173301596 2.635
      vertex 98.37365440327095 2.573654403270941 2.635
    endloop
  endfacet
  facet normal -0.8314696123025507 -0.5555702330195941 0
    outer loop
      vertex 98.17528731733016 2.7998487132799426 2
      vertex 98.17528731733016 2.7998487132799426 2.635
      vertex 98.0081415712958 3.0500000000000003 2.635
    endloop
  endfacet
  facet normal -0.7518398074789665 -0.6593458151000814 0
    outer loop
      vertex 98.37365440327095 2.573654403270941 2
      vertex 98.37365440327095 2.573654403270941 2.635
      vertex 98.17528731733016 2.7998487132799426 2.635
    endloop
  endfacet
  facet normal -0.555570233019607 -0.8314696123025421 0
    outer loop
      vertex 98.85 2.2081415712957915 2
      vertex 98.85 2.2081415712957915 2.635
      vertex 98.59984871327994 2.3752873173301596 2.635
    endloop
  endfacet
  facet normal -0.44228869021900086 -0.8968727415326886 0
    outer loop
      vertex 99.11982810556029 2.075077075224041 2
      vertex 99.11982810556029 2.075077075224041 2.635
      vertex 98.85 2.2081415712957915 2.635
    endloop
  endfacet
  facet normal -0.8968727415326844 -0.4422886902190092 0
    outer loop
      vertex 98.0081415712958 3.0500000000000003 2
      vertex 98.0081415712958 3.0500000000000003 2.635
      vertex 97.87507707522404 3.3198281055602936 2.635
    endloop
  endfacet
  facet normal -0.9469301294950987 -0.3214394653031821 0
    outer loop
      vertex 97.87507707522404 3.3198281055602936 2
      vertex 97.87507707522404 3.3198281055602936 2.635
      vertex 97.77837059953514 3.6047161962642025 2.635
    endloop
  endfacet
  facet normal -0.9807852804032378 -0.19509032201609114 0
    outer loop
      vertex 97.77837059953514 3.6047161962642025 2
      vertex 97.77837059953514 3.6047161962642025 2.635
      vertex 97.71967681884024 3.8997897578938816 2.635
    endloop
  endfacet
  facet normal -0.19509032201612864 -0.9807852804032303 0
    outer loop
      vertex 99.69978975789388 1.9196768188402364 2
      vertex 99.69978975789388 1.9196768188402364 2.635
      vertex 99.4047161962642 1.9783705995351433 2.635
    endloop
  endfacet
  facet normal -0.0654031292301433 -0.9978589232386036 0
    outer loop
      vertex 100 1.9000000000000004 2
      vertex 100 1.9000000000000004 2.635
      vertex 99.69978975789388 1.9196768188402364 2.635
    endloop
  endfacet
  facet normal 0.0654031292301433 -0.9978589232386036 0
    outer loop
      vertex 100.30021024210612 1.9196768188402364 2
      vertex 100.30021024210612 1.9196768188402364 2.635
      vertex 100 1.9000000000000004 2.635
    endloop
  endfacet
  facet normal 0.19509032201612864 -0.9807852804032303 0
    outer loop
      vertex 100.5952838037358 1.9783705995351433 2
      vertex 100.5952838037358 1.9783705995351433 2.635
      vertex 100.30021024210612 1.9196768188402364 2.635
    endloop
  endfacet
  facet normal 0.32143946530315504 -0.9469301294951079 0
    outer loop
      vertex 100.88017189443971 2.075077075224041 2
      vertex 100.88017189443971 2.075077075224041 2.635
      vertex 100.5952838037358 1.9783705995351433 2.635
    endloop
  endfacet
  facet normal 0.44228869021900086 -0.8968727415326886 0
    outer loop
      vertex 101.15 2.2081415712957915 2
      vertex 101.15 2.2081415712957915 2.635
      vertex 100.88017189443971 2.075077075224041 2.635
    endloop
  endfacet
  facet normal 0.555570233019607 -0.8314696123025421 0
    outer loop
      vertex 101.40015128672006 2.3752873173301596 2
      vertex 101.40015128672006 2.3752873173301596 2.635
      vertex 101.15 2.2081415712957915 2.635
    endloop
  endfacet
  facet normal 0.6593458151000842 -0.751839807478964 0
    outer loop
      vertex 101.62634559672905 2.573654403270941 2
      vertex 101.62634559672905 2.573654403270941 2.635
      vertex 101.40015128672006 2.3752873173301596 2.635
    endloop
  endfacet
  facet normal 0.7518398074789665 -0.6593458151000814 0
    outer loop
      vertex 101.82471268266984 2.7998487132799426 2
      vertex 101.82471268266984 2.7998487132799426 2.635
      vertex 101.62634559672905 2.573654403270941 2.635
    endloop
  endfacet
  facet normal 0.8314696123025507 -0.5555702330195941 0
    outer loop
      vertex 101.9918584287042 3.0500000000000003 2
      vertex 101.9918584287042 3.0500000000000003 2.635
      vertex 101.82471268266984 2.7998487132799426 2.635
    endloop
  endfacet
  facet normal 0.8968727415326844 -0.4422886902190092 0
    outer loop
      vertex 102.12492292477596 3.3198281055602936 2
      vertex 102.12492292477596 3.3198281055602936 2.635
      vertex 101.9918584287042 3.0500000000000003 2.635
    endloop
  endfacet
  facet normal 0.9469301294950987 -0.3214394653031821 0
    outer loop
      vertex 102.22162940046486 3.6047161962642025 2
      vertex 102.22162940046486 3.6047161962642025 2.635
      vertex 102.12492292477596 3.3198281055602936 2.635
    endloop
  endfacet
  facet normal 0.9807852804032378 -0.19509032201609114 0
    outer loop
      vertex 102.28032318115976 3.8997897578938816 2
      vertex 102.28032318115976 3.8997897578938816 2.635
      vertex 102.22162940046486 3.6047161962642025 2.635
    endloop
  endfacet
  facet normal 0.9978589232386029 -0.06540312923015201 0
    outer loop
      vertex 102.3 4.2 2
      vertex 102.3 4.2 2.635
      vertex 102.28032318115976 3.8997897578938816 2.635
    endloop
  endfacet
  facet normal 0 0 1
    outer loop
      vertex 97.71967681884024 3.8997897578938816 2.635
      vertex 97.77837059953514 3.6047161962642025 2.635
      vertex 97.71967681884024 4.500210242106119 2.635
    endloop
  endfacet
  facet normal 0 0 1
    outer loop
      vertex 98.85 2.2081415712957915 2.635
      vertex 99.11982810556029 2.075077075224041 2.635
      vertex 99.01005050633883 3.210050506338834 2.635
    endloop
  endfacet
  facet normal 0 0 1
    outer loop
      vertex 99.4047161962642 1.9783705995351433 2.635
      vertex 99.3 2.9875644347017865 2.635
      vertex 99.11982810556029 2.075077075224041 2.635
    endloop
  endfacet
  facet normal 0 0 1
    outer loop
      vertex 98.59984871327994 2.3752873173301596 2.635
      vertex 98.85 2.2081415712957915 2.635
      vertex 98.7065686544842 3.6642431946888747 2.635
    endloop
  endfacet
  facet normal 0 0 1
    outer loop
      vertex 98.85 2.2081415712957915 2.635
      vertex 98.88930532359227 3.347733999387791 2.635
      vertex 98.78756443470179 3.5 2.635
    endloop
  endfacet
  facet normal 0 0 1
    outer loop
      vertex 98.85 2.2081415712957915 2.635
      vertex 99.01005050633883 3.210050506338834 2.635
      vertex 98.88930532359227 3.347733999387791 2.635
    endloop
  endfacet
  facet normal 0 0 1
    outer loop
      vertex 99.11982810556029 2.075077075224041 2.635
      vertex 99.1477339993878 3.0893053235922707 2.635
      vertex 99.01005050633883 3.210050506338834 2.635
    endloop
  endfacet
  facet normal 0 0 1
    outer loop
      vertex 99.11982810556029 2.075077075224041 2.635
      vertex 99.3 2.9875644347017865 2.635
      vertex 99.1477339993878 3.0893053235922707 2.635
    endloop
  endfacet
  facet normal 0 0 1
    outer loop
      vertex 99.4047161962642 1.9783705995351433 2.635
      vertex 99.46424319468888 2.906568654484199 2.635
      vertex 99.3 2.9875644347017865 2.635
    endloop
  endfacet
  facet normal 0 0 1
    outer loop
      vertex 98.59984871327994 2.3752873173301596 2.635
      vertex 98.6477038431953 3.837653336856471 2.635
      vertex 98.61197719407667 4.017263330891928 2.635
    endloop
  endfacet
  facet normal 0 0 1
    outer loop
      vertex 98.37365440327095 2.573654403270941 2.635
      vertex 98.59984871327994 2.3752873173301596 2.635
      vertex 98.37365440327095 5.826345596729059 2.635
    endloop
  endfacet
  facet normal 0 0 1
    outer loop
      vertex 98.59984871327994 2.3752873173301596 2.635
      vertex 98.61197719407667 4.017263330891928 2.635
      vertex 98.6 4.2 2.635
    endloop
  endfacet
  facet normal 0 0 1
    outer loop
      vertex 98.0081415712958 3.0500000000000003 2.635
      vertex 97.87507707522404 5.080171894439706 2.635
      vertex 97.87507707522404 3.3198281055602936 2.635
    endloop
  endfacet
  facet normal 0 0 1
    outer loop
      vertex 98.17528731733016 2.7998487132799426 2.635
      vertex 98.0081415712958 5.35 2.635
      vertex 98.0081415712958 3.0500000000000003 2.635
    endloop
  endfacet
  facet normal 0 0 1
    outer loop
      vertex 97.87507707522404 3.3198281055602936 2.635
      vertex 97.77837059953514 4.795283803735797 2.635
      vertex 97.77837059953514 3.6047161962642025 2.635
    endloop
  endfacet
  facet normal 0 0 1
    outer loop
      vertex 98.37365440327095 2.573654403270941 2.635
      vertex 98.17528731733016 5.600151286720058 2.635
      vertex 98.17528731733016 2.7998487132799426 2.635
    endloop
  endfacet
  facet normal 0 0 1
    outer loop
      vertex 98.85 2.2081415712957915 2.635
      vertex 98.78756443470179 3.5 2.635
      vertex 98.7065686544842 3.6642431946888747 2.635
    endloop
  endfacet
  facet normal 0 0 1
    outer loop
      vertex 98.59984871327994 2.3752873173301596 2.635
      vertex 98.7065686544842 3.6642431946888747 2.635
      vertex 98.6477038431953 3.837653336856471 2.635
    endloop
  endfacet
  facet normal 0 0 1
    outer loop
      vertex 99.4047161962642 1.9783705995351433 2.635
      vertex 99.69978975789388 1.9196768188402364 2.635
      vertex 99.63765333685647 2.847703843195305 2.635
    endloop
  endfacet
  facet normal 0 0 1
    outer loop
      vertex 99.69978975789388 1.9196768188402364 2.635
      vertex 100 1.9000000000000004 2.635
      vertex 99.81726333089193 2.8119771940766656 2.635
    endloop
  endfacet
  facet normal 0 0 1
    outer loop
      vertex 99.4047161962642 1.9783705995351433 2.635
      vertex 99.63765333685647 2.847703843195305 2.635
      vertex 99.46424319468888 2.906568654484199 2.635
    endloop
  endfacet
  facet normal 0 0 1
    outer loop
      vertex 99.69978975789388 1.9196768188402364 2.635
      vertex 99.81726333089193 2.8119771940766656 2.635
      vertex 99.63765333685647 2.847703843195305 2.635
    endloop
  endfacet
  facet normal 0 0 1
    outer loop
      vertex 100 1.9000000000000004 2.635
      vertex 100.30021024210612 1.9196768188402364 2.635
      vertex 100.18273666910807 2.8119771940766656 2.635
    endloop
  endfacet
  facet normal 0 0 1
    outer loop
      vertex 100.30021024210612 1.9196768188402364 2.635
      vertex 100.5952838037358 1.9783705995351433 2.635
      vertex 100.18273666910807 2.8119771940766656 2.635
    endloop
  endfacet
  facet normal 0 0 1
    outer loop
      vertex 100 1.9000000000000004 2.635
      vertex 100 2.8000000000000003 2.635
      vertex 99.81726333089193 2.8119771940766656 2.635
    endloop
  endfacet
  facet normal 0 0 1
    outer loop
      vertex 100 1.9000000000000004 2.635
      vertex 100.18273666910807 2.8119771940766656 2.635
      vertex 100 2.8000000000000003 2.635
    endloop
  endfacet
  facet normal 0 0 1
    outer loop
      vertex 100.5952838037358 1.9783705995351433 2.635
      vertex 100.88017189443971 2.075077075224041 2.635
      vertex 100.53575680531112 2.906568654484199 2.635
    endloop
  endfacet
  facet normal 0 0 1
    outer loop
      vertex 100.5952838037358 1.9783705995351433 2.635
      vertex 100.36234666314353 2.847703843195305 2.635
      vertex 100.18273666910807 2.8119771940766656 2.635
    endloop
  endfacet
  facet normal 0 0 1
    outer loop
      vertex 100.5952838037358 1.9783705995351433 2.635
      vertex 100.53575680531112 2.906568654484199 2.635
      vertex 100.36234666314353 2.847703843195305 2.635
    endloop
  endfacet
  facet normal 0 0 1
    outer loop
      vertex 100.88017189443971 2.075077075224041 2.635
      vertex 101.15 2.2081415712957915 2.635
      vertex 100.8522660006122 3.0893053235922707 2.635
    endloop
  endfacet
  facet normal 0 0 1
    outer loop
      vertex 100.88017189443971 2.075077075224041 2.635
      vertex 100.7 2.9875644347017865 2.635
      vertex 100.53575680531112 2.906568654484199 2.635
    endloop
  endfacet
  facet normal 0 0 1
    outer loop
      vertex 100.88017189443971 2.075077075224041 2.635
      vertex 100.8522660006122 3.0893053235922707 2.635
      vertex 100.7 2.9875644347017865 2.635
    endloop
  endfacet
  facet normal 0 0 1
    outer loop
      vertex 101.15 2.2081415712957915 2.635
      vertex 100.98994949366117 3.210050506338834 2.635
      vertex 100.8522660006122 3.0893053235922707 2.635
    endloop
  endfacet
  facet normal 0 0 1
    outer loop
      vertex 101.15 2.2081415712957915 2.635
      vertex 101.40015128672006 2.3752873173301596 2.635
      vertex 101.11069467640773 3.347733999387791 2.635
    endloop
  endfacet
  facet normal 0 0 1
    outer loop
      vertex 101.15 2.2081415712957915 2.635
      vertex 101.11069467640773 3.347733999387791 2.635
      vertex 100.98994949366117 3.210050506338834 2.635
    endloop
  endfacet
  facet normal 0 0 1
    outer loop
      vertex 101.40015128672006 2.3752873173301596 2.635
      vertex 101.21243556529821 3.5 2.635
      vertex 101.11069467640773 3.347733999387791 2.635
    endloop
  endfacet
  facet normal 0 0 1
    outer loop
      vertex 101.40015128672006 2.3752873173301596 2.635
      vertex 101.2934313455158 3.6642431946888747 2.635
      vertex 101.21243556529821 3.5 2.635
    endloop
  endfacet
  facet normal 0 0 1
    outer loop
      vertex 101.40015128672006 2.3752873173301596 2.635
      vertex 101.3522961568047 3.837653336856471 2.635
      vertex 101.2934313455158 3.6642431946888747 2.635
    endloop
  endfacet
  facet normal 0 0 1
    outer loop
      vertex 101.40015128672006 2.3752873173301596 2.635
      vertex 101.38802280592333 4.017263330891928 2.635
      vertex 101.3522961568047 3.837653336856471 2.635
    endloop
  endfacet
  facet normal 0 0 1
    outer loop
      vertex 101.40015128672006 2.3752873173301596 2.635
      vertex 101.4 4.2 2.635
      vertex 101.38802280592333 4.017263330891928 2.635
    endloop
  endfacet
  facet normal 0 0 1
    outer loop
      vertex 101.40015128672006 2.3752873173301596 2.635
      vertex 101.62634559672905 2.573654403270941 2.635
      vertex 101.40015128672006 6.024712682669841 2.635
    endloop
  endfacet
  facet normal 0 0 1
    outer loop
      vertex 101.62634559672905 2.573654403270941 2.635
      vertex 101.82471268266984 2.7998487132799426 2.635
      vertex 101.62634559672905 5.826345596729059 2.635
    endloop
  endfacet
  facet normal 0 0 1
    outer loop
      vertex 101.82471268266984 2.7998487132799426 2.635
      vertex 101.9918584287042 3.0500000000000003 2.635
      vertex 101.82471268266984 5.600151286720058 2.635
    endloop
  endfacet
  facet normal 0 0 1
    outer loop
      vertex 101.9918584287042 3.0500000000000003 2.635
      vertex 102.12492292477596 3.3198281055602936 2.635
      vertex 101.9918584287042 5.35 2.635
    endloop
  endfacet
  facet normal 0 0 1
    outer loop
      vertex 102.12492292477596 3.3198281055602936 2.635
      vertex 102.22162940046486 3.6047161962642025 2.635
      vertex 102.12492292477596 5.080171894439706 2.635
    endloop
  endfacet
  facet normal 0 0 1
    outer loop
      vertex 102.22162940046486 3.6047161962642025 2.635
      vertex 102.28032318115976 3.8997897578938816 2.635
      vertex 102.22162940046486 4.795283803735797 2.635
    endloop
  endfacet
  facet normal -0.9978589232386029 0.06540312923015192 0
    outer loop
      vertex 97.7 4.2 2
      vertex 97.7 4.2 2.635
      vertex 97.71967681884024 4.500210242106119 2.635
    endloop
  endfacet
  facet normal -0.9807852804032378 0.19509032201609172 0
    outer loop
      vertex 97.71967681884024 4.500210242106119 2
      vertex 97.71967681884024 4.500210242106119 2.635
      vertex 97.77837059953514 4.795283803735797 2.635
    endloop
  endfacet
  facet normal -0.9469301294950987 0.3214394653031821 0
    outer loop
      vertex 97.77837059953514 4.795283803735797 2
      vertex 97.77837059953514 4.795283803735797 2.635
      vertex 97.87507707522404 5.080171894439706 2.635
    endloop
  endfacet
  facet normal -0.8968727415326844 0.4422886902190092 0
    outer loop
      vertex 97.87507707522404 5.080171894439706 2
      vertex 97.87507707522404 5.080171894439706 2.635
      vertex 98.0081415712958 5.35 2.635
    endloop
  endfacet
  facet normal -0.8314696123025511 0.5555702330195934 0
    outer loop
      vertex 98.0081415712958 5.35 2
      vertex 98.0081415712958 5.35 2.635
      vertex 98.17528731733016 5.600151286720058 2.635
    endloop
  endfacet
  facet normal -0.7518398074789657 0.6593458151000822 0
    outer loop
      vertex 98.17528731733016 5.600151286720058 2
      vertex 98.17528731733016 5.600151286720058 2.635
      vertex 98.37365440327095 5.826345596729059 2.635
    endloop
  endfacet
  facet normal -0.659345815100085 0.7518398074789632 0
    outer loop
      vertex 98.37365440327095 5.826345596729059 2
      vertex 98.37365440327095 5.826345596729059 2.635
      vertex 98.59984871327994 6.024712682669841 2.635
    endloop
  endfacet
  facet normal -0.555570233019607 0.8314696123025421 0
    outer loop
      vertex 98.59984871327994 6.024712682669841 2
      vertex 98.59984871327994 6.024712682669841 2.635
      vertex 98.85 6.191858428704209 2.635
    endloop
  endfacet
  facet normal -0.4422886902190021 0.8968727415326879 0
    outer loop
      vertex 98.85 6.191858428704209 2
      vertex 98.85 6.191858428704209 2.635
      vertex 99.11982810556029 6.32492292477596 2.635
    endloop
  endfacet
  facet normal -0.3214394653031537 0.9469301294951084 0
    outer loop
      vertex 99.11982810556029 6.32492292477596 2
      vertex 99.11982810556029 6.32492292477596 2.635
      vertex 99.4047161962642 6.421629400464857 2.635
    endloop
  endfacet
  facet normal 0.555570233019607 0.8314696123025421 0
    outer loop
      vertex 101.15 6.191858428704209 2
      vertex 101.15 6.191858428704209 2.635
      vertex 101.40015128672006 6.024712682669841 2.635
    endloop
  endfacet
  facet normal 0.9978589232386029 0.06540312923015192 0
    outer loop
      vertex 102.28032318115976 4.500210242106119 2
      vertex 102.28032318115976 4.500210242106119 2.635
      vertex 102.3 4.2 2.635
    endloop
  endfacet
  facet normal 0.9807852804032378 0.19509032201609172 0
    outer loop
      vertex 102.22162940046486 4.795283803735797 2
      vertex 102.22162940046486 4.795283803735797 2.635
      vertex 102.28032318115976 4.500210242106119 2.635
    endloop
  endfacet
  facet normal 0.9469301294950987 0.3214394653031821 0
    outer loop
      vertex 102.12492292477596 5.080171894439706 2
      vertex 102.12492292477596 5.080171894439706 2.635
      vertex 102.22162940046486 4.795283803735797 2.635
    endloop
  endfacet
  facet normal 0.8968727415326844 0.4422886902190092 0
    outer loop
      vertex 101.9918584287042 5.35 2
      vertex 101.9918584287042 5.35 2.635
      vertex 102.12492292477596 5.080171894439706 2.635
    endloop
  endfacet
  facet normal 0.8314696123025511 0.5555702330195934 0
    outer loop
      vertex 101.82471268266984 5.600151286720058 2
      vertex 101.82471268266984 5.600151286720058 2.635
      vertex 101.9918584287042 5.35 2.635
    endloop
  endfacet
  facet normal 0.659345815100085 0.7518398074789632 0
    outer loop
      vertex 101.40015128672006 6.024712682669841 2
      vertex 101.40015128672006 6.024712682669841 2.635
      vertex 101.62634559672905 5.826345596729059 2.635
    endloop
  endfacet
  facet normal 0.7518398074789657 0.6593458151000822 0
    outer loop
      vertex 101.62634559672905 5.826345596729059 2
      vertex 101.62634559672905 5.826345596729059 2.635
      vertex 101.82471268266984 5.600151286720058 2.635
    endloop
  endfacet
  facet normal -0.19509032201612864 0.9807852804032303 0
    outer loop
      vertex 99.4047161962642 6.421629400464857 2
      vertex 99.4047161962642 6.421629400464857 2.635
      vertex 99.69978975789388 6.480323181159764 2.635
    endloop
  endfacet
  facet normal -0.0654031292301433 0.9978589232386036 0
    outer loop
      vertex 99.69978975789388 6.480323181159764 2
      vertex 99.69978975789388 6.480323181159764 2.635
      vertex 100 6.5 2.635
    endloop
  endfacet
  facet normal 0.0654031292301433 0.9978589232386036 0
    outer loop
      vertex 100 6.5 2
      vertex 100 6.5 2.635
      vertex 100.30021024210612 6.480323181159764 2.635
    endloop
  endfacet
  facet normal 0.3214394653031537 0.9469301294951084 0
    outer loop
      vertex 100.5952838037358 6.421629400464857 2
      vertex 100.5952838037358 6.421629400464857 2.635
      vertex 100.88017189443971 6.32492292477596 2.635
    endloop
  endfacet
  facet normal 0.19509032201612864 0.9807852804032303 0
    outer loop
      vertex 100.30021024210612 6.480323181159764 2
      vertex 100.30021024210612 6.480323181159764 2.635
      vertex 100.5952838037358 6.421629400464857 2.635
    endloop
  endfacet
  facet normal 0.4422886902190021 0.8968727415326879 0
    outer loop
      vertex 100.88017189443971 6.32492292477596 2
      vertex 100.88017189443971 6.32492292477596 2.635
      vertex 101.15 6.191858428704209 2.635
    endloop
  endfacet
  facet normal 0 0 1
    outer loop
      vertex 97.71967681884024 3.8997897578938816 2.635
      vertex 97.71967681884024 4.500210242106119 2.635
      vertex 97.7 4.2 2.635
    endloop
  endfacet
  facet normal 0 0 1
    outer loop
      vertex 97.77837059953514 3.6047161962642025 2.635
      vertex 97.77837059953514 4.795283803735797 2.635
      vertex 97.71967681884024 4.500210242106119 2.635
    endloop
  endfacet
  facet normal 0 0 1
    outer loop
      vertex 97.87507707522404 3.3198281055602936 2.635
      vertex 97.87507707522404 5.080171894439706 2.635
      vertex 97.77837059953514 4.795283803735797 2.635
    endloop
  endfacet
  facet normal 0 0 1
    outer loop
      vertex 98.0081415712958 3.0500000000000003 2.635
      vertex 98.0081415712958 5.35 2.635
      vertex 97.87507707522404 5.080171894439706 2.635
    endloop
  endfacet
  facet normal 0 0 1
    outer loop
      vertex 98.17528731733016 2.7998487132799426 2.635
      vertex 98.17528731733016 5.600151286720058 2.635
      vertex 98.0081415712958 5.35 2.635
    endloop
  endfacet
  facet normal 0 0 1
    outer loop
      vertex 98.59984871327994 2.3752873173301596 2.635
      vertex 98.6 4.2 2.635
      vertex 98.59984871327994 6.024712682669841 2.635
    endloop
  endfacet
  facet normal 0 0 1
    outer loop
      vertex 98.37365440327095 2.573654403270941 2.635
      vertex 98.37365440327095 5.826345596729059 2.635
      vertex 98.17528731733016 5.600151286720058 2.635
    endloop
  endfacet
  facet normal 0 0 1
    outer loop
      vertex 98.59984871327994 2.3752873173301596 2.635
      vertex 98.59984871327994 6.024712682669841 2.635
      vertex 98.37365440327095 5.826345596729059 2.635
    endloop
  endfacet
  facet normal 0 0 1
    outer loop
      vertex 98.59984871327994 6.024712682669841 2.635
      vertex 98.6 4.2 2.635
      vertex 98.61197719407667 4.3827366691080725 2.635
    endloop
  endfacet
  facet normal 0 0 1
    outer loop
      vertex 98.59984871327994 6.024712682669841 2.635
      vertex 98.61197719407667 4.3827366691080725 2.635
      vertex 98.6477038431953 4.562346663143529 2.635
    endloop
  endfacet
  facet normal 0 0 1
    outer loop
      vertex 98.59984871327994 6.024712682669841 2.635
      vertex 98.6477038431953 4.562346663143529 2.635
      vertex 98.7065686544842 4.735756805311126 2.635
    endloop
  endfacet
  facet normal 0 0 1
    outer loop
      vertex 98.59984871327994 6.024712682669841 2.635
      vertex 98.7065686544842 4.735756805311126 2.635
      vertex 98.78756443470179 4.9 2.635
    endloop
  endfacet
  facet normal 0 0 1
    outer loop
      vertex 98.59984871327994 6.024712682669841 2.635
      vertex 98.78756443470179 4.9 2.635
      vertex 98.88930532359227 5.052266000612209 2.635
    endloop
  endfacet
  facet normal 0 0 1
    outer loop
      vertex 98.85 6.191858428704209 2.635
      vertex 98.88930532359227 5.052266000612209 2.635
      vertex 99.01005050633883 5.1899494936611665 2.635
    endloop
  endfacet
  facet normal 0 0 1
    outer loop
      vertex 98.85 6.191858428704209 2.635
      vertex 99.01005050633883 5.1899494936611665 2.635
      vertex 99.1477339993878 5.31069467640773 2.635
    endloop
  endfacet
  facet normal 0 0 1
    outer loop
      vertex 98.59984871327994 6.024712682669841 2.635
      vertex 98.88930532359227 5.052266000612209 2.635
      vertex 98.85 6.191858428704209 2.635
    endloop
  endfacet
  facet normal 0 0 1
    outer loop
      vertex 98.85 6.191858428704209 2.635
      vertex 99.1477339993878 5.31069467640773 2.635
      vertex 99.11982810556029 6.32492292477596 2.635
    endloop
  endfacet
  facet normal 0 0 1
    outer loop
      vertex 99.11982810556029 6.32492292477596 2.635
      vertex 99.1477339993878 5.31069467640773 2.635
      vertex 99.3 5.412435565298214 2.635
    endloop
  endfacet
  facet normal 0 0 1
    outer loop
      vertex 99.11982810556029 6.32492292477596 2.635
      vertex 99.3 5.412435565298214 2.635
      vertex 99.46424319468888 5.493431345515802 2.635
    endloop
  endfacet
  facet normal 0 0 1
    outer loop
      vertex 99.11982810556029 6.32492292477596 2.635
      vertex 99.46424319468888 5.493431345515802 2.635
      vertex 99.4047161962642 6.421629400464857 2.635
    endloop
  endfacet
  facet normal 0 0 1
    outer loop
      vertex 99.4047161962642 6.421629400464857 2.635
      vertex 99.46424319468888 5.493431345515802 2.635
      vertex 99.63765333685647 5.552296156804696 2.635
    endloop
  endfacet
  facet normal 0 0 1
    outer loop
      vertex 99.4047161962642 6.421629400464857 2.635
      vertex 99.63765333685647 5.552296156804696 2.635
      vertex 99.81726333089193 5.588022805923335 2.635
    endloop
  endfacet
  facet normal 0 0 1
    outer loop
      vertex 99.4047161962642 6.421629400464857 2.635
      vertex 99.81726333089193 5.588022805923335 2.635
      vertex 99.69978975789388 6.480323181159764 2.635
    endloop
  endfacet
  facet normal 0 0 1
    outer loop
      vertex 100 6.5 2.635
      vertex 99.81726333089193 5.588022805923335 2.635
      vertex 100 5.6 2.635
    endloop
  endfacet
  facet normal 0 0 1
    outer loop
      vertex 100 6.5 2.635
      vertex 100 5.6 2.635
      vertex 100.18273666910807 5.588022805923335 2.635
    endloop
  endfacet
  facet normal 0 0 1
    outer loop
      vertex 100.30021024210612 6.480323181159764 2.635
      vertex 100.18273666910807 5.588022805923335 2.635
      vertex 100.36234666314353 5.552296156804696 2.635
    endloop
  endfacet
  facet normal 0 0 1
    outer loop
      vertex 101.15 6.191858428704209 2.635
      vertex 101.21243556529821 4.9 2.635
      vertex 101.2934313455158 4.735756805311126 2.635
    endloop
  endfacet
  facet normal 0 0 1
    outer loop
      vertex 101.15 6.191858428704209 2.635
      vertex 101.11069467640773 5.052266000612209 2.635
      vertex 101.21243556529821 4.9 2.635
    endloop
  endfacet
  facet normal 0 0 1
    outer loop
      vertex 100.88017189443971 6.32492292477596 2.635
      vertex 100.8522660006122 5.31069467640773 2.635
      vertex 100.98994949366117 5.1899494936611665 2.635
    endloop
  endfacet
  facet normal 0 0 1
    outer loop
      vertex 101.15 6.191858428704209 2.635
      vertex 100.98994949366117 5.1899494936611665 2.635
      vertex 101.11069467640773 5.052266000612209 2.635
    endloop
  endfacet
  facet normal 0 0 1
    outer loop
      vertex 100.5952838037358 6.421629400464857 2.635
      vertex 100.36234666314353 5.552296156804696 2.635
      vertex 100.53575680531112 5.493431345515802 2.635
    endloop
  endfacet
  facet normal 0 0 1
    outer loop
      vertex 100.5952838037358 6.421629400464857 2.635
      vertex 100.53575680531112 5.493431345515802 2.635
      vertex 100.7 5.412435565298214 2.635
    endloop
  endfacet
  facet normal 0 0 1
    outer loop
      vertex 100.88017189443971 6.32492292477596 2.635
      vertex 100.7 5.412435565298214 2.635
      vertex 100.8522660006122 5.31069467640773 2.635
    endloop
  endfacet
  facet normal 0 0 1
    outer loop
      vertex 100.30021024210612 6.480323181159764 2.635
      vertex 100.36234666314353 5.552296156804696 2.635
      vertex 100.5952838037358 6.421629400464857 2.635
    endloop
  endfacet
  facet normal 0 0 1
    outer loop
      vertex 100.5952838037358 6.421629400464857 2.635
      vertex 100.7 5.412435565298214 2.635
      vertex 100.88017189443971 6.32492292477596 2.635
    endloop
  endfacet
  facet normal 0 0 1
    outer loop
      vertex 100.88017189443971 6.32492292477596 2.635
      vertex 100.98994949366117 5.1899494936611665 2.635
      vertex 101.15 6.191858428704209 2.635
    endloop
  endfacet
  facet normal 0 0 1
    outer loop
      vertex 101.40015128672006 2.3752873173301596 2.635
      vertex 101.40015128672006 6.024712682669841 2.635
      vertex 101.4 4.2 2.635
    endloop
  endfacet
  facet normal 0 0 1
    outer loop
      vertex 102.12492292477596 3.3198281055602936 2.635
      vertex 102.12492292477596 5.080171894439706 2.635
      vertex 101.9918584287042 5.35 2.635
    endloop
  endfacet
  facet normal 0 0 1
    outer loop
      vertex 101.40015128672006 6.024712682669841 2.635
      vertex 101.38802280592333 4.3827366691080725 2.635
      vertex 101.4 4.2 2.635
    endloop
  endfacet
  facet normal 0 0 1
    outer loop
      vertex 101.62634559672905 2.573654403270941 2.635
      vertex 101.62634559672905 5.826345596729059 2.635
      vertex 101.40015128672006 6.024712682669841 2.635
    endloop
  endfacet
  facet normal 0 0 1
    outer loop
      vertex 101.40015128672006 6.024712682669841 2.635
      vertex 101.3522961568047 4.562346663143529 2.635
      vertex 101.38802280592333 4.3827366691080725 2.635
    endloop
  endfacet
  facet normal 0 0 1
    outer loop
      vertex 101.40015128672006 6.024712682669841 2.635
      vertex 101.2934313455158 4.735756805311126 2.635
      vertex 101.3522961568047 4.562346663143529 2.635
    endloop
  endfacet
  facet normal 0 0 1
    outer loop
      vertex 101.82471268266984 2.7998487132799426 2.635
      vertex 101.82471268266984 5.600151286720058 2.635
      vertex 101.62634559672905 5.826345596729059 2.635
    endloop
  endfacet
  facet normal 0 0 1
    outer loop
      vertex 101.9918584287042 3.0500000000000003 2.635
      vertex 101.9918584287042 5.35 2.635
      vertex 101.82471268266984 5.600151286720058 2.635
    endloop
  endfacet
  facet normal 0 0 1
    outer loop
      vertex 102.28032318115976 3.8997897578938816 2.635
      vertex 102.3 4.2 2.635
      vertex 102.28032318115976 4.500210242106119 2.635
    endloop
  endfacet
  facet normal 0 0 1
    outer loop
      vertex 102.22162940046486 3.6047161962642025 2.635
      vertex 102.22162940046486 4.795283803735797 2.635
      vertex 102.12492292477596 5.080171894439706 2.635
    endloop
  endfacet
  facet normal 0 0 1
    outer loop
      vertex 102.28032318115976 3.8997897578938816 2.635
      vertex 102.28032318115976 4.500210242106119 2.635
      vertex 102.22162940046486 4.795283803735797 2.635
    endloop
  endfacet
  facet normal 0 0 1
    outer loop
      vertex 101.40015128672006 6.024712682669841 2.635
      vertex 101.15 6.191858428704209 2.635
      vertex 101.2934313455158 4.735756805311126 2.635
    endloop
  endfacet
  facet normal 0 0 1
    outer loop
      vertex 99.69978975789388 6.480323181159764 2.635
      vertex 99.81726333089193 5.588022805923335 2.635
      vertex 100 6.5 2.635
    endloop
  endfacet
  facet normal 0 0 1
    outer loop
      vertex 100 6.5 2.635
      vertex 100.18273666910807 5.588022805923335 2.635
      vertex 100.30021024210612 6.480323181159764 2.635
    endloop
  endfacet
  facet normal -0.4184975201272202 -0.6263258002836015 0.6577049623854704
    outer loop
      vertex 98.17371571297384 1.8199399791262945 1.2
      vertex 98.5 1.6019237886466842 1.2
      vertex 98.59984871327994 2.3752873173301596 2
    endloop
  endfacet
  facet normal -0.14695678622091773 -0.7388016550043336 0.6577049623854735
    outer loop
      vertex 99.22354286469243 1.3022225211327951 1.2
      vertex 99.60842142333985 1.2256654158785691 1.2
      vertex 99.4047161962642 1.9783705995351433 2
    endloop
  endfacet
  facet normal -0.33316529402761125 -0.67559238399276 0.6577049623854715
    outer loop
      vertex 98.5 1.6019237886466842 1.2
      vertex 98.85194970290473 1.4283614024661402 1.2
      vertex 98.85 2.2081415712957915 2
    endloop
  endfacet
  facet normal -0.24213251737633493 -0.7132993947021995 0.6577049623854717
    outer loop
      vertex 98.85194970290473 1.4283614024661402 1.2
      vertex 99.22354286469243 1.3022225211327951 1.2
      vertex 99.11982810556029 2.075077075224041 2
    endloop
  endfacet
  facet normal -0.6263258002835975 -0.4184975201272203 0.6577049623854743
    outer loop
      vertex 97.6199399791263 2.373715712973838 1.2
      vertex 98.0081415712958 3.0500000000000003 2
      vertex 97.40192378864668 2.7 1.2
    endloop
  endfacet
  facet normal -0.6755923839927523 -0.3331652940276198 0.6577049623854748
    outer loop
      vertex 97.22836140246613 3.051949702904731 1.2
      vertex 97.40192378864668 2.7 1.2
      vertex 98.0081415712958 3.0500000000000003 2
    endloop
  endfacet
  facet normal -0.7132993947022053 -0.24213251737630864 0.657704962385475
    outer loop
      vertex 97.22836140246613 3.051949702904731 1.2
      vertex 97.87507707522404 3.3198281055602936 2
      vertex 97.1022225211328 3.423542864692438 1.2
    endloop
  endfacet
  facet normal -0.7388016550043341 -0.1469567862209446 0.6577049623854667
    outer loop
      vertex 97.1022225211328 3.423542864692438 1.2
      vertex 97.77837059953514 3.6047161962642025 2
      vertex 97.02566541587856 3.8084214233398455 1.2
    endloop
  endfacet
  facet normal -0.7516628141548222 -0.049266583709144066 0.6577049623854782
    outer loop
      vertex 97.02566541587856 3.8084214233398455 1.2
      vertex 97.71967681884024 3.8997897578938816 2
      vertex 97 4.2 1.2
    endloop
  endfacet
  facet normal -0.4966691376279924 -0.5663426084812848 0.6577049623854759
    outer loop
      vertex 98.17371571297384 1.8199399791262945 1.2
      vertex 98.37365440327095 2.573654403270941 2
      vertex 97.87867965644035 2.0786796564403573 1.2
    endloop
  endfacet
  facet normal -0.5663426084812884 -0.49666913762799497 0.6577049623854709
    outer loop
      vertex 97.6199399791263 2.373715712973838 1.2
      vertex 97.87867965644035 2.0786796564403573 1.2
      vertex 98.17528731733016 2.7998487132799426 2
    endloop
  endfacet
  facet normal -0.049266583709154946 -0.751662814154826 0.6577049623854727
    outer loop
      vertex 99.60842142333985 1.2256654158785691 1.2
      vertex 100 1.2000000000000002 1.2
      vertex 99.69978975789388 1.9196768188402364 2
    endloop
  endfacet
  facet normal 0.049266583709154946 -0.751662814154826 0.6577049623854727
    outer loop
      vertex 100 1.2000000000000002 1.2
      vertex 100.39157857666015 1.2256654158785691 1.2
      vertex 100.30021024210612 1.9196768188402364 2
    endloop
  endfacet
  facet normal 0.14695678622091773 -0.7388016550043336 0.6577049623854735
    outer loop
      vertex 100.39157857666015 1.2256654158785691 1.2
      vertex 100.77645713530757 1.3022225211327951 1.2
      vertex 100.5952838037358 1.9783705995351433 2
    endloop
  endfacet
  facet normal 0.24213251737633493 -0.7132993947021995 0.6577049623854717
    outer loop
      vertex 100.77645713530757 1.3022225211327951 1.2
      vertex 101.14805029709527 1.4283614024661402 1.2
      vertex 100.88017189443971 2.075077075224041 2
    endloop
  endfacet
  facet normal 0.33316529402761125 -0.67559238399276 0.6577049623854715
    outer loop
      vertex 101.14805029709527 1.4283614024661402 1.2
      vertex 101.5 1.6019237886466842 1.2
      vertex 101.15 2.2081415712957915 2
    endloop
  endfacet
  facet normal 0.4184975201272202 -0.6263258002836015 0.6577049623854704
    outer loop
      vertex 101.5 1.6019237886466842 1.2
      vertex 101.82628428702616 1.8199399791262945 1.2
      vertex 101.40015128672006 2.3752873173301596 2
    endloop
  endfacet
  facet normal 0.4966691376279924 -0.5663426084812848 0.6577049623854759
    outer loop
      vertex 101.82628428702616 1.8199399791262945 1.2
      vertex 102.12132034355965 2.0786796564403573 1.2
      vertex 101.62634559672905 2.573654403270941 2
    endloop
  endfacet
  facet normal 0.5663426084812884 -0.49666913762799497 0.6577049623854709
    outer loop
      vertex 102.12132034355965 2.0786796564403573 1.2
      vertex 102.3800600208737 2.373715712973838 1.2
      vertex 101.82471268266984 2.7998487132799426 2
    endloop
  endfacet
  facet normal 0.6263258002835975 -0.4184975201272203 0.6577049623854743
    outer loop
      vertex 102.3800600208737 2.373715712973838 1.2
      vertex 102.59807621135332 2.7 1.2
      vertex 101.9918584287042 3.0500000000000003 2
    endloop
  endfacet
  facet normal 0.6755923839927523 -0.3331652940276198 0.6577049623854748
    outer loop
      vertex 102.59807621135332 2.7 1.2
      vertex 102.77163859753387 3.051949702904731 1.2
      vertex 101.9918584287042 3.0500000000000003 2
    endloop
  endfacet
  facet normal 0.7132993947022053 -0.24213251737630864 0.657704962385475
    outer loop
      vertex 102.77163859753387 3.051949702904731 1.2
      vertex 102.8977774788672 3.423542864692438 1.2
      vertex 102.12492292477596 3.3198281055602936 2
    endloop
  endfacet
  facet normal 0.7388016550043341 -0.1469567862209446 0.6577049623854667
    outer loop
      vertex 102.8977774788672 3.423542864692438 1.2
      vertex 102.97433458412144 3.8084214233398455 1.2
      vertex 102.22162940046486 3.6047161962642025 2
    endloop
  endfacet
  facet normal 0.7516628141548222 -0.049266583709144066 0.6577049623854782
    outer loop
      vertex 102.97433458412144 3.8084214233398455 1.2
      vertex 103 4.2 1.2
      vertex 102.28032318115976 3.8997897578938816 2
    endloop
  endfacet
  facet normal -0.7516628141548222 0.04926658370914413 0.6577049623854782
    outer loop
      vertex 97 4.2 1.2
      vertex 97.71967681884024 4.500210242106119 2
      vertex 97.02566541587856 4.5915785766601545 1.2
    endloop
  endfacet
  facet normal -0.7388016550043341 0.14695678622094446 0.6577049623854668
    outer loop
      vertex 97.02566541587856 4.5915785766601545 1.2
      vertex 97.77837059953514 4.795283803735797 2
      vertex 97.1022225211328 4.976457135307562 1.2
    endloop
  endfacet
  facet normal -0.7132993947022053 0.24213251737630836 0.6577049623854752
    outer loop
      vertex 97.1022225211328 4.976457135307562 1.2
      vertex 97.87507707522404 5.080171894439706 2
      vertex 97.22836140246613 5.34805029709527 1.2
    endloop
  endfacet
  facet normal -0.6755923839927521 0.3331652940276202 0.6577049623854752
    outer loop
      vertex 97.22836140246613 5.34805029709527 1.2
      vertex 98.0081415712958 5.35 2
      vertex 97.40192378864668 5.7 1.2
    endloop
  endfacet
  facet normal -0.6263258002835973 0.4184975201272202 0.6577049623854743
    outer loop
      vertex 97.40192378864668 5.7 1.2
      vertex 98.0081415712958 5.35 2
      vertex 97.6199399791263 6.026284287026162 1.2
    endloop
  endfacet
  facet normal -0.5663426084812884 0.49666913762799497 0.6577049623854709
    outer loop
      vertex 97.6199399791263 6.026284287026162 1.2
      vertex 98.17528731733016 5.600151286720058 2
      vertex 97.87867965644035 6.321320343559643 1.2
    endloop
  endfacet
  facet normal -0.4966691376279923 0.5663426084812847 0.657704962385476
    outer loop
      vertex 97.87867965644035 6.321320343559643 1.2
      vertex 98.37365440327095 5.826345596729059 2
      vertex 98.17371571297384 6.580060020873706 1.2
    endloop
  endfacet
  facet normal -0.4184975201272202 0.6263258002836015 0.6577049623854704
    outer loop
      vertex 98.17371571297384 6.580060020873706 1.2
      vertex 98.59984871327994 6.024712682669841 2
      vertex 98.5 6.798076211353316 1.2
    endloop
  endfacet
  facet normal -0.33316529402761125 0.67559238399276 0.6577049623854715
    outer loop
      vertex 98.5 6.798076211353316 1.2
      vertex 98.85 6.191858428704209 2
      vertex 98.85194970290473 6.97163859753386 1.2
    endloop
  endfacet
  facet normal -0.24213251737633498 0.7132993947021997 0.6577049623854715
    outer loop
      vertex 98.85194970290473 6.97163859753386 1.2
      vertex 99.11982810556029 6.32492292477596 2
      vertex 99.22354286469243 7.097777478867205 1.2
    endloop
  endfacet
  facet normal -0.14695678622091773 0.7388016550043336 0.6577049623854735
    outer loop
      vertex 99.22354286469243 7.097777478867205 1.2
      vertex 99.4047161962642 6.421629400464857 2
      vertex 99.60842142333985 7.174334584121431 1.2
    endloop
  endfacet
  facet normal 0.7516628141548222 0.04926658370914413 0.6577049623854782
    outer loop
      vertex 102.97433458412144 4.5915785766601545 1.2
      vertex 102.28032318115976 4.500210242106119 2
      vertex 103 4.2 1.2
    endloop
  endfacet
  facet normal 0.7388016550043341 0.14695678622094446 0.6577049623854668
    outer loop
      vertex 102.97433458412144 4.5915785766601545 1.2
      vertex 102.8977774788672 4.976457135307562 1.2
      vertex 102.22162940046486 4.795283803735797 2
    endloop
  endfacet
  facet normal 0.7132993947022053 0.24213251737630836 0.6577049623854752
    outer loop
      vertex 102.8977774788672 4.976457135307562 1.2
      vertex 102.77163859753387 5.34805029709527 1.2
      vertex 102.12492292477596 5.080171894439706 2
    endloop
  endfacet
  facet normal 0.5663426084812884 0.49666913762799497 0.6577049623854709
    outer loop
      vertex 102.3800600208737 6.026284287026162 1.2
      vertex 102.12132034355965 6.321320343559643 1.2
      vertex 101.82471268266984 5.600151286720058 2
    endloop
  endfacet
  facet normal 0.6755923839927521 0.3331652940276202 0.6577049623854752
    outer loop
      vertex 102.77163859753387 5.34805029709527 1.2
      vertex 102.59807621135332 5.7 1.2
      vertex 101.9918584287042 5.35 2
    endloop
  endfacet
  facet normal 0.6263258002835973 0.4184975201272202 0.6577049623854743
    outer loop
      vertex 102.3800600208737 6.026284287026162 1.2
      vertex 101.9918584287042 5.35 2
      vertex 102.59807621135332 5.7 1.2
    endloop
  endfacet
  facet normal -0.049266583709154946 0.751662814154826 0.6577049623854727
    outer loop
      vertex 99.60842142333985 7.174334584121431 1.2
      vertex 99.69978975789388 6.480323181159764 2
      vertex 100 7.2 1.2
    endloop
  endfacet
  facet normal 0.049266583709154946 0.751662814154826 0.6577049623854727
    outer loop
      vertex 100 7.2 1.2
      vertex 100.30021024210612 6.480323181159764 2
      vertex 100.39157857666015 7.174334584121431 1.2
    endloop
  endfacet
  facet normal 0.14695678622091773 0.7388016550043336 0.6577049623854735
    outer loop
      vertex 100.39157857666015 7.174334584121431 1.2
      vertex 100.5952838037358 6.421629400464857 2
      vertex 100.77645713530757 7.097777478867205 1.2
    endloop
  endfacet
  facet normal 0.24213251737633498 0.7132993947021997 0.6577049623854715
    outer loop
      vertex 100.77645713530757 7.097777478867205 1.2
      vertex 100.88017189443971 6.32492292477596 2
      vertex 101.14805029709527 6.97163859753386 1.2
    endloop
  endfacet
  facet normal 0.33316529402761125 0.67559238399276 0.6577049623854715
    outer loop
      vertex 101.14805029709527 6.97163859753386 1.2
      vertex 101.15 6.191858428704209 2
      vertex 101.5 6.798076211353316 1.2
    endloop
  endfacet
  facet normal 0.4184975201272202 0.6263258002836015 0.6577049623854704
    outer loop
      vertex 101.82628428702616 6.580060020873706 1.2
      vertex 101.5 6.798076211353316 1.2
      vertex 101.40015128672006 6.024712682669841 2
    endloop
  endfacet
  facet normal 0.4966691376279923 0.5663426084812847 0.657704962385476
    outer loop
      vertex 102.12132034355965 6.321320343559643 1.2
      vertex 101.82628428702616 6.580060020873706 1.2
      vertex 101.62634559672905 5.826345596729059 2
    endloop
  endfacet
  facet normal -0.41849752012721775 -0.6263258002836025 0.6577049623854712
    outer loop
      vertex 98.5 1.6019237886466842 1.2
      vertex 98.85 2.2081415712957915 2
      vertex 98.59984871327994 2.3752873173301596 2
    endloop
  endfacet
  facet normal -0.3331652940276134 -0.6755923839927594 0.6577049623854709
    outer loop
      vertex 98.85194970290473 1.4283614024661402 1.2
      vertex 99.11982810556029 2.075077075224041 2
      vertex 98.85 2.2081415712957915 2
    endloop
  endfacet
  facet normal -0.24213251737632482 -0.7132993947022007 0.657704962385474
    outer loop
      vertex 99.22354286469243 1.3022225211327951 1.2
      vertex 99.4047161962642 1.9783705995351433 2
      vertex 99.11982810556029 2.075077075224041 2
    endloop
  endfacet
  facet normal -0.6755923839927529 -0.33316529402761785 0.6577049623854754
    outer loop
      vertex 97.22836140246613 3.051949702904731 1.2
      vertex 98.0081415712958 3.0500000000000003 2
      vertex 97.87507707522404 3.3198281055602936 2
    endloop
  endfacet
  facet normal -0.7132993947022006 -0.24213251737634756 0.6577049623854656
    outer loop
      vertex 97.1022225211328 3.423542864692438 1.2
      vertex 97.87507707522404 3.3198281055602936 2
      vertex 97.77837059953514 3.6047161962642025 2
    endloop
  endfacet
  facet normal -0.7388016550043335 -0.1469567862208924 0.6577049623854794
    outer loop
      vertex 97.02566541587856 3.8084214233398455 1.2
      vertex 97.77837059953514 3.6047161962642025 2
      vertex 97.71967681884024 3.8997897578938816 2
    endloop
  endfacet
  facet normal -0.7516628141548246 -0.049266583709160976 0.6577049623854742
    outer loop
      vertex 97 4.2 1.2
      vertex 97.71967681884024 3.8997897578938816 2
      vertex 97.7 4.2 2
    endloop
  endfacet
  facet normal -0.5663426084812676 -0.49666913762801046 0.6577049623854774
    outer loop
      vertex 97.87867965644035 2.0786796564403573 1.2
      vertex 98.37365440327095 2.573654403270941 2
      vertex 98.17528731733016 2.7998487132799426 2
    endloop
  endfacet
  facet normal -0.49666913762801723 -0.5663426084812709 0.6577049623854692
    outer loop
      vertex 98.17371571297384 1.8199399791262945 1.2
      vertex 98.59984871327994 2.3752873173301596 2
      vertex 98.37365440327095 2.573654403270941 2
    endloop
  endfacet
  facet normal -0.6263258002836098 -0.4184975201272083 0.65770496238547
    outer loop
      vertex 97.6199399791263 2.373715712973838 1.2
      vertex 98.17528731733016 2.7998487132799426 2
      vertex 98.0081415712958 3.0500000000000003 2
    endloop
  endfacet
  facet normal -0.1469567862209217 -0.7388016550043337 0.6577049623854725
    outer loop
      vertex 99.60842142333985 1.2256654158785691 1.2
      vertex 99.69978975789388 1.9196768188402364 2
      vertex 99.4047161962642 1.9783705995351433 2
    endloop
  endfacet
  facet normal -0.04926658370915419 -0.7516628141548259 0.6577049623854729
    outer loop
      vertex 100 1.2000000000000002 1.2
      vertex 100 1.9000000000000004 2
      vertex 99.69978975789388 1.9196768188402364 2
    endloop
  endfacet
  facet normal 0.04926658370915419 -0.7516628141548259 0.6577049623854729
    outer loop
      vertex 100 1.2000000000000002 1.2
      vertex 100.30021024210612 1.9196768188402364 2
      vertex 100 1.9000000000000004 2
    endloop
  endfacet
  facet normal 0.1469567862209217 -0.7388016550043337 0.6577049623854725
    outer loop
      vertex 100.39157857666015 1.2256654158785691 1.2
      vertex 100.5952838037358 1.9783705995351433 2
      vertex 100.30021024210612 1.9196768188402364 2
    endloop
  endfacet
  facet normal 0.24213251737632482 -0.7132993947022007 0.657704962385474
    outer loop
      vertex 100.77645713530757 1.3022225211327951 1.2
      vertex 100.88017189443971 2.075077075224041 2
      vertex 100.5952838037358 1.9783705995351433 2
    endloop
  endfacet
  facet normal 0.3331652940276134 -0.6755923839927594 0.6577049623854709
    outer loop
      vertex 101.14805029709527 1.4283614024661402 1.2
      vertex 101.15 2.2081415712957915 2
      vertex 100.88017189443971 2.075077075224041 2
    endloop
  endfacet
  facet normal 0.41849752012721775 -0.6263258002836025 0.6577049623854712
    outer loop
      vertex 101.5 1.6019237886466842 1.2
      vertex 101.40015128672006 2.3752873173301596 2
      vertex 101.15 2.2081415712957915 2
    endloop
  endfacet
  facet normal 0.49666913762801723 -0.5663426084812709 0.6577049623854692
    outer loop
      vertex 101.82628428702616 1.8199399791262945 1.2
      vertex 101.62634559672905 2.573654403270941 2
      vertex 101.40015128672006 2.3752873173301596 2
    endloop
  endfacet
  facet normal 0.5663426084812676 -0.49666913762801046 0.6577049623854774
    outer loop
      vertex 102.12132034355965 2.0786796564403573 1.2
      vertex 101.82471268266984 2.7998487132799426 2
      vertex 101.62634559672905 2.573654403270941 2
    endloop
  endfacet
  facet normal 0.6263258002836098 -0.4184975201272083 0.65770496238547
    outer loop
      vertex 102.3800600208737 2.373715712973838 1.2
      vertex 101.9918584287042 3.0500000000000003 2
      vertex 101.82471268266984 2.7998487132799426 2
    endloop
  endfacet
  facet normal 0.6755923839927529 -0.33316529402761785 0.6577049623854754
    outer loop
      vertex 102.77163859753387 3.051949702904731 1.2
      vertex 102.12492292477596 3.3198281055602936 2
      vertex 101.9918584287042 3.0500000000000003 2
    endloop
  endfacet
  facet normal 0.7132993947022006 -0.24213251737634756 0.6577049623854656
    outer loop
      vertex 102.8977774788672 3.423542864692438 1.2
      vertex 102.22162940046486 3.6047161962642025 2
      vertex 102.12492292477596 3.3198281055602936 2
    endloop
  endfacet
  facet normal 0.7388016550043335 -0.1469567862208924 0.6577049623854794
    outer loop
      vertex 102.97433458412144 3.8084214233398455 1.2
      vertex 102.28032318115976 3.8997897578938816 2
      vertex 102.22162940046486 3.6047161962642025 2
    endloop
  endfacet
  facet normal 0.7516628141548246 -0.049266583709160976 0.6577049623854742
    outer loop
      vertex 103 4.2 1.2
      vertex 102.3 4.2 2
      vertex 102.28032318115976 3.8997897578938816 2
    endloop
  endfacet
  facet normal -0.7516628141548246 0.0492665837091609 0.6577049623854742
    outer loop
      vertex 97 4.2 1.2
      vertex 97.7 4.2 2
      vertex 97.71967681884024 4.500210242106119 2
    endloop
  endfacet
  facet normal -0.7388016550043334 0.1469567862208928 0.6577049623854793
    outer loop
      vertex 97.02566541587856 4.5915785766601545 1.2
      vertex 97.71967681884024 4.500210242106119 2
      vertex 97.77837059953514 4.795283803735797 2
    endloop
  endfacet
  facet normal -0.7132993947022006 0.2421325173763475 0.6577049623854657
    outer loop
      vertex 97.1022225211328 4.976457135307562 1.2
      vertex 97.77837059953514 4.795283803735797 2
      vertex 97.87507707522404 5.080171894439706 2
    endloop
  endfacet
  facet normal -0.6755923839927528 0.3331652940276178 0.6577049623854756
    outer loop
      vertex 97.22836140246613 5.34805029709527 1.2
      vertex 97.87507707522404 5.080171894439706 2
      vertex 98.0081415712958 5.35 2
    endloop
  endfacet
  facet normal -0.6263258002836102 0.41849752012720787 0.6577049623854702
    outer loop
      vertex 97.6199399791263 6.026284287026162 1.2
      vertex 98.0081415712958 5.35 2
      vertex 98.17528731733016 5.600151286720058 2
    endloop
  endfacet
  facet normal -0.566342608481267 0.4966691376280109 0.6577049623854775
    outer loop
      vertex 97.87867965644035 6.321320343559643 1.2
      vertex 98.17528731733016 5.600151286720058 2
      vertex 98.37365440327095 5.826345596729059 2
    endloop
  endfacet
  facet normal -0.49666913762801784 0.5663426084812705 0.6577049623854692
    outer loop
      vertex 98.17371571297384 6.580060020873706 1.2
      vertex 98.37365440327095 5.826345596729059 2
      vertex 98.59984871327994 6.024712682669841 2
    endloop
  endfacet
  facet normal -0.41849752012721775 0.6263258002836025 0.6577049623854712
    outer loop
      vertex 98.5 6.798076211353316 1.2
      vertex 98.59984871327994 6.024712682669841 2
      vertex 98.85 6.191858428704209 2
    endloop
  endfacet
  facet normal -0.33316529402761436 0.6755923839927592 0.6577049623854707
    outer loop
      vertex 98.85194970290473 6.97163859753386 1.2
      vertex 98.85 6.191858428704209 2
      vertex 99.11982810556029 6.32492292477596 2
    endloop
  endfacet
  facet normal -0.24213251737632385 0.7132993947022009 0.6577049623854742
    outer loop
      vertex 99.22354286469243 7.097777478867205 1.2
      vertex 99.11982810556029 6.32492292477596 2
      vertex 99.4047161962642 6.421629400464857 2
    endloop
  endfacet
  facet normal 0.7516628141548246 0.0492665837091609 0.6577049623854742
    outer loop
      vertex 103 4.2 1.2
      vertex 102.28032318115976 4.500210242106119 2
      vertex 102.3 4.2 2
    endloop
  endfacet
  facet normal 0.7388016550043334 0.1469567862208928 0.6577049623854793
    outer loop
      vertex 102.97433458412144 4.5915785766601545 1.2
      vertex 102.22162940046486 4.795283803735797 2
      vertex 102.28032318115976 4.500210242106119 2
    endloop
  endfacet
  facet normal 0.7132993947022006 0.2421325173763475 0.6577049623854657
    outer loop
      vertex 102.8977774788672 4.976457135307562 1.2
      vertex 102.12492292477596 5.080171894439706 2
      vertex 102.22162940046486 4.795283803735797 2
    endloop
  endfacet
  facet normal 0.6263258002836102 0.41849752012720787 0.6577049623854702
    outer loop
      vertex 102.3800600208737 6.026284287026162 1.2
      vertex 101.82471268266984 5.600151286720058 2
      vertex 101.9918584287042 5.35 2
    endloop
  endfacet
  facet normal 0.49666913762801784 0.5663426084812705 0.6577049623854692
    outer loop
      vertex 101.82628428702616 6.580060020873706 1.2
      vertex 101.40015128672006 6.024712682669841 2
      vertex 101.62634559672905 5.826345596729059 2
    endloop
  endfacet
  facet normal 0.566342608481267 0.4966691376280109 0.6577049623854775
    outer loop
      vertex 102.12132034355965 6.321320343559643 1.2
      vertex 101.62634559672905 5.826345596729059 2
      vertex 101.82471268266984 5.600151286720058 2
    endloop
  endfacet
  facet normal 0.6755923839927528 0.3331652940276178 0.6577049623854756
    outer loop
      vertex 102.77163859753387 5.34805029709527 1.2
      vertex 101.9918584287042 5.35 2
      vertex 102.12492292477596 5.080171894439706 2
    endloop
  endfacet
  facet normal -0.1469567862209217 0.7388016550043337 0.6577049623854725
    outer loop
      vertex 99.60842142333985 7.174334584121431 1.2
      vertex 99.4047161962642 6.421629400464857 2
      vertex 99.69978975789388 6.480323181159764 2
    endloop
  endfacet
  facet normal -0.04926658370915419 0.7516628141548259 0.6577049623854729
    outer loop
      vertex 100 7.2 1.2
      vertex 99.69978975789388 6.480323181159764 2
      vertex 100 6.5 2
    endloop
  endfacet
  facet normal 0.04926658370915419 0.7516628141548259 0.6577049623854729
    outer loop
      vertex 100 7.2 1.2
      vertex 100 6.5 2
      vertex 100.30021024210612 6.480323181159764 2
    endloop
  endfacet
  facet normal 0.1469567862209217 0.7388016550043337 0.6577049623854725
    outer loop
      vertex 100.39157857666015 7.174334584121431 1.2
      vertex 100.30021024210612 6.480323181159764 2
      vertex 100.5952838037358 6.421629400464857 2
    endloop
  endfacet
  facet normal 0.24213251737632385 0.7132993947022009 0.6577049623854742
    outer loop
      vertex 100.77645713530757 7.097777478867205 1.2
      vertex 100.5952838037358 6.421629400464857 2
      vertex 100.88017189443971 6.32492292477596 2
    endloop
  endfacet
  facet normal 0.33316529402761436 0.6755923839927592 0.6577049623854707
    outer loop
      vertex 101.14805029709527 6.97163859753386 1.2
      vertex 100.88017189443971 6.32492292477596 2
      vertex 101.15 6.191858428704209 2
    endloop
  endfacet
  facet normal 0.41849752012721775 0.6263258002836025 0.6577049623854712
    outer loop
      vertex 101.5 6.798076211353316 1.2
      vertex 101.15 6.191858428704209 2
      vertex 101.40015128672006 6.024712682669841 2
    endloop
  endfacet
  facet normal -0.3214394653031537 -0.9469301294951084 0
    outer loop
      vertex 94.11982810556029 59.575077075224044 2
      vertex 94.4047161962642 59.47837059953515 2
      vertex 94.11982810556029 59.575077075224044 2.635
    endloop
  endfacet
  facet normal -0.4422886902190092 -0.8968727415326844 0
    outer loop
      vertex 93.85 59.7081415712958 2
      vertex 94.11982810556029 59.575077075224044 2
      vertex 93.85 59.7081415712958 2.635
    endloop
  endfacet
  facet normal -0.19509032201613713 -0.9807852804032287 0
    outer loop
      vertex 94.4047161962642 59.47837059953515 2
      vertex 94.69978975789388 59.41967681884024 2
      vertex 94.4047161962642 59.47837059953515 2.635
    endloop
  endfacet
  facet normal -0.0654031292301286 -0.9978589232386045 0
    outer loop
      vertex 94.69978975789388 59.41967681884024 2
      vertex 95 59.400000000000006 2
      vertex 94.69978975789388 59.41967681884024 2.635
    endloop
  endfacet
  facet normal 0.0654031292301286 -0.9978589232386045 0
    outer loop
      vertex 95 59.400000000000006 2
      vertex 95.30021024210612 59.41967681884024 2
      vertex 95 59.400000000000006 2.635
    endloop
  endfacet
  facet normal 0.19509032201613713 -0.9807852804032287 0
    outer loop
      vertex 95.30021024210612 59.41967681884024 2
      vertex 95.5952838037358 59.47837059953515 2
      vertex 95.30021024210612 59.41967681884024 2.635
    endloop
  endfacet
  facet normal 0.3214394653031537 -0.9469301294951084 0
    outer loop
      vertex 95.5952838037358 59.47837059953515 2
      vertex 95.88017189443971 59.575077075224044 2
      vertex 95.5952838037358 59.47837059953515 2.635
    endloop
  endfacet
  facet normal 0.4422886902190092 -0.8968727415326844 0
    outer loop
      vertex 95.88017189443971 59.575077075224044 2
      vertex 96.15 59.7081415712958 2
      vertex 95.88017189443971 59.575077075224044 2.635
    endloop
  endfacet
  facet normal -0.7518398074789633 -0.659345815100085 0
    outer loop
      vertex 93.37365440327095 60.07365440327094 2
      vertex 93.17528731733016 60.29984871327994 2.635
      vertex 93.17528731733016 60.29984871327994 2
    endloop
  endfacet
  facet normal -0.8968727415326844 -0.4422886902190092 0
    outer loop
      vertex 92.87507707522404 60.8198281055603 2
      vertex 93.0081415712958 60.550000000000004 2
      vertex 92.87507707522404 60.8198281055603 2.635
    endloop
  endfacet
  facet normal -0.8314696123025548 -0.5555702330195879 0
    outer loop
      vertex 93.17528731733016 60.29984871327994 2
      vertex 93.0081415712958 60.550000000000004 2.635
      vertex 93.0081415712958 60.550000000000004 2
    endloop
  endfacet
  facet normal -0.6593458151000834 -0.7518398074789647 0
    outer loop
      vertex 93.37365440327095 60.07365440327094 2
      vertex 93.59984871327994 59.87528731733016 2
      vertex 93.37365440327095 60.07365440327094 2.635
    endloop
  endfacet
  facet normal -0.5555702330195988 -0.8314696123025476 0
    outer loop
      vertex 93.85 59.7081415712958 2
      vertex 93.59984871327994 59.87528731733016 2.635
      vertex 93.59984871327994 59.87528731733016 2
    endloop
  endfacet
  facet normal -0.9469301294950987 -0.3214394653031821 0
    outer loop
      vertex 92.87507707522404 60.8198281055603 2
      vertex 92.77837059953514 61.10471619626421 2.635
      vertex 92.77837059953514 61.10471619626421 2
    endloop
  endfacet
  facet normal -0.9807852804032378 -0.19509032201609172 0
    outer loop
      vertex 92.77837059953514 61.10471619626421 2
      vertex 92.71967681884024 61.399789757893885 2.635
      vertex 92.71967681884024 61.399789757893885 2
    endloop
  endfacet
  facet normal -0.9978589232386029 -0.06540312923015211 0
    outer loop
      vertex 92.71967681884024 61.399789757893885 2
      vertex 92.7 61.7 2.635
      vertex 92.7 61.7 2
    endloop
  endfacet
  facet normal -0.9978589232386029 0.06540312923015211 0
    outer loop
      vertex 92.7 61.7 2
      vertex 92.71967681884024 62.00021024210612 2.635
      vertex 92.71967681884024 62.00021024210612 2
    endloop
  endfacet
  facet normal -0.9807852804032378 0.19509032201609172 0
    outer loop
      vertex 92.71967681884024 62.00021024210612 2
      vertex 92.77837059953514 62.2952838037358 2.635
      vertex 92.77837059953514 62.2952838037358 2
    endloop
  endfacet
  facet normal -0.9469301294950987 0.3214394653031821 0
    outer loop
      vertex 92.77837059953514 62.2952838037358 2
      vertex 92.87507707522404 62.58017189443971 2.635
      vertex 92.87507707522404 62.58017189443971 2
    endloop
  endfacet
  facet normal -0.8968727415326844 0.4422886902190092 0
    outer loop
      vertex 92.87507707522404 62.58017189443971 2
      vertex 93.0081415712958 62.85 2.635
      vertex 93.0081415712958 62.85 2
    endloop
  endfacet
  facet normal -0.8314696123025548 0.5555702330195879 0
    outer loop
      vertex 93.0081415712958 62.85 2
      vertex 93.17528731733016 63.10015128672006 2.635
      vertex 93.17528731733016 63.10015128672006 2
    endloop
  endfacet
  facet normal -0.7518398074789633 0.659345815100085 0
    outer loop
      vertex 93.17528731733016 63.10015128672006 2
      vertex 93.37365440327095 63.32634559672906 2.635
      vertex 93.37365440327095 63.32634559672906 2
    endloop
  endfacet
  facet normal -0.6593458151000834 0.7518398074789647 0
    outer loop
      vertex 93.37365440327095 63.32634559672906 2
      vertex 93.59984871327994 63.52471268266984 2.635
      vertex 93.59984871327994 63.52471268266984 2
    endloop
  endfacet
  facet normal -0.5555702330195988 0.8314696123025476 0
    outer loop
      vertex 93.59984871327994 63.52471268266984 2
      vertex 93.85 63.69185842870421 2.635
      vertex 93.85 63.69185842870421 2
    endloop
  endfacet
  facet normal -0.4422886902190092 0.8968727415326844 0
    outer loop
      vertex 93.85 63.69185842870421 2
      vertex 94.11982810556029 63.82492292477596 2.635
      vertex 94.11982810556029 63.82492292477596 2
    endloop
  endfacet
  facet normal -0.3214394653031537 0.9469301294951084 0
    outer loop
      vertex 94.11982810556029 63.82492292477596 2
      vertex 94.4047161962642 63.92162940046486 2.635
      vertex 94.4047161962642 63.92162940046486 2
    endloop
  endfacet
  facet normal 0.3214394653031537 0.9469301294951084 0
    outer loop
      vertex 95.5952838037358 63.92162940046486 2
      vertex 95.88017189443971 63.82492292477596 2.635
      vertex 95.88017189443971 63.82492292477596 2
    endloop
  endfacet
  facet normal -0.19509032201613713 0.9807852804032287 0
    outer loop
      vertex 94.4047161962642 63.92162940046486 2
      vertex 94.69978975789388 63.98032318115977 2.635
      vertex 94.69978975789388 63.98032318115977 2
    endloop
  endfacet
  facet normal -0.0654031292301286 0.9978589232386045 0
    outer loop
      vertex 94.69978975789388 63.98032318115977 2
      vertex 95 64 2.635
      vertex 95 64 2
    endloop
  endfacet
  facet normal 0.0654031292301286 0.9978589232386045 0
    outer loop
      vertex 95 64 2
      vertex 95.30021024210612 63.98032318115977 2.635
      vertex 95.30021024210612 63.98032318115977 2
    endloop
  endfacet
  facet normal 0.19509032201613713 0.9807852804032287 0
    outer loop
      vertex 95.5952838037358 63.92162940046486 2
      vertex 95.30021024210612 63.98032318115977 2
      vertex 95.5952838037358 63.92162940046486 2.635
    endloop
  endfacet
  facet normal -0.5555702330195988 -0.8314696123025476 0
    outer loop
      vertex 93.85 59.7081415712958 2
      vertex 93.85 59.7081415712958 2.635
      vertex 93.59984871327994 59.87528731733016 2.635
    endloop
  endfacet
  facet normal -0.4422886902190092 -0.8968727415326844 0
    outer loop
      vertex 94.11982810556029 59.575077075224044 2
      vertex 94.11982810556029 59.575077075224044 2.635
      vertex 93.85 59.7081415712958 2.635
    endloop
  endfacet
  facet normal -0.3214394653031537 -0.9469301294951084 0
    outer loop
      vertex 94.4047161962642 59.47837059953515 2
      vertex 94.4047161962642 59.47837059953515 2.635
      vertex 94.11982810556029 59.575077075224044 2.635
    endloop
  endfacet
  facet normal -0.19509032201613713 -0.9807852804032287 0
    outer loop
      vertex 94.69978975789388 59.41967681884024 2
      vertex 94.69978975789388 59.41967681884024 2.635
      vertex 94.4047161962642 59.47837059953515 2.635
    endloop
  endfacet
  facet normal -0.0654031292301286 -0.9978589232386045 0
    outer loop
      vertex 95 59.400000000000006 2
      vertex 95 59.400000000000006 2.635
      vertex 94.69978975789388 59.41967681884024 2.635
    endloop
  endfacet
  facet normal 0.0654031292301286 -0.9978589232386045 0
    outer loop
      vertex 95.30021024210612 59.41967681884024 2
      vertex 95.30021024210612 59.41967681884024 2.635
      vertex 95 59.400000000000006 2.635
    endloop
  endfacet
  facet normal 0.19509032201613713 -0.9807852804032287 0
    outer loop
      vertex 95.5952838037358 59.47837059953515 2
      vertex 95.5952838037358 59.47837059953515 2.635
      vertex 95.30021024210612 59.41967681884024 2.635
    endloop
  endfacet
  facet normal 0.3214394653031537 -0.9469301294951084 0
    outer loop
      vertex 95.88017189443971 59.575077075224044 2
      vertex 95.88017189443971 59.575077075224044 2.635
      vertex 95.5952838037358 59.47837059953515 2.635
    endloop
  endfacet
  facet normal -0.7518398074789633 -0.659345815100085 0
    outer loop
      vertex 93.37365440327095 60.07365440327094 2
      vertex 93.37365440327095 60.07365440327094 2.635
      vertex 93.17528731733016 60.29984871327994 2.635
    endloop
  endfacet
  facet normal -0.8314696123025548 -0.5555702330195879 0
    outer loop
      vertex 93.17528731733016 60.29984871327994 2
      vertex 93.17528731733016 60.29984871327994 2.635
      vertex 93.0081415712958 60.550000000000004 2.635
    endloop
  endfacet
  facet normal -0.8968727415326844 -0.4422886902190092 0
    outer loop
      vertex 93.0081415712958 60.550000000000004 2
      vertex 93.0081415712958 60.550000000000004 2.635
      vertex 92.87507707522404 60.8198281055603 2.635
    endloop
  endfacet
  facet normal -0.6593458151000834 -0.7518398074789647 0
    outer loop
      vertex 93.59984871327994 59.87528731733016 2
      vertex 93.59984871327994 59.87528731733016 2.635
      vertex 93.37365440327095 60.07365440327094 2.635
    endloop
  endfacet
  facet normal -0.9469301294950987 -0.3214394653031821 0
    outer loop
      vertex 92.87507707522404 60.8198281055603 2
      vertex 92.87507707522404 60.8198281055603 2.635
      vertex 92.77837059953514 61.10471619626421 2.635
    endloop
  endfacet
  facet normal -0.9807852804032378 -0.19509032201609172 0
    outer loop
      vertex 92.77837059953514 61.10471619626421 2
      vertex 92.77837059953514 61.10471619626421 2.635
      vertex 92.71967681884024 61.399789757893885 2.635
    endloop
  endfacet
  facet normal -0.9978589232386029 -0.06540312923015211 0
    outer loop
      vertex 92.71967681884024 61.399789757893885 2
      vertex 92.71967681884024 61.399789757893885 2.635
      vertex 92.7 61.7 2.635
    endloop
  endfacet
  facet normal -0.9978589232386029 0.06540312923015211 0
    outer loop
      vertex 92.7 61.7 2
      vertex 92.7 61.7 2.635
      vertex 92.71967681884024 62.00021024210612 2.635
    endloop
  endfacet
  facet normal 0 0 1
    outer loop
      vertex 94.4047161962642 59.47837059953515 2.635
      vertex 94.69978975789388 59.41967681884024 2.635
      vertex 94.63765333685647 60.347703843195305 2.635
    endloop
  endfacet
  facet normal 0 0 1
    outer loop
      vertex 94.69978975789388 59.41967681884024 2.635
      vertex 95 59.400000000000006 2.635
      vertex 94.81726333089193 60.31197719407667 2.635
    endloop
  endfacet
  facet normal 0 0 1
    outer loop
      vertex 95 59.400000000000006 2.635
      vertex 95.30021024210612 59.41967681884024 2.635
      vertex 95.18273666910807 60.31197719407667 2.635
    endloop
  endfacet
  facet normal 0 0 1
    outer loop
      vertex 95.30021024210612 59.41967681884024 2.635
      vertex 95.5952838037358 59.47837059953515 2.635
      vertex 95.18273666910807 60.31197719407667 2.635
    endloop
  endfacet
  facet normal 0 0 1
    outer loop
      vertex 93.85 59.7081415712958 2.635
      vertex 93.7065686544842 61.16424319468888 2.635
      vertex 93.59984871327994 59.87528731733016 2.635
    endloop
  endfacet
  facet normal 0 0 1
    outer loop
      vertex 93.85 59.7081415712958 2.635
      vertex 94.11982810556029 59.575077075224044 2.635
      vertex 94.01005050633883 60.71005050633884 2.635
    endloop
  endfacet
  facet normal 0 0 1
    outer loop
      vertex 94.11982810556029 59.575077075224044 2.635
      vertex 94.1477339993878 60.58930532359227 2.635
      vertex 94.01005050633883 60.71005050633884 2.635
    endloop
  endfacet
  facet normal 0 0 1
    outer loop
      vertex 94.11982810556029 59.575077075224044 2.635
      vertex 94.3 60.48756443470179 2.635
      vertex 94.1477339993878 60.58930532359227 2.635
    endloop
  endfacet
  facet normal 0 0 1
    outer loop
      vertex 93.85 59.7081415712958 2.635
      vertex 93.78756443470179 61 2.635
      vertex 93.7065686544842 61.16424319468888 2.635
    endloop
  endfacet
  facet normal 0 0 1
    outer loop
      vertex 93.59984871327994 59.87528731733016 2.635
      vertex 93.7065686544842 61.16424319468888 2.635
      vertex 93.6477038431953 61.33765333685648 2.635
    endloop
  endfacet
  facet normal 0 0 1
    outer loop
      vertex 93.85 59.7081415712958 2.635
      vertex 94.01005050633883 60.71005050633884 2.635
      vertex 93.88930532359227 60.84773399938779 2.635
    endloop
  endfacet
  facet normal 0 0 1
    outer loop
      vertex 93.85 59.7081415712958 2.635
      vertex 93.88930532359227 60.84773399938779 2.635
      vertex 93.78756443470179 61 2.635
    endloop
  endfacet
  facet normal 0 0 1
    outer loop
      vertex 92.87507707522404 60.8198281055603 2.635
      vertex 93.0081415712958 60.550000000000004 2.635
      vertex 92.87507707522404 62.58017189443971 2.635
    endloop
  endfacet
  facet normal 0 0 1
    outer loop
      vertex 93.17528731733016 60.29984871327994 2.635
      vertex 93.0081415712958 62.85 2.635
      vertex 93.0081415712958 60.550000000000004 2.635
    endloop
  endfacet
  facet normal 0 0 1
    outer loop
      vertex 93.37365440327095 60.07365440327094 2.635
      vertex 93.17528731733016 63.10015128672006 2.635
      vertex 93.17528731733016 60.29984871327994 2.635
    endloop
  endfacet
  facet normal 0 0 1
    outer loop
      vertex 92.87507707522404 60.8198281055603 2.635
      vertex 92.77837059953514 62.2952838037358 2.635
      vertex 92.77837059953514 61.10471619626421 2.635
    endloop
  endfacet
  facet normal 0 0 1
    outer loop
      vertex 92.77837059953514 61.10471619626421 2.635
      vertex 92.71967681884024 62.00021024210612 2.635
      vertex 92.71967681884024 61.399789757893885 2.635
    endloop
  endfacet
  facet normal 0 0 1
    outer loop
      vertex 92.71967681884024 61.399789757893885 2.635
      vertex 92.71967681884024 62.00021024210612 2.635
      vertex 92.7 61.7 2.635
    endloop
  endfacet
  facet normal 0 0 1
    outer loop
      vertex 92.77837059953514 61.10471619626421 2.635
      vertex 92.77837059953514 62.2952838037358 2.635
      vertex 92.71967681884024 62.00021024210612 2.635
    endloop
  endfacet
  facet normal 0 0 1
    outer loop
      vertex 93.37365440327095 60.07365440327094 2.635
      vertex 93.59984871327994 59.87528731733016 2.635
      vertex 93.37365440327095 63.32634559672906 2.635
    endloop
  endfacet
  facet normal 0 0 1
    outer loop
      vertex 93.59984871327994 59.87528731733016 2.635
      vertex 93.6477038431953 61.33765333685648 2.635
      vertex 93.61197719407667 61.51726333089193 2.635
    endloop
  endfacet
  facet normal 0 0 1
    outer loop
      vertex 93.59984871327994 59.87528731733016 2.635
      vertex 93.61197719407667 61.51726333089193 2.635
      vertex 93.6 61.7 2.635
    endloop
  endfacet
  facet normal 0 0 1
    outer loop
      vertex 93.59984871327994 59.87528731733016 2.635
      vertex 93.6 61.7 2.635
      vertex 93.59984871327994 63.52471268266984 2.635
    endloop
  endfacet
  facet normal 0 0 1
    outer loop
      vertex 94.11982810556029 59.575077075224044 2.635
      vertex 94.4047161962642 59.47837059953515 2.635
      vertex 94.3 60.48756443470179 2.635
    endloop
  endfacet
  facet normal 0 0 1
    outer loop
      vertex 94.4047161962642 59.47837059953515 2.635
      vertex 94.46424319468888 60.406568654484204 2.635
      vertex 94.3 60.48756443470179 2.635
    endloop
  endfacet
  facet normal 0 0 1
    outer loop
      vertex 94.4047161962642 59.47837059953515 2.635
      vertex 94.63765333685647 60.347703843195305 2.635
      vertex 94.46424319468888 60.406568654484204 2.635
    endloop
  endfacet
  facet normal 0 0 1
    outer loop
      vertex 94.69978975789388 59.41967681884024 2.635
      vertex 94.81726333089193 60.31197719407667 2.635
      vertex 94.63765333685647 60.347703843195305 2.635
    endloop
  endfacet
  facet normal 0 0 1
    outer loop
      vertex 95 59.400000000000006 2.635
      vertex 95 60.300000000000004 2.635
      vertex 94.81726333089193 60.31197719407667 2.635
    endloop
  endfacet
  facet normal 0 0 1
    outer loop
      vertex 95 59.400000000000006 2.635
      vertex 95.18273666910807 60.31197719407667 2.635
      vertex 95 60.300000000000004 2.635
    endloop
  endfacet
  facet normal 0 0 1
    outer loop
      vertex 95.5952838037358 59.47837059953515 2.635
      vertex 95.36234666314353 60.347703843195305 2.635
      vertex 95.18273666910807 60.31197719407667 2.635
    endloop
  endfacet
  facet normal 0 0 1
    outer loop
      vertex 95.5952838037358 59.47837059953515 2.635
      vertex 95.53575680531112 60.406568654484204 2.635
      vertex 95.36234666314353 60.347703843195305 2.635
    endloop
  endfacet
  facet normal 0 0 1
    outer loop
      vertex 95.5952838037358 59.47837059953515 2.635
      vertex 95.88017189443971 59.575077075224044 2.635
      vertex 95.53575680531112 60.406568654484204 2.635
    endloop
  endfacet
  facet normal 0 0 1
    outer loop
      vertex 95.88017189443971 59.575077075224044 2.635
      vertex 96.15 59.7081415712958 2.635
      vertex 95.8522660006122 60.58930532359227 2.635
    endloop
  endfacet
  facet normal 0 0 1
    outer loop
      vertex 95.88017189443971 59.575077075224044 2.635
      vertex 95.7 60.48756443470179 2.635
      vertex 95.53575680531112 60.406568654484204 2.635
    endloop
  endfacet
  facet normal 0 0 1
    outer loop
      vertex 95.88017189443971 59.575077075224044 2.635
      vertex 95.8522660006122 60.58930532359227 2.635
      vertex 95.7 60.48756443470179 2.635
    endloop
  endfacet
  facet normal 0 0 1
    outer loop
      vertex 96.15 59.7081415712958 2.635
      vertex 95.98994949366117 60.71005050633884 2.635
      vertex 95.8522660006122 60.58930532359227 2.635
    endloop
  endfacet
  facet normal -0.9807852804032378 0.19509032201609172 0
    outer loop
      vertex 92.71967681884024 62.00021024210612 2
      vertex 92.71967681884024 62.00021024210612 2.635
      vertex 92.77837059953514 62.2952838037358 2.635
    endloop
  endfacet
  facet normal -0.9469301294950987 0.3214394653031821 0
    outer loop
      vertex 92.77837059953514 62.2952838037358 2
      vertex 92.77837059953514 62.2952838037358 2.635
      vertex 92.87507707522404 62.58017189443971 2.635
    endloop
  endfacet
  facet normal -0.8968727415326844 0.4422886902190092 0
    outer loop
      vertex 92.87507707522404 62.58017189443971 2
      vertex 92.87507707522404 62.58017189443971 2.635
      vertex 93.0081415712958 62.85 2.635
    endloop
  endfacet
  facet normal -0.8314696123025548 0.5555702330195879 0
    outer loop
      vertex 93.0081415712958 62.85 2
      vertex 93.0081415712958 62.85 2.635
      vertex 93.17528731733016 63.10015128672006 2.635
    endloop
  endfacet
  facet normal -0.7518398074789633 0.659345815100085 0
    outer loop
      vertex 93.17528731733016 63.10015128672006 2
      vertex 93.17528731733016 63.10015128672006 2.635
      vertex 93.37365440327095 63.32634559672906 2.635
    endloop
  endfacet
  facet normal -0.6593458151000834 0.7518398074789647 0
    outer loop
      vertex 93.37365440327095 63.32634559672906 2
      vertex 93.37365440327095 63.32634559672906 2.635
      vertex 93.59984871327994 63.52471268266984 2.635
    endloop
  endfacet
  facet normal -0.5555702330195988 0.8314696123025476 0
    outer loop
      vertex 93.59984871327994 63.52471268266984 2
      vertex 93.59984871327994 63.52471268266984 2.635
      vertex 93.85 63.69185842870421 2.635
    endloop
  endfacet
  facet normal -0.4422886902190092 0.8968727415326844 0
    outer loop
      vertex 93.85 63.69185842870421 2
      vertex 93.85 63.69185842870421 2.635
      vertex 94.11982810556029 63.82492292477596 2.635
    endloop
  endfacet
  facet normal -0.3214394653031537 0.9469301294951084 0
    outer loop
      vertex 94.11982810556029 63.82492292477596 2
      vertex 94.11982810556029 63.82492292477596 2.635
      vertex 94.4047161962642 63.92162940046486 2.635
    endloop
  endfacet
  facet normal 0.3214394653031537 0.9469301294951084 0
    outer loop
      vertex 95.5952838037358 63.92162940046486 2
      vertex 95.5952838037358 63.92162940046486 2.635
      vertex 95.88017189443971 63.82492292477596 2.635
    endloop
  endfacet
  facet normal 0.4422886902190092 0.8968727415326844 0
    outer loop
      vertex 95.88017189443971 63.82492292477596 2
      vertex 95.88017189443971 63.82492292477596 2.635
      vertex 96.15 63.69185842870421 2.635
    endloop
  endfacet
  facet normal -0.19509032201613713 0.9807852804032287 0
    outer loop
      vertex 94.4047161962642 63.92162940046486 2
      vertex 94.4047161962642 63.92162940046486 2.635
      vertex 94.69978975789388 63.98032318115977 2.635
    endloop
  endfacet
  facet normal -0.0654031292301286 0.9978589232386045 0
    outer loop
      vertex 94.69978975789388 63.98032318115977 2
      vertex 94.69978975789388 63.98032318115977 2.635
      vertex 95 64 2.635
    endloop
  endfacet
  facet normal 0.0654031292301286 0.9978589232386045 0
    outer loop
      vertex 95 64 2
      vertex 95 64 2.635
      vertex 95.30021024210612 63.98032318115977 2.635
    endloop
  endfacet
  facet normal 0.19509032201613713 0.9807852804032287 0
    outer loop
      vertex 95.30021024210612 63.98032318115977 2
      vertex 95.30021024210612 63.98032318115977 2.635
      vertex 95.5952838037358 63.92162940046486 2.635
    endloop
  endfacet
  facet normal 0 0 1
    outer loop
      vertex 92.87507707522404 60.8198281055603 2.635
      vertex 92.87507707522404 62.58017189443971 2.635
      vertex 92.77837059953514 62.2952838037358 2.635
    endloop
  endfacet
  facet normal 0 0 1
    outer loop
      vertex 93.0081415712958 60.550000000000004 2.635
      vertex 93.0081415712958 62.85 2.635
      vertex 92.87507707522404 62.58017189443971 2.635
    endloop
  endfacet
  facet normal 0 0 1
    outer loop
      vertex 93.17528731733016 60.29984871327994 2.635
      vertex 93.17528731733016 63.10015128672006 2.635
      vertex 93.0081415712958 62.85 2.635
    endloop
  endfacet
  facet normal 0 0 1
    outer loop
      vertex 93.37365440327095 60.07365440327094 2.635
      vertex 93.37365440327095 63.32634559672906 2.635
      vertex 93.17528731733016 63.10015128672006 2.635
    endloop
  endfacet
  facet normal 0 0 1
    outer loop
      vertex 93.59984871327994 59.87528731733016 2.635
      vertex 93.59984871327994 63.52471268266984 2.635
      vertex 93.37365440327095 63.32634559672906 2.635
    endloop
  endfacet
  facet normal 0 0 1
    outer loop
      vertex 93.59984871327994 63.52471268266984 2.635
      vertex 93.6 61.7 2.635
      vertex 93.61197719407667 61.88273666910808 2.635
    endloop
  endfacet
  facet normal 0 0 1
    outer loop
      vertex 93.59984871327994 63.52471268266984 2.635
      vertex 93.61197719407667 61.88273666910808 2.635
      vertex 93.6477038431953 62.06234666314353 2.635
    endloop
  endfacet
  facet normal 0 0 1
    outer loop
      vertex 93.59984871327994 63.52471268266984 2.635
      vertex 93.6477038431953 62.06234666314353 2.635
      vertex 93.7065686544842 62.23575680531113 2.635
    endloop
  endfacet
  facet normal 0 0 1
    outer loop
      vertex 93.59984871327994 63.52471268266984 2.635
      vertex 93.7065686544842 62.23575680531113 2.635
      vertex 93.78756443470179 62.400000000000006 2.635
    endloop
  endfacet
  facet normal 0 0 1
    outer loop
      vertex 93.59984871327994 63.52471268266984 2.635
      vertex 93.78756443470179 62.400000000000006 2.635
      vertex 93.88930532359227 62.552266000612214 2.635
    endloop
  endfacet
  facet normal 0 0 1
    outer loop
      vertex 93.59984871327994 63.52471268266984 2.635
      vertex 93.88930532359227 62.552266000612214 2.635
      vertex 93.85 63.69185842870421 2.635
    endloop
  endfacet
  facet normal 0 0 1
    outer loop
      vertex 93.85 63.69185842870421 2.635
      vertex 93.88930532359227 62.552266000612214 2.635
      vertex 94.01005050633883 62.68994949366117 2.635
    endloop
  endfacet
  facet normal 0 0 1
    outer loop
      vertex 93.85 63.69185842870421 2.635
      vertex 94.01005050633883 62.68994949366117 2.635
      vertex 94.1477339993878 62.810694676407735 2.635
    endloop
  endfacet
  facet normal 0 0 1
    outer loop
      vertex 94.11982810556029 63.82492292477596 2.635
      vertex 94.1477339993878 62.810694676407735 2.635
      vertex 94.3 62.91243556529822 2.635
    endloop
  endfacet
  facet normal 0 0 1
    outer loop
      vertex 93.85 63.69185842870421 2.635
      vertex 94.1477339993878 62.810694676407735 2.635
      vertex 94.11982810556029 63.82492292477596 2.635
    endloop
  endfacet
  facet normal 0 0 1
    outer loop
      vertex 94.11982810556029 63.82492292477596 2.635
      vertex 94.3 62.91243556529822 2.635
      vertex 94.46424319468888 62.9934313455158 2.635
    endloop
  endfacet
  facet normal 0 0 1
    outer loop
      vertex 94.4047161962642 63.92162940046486 2.635
      vertex 94.46424319468888 62.9934313455158 2.635
      vertex 94.63765333685647 63.0522961568047 2.635
    endloop
  endfacet
  facet normal 0 0 1
    outer loop
      vertex 94.4047161962642 63.92162940046486 2.635
      vertex 94.63765333685647 63.0522961568047 2.635
      vertex 94.81726333089193 63.08802280592334 2.635
    endloop
  endfacet
  facet normal 0 0 1
    outer loop
      vertex 95 64 2.635
      vertex 94.81726333089193 63.08802280592334 2.635
      vertex 95 63.1 2.635
    endloop
  endfacet
  facet normal 0 0 1
    outer loop
      vertex 95 64 2.635
      vertex 95 63.1 2.635
      vertex 95.18273666910807 63.08802280592334 2.635
    endloop
  endfacet
  facet normal 0 0 1
    outer loop
      vertex 94.11982810556029 63.82492292477596 2.635
      vertex 94.46424319468888 62.9934313455158 2.635
      vertex 94.4047161962642 63.92162940046486 2.635
    endloop
  endfacet
  facet normal 0 0 1
    outer loop
      vertex 94.4047161962642 63.92162940046486 2.635
      vertex 94.81726333089193 63.08802280592334 2.635
      vertex 94.69978975789388 63.98032318115977 2.635
    endloop
  endfacet
  facet normal 0 0 1
    outer loop
      vertex 94.69978975789388 63.98032318115977 2.635
      vertex 94.81726333089193 63.08802280592334 2.635
      vertex 95 64 2.635
    endloop
  endfacet
  facet normal 0 0 1
    outer loop
      vertex 95.30021024210612 63.98032318115977 2.635
      vertex 95.18273666910807 63.08802280592334 2.635
      vertex 95.36234666314353 63.0522961568047 2.635
    endloop
  endfacet
  facet normal 0 0 1
    outer loop
      vertex 95.5952838037358 63.92162940046486 2.635
      vertex 95.36234666314353 63.0522961568047 2.635
      vertex 95.53575680531112 62.9934313455158 2.635
    endloop
  endfacet
  facet normal 0 0 1
    outer loop
      vertex 95.88017189443971 63.82492292477596 2.635
      vertex 95.8522660006122 62.810694676407735 2.635
      vertex 95.98994949366117 62.68994949366117 2.635
    endloop
  endfacet
  facet normal 0 0 1
    outer loop
      vertex 95.5952838037358 63.92162940046486 2.635
      vertex 95.53575680531112 62.9934313455158 2.635
      vertex 95.7 62.91243556529822 2.635
    endloop
  endfacet
  facet normal 0 0 1
    outer loop
      vertex 95.88017189443971 63.82492292477596 2.635
      vertex 95.7 62.91243556529822 2.635
      vertex 95.8522660006122 62.810694676407735 2.635
    endloop
  endfacet
  facet normal 0 0 1
    outer loop
      vertex 95.5952838037358 63.92162940046486 2.635
      vertex 95.30021024210612 63.98032318115977 2.635
      vertex 95.36234666314353 63.0522961568047 2.635
    endloop
  endfacet
  facet normal 0 0 1
    outer loop
      vertex 95 64 2.635
      vertex 95.18273666910807 63.08802280592334 2.635
      vertex 95.30021024210612 63.98032318115977 2.635
    endloop
  endfacet
  facet normal 0 0 1
    outer loop
      vertex 95.5952838037358 63.92162940046486 2.635
      vertex 95.7 62.91243556529822 2.635
      vertex 95.88017189443971 63.82492292477596 2.635
    endloop
  endfacet
  facet normal 0.5555702330195988 -0.8314696123025476 0
    outer loop
      vertex 96.15 59.7081415712958 2
      vertex 96.40015128672006 59.87528731733016 2
      vertex 96.15 59.7081415712958 2.635
    endloop
  endfacet
  facet normal 0.6593458151000834 -0.7518398074789647 0
    outer loop
      vertex 96.40015128672006 59.87528731733016 2
      vertex 96.62634559672905 60.07365440327094 2
      vertex 96.40015128672006 59.87528731733016 2.635
    endloop
  endfacet
  facet normal 0.7518398074789633 -0.659345815100085 0
    outer loop
      vertex 96.62634559672905 60.07365440327094 2
      vertex 96.82471268266984 60.29984871327994 2
      vertex 96.62634559672905 60.07365440327094 2.635
    endloop
  endfacet
  facet normal 0.8314696123025548 -0.5555702330195879 0
    outer loop
      vertex 96.82471268266984 60.29984871327994 2
      vertex 96.9918584287042 60.550000000000004 2
      vertex 96.82471268266984 60.29984871327994 2.635
    endloop
  endfacet
  facet normal 0.8968727415326844 -0.4422886902190092 0
    outer loop
      vertex 96.9918584287042 60.550000000000004 2
      vertex 97.12492292477596 60.8198281055603 2
      vertex 96.9918584287042 60.550000000000004 2.635
    endloop
  endfacet
  facet normal 0.9469301294950987 -0.3214394653031821 0
    outer loop
      vertex 97.12492292477596 60.8198281055603 2
      vertex 97.22162940046486 61.10471619626421 2
      vertex 97.12492292477596 60.8198281055603 2.635
    endloop
  endfacet
  facet normal 0.9807852804032378 -0.19509032201609172 0
    outer loop
      vertex 97.22162940046486 61.10471619626421 2
      vertex 97.28032318115976 61.399789757893885 2
      vertex 97.22162940046486 61.10471619626421 2.635
    endloop
  endfacet
  facet normal 0.9978589232386029 -0.06540312923015211 0
    outer loop
      vertex 97.28032318115976 61.399789757893885 2
      vertex 97.3 61.7 2
      vertex 97.28032318115976 61.399789757893885 2.635
    endloop
  endfacet
  facet normal 0.9978589232386029 0.06540312923015211 0
    outer loop
      vertex 97.3 61.7 2
      vertex 97.28032318115976 62.00021024210612 2
      vertex 97.3 61.7 2.635
    endloop
  endfacet
  facet normal 0.9807852804032378 0.19509032201609172 0
    outer loop
      vertex 97.28032318115976 62.00021024210612 2
      vertex 97.22162940046486 62.2952838037358 2
      vertex 97.28032318115976 62.00021024210612 2.635
    endloop
  endfacet
  facet normal 0.9469301294950987 0.3214394653031821 0
    outer loop
      vertex 97.22162940046486 62.2952838037358 2
      vertex 97.12492292477596 62.58017189443971 2
      vertex 97.22162940046486 62.2952838037358 2.635
    endloop
  endfacet
  facet normal 0.8968727415326844 0.4422886902190092 0
    outer loop
      vertex 97.12492292477596 62.58017189443971 2
      vertex 96.9918584287042 62.85 2
      vertex 97.12492292477596 62.58017189443971 2.635
    endloop
  endfacet
  facet normal 0.6593458151000834 0.7518398074789647 0
    outer loop
      vertex 96.62634559672905 63.32634559672906 2
      vertex 96.40015128672006 63.52471268266984 2
      vertex 96.62634559672905 63.32634559672906 2.635
    endloop
  endfacet
  facet normal 0.7518398074789633 0.659345815100085 0
    outer loop
      vertex 96.82471268266984 63.10015128672006 2
      vertex 96.62634559672905 63.32634559672906 2
      vertex 96.82471268266984 63.10015128672006 2.635
    endloop
  endfacet
  facet normal 0.5555702330195988 0.8314696123025476 0
    outer loop
      vertex 96.40015128672006 63.52471268266984 2
      vertex 96.15 63.69185842870421 2
      vertex 96.40015128672006 63.52471268266984 2.635
    endloop
  endfacet
  facet normal 0.4422886902190092 0.8968727415326844 0
    outer loop
      vertex 95.88017189443971 63.82492292477596 2
      vertex 96.15 63.69185842870421 2.635
      vertex 96.15 63.69185842870421 2
    endloop
  endfacet
  facet normal 0.8314696123025548 0.5555702330195879 0
    outer loop
      vertex 96.9918584287042 62.85 2
      vertex 96.82471268266984 63.10015128672006 2
      vertex 96.9918584287042 62.85 2.635
    endloop
  endfacet
  facet normal 0.4422886902190092 -0.8968727415326844 0
    outer loop
      vertex 95.88017189443971 59.575077075224044 2.635
      vertex 96.15 59.7081415712958 2
      vertex 96.15 59.7081415712958 2.635
    endloop
  endfacet
  facet normal 0.5555702330195988 -0.8314696123025476 0
    outer loop
      vertex 96.40015128672006 59.87528731733016 2
      vertex 96.40015128672006 59.87528731733016 2.635
      vertex 96.15 59.7081415712958 2.635
    endloop
  endfacet
  facet normal 0.6593458151000834 -0.7518398074789647 0
    outer loop
      vertex 96.62634559672905 60.07365440327094 2
      vertex 96.62634559672905 60.07365440327094 2.635
      vertex 96.40015128672006 59.87528731733016 2.635
    endloop
  endfacet
  facet normal 0.7518398074789633 -0.659345815100085 0
    outer loop
      vertex 96.82471268266984 60.29984871327994 2
      vertex 96.82471268266984 60.29984871327994 2.635
      vertex 96.62634559672905 60.07365440327094 2.635
    endloop
  endfacet
  facet normal 0.8314696123025548 -0.5555702330195879 0
    outer loop
      vertex 96.9918584287042 60.550000000000004 2
      vertex 96.9918584287042 60.550000000000004 2.635
      vertex 96.82471268266984 60.29984871327994 2.635
    endloop
  endfacet
  facet normal 0.8968727415326844 -0.4422886902190092 0
    outer loop
      vertex 97.12492292477596 60.8198281055603 2
      vertex 97.12492292477596 60.8198281055603 2.635
      vertex 96.9918584287042 60.550000000000004 2.635
    endloop
  endfacet
  facet normal 0.9469301294950987 -0.3214394653031821 0
    outer loop
      vertex 97.22162940046486 61.10471619626421 2
      vertex 97.22162940046486 61.10471619626421 2.635
      vertex 97.12492292477596 60.8198281055603 2.635
    endloop
  endfacet
  facet normal 0.9807852804032378 -0.19509032201609172 0
    outer loop
      vertex 97.28032318115976 61.399789757893885 2
      vertex 97.28032318115976 61.399789757893885 2.635
      vertex 97.22162940046486 61.10471619626421 2.635
    endloop
  endfacet
  facet normal 0.9978589232386029 -0.06540312923015211 0
    outer loop
      vertex 97.3 61.7 2
      vertex 97.3 61.7 2.635
      vertex 97.28032318115976 61.399789757893885 2.635
    endloop
  endfacet
  facet normal 0 0 1
    outer loop
      vertex 96.15 59.7081415712958 2.635
      vertex 96.40015128672006 59.87528731733016 2.635
      vertex 96.11069467640773 60.84773399938779 2.635
    endloop
  endfacet
  facet normal 0 0 1
    outer loop
      vertex 96.15 59.7081415712958 2.635
      vertex 96.11069467640773 60.84773399938779 2.635
      vertex 95.98994949366117 60.71005050633884 2.635
    endloop
  endfacet
  facet normal 0 0 1
    outer loop
      vertex 96.40015128672006 59.87528731733016 2.635
      vertex 96.21243556529821 61 2.635
      vertex 96.11069467640773 60.84773399938779 2.635
    endloop
  endfacet
  facet normal 0 0 1
    outer loop
      vertex 96.40015128672006 59.87528731733016 2.635
      vertex 96.2934313455158 61.16424319468888 2.635
      vertex 96.21243556529821 61 2.635
    endloop
  endfacet
  facet normal 0 0 1
    outer loop
      vertex 96.40015128672006 59.87528731733016 2.635
      vertex 96.3522961568047 61.33765333685648 2.635
      vertex 96.2934313455158 61.16424319468888 2.635
    endloop
  endfacet
  facet normal 0 0 1
    outer loop
      vertex 96.40015128672006 59.87528731733016 2.635
      vertex 96.38802280592333 61.51726333089193 2.635
      vertex 96.3522961568047 61.33765333685648 2.635
    endloop
  endfacet
  facet normal 0 0 1
    outer loop
      vertex 96.40015128672006 59.87528731733016 2.635
      vertex 96.4 61.7 2.635
      vertex 96.38802280592333 61.51726333089193 2.635
    endloop
  endfacet
  facet normal 0 0 1
    outer loop
      vertex 96.40015128672006 59.87528731733016 2.635
      vertex 96.62634559672905 60.07365440327094 2.635
      vertex 96.40015128672006 63.52471268266984 2.635
    endloop
  endfacet
  facet normal 0 0 1
    outer loop
      vertex 96.62634559672905 60.07365440327094 2.635
      vertex 96.82471268266984 60.29984871327994 2.635
      vertex 96.62634559672905 63.32634559672906 2.635
    endloop
  endfacet
  facet normal 0 0 1
    outer loop
      vertex 96.40015128672006 59.87528731733016 2.635
      vertex 96.40015128672006 63.52471268266984 2.635
      vertex 96.4 61.7 2.635
    endloop
  endfacet
  facet normal 0 0 1
    outer loop
      vertex 96.82471268266984 60.29984871327994 2.635
      vertex 96.9918584287042 60.550000000000004 2.635
      vertex 96.82471268266984 63.10015128672006 2.635
    endloop
  endfacet
  facet normal 0 0 1
    outer loop
      vertex 96.9918584287042 60.550000000000004 2.635
      vertex 97.12492292477596 60.8198281055603 2.635
      vertex 96.9918584287042 62.85 2.635
    endloop
  endfacet
  facet normal 0 0 1
    outer loop
      vertex 97.12492292477596 60.8198281055603 2.635
      vertex 97.22162940046486 61.10471619626421 2.635
      vertex 97.12492292477596 62.58017189443971 2.635
    endloop
  endfacet
  facet normal 0 0 1
    outer loop
      vertex 97.22162940046486 61.10471619626421 2.635
      vertex 97.28032318115976 61.399789757893885 2.635
      vertex 97.22162940046486 62.2952838037358 2.635
    endloop
  endfacet
  facet normal 0 0 1
    outer loop
      vertex 97.28032318115976 61.399789757893885 2.635
      vertex 97.3 61.7 2.635
      vertex 97.28032318115976 62.00021024210612 2.635
    endloop
  endfacet
  facet normal 0.9978589232386029 0.06540312923015211 0
    outer loop
      vertex 97.28032318115976 62.00021024210612 2
      vertex 97.28032318115976 62.00021024210612 2.635
      vertex 97.3 61.7 2.635
    endloop
  endfacet
  facet normal 0.9807852804032378 0.19509032201609172 0
    outer loop
      vertex 97.22162940046486 62.2952838037358 2
      vertex 97.22162940046486 62.2952838037358 2.635
      vertex 97.28032318115976 62.00021024210612 2.635
    endloop
  endfacet
  facet normal 0.9469301294950987 0.3214394653031821 0
    outer loop
      vertex 97.12492292477596 62.58017189443971 2
      vertex 97.12492292477596 62.58017189443971 2.635
      vertex 97.22162940046486 62.2952838037358 2.635
    endloop
  endfacet
  facet normal 0.8968727415326844 0.4422886902190092 0
    outer loop
      vertex 96.9918584287042 62.85 2
      vertex 96.9918584287042 62.85 2.635
      vertex 97.12492292477596 62.58017189443971 2.635
    endloop
  endfacet
  facet normal 0.7518398074789633 0.659345815100085 0
    outer loop
      vertex 96.62634559672905 63.32634559672906 2
      vertex 96.62634559672905 63.32634559672906 2.635
      vertex 96.82471268266984 63.10015128672006 2.635
    endloop
  endfacet
  facet normal 0.5555702330195988 0.8314696123025476 0
    outer loop
      vertex 96.15 63.69185842870421 2
      vertex 96.15 63.69185842870421 2.635
      vertex 96.40015128672006 63.52471268266984 2.635
    endloop
  endfacet
  facet normal 0.6593458151000834 0.7518398074789647 0
    outer loop
      vertex 96.40015128672006 63.52471268266984 2
      vertex 96.40015128672006 63.52471268266984 2.635
      vertex 96.62634559672905 63.32634559672906 2.635
    endloop
  endfacet
  facet normal 0.8314696123025548 0.5555702330195879 0
    outer loop
      vertex 96.82471268266984 63.10015128672006 2
      vertex 96.82471268266984 63.10015128672006 2.635
      vertex 96.9918584287042 62.85 2.635
    endloop
  endfacet
  facet normal 0 0 1
    outer loop
      vertex 96.40015128672006 63.52471268266984 2.635
      vertex 96.38802280592333 61.88273666910808 2.635
      vertex 96.4 61.7 2.635
    endloop
  endfacet
  facet normal 0 0 1
    outer loop
      vertex 96.62634559672905 60.07365440327094 2.635
      vertex 96.62634559672905 63.32634559672906 2.635
      vertex 96.40015128672006 63.52471268266984 2.635
    endloop
  endfacet
  facet normal 0 0 1
    outer loop
      vertex 96.82471268266984 60.29984871327994 2.635
      vertex 96.82471268266984 63.10015128672006 2.635
      vertex 96.62634559672905 63.32634559672906 2.635
    endloop
  endfacet
  facet normal 0 0 1
    outer loop
      vertex 96.40015128672006 63.52471268266984 2.635
      vertex 96.3522961568047 62.06234666314353 2.635
      vertex 96.38802280592333 61.88273666910808 2.635
    endloop
  endfacet
  facet normal 0 0 1
    outer loop
      vertex 96.40015128672006 63.52471268266984 2.635
      vertex 96.2934313455158 62.23575680531113 2.635
      vertex 96.3522961568047 62.06234666314353 2.635
    endloop
  endfacet
  facet normal 0 0 1
    outer loop
      vertex 96.15 63.69185842870421 2.635
      vertex 96.21243556529821 62.400000000000006 2.635
      vertex 96.2934313455158 62.23575680531113 2.635
    endloop
  endfacet
  facet normal 0 0 1
    outer loop
      vertex 96.15 63.69185842870421 2.635
      vertex 96.11069467640773 62.552266000612214 2.635
      vertex 96.21243556529821 62.400000000000006 2.635
    endloop
  endfacet
  facet normal 0 0 1
    outer loop
      vertex 97.12492292477596 60.8198281055603 2.635
      vertex 97.12492292477596 62.58017189443971 2.635
      vertex 96.9918584287042 62.85 2.635
    endloop
  endfacet
  facet normal 0 0 1
    outer loop
      vertex 97.22162940046486 61.10471619626421 2.635
      vertex 97.22162940046486 62.2952838037358 2.635
      vertex 97.12492292477596 62.58017189443971 2.635
    endloop
  endfacet
  facet normal 0 0 1
    outer loop
      vertex 97.28032318115976 61.399789757893885 2.635
      vertex 97.28032318115976 62.00021024210612 2.635
      vertex 97.22162940046486 62.2952838037358 2.635
    endloop
  endfacet
  facet normal 0 0 1
    outer loop
      vertex 96.9918584287042 60.550000000000004 2.635
      vertex 96.9918584287042 62.85 2.635
      vertex 96.82471268266984 63.10015128672006 2.635
    endloop
  endfacet
  facet normal 0 0 1
    outer loop
      vertex 96.15 63.69185842870421 2.635
      vertex 95.98994949366117 62.68994949366117 2.635
      vertex 96.11069467640773 62.552266000612214 2.635
    endloop
  endfacet
  facet normal 0 0 1
    outer loop
      vertex 96.40015128672006 63.52471268266984 2.635
      vertex 96.15 63.69185842870421 2.635
      vertex 96.2934313455158 62.23575680531113 2.635
    endloop
  endfacet
  facet normal 0 0 1
    outer loop
      vertex 95.88017189443971 63.82492292477596 2.635
      vertex 95.98994949366117 62.68994949366117 2.635
      vertex 96.15 63.69185842870421 2.635
    endloop
  endfacet
  facet normal -0.7132993947022054 -0.24213251737630842 0.6577049623854748
    outer loop
      vertex 92.22836140246613 60.551949702904736 1.2
      vertex 92.87507707522404 60.8198281055603 2
      vertex 92.1022225211328 60.92354286469244 1.2
    endloop
  endfacet
  facet normal -0.7388016550043344 -0.1469567862209445 0.6577049623854666
    outer loop
      vertex 92.02566541587856 61.30842142333985 1.2
      vertex 92.1022225211328 60.92354286469244 1.2
      vertex 92.77837059953514 61.10471619626421 2
    endloop
  endfacet
  facet normal -0.7516628141548222 -0.04926658370914446 0.6577049623854782
    outer loop
      vertex 92.02566541587856 61.30842142333985 1.2
      vertex 92.71967681884024 61.399789757893885 2
      vertex 92 61.7 1.2
    endloop
  endfacet
  facet normal -0.49666913762799003 -0.566342608481286 0.6577049623854767
    outer loop
      vertex 92.87867965644035 59.57867965644036 1.2
      vertex 93.17371571297384 59.319939979126296 1.2
      vertex 93.37365440327095 60.07365440327094 2
    endloop
  endfacet
  facet normal -0.33316529402760786 -0.67559238399276 0.657704962385473
    outer loop
      vertex 93.5 59.10192378864669 1.2
      vertex 93.85194970290473 58.928361402466145 1.2
      vertex 93.85 59.7081415712958 2
    endloop
  endfacet
  facet normal -0.24213251737633812 -0.7132993947021989 0.6577049623854712
    outer loop
      vertex 93.85194970290473 58.928361402466145 1.2
      vertex 94.22354286469243 58.8022225211328 1.2
      vertex 94.11982810556029 59.575077075224044 2
    endloop
  endfacet
  facet normal -0.41849752012721886 -0.6263258002836021 0.6577049623854707
    outer loop
      vertex 93.17371571297384 59.319939979126296 1.2
      vertex 93.5 59.10192378864669 1.2
      vertex 93.59984871327994 59.87528731733016 2
    endloop
  endfacet
  facet normal -0.1469567862209144 -0.738801655004334 0.6577049623854738
    outer loop
      vertex 94.22354286469243 58.8022225211328 1.2
      vertex 94.60842142333985 58.725665415878574 1.2
      vertex 94.4047161962642 59.47837059953515 2
    endloop
  endfacet
  facet normal -0.049266583709158436 -0.7516628141548274 0.6577049623854709
    outer loop
      vertex 94.60842142333985 58.725665415878574 1.2
      vertex 95 58.7 1.2
      vertex 94.69978975789388 59.41967681884024 2
    endloop
  endfacet
  facet normal 0.04926658370915844 -0.7516628141548275 0.6577049623854709
    outer loop
      vertex 95 58.7 1.2
      vertex 95.39157857666015 58.725665415878574 1.2
      vertex 95.30021024210612 59.41967681884024 2
    endloop
  endfacet
  facet normal 0.1469567862209144 -0.738801655004334 0.6577049623854738
    outer loop
      vertex 95.39157857666015 58.725665415878574 1.2
      vertex 95.77645713530757 58.8022225211328 1.2
      vertex 95.5952838037358 59.47837059953515 2
    endloop
  endfacet
  facet normal 0.24213251737633812 -0.7132993947021989 0.6577049623854712
    outer loop
      vertex 95.77645713530757 58.8022225211328 1.2
      vertex 96.14805029709527 58.928361402466145 1.2
      vertex 95.88017189443971 59.575077075224044 2
    endloop
  endfacet
  facet normal -0.5663426084812913 -0.4966691376279929 0.6577049623854703
    outer loop
      vertex 92.87867965644035 59.57867965644036 1.2
      vertex 93.17528731733016 60.29984871327994 2
      vertex 92.6199399791263 59.87371571297384 1.2
    endloop
  endfacet
  facet normal -0.6263258002835971 -0.41849752012722 0.6577049623854746
    outer loop
      vertex 92.40192378864668 60.2 1.2
      vertex 92.6199399791263 59.87371571297384 1.2
      vertex 93.0081415712958 60.550000000000004 2
    endloop
  endfacet
  facet normal -0.675592383992753 -0.333165294027618 0.6577049623854752
    outer loop
      vertex 92.40192378864668 60.2 1.2
      vertex 93.0081415712958 60.550000000000004 2
      vertex 92.22836140246613 60.551949702904736 1.2
    endloop
  endfacet
  facet normal -0.7516628141548221 0.049266583709144454 0.6577049623854782
    outer loop
      vertex 92 61.7 1.2
      vertex 92.71967681884024 62.00021024210612 2
      vertex 92.02566541587856 62.091578576660154 1.2
    endloop
  endfacet
  facet normal -0.7388016550043344 0.1469567862209445 0.6577049623854666
    outer loop
      vertex 92.02566541587856 62.091578576660154 1.2
      vertex 92.77837059953514 62.2952838037358 2
      vertex 92.1022225211328 62.47645713530756 1.2
    endloop
  endfacet
  facet normal -0.7132993947022054 0.24213251737630842 0.6577049623854748
    outer loop
      vertex 92.1022225211328 62.47645713530756 1.2
      vertex 92.87507707522404 62.58017189443971 2
      vertex 92.22836140246613 62.84805029709527 1.2
    endloop
  endfacet
  facet normal -0.6755923839927531 0.3331652940276181 0.6577049623854752
    outer loop
      vertex 92.22836140246613 62.84805029709527 1.2
      vertex 93.0081415712958 62.85 2
      vertex 92.40192378864668 63.2 1.2
    endloop
  endfacet
  facet normal -0.6263258002835971 0.41849752012722 0.6577049623854746
    outer loop
      vertex 92.40192378864668 63.2 1.2
      vertex 93.0081415712958 62.85 2
      vertex 92.6199399791263 63.526284287026165 1.2
    endloop
  endfacet
  facet normal -0.5663426084812913 0.4966691376279929 0.6577049623854702
    outer loop
      vertex 92.6199399791263 63.526284287026165 1.2
      vertex 93.17528731733016 63.10015128672006 2
      vertex 92.87867965644035 63.82132034355965 1.2
    endloop
  endfacet
  facet normal -0.4966691376279826 0.5663426084812931 0.6577049623854764
    outer loop
      vertex 92.87867965644035 63.82132034355965 1.2
      vertex 93.37365440327095 63.32634559672906 2
      vertex 93.17371571297384 64.0800600208737 1.2
    endloop
  endfacet
  facet normal -0.4184975201272296 0.6263258002835977 0.6577049623854679
    outer loop
      vertex 93.17371571297384 64.0800600208737 1.2
      vertex 93.59984871327994 63.52471268266984 2
      vertex 93.5 64.29807621135332 1.2
    endloop
  endfacet
  facet normal -0.3331652940276187 0.6755923839927543 0.6577049623854735
    outer loop
      vertex 93.5 64.29807621135332 1.2
      vertex 93.85 63.69185842870421 2
      vertex 93.85194970290473 64.47163859753387 1.2
    endloop
  endfacet
  facet normal -0.24213251737633712 0.713299394702196 0.6577049623854747
    outer loop
      vertex 93.85194970290473 64.47163859753387 1.2
      vertex 94.11982810556029 63.82492292477596 2
      vertex 94.22354286469243 64.59777747886721 1.2
    endloop
  endfacet
  facet normal -0.14695678622091377 0.7388016550043309 0.6577049623854775
    outer loop
      vertex 94.22354286469243 64.59777747886721 1.2
      vertex 94.4047161962642 63.92162940046486 2
      vertex 94.60842142333985 64.67433458412144 1.2
    endloop
  endfacet
  facet normal -0.049266583709144676 0.7516628141548255 0.6577049623854744
    outer loop
      vertex 94.60842142333985 64.67433458412144 1.2
      vertex 94.69978975789388 63.98032318115977 2
      vertex 95 64.7 1.2
    endloop
  endfacet
  facet normal 0.049266583709144676 0.7516628141548255 0.6577049623854744
    outer loop
      vertex 95 64.7 1.2
      vertex 95.30021024210612 63.98032318115977 2
      vertex 95.39157857666015 64.67433458412144 1.2
    endloop
  endfacet
  facet normal 0.14695678622091377 0.7388016550043309 0.6577049623854775
    outer loop
      vertex 95.39157857666015 64.67433458412144 1.2
      vertex 95.5952838037358 63.92162940046486 2
      vertex 95.77645713530757 64.59777747886721 1.2
    endloop
  endfacet
  facet normal 0.2421325173763371 0.7132993947021959 0.6577049623854747
    outer loop
      vertex 95.77645713530757 64.59777747886721 1.2
      vertex 95.88017189443971 63.82492292477596 2
      vertex 96.14805029709527 64.47163859753387 1.2
    endloop
  endfacet
  facet normal -0.7516628141548245 -0.049266583709161045 0.6577049623854742
    outer loop
      vertex 92 61.7 1.2
      vertex 92.71967681884024 61.399789757893885 2
      vertex 92.7 61.7 2
    endloop
  endfacet
  facet normal -0.7516628141548245 0.049266583709161045 0.6577049623854742
    outer loop
      vertex 92 61.7 1.2
      vertex 92.7 61.7 2
      vertex 92.71967681884024 62.00021024210612 2
    endloop
  endfacet
  facet normal -0.24213251737632344 -0.7132993947022007 0.6577049623854747
    outer loop
      vertex 94.22354286469243 58.8022225211328 1.2
      vertex 94.4047161962642 59.47837059953515 2
      vertex 94.11982810556029 59.575077075224044 2
    endloop
  endfacet
  facet normal -0.4966691376280164 -0.5663426084812714 0.6577049623854696
    outer loop
      vertex 93.17371571297384 59.319939979126296 1.2
      vertex 93.59984871327994 59.87528731733016 2
      vertex 93.37365440327095 60.07365440327094 2
    endloop
  endfacet
  facet normal -0.4184975201272107 -0.6263258002836053 0.6577049623854728
    outer loop
      vertex 93.5 59.10192378864669 1.2
      vertex 93.85 59.7081415712958 2
      vertex 93.59984871327994 59.87528731733016 2
    endloop
  endfacet
  facet normal -0.3331652940276199 -0.6755923839927571 0.6577049623854702
    outer loop
      vertex 93.85194970290473 58.928361402466145 1.2
      vertex 94.11982810556029 59.575077075224044 2
      vertex 93.85 59.7081415712958 2
    endloop
  endfacet
  facet normal -0.14695678622092842 -0.7388016550043341 0.6577049623854706
    outer loop
      vertex 94.60842142333985 58.725665415878574 1.2
      vertex 94.69978975789388 59.41967681884024 2
      vertex 94.4047161962642 59.47837059953515 2
    endloop
  endfacet
  facet normal -0.049266583709143365 -0.7516628141548252 0.6577049623854747
    outer loop
      vertex 95 58.7 1.2
      vertex 95 59.400000000000006 2
      vertex 94.69978975789388 59.41967681884024 2
    endloop
  endfacet
  facet normal 0.049266583709143365 -0.7516628141548252 0.6577049623854747
    outer loop
      vertex 95 58.7 1.2
      vertex 95.30021024210612 59.41967681884024 2
      vertex 95 59.400000000000006 2
    endloop
  endfacet
  facet normal 0.14695678622092842 -0.7388016550043341 0.6577049623854706
    outer loop
      vertex 95.39157857666015 58.725665415878574 1.2
      vertex 95.5952838037358 59.47837059953515 2
      vertex 95.30021024210612 59.41967681884024 2
    endloop
  endfacet
  facet normal 0.24213251737632344 -0.7132993947022007 0.6577049623854747
    outer loop
      vertex 95.77645713530757 58.8022225211328 1.2
      vertex 95.88017189443971 59.575077075224044 2
      vertex 95.5952838037358 59.47837059953515 2
    endloop
  endfacet
  facet normal -0.6263258002836134 -0.41849752012720426 0.6577049623854693
    outer loop
      vertex 92.6199399791263 59.87371571297384 1.2
      vertex 93.17528731733016 60.29984871327994 2
      vertex 93.0081415712958 60.550000000000004 2
    endloop
  endfacet
  facet normal -0.5663426084812646 -0.4966691376280127 0.6577049623854783
    outer loop
      vertex 92.87867965644035 59.57867965644036 1.2
      vertex 93.37365440327095 60.07365440327094 2
      vertex 93.17528731733016 60.29984871327994 2
    endloop
  endfacet
  facet normal -0.6755923839927531 -0.33316529402761796 0.6577049623854752
    outer loop
      vertex 92.22836140246613 60.551949702904736 1.2
      vertex 93.0081415712958 60.550000000000004 2
      vertex 92.87507707522404 60.8198281055603 2
    endloop
  endfacet
  facet normal -0.7132993947022008 -0.24213251737634758 0.6577049623854654
    outer loop
      vertex 92.1022225211328 60.92354286469244 1.2
      vertex 92.87507707522404 60.8198281055603 2
      vertex 92.77837059953514 61.10471619626421 2
    endloop
  endfacet
  facet normal -0.7388016550043336 -0.14695678622089284 0.657704962385479
    outer loop
      vertex 92.02566541587856 61.30842142333985 1.2
      vertex 92.77837059953514 61.10471619626421 2
      vertex 92.71967681884024 61.399789757893885 2
    endloop
  endfacet
  facet normal -0.7388016550043336 0.14695678622089284 0.657704962385479
    outer loop
      vertex 92.02566541587856 62.091578576660154 1.2
      vertex 92.71967681884024 62.00021024210612 2
      vertex 92.77837059953514 62.2952838037358 2
    endloop
  endfacet
  facet normal -0.7132993947022008 0.24213251737634758 0.6577049623854654
    outer loop
      vertex 92.1022225211328 62.47645713530756 1.2
      vertex 92.77837059953514 62.2952838037358 2
      vertex 92.87507707522404 62.58017189443971 2
    endloop
  endfacet
  facet normal -0.6755923839927531 0.33316529402761796 0.6577049623854752
    outer loop
      vertex 92.22836140246613 62.84805029709527 1.2
      vertex 92.87507707522404 62.58017189443971 2
      vertex 93.0081415712958 62.85 2
    endloop
  endfacet
  facet normal -0.6263258002836134 0.41849752012720426 0.6577049623854693
    outer loop
      vertex 92.6199399791263 63.526284287026165 1.2
      vertex 93.0081415712958 62.85 2
      vertex 93.17528731733016 63.10015128672006 2
    endloop
  endfacet
  facet normal -0.5663426084812646 0.4966691376280127 0.6577049623854783
    outer loop
      vertex 92.87867965644035 63.82132034355965 1.2
      vertex 93.17528731733016 63.10015128672006 2
      vertex 93.37365440327095 63.32634559672906 2
    endloop
  endfacet
  facet normal -0.496669137628018 0.5663426084812733 0.6577049623854668
    outer loop
      vertex 93.17371571297384 64.0800600208737 1.2
      vertex 93.37365440327095 63.32634559672906 2
      vertex 93.59984871327994 63.52471268266984 2
    endloop
  endfacet
  facet normal -0.4184975201272107 0.6263258002836053 0.6577049623854728
    outer loop
      vertex 93.5 64.29807621135332 1.2
      vertex 93.59984871327994 63.52471268266984 2
      vertex 93.85 63.69185842870421 2
    endloop
  endfacet
  facet normal -0.3331652940276186 0.6755923839927543 0.6577049623854736
    outer loop
      vertex 93.85194970290473 64.47163859753387 1.2
      vertex 93.85 63.69185842870421 2
      vertex 94.11982810556029 63.82492292477596 2
    endloop
  endfacet
  facet normal -0.2421325173763224 0.7132993947021977 0.6577049623854783
    outer loop
      vertex 94.22354286469243 64.59777747886721 1.2
      vertex 94.11982810556029 63.82492292477596 2
      vertex 94.4047161962642 63.92162940046486 2
    endloop
  endfacet
  facet normal -0.14695678622092778 0.738801655004331 0.6577049623854742
    outer loop
      vertex 94.60842142333985 64.67433458412144 1.2
      vertex 94.4047161962642 63.92162940046486 2
      vertex 94.69978975789388 63.98032318115977 2
    endloop
  endfacet
  facet normal -0.049266583709143365 0.7516628141548252 0.6577049623854747
    outer loop
      vertex 95 64.7 1.2
      vertex 94.69978975789388 63.98032318115977 2
      vertex 95 64 2
    endloop
  endfacet
  facet normal 0.049266583709143365 0.7516628141548252 0.6577049623854747
    outer loop
      vertex 95 64.7 1.2
      vertex 95 64 2
      vertex 95.30021024210612 63.98032318115977 2
    endloop
  endfacet
  facet normal 0.14695678622092778 0.738801655004331 0.6577049623854742
    outer loop
      vertex 95.39157857666015 64.67433458412144 1.2
      vertex 95.30021024210612 63.98032318115977 2
      vertex 95.5952838037358 63.92162940046486 2
    endloop
  endfacet
  facet normal 0.2421325173763224 0.7132993947021977 0.6577049623854783
    outer loop
      vertex 95.77645713530757 64.59777747886721 1.2
      vertex 95.5952838037358 63.92162940046486 2
      vertex 95.88017189443971 63.82492292477596 2
    endloop
  endfacet
  facet normal 0.3331652940276079 -0.6755923839927601 0.657704962385473
    outer loop
      vertex 96.14805029709527 58.928361402466145 1.2
      vertex 96.5 59.10192378864669 1.2
      vertex 96.15 59.7081415712958 2
    endloop
  endfacet
  facet normal 0.41849752012721886 -0.6263258002836021 0.6577049623854709
    outer loop
      vertex 96.5 59.10192378864669 1.2
      vertex 96.82628428702616 59.319939979126296 1.2
      vertex 96.40015128672006 59.87528731733016 2
    endloop
  endfacet
  facet normal 0.49666913762799003 -0.566342608481286 0.6577049623854767
    outer loop
      vertex 96.82628428702616 59.319939979126296 1.2
      vertex 97.12132034355965 59.57867965644036 1.2
      vertex 96.62634559672905 60.07365440327094 2
    endloop
  endfacet
  facet normal 0.5663426084812913 -0.4966691376279929 0.6577049623854703
    outer loop
      vertex 97.12132034355965 59.57867965644036 1.2
      vertex 97.3800600208737 59.87371571297384 1.2
      vertex 96.82471268266984 60.29984871327994 2
    endloop
  endfacet
  facet normal 0.6263258002835971 -0.41849752012722 0.6577049623854746
    outer loop
      vertex 97.3800600208737 59.87371571297384 1.2
      vertex 97.59807621135332 60.2 1.2
      vertex 96.9918584287042 60.550000000000004 2
    endloop
  endfacet
  facet normal 0.675592383992753 -0.333165294027618 0.6577049623854752
    outer loop
      vertex 97.59807621135332 60.2 1.2
      vertex 97.77163859753387 60.551949702904736 1.2
      vertex 96.9918584287042 60.550000000000004 2
    endloop
  endfacet
  facet normal 0.7132993947022054 -0.24213251737630842 0.6577049623854748
    outer loop
      vertex 97.77163859753387 60.551949702904736 1.2
      vertex 97.8977774788672 60.92354286469244 1.2
      vertex 97.12492292477596 60.8198281055603 2
    endloop
  endfacet
  facet normal 0.7388016550043344 -0.1469567862209445 0.6577049623854666
    outer loop
      vertex 97.8977774788672 60.92354286469244 1.2
      vertex 97.97433458412144 61.30842142333985 1.2
      vertex 97.22162940046486 61.10471619626421 2
    endloop
  endfacet
  facet normal 0.7516628141548222 -0.04926658370914446 0.6577049623854782
    outer loop
      vertex 97.97433458412144 61.30842142333985 1.2
      vertex 98 61.7 1.2
      vertex 97.28032318115976 61.399789757893885 2
    endloop
  endfacet
  facet normal 0.7388016550043344 0.1469567862209445 0.6577049623854666
    outer loop
      vertex 97.97433458412144 62.091578576660154 1.2
      vertex 97.8977774788672 62.47645713530756 1.2
      vertex 97.22162940046486 62.2952838037358 2
    endloop
  endfacet
  facet normal 0.7132993947022054 0.24213251737630842 0.6577049623854748
    outer loop
      vertex 97.8977774788672 62.47645713530756 1.2
      vertex 97.77163859753387 62.84805029709527 1.2
      vertex 97.12492292477596 62.58017189443971 2
    endloop
  endfacet
  facet normal 0.4966691376279826 0.5663426084812931 0.6577049623854764
    outer loop
      vertex 97.12132034355965 63.82132034355965 1.2
      vertex 96.82628428702616 64.0800600208737 1.2
      vertex 96.62634559672905 63.32634559672906 2
    endloop
  endfacet
  facet normal 0.675592383992753 0.333165294027618 0.6577049623854752
    outer loop
      vertex 97.59807621135332 63.2 1.2
      vertex 96.9918584287042 62.85 2
      vertex 97.77163859753387 62.84805029709527 1.2
    endloop
  endfacet
  facet normal 0.6263258002835971 0.41849752012722 0.6577049623854746
    outer loop
      vertex 97.59807621135332 63.2 1.2
      vertex 97.3800600208737 63.526284287026165 1.2
      vertex 96.9918584287042 62.85 2
    endloop
  endfacet
  facet normal 0.5663426084812913 0.4966691376279929 0.6577049623854703
    outer loop
      vertex 97.12132034355965 63.82132034355965 1.2
      vertex 96.82471268266984 63.10015128672006 2
      vertex 97.3800600208737 63.526284287026165 1.2
    endloop
  endfacet
  facet normal 0.7516628141548221 0.049266583709144454 0.6577049623854782
    outer loop
      vertex 98 61.7 1.2
      vertex 97.97433458412144 62.091578576660154 1.2
      vertex 97.28032318115976 62.00021024210612 2
    endloop
  endfacet
  facet normal 0.3331652940276187 0.6755923839927543 0.6577049623854735
    outer loop
      vertex 96.5 64.29807621135332 1.2
      vertex 96.14805029709527 64.47163859753387 1.2
      vertex 96.15 63.69185842870421 2
    endloop
  endfacet
  facet normal 0.4184975201272296 0.6263258002835977 0.6577049623854679
    outer loop
      vertex 96.82628428702616 64.0800600208737 1.2
      vertex 96.5 64.29807621135332 1.2
      vertex 96.40015128672006 63.52471268266984 2
    endloop
  endfacet
  facet normal 0.3331652940276199 -0.6755923839927571 0.6577049623854702
    outer loop
      vertex 96.14805029709527 58.928361402466145 1.2
      vertex 96.15 59.7081415712958 2
      vertex 95.88017189443971 59.575077075224044 2
    endloop
  endfacet
  facet normal 0.4184975201272107 -0.6263258002836053 0.6577049623854728
    outer loop
      vertex 96.5 59.10192378864669 1.2
      vertex 96.40015128672006 59.87528731733016 2
      vertex 96.15 59.7081415712958 2
    endloop
  endfacet
  facet normal 0.4966691376280164 -0.5663426084812714 0.6577049623854696
    outer loop
      vertex 96.82628428702616 59.319939979126296 1.2
      vertex 96.62634559672905 60.07365440327094 2
      vertex 96.40015128672006 59.87528731733016 2
    endloop
  endfacet
  facet normal 0.5663426084812646 -0.4966691376280127 0.6577049623854783
    outer loop
      vertex 97.12132034355965 59.57867965644036 1.2
      vertex 96.82471268266984 60.29984871327994 2
      vertex 96.62634559672905 60.07365440327094 2
    endloop
  endfacet
  facet normal 0.6263258002836134 -0.41849752012720426 0.6577049623854693
    outer loop
      vertex 97.3800600208737 59.87371571297384 1.2
      vertex 96.9918584287042 60.550000000000004 2
      vertex 96.82471268266984 60.29984871327994 2
    endloop
  endfacet
  facet normal 0.6755923839927531 -0.33316529402761796 0.6577049623854752
    outer loop
      vertex 97.77163859753387 60.551949702904736 1.2
      vertex 97.12492292477596 60.8198281055603 2
      vertex 96.9918584287042 60.550000000000004 2
    endloop
  endfacet
  facet normal 0.7132993947022008 -0.24213251737634758 0.6577049623854654
    outer loop
      vertex 97.8977774788672 60.92354286469244 1.2
      vertex 97.22162940046486 61.10471619626421 2
      vertex 97.12492292477596 60.8198281055603 2
    endloop
  endfacet
  facet normal 0.7388016550043336 -0.14695678622089284 0.657704962385479
    outer loop
      vertex 97.97433458412144 61.30842142333985 1.2
      vertex 97.28032318115976 61.399789757893885 2
      vertex 97.22162940046486 61.10471619626421 2
    endloop
  endfacet
  facet normal 0.7516628141548245 -0.049266583709161045 0.6577049623854742
    outer loop
      vertex 98 61.7 1.2
      vertex 97.3 61.7 2
      vertex 97.28032318115976 61.399789757893885 2
    endloop
  endfacet
  facet normal 0.7516628141548245 0.049266583709161045 0.6577049623854742
    outer loop
      vertex 98 61.7 1.2
      vertex 97.28032318115976 62.00021024210612 2
      vertex 97.3 61.7 2
    endloop
  endfacet
  facet normal 0.7388016550043336 0.14695678622089284 0.657704962385479
    outer loop
      vertex 97.97433458412144 62.091578576660154 1.2
      vertex 97.22162940046486 62.2952838037358 2
      vertex 97.28032318115976 62.00021024210612 2
    endloop
  endfacet
  facet normal 0.6755923839927531 0.33316529402761796 0.6577049623854752
    outer loop
      vertex 97.77163859753387 62.84805029709527 1.2
      vertex 96.9918584287042 62.85 2
      vertex 97.12492292477596 62.58017189443971 2
    endloop
  endfacet
  facet normal 0.7132993947022008 0.24213251737634758 0.6577049623854654
    outer loop
      vertex 97.8977774788672 62.47645713530756 1.2
      vertex 97.12492292477596 62.58017189443971 2
      vertex 97.22162940046486 62.2952838037358 2
    endloop
  endfacet
  facet normal 0.5663426084812646 0.4966691376280127 0.6577049623854783
    outer loop
      vertex 97.12132034355965 63.82132034355965 1.2
      vertex 96.62634559672905 63.32634559672906 2
      vertex 96.82471268266984 63.10015128672006 2
    endloop
  endfacet
  facet normal 0.4184975201272107 0.6263258002836053 0.6577049623854728
    outer loop
      vertex 96.5 64.29807621135332 1.2
      vertex 96.15 63.69185842870421 2
      vertex 96.40015128672006 63.52471268266984 2
    endloop
  endfacet
  facet normal 0.496669137628018 0.5663426084812733 0.6577049623854668
    outer loop
      vertex 96.82628428702616 64.0800600208737 1.2
      vertex 96.40015128672006 63.52471268266984 2
      vertex 96.62634559672905 63.32634559672906 2
    endloop
  endfacet
  facet normal 0.6263258002836134 0.41849752012720426 0.6577049623854693
    outer loop
      vertex 97.3800600208737 63.526284287026165 1.2
      vertex 96.82471268266984 63.10015128672006 2
      vertex 96.9918584287042 62.85 2
    endloop
  endfacet
  facet normal 0.3331652940276186 0.6755923839927543 0.6577049623854736
    outer loop
      vertex 96.14805029709527 64.47163859753387 1.2
      vertex 95.88017189443971 63.82492292477596 2
      vertex 96.15 63.69185842870421 2
    endloop
  endfacet
  facet normal -0.5555702302277683 -0.8314696141679891 0
    outer loop
      vertex -0.4350457191467285 0.8265866413712502 0
      vertex 0 0.5358983874320984 0
      vertex -0.4350457191467285 0.8265866413712502 1.2
    endloop
  endfacet
  facet normal -0.8314696141679891 -0.5555702302277683 0
    outer loop
      vertex -1.1734133586287498 1.5649542808532715 0
      vertex -1.4641016125679016 2 1.2
      vertex -1.4641016125679016 2 0
    endloop
  endfacet
  facet normal -0.6593458228172265 -0.7518398007112116 0
    outer loop
      vertex -0.4350457191467285 0.8265866413712502 0
      vertex -0.8284271210432053 1.1715728789567947 1.2
      vertex -0.8284271210432053 1.1715728789567947 0
    endloop
  endfacet
  facet normal -0.7518398007112116 -0.6593458228172265 0
    outer loop
      vertex -1.1734133586287498 1.5649542808532715 0
      vertex -0.8284271210432053 1.1715728789567947 0
      vertex -1.1734133586287498 1.5649542808532715 1.2
    endloop
  endfacet
  facet normal -0.44228868998100634 -0.8968727416500544 0
    outer loop
      vertex 0.46926627308130264 0.3044818714261055 0
      vertex 0 0.5358983874320984 1.2
      vertex 0 0.5358983874320984 0
    endloop
  endfacet
  facet normal -0.3214394665972702 -0.9469301290558149 0
    outer loop
      vertex 0.46926627308130264 0.3044818714261055 0
      vertex 0.9647238180041313 0.13629669696092606 0
      vertex 0.46926627308130264 0.3044818714261055 1.2
    endloop
  endfacet
  facet normal -0.1950903267663619 -0.9807852794583503 0
    outer loop
      vertex 0.9647238180041313 0.13629669696092606 0
      vertex 1.4778952300548553 0.03422055393457413 0
      vertex 0.9647238180041313 0.13629669696092606 1.2
    endloop
  endfacet
  facet normal -0.8968727416500544 -0.44228868998100634 0
    outer loop
      vertex -1.4641016125679016 2 0
      vertex -1.6955181285738945 2.4692662730813026 1.2
      vertex -1.6955181285738945 2.4692662730813026 0
    endloop
  endfacet
  facet normal -0.9469301290558149 -0.3214394665972702 0
    outer loop
      vertex -1.6955181285738945 2.4692662730813026 0
      vertex -1.863703303039074 2.9647238180041313 1.2
      vertex -1.863703303039074 2.9647238180041313 0
    endloop
  endfacet
  facet normal -0.9807852794583503 -0.1950903267663619 0
    outer loop
      vertex -1.863703303039074 2.9647238180041313 0
      vertex -1.9657794460654259 3.4778952300548553 1.2
      vertex -1.9657794460654259 3.4778952300548553 0
    endloop
  endfacet
  facet normal -0.9978589233184302 -0.06540312801222276 0
    outer loop
      vertex -1.9657794460654259 3.4778952300548553 0
      vertex -2 4 1.2
      vertex -2 4 0
    endloop
  endfacet
  facet normal -0.06540312801222276 -0.9978589233184302 0
    outer loop
      vertex 1.4778952300548553 0.03422055393457413 0
      vertex 2 0 0
      vertex 1.4778952300548553 0.03422055393457413 1.2
    endloop
  endfacet
  facet normal 0 0 -1
    outer loop
      vertex -1.1734133586287498 1.5649542808532715 0
      vertex -1.4641016125679016 2 0
      vertex 67.30994478239175 2.5099447823917567 0
    endloop
  endfacet
  facet normal 0 0 -1
    outer loop
      vertex -1.1734133586287498 1.5649542808532715 0
      vertex 68.08534870719868 1.991836444076984 0
      vertex -0.8284271210432053 1.1715728789567947 0
    endloop
  endfacet
  facet normal 0 0 -1
    outer loop
      vertex -1.4641016125679016 2 0
      vertex -1.6955181285738945 2.4692662730813026 0
      vertex 66.9301135398657 3.004950495049505 0
    endloop
  endfacet
  facet normal 0 0 -1
    outer loop
      vertex -1.6955181285738945 2.4692662730813026 0
      vertex -1.863703303039074 2.9647238180041313 0
      vertex 66.6913416389487 3.5813968565569456 0
    endloop
  endfacet
  facet normal -0.6593458228172265 -0.7518398007112116 0
    outer loop
      vertex -0.4350457191467285 0.8265866413712502 0
      vertex -0.4350457191467285 0.8265866413712502 1.2
      vertex -0.8284271210432053 1.1715728789567947 1.2
    endloop
  endfacet
  facet normal -0.8314696141679891 -0.5555702302277683 0
    outer loop
      vertex -1.1734133586287498 1.5649542808532715 0
      vertex -1.1734133586287498 1.5649542808532715 1.2
      vertex -1.4641016125679016 2 1.2
    endloop
  endfacet
  facet normal -0.7518398007112116 -0.6593458228172265 0
    outer loop
      vertex -0.8284271210432053 1.1715728789567947 0
      vertex -0.8284271210432053 1.1715728789567947 1.2
      vertex -1.1734133586287498 1.5649542808532715 1.2
    endloop
  endfacet
  facet normal -0.44228868998100634 -0.8968727416500544 0
    outer loop
      vertex 0.46926627308130264 0.3044818714261055 0
      vertex 0.46926627308130264 0.3044818714261055 1.2
      vertex 0 0.5358983874320984 1.2
    endloop
  endfacet
  facet normal -0.5555702302277683 -0.8314696141679891 0
    outer loop
      vertex 0 0.5358983874320984 0
      vertex 0 0.5358983874320984 1.2
      vertex -0.4350457191467285 0.8265866413712502 1.2
    endloop
  endfacet
  facet normal -0.3214394665972702 -0.9469301290558149 0
    outer loop
      vertex 0.9647238180041313 0.13629669696092606 0
      vertex 0.9647238180041313 0.13629669696092606 1.2
      vertex 0.46926627308130264 0.3044818714261055 1.2
    endloop
  endfacet
  facet normal -0.1950903267663619 -0.9807852794583503 0
    outer loop
      vertex 1.4778952300548553 0.03422055393457413 0
      vertex 1.4778952300548553 0.03422055393457413 1.2
      vertex 0.9647238180041313 0.13629669696092606 1.2
    endloop
  endfacet
  facet normal -0.8968727416500544 -0.44228868998100634 0
    outer loop
      vertex -1.4641016125679016 2 0
      vertex -1.4641016125679016 2 1.2
      vertex -1.6955181285738945 2.4692662730813026 1.2
    endloop
  endfacet
  facet normal -0.9469301290558149 -0.3214394665972702 0
    outer loop
      vertex -1.6955181285738945 2.4692662730813026 0
      vertex -1.6955181285738945 2.4692662730813026 1.2
      vertex -1.863703303039074 2.9647238180041313 1.2
    endloop
  endfacet
  facet normal -0.9807852794583503 -0.1950903267663619 0
    outer loop
      vertex -1.863703303039074 2.9647238180041313 0
      vertex -1.863703303039074 2.9647238180041313 1.2
      vertex -1.9657794460654259 3.4778952300548553 1.2
    endloop
  endfacet
  facet normal -0.9978589233184302 -0.06540312801222276 0
    outer loop
      vertex -1.9657794460654259 3.4778952300548553 0
      vertex -1.9657794460654259 3.4778952300548553 1.2
      vertex -2 4 1.2
    endloop
  endfacet
  facet normal -0.06540312801222276 -0.9978589233184302 0
    outer loop
      vertex 2 0 0
      vertex 2 0 1.2
      vertex 1.4778952300548553 0.03422055393457413 1.2
    endloop
  endfacet
  facet normal 0 0 1
    outer loop
      vertex -1.1734133586287498 1.5649542808532715 1.2
      vertex -0.8284271210432053 1.1715728789567947 1.2
      vertex 66.6199399791263 2.373715712973838 1.2
    endloop
  endfacet
  facet normal 0 0 1
    outer loop
      vertex -0.4350457191467285 0.8265866413712502 1.2
      vertex 67.17371571297384 1.8199399791262945 1.2
      vertex -0.8284271210432053 1.1715728789567947 1.2
    endloop
  endfacet
  facet normal 0 0 1
    outer loop
      vertex -1.1734133586287498 1.5649542808532715 1.2
      vertex 66.40192378864668 2.7 1.2
      vertex -1.4641016125679016 2 1.2
    endloop
  endfacet
  facet normal 0 0 1
    outer loop
      vertex -1.4641016125679016 2 1.2
      vertex 66.1022225211328 3.423542864692438 1.2
      vertex -1.6955181285738945 2.4692662730813026 1.2
    endloop
  endfacet
  facet normal 0 0 1
    outer loop
      vertex -1.6955181285738945 2.4692662730813026 1.2
      vertex 66.02566541587856 3.8084214233398455 1.2
      vertex -1.863703303039074 2.9647238180041313 1.2
    endloop
  endfacet
  facet normal 0 0 1
    outer loop
      vertex -0.4350457191467285 0.8265866413712502 1.2
      vertex 0 0.5358983874320984 1.2
      vertex 68.22354286469243 1.3022225211327951 1.2
    endloop
  endfacet
  facet normal -1 0 0
    outer loop
      vertex -2 4 0
      vertex -2 4 1.2
      vertex -2 62 1.2
    endloop
  endfacet
  facet normal 0 0 -1
    outer loop
      vertex -0.4350457191467285 0.8265866413712502 0
      vertex -0.8284271210432053 1.1715728789567947 0
      vertex 99.38139685655695 1.891341638948702 0
    endloop
  endfacet
  facet normal 0 0 -1
    outer loop
      vertex 0.46926627308130264 0.3044818714261055 0
      vertex 0 0.5358983874320984 0
      vertex 108.8284271210432 1.1715728789567947 0
    endloop
  endfacet
  facet normal 0 0 -1
    outer loop
      vertex -0.4350457191467285 0.8265866413712502 0
      vertex 109.17341335862875 1.5649542808532715 0
      vertex 0 0.5358983874320984 0
    endloop
  endfacet
  facet normal 0 0 -1
    outer loop
      vertex 0.9647238180041313 0.13629669696092606 0
      vertex 108 0.5358983874320984 0
      vertex 1.4778952300548553 0.03422055393457413 0
    endloop
  endfacet
  facet normal 0 0 -1
    outer loop
      vertex 0.46926627308130264 0.3044818714261055 0
      vertex 108.43504571914673 0.8265866413712502 0
      vertex 0.9647238180041313 0.13629669696092606 0
    endloop
  endfacet
  facet normal 0 0 -1
    outer loop
      vertex 1.4778952300548553 0.03422055393457413 0
      vertex 107.5307337269187 0.3044818714261055 0
      vertex 2 0 0
    endloop
  endfacet
  facet normal 0 -1 0
    outer loop
      vertex 2 0 0
      vertex 106 0 0
      vertex 2 0 1.2
    endloop
  endfacet
  facet normal 0 0 -1
    outer loop
      vertex -1.1734133586287498 1.5649542808532715 0
      vertex 67.54499991126035 2.303806966868276 0
      vertex 67.8049504950495 2.1301135398657083 0
    endloop
  endfacet
  facet normal 0 0 -1
    outer loop
      vertex -0.8284271210432053 1.1715728789567947 0
      vertex 68.08534870719868 1.991836444076984 0
      vertex 68.38139685655695 1.891341638948702 0
    endloop
  endfacet
  facet normal 0 0 -1
    outer loop
      vertex -1.1734133586287498 1.5649542808532715 0
      vertex 67.8049504950495 2.1301135398657083 0
      vertex 68.08534870719868 1.991836444076984 0
    endloop
  endfacet
  facet normal 0 0 -1
    outer loop
      vertex -0.8284271210432053 1.1715728789567947 0
      vertex 68.38139685655695 1.891341638948702 0
      vertex 68.6880294772087 1.8303486184590319 0
    endloop
  endfacet
  facet normal 0 0 -1
    outer loop
      vertex -0.8284271210432053 1.1715728789567947 0
      vertex 68.6880294772087 1.8303486184590319 0
      vertex 69 1.8099009900990102 0
    endloop
  endfacet
  facet normal 0 0 -1
    outer loop
      vertex -1.4641016125679016 2 0
      vertex 67.10380696686828 2.744999911260345 0
      vertex 67.30994478239175 2.5099447823917567 0
    endloop
  endfacet
  facet normal 0 0 -1
    outer loop
      vertex -1.4641016125679016 2 0
      vertex 66.9301135398657 3.004950495049505 0
      vertex 67.10380696686828 2.744999911260345 0
    endloop
  endfacet
  facet normal 0 0 -1
    outer loop
      vertex -1.6955181285738945 2.4692662730813026 0
      vertex 66.79183644407698 3.2853487071986867 0
      vertex 66.9301135398657 3.004950495049505 0
    endloop
  endfacet
  facet normal 0 0 -1
    outer loop
      vertex -1.1734133586287498 1.5649542808532715 0
      vertex 67.30994478239175 2.5099447823917567 0
      vertex 67.54499991126035 2.303806966868276 0
    endloop
  endfacet
  facet normal 0 0 -1
    outer loop
      vertex -1.6955181285738945 2.4692662730813026 0
      vertex 66.6913416389487 3.5813968565569456 0
      vertex 66.79183644407698 3.2853487071986867 0
    endloop
  endfacet
  facet normal 0 0 -1
    outer loop
      vertex -1.863703303039074 2.9647238180041313 0
      vertex 66.63034861845902 3.8880294772087085 0
      vertex 66.6913416389487 3.5813968565569456 0
    endloop
  endfacet
  facet normal 0 0 -1
    outer loop
      vertex -1.863703303039074 2.9647238180041313 0
      vertex 66.609900990099 4.2 0
      vertex 66.63034861845902 3.8880294772087085 0
    endloop
  endfacet
  facet normal 0 0 -1
    outer loop
      vertex -1.863703303039074 2.9647238180041313 0
      vertex 66.63034861845902 4.511970522791292 0
      vertex 66.609900990099 4.2 0
    endloop
  endfacet
  facet normal 0 0 -1
    outer loop
      vertex -1.863703303039074 2.9647238180041313 0
      vertex 66.6913416389487 4.818603143443054 0
      vertex 66.63034861845902 4.511970522791292 0
    endloop
  endfacet
  facet normal 0 0 -1
    outer loop
      vertex -1.863703303039074 2.9647238180041313 0
      vertex 66.79183644407698 5.114651292801313 0
      vertex 66.6913416389487 4.818603143443054 0
    endloop
  endfacet
  facet normal 0 0 -1
    outer loop
      vertex -1.863703303039074 2.9647238180041313 0
      vertex 66.9301135398657 5.395049504950496 0
      vertex 66.79183644407698 5.114651292801313 0
    endloop
  endfacet
  facet normal 0 0 -1
    outer loop
      vertex -1.863703303039074 2.9647238180041313 0
      vertex 67.10380696686828 5.655000088739655 0
      vertex 66.9301135398657 5.395049504950496 0
    endloop
  endfacet
  facet normal 0 0 1
    outer loop
      vertex 0.46926627308130264 0.3044818714261055 1.2
      vertex 108.8284271210432 1.1715728789567947 1.2
      vertex 0 0.5358983874320984 1.2
    endloop
  endfacet
  facet normal 0 0 1
    outer loop
      vertex 0.9647238180041313 0.13629669696092606 1.2
      vertex 1.4778952300548553 0.03422055393457413 1.2
      vertex 108 0.5358983874320984 1.2
    endloop
  endfacet
  facet normal 0 0 1
    outer loop
      vertex 0.46926627308130264 0.3044818714261055 1.2
      vertex 0.9647238180041313 0.13629669696092606 1.2
      vertex 108.43504571914673 0.8265866413712502 1.2
    endloop
  endfacet
  facet normal 0 0 1
    outer loop
      vertex 1.4778952300548553 0.03422055393457413 1.2
      vertex 2 0 1.2
      vertex 107.5307337269187 0.3044818714261055 1.2
    endloop
  endfacet
  facet normal 0 0 1
    outer loop
      vertex -1.6955181285738945 2.4692662730813026 1.2
      vertex 66.1022225211328 3.423542864692438 1.2
      vertex 66.02566541587856 3.8084214233398455 1.2
    endloop
  endfacet
  facet normal 0 0 1
    outer loop
      vertex -1.863703303039074 2.9647238180041313 1.2
      vertex 66.02566541587856 3.8084214233398455 1.2
      vertex 66 4.2 1.2
    endloop
  endfacet
  facet normal 0 0 1
    outer loop
      vertex -1.863703303039074 2.9647238180041313 1.2
      vertex 66 4.2 1.2
      vertex 66.02566541587856 4.5915785766601545 1.2
    endloop
  endfacet
  facet normal 0 0 1
    outer loop
      vertex -0.8284271210432053 1.1715728789567947 1.2
      vertex 66.87867965644035 2.0786796564403573 1.2
      vertex 66.6199399791263 2.373715712973838 1.2
    endloop
  endfacet
  facet normal 0 0 1
    outer loop
      vertex -0.4350457191467285 0.8265866413712502 1.2
      vertex 67.5 1.6019237886466842 1.2
      vertex 67.17371571297384 1.8199399791262945 1.2
    endloop
  endfacet
  facet normal 0 0 1
    outer loop
      vertex -0.4350457191467285 0.8265866413712502 1.2
      vertex 67.85194970290473 1.4283614024661402 1.2
      vertex 67.5 1.6019237886466842 1.2
    endloop
  endfacet
  facet normal 0 0 1
    outer loop
      vertex -0.4350457191467285 0.8265866413712502 1.2
      vertex 68.22354286469243 1.3022225211327951 1.2
      vertex 67.85194970290473 1.4283614024661402 1.2
    endloop
  endfacet
  facet normal 0 0 1
    outer loop
      vertex -0.8284271210432053 1.1715728789567947 1.2
      vertex 67.17371571297384 1.8199399791262945 1.2
      vertex 66.87867965644035 2.0786796564403573 1.2
    endloop
  endfacet
  facet normal 0 0 1
    outer loop
      vertex 0 0.5358983874320984 1.2
      vertex 68.60842142333985 1.2256654158785691 1.2
      vertex 68.22354286469243 1.3022225211327951 1.2
    endloop
  endfacet
  facet normal 0 0 1
    outer loop
      vertex 0 0.5358983874320984 1.2
      vertex 69 1.2000000000000002 1.2
      vertex 68.60842142333985 1.2256654158785691 1.2
    endloop
  endfacet
  facet normal 0 0 1
    outer loop
      vertex -1.1734133586287498 1.5649542808532715 1.2
      vertex 66.6199399791263 2.373715712973838 1.2
      vertex 66.40192378864668 2.7 1.2
    endloop
  endfacet
  facet normal 0 0 1
    outer loop
      vertex -1.4641016125679016 2 1.2
      vertex 66.22836140246613 3.051949702904731 1.2
      vertex 66.1022225211328 3.423542864692438 1.2
    endloop
  endfacet
  facet normal 0 0 1
    outer loop
      vertex -1.4641016125679016 2 1.2
      vertex 66.40192378864668 2.7 1.2
      vertex 66.22836140246613 3.051949702904731 1.2
    endloop
  endfacet
  facet normal 0 0 1
    outer loop
      vertex -1.863703303039074 2.9647238180041313 1.2
      vertex 66.02566541587856 4.5915785766601545 1.2
      vertex 66.1022225211328 4.976457135307562 1.2
    endloop
  endfacet
  facet normal 0 0 1
    outer loop
      vertex -1.863703303039074 2.9647238180041313 1.2
      vertex 66.1022225211328 4.976457135307562 1.2
      vertex 66.22836140246613 5.34805029709527 1.2
    endloop
  endfacet
  facet normal 0 0 1
    outer loop
      vertex -1.863703303039074 2.9647238180041313 1.2
      vertex 66.22836140246613 5.34805029709527 1.2
      vertex 66.40192378864668 5.7 1.2
    endloop
  endfacet
  facet normal 0 0 1
    outer loop
      vertex -1.863703303039074 2.9647238180041313 1.2
      vertex 66.40192378864668 5.7 1.2
      vertex 66.6199399791263 6.026284287026162 1.2
    endloop
  endfacet
  facet normal 0 0 -1
    outer loop
      vertex -1.863703303039074 2.9647238180041313 0
      vertex -1.9657794460654259 3.4778952300548553 0
      vertex 110 62 0
    endloop
  endfacet
  facet normal 0 0 -1
    outer loop
      vertex -1.9657794460654259 3.4778952300548553 0
      vertex -2 4 0
      vertex 109.96577944606543 62.522104769945145 0
    endloop
  endfacet
  facet normal 0 0 1
    outer loop
      vertex -1.863703303039074 2.9647238180041313 1.2
      vertex 110 62 1.2
      vertex -1.9657794460654259 3.4778952300548553 1.2
    endloop
  endfacet
  facet normal 0 0 1
    outer loop
      vertex -1.9657794460654259 3.4778952300548553 1.2
      vertex 109.96577944606543 62.522104769945145 1.2
      vertex -2 4 1.2
    endloop
  endfacet
  facet normal 0 0 -1
    outer loop
      vertex -2 4 0
      vertex -2 62 0
      vertex 37.609900990099014 61.7 0
    endloop
  endfacet
  facet normal -1 0 0
    outer loop
      vertex -2 4 0
      vertex -2 62 1.2
      vertex -2 62 0
    endloop
  endfacet
  facet normal 0 0 -1
    outer loop
      vertex -2 4 0
      vertex 38.54499991126035 59.80380696686828 0
      vertex 38.8049504950495 59.63011353986571 0
    endloop
  endfacet
  facet normal 0 0 -1
    outer loop
      vertex -2 4 0
      vertex 39.08534870719868 59.49183644407699 0
      vertex 39.38139685655694 59.3913416389487 0
    endloop
  endfacet
  facet normal 0 0 -1
    outer loop
      vertex -2 4 0
      vertex 38.8049504950495 59.63011353986571 0
      vertex 39.08534870719868 59.49183644407699 0
    endloop
  endfacet
  facet normal 0 0 -1
    outer loop
      vertex -2 4 0
      vertex 39.38139685655694 59.3913416389487 0
      vertex 39.68802947720871 59.330348618459034 0
    endloop
  endfacet
  facet normal 0 0 -1
    outer loop
      vertex -2 4 0
      vertex 39.68802947720871 59.330348618459034 0
      vertex 40 59.30990099009902 0
    endloop
  endfacet
  facet normal 0 0 -1
    outer loop
      vertex -2 4 0
      vertex 37.93011353986571 60.504950495049506 0
      vertex 38.10380696686828 60.24499991126035 0
    endloop
  endfacet
  facet normal 0 0 -1
    outer loop
      vertex -2 4 0
      vertex 37.791836444076985 60.785348707198686 0
      vertex 37.93011353986571 60.504950495049506 0
    endloop
  endfacet
  facet normal 0 0 -1
    outer loop
      vertex -2 4 0
      vertex 38.10380696686828 60.24499991126035 0
      vertex 38.30994478239176 60.00994478239176 0
    endloop
  endfacet
  facet normal 0 0 -1
    outer loop
      vertex -2 4 0
      vertex 38.30994478239176 60.00994478239176 0
      vertex 38.54499991126035 59.80380696686828 0
    endloop
  endfacet
  facet normal 0 0 -1
    outer loop
      vertex -2 4 0
      vertex 37.6913416389487 61.08139685655694 0
      vertex 37.791836444076985 60.785348707198686 0
    endloop
  endfacet
  facet normal 0 0 -1
    outer loop
      vertex -2 4 0
      vertex 37.63034861845903 61.38802947720871 0
      vertex 37.6913416389487 61.08139685655694 0
    endloop
  endfacet
  facet normal 0 0 -1
    outer loop
      vertex -2 4 0
      vertex 37.609900990099014 61.7 0
      vertex 37.63034861845903 61.38802947720871 0
    endloop
  endfacet
  facet normal 0 0 1
    outer loop
      vertex -2 4 1.2
      vertex 37 61.7 1.2
      vertex -2 62 1.2
    endloop
  endfacet
  facet normal 0 0 1
    outer loop
      vertex -2 4 1.2
      vertex 38.85194970290473 58.928361402466145 1.2
      vertex 38.5 59.10192378864669 1.2
    endloop
  endfacet
  facet normal 0 0 1
    outer loop
      vertex -2 4 1.2
      vertex 38.17371571297384 59.319939979126296 1.2
      vertex 37.878679656440355 59.57867965644036 1.2
    endloop
  endfacet
  facet normal 0 0 1
    outer loop
      vertex -2 4 1.2
      vertex 37.878679656440355 59.57867965644036 1.2
      vertex 37.61993997912629 59.87371571297384 1.2
    endloop
  endfacet
  facet normal 0 0 1
    outer loop
      vertex -2 4 1.2
      vertex 38.5 59.10192378864669 1.2
      vertex 38.17371571297384 59.319939979126296 1.2
    endloop
  endfacet
  facet normal 0 0 1
    outer loop
      vertex -2 4 1.2
      vertex 39.22354286469244 58.8022225211328 1.2
      vertex 38.85194970290473 58.928361402466145 1.2
    endloop
  endfacet
  facet normal 0 0 1
    outer loop
      vertex -2 4 1.2
      vertex 40 58.7 1.2
      vertex 39.60842142333985 58.725665415878574 1.2
    endloop
  endfacet
  facet normal 0 0 1
    outer loop
      vertex -2 4 1.2
      vertex 39.60842142333985 58.725665415878574 1.2
      vertex 39.22354286469244 58.8022225211328 1.2
    endloop
  endfacet
  facet normal 0 0 1
    outer loop
      vertex -2 4 1.2
      vertex 37.401923788646684 60.2 1.2
      vertex 37.22836140246614 60.551949702904736 1.2
    endloop
  endfacet
  facet normal 0 0 1
    outer loop
      vertex -2 4 1.2
      vertex 37.22836140246614 60.551949702904736 1.2
      vertex 37.102222521132795 60.92354286469244 1.2
    endloop
  endfacet
  facet normal 0 0 1
    outer loop
      vertex -2 4 1.2
      vertex 37.102222521132795 60.92354286469244 1.2
      vertex 37.02566541587857 61.30842142333985 1.2
    endloop
  endfacet
  facet normal 0 0 1
    outer loop
      vertex -2 4 1.2
      vertex 37.02566541587857 61.30842142333985 1.2
      vertex 37 61.7 1.2
    endloop
  endfacet
  facet normal 0 0 1
    outer loop
      vertex -2 4 1.2
      vertex 37.61993997912629 59.87371571297384 1.2
      vertex 37.401923788646684 60.2 1.2
    endloop
  endfacet
  facet normal 0 0 -1
    outer loop
      vertex 0.9647238180041313 65.86370330303907 0
      vertex 1.4778952300548553 65.96577944606543 0
      vertex 2 66 0
    endloop
  endfacet
  facet normal 0 0 -1
    outer loop
      vertex -2 62 0
      vertex -1.9657794460654259 62.522104769945145 0
      vertex 37.6913416389487 62.31860314344306 0
    endloop
  endfacet
  facet normal 0 0 -1
    outer loop
      vertex -1.9657794460654259 62.522104769945145 0
      vertex -1.863703303039074 63.03527618199587 0
      vertex 37.9301135398657 62.8950495049505 0
    endloop
  endfacet
  facet normal 0 0 -1
    outer loop
      vertex -1.863703303039074 63.03527618199587 0
      vertex -1.6955181285738945 63.5307337269187 0
      vertex 38.30994478239176 63.39005521760824 0
    endloop
  endfacet
  facet normal -0.9978589233184302 0.06540312801222276 0
    outer loop
      vertex -2 62 0
      vertex -1.9657794460654259 62.522104769945145 1.2
      vertex -1.9657794460654259 62.522104769945145 0
    endloop
  endfacet
  facet normal -0.9807852794583503 0.1950903267663619 0
    outer loop
      vertex -1.9657794460654259 62.522104769945145 0
      vertex -1.863703303039074 63.03527618199587 1.2
      vertex -1.863703303039074 63.03527618199587 0
    endloop
  endfacet
  facet normal -0.9469301290558149 0.3214394665972702 0
    outer loop
      vertex -1.863703303039074 63.03527618199587 0
      vertex -1.6955181285738945 63.5307337269187 1.2
      vertex -1.6955181285738945 63.5307337269187 0
    endloop
  endfacet
  facet normal -0.8968727416500544 0.44228868998100634 0
    outer loop
      vertex -1.6955181285738945 63.5307337269187 0
      vertex -1.4641016125679016 64 1.2
      vertex -1.4641016125679016 64 0
    endloop
  endfacet
  facet normal -0.8314696141679891 0.5555702302277683 0
    outer loop
      vertex -1.4641016125679016 64 0
      vertex -1.1734133586287498 64.43504571914673 1.2
      vertex -1.1734133586287498 64.43504571914673 0
    endloop
  endfacet
  facet normal -0.7518398007112116 0.6593458228172265 0
    outer loop
      vertex -1.1734133586287498 64.43504571914673 0
      vertex -0.8284271210432053 64.8284271210432 1.2
      vertex -0.8284271210432053 64.8284271210432 0
    endloop
  endfacet
  facet normal -0.6593458228172265 0.7518398007112116 0
    outer loop
      vertex -0.8284271210432053 64.8284271210432 0
      vertex -0.4350457191467285 65.17341335862875 1.2
      vertex -0.4350457191467285 65.17341335862875 0
    endloop
  endfacet
  facet normal -0.5555702302277683 0.8314696141679891 0
    outer loop
      vertex -0.4350457191467285 65.17341335862875 0
      vertex 0 65.4641016125679 1.2
      vertex 0 65.4641016125679 0
    endloop
  endfacet
  facet normal -0.44228868998100634 0.8968727416500544 0
    outer loop
      vertex 0 65.4641016125679 0
      vertex 0.46926627308130264 65.6955181285739 1.2
      vertex 0.46926627308130264 65.6955181285739 0
    endloop
  endfacet
  facet normal -0.3214394665972702 0.9469301290558149 0
    outer loop
      vertex 0.46926627308130264 65.6955181285739 0
      vertex 0.9647238180041313 65.86370330303907 1.2
      vertex 0.9647238180041313 65.86370330303907 0
    endloop
  endfacet
  facet normal -0.1950903267663619 0.9807852794583503 0
    outer loop
      vertex 0.9647238180041313 65.86370330303907 0
      vertex 1.4778952300548553 65.96577944606543 1.2
      vertex 1.4778952300548553 65.96577944606543 0
    endloop
  endfacet
  facet normal -0.06540312801222276 0.9978589233184302 0
    outer loop
      vertex 1.4778952300548553 65.96577944606543 0
      vertex 2 66 1.2
      vertex 2 66 0
    endloop
  endfacet
  facet normal 0 0 -1
    outer loop
      vertex -1.6955181285738945 63.5307337269187 0
      vertex -1.4641016125679016 64 0
      vertex 39.38139685655694 64.0086583610513 0
    endloop
  endfacet
  facet normal 0 0 -1
    outer loop
      vertex -2 62 0
      vertex 37.63034861845903 62.011970522791295 0
      vertex 37.609900990099014 61.7 0
    endloop
  endfacet
  facet normal 0 0 -1
    outer loop
      vertex -2 62 0
      vertex 37.6913416389487 62.31860314344306 0
      vertex 37.63034861845903 62.011970522791295 0
    endloop
  endfacet
  facet normal 0 0 -1
    outer loop
      vertex -1.9657794460654259 62.522104769945145 0
      vertex 37.791836444076985 62.61465129280132 0
      vertex 37.6913416389487 62.31860314344306 0
    endloop
  endfacet
  facet normal 0 0 -1
    outer loop
      vertex -1.9657794460654259 62.522104769945145 0
      vertex 37.9301135398657 62.8950495049505 0
      vertex 37.791836444076985 62.61465129280132 0
    endloop
  endfacet
  facet normal 0 0 -1
    outer loop
      vertex -1.863703303039074 63.03527618199587 0
      vertex 38.10380696686828 63.155000088739655 0
      vertex 37.9301135398657 62.8950495049505 0
    endloop
  endfacet
  facet normal 0 0 -1
    outer loop
      vertex -1.863703303039074 63.03527618199587 0
      vertex 38.30994478239176 63.39005521760824 0
      vertex 38.10380696686828 63.155000088739655 0
    endloop
  endfacet
  facet normal 0 0 -1
    outer loop
      vertex -1.6955181285738945 63.5307337269187 0
      vertex 38.54499991126035 63.596193033131726 0
      vertex 38.30994478239176 63.39005521760824 0
    endloop
  endfacet
  facet normal 0 0 -1
    outer loop
      vertex -1.6955181285738945 63.5307337269187 0
      vertex 38.8049504950495 63.769886460134295 0
      vertex 38.54499991126035 63.596193033131726 0
    endloop
  endfacet
  facet normal 0 0 -1
    outer loop
      vertex -1.6955181285738945 63.5307337269187 0
      vertex 39.08534870719868 63.90816355592302 0
      vertex 38.8049504950495 63.769886460134295 0
    endloop
  endfacet
  facet normal 0 0 -1
    outer loop
      vertex -1.6955181285738945 63.5307337269187 0
      vertex 39.38139685655694 64.0086583610513 0
      vertex 39.08534870719868 63.90816355592302 0
    endloop
  endfacet
  facet normal 0 0 -1
    outer loop
      vertex -1.4641016125679016 64 0
      vertex 39.68802947720871 64.06965138154098 0
      vertex 39.38139685655694 64.0086583610513 0
    endloop
  endfacet
  facet normal -0.9978589233184302 0.06540312801222276 0
    outer loop
      vertex -2 62 0
      vertex -2 62 1.2
      vertex -1.9657794460654259 62.522104769945145 1.2
    endloop
  endfacet
  facet normal -0.9807852794583503 0.1950903267663619 0
    outer loop
      vertex -1.9657794460654259 62.522104769945145 0
      vertex -1.9657794460654259 62.522104769945145 1.2
      vertex -1.863703303039074 63.03527618199587 1.2
    endloop
  endfacet
  facet normal -0.9469301290558149 0.3214394665972702 0
    outer loop
      vertex -1.863703303039074 63.03527618199587 0
      vertex -1.863703303039074 63.03527618199587 1.2
      vertex -1.6955181285738945 63.5307337269187 1.2
    endloop
  endfacet
  facet normal -0.8968727416500544 0.44228868998100634 0
    outer loop
      vertex -1.6955181285738945 63.5307337269187 0
      vertex -1.6955181285738945 63.5307337269187 1.2
      vertex -1.4641016125679016 64 1.2
    endloop
  endfacet
  facet normal -0.8314696141679891 0.5555702302277683 0
    outer loop
      vertex -1.4641016125679016 64 0
      vertex -1.4641016125679016 64 1.2
      vertex -1.1734133586287498 64.43504571914673 1.2
    endloop
  endfacet
  facet normal -0.7518398007112116 0.6593458228172265 0
    outer loop
      vertex -1.1734133586287498 64.43504571914673 0
      vertex -1.1734133586287498 64.43504571914673 1.2
      vertex -0.8284271210432053 64.8284271210432 1.2
    endloop
  endfacet
  facet normal -0.6593458228172265 0.7518398007112116 0
    outer loop
      vertex -0.8284271210432053 64.8284271210432 0
      vertex -0.8284271210432053 64.8284271210432 1.2
      vertex -0.4350457191467285 65.17341335862875 1.2
    endloop
  endfacet
  facet normal -0.5555702302277683 0.8314696141679891 0
    outer loop
      vertex -0.4350457191467285 65.17341335862875 0
      vertex -0.4350457191467285 65.17341335862875 1.2
      vertex 0 65.4641016125679 1.2
    endloop
  endfacet
  facet normal -0.44228868998100634 0.8968727416500544 0
    outer loop
      vertex 0 65.4641016125679 0
      vertex 0 65.4641016125679 1.2
      vertex 0.46926627308130264 65.6955181285739 1.2
    endloop
  endfacet
  facet normal -0.3214394665972702 0.9469301290558149 0
    outer loop
      vertex 0.46926627308130264 65.6955181285739 0
      vertex 0.46926627308130264 65.6955181285739 1.2
      vertex 0.9647238180041313 65.86370330303907 1.2
    endloop
  endfacet
  facet normal -0.1950903267663619 0.9807852794583503 0
    outer loop
      vertex 0.9647238180041313 65.86370330303907 0
      vertex 0.9647238180041313 65.86370330303907 1.2
      vertex 1.4778952300548553 65.96577944606543 1.2
    endloop
  endfacet
  facet normal -0.06540312801222276 0.9978589233184302 0
    outer loop
      vertex 1.4778952300548553 65.96577944606543 0
      vertex 1.4778952300548553 65.96577944606543 1.2
      vertex 2 66 1.2
    endloop
  endfacet
  facet normal 0 0 1
    outer loop
      vertex 0.9647238180041313 65.86370330303907 1.2
      vertex 2 66 1.2
      vertex 1.4778952300548553 65.96577944606543 1.2
    endloop
  endfacet
  facet normal 0 0 1
    outer loop
      vertex -2 62 1.2
      vertex 37.22836140246614 62.84805029709527 1.2
      vertex -1.9657794460654259 62.522104769945145 1.2
    endloop
  endfacet
  facet normal 0 0 1
    outer loop
      vertex -1.9657794460654259 62.522104769945145 1.2
      vertex 37.401923788646684 63.2 1.2
      vertex -1.863703303039074 63.03527618199587 1.2
    endloop
  endfacet
  facet normal 0 0 1
    outer loop
      vertex -1.863703303039074 63.03527618199587 1.2
      vertex 37.878679656440355 63.82132034355965 1.2
      vertex -1.6955181285738945 63.5307337269187 1.2
    endloop
  endfacet
  facet normal 0 0 1
    outer loop
      vertex -1.6955181285738945 63.5307337269187 1.2
      vertex 38.17371571297384 64.0800600208737 1.2
      vertex -1.4641016125679016 64 1.2
    endloop
  endfacet
  facet normal 0 0 1
    outer loop
      vertex -1.4641016125679016 64 1.2
      vertex 38.85194970290473 64.47163859753387 1.2
      vertex -1.1734133586287498 64.43504571914673 1.2
    endloop
  endfacet
  facet normal 0 0 1
    outer loop
      vertex -2 62 1.2
      vertex 37 61.7 1.2
      vertex 37.02566541587857 62.091578576660154 1.2
    endloop
  endfacet
  facet normal 0 0 1
    outer loop
      vertex -2 62 1.2
      vertex 37.02566541587857 62.091578576660154 1.2
      vertex 37.102222521132795 62.47645713530756 1.2
    endloop
  endfacet
  facet normal 0 0 1
    outer loop
      vertex -2 62 1.2
      vertex 37.102222521132795 62.47645713530756 1.2
      vertex 37.22836140246614 62.84805029709527 1.2
    endloop
  endfacet
  facet normal 0 0 1
    outer loop
      vertex -1.9657794460654259 62.522104769945145 1.2
      vertex 37.22836140246614 62.84805029709527 1.2
      vertex 37.401923788646684 63.2 1.2
    endloop
  endfacet
  facet normal 0 0 1
    outer loop
      vertex -1.863703303039074 63.03527618199587 1.2
      vertex 37.401923788646684 63.2 1.2
      vertex 37.61993997912629 63.526284287026165 1.2
    endloop
  endfacet
  facet normal 0 0 1
    outer loop
      vertex -1.863703303039074 63.03527618199587 1.2
      vertex 37.61993997912629 63.526284287026165 1.2
      vertex 37.878679656440355 63.82132034355965 1.2
    endloop
  endfacet
  facet normal 0 0 1
    outer loop
      vertex -1.6955181285738945 63.5307337269187 1.2
      vertex 37.878679656440355 63.82132034355965 1.2
      vertex 38.17371571297384 64.0800600208737 1.2
    endloop
  endfacet
  facet normal 0 0 1
    outer loop
      vertex -1.4641016125679016 64 1.2
      vertex 38.17371571297384 64.0800600208737 1.2
      vertex 38.5 64.29807621135332 1.2
    endloop
  endfacet
  facet normal 0 0 1
    outer loop
      vertex -1.4641016125679016 64 1.2
      vertex 38.5 64.29807621135332 1.2
      vertex 38.85194970290473 64.47163859753387 1.2
    endloop
  endfacet
  facet normal 0 0 1
    outer loop
      vertex -1.1734133586287498 64.43504571914673 1.2
      vertex 38.85194970290473 64.47163859753387 1.2
      vertex 39.22354286469244 64.59777747886721 1.2
    endloop
  endfacet
  facet normal 0 0 1
    outer loop
      vertex -1.1734133586287498 64.43504571914673 1.2
      vertex 39.22354286469244 64.59777747886721 1.2
      vertex 39.60842142333985 64.67433458412144 1.2
    endloop
  endfacet
  facet normal 0 0 -1
    outer loop
      vertex -2 4 0
      vertex 40 59.30990099009902 0
      vertex 40.31197052279129 59.330348618459034 0
    endloop
  endfacet
  facet normal 0 0 -1
    outer loop
      vertex -2 4 0
      vertex 40.31197052279129 59.330348618459034 0
      vertex 40.61860314344306 59.3913416389487 0
    endloop
  endfacet
  facet normal 0 0 -1
    outer loop
      vertex -2 4 0
      vertex 40.61860314344306 59.3913416389487 0
      vertex 40.91465129280132 59.49183644407699 0
    endloop
  endfacet
  facet normal 0 0 -1
    outer loop
      vertex -2 4 0
      vertex 40.91465129280132 59.49183644407699 0
      vertex 94.08534870719868 59.49183644407699 0
    endloop
  endfacet
  facet normal 0 0 1
    outer loop
      vertex -2 4 1.2
      vertex 40.39157857666015 58.725665415878574 1.2
      vertex 40 58.7 1.2
    endloop
  endfacet
  facet normal 0 0 1
    outer loop
      vertex -2 4 1.2
      vertex 40.77645713530756 58.8022225211328 1.2
      vertex 40.39157857666015 58.725665415878574 1.2
    endloop
  endfacet
  facet normal 0 0 1
    outer loop
      vertex -2 4 1.2
      vertex 41.14805029709527 58.928361402466145 1.2
      vertex 40.77645713530756 58.8022225211328 1.2
    endloop
  endfacet
  facet normal 0 0 1
    outer loop
      vertex -2 4 1.2
      vertex 93.85194970290473 58.928361402466145 1.2
      vertex 41.14805029709527 58.928361402466145 1.2
    endloop
  endfacet
  facet normal 0 0 -1
    outer loop
      vertex -1.4641016125679016 64 0
      vertex 40 64.090099009901 0
      vertex 39.68802947720871 64.06965138154098 0
    endloop
  endfacet
  facet normal 0 0 -1
    outer loop
      vertex -1.4641016125679016 64 0
      vertex -1.1734133586287498 64.43504571914673 0
      vertex 108.43504571914673 65.17341335862875 0
    endloop
  endfacet
  facet normal 0 0 -1
    outer loop
      vertex -1.1734133586287498 64.43504571914673 0
      vertex -0.8284271210432053 64.8284271210432 0
      vertex 108 65.4641016125679 0
    endloop
  endfacet
  facet normal 0 0 -1
    outer loop
      vertex -0.8284271210432053 64.8284271210432 0
      vertex -0.4350457191467285 65.17341335862875 0
      vertex 107.5307337269187 65.6955181285739 0
    endloop
  endfacet
  facet normal 0 0 -1
    outer loop
      vertex -0.4350457191467285 65.17341335862875 0
      vertex 0 65.4641016125679 0
      vertex 107.03527618199587 65.86370330303907 0
    endloop
  endfacet
  facet normal 0 0 -1
    outer loop
      vertex 0 65.4641016125679 0
      vertex 0.46926627308130264 65.6955181285739 0
      vertex 106.52210476994514 65.96577944606543 0
    endloop
  endfacet
  facet normal 0 0 -1
    outer loop
      vertex 0.46926627308130264 65.6955181285739 0
      vertex 0.9647238180041313 65.86370330303907 0
      vertex 106 66 0
    endloop
  endfacet
  facet normal 0 0 -1
    outer loop
      vertex 0.9647238180041313 65.86370330303907 0
      vertex 2 66 0
      vertex 106 66 0
    endloop
  endfacet
  facet normal 0 0 -1
    outer loop
      vertex -1.4641016125679016 64 0
      vertex 108.8284271210432 64.8284271210432 0
      vertex 40 64.090099009901 0
    endloop
  endfacet
  facet normal 0 1 0
    outer loop
      vertex 2 66 0
      vertex 2 66 1.2
      vertex 106 66 1.2
    endloop
  endfacet
  facet normal 0 0 1
    outer loop
      vertex -1.1734133586287498 64.43504571914673 1.2
      vertex 39.60842142333985 64.67433458412144 1.2
      vertex 40 64.7 1.2
    endloop
  endfacet
  facet normal 0 0 1
    outer loop
      vertex -1.1734133586287498 64.43504571914673 1.2
      vertex 108 65.4641016125679 1.2
      vertex -0.8284271210432053 64.8284271210432 1.2
    endloop
  endfacet
  facet normal 0 0 1
    outer loop
      vertex -0.8284271210432053 64.8284271210432 1.2
      vertex 107.5307337269187 65.6955181285739 1.2
      vertex -0.4350457191467285 65.17341335862875 1.2
    endloop
  endfacet
  facet normal 0 0 1
    outer loop
      vertex -0.4350457191467285 65.17341335862875 1.2
      vertex 107.03527618199587 65.86370330303907 1.2
      vertex 0 65.4641016125679 1.2
    endloop
  endfacet
  facet normal 0 0 1
    outer loop
      vertex 0 65.4641016125679 1.2
      vertex 106.52210476994514 65.96577944606543 1.2
      vertex 0.46926627308130264 65.6955181285739 1.2
    endloop
  endfacet
  facet normal 0 0 1
    outer loop
      vertex 0.46926627308130264 65.6955181285739 1.2
      vertex 106 66 1.2
      vertex 0.9647238180041313 65.86370330303907 1.2
    endloop
  endfacet
  facet normal 0 0 1
    outer loop
      vertex 0.9647238180041313 65.86370330303907 1.2
      vertex 106 66 1.2
      vertex 2 66 1.2
    endloop
  endfacet
  facet normal 0 0 1
    outer loop
      vertex -1.1734133586287498 64.43504571914673 1.2
      vertex 40 64.7 1.2
      vertex 108.43504571914673 65.17341335862875 1.2
    endloop
  endfacet
  facet normal 0 0 -1
    outer loop
      vertex -0.8284271210432053 1.1715728789567947 0
      vertex 69 1.8099009900990102 0
      vertex 99.08534870719868 1.991836444076984 0
    endloop
  endfacet
  facet normal 0 0 -1
    outer loop
      vertex -0.4350457191467285 0.8265866413712502 0
      vertex 99.38139685655695 1.891341638948702 0
      vertex 99.6880294772087 1.8303486184590319 0
    endloop
  endfacet
  facet normal 0 0 -1
    outer loop
      vertex -0.8284271210432053 1.1715728789567947 0
      vertex 99.08534870719868 1.991836444076984 0
      vertex 99.38139685655695 1.891341638948702 0
    endloop
  endfacet
  facet normal 0 0 -1
    outer loop
      vertex -0.4350457191467285 0.8265866413712502 0
      vertex 99.6880294772087 1.8303486184590319 0
      vertex 100 1.8099009900990102 0
    endloop
  endfacet
  facet normal 0 0 -1
    outer loop
      vertex -0.4350457191467285 0.8265866413712502 0
      vertex 100 1.8099009900990102 0
      vertex 109.17341335862875 1.5649542808532715 0
    endloop
  endfacet
  facet normal 0 0 -1
    outer loop
      vertex 2 0 0
      vertex 107.03527618199587 0.13629669696092606 0
      vertex 106 0 0
    endloop
  endfacet
  facet normal 0 0 -1
    outer loop
      vertex 2 0 0
      vertex 107.5307337269187 0.3044818714261055 0
      vertex 107.03527618199587 0.13629669696092606 0
    endloop
  endfacet
  facet normal 0 0 -1
    outer loop
      vertex 1.4778952300548553 0.03422055393457413 0
      vertex 108 0.5358983874320984 0
      vertex 107.5307337269187 0.3044818714261055 0
    endloop
  endfacet
  facet normal 0 0 -1
    outer loop
      vertex 0.9647238180041313 0.13629669696092606 0
      vertex 108.43504571914673 0.8265866413712502 0
      vertex 108 0.5358983874320984 0
    endloop
  endfacet
  facet normal 0 0 -1
    outer loop
      vertex 0.46926627308130264 0.3044818714261055 0
      vertex 108.8284271210432 1.1715728789567947 0
      vertex 108.43504571914673 0.8265866413712502 0
    endloop
  endfacet
  facet normal 0 0 -1
    outer loop
      vertex 0 0.5358983874320984 0
      vertex 109.17341335862875 1.5649542808532715 0
      vertex 108.8284271210432 1.1715728789567947 0
    endloop
  endfacet
  facet normal 0 0 -1
    outer loop
      vertex 69 1.8099009900990102 0
      vertex 69.3119705227913 1.8303486184590319 0
      vertex 99.08534870719868 1.991836444076984 0
    endloop
  endfacet
  facet normal 0 0 -1
    outer loop
      vertex 69.3119705227913 1.8303486184590319 0
      vertex 69.61860314344305 1.891341638948702 0
      vertex 99.08534870719868 1.991836444076984 0
    endloop
  endfacet
  facet normal 0 0 -1
    outer loop
      vertex 69.61860314344305 1.891341638948702 0
      vertex 69.91465129280132 1.9918364440769842 0
      vertex 99.08534870719868 1.991836444076984 0
    endloop
  endfacet
  facet normal 0 0 -1
    outer loop
      vertex 69.91465129280132 1.9918364440769842 0
      vertex 70.1950495049505 2.1301135398657083 0
      vertex 99.08534870719868 1.991836444076984 0
    endloop
  endfacet
  facet normal 0 0 -1
    outer loop
      vertex 98.54499991126035 2.303806966868276 0
      vertex 70.1950495049505 2.1301135398657083 0
      vertex 70.45500008873965 2.303806966868276 0
    endloop
  endfacet
  facet normal 0 0 -1
    outer loop
      vertex 70.69005521760825 2.5099447823917567 0
      vertex 98.10380696686828 2.744999911260345 0
      vertex 70.45500008873965 2.303806966868276 0
    endloop
  endfacet
  facet normal 0 0 -1
    outer loop
      vertex 98.10380696686828 2.744999911260345 0
      vertex 70.69005521760825 2.5099447823917567 0
      vertex 70.89619303313172 2.744999911260345 0
    endloop
  endfacet
  facet normal 0 0 -1
    outer loop
      vertex 70.89619303313172 2.744999911260345 0
      vertex 71.0698864601343 3.004950495049505 0
      vertex 97.9301135398657 3.004950495049505 0
    endloop
  endfacet
  facet normal 0 0 -1
    outer loop
      vertex 97.79183644407698 3.2853487071986867 0
      vertex 71.0698864601343 3.004950495049505 0
      vertex 71.20816355592302 3.2853487071986867 0
    endloop
  endfacet
  facet normal 0 0 -1
    outer loop
      vertex 71.20816355592302 3.2853487071986867 0
      vertex 71.3086583610513 3.5813968565569456 0
      vertex 97.6913416389487 3.5813968565569456 0
    endloop
  endfacet
  facet normal 0 0 -1
    outer loop
      vertex 97.6913416389487 3.5813968565569456 0
      vertex 71.3086583610513 3.5813968565569456 0
      vertex 71.36965138154098 3.8880294772087085 0
    endloop
  endfacet
  facet normal 0 0 -1
    outer loop
      vertex 71.36965138154098 3.8880294772087085 0
      vertex 71.390099009901 4.2 0
      vertex 97.63034861845902 3.8880294772087085 0
    endloop
  endfacet
  facet normal 0 0 -1
    outer loop
      vertex 71.390099009901 4.2 0
      vertex 71.36965138154098 4.511970522791292 0
      vertex 97.609900990099 4.2 0
    endloop
  endfacet
  facet normal 0 0 -1
    outer loop
      vertex 71.36965138154098 4.511970522791292 0
      vertex 71.3086583610513 4.818603143443054 0
      vertex 97.63034861845902 4.511970522791292 0
    endloop
  endfacet
  facet normal 0 0 -1
    outer loop
      vertex 71.20816355592302 5.114651292801313 0
      vertex 97.6913416389487 4.818603143443054 0
      vertex 71.3086583610513 4.818603143443054 0
    endloop
  endfacet
  facet normal 0 0 -1
    outer loop
      vertex 71.0698864601343 5.395049504950496 0
      vertex 97.79183644407698 5.114651292801313 0
      vertex 71.20816355592302 5.114651292801313 0
    endloop
  endfacet
  facet normal 0 0 -1
    outer loop
      vertex 70.89619303313172 5.655000088739655 0
      vertex 97.9301135398657 5.395049504950496 0
      vertex 71.0698864601343 5.395049504950496 0
    endloop
  endfacet
  facet normal 0 0 -1
    outer loop
      vertex 70.1950495049505 6.269886460134292 0
      vertex 98.54499991126035 6.0961930331317244 0
      vertex 70.45500008873965 6.0961930331317244 0
    endloop
  endfacet
  facet normal 0 0 -1
    outer loop
      vertex 70.69005521760825 5.890055217608244 0
      vertex 98.10380696686828 5.655000088739655 0
      vertex 70.89619303313172 5.655000088739655 0
    endloop
  endfacet
  facet normal 0 0 -1
    outer loop
      vertex 70.45500008873965 6.0961930331317244 0
      vertex 98.30994478239175 5.890055217608244 0
      vertex 70.69005521760825 5.890055217608244 0
    endloop
  endfacet
  facet normal 0 0 -1
    outer loop
      vertex 69 6.59009900990099 0
      vertex 99.08534870719868 6.408163555923016 0
      vertex 69.3119705227913 6.569651381540968 0
    endloop
  endfacet
  facet normal 0 0 -1
    outer loop
      vertex 69.3119705227913 6.569651381540968 0
      vertex 99.08534870719868 6.408163555923016 0
      vertex 69.61860314344305 6.508658361051298 0
    endloop
  endfacet
  facet normal 0 0 -1
    outer loop
      vertex 69.61860314344305 6.508658361051298 0
      vertex 99.08534870719868 6.408163555923016 0
      vertex 69.91465129280132 6.408163555923016 0
    endloop
  endfacet
  facet normal 0 0 -1
    outer loop
      vertex 69.91465129280132 6.408163555923016 0
      vertex 98.8049504950495 6.269886460134292 0
      vertex 70.1950495049505 6.269886460134292 0
    endloop
  endfacet
  facet normal 0 0 1
    outer loop
      vertex 0 0.5358983874320984 1.2
      vertex 98.85194970290473 1.4283614024661402 1.2
      vertex 69 1.2000000000000002 1.2
    endloop
  endfacet
  facet normal 0 0 1
    outer loop
      vertex 0 0.5358983874320984 1.2
      vertex 99.22354286469243 1.3022225211327951 1.2
      vertex 98.85194970290473 1.4283614024661402 1.2
    endloop
  endfacet
  facet normal 0 0 1
    outer loop
      vertex 0 0.5358983874320984 1.2
      vertex 99.60842142333985 1.2256654158785691 1.2
      vertex 99.22354286469243 1.3022225211327951 1.2
    endloop
  endfacet
  facet normal 0 0 1
    outer loop
      vertex 0 0.5358983874320984 1.2
      vertex 100 1.2000000000000002 1.2
      vertex 99.60842142333985 1.2256654158785691 1.2
    endloop
  endfacet
  facet normal 0 -1 0
    outer loop
      vertex 2 0 1.2
      vertex 106 0 0
      vertex 106 0 1.2
    endloop
  endfacet
  facet normal 0 0 1
    outer loop
      vertex 0 0.5358983874320984 1.2
      vertex 108.8284271210432 1.1715728789567947 1.2
      vertex 100 1.2000000000000002 1.2
    endloop
  endfacet
  facet normal 0 0 1
    outer loop
      vertex 2 0 1.2
      vertex 106 0 1.2
      vertex 107.03527618199587 0.13629669696092606 1.2
    endloop
  endfacet
  facet normal 0 0 1
    outer loop
      vertex 2 0 1.2
      vertex 107.03527618199587 0.13629669696092606 1.2
      vertex 107.5307337269187 0.3044818714261055 1.2
    endloop
  endfacet
  facet normal 0 0 1
    outer loop
      vertex 1.4778952300548553 0.03422055393457413 1.2
      vertex 107.5307337269187 0.3044818714261055 1.2
      vertex 108 0.5358983874320984 1.2
    endloop
  endfacet
  facet normal 0 0 1
    outer loop
      vertex 0.9647238180041313 0.13629669696092606 1.2
      vertex 108 0.5358983874320984 1.2
      vertex 108.43504571914673 0.8265866413712502 1.2
    endloop
  endfacet
  facet normal 0 0 1
    outer loop
      vertex 0.46926627308130264 0.3044818714261055 1.2
      vertex 108.43504571914673 0.8265866413712502 1.2
      vertex 108.8284271210432 1.1715728789567947 1.2
    endloop
  endfacet
  facet normal 0 0 1
    outer loop
      vertex 69 1.2000000000000002 1.2
      vertex 98.85194970290473 1.4283614024661402 1.2
      vertex 69.39157857666015 1.2256654158785691 1.2
    endloop
  endfacet
  facet normal 0 0 1
    outer loop
      vertex 69.39157857666015 1.2256654158785691 1.2
      vertex 98.5 1.6019237886466842 1.2
      vertex 69.77645713530757 1.3022225211327951 1.2
    endloop
  endfacet
  facet normal 0 0 1
    outer loop
      vertex 69.77645713530757 1.3022225211327951 1.2
      vertex 98.5 1.6019237886466842 1.2
      vertex 70.14805029709527 1.4283614024661402 1.2
    endloop
  endfacet
  facet normal 0 0 1
    outer loop
      vertex 70.14805029709527 1.4283614024661402 1.2
      vertex 97.87867965644035 2.0786796564403573 1.2
      vertex 70.5 1.6019237886466842 1.2
    endloop
  endfacet
  facet normal 0 0 1
    outer loop
      vertex 70.5 1.6019237886466842 1.2
      vertex 97.87867965644035 2.0786796564403573 1.2
      vertex 70.82628428702616 1.8199399791262945 1.2
    endloop
  endfacet
  facet normal 0 0 1
    outer loop
      vertex 70.82628428702616 1.8199399791262945 1.2
      vertex 97.6199399791263 2.373715712973838 1.2
      vertex 71.12132034355965 2.0786796564403573 1.2
    endloop
  endfacet
  facet normal 0 0 1
    outer loop
      vertex 71.12132034355965 2.0786796564403573 1.2
      vertex 97.6199399791263 2.373715712973838 1.2
      vertex 71.3800600208737 2.373715712973838 1.2
    endloop
  endfacet
  facet normal 0 0 1
    outer loop
      vertex 71.3800600208737 2.373715712973838 1.2
      vertex 97.22836140246613 3.051949702904731 1.2
      vertex 71.59807621135332 2.7 1.2
    endloop
  endfacet
  facet normal 0 0 1
    outer loop
      vertex 71.59807621135332 2.7 1.2
      vertex 97.1022225211328 3.423542864692438 1.2
      vertex 71.77163859753387 3.051949702904731 1.2
    endloop
  endfacet
  facet normal 0 0 1
    outer loop
      vertex 71.77163859753387 3.051949702904731 1.2
      vertex 97.1022225211328 3.423542864692438 1.2
      vertex 71.8977774788672 3.423542864692438 1.2
    endloop
  endfacet
  facet normal 0 0 1
    outer loop
      vertex 71.8977774788672 3.423542864692438 1.2
      vertex 97 4.2 1.2
      vertex 71.97433458412144 3.8084214233398455 1.2
    endloop
  endfacet
  facet normal 0 0 1
    outer loop
      vertex 71.97433458412144 3.8084214233398455 1.2
      vertex 97 4.2 1.2
      vertex 72 4.2 1.2
    endloop
  endfacet
  facet normal 0 0 1
    outer loop
      vertex 71.77163859753387 5.34805029709527 1.2
      vertex 97.22836140246613 5.34805029709527 1.2
      vertex 71.59807621135332 5.7 1.2
    endloop
  endfacet
  facet normal 0 0 1
    outer loop
      vertex 71.3800600208737 6.026284287026162 1.2
      vertex 71.59807621135332 5.7 1.2
      vertex 97.40192378864668 5.7 1.2
    endloop
  endfacet
  facet normal 0 0 1
    outer loop
      vertex 71.3800600208737 6.026284287026162 1.2
      vertex 97.6199399791263 6.026284287026162 1.2
      vertex 71.12132034355965 6.321320343559643 1.2
    endloop
  endfacet
  facet normal 0 0 1
    outer loop
      vertex 72 4.2 1.2
      vertex 97 4.2 1.2
      vertex 71.97433458412144 4.5915785766601545 1.2
    endloop
  endfacet
  facet normal 0 0 1
    outer loop
      vertex 71.97433458412144 4.5915785766601545 1.2
      vertex 97.02566541587856 4.5915785766601545 1.2
      vertex 71.8977774788672 4.976457135307562 1.2
    endloop
  endfacet
  facet normal 0 0 1
    outer loop
      vertex 71.8977774788672 4.976457135307562 1.2
      vertex 97.1022225211328 4.976457135307562 1.2
      vertex 71.77163859753387 5.34805029709527 1.2
    endloop
  endfacet
  facet normal 0 0 1
    outer loop
      vertex 69.39157857666015 7.174334584121431 1.2
      vertex 69.77645713530757 7.097777478867205 1.2
      vertex 98.85194970290473 6.97163859753386 1.2
    endloop
  endfacet
  facet normal 0 0 1
    outer loop
      vertex 70.82628428702616 6.580060020873706 1.2
      vertex 71.12132034355965 6.321320343559643 1.2
      vertex 97.87867965644035 6.321320343559643 1.2
    endloop
  endfacet
  facet normal 0 0 1
    outer loop
      vertex 70.5 6.798076211353316 1.2
      vertex 70.82628428702616 6.580060020873706 1.2
      vertex 98.17371571297384 6.580060020873706 1.2
    endloop
  endfacet
  facet normal 0 0 1
    outer loop
      vertex 70.14805029709527 6.97163859753386 1.2
      vertex 70.5 6.798076211353316 1.2
      vertex 98.5 6.798076211353316 1.2
    endloop
  endfacet
  facet normal 0 0 1
    outer loop
      vertex 69.77645713530757 7.097777478867205 1.2
      vertex 70.14805029709527 6.97163859753386 1.2
      vertex 98.85194970290473 6.97163859753386 1.2
    endloop
  endfacet
  facet normal 0 0 -1
    outer loop
      vertex -1.863703303039074 2.9647238180041313 0
      vertex 110 62 0
      vertex 67.10380696686828 5.655000088739655 0
    endloop
  endfacet
  facet normal 0 0 -1
    outer loop
      vertex 110 62 0
      vertex 67.30994478239175 5.890055217608244 0
      vertex 67.10380696686828 5.655000088739655 0
    endloop
  endfacet
  facet normal 0 0 -1
    outer loop
      vertex 110 62 0
      vertex 67.54499991126035 6.0961930331317244 0
      vertex 67.30994478239175 5.890055217608244 0
    endloop
  endfacet
  facet normal 0 0 -1
    outer loop
      vertex 110 62 0
      vertex 67.8049504950495 6.269886460134292 0
      vertex 67.54499991126035 6.0961930331317244 0
    endloop
  endfacet
  facet normal 0 0 -1
    outer loop
      vertex 110 62 0
      vertex 68.08534870719868 6.408163555923016 0
      vertex 67.8049504950495 6.269886460134292 0
    endloop
  endfacet
  facet normal 0 0 1
    outer loop
      vertex -1.863703303039074 2.9647238180041313 1.2
      vertex 66.6199399791263 6.026284287026162 1.2
      vertex 110 62 1.2
    endloop
  endfacet
  facet normal 0 0 1
    outer loop
      vertex 66.6199399791263 6.026284287026162 1.2
      vertex 66.87867965644035 6.321320343559643 1.2
      vertex 110 62 1.2
    endloop
  endfacet
  facet normal 0 0 1
    outer loop
      vertex 66.87867965644035 6.321320343559643 1.2
      vertex 67.17371571297384 6.580060020873706 1.2
      vertex 110 62 1.2
    endloop
  endfacet
  facet normal 0 0 1
    outer loop
      vertex 67.17371571297384 6.580060020873706 1.2
      vertex 67.5 6.798076211353316 1.2
      vertex 110 62 1.2
    endloop
  endfacet
  facet normal 0 0 1
    outer loop
      vertex 67.5 6.798076211353316 1.2
      vertex 67.85194970290473 6.97163859753386 1.2
      vertex 110 62 1.2
    endloop
  endfacet
  facet normal 0 0 -1
    outer loop
      vertex 70.45500008873965 2.303806966868276 0
      vertex 98.10380696686828 2.744999911260345 0
      vertex 98.30994478239175 2.5099447823917567 0
    endloop
  endfacet
  facet normal 0 0 -1
    outer loop
      vertex 98.10380696686828 2.744999911260345 0
      vertex 70.89619303313172 2.744999911260345 0
      vertex 97.9301135398657 3.004950495049505 0
    endloop
  endfacet
  facet normal 0 0 -1
    outer loop
      vertex 71.0698864601343 3.004950495049505 0
      vertex 97.79183644407698 3.2853487071986867 0
      vertex 97.9301135398657 3.004950495049505 0
    endloop
  endfacet
  facet normal 0 0 -1
    outer loop
      vertex 97.79183644407698 3.2853487071986867 0
      vertex 71.20816355592302 3.2853487071986867 0
      vertex 97.6913416389487 3.5813968565569456 0
    endloop
  endfacet
  facet normal 0 0 -1
    outer loop
      vertex 97.6913416389487 3.5813968565569456 0
      vertex 71.36965138154098 3.8880294772087085 0
      vertex 97.63034861845902 3.8880294772087085 0
    endloop
  endfacet
  facet normal 0 0 -1
    outer loop
      vertex 71.390099009901 4.2 0
      vertex 97.609900990099 4.2 0
      vertex 97.63034861845902 3.8880294772087085 0
    endloop
  endfacet
  facet normal 0 0 -1
    outer loop
      vertex 71.36965138154098 4.511970522791292 0
      vertex 97.63034861845902 4.511970522791292 0
      vertex 97.609900990099 4.2 0
    endloop
  endfacet
  facet normal 0 0 -1
    outer loop
      vertex 71.3086583610513 4.818603143443054 0
      vertex 97.6913416389487 4.818603143443054 0
      vertex 97.63034861845902 4.511970522791292 0
    endloop
  endfacet
  facet normal 0 0 -1
    outer loop
      vertex 71.20816355592302 5.114651292801313 0
      vertex 97.79183644407698 5.114651292801313 0
      vertex 97.6913416389487 4.818603143443054 0
    endloop
  endfacet
  facet normal 0 0 -1
    outer loop
      vertex 71.0698864601343 5.395049504950496 0
      vertex 97.9301135398657 5.395049504950496 0
      vertex 97.79183644407698 5.114651292801313 0
    endloop
  endfacet
  facet normal 0 0 -1
    outer loop
      vertex 70.89619303313172 5.655000088739655 0
      vertex 98.10380696686828 5.655000088739655 0
      vertex 97.9301135398657 5.395049504950496 0
    endloop
  endfacet
  facet normal 0 0 -1
    outer loop
      vertex 70.1950495049505 2.1301135398657083 0
      vertex 98.54499991126035 2.303806966868276 0
      vertex 98.8049504950495 2.1301135398657083 0
    endloop
  endfacet
  facet normal 0 0 -1
    outer loop
      vertex 70.1950495049505 2.1301135398657083 0
      vertex 98.8049504950495 2.1301135398657083 0
      vertex 99.08534870719868 1.991836444076984 0
    endloop
  endfacet
  facet normal 0 0 -1
    outer loop
      vertex 98.54499991126035 2.303806966868276 0
      vertex 70.45500008873965 2.303806966868276 0
      vertex 98.30994478239175 2.5099447823917567 0
    endloop
  endfacet
  facet normal 0 0 -1
    outer loop
      vertex 70.69005521760825 5.890055217608244 0
      vertex 98.30994478239175 5.890055217608244 0
      vertex 98.10380696686828 5.655000088739655 0
    endloop
  endfacet
  facet normal 0 0 -1
    outer loop
      vertex 70.45500008873965 6.0961930331317244 0
      vertex 98.54499991126035 6.0961930331317244 0
      vertex 98.30994478239175 5.890055217608244 0
    endloop
  endfacet
  facet normal 0 0 -1
    outer loop
      vertex 70.1950495049505 6.269886460134292 0
      vertex 98.8049504950495 6.269886460134292 0
      vertex 98.54499991126035 6.0961930331317244 0
    endloop
  endfacet
  facet normal 0 0 -1
    outer loop
      vertex 69.91465129280132 6.408163555923016 0
      vertex 99.08534870719868 6.408163555923016 0
      vertex 98.8049504950495 6.269886460134292 0
    endloop
  endfacet
  facet normal 0 0 -1
    outer loop
      vertex 109.17341335862875 1.5649542808532715 0
      vertex 100 1.8099009900990102 0
      vertex 100.3119705227913 1.8303486184590319 0
    endloop
  endfacet
  facet normal 0 0 -1
    outer loop
      vertex 109.17341335862875 1.5649542808532715 0
      vertex 100.3119705227913 1.8303486184590319 0
      vertex 100.61860314344305 1.891341638948702 0
    endloop
  endfacet
  facet normal 0 0 -1
    outer loop
      vertex 109.17341335862875 1.5649542808532715 0
      vertex 100.61860314344305 1.891341638948702 0
      vertex 100.91465129280132 1.991836444076984 0
    endloop
  endfacet
  facet normal 0 0 -1
    outer loop
      vertex 109.4641016125679 2 0
      vertex 100.91465129280132 1.991836444076984 0
      vertex 101.1950495049505 2.1301135398657083 0
    endloop
  endfacet
  facet normal 0 0 -1
    outer loop
      vertex 109.4641016125679 2 0
      vertex 101.1950495049505 2.1301135398657083 0
      vertex 101.45500008873965 2.303806966868276 0
    endloop
  endfacet
  facet normal 0 0 -1
    outer loop
      vertex 109.4641016125679 2 0
      vertex 101.45500008873965 2.303806966868276 0
      vertex 101.69005521760825 2.5099447823917567 0
    endloop
  endfacet
  facet normal 0 0 -1
    outer loop
      vertex 109.6955181285739 2.4692662730813026 0
      vertex 101.69005521760825 2.5099447823917567 0
      vertex 101.89619303313172 2.744999911260345 0
    endloop
  endfacet
  facet normal 0 0 -1
    outer loop
      vertex 109.6955181285739 2.4692662730813026 0
      vertex 101.89619303313172 2.744999911260345 0
      vertex 102.0698864601343 3.004950495049505 0
    endloop
  endfacet
  facet normal 0 0 -1
    outer loop
      vertex 109.86370330303907 2.9647238180041313 0
      vertex 102.0698864601343 3.004950495049505 0
      vertex 102.20816355592302 3.2853487071986867 0
    endloop
  endfacet
  facet normal 0 0 -1
    outer loop
      vertex 109.86370330303907 2.9647238180041313 0
      vertex 102.20816355592302 3.2853487071986867 0
      vertex 102.3086583610513 3.5813968565569456 0
    endloop
  endfacet
  facet normal 0 0 -1
    outer loop
      vertex 109.96577944606543 3.4778952300548553 0
      vertex 102.3086583610513 3.5813968565569456 0
      vertex 102.36965138154098 3.8880294772087085 0
    endloop
  endfacet
  facet normal 0 0 -1
    outer loop
      vertex 109.96577944606543 3.4778952300548553 0
      vertex 102.36965138154098 3.8880294772087085 0
      vertex 102.390099009901 4.2 0
    endloop
  endfacet
  facet normal 0 0 -1
    outer loop
      vertex 106 0 0
      vertex 107.03527618199587 0.13629669696092606 0
      vertex 106.52210476994514 0.03422055393457413 0
    endloop
  endfacet
  facet normal 0 0 -1
    outer loop
      vertex 109.17341335862875 1.5649542808532715 0
      vertex 100.91465129280132 1.991836444076984 0
      vertex 109.4641016125679 2 0
    endloop
  endfacet
  facet normal 0 0 -1
    outer loop
      vertex 109.4641016125679 2 0
      vertex 101.69005521760825 2.5099447823917567 0
      vertex 109.6955181285739 2.4692662730813026 0
    endloop
  endfacet
  facet normal 0 0 -1
    outer loop
      vertex 109.6955181285739 2.4692662730813026 0
      vertex 102.0698864601343 3.004950495049505 0
      vertex 109.86370330303907 2.9647238180041313 0
    endloop
  endfacet
  facet normal 0 0 -1
    outer loop
      vertex 109.86370330303907 2.9647238180041313 0
      vertex 102.3086583610513 3.5813968565569456 0
      vertex 109.96577944606543 3.4778952300548553 0
    endloop
  endfacet
  facet normal 0 0 -1
    outer loop
      vertex 109.96577944606543 3.4778952300548553 0
      vertex 102.390099009901 4.2 0
      vertex 110 4 0
    endloop
  endfacet
  facet normal 0 0 -1
    outer loop
      vertex 110 4 0
      vertex 102.390099009901 4.2 0
      vertex 102.36965138154098 4.511970522791292 0
    endloop
  endfacet
  facet normal 0.06540312801222276 -0.9978589233184302 0
    outer loop
      vertex 106 0 0
      vertex 106.52210476994514 0.03422055393457413 0
      vertex 106 0 1.2
    endloop
  endfacet
  facet normal 0.1950903267663619 -0.9807852794583503 0
    outer loop
      vertex 106.52210476994514 0.03422055393457413 0
      vertex 107.03527618199587 0.13629669696092606 0
      vertex 106.52210476994514 0.03422055393457413 1.2
    endloop
  endfacet
  facet normal 0.3214394665972702 -0.9469301290558149 0
    outer loop
      vertex 107.03527618199587 0.13629669696092606 0
      vertex 107.5307337269187 0.3044818714261055 0
      vertex 107.03527618199587 0.13629669696092606 1.2
    endloop
  endfacet
  facet normal 0.44228868998100634 -0.8968727416500544 0
    outer loop
      vertex 107.5307337269187 0.3044818714261055 0
      vertex 108 0.5358983874320984 0
      vertex 107.5307337269187 0.3044818714261055 1.2
    endloop
  endfacet
  facet normal 0.5555702302277683 -0.8314696141679891 0
    outer loop
      vertex 108 0.5358983874320984 0
      vertex 108.43504571914673 0.8265866413712502 0
      vertex 108 0.5358983874320984 1.2
    endloop
  endfacet
  facet normal 0.6593458228172265 -0.7518398007112116 0
    outer loop
      vertex 108.43504571914673 0.8265866413712502 0
      vertex 108.8284271210432 1.1715728789567947 0
      vertex 108.43504571914673 0.8265866413712502 1.2
    endloop
  endfacet
  facet normal 0.7518398007112116 -0.6593458228172265 0
    outer loop
      vertex 108.8284271210432 1.1715728789567947 0
      vertex 109.17341335862875 1.5649542808532715 0
      vertex 108.8284271210432 1.1715728789567947 1.2
    endloop
  endfacet
  facet normal 0.8314696141679891 -0.5555702302277683 0
    outer loop
      vertex 109.17341335862875 1.5649542808532715 0
      vertex 109.4641016125679 2 0
      vertex 109.17341335862875 1.5649542808532715 1.2
    endloop
  endfacet
  facet normal 0.8968727416500544 -0.44228868998100634 0
    outer loop
      vertex 109.4641016125679 2 0
      vertex 109.6955181285739 2.4692662730813026 0
      vertex 109.4641016125679 2 1.2
    endloop
  endfacet
  facet normal 0.9469301290558149 -0.3214394665972702 0
    outer loop
      vertex 109.6955181285739 2.4692662730813026 0
      vertex 109.86370330303907 2.9647238180041313 0
      vertex 109.6955181285739 2.4692662730813026 1.2
    endloop
  endfacet
  facet normal 0.9807852794583503 -0.1950903267663619 0
    outer loop
      vertex 109.86370330303907 2.9647238180041313 0
      vertex 109.96577944606543 3.4778952300548553 0
      vertex 109.86370330303907 2.9647238180041313 1.2
    endloop
  endfacet
  facet normal 0.9978589233184302 -0.06540312801222276 0
    outer loop
      vertex 109.96577944606543 3.4778952300548553 0
      vertex 110 4 0
      vertex 109.96577944606543 3.4778952300548553 1.2
    endloop
  endfacet
  facet normal 0 0 1
    outer loop
      vertex 69.39157857666015 1.2256654158785691 1.2
      vertex 98.85194970290473 1.4283614024661402 1.2
      vertex 98.5 1.6019237886466842 1.2
    endloop
  endfacet
  facet normal 0 0 1
    outer loop
      vertex 70.14805029709527 1.4283614024661402 1.2
      vertex 98.17371571297384 1.8199399791262945 1.2
      vertex 97.87867965644035 2.0786796564403573 1.2
    endloop
  endfacet
  facet normal 0 0 1
    outer loop
      vertex 70.14805029709527 1.4283614024661402 1.2
      vertex 98.5 1.6019237886466842 1.2
      vertex 98.17371571297384 1.8199399791262945 1.2
    endloop
  endfacet
  facet normal 0 0 1
    outer loop
      vertex 70.82628428702616 1.8199399791262945 1.2
      vertex 97.87867965644035 2.0786796564403573 1.2
      vertex 97.6199399791263 2.373715712973838 1.2
    endloop
  endfacet
  facet normal 0 0 1
    outer loop
      vertex 71.3800600208737 2.373715712973838 1.2
      vertex 97.6199399791263 2.373715712973838 1.2
      vertex 97.40192378864668 2.7 1.2
    endloop
  endfacet
  facet normal 0 0 1
    outer loop
      vertex 71.3800600208737 2.373715712973838 1.2
      vertex 97.40192378864668 2.7 1.2
      vertex 97.22836140246613 3.051949702904731 1.2
    endloop
  endfacet
  facet normal 0 0 1
    outer loop
      vertex 71.59807621135332 2.7 1.2
      vertex 97.22836140246613 3.051949702904731 1.2
      vertex 97.1022225211328 3.423542864692438 1.2
    endloop
  endfacet
  facet normal 0 0 1
    outer loop
      vertex 71.8977774788672 3.423542864692438 1.2
      vertex 97.1022225211328 3.423542864692438 1.2
      vertex 97.02566541587856 3.8084214233398455 1.2
    endloop
  endfacet
  facet normal 0 0 1
    outer loop
      vertex 71.8977774788672 3.423542864692438 1.2
      vertex 97.02566541587856 3.8084214233398455 1.2
      vertex 97 4.2 1.2
    endloop
  endfacet
  facet normal 0 0 1
    outer loop
      vertex 71.97433458412144 4.5915785766601545 1.2
      vertex 97 4.2 1.2
      vertex 97.02566541587856 4.5915785766601545 1.2
    endloop
  endfacet
  facet normal 0 0 1
    outer loop
      vertex 71.8977774788672 4.976457135307562 1.2
      vertex 97.02566541587856 4.5915785766601545 1.2
      vertex 97.1022225211328 4.976457135307562 1.2
    endloop
  endfacet
  facet normal 0 0 1
    outer loop
      vertex 71.77163859753387 5.34805029709527 1.2
      vertex 97.1022225211328 4.976457135307562 1.2
      vertex 97.22836140246613 5.34805029709527 1.2
    endloop
  endfacet
  facet normal 0 0 1
    outer loop
      vertex 71.59807621135332 5.7 1.2
      vertex 97.22836140246613 5.34805029709527 1.2
      vertex 97.40192378864668 5.7 1.2
    endloop
  endfacet
  facet normal 0 0 1
    outer loop
      vertex 71.3800600208737 6.026284287026162 1.2
      vertex 97.40192378864668 5.7 1.2
      vertex 97.6199399791263 6.026284287026162 1.2
    endloop
  endfacet
  facet normal 0 0 1
    outer loop
      vertex 71.12132034355965 6.321320343559643 1.2
      vertex 97.6199399791263 6.026284287026162 1.2
      vertex 97.87867965644035 6.321320343559643 1.2
    endloop
  endfacet
  facet normal 0 0 1
    outer loop
      vertex 70.82628428702616 6.580060020873706 1.2
      vertex 97.87867965644035 6.321320343559643 1.2
      vertex 98.17371571297384 6.580060020873706 1.2
    endloop
  endfacet
  facet normal 0 0 1
    outer loop
      vertex 70.5 6.798076211353316 1.2
      vertex 98.17371571297384 6.580060020873706 1.2
      vertex 98.5 6.798076211353316 1.2
    endloop
  endfacet
  facet normal 0 0 1
    outer loop
      vertex 70.14805029709527 6.97163859753386 1.2
      vertex 98.5 6.798076211353316 1.2
      vertex 98.85194970290473 6.97163859753386 1.2
    endloop
  endfacet
  facet normal 0.06540312801222276 -0.9978589233184302 0
    outer loop
      vertex 106.52210476994514 0.03422055393457413 0
      vertex 106.52210476994514 0.03422055393457413 1.2
      vertex 106 0 1.2
    endloop
  endfacet
  facet normal 0.1950903267663619 -0.9807852794583503 0
    outer loop
      vertex 107.03527618199587 0.13629669696092606 0
      vertex 107.03527618199587 0.13629669696092606 1.2
      vertex 106.52210476994514 0.03422055393457413 1.2
    endloop
  endfacet
  facet normal 0.3214394665972702 -0.9469301290558149 0
    outer loop
      vertex 107.5307337269187 0.3044818714261055 0
      vertex 107.5307337269187 0.3044818714261055 1.2
      vertex 107.03527618199587 0.13629669696092606 1.2
    endloop
  endfacet
  facet normal 0.44228868998100634 -0.8968727416500544 0
    outer loop
      vertex 108 0.5358983874320984 0
      vertex 108 0.5358983874320984 1.2
      vertex 107.5307337269187 0.3044818714261055 1.2
    endloop
  endfacet
  facet normal 0.5555702302277683 -0.8314696141679891 0
    outer loop
      vertex 108.43504571914673 0.8265866413712502 0
      vertex 108.43504571914673 0.8265866413712502 1.2
      vertex 108 0.5358983874320984 1.2
    endloop
  endfacet
  facet normal 0.6593458228172265 -0.7518398007112116 0
    outer loop
      vertex 108.8284271210432 1.1715728789567947 0
      vertex 108.8284271210432 1.1715728789567947 1.2
      vertex 108.43504571914673 0.8265866413712502 1.2
    endloop
  endfacet
  facet normal 0.7518398007112116 -0.6593458228172265 0
    outer loop
      vertex 109.17341335862875 1.5649542808532715 0
      vertex 109.17341335862875 1.5649542808532715 1.2
      vertex 108.8284271210432 1.1715728789567947 1.2
    endloop
  endfacet
  facet normal 0.8314696141679891 -0.5555702302277683 0
    outer loop
      vertex 109.4641016125679 2 0
      vertex 109.4641016125679 2 1.2
      vertex 109.17341335862875 1.5649542808532715 1.2
    endloop
  endfacet
  facet normal 0.8968727416500544 -0.44228868998100634 0
    outer loop
      vertex 109.6955181285739 2.4692662730813026 0
      vertex 109.6955181285739 2.4692662730813026 1.2
      vertex 109.4641016125679 2 1.2
    endloop
  endfacet
  facet normal 0.9469301290558149 -0.3214394665972702 0
    outer loop
      vertex 109.86370330303907 2.9647238180041313 0
      vertex 109.86370330303907 2.9647238180041313 1.2
      vertex 109.6955181285739 2.4692662730813026 1.2
    endloop
  endfacet
  facet normal 0.9807852794583503 -0.1950903267663619 0
    outer loop
      vertex 109.96577944606543 3.4778952300548553 0
      vertex 109.96577944606543 3.4778952300548553 1.2
      vertex 109.86370330303907 2.9647238180041313 1.2
    endloop
  endfacet
  facet normal 0.9978589233184302 -0.06540312801222276 0
    outer loop
      vertex 110 4 0
      vertex 110 4 1.2
      vertex 109.96577944606543 3.4778952300548553 1.2
    endloop
  endfacet
  facet normal 0 0 1
    outer loop
      vertex 100 1.2000000000000002 1.2
      vertex 108.8284271210432 1.1715728789567947 1.2
      vertex 100.39157857666015 1.2256654158785691 1.2
    endloop
  endfacet
  facet normal 0 0 1
    outer loop
      vertex 100.39157857666015 1.2256654158785691 1.2
      vertex 108.8284271210432 1.1715728789567947 1.2
      vertex 100.77645713530757 1.3022225211327951 1.2
    endloop
  endfacet
  facet normal 0 0 1
    outer loop
      vertex 100.77645713530757 1.3022225211327951 1.2
      vertex 108.8284271210432 1.1715728789567947 1.2
      vertex 101.14805029709527 1.4283614024661402 1.2
    endloop
  endfacet
  facet normal 0 0 1
    outer loop
      vertex 101.14805029709527 1.4283614024661402 1.2
      vertex 109.17341335862875 1.5649542808532715 1.2
      vertex 101.5 1.6019237886466842 1.2
    endloop
  endfacet
  facet normal 0 0 1
    outer loop
      vertex 101.5 1.6019237886466842 1.2
      vertex 109.17341335862875 1.5649542808532715 1.2
      vertex 101.82628428702616 1.8199399791262945 1.2
    endloop
  endfacet
  facet normal 0 0 1
    outer loop
      vertex 101.82628428702616 1.8199399791262945 1.2
      vertex 109.4641016125679 2 1.2
      vertex 102.12132034355965 2.0786796564403573 1.2
    endloop
  endfacet
  facet normal 0 0 1
    outer loop
      vertex 101.14805029709527 1.4283614024661402 1.2
      vertex 108.8284271210432 1.1715728789567947 1.2
      vertex 109.17341335862875 1.5649542808532715 1.2
    endloop
  endfacet
  facet normal 0 0 1
    outer loop
      vertex 102.12132034355965 2.0786796564403573 1.2
      vertex 109.4641016125679 2 1.2
      vertex 102.3800600208737 2.373715712973838 1.2
    endloop
  endfacet
  facet normal 0 0 1
    outer loop
      vertex 102.3800600208737 2.373715712973838 1.2
      vertex 109.6955181285739 2.4692662730813026 1.2
      vertex 102.59807621135332 2.7 1.2
    endloop
  endfacet
  facet normal 0 0 1
    outer loop
      vertex 102.59807621135332 2.7 1.2
      vertex 109.86370330303907 2.9647238180041313 1.2
      vertex 102.77163859753387 3.051949702904731 1.2
    endloop
  endfacet
  facet normal 0 0 1
    outer loop
      vertex 102.77163859753387 3.051949702904731 1.2
      vertex 109.96577944606543 3.4778952300548553 1.2
      vertex 102.8977774788672 3.423542864692438 1.2
    endloop
  endfacet
  facet normal 0 0 1
    outer loop
      vertex 102.8977774788672 3.423542864692438 1.2
      vertex 109.96577944606543 3.4778952300548553 1.2
      vertex 102.97433458412144 3.8084214233398455 1.2
    endloop
  endfacet
  facet normal 0 0 1
    outer loop
      vertex 102.97433458412144 3.8084214233398455 1.2
      vertex 110 4 1.2
      vertex 103 4.2 1.2
    endloop
  endfacet
  facet normal 0 0 1
    outer loop
      vertex 106 0 1.2
      vertex 106.52210476994514 0.03422055393457413 1.2
      vertex 107.03527618199587 0.13629669696092606 1.2
    endloop
  endfacet
  facet normal 0 0 1
    outer loop
      vertex 101.82628428702616 1.8199399791262945 1.2
      vertex 109.17341335862875 1.5649542808532715 1.2
      vertex 109.4641016125679 2 1.2
    endloop
  endfacet
  facet normal 0 0 1
    outer loop
      vertex 102.3800600208737 2.373715712973838 1.2
      vertex 109.4641016125679 2 1.2
      vertex 109.6955181285739 2.4692662730813026 1.2
    endloop
  endfacet
  facet normal 0 0 1
    outer loop
      vertex 102.59807621135332 2.7 1.2
      vertex 109.6955181285739 2.4692662730813026 1.2
      vertex 109.86370330303907 2.9647238180041313 1.2
    endloop
  endfacet
  facet normal 0 0 1
    outer loop
      vertex 102.77163859753387 3.051949702904731 1.2
      vertex 109.86370330303907 2.9647238180041313 1.2
      vertex 109.96577944606543 3.4778952300548553 1.2
    endloop
  endfacet
  facet normal 0 0 1
    outer loop
      vertex 102.97433458412144 3.8084214233398455 1.2
      vertex 109.96577944606543 3.4778952300548553 1.2
      vertex 110 4 1.2
    endloop
  endfacet
  facet normal 0 0 1
    outer loop
      vertex 102.97433458412144 4.5915785766601545 1.2
      vertex 103 4.2 1.2
      vertex 110 4 1.2
    endloop
  endfacet
  facet normal 0 0 -1
    outer loop
      vertex 110 62 0
      vertex 68.38139685655695 6.508658361051298 0
      vertex 68.08534870719868 6.408163555923016 0
    endloop
  endfacet
  facet normal 0 0 -1
    outer loop
      vertex 110 62 0
      vertex 68.6880294772087 6.569651381540968 0
      vertex 68.38139685655695 6.508658361051298 0
    endloop
  endfacet
  facet normal 0 0 -1
    outer loop
      vertex 110 62 0
      vertex 69 6.59009900990099 0
      vertex 68.6880294772087 6.569651381540968 0
    endloop
  endfacet
  facet normal 0 0 -1
    outer loop
      vertex 110 62 0
      vertex 99.08534870719868 6.408163555923016 0
      vertex 69 6.59009900990099 0
    endloop
  endfacet
  facet normal 0 0 -1
    outer loop
      vertex 110 62 0
      vertex 102.0698864601343 5.395049504950496 0
      vertex 101.89619303313172 5.655000088739655 0
    endloop
  endfacet
  facet normal 0 0 -1
    outer loop
      vertex 110 62 0
      vertex 101.89619303313172 5.655000088739655 0
      vertex 101.69005521760825 5.890055217608244 0
    endloop
  endfacet
  facet normal 0 0 -1
    outer loop
      vertex 110 62 0
      vertex 101.69005521760825 5.890055217608244 0
      vertex 101.45500008873965 6.0961930331317244 0
    endloop
  endfacet
  facet normal 0 0 -1
    outer loop
      vertex 110 62 0
      vertex 102.36965138154098 4.511970522791292 0
      vertex 102.3086583610513 4.818603143443054 0
    endloop
  endfacet
  facet normal 0 0 -1
    outer loop
      vertex 110 62 0
      vertex 102.3086583610513 4.818603143443054 0
      vertex 102.20816355592302 5.114651292801313 0
    endloop
  endfacet
  facet normal 0 0 -1
    outer loop
      vertex 110 62 0
      vertex 102.20816355592302 5.114651292801313 0
      vertex 102.0698864601343 5.395049504950496 0
    endloop
  endfacet
  facet normal 0 0 -1
    outer loop
      vertex 110 4 0
      vertex 102.36965138154098 4.511970522791292 0
      vertex 110 62 0
    endloop
  endfacet
  facet normal 1 0 0
    outer loop
      vertex 110 4 0
      vertex 110 62 0
      vertex 110 4 1.2
    endloop
  endfacet
  facet normal 0 0 -1
    outer loop
      vertex 110 62 0
      vertex 99.38139685655695 6.508658361051298 0
      vertex 99.08534870719868 6.408163555923016 0
    endloop
  endfacet
  facet normal 0 0 -1
    outer loop
      vertex 110 62 0
      vertex 99.6880294772087 6.569651381540968 0
      vertex 99.38139685655695 6.508658361051298 0
    endloop
  endfacet
  facet normal 0 0 -1
    outer loop
      vertex 110 62 0
      vertex 100 6.59009900990099 0
      vertex 99.6880294772087 6.569651381540968 0
    endloop
  endfacet
  facet normal 0 0 -1
    outer loop
      vertex 110 62 0
      vertex 100.3119705227913 6.569651381540968 0
      vertex 100 6.59009900990099 0
    endloop
  endfacet
  facet normal 0 0 -1
    outer loop
      vertex 110 62 0
      vertex 100.91465129280132 6.408163555923016 0
      vertex 100.61860314344305 6.508658361051298 0
    endloop
  endfacet
  facet normal 0 0 -1
    outer loop
      vertex 110 62 0
      vertex 100.61860314344305 6.508658361051298 0
      vertex 100.3119705227913 6.569651381540968 0
    endloop
  endfacet
  facet normal 0 0 -1
    outer loop
      vertex 110 62 0
      vertex 101.1950495049505 6.269886460134292 0
      vertex 100.91465129280132 6.408163555923016 0
    endloop
  endfacet
  facet normal 0 0 -1
    outer loop
      vertex 110 62 0
      vertex 101.45500008873965 6.0961930331317244 0
      vertex 101.1950495049505 6.269886460134292 0
    endloop
  endfacet
  facet normal 0 0 1
    outer loop
      vertex 67.85194970290473 6.97163859753386 1.2
      vertex 68.22354286469243 7.097777478867205 1.2
      vertex 110 62 1.2
    endloop
  endfacet
  facet normal 0 0 1
    outer loop
      vertex 68.22354286469243 7.097777478867205 1.2
      vertex 68.60842142333985 7.174334584121431 1.2
      vertex 110 62 1.2
    endloop
  endfacet
  facet normal 0 0 1
    outer loop
      vertex 68.60842142333985 7.174334584121431 1.2
      vertex 69 7.2 1.2
      vertex 110 62 1.2
    endloop
  endfacet
  facet normal 0 0 1
    outer loop
      vertex 69 7.2 1.2
      vertex 69.39157857666015 7.174334584121431 1.2
      vertex 110 62 1.2
    endloop
  endfacet
  facet normal 0 0 1
    outer loop
      vertex 69.39157857666015 7.174334584121431 1.2
      vertex 98.85194970290473 6.97163859753386 1.2
      vertex 110 62 1.2
    endloop
  endfacet
  facet normal 0 0 1
    outer loop
      vertex 102.97433458412144 4.5915785766601545 1.2
      vertex 110 62 1.2
      vertex 102.8977774788672 4.976457135307562 1.2
    endloop
  endfacet
  facet normal 0 0 1
    outer loop
      vertex 102.8977774788672 4.976457135307562 1.2
      vertex 110 62 1.2
      vertex 102.77163859753387 5.34805029709527 1.2
    endloop
  endfacet
  facet normal 0 0 1
    outer loop
      vertex 102.77163859753387 5.34805029709527 1.2
      vertex 110 62 1.2
      vertex 102.59807621135332 5.7 1.2
    endloop
  endfacet
  facet normal 0 0 1
    outer loop
      vertex 102.3800600208737 6.026284287026162 1.2
      vertex 102.59807621135332 5.7 1.2
      vertex 110 62 1.2
    endloop
  endfacet
  facet normal 0 0 1
    outer loop
      vertex 102.97433458412144 4.5915785766601545 1.2
      vertex 110 4 1.2
      vertex 110 62 1.2
    endloop
  endfacet
  facet normal 0 0 1
    outer loop
      vertex 98.85194970290473 6.97163859753386 1.2
      vertex 99.22354286469243 7.097777478867205 1.2
      vertex 110 62 1.2
    endloop
  endfacet
  facet normal 0 0 1
    outer loop
      vertex 99.22354286469243 7.097777478867205 1.2
      vertex 99.60842142333985 7.174334584121431 1.2
      vertex 110 62 1.2
    endloop
  endfacet
  facet normal 0 0 1
    outer loop
      vertex 99.60842142333985 7.174334584121431 1.2
      vertex 100 7.2 1.2
      vertex 110 62 1.2
    endloop
  endfacet
  facet normal 0 0 1
    outer loop
      vertex 100 7.2 1.2
      vertex 100.39157857666015 7.174334584121431 1.2
      vertex 110 62 1.2
    endloop
  endfacet
  facet normal 0 0 1
    outer loop
      vertex 100.39157857666015 7.174334584121431 1.2
      vertex 100.77645713530757 7.097777478867205 1.2
      vertex 110 62 1.2
    endloop
  endfacet
  facet normal 0 0 1
    outer loop
      vertex 101.14805029709527 6.97163859753386 1.2
      vertex 101.5 6.798076211353316 1.2
      vertex 110 62 1.2
    endloop
  endfacet
  facet normal 0 0 1
    outer loop
      vertex 102.12132034355965 6.321320343559643 1.2
      vertex 110 62 1.2
      vertex 101.82628428702616 6.580060020873706 1.2
    endloop
  endfacet
  facet normal 0 0 1
    outer loop
      vertex 101.82628428702616 6.580060020873706 1.2
      vertex 110 62 1.2
      vertex 101.5 6.798076211353316 1.2
    endloop
  endfacet
  facet normal 0 0 1
    outer loop
      vertex 100.77645713530757 7.097777478867205 1.2
      vertex 101.14805029709527 6.97163859753386 1.2
      vertex 110 62 1.2
    endloop
  endfacet
  facet normal 0 0 1
    outer loop
      vertex 102.3800600208737 6.026284287026162 1.2
      vertex 110 62 1.2
      vertex 102.12132034355965 6.321320343559643 1.2
    endloop
  endfacet
  facet normal 0 0 -1
    outer loop
      vertex -2 4 0
      vertex 94.08534870719868 59.49183644407699 0
      vertex 94.38139685655695 59.3913416389487 0
    endloop
  endfacet
  facet normal 0 0 -1
    outer loop
      vertex -2 4 0
      vertex 94.38139685655695 59.3913416389487 0
      vertex 94.6880294772087 59.330348618459034 0
    endloop
  endfacet
  facet normal 0 0 -1
    outer loop
      vertex -2 4 0
      vertex 94.6880294772087 59.330348618459034 0
      vertex 95 59.30990099009902 0
    endloop
  endfacet
  facet normal 0 0 -1
    outer loop
      vertex -2 4 0
      vertex 95 59.30990099009902 0
      vertex 95.3119705227913 59.330348618459034 0
    endloop
  endfacet
  facet normal 0 0 -1
    outer loop
      vertex -2 4 0
      vertex 95.3119705227913 59.330348618459034 0
      vertex 95.61860314344305 59.3913416389487 0
    endloop
  endfacet
  facet normal 0 0 -1
    outer loop
      vertex -2 4 0
      vertex 95.61860314344305 59.3913416389487 0
      vertex 95.91465129280132 59.49183644407699 0
    endloop
  endfacet
  facet normal 0 0 -1
    outer loop
      vertex -2 4 0
      vertex 95.91465129280132 59.49183644407699 0
      vertex 96.1950495049505 59.63011353986571 0
    endloop
  endfacet
  facet normal 0 0 -1
    outer loop
      vertex -2 4 0
      vertex 96.1950495049505 59.63011353986571 0
      vertex 109.86370330303907 63.03527618199587 0
    endloop
  endfacet
  facet normal 0 0 -1
    outer loop
      vertex -1.9657794460654259 3.4778952300548553 0
      vertex 109.96577944606543 62.522104769945145 0
      vertex 110 62 0
    endloop
  endfacet
  facet normal 0 0 -1
    outer loop
      vertex -2 4 0
      vertex 109.86370330303907 63.03527618199587 0
      vertex 109.96577944606543 62.522104769945145 0
    endloop
  endfacet
  facet normal 0 0 1
    outer loop
      vertex -2 4 1.2
      vertex 94.22354286469243 58.8022225211328 1.2
      vertex 93.85194970290473 58.928361402466145 1.2
    endloop
  endfacet
  facet normal 0 0 1
    outer loop
      vertex -2 4 1.2
      vertex 94.60842142333985 58.725665415878574 1.2
      vertex 94.22354286469243 58.8022225211328 1.2
    endloop
  endfacet
  facet normal 0 0 1
    outer loop
      vertex -2 4 1.2
      vertex 95 58.7 1.2
      vertex 94.60842142333985 58.725665415878574 1.2
    endloop
  endfacet
  facet normal 0 0 1
    outer loop
      vertex -2 4 1.2
      vertex 95.39157857666015 58.725665415878574 1.2
      vertex 95 58.7 1.2
    endloop
  endfacet
  facet normal 0 0 1
    outer loop
      vertex -2 4 1.2
      vertex 95.77645713530757 58.8022225211328 1.2
      vertex 95.39157857666015 58.725665415878574 1.2
    endloop
  endfacet
  facet normal 0 0 1
    outer loop
      vertex -2 4 1.2
      vertex 109.86370330303907 63.03527618199587 1.2
      vertex 95.77645713530757 58.8022225211328 1.2
    endloop
  endfacet
  facet normal 0 0 1
    outer loop
      vertex -1.9657794460654259 3.4778952300548553 1.2
      vertex 110 62 1.2
      vertex 109.96577944606543 62.522104769945145 1.2
    endloop
  endfacet
  facet normal 0 0 1
    outer loop
      vertex -2 4 1.2
      vertex 109.96577944606543 62.522104769945145 1.2
      vertex 109.86370330303907 63.03527618199587 1.2
    endloop
  endfacet
  facet normal 0 0 -1
    outer loop
      vertex 40.91465129280132 59.49183644407699 0
      vertex 41.1950495049505 59.63011353986571 0
      vertex 94.08534870719868 59.49183644407699 0
    endloop
  endfacet
  facet normal 0 0 -1
    outer loop
      vertex 41.1950495049505 59.63011353986571 0
      vertex 41.45500008873965 59.80380696686828 0
      vertex 93.8049504950495 59.63011353986571 0
    endloop
  endfacet
  facet normal 0 0 -1
    outer loop
      vertex 41.45500008873965 59.80380696686828 0
      vertex 41.69005521760824 60.00994478239176 0
      vertex 93.54499991126035 59.80380696686828 0
    endloop
  endfacet
  facet normal 0 0 -1
    outer loop
      vertex 41.69005521760824 60.00994478239176 0
      vertex 41.89619303313172 60.24499991126035 0
      vertex 93.30994478239175 60.00994478239176 0
    endloop
  endfacet
  facet normal 0 0 -1
    outer loop
      vertex 41.89619303313172 60.24499991126035 0
      vertex 42.06988646013429 60.504950495049506 0
      vertex 93.10380696686828 60.24499991126035 0
    endloop
  endfacet
  facet normal 0 0 -1
    outer loop
      vertex 42.208163555923015 60.785348707198686 0
      vertex 92.9301135398657 60.504950495049506 0
      vertex 42.06988646013429 60.504950495049506 0
    endloop
  endfacet
  facet normal 0 0 -1
    outer loop
      vertex 42.3086583610513 61.08139685655694 0
      vertex 92.79183644407698 60.785348707198686 0
      vertex 42.208163555923015 60.785348707198686 0
    endloop
  endfacet
  facet normal 0 0 -1
    outer loop
      vertex 42.3086583610513 61.08139685655694 0
      vertex 42.36965138154097 61.38802947720871 0
      vertex 92.6913416389487 61.08139685655694 0
    endloop
  endfacet
  facet normal 0 0 -1
    outer loop
      vertex 42.36965138154097 61.38802947720871 0
      vertex 42.390099009900986 61.7 0
      vertex 92.63034861845902 61.38802947720871 0
    endloop
  endfacet
  facet normal 0 0 -1
    outer loop
      vertex 42.390099009900986 61.7 0
      vertex 42.36965138154097 62.011970522791295 0
      vertex 92.609900990099 61.7 0
    endloop
  endfacet
  facet normal 0 0 -1
    outer loop
      vertex 42.36965138154097 62.011970522791295 0
      vertex 42.3086583610513 62.31860314344306 0
      vertex 92.63034861845902 62.011970522791295 0
    endloop
  endfacet
  facet normal 0 0 -1
    outer loop
      vertex 42.208163555923015 62.61465129280132 0
      vertex 92.6913416389487 62.31860314344306 0
      vertex 42.3086583610513 62.31860314344306 0
    endloop
  endfacet
  facet normal 0 0 -1
    outer loop
      vertex 93.10380696686828 63.155000088739655 0
      vertex 42.208163555923015 62.61465129280132 0
      vertex 42.06988646013429 62.8950495049505 0
    endloop
  endfacet
  facet normal 0 0 -1
    outer loop
      vertex 41.89619303313172 63.155000088739655 0
      vertex 93.10380696686828 63.155000088739655 0
      vertex 42.06988646013429 62.8950495049505 0
    endloop
  endfacet
  facet normal 0 0 -1
    outer loop
      vertex 41.45500008873965 63.596193033131726 0
      vertex 93.8049504950495 63.769886460134295 0
      vertex 41.69005521760824 63.39005521760824 0
    endloop
  endfacet
  facet normal 0 0 -1
    outer loop
      vertex 93.8049504950495 63.769886460134295 0
      vertex 41.89619303313172 63.155000088739655 0
      vertex 41.69005521760824 63.39005521760824 0
    endloop
  endfacet
  facet normal 0 0 -1
    outer loop
      vertex 109.17341335862875 64.43504571914673 0
      vertex 41.45500008873965 63.596193033131726 0
      vertex 41.1950495049505 63.769886460134295 0
    endloop
  endfacet
  facet normal 0 0 -1
    outer loop
      vertex 108.8284271210432 64.8284271210432 0
      vertex 40.3119705227913 64.06965138154098 0
      vertex 40 64.090099009901 0
    endloop
  endfacet
  facet normal 0 0 -1
    outer loop
      vertex 108.8284271210432 64.8284271210432 0
      vertex 40.61860314344306 64.0086583610513 0
      vertex 40.3119705227913 64.06965138154098 0
    endloop
  endfacet
  facet normal 0 0 -1
    outer loop
      vertex 108.8284271210432 64.8284271210432 0
      vertex 40.91465129280132 63.90816355592302 0
      vertex 40.61860314344306 64.0086583610513 0
    endloop
  endfacet
  facet normal 0 0 -1
    outer loop
      vertex 109.17341335862875 64.43504571914673 0
      vertex 41.1950495049505 63.769886460134295 0
      vertex 40.91465129280132 63.90816355592302 0
    endloop
  endfacet
  facet normal 0 0 -1
    outer loop
      vertex 0.46926627308130264 65.6955181285739 0
      vertex 106 66 0
      vertex 106.52210476994514 65.96577944606543 0
    endloop
  endfacet
  facet normal 0 0 -1
    outer loop
      vertex -0.4350457191467285 65.17341335862875 0
      vertex 107.03527618199587 65.86370330303907 0
      vertex 107.5307337269187 65.6955181285739 0
    endloop
  endfacet
  facet normal 0 0 -1
    outer loop
      vertex 0 65.4641016125679 0
      vertex 106.52210476994514 65.96577944606543 0
      vertex 107.03527618199587 65.86370330303907 0
    endloop
  endfacet
  facet normal 0 0 -1
    outer loop
      vertex -1.4641016125679016 64 0
      vertex 108.43504571914673 65.17341335862875 0
      vertex 108.8284271210432 64.8284271210432 0
    endloop
  endfacet
  facet normal 0 0 -1
    outer loop
      vertex -1.1734133586287498 64.43504571914673 0
      vertex 108 65.4641016125679 0
      vertex 108.43504571914673 65.17341335862875 0
    endloop
  endfacet
  facet normal 0 0 -1
    outer loop
      vertex -0.8284271210432053 64.8284271210432 0
      vertex 107.5307337269187 65.6955181285739 0
      vertex 108 65.4641016125679 0
    endloop
  endfacet
  facet normal 0 0 -1
    outer loop
      vertex 41.45500008873965 59.80380696686828 0
      vertex 93.54499991126035 59.80380696686828 0
      vertex 93.8049504950495 59.63011353986571 0
    endloop
  endfacet
  facet normal 0 0 -1
    outer loop
      vertex 41.1950495049505 59.63011353986571 0
      vertex 93.8049504950495 59.63011353986571 0
      vertex 94.08534870719868 59.49183644407699 0
    endloop
  endfacet
  facet normal 0 0 -1
    outer loop
      vertex 41.69005521760824 60.00994478239176 0
      vertex 93.30994478239175 60.00994478239176 0
      vertex 93.54499991126035 59.80380696686828 0
    endloop
  endfacet
  facet normal 0 0 -1
    outer loop
      vertex 41.89619303313172 60.24499991126035 0
      vertex 93.10380696686828 60.24499991126035 0
      vertex 93.30994478239175 60.00994478239176 0
    endloop
  endfacet
  facet normal 0 0 -1
    outer loop
      vertex 42.06988646013429 60.504950495049506 0
      vertex 92.9301135398657 60.504950495049506 0
      vertex 93.10380696686828 60.24499991126035 0
    endloop
  endfacet
  facet normal 0 0 -1
    outer loop
      vertex 42.208163555923015 60.785348707198686 0
      vertex 92.79183644407698 60.785348707198686 0
      vertex 92.9301135398657 60.504950495049506 0
    endloop
  endfacet
  facet normal 0 0 -1
    outer loop
      vertex 42.3086583610513 61.08139685655694 0
      vertex 92.6913416389487 61.08139685655694 0
      vertex 92.79183644407698 60.785348707198686 0
    endloop
  endfacet
  facet normal 0 0 -1
    outer loop
      vertex 42.36965138154097 61.38802947720871 0
      vertex 92.63034861845902 61.38802947720871 0
      vertex 92.6913416389487 61.08139685655694 0
    endloop
  endfacet
  facet normal 0 0 -1
    outer loop
      vertex 42.390099009900986 61.7 0
      vertex 92.609900990099 61.7 0
      vertex 92.63034861845902 61.38802947720871 0
    endloop
  endfacet
  facet normal 0 0 -1
    outer loop
      vertex 42.36965138154097 62.011970522791295 0
      vertex 92.63034861845902 62.011970522791295 0
      vertex 92.609900990099 61.7 0
    endloop
  endfacet
  facet normal 0 0 -1
    outer loop
      vertex 42.3086583610513 62.31860314344306 0
      vertex 92.6913416389487 62.31860314344306 0
      vertex 92.63034861845902 62.011970522791295 0
    endloop
  endfacet
  facet normal 0 0 -1
    outer loop
      vertex 42.208163555923015 62.61465129280132 0
      vertex 92.79183644407698 62.61465129280132 0
      vertex 92.6913416389487 62.31860314344306 0
    endloop
  endfacet
  facet normal 0 0 -1
    outer loop
      vertex 42.208163555923015 62.61465129280132 0
      vertex 92.9301135398657 62.8950495049505 0
      vertex 92.79183644407698 62.61465129280132 0
    endloop
  endfacet
  facet normal 0 0 -1
    outer loop
      vertex 42.208163555923015 62.61465129280132 0
      vertex 93.10380696686828 63.155000088739655 0
      vertex 92.9301135398657 62.8950495049505 0
    endloop
  endfacet
  facet normal 0 0 -1
    outer loop
      vertex 41.89619303313172 63.155000088739655 0
      vertex 93.30994478239175 63.39005521760824 0
      vertex 93.10380696686828 63.155000088739655 0
    endloop
  endfacet
  facet normal 0 0 -1
    outer loop
      vertex 41.89619303313172 63.155000088739655 0
      vertex 93.54499991126035 63.596193033131726 0
      vertex 93.30994478239175 63.39005521760824 0
    endloop
  endfacet
  facet normal 0 0 -1
    outer loop
      vertex 41.89619303313172 63.155000088739655 0
      vertex 93.8049504950495 63.769886460134295 0
      vertex 93.54499991126035 63.596193033131726 0
    endloop
  endfacet
  facet normal 0 0 -1
    outer loop
      vertex 41.45500008873965 63.596193033131726 0
      vertex 94.08534870719868 63.90816355592302 0
      vertex 93.8049504950495 63.769886460134295 0
    endloop
  endfacet
  facet normal 0 0 -1
    outer loop
      vertex 41.45500008873965 63.596193033131726 0
      vertex 94.38139685655695 64.0086583610513 0
      vertex 94.08534870719868 63.90816355592302 0
    endloop
  endfacet
  facet normal 0 0 -1
    outer loop
      vertex 41.45500008873965 63.596193033131726 0
      vertex 94.6880294772087 64.06965138154098 0
      vertex 94.38139685655695 64.0086583610513 0
    endloop
  endfacet
  facet normal 0 0 -1
    outer loop
      vertex 41.45500008873965 63.596193033131726 0
      vertex 95 64.090099009901 0
      vertex 94.6880294772087 64.06965138154098 0
    endloop
  endfacet
  facet normal 0 0 -1
    outer loop
      vertex 109.17341335862875 64.43504571914673 0
      vertex 95 64.090099009901 0
      vertex 41.45500008873965 63.596193033131726 0
    endloop
  endfacet
  facet normal 0 1 0
    outer loop
      vertex 2 66 0
      vertex 106 66 1.2
      vertex 106 66 0
    endloop
  endfacet
  facet normal 0 0 1
    outer loop
      vertex 41.14805029709527 58.928361402466145 1.2
      vertex 93.85194970290473 58.928361402466145 1.2
      vertex 41.5 59.10192378864669 1.2
    endloop
  endfacet
  facet normal 0 0 1
    outer loop
      vertex 41.5 59.10192378864669 1.2
      vertex 93.5 59.10192378864669 1.2
      vertex 41.82628428702616 59.319939979126296 1.2
    endloop
  endfacet
  facet normal 0 0 1
    outer loop
      vertex 41.82628428702616 59.319939979126296 1.2
      vertex 92.87867965644035 59.57867965644036 1.2
      vertex 42.121320343559645 59.57867965644036 1.2
    endloop
  endfacet
  facet normal 0 0 1
    outer loop
      vertex 42.121320343559645 59.57867965644036 1.2
      vertex 92.87867965644035 59.57867965644036 1.2
      vertex 42.38006002087371 59.87371571297384 1.2
    endloop
  endfacet
  facet normal 0 0 1
    outer loop
      vertex 42.38006002087371 59.87371571297384 1.2
      vertex 92.40192378864668 60.2 1.2
      vertex 42.598076211353316 60.2 1.2
    endloop
  endfacet
  facet normal 0 0 1
    outer loop
      vertex 42.598076211353316 60.2 1.2
      vertex 92.22836140246613 60.551949702904736 1.2
      vertex 42.77163859753386 60.551949702904736 1.2
    endloop
  endfacet
  facet normal 0 0 1
    outer loop
      vertex 42.77163859753386 60.551949702904736 1.2
      vertex 92.22836140246613 60.551949702904736 1.2
      vertex 42.897777478867205 60.92354286469244 1.2
    endloop
  endfacet
  facet normal 0 0 1
    outer loop
      vertex 42.897777478867205 60.92354286469244 1.2
      vertex 92.02566541587856 61.30842142333985 1.2
      vertex 42.97433458412143 61.30842142333985 1.2
    endloop
  endfacet
  facet normal 0 0 1
    outer loop
      vertex 42.97433458412143 61.30842142333985 1.2
      vertex 92.02566541587856 61.30842142333985 1.2
      vertex 43 61.7 1.2
    endloop
  endfacet
  facet normal 0 0 1
    outer loop
      vertex 43 61.7 1.2
      vertex 92.02566541587856 62.091578576660154 1.2
      vertex 42.97433458412143 62.091578576660154 1.2
    endloop
  endfacet
  facet normal 0 0 1
    outer loop
      vertex 42.97433458412143 62.091578576660154 1.2
      vertex 92.40192378864668 63.2 1.2
      vertex 42.897777478867205 62.47645713530756 1.2
    endloop
  endfacet
  facet normal 0 0 1
    outer loop
      vertex 42.897777478867205 62.47645713530756 1.2
      vertex 92.6199399791263 63.526284287026165 1.2
      vertex 42.77163859753386 62.84805029709527 1.2
    endloop
  endfacet
  facet normal 0 0 1
    outer loop
      vertex 42.77163859753386 62.84805029709527 1.2
      vertex 92.87867965644035 63.82132034355965 1.2
      vertex 42.598076211353316 63.2 1.2
    endloop
  endfacet
  facet normal 0 0 1
    outer loop
      vertex 42.598076211353316 63.2 1.2
      vertex 93.17371571297384 64.0800600208737 1.2
      vertex 42.38006002087371 63.526284287026165 1.2
    endloop
  endfacet
  facet normal 0 0 1
    outer loop
      vertex 42.121320343559645 63.82132034355965 1.2
      vertex 42.38006002087371 63.526284287026165 1.2
      vertex 93.85194970290473 64.47163859753387 1.2
    endloop
  endfacet
  facet normal 0 0 1
    outer loop
      vertex 42.121320343559645 63.82132034355965 1.2
      vertex 94.60842142333985 64.67433458412144 1.2
      vertex 41.82628428702616 64.0800600208737 1.2
    endloop
  endfacet
  facet normal 0 0 1
    outer loop
      vertex 41.5 64.29807621135332 1.2
      vertex 41.82628428702616 64.0800600208737 1.2
      vertex 94.60842142333985 64.67433458412144 1.2
    endloop
  endfacet
  facet normal 0 0 1
    outer loop
      vertex 40 64.7 1.2
      vertex 40.39157857666015 64.67433458412144 1.2
      vertex 108.43504571914673 65.17341335862875 1.2
    endloop
  endfacet
  facet normal 0 0 1
    outer loop
      vertex 40.39157857666015 64.67433458412144 1.2
      vertex 40.77645713530756 64.59777747886721 1.2
      vertex 108.43504571914673 65.17341335862875 1.2
    endloop
  endfacet
  facet normal 0 0 1
    outer loop
      vertex 40.77645713530756 64.59777747886721 1.2
      vertex 41.14805029709527 64.47163859753387 1.2
      vertex 108.43504571914673 65.17341335862875 1.2
    endloop
  endfacet
  facet normal 0 0 1
    outer loop
      vertex 41.5 64.29807621135332 1.2
      vertex 108.43504571914673 65.17341335862875 1.2
      vertex 41.14805029709527 64.47163859753387 1.2
    endloop
  endfacet
  facet normal 0 0 1
    outer loop
      vertex 0.46926627308130264 65.6955181285739 1.2
      vertex 106.52210476994514 65.96577944606543 1.2
      vertex 106 66 1.2
    endloop
  endfacet
  facet normal 0 0 1
    outer loop
      vertex -0.4350457191467285 65.17341335862875 1.2
      vertex 107.5307337269187 65.6955181285739 1.2
      vertex 107.03527618199587 65.86370330303907 1.2
    endloop
  endfacet
  facet normal 0 0 1
    outer loop
      vertex 0 65.4641016125679 1.2
      vertex 107.03527618199587 65.86370330303907 1.2
      vertex 106.52210476994514 65.96577944606543 1.2
    endloop
  endfacet
  facet normal 0 0 1
    outer loop
      vertex -1.1734133586287498 64.43504571914673 1.2
      vertex 108.43504571914673 65.17341335862875 1.2
      vertex 108 65.4641016125679 1.2
    endloop
  endfacet
  facet normal 0 0 1
    outer loop
      vertex -0.8284271210432053 64.8284271210432 1.2
      vertex 108 65.4641016125679 1.2
      vertex 107.5307337269187 65.6955181285739 1.2
    endloop
  endfacet
  facet normal 0 0 1
    outer loop
      vertex 41.5 59.10192378864669 1.2
      vertex 93.85194970290473 58.928361402466145 1.2
      vertex 93.5 59.10192378864669 1.2
    endloop
  endfacet
  facet normal 0 0 1
    outer loop
      vertex 41.82628428702616 59.319939979126296 1.2
      vertex 93.5 59.10192378864669 1.2
      vertex 93.17371571297384 59.319939979126296 1.2
    endloop
  endfacet
  facet normal 0 0 1
    outer loop
      vertex 41.82628428702616 59.319939979126296 1.2
      vertex 93.17371571297384 59.319939979126296 1.2
      vertex 92.87867965644035 59.57867965644036 1.2
    endloop
  endfacet
  facet normal 0 0 1
    outer loop
      vertex 42.38006002087371 59.87371571297384 1.2
      vertex 92.87867965644035 59.57867965644036 1.2
      vertex 92.6199399791263 59.87371571297384 1.2
    endloop
  endfacet
  facet normal 0 0 1
    outer loop
      vertex 42.38006002087371 59.87371571297384 1.2
      vertex 92.6199399791263 59.87371571297384 1.2
      vertex 92.40192378864668 60.2 1.2
    endloop
  endfacet
  facet normal 0 0 1
    outer loop
      vertex 42.598076211353316 60.2 1.2
      vertex 92.40192378864668 60.2 1.2
      vertex 92.22836140246613 60.551949702904736 1.2
    endloop
  endfacet
  facet normal 0 0 1
    outer loop
      vertex 42.897777478867205 60.92354286469244 1.2
      vertex 92.22836140246613 60.551949702904736 1.2
      vertex 92.1022225211328 60.92354286469244 1.2
    endloop
  endfacet
  facet normal 0 0 1
    outer loop
      vertex 42.897777478867205 60.92354286469244 1.2
      vertex 92.1022225211328 60.92354286469244 1.2
      vertex 92.02566541587856 61.30842142333985 1.2
    endloop
  endfacet
  facet normal 0 0 1
    outer loop
      vertex 43 61.7 1.2
      vertex 92.02566541587856 61.30842142333985 1.2
      vertex 92 61.7 1.2
    endloop
  endfacet
  facet normal 0 0 1
    outer loop
      vertex 43 61.7 1.2
      vertex 92 61.7 1.2
      vertex 92.02566541587856 62.091578576660154 1.2
    endloop
  endfacet
  facet normal 0 0 1
    outer loop
      vertex 42.97433458412143 62.091578576660154 1.2
      vertex 92.02566541587856 62.091578576660154 1.2
      vertex 92.1022225211328 62.47645713530756 1.2
    endloop
  endfacet
  facet normal 0 0 1
    outer loop
      vertex 42.97433458412143 62.091578576660154 1.2
      vertex 92.1022225211328 62.47645713530756 1.2
      vertex 92.22836140246613 62.84805029709527 1.2
    endloop
  endfacet
  facet normal 0 0 1
    outer loop
      vertex 42.97433458412143 62.091578576660154 1.2
      vertex 92.22836140246613 62.84805029709527 1.2
      vertex 92.40192378864668 63.2 1.2
    endloop
  endfacet
  facet normal 0 0 1
    outer loop
      vertex 42.897777478867205 62.47645713530756 1.2
      vertex 92.40192378864668 63.2 1.2
      vertex 92.6199399791263 63.526284287026165 1.2
    endloop
  endfacet
  facet normal 0 0 1
    outer loop
      vertex 42.77163859753386 62.84805029709527 1.2
      vertex 92.6199399791263 63.526284287026165 1.2
      vertex 92.87867965644035 63.82132034355965 1.2
    endloop
  endfacet
  facet normal 0 0 1
    outer loop
      vertex 42.598076211353316 63.2 1.2
      vertex 92.87867965644035 63.82132034355965 1.2
      vertex 93.17371571297384 64.0800600208737 1.2
    endloop
  endfacet
  facet normal 0 0 1
    outer loop
      vertex 42.38006002087371 63.526284287026165 1.2
      vertex 93.17371571297384 64.0800600208737 1.2
      vertex 93.5 64.29807621135332 1.2
    endloop
  endfacet
  facet normal 0 0 1
    outer loop
      vertex 42.38006002087371 63.526284287026165 1.2
      vertex 93.5 64.29807621135332 1.2
      vertex 93.85194970290473 64.47163859753387 1.2
    endloop
  endfacet
  facet normal 0 0 1
    outer loop
      vertex 42.121320343559645 63.82132034355965 1.2
      vertex 93.85194970290473 64.47163859753387 1.2
      vertex 94.22354286469243 64.59777747886721 1.2
    endloop
  endfacet
  facet normal 0 0 1
    outer loop
      vertex 42.121320343559645 63.82132034355965 1.2
      vertex 94.22354286469243 64.59777747886721 1.2
      vertex 94.60842142333985 64.67433458412144 1.2
    endloop
  endfacet
  facet normal 0 0 1
    outer loop
      vertex 41.5 64.29807621135332 1.2
      vertex 94.60842142333985 64.67433458412144 1.2
      vertex 95 64.7 1.2
    endloop
  endfacet
  facet normal 0 0 1
    outer loop
      vertex 41.5 64.29807621135332 1.2
      vertex 95 64.7 1.2
      vertex 108.8284271210432 64.8284271210432 1.2
    endloop
  endfacet
  facet normal 1 0 0
    outer loop
      vertex 110 4 1.2
      vertex 110 62 0
      vertex 110 62 1.2
    endloop
  endfacet
  facet normal 0 0 -1
    outer loop
      vertex 108.8284271210432 64.8284271210432 0
      vertex 109.17341335862875 64.43504571914673 0
      vertex 40.91465129280132 63.90816355592302 0
    endloop
  endfacet
  facet normal 0 0 -1
    outer loop
      vertex 109.86370330303907 63.03527618199587 0
      vertex 96.1950495049505 59.63011353986571 0
      vertex 96.45500008873965 59.80380696686828 0
    endloop
  endfacet
  facet normal 0 0 -1
    outer loop
      vertex 109.86370330303907 63.03527618199587 0
      vertex 96.45500008873965 59.80380696686828 0
      vertex 96.69005521760825 60.00994478239176 0
    endloop
  endfacet
  facet normal 0 0 -1
    outer loop
      vertex 109.86370330303907 63.03527618199587 0
      vertex 96.69005521760825 60.00994478239176 0
      vertex 96.89619303313172 60.24499991126035 0
    endloop
  endfacet
  facet normal 0 0 -1
    outer loop
      vertex 109.86370330303907 63.03527618199587 0
      vertex 96.89619303313172 60.24499991126035 0
      vertex 97.0698864601343 60.504950495049506 0
    endloop
  endfacet
  facet normal 0 0 -1
    outer loop
      vertex 109.86370330303907 63.03527618199587 0
      vertex 97.0698864601343 60.504950495049506 0
      vertex 97.20816355592302 60.785348707198686 0
    endloop
  endfacet
  facet normal 0 0 -1
    outer loop
      vertex 109.86370330303907 63.03527618199587 0
      vertex 97.20816355592302 60.785348707198686 0
      vertex 97.3086583610513 61.08139685655694 0
    endloop
  endfacet
  facet normal 0 0 -1
    outer loop
      vertex 109.86370330303907 63.03527618199587 0
      vertex 97.3086583610513 61.08139685655694 0
      vertex 97.36965138154098 61.38802947720871 0
    endloop
  endfacet
  facet normal 0 0 -1
    outer loop
      vertex 109.6955181285739 63.5307337269187 0
      vertex 96.89619303313172 63.155000088739655 0
      vertex 96.69005521760825 63.39005521760824 0
    endloop
  endfacet
  facet normal 0 0 -1
    outer loop
      vertex 109.4641016125679 64 0
      vertex 96.1950495049505 63.769886460134295 0
      vertex 95.91465129280132 63.90816355592302 0
    endloop
  endfacet
  facet normal 0 0 -1
    outer loop
      vertex 109.4641016125679 64 0
      vertex 96.45500008873965 63.596193033131726 0
      vertex 96.1950495049505 63.769886460134295 0
    endloop
  endfacet
  facet normal 0 0 -1
    outer loop
      vertex 109.6955181285739 63.5307337269187 0
      vertex 96.69005521760825 63.39005521760824 0
      vertex 96.45500008873965 63.596193033131726 0
    endloop
  endfacet
  facet normal 0 0 -1
    outer loop
      vertex 109.86370330303907 63.03527618199587 0
      vertex 97.36965138154098 61.38802947720871 0
      vertex 97.390099009901 61.7 0
    endloop
  endfacet
  facet normal 0 0 -1
    outer loop
      vertex 109.86370330303907 63.03527618199587 0
      vertex 97.390099009901 61.7 0
      vertex 97.36965138154098 62.011970522791295 0
    endloop
  endfacet
  facet normal 0 0 -1
    outer loop
      vertex 109.86370330303907 63.03527618199587 0
      vertex 97.36965138154098 62.011970522791295 0
      vertex 97.3086583610513 62.31860314344306 0
    endloop
  endfacet
  facet normal 0 0 -1
    outer loop
      vertex 109.86370330303907 63.03527618199587 0
      vertex 97.3086583610513 62.31860314344306 0
      vertex 97.20816355592302 62.61465129280132 0
    endloop
  endfacet
  facet normal 0 0 -1
    outer loop
      vertex 109.86370330303907 63.03527618199587 0
      vertex 97.20816355592302 62.61465129280132 0
      vertex 97.0698864601343 62.8950495049505 0
    endloop
  endfacet
  facet normal 0 0 -1
    outer loop
      vertex 109.86370330303907 63.03527618199587 0
      vertex 97.0698864601343 62.8950495049505 0
      vertex 96.89619303313172 63.155000088739655 0
    endloop
  endfacet
  facet normal 0 0 -1
    outer loop
      vertex 109.17341335862875 64.43504571914673 0
      vertex 95.3119705227913 64.06965138154098 0
      vertex 95 64.090099009901 0
    endloop
  endfacet
  facet normal 0 0 -1
    outer loop
      vertex 109.17341335862875 64.43504571914673 0
      vertex 95.61860314344305 64.0086583610513 0
      vertex 95.3119705227913 64.06965138154098 0
    endloop
  endfacet
  facet normal 0 0 -1
    outer loop
      vertex 109.17341335862875 64.43504571914673 0
      vertex 95.91465129280132 63.90816355592302 0
      vertex 95.61860314344305 64.0086583610513 0
    endloop
  endfacet
  facet normal 0 0 -1
    outer loop
      vertex 109.86370330303907 63.03527618199587 0
      vertex 96.89619303313172 63.155000088739655 0
      vertex 109.6955181285739 63.5307337269187 0
    endloop
  endfacet
  facet normal 0 0 -1
    outer loop
      vertex 109.6955181285739 63.5307337269187 0
      vertex 96.45500008873965 63.596193033131726 0
      vertex 109.4641016125679 64 0
    endloop
  endfacet
  facet normal 0 0 -1
    outer loop
      vertex 109.4641016125679 64 0
      vertex 95.91465129280132 63.90816355592302 0
      vertex 109.17341335862875 64.43504571914673 0
    endloop
  endfacet
  facet normal 0.06540312801222276 0.9978589233184302 0
    outer loop
      vertex 106 66 0
      vertex 106.52210476994514 65.96577944606543 1.2
      vertex 106.52210476994514 65.96577944606543 0
    endloop
  endfacet
  facet normal 0.9978589233184302 0.06540312801222276 0
    outer loop
      vertex 110 62 0
      vertex 109.96577944606543 62.522104769945145 0
      vertex 110 62 1.2
    endloop
  endfacet
  facet normal 0.9807852794583503 0.1950903267663619 0
    outer loop
      vertex 109.96577944606543 62.522104769945145 0
      vertex 109.86370330303907 63.03527618199587 0
      vertex 109.96577944606543 62.522104769945145 1.2
    endloop
  endfacet
  facet normal 0.9469301290558149 0.3214394665972702 0
    outer loop
      vertex 109.86370330303907 63.03527618199587 0
      vertex 109.6955181285739 63.5307337269187 0
      vertex 109.86370330303907 63.03527618199587 1.2
    endloop
  endfacet
  facet normal 0.8968727416500544 0.44228868998100634 0
    outer loop
      vertex 109.6955181285739 63.5307337269187 0
      vertex 109.4641016125679 64 0
      vertex 109.6955181285739 63.5307337269187 1.2
    endloop
  endfacet
  facet normal 0.1950903267663619 0.9807852794583503 0
    outer loop
      vertex 106.52210476994514 65.96577944606543 0
      vertex 107.03527618199587 65.86370330303907 1.2
      vertex 107.03527618199587 65.86370330303907 0
    endloop
  endfacet
  facet normal 0.3214394665972702 0.9469301290558149 0
    outer loop
      vertex 107.03527618199587 65.86370330303907 0
      vertex 107.5307337269187 65.6955181285739 1.2
      vertex 107.5307337269187 65.6955181285739 0
    endloop
  endfacet
  facet normal 0.44228868998100634 0.8968727416500544 0
    outer loop
      vertex 108 65.4641016125679 0
      vertex 107.5307337269187 65.6955181285739 0
      vertex 108 65.4641016125679 1.2
    endloop
  endfacet
  facet normal 0.7518398007112116 0.6593458228172265 0
    outer loop
      vertex 108.8284271210432 64.8284271210432 0
      vertex 109.17341335862875 64.43504571914673 1.2
      vertex 109.17341335862875 64.43504571914673 0
    endloop
  endfacet
  facet normal 0.6593458228172265 0.7518398007112116 0
    outer loop
      vertex 108.8284271210432 64.8284271210432 0
      vertex 108.43504571914673 65.17341335862875 0
      vertex 108.8284271210432 64.8284271210432 1.2
    endloop
  endfacet
  facet normal 0.8314696141679891 0.5555702302277683 0
    outer loop
      vertex 109.4641016125679 64 0
      vertex 109.17341335862875 64.43504571914673 0
      vertex 109.4641016125679 64 1.2
    endloop
  endfacet
  facet normal 0.5555702302277683 0.8314696141679891 0
    outer loop
      vertex 108 65.4641016125679 0
      vertex 108.43504571914673 65.17341335862875 1.2
      vertex 108.43504571914673 65.17341335862875 0
    endloop
  endfacet
  facet normal 0 0 1
    outer loop
      vertex 41.5 64.29807621135332 1.2
      vertex 108.8284271210432 64.8284271210432 1.2
      vertex 108.43504571914673 65.17341335862875 1.2
    endloop
  endfacet
  facet normal 0.06540312801222276 0.9978589233184302 0
    outer loop
      vertex 106 66 0
      vertex 106 66 1.2
      vertex 106.52210476994514 65.96577944606543 1.2
    endloop
  endfacet
  facet normal 0.9978589233184302 0.06540312801222276 0
    outer loop
      vertex 109.96577944606543 62.522104769945145 0
      vertex 109.96577944606543 62.522104769945145 1.2
      vertex 110 62 1.2
    endloop
  endfacet
  facet normal 0.9807852794583503 0.1950903267663619 0
    outer loop
      vertex 109.86370330303907 63.03527618199587 0
      vertex 109.86370330303907 63.03527618199587 1.2
      vertex 109.96577944606543 62.522104769945145 1.2
    endloop
  endfacet
  facet normal 0.9469301290558149 0.3214394665972702 0
    outer loop
      vertex 109.6955181285739 63.5307337269187 0
      vertex 109.6955181285739 63.5307337269187 1.2
      vertex 109.86370330303907 63.03527618199587 1.2
    endloop
  endfacet
  facet normal 0.8968727416500544 0.44228868998100634 0
    outer loop
      vertex 109.4641016125679 64 0
      vertex 109.4641016125679 64 1.2
      vertex 109.6955181285739 63.5307337269187 1.2
    endloop
  endfacet
  facet normal 0.1950903267663619 0.9807852794583503 0
    outer loop
      vertex 106.52210476994514 65.96577944606543 0
      vertex 106.52210476994514 65.96577944606543 1.2
      vertex 107.03527618199587 65.86370330303907 1.2
    endloop
  endfacet
  facet normal 0.3214394665972702 0.9469301290558149 0
    outer loop
      vertex 107.03527618199587 65.86370330303907 0
      vertex 107.03527618199587 65.86370330303907 1.2
      vertex 107.5307337269187 65.6955181285739 1.2
    endloop
  endfacet
  facet normal 0.5555702302277683 0.8314696141679891 0
    outer loop
      vertex 108 65.4641016125679 0
      vertex 108 65.4641016125679 1.2
      vertex 108.43504571914673 65.17341335862875 1.2
    endloop
  endfacet
  facet normal 0.44228868998100634 0.8968727416500544 0
    outer loop
      vertex 107.5307337269187 65.6955181285739 0
      vertex 107.5307337269187 65.6955181285739 1.2
      vertex 108 65.4641016125679 1.2
    endloop
  endfacet
  facet normal 0.7518398007112116 0.6593458228172265 0
    outer loop
      vertex 108.8284271210432 64.8284271210432 0
      vertex 108.8284271210432 64.8284271210432 1.2
      vertex 109.17341335862875 64.43504571914673 1.2
    endloop
  endfacet
  facet normal 0.8314696141679891 0.5555702302277683 0
    outer loop
      vertex 109.17341335862875 64.43504571914673 0
      vertex 109.17341335862875 64.43504571914673 1.2
      vertex 109.4641016125679 64 1.2
    endloop
  endfacet
  facet normal 0.6593458228172265 0.7518398007112116 0
    outer loop
      vertex 108.43504571914673 65.17341335862875 0
      vertex 108.43504571914673 65.17341335862875 1.2
      vertex 108.8284271210432 64.8284271210432 1.2
    endloop
  endfacet
  facet normal 0 0 1
    outer loop
      vertex 95.77645713530757 58.8022225211328 1.2
      vertex 109.86370330303907 63.03527618199587 1.2
      vertex 96.14805029709527 58.928361402466145 1.2
    endloop
  endfacet
  facet normal 0 0 1
    outer loop
      vertex 96.14805029709527 58.928361402466145 1.2
      vertex 109.86370330303907 63.03527618199587 1.2
      vertex 96.5 59.10192378864669 1.2
    endloop
  endfacet
  facet normal 0 0 1
    outer loop
      vertex 96.5 59.10192378864669 1.2
      vertex 109.86370330303907 63.03527618199587 1.2
      vertex 96.82628428702616 59.319939979126296 1.2
    endloop
  endfacet
  facet normal 0 0 1
    outer loop
      vertex 96.82628428702616 59.319939979126296 1.2
      vertex 109.86370330303907 63.03527618199587 1.2
      vertex 97.12132034355965 59.57867965644036 1.2
    endloop
  endfacet
  facet normal 0 0 1
    outer loop
      vertex 97.12132034355965 59.57867965644036 1.2
      vertex 109.86370330303907 63.03527618199587 1.2
      vertex 97.3800600208737 59.87371571297384 1.2
    endloop
  endfacet
  facet normal 0 0 1
    outer loop
      vertex 97.3800600208737 59.87371571297384 1.2
      vertex 109.86370330303907 63.03527618199587 1.2
      vertex 97.59807621135332 60.2 1.2
    endloop
  endfacet
  facet normal 0 0 1
    outer loop
      vertex 97.59807621135332 60.2 1.2
      vertex 109.86370330303907 63.03527618199587 1.2
      vertex 97.77163859753387 60.551949702904736 1.2
    endloop
  endfacet
  facet normal 0 0 1
    outer loop
      vertex 97.77163859753387 60.551949702904736 1.2
      vertex 109.86370330303907 63.03527618199587 1.2
      vertex 97.8977774788672 60.92354286469244 1.2
    endloop
  endfacet
  facet normal 0 0 1
    outer loop
      vertex 97.8977774788672 60.92354286469244 1.2
      vertex 109.86370330303907 63.03527618199587 1.2
      vertex 97.97433458412144 61.30842142333985 1.2
    endloop
  endfacet
  facet normal 0 0 1
    outer loop
      vertex 97.97433458412144 61.30842142333985 1.2
      vertex 109.86370330303907 63.03527618199587 1.2
      vertex 98 61.7 1.2
    endloop
  endfacet
  facet normal 0 0 1
    outer loop
      vertex 98 61.7 1.2
      vertex 109.86370330303907 63.03527618199587 1.2
      vertex 97.97433458412144 62.091578576660154 1.2
    endloop
  endfacet
  facet normal 0 0 1
    outer loop
      vertex 97.97433458412144 62.091578576660154 1.2
      vertex 109.86370330303907 63.03527618199587 1.2
      vertex 97.8977774788672 62.47645713530756 1.2
    endloop
  endfacet
  facet normal 0 0 1
    outer loop
      vertex 97.8977774788672 62.47645713530756 1.2
      vertex 109.86370330303907 63.03527618199587 1.2
      vertex 97.77163859753387 62.84805029709527 1.2
    endloop
  endfacet
  facet normal 0 0 1
    outer loop
      vertex 97.59807621135332 63.2 1.2
      vertex 97.77163859753387 62.84805029709527 1.2
      vertex 109.6955181285739 63.5307337269187 1.2
    endloop
  endfacet
  facet normal 0 0 1
    outer loop
      vertex 97.59807621135332 63.2 1.2
      vertex 109.4641016125679 64 1.2
      vertex 97.3800600208737 63.526284287026165 1.2
    endloop
  endfacet
  facet normal 0 0 1
    outer loop
      vertex 97.12132034355965 63.82132034355965 1.2
      vertex 97.3800600208737 63.526284287026165 1.2
      vertex 109.4641016125679 64 1.2
    endloop
  endfacet
  facet normal 0 0 1
    outer loop
      vertex 95 64.7 1.2
      vertex 95.39157857666015 64.67433458412144 1.2
      vertex 108.8284271210432 64.8284271210432 1.2
    endloop
  endfacet
  facet normal 0 0 1
    outer loop
      vertex 95.39157857666015 64.67433458412144 1.2
      vertex 95.77645713530757 64.59777747886721 1.2
      vertex 108.8284271210432 64.8284271210432 1.2
    endloop
  endfacet
  facet normal 0 0 1
    outer loop
      vertex 95.77645713530757 64.59777747886721 1.2
      vertex 96.14805029709527 64.47163859753387 1.2
      vertex 108.8284271210432 64.8284271210432 1.2
    endloop
  endfacet
  facet normal 0 0 1
    outer loop
      vertex 97.12132034355965 63.82132034355965 1.2
      vertex 109.17341335862875 64.43504571914673 1.2
      vertex 96.82628428702616 64.0800600208737 1.2
    endloop
  endfacet
  facet normal 0 0 1
    outer loop
      vertex 96.82628428702616 64.0800600208737 1.2
      vertex 109.17341335862875 64.43504571914673 1.2
      vertex 96.5 64.29807621135332 1.2
    endloop
  endfacet
  facet normal 0 0 1
    outer loop
      vertex 96.5 64.29807621135332 1.2
      vertex 108.8284271210432 64.8284271210432 1.2
      vertex 96.14805029709527 64.47163859753387 1.2
    endloop
  endfacet
  facet normal 0 0 1
    outer loop
      vertex 97.59807621135332 63.2 1.2
      vertex 109.6955181285739 63.5307337269187 1.2
      vertex 109.4641016125679 64 1.2
    endloop
  endfacet
  facet normal 0 0 1
    outer loop
      vertex 97.77163859753387 62.84805029709527 1.2
      vertex 109.86370330303907 63.03527618199587 1.2
      vertex 109.6955181285739 63.5307337269187 1.2
    endloop
  endfacet
  facet normal 0 0 1
    outer loop
      vertex 97.12132034355965 63.82132034355965 1.2
      vertex 109.4641016125679 64 1.2
      vertex 109.17341335862875 64.43504571914673 1.2
    endloop
  endfacet
  facet normal 0 0 1
    outer loop
      vertex 96.5 64.29807621135332 1.2
      vertex 109.17341335862875 64.43504571914673 1.2
      vertex 108.8284271210432 64.8284271210432 1.2
    endloop
  endfacet
  facet normal 0.6593458151000946 0.7518398074789548 0
    outer loop
      vertex 39.010050506338835 60.71005050633884 1
      vertex 39.010050506338835 60.71005050633884 2.635
      vertex 39.14773399938779 60.58930532359227 1
    endloop
  endfacet
  facet normal 0.7518398074789548 0.6593458151000946 0
    outer loop
      vertex 38.88930532359227 60.84773399938779 1
      vertex 38.88930532359227 60.84773399938779 2.635
      vertex 39.010050506338835 60.71005050633884 1
    endloop
  endfacet
  facet normal 0.06540312923013454 0.997858923238604 0
    outer loop
      vertex 39.817263330891926 60.31197719407667 1
      vertex 39.817263330891926 60.31197719407667 2.635
      vertex 40 60.300000000000004 1
    endloop
  endfacet
  facet normal 0.5555702330195953 0.8314696123025499 0
    outer loop
      vertex 39.14773399938779 60.58930532359227 1
      vertex 39.14773399938779 60.58930532359227 2.635
      vertex 39.3 60.48756443470179 1
    endloop
  endfacet
  facet normal 0.321439465303184 0.946930129495098 0
    outer loop
      vertex 39.464243194688876 60.406568654484204 1
      vertex 39.464243194688876 60.406568654484204 2.635
      vertex 39.637653336856474 60.347703843195305 1
    endloop
  endfacet
  facet normal 0.44228869021897815 0.8968727415326997 0
    outer loop
      vertex 39.3 60.48756443470179 1
      vertex 39.3 60.48756443470179 2.635
      vertex 39.464243194688876 60.406568654484204 1
    endloop
  endfacet
  facet normal 0.19509032201612023 0.9807852804032321 0
    outer loop
      vertex 39.637653336856474 60.347703843195305 1
      vertex 39.637653336856474 60.347703843195305 2.635
      vertex 39.817263330891926 60.31197719407667 1
    endloop
  endfacet
  facet normal 0.946930129495098 0.321439465303184 0
    outer loop
      vertex 38.7065686544842 61.16424319468888 1
      vertex 38.6477038431953 61.33765333685648 1
      vertex 38.6477038431953 61.33765333685648 2.635
    endloop
  endfacet
  facet normal 0.8314696123025499 0.5555702330195953 0
    outer loop
      vertex 38.787564434701785 61 1
      vertex 38.787564434701785 61 2.635
      vertex 38.88930532359227 60.84773399938779 1
    endloop
  endfacet
  facet normal 0.8968727415326997 0.44228869021897815 0
    outer loop
      vertex 38.7065686544842 61.16424319468888 1
      vertex 38.7065686544842 61.16424319468888 2.635
      vertex 38.787564434701785 61 1
    endloop
  endfacet
  facet normal 0.9807852804032321 0.19509032201612023 0
    outer loop
      vertex 38.611977194076665 61.51726333089193 1
      vertex 38.611977194076665 61.51726333089193 2.635
      vertex 38.6477038431953 61.33765333685648 1
    endloop
  endfacet
  facet normal 0.997858923238604 0.06540312923013454 0
    outer loop
      vertex 38.611977194076665 61.51726333089193 1
      vertex 38.6 61.7 1
      vertex 38.6 61.7 2.635
    endloop
  endfacet
  facet normal 0.997858923238604 -0.06540312923013454 0
    outer loop
      vertex 38.6 61.7 1
      vertex 38.611977194076665 61.88273666910808 1
      vertex 38.611977194076665 61.88273666910808 2.635
    endloop
  endfacet
  facet normal 0.9807852804032321 -0.19509032201612023 0
    outer loop
      vertex 38.611977194076665 61.88273666910808 1
      vertex 38.6477038431953 62.06234666314353 1
      vertex 38.6477038431953 62.06234666314353 2.635
    endloop
  endfacet
  facet normal 0.946930129495098 -0.321439465303184 0
    outer loop
      vertex 38.6477038431953 62.06234666314353 1
      vertex 38.7065686544842 62.23575680531113 1
      vertex 38.7065686544842 62.23575680531113 2.635
    endloop
  endfacet
  facet normal 0.8968727415326997 -0.44228869021897815 0
    outer loop
      vertex 38.7065686544842 62.23575680531113 1
      vertex 38.787564434701785 62.400000000000006 1
      vertex 38.787564434701785 62.400000000000006 2.635
    endloop
  endfacet
  facet normal 0.8314696123025499 -0.5555702330195953 0
    outer loop
      vertex 38.787564434701785 62.400000000000006 1
      vertex 38.88930532359227 62.552266000612214 1
      vertex 38.88930532359227 62.552266000612214 2.635
    endloop
  endfacet
  facet normal 0.7518398074789548 -0.6593458151000946 0
    outer loop
      vertex 38.88930532359227 62.552266000612214 1
      vertex 39.010050506338835 62.68994949366117 1
      vertex 39.010050506338835 62.68994949366117 2.635
    endloop
  endfacet
  facet normal 0.6593458151000946 -0.7518398074789548 0
    outer loop
      vertex 39.010050506338835 62.68994949366117 1
      vertex 39.14773399938779 62.810694676407735 1
      vertex 39.14773399938779 62.810694676407735 2.635
    endloop
  endfacet
  facet normal 0.5555702330195953 -0.8314696123025499 0
    outer loop
      vertex 39.14773399938779 62.810694676407735 1
      vertex 39.3 62.91243556529822 1
      vertex 39.3 62.91243556529822 2.635
    endloop
  endfacet
  facet normal 0.44228869021897815 -0.8968727415326997 0
    outer loop
      vertex 39.3 62.91243556529822 1
      vertex 39.464243194688876 62.9934313455158 1
      vertex 39.464243194688876 62.9934313455158 2.635
    endloop
  endfacet
  facet normal 0.321439465303184 -0.946930129495098 0
    outer loop
      vertex 39.464243194688876 62.9934313455158 1
      vertex 39.637653336856474 63.0522961568047 1
      vertex 39.637653336856474 63.0522961568047 2.635
    endloop
  endfacet
  facet normal 0.19509032201612023 -0.9807852804032321 0
    outer loop
      vertex 39.637653336856474 63.0522961568047 1
      vertex 39.817263330891926 63.08802280592334 1
      vertex 39.817263330891926 63.08802280592334 2.635
    endloop
  endfacet
  facet normal 0.06540312923013454 -0.997858923238604 0
    outer loop
      vertex 39.817263330891926 63.08802280592334 1
      vertex 40 63.1 1
      vertex 40 63.1 2.635
    endloop
  endfacet
  facet normal -0.06540312923013454 0.997858923238604 0
    outer loop
      vertex 40 60.300000000000004 1
      vertex 40 60.300000000000004 2.635
      vertex 40.182736669108074 60.31197719407667 1
    endloop
  endfacet
  facet normal -0.19509032201612023 0.9807852804032321 0
    outer loop
      vertex 40.182736669108074 60.31197719407667 1
      vertex 40.182736669108074 60.31197719407667 2.635
      vertex 40.362346663143526 60.347703843195305 1
    endloop
  endfacet
  facet normal -0.321439465303184 0.946930129495098 0
    outer loop
      vertex 40.362346663143526 60.347703843195305 1
      vertex 40.362346663143526 60.347703843195305 2.635
      vertex 40.535756805311124 60.406568654484204 1
    endloop
  endfacet
  facet normal -0.44228869021897815 0.8968727415326997 0
    outer loop
      vertex 40.535756805311124 60.406568654484204 1
      vertex 40.535756805311124 60.406568654484204 2.635
      vertex 40.7 60.48756443470179 1
    endloop
  endfacet
  facet normal -0.5555702330195953 0.8314696123025499 0
    outer loop
      vertex 40.7 60.48756443470179 1
      vertex 40.7 60.48756443470179 2.635
      vertex 40.85226600061221 60.58930532359227 1
    endloop
  endfacet
  facet normal -0.6593458151000946 0.7518398074789548 0
    outer loop
      vertex 40.85226600061221 60.58930532359227 1
      vertex 40.85226600061221 60.58930532359227 2.635
      vertex 40.989949493661165 60.71005050633884 1
    endloop
  endfacet
  facet normal -0.7518398074789548 0.6593458151000946 0
    outer loop
      vertex 40.989949493661165 60.71005050633884 1
      vertex 40.989949493661165 60.71005050633884 2.635
      vertex 41.11069467640773 60.84773399938779 1
    endloop
  endfacet
  facet normal -0.8314696123025499 0.5555702330195953 0
    outer loop
      vertex 41.11069467640773 60.84773399938779 1
      vertex 41.11069467640773 60.84773399938779 2.635
      vertex 41.212435565298215 61 1
    endloop
  endfacet
  facet normal -0.8968727415326997 0.44228869021897815 0
    outer loop
      vertex 41.212435565298215 61 1
      vertex 41.212435565298215 61 2.635
      vertex 41.2934313455158 61.16424319468888 1
    endloop
  endfacet
  facet normal -0.946930129495098 0.321439465303184 0
    outer loop
      vertex 41.2934313455158 61.16424319468888 1
      vertex 41.2934313455158 61.16424319468888 2.635
      vertex 41.3522961568047 61.33765333685648 1
    endloop
  endfacet
  facet normal -0.9807852804032321 0.19509032201612023 0
    outer loop
      vertex 41.3522961568047 61.33765333685648 1
      vertex 41.3522961568047 61.33765333685648 2.635
      vertex 41.388022805923335 61.51726333089193 1
    endloop
  endfacet
  facet normal -0.997858923238604 0.06540312923013454 0
    outer loop
      vertex 41.388022805923335 61.51726333089193 1
      vertex 41.388022805923335 61.51726333089193 2.635
      vertex 41.4 61.7 1
    endloop
  endfacet
  facet normal -0.997858923238604 -0.06540312923013454 0
    outer loop
      vertex 41.388022805923335 61.88273666910808 1
      vertex 41.4 61.7 1
      vertex 41.4 61.7 2.635
    endloop
  endfacet
  facet normal -0.5555702330195953 -0.8314696123025499 0
    outer loop
      vertex 40.85226600061221 62.810694676407735 1
      vertex 40.85226600061221 62.810694676407735 2.635
      vertex 40.7 62.91243556529822 1
    endloop
  endfacet
  facet normal -0.8968727415326997 -0.44228869021897815 0
    outer loop
      vertex 41.2934313455158 62.23575680531113 1
      vertex 41.2934313455158 62.23575680531113 2.635
      vertex 41.212435565298215 62.400000000000006 1
    endloop
  endfacet
  facet normal -0.9807852804032321 -0.19509032201612023 0
    outer loop
      vertex 41.388022805923335 61.88273666910808 1
      vertex 41.388022805923335 61.88273666910808 2.635
      vertex 41.3522961568047 62.06234666314353 1
    endloop
  endfacet
  facet normal -0.946930129495098 -0.321439465303184 0
    outer loop
      vertex 41.3522961568047 62.06234666314353 1
      vertex 41.3522961568047 62.06234666314353 2.635
      vertex 41.2934313455158 62.23575680531113 1
    endloop
  endfacet
  facet normal -0.7518398074789548 -0.6593458151000946 0
    outer loop
      vertex 41.11069467640773 62.552266000612214 1
      vertex 41.11069467640773 62.552266000612214 2.635
      vertex 40.989949493661165 62.68994949366117 1
    endloop
  endfacet
  facet normal -0.8314696123025499 -0.5555702330195953 0
    outer loop
      vertex 41.11069467640773 62.552266000612214 1
      vertex 41.212435565298215 62.400000000000006 1
      vertex 41.212435565298215 62.400000000000006 2.635
    endloop
  endfacet
  facet normal -0.6593458151000946 -0.7518398074789548 0
    outer loop
      vertex 40.85226600061221 62.810694676407735 1
      vertex 40.989949493661165 62.68994949366117 1
      vertex 40.989949493661165 62.68994949366117 2.635
    endloop
  endfacet
  facet normal -0.06540312923013454 -0.997858923238604 0
    outer loop
      vertex 40 63.1 1
      vertex 40.182736669108074 63.08802280592334 1
      vertex 40.182736669108074 63.08802280592334 2.635
    endloop
  endfacet
  facet normal -0.19509032201612023 -0.9807852804032321 0
    outer loop
      vertex 40.182736669108074 63.08802280592334 1
      vertex 40.362346663143526 63.0522961568047 1
      vertex 40.362346663143526 63.0522961568047 2.635
    endloop
  endfacet
  facet normal -0.321439465303184 -0.946930129495098 0
    outer loop
      vertex 40.362346663143526 63.0522961568047 1
      vertex 40.535756805311124 62.9934313455158 1
      vertex 40.535756805311124 62.9934313455158 2.635
    endloop
  endfacet
  facet normal -0.44228869021897815 -0.8968727415326997 0
    outer loop
      vertex 40.535756805311124 62.9934313455158 1
      vertex 40.7 62.91243556529822 1
      vertex 40.7 62.91243556529822 2.635
    endloop
  endfacet
  facet normal 0.6593458151000946 0.7518398074789548 0
    outer loop
      vertex 39.14773399938779 60.58930532359227 1
      vertex 39.010050506338835 60.71005050633884 2.635
      vertex 39.14773399938779 60.58930532359227 2.635
    endloop
  endfacet
  facet normal 0.7518398074789548 0.6593458151000946 0
    outer loop
      vertex 39.010050506338835 60.71005050633884 1
      vertex 38.88930532359227 60.84773399938779 2.635
      vertex 39.010050506338835 60.71005050633884 2.635
    endloop
  endfacet
  facet normal 0.19509032201612023 0.9807852804032321 0
    outer loop
      vertex 39.817263330891926 60.31197719407667 1
      vertex 39.637653336856474 60.347703843195305 2.635
      vertex 39.817263330891926 60.31197719407667 2.635
    endloop
  endfacet
  facet normal 0.06540312923013454 0.997858923238604 0
    outer loop
      vertex 40 60.300000000000004 1
      vertex 39.817263330891926 60.31197719407667 2.635
      vertex 40 60.300000000000004 2.635
    endloop
  endfacet
  facet normal 0.5555702330195953 0.8314696123025499 0
    outer loop
      vertex 39.3 60.48756443470179 1
      vertex 39.14773399938779 60.58930532359227 2.635
      vertex 39.3 60.48756443470179 2.635
    endloop
  endfacet
  facet normal 0.44228869021897815 0.8968727415326997 0
    outer loop
      vertex 39.464243194688876 60.406568654484204 1
      vertex 39.3 60.48756443470179 2.635
      vertex 39.464243194688876 60.406568654484204 2.635
    endloop
  endfacet
  facet normal 0.321439465303184 0.946930129495098 0
    outer loop
      vertex 39.637653336856474 60.347703843195305 1
      vertex 39.464243194688876 60.406568654484204 2.635
      vertex 39.637653336856474 60.347703843195305 2.635
    endloop
  endfacet
  facet normal 0.946930129495098 0.321439465303184 0
    outer loop
      vertex 38.7065686544842 61.16424319468888 1
      vertex 38.6477038431953 61.33765333685648 2.635
      vertex 38.7065686544842 61.16424319468888 2.635
    endloop
  endfacet
  facet normal 0.8314696123025499 0.5555702330195953 0
    outer loop
      vertex 38.88930532359227 60.84773399938779 1
      vertex 38.787564434701785 61 2.635
      vertex 38.88930532359227 60.84773399938779 2.635
    endloop
  endfacet
  facet normal 0.8968727415326997 0.44228869021897815 0
    outer loop
      vertex 38.787564434701785 61 1
      vertex 38.7065686544842 61.16424319468888 2.635
      vertex 38.787564434701785 61 2.635
    endloop
  endfacet
  facet normal 0.9807852804032321 0.19509032201612023 0
    outer loop
      vertex 38.6477038431953 61.33765333685648 1
      vertex 38.611977194076665 61.51726333089193 2.635
      vertex 38.6477038431953 61.33765333685648 2.635
    endloop
  endfacet
  facet normal 0.997858923238604 0.06540312923013454 0
    outer loop
      vertex 38.611977194076665 61.51726333089193 1
      vertex 38.6 61.7 2.635
      vertex 38.611977194076665 61.51726333089193 2.635
    endloop
  endfacet
  facet normal 0.997858923238604 -0.06540312923013454 0
    outer loop
      vertex 38.6 61.7 1
      vertex 38.611977194076665 61.88273666910808 2.635
      vertex 38.6 61.7 2.635
    endloop
  endfacet
  facet normal 0.9807852804032321 -0.19509032201612023 0
    outer loop
      vertex 38.611977194076665 61.88273666910808 1
      vertex 38.6477038431953 62.06234666314353 2.635
      vertex 38.611977194076665 61.88273666910808 2.635
    endloop
  endfacet
  facet normal 0.946930129495098 -0.321439465303184 0
    outer loop
      vertex 38.6477038431953 62.06234666314353 1
      vertex 38.7065686544842 62.23575680531113 2.635
      vertex 38.6477038431953 62.06234666314353 2.635
    endloop
  endfacet
  facet normal 0.8968727415326997 -0.44228869021897815 0
    outer loop
      vertex 38.7065686544842 62.23575680531113 1
      vertex 38.787564434701785 62.400000000000006 2.635
      vertex 38.7065686544842 62.23575680531113 2.635
    endloop
  endfacet
  facet normal 0.8314696123025499 -0.5555702330195953 0
    outer loop
      vertex 38.787564434701785 62.400000000000006 1
      vertex 38.88930532359227 62.552266000612214 2.635
      vertex 38.787564434701785 62.400000000000006 2.635
    endloop
  endfacet
  facet normal 0.7518398074789548 -0.6593458151000946 0
    outer loop
      vertex 38.88930532359227 62.552266000612214 1
      vertex 39.010050506338835 62.68994949366117 2.635
      vertex 38.88930532359227 62.552266000612214 2.635
    endloop
  endfacet
  facet normal 0.6593458151000946 -0.7518398074789548 0
    outer loop
      vertex 39.010050506338835 62.68994949366117 1
      vertex 39.14773399938779 62.810694676407735 2.635
      vertex 39.010050506338835 62.68994949366117 2.635
    endloop
  endfacet
  facet normal 0.5555702330195953 -0.8314696123025499 0
    outer loop
      vertex 39.14773399938779 62.810694676407735 1
      vertex 39.3 62.91243556529822 2.635
      vertex 39.14773399938779 62.810694676407735 2.635
    endloop
  endfacet
  facet normal 0.44228869021897815 -0.8968727415326997 0
    outer loop
      vertex 39.3 62.91243556529822 1
      vertex 39.464243194688876 62.9934313455158 2.635
      vertex 39.3 62.91243556529822 2.635
    endloop
  endfacet
  facet normal 0.321439465303184 -0.946930129495098 0
    outer loop
      vertex 39.464243194688876 62.9934313455158 1
      vertex 39.637653336856474 63.0522961568047 2.635
      vertex 39.464243194688876 62.9934313455158 2.635
    endloop
  endfacet
  facet normal 0.19509032201612023 -0.9807852804032321 0
    outer loop
      vertex 39.637653336856474 63.0522961568047 1
      vertex 39.817263330891926 63.08802280592334 2.635
      vertex 39.637653336856474 63.0522961568047 2.635
    endloop
  endfacet
  facet normal 0.06540312923013454 -0.997858923238604 0
    outer loop
      vertex 39.817263330891926 63.08802280592334 1
      vertex 40 63.1 2.635
      vertex 39.817263330891926 63.08802280592334 2.635
    endloop
  endfacet
  facet normal -0.06540312923013454 0.997858923238604 0
    outer loop
      vertex 40.182736669108074 60.31197719407667 1
      vertex 40 60.300000000000004 2.635
      vertex 40.182736669108074 60.31197719407667 2.635
    endloop
  endfacet
  facet normal -0.19509032201612023 0.9807852804032321 0
    outer loop
      vertex 40.362346663143526 60.347703843195305 1
      vertex 40.182736669108074 60.31197719407667 2.635
      vertex 40.362346663143526 60.347703843195305 2.635
    endloop
  endfacet
  facet normal -0.321439465303184 0.946930129495098 0
    outer loop
      vertex 40.535756805311124 60.406568654484204 1
      vertex 40.362346663143526 60.347703843195305 2.635
      vertex 40.535756805311124 60.406568654484204 2.635
    endloop
  endfacet
  facet normal -0.44228869021897815 0.8968727415326997 0
    outer loop
      vertex 40.7 60.48756443470179 1
      vertex 40.535756805311124 60.406568654484204 2.635
      vertex 40.7 60.48756443470179 2.635
    endloop
  endfacet
  facet normal -0.5555702330195953 0.8314696123025499 0
    outer loop
      vertex 40.85226600061221 60.58930532359227 1
      vertex 40.7 60.48756443470179 2.635
      vertex 40.85226600061221 60.58930532359227 2.635
    endloop
  endfacet
  facet normal -0.6593458151000946 0.7518398074789548 0
    outer loop
      vertex 40.989949493661165 60.71005050633884 1
      vertex 40.85226600061221 60.58930532359227 2.635
      vertex 40.989949493661165 60.71005050633884 2.635
    endloop
  endfacet
  facet normal -0.7518398074789548 0.6593458151000946 0
    outer loop
      vertex 41.11069467640773 60.84773399938779 1
      vertex 40.989949493661165 60.71005050633884 2.635
      vertex 41.11069467640773 60.84773399938779 2.635
    endloop
  endfacet
  facet normal -0.8314696123025499 0.5555702330195953 0
    outer loop
      vertex 41.212435565298215 61 1
      vertex 41.11069467640773 60.84773399938779 2.635
      vertex 41.212435565298215 61 2.635
    endloop
  endfacet
  facet normal -0.8968727415326997 0.44228869021897815 0
    outer loop
      vertex 41.2934313455158 61.16424319468888 1
      vertex 41.212435565298215 61 2.635
      vertex 41.2934313455158 61.16424319468888 2.635
    endloop
  endfacet
  facet normal -0.946930129495098 0.321439465303184 0
    outer loop
      vertex 41.3522961568047 61.33765333685648 1
      vertex 41.2934313455158 61.16424319468888 2.635
      vertex 41.3522961568047 61.33765333685648 2.635
    endloop
  endfacet
  facet normal -0.9807852804032321 0.19509032201612023 0
    outer loop
      vertex 41.388022805923335 61.51726333089193 1
      vertex 41.3522961568047 61.33765333685648 2.635
      vertex 41.388022805923335 61.51726333089193 2.635
    endloop
  endfacet
  facet normal -0.997858923238604 0.06540312923013454 0
    outer loop
      vertex 41.4 61.7 1
      vertex 41.388022805923335 61.51726333089193 2.635
      vertex 41.4 61.7 2.635
    endloop
  endfacet
  facet normal -0.997858923238604 -0.06540312923013454 0
    outer loop
      vertex 41.388022805923335 61.88273666910808 1
      vertex 41.4 61.7 2.635
      vertex 41.388022805923335 61.88273666910808 2.635
    endloop
  endfacet
  facet normal -0.5555702330195953 -0.8314696123025499 0
    outer loop
      vertex 40.7 62.91243556529822 1
      vertex 40.85226600061221 62.810694676407735 2.635
      vertex 40.7 62.91243556529822 2.635
    endloop
  endfacet
  facet normal -0.8968727415326997 -0.44228869021897815 0
    outer loop
      vertex 41.212435565298215 62.400000000000006 1
      vertex 41.2934313455158 62.23575680531113 2.635
      vertex 41.212435565298215 62.400000000000006 2.635
    endloop
  endfacet
  facet normal -0.9807852804032321 -0.19509032201612023 0
    outer loop
      vertex 41.3522961568047 62.06234666314353 1
      vertex 41.388022805923335 61.88273666910808 2.635
      vertex 41.3522961568047 62.06234666314353 2.635
    endloop
  endfacet
  facet normal -0.946930129495098 -0.321439465303184 0
    outer loop
      vertex 41.2934313455158 62.23575680531113 1
      vertex 41.3522961568047 62.06234666314353 2.635
      vertex 41.2934313455158 62.23575680531113 2.635
    endloop
  endfacet
  facet normal -0.7518398074789548 -0.6593458151000946 0
    outer loop
      vertex 40.989949493661165 62.68994949366117 1
      vertex 41.11069467640773 62.552266000612214 2.635
      vertex 40.989949493661165 62.68994949366117 2.635
    endloop
  endfacet
  facet normal -0.8314696123025499 -0.5555702330195953 0
    outer loop
      vertex 41.11069467640773 62.552266000612214 1
      vertex 41.212435565298215 62.400000000000006 2.635
      vertex 41.11069467640773 62.552266000612214 2.635
    endloop
  endfacet
  facet normal -0.6593458151000946 -0.7518398074789548 0
    outer loop
      vertex 40.85226600061221 62.810694676407735 1
      vertex 40.989949493661165 62.68994949366117 2.635
      vertex 40.85226600061221 62.810694676407735 2.635
    endloop
  endfacet
  facet normal -0.06540312923013454 -0.997858923238604 0
    outer loop
      vertex 40 63.1 1
      vertex 40.182736669108074 63.08802280592334 2.635
      vertex 40 63.1 2.635
    endloop
  endfacet
  facet normal -0.321439465303184 -0.946930129495098 0
    outer loop
      vertex 40.362346663143526 63.0522961568047 1
      vertex 40.535756805311124 62.9934313455158 2.635
      vertex 40.362346663143526 63.0522961568047 2.635
    endloop
  endfacet
  facet normal -0.19509032201612023 -0.9807852804032321 0
    outer loop
      vertex 40.182736669108074 63.08802280592334 1
      vertex 40.362346663143526 63.0522961568047 2.635
      vertex 40.182736669108074 63.08802280592334 2.635
    endloop
  endfacet
  facet normal -0.44228869021897815 -0.8968727415326997 0
    outer loop
      vertex 40.535756805311124 62.9934313455158 1
      vertex 40.7 62.91243556529822 2.635
      vertex 40.535756805311124 62.9934313455158 2.635
    endloop
  endfacet
  facet normal 0.7518398074789825 0.659345815100063 0
    outer loop
      vertex 67.88930532359227 3.347733999387791 1
      vertex 67.88930532359227 3.347733999387791 2.635
      vertex 68.01005050633883 3.210050506338834 1
    endloop
  endfacet
  facet normal 0.8314696123025693 0.5555702330195662 0
    outer loop
      vertex 67.78756443470179 3.5 1
      vertex 67.78756443470179 3.5 2.635
      vertex 67.88930532359227 3.347733999387791 1
    endloop
  endfacet
  facet normal 0.8968727415326796 0.44228869021901895 0
    outer loop
      vertex 67.7065686544842 3.6642431946888747 1
      vertex 67.7065686544842 3.6642431946888747 2.635
      vertex 67.78756443470179 3.5 1
    endloop
  endfacet
  facet normal 0.9469301294950976 0.32143946530318557 0
    outer loop
      vertex 67.7065686544842 3.6642431946888747 1
      vertex 67.6477038431953 3.837653336856471 1
      vertex 67.6477038431953 3.837653336856471 2.635
    endloop
  endfacet
  facet normal 0.9807852804032404 0.1950903220160783 0
    outer loop
      vertex 67.6477038431953 3.837653336856471 1
      vertex 67.61197719407667 4.017263330891928 1
      vertex 67.61197719407667 4.017263330891928 2.635
    endloop
  endfacet
  facet normal 0.9978589232385988 0.06540312923021244 0
    outer loop
      vertex 67.61197719407667 4.017263330891928 1
      vertex 67.6 4.2 1
      vertex 67.6 4.2 2.635
    endloop
  endfacet
  facet normal 0.9978589232385988 -0.06540312923021244 0
    outer loop
      vertex 67.6 4.2 1
      vertex 67.61197719407667 4.3827366691080725 1
      vertex 67.61197719407667 4.3827366691080725 2.635
    endloop
  endfacet
  facet normal 0.9807852804032404 -0.1950903220160783 0
    outer loop
      vertex 67.61197719407667 4.3827366691080725 1
      vertex 67.6477038431953 4.562346663143529 1
      vertex 67.6477038431953 4.562346663143529 2.635
    endloop
  endfacet
  facet normal 0.9469301294950976 -0.32143946530318557 0
    outer loop
      vertex 67.6477038431953 4.562346663143529 1
      vertex 67.7065686544842 4.735756805311126 1
      vertex 67.7065686544842 4.735756805311126 2.635
    endloop
  endfacet
  facet normal 0.8968727415326796 -0.44228869021901895 0
    outer loop
      vertex 67.7065686544842 4.735756805311126 1
      vertex 67.78756443470179 4.9 1
      vertex 67.78756443470179 4.9 2.635
    endloop
  endfacet
  facet normal 0.8314696123025693 -0.5555702330195662 0
    outer loop
      vertex 67.78756443470179 4.9 1
      vertex 67.88930532359227 5.052266000612209 1
      vertex 67.88930532359227 5.052266000612209 2.635
    endloop
  endfacet
  facet normal 0.7518398074789825 -0.659345815100063 0
    outer loop
      vertex 67.88930532359227 5.052266000612209 1
      vertex 68.01005050633883 5.1899494936611665 1
      vertex 68.01005050633883 5.1899494936611665 2.635
    endloop
  endfacet
  facet normal 0.5555702330196199 0.8314696123025334 0
    outer loop
      vertex 68.1477339993878 3.0893053235922707 1
      vertex 68.1477339993878 3.0893053235922707 2.635
      vertex 68.3 2.9875644347017865 1
    endloop
  endfacet
  facet normal 0.4422886902189918 0.896872741532693 0
    outer loop
      vertex 68.3 2.9875644347017865 1
      vertex 68.3 2.9875644347017865 2.635
      vertex 68.46424319468888 2.906568654484199 1
    endloop
  endfacet
  facet normal 0.1950903220161268 0.9807852804032307 0
    outer loop
      vertex 68.63765333685647 2.847703843195305 1
      vertex 68.63765333685647 2.847703843195305 2.635
      vertex 68.81726333089193 2.8119771940766656 1
    endloop
  endfacet
  facet normal 0.32143946530316014 0.946930129495106 0
    outer loop
      vertex 68.46424319468888 2.906568654484199 1
      vertex 68.46424319468888 2.906568654484199 2.635
      vertex 68.63765333685647 2.847703843195305 1
    endloop
  endfacet
  facet normal 0.06540312923014431 0.9978589232386035 0
    outer loop
      vertex 68.81726333089193 2.8119771940766656 1
      vertex 68.81726333089193 2.8119771940766656 2.635
      vertex 69 2.8000000000000003 1
    endloop
  endfacet
  facet normal -0.06540312923014431 0.9978589232386035 0
    outer loop
      vertex 69 2.8000000000000003 1
      vertex 69 2.8000000000000003 2.635
      vertex 69.18273666910807 2.8119771940766656 1
    endloop
  endfacet
  facet normal -0.1950903220161268 0.9807852804032307 0
    outer loop
      vertex 69.18273666910807 2.8119771940766656 1
      vertex 69.18273666910807 2.8119771940766656 2.635
      vertex 69.36234666314353 2.847703843195305 1
    endloop
  endfacet
  facet normal -0.32143946530316014 0.946930129495106 0
    outer loop
      vertex 69.36234666314353 2.847703843195305 1
      vertex 69.36234666314353 2.847703843195305 2.635
      vertex 69.53575680531112 2.906568654484199 1
    endloop
  endfacet
  facet normal -0.4422886902189918 0.896872741532693 0
    outer loop
      vertex 69.53575680531112 2.906568654484199 1
      vertex 69.53575680531112 2.906568654484199 2.635
      vertex 69.7 2.9875644347017865 1
    endloop
  endfacet
  facet normal 0.6593458151000424 0.7518398074790007 0
    outer loop
      vertex 68.01005050633883 3.210050506338834 1
      vertex 68.01005050633883 3.210050506338834 2.635
      vertex 68.1477339993878 3.0893053235922707 1
    endloop
  endfacet
  facet normal -0.5555702330196199 0.8314696123025334 0
    outer loop
      vertex 69.7 2.9875644347017865 1
      vertex 69.7 2.9875644347017865 2.635
      vertex 69.8522660006122 3.0893053235922707 1
    endloop
  endfacet
  facet normal -0.6593458151000424 0.7518398074790007 0
    outer loop
      vertex 69.8522660006122 3.0893053235922707 1
      vertex 69.8522660006122 3.0893053235922707 2.635
      vertex 69.98994949366117 3.210050506338834 1
    endloop
  endfacet
  facet normal -0.7518398074789825 0.659345815100063 0
    outer loop
      vertex 69.98994949366117 3.210050506338834 1
      vertex 69.98994949366117 3.210050506338834 2.635
      vertex 70.11069467640773 3.347733999387791 1
    endloop
  endfacet
  facet normal -0.8314696123025693 0.5555702330195662 0
    outer loop
      vertex 70.11069467640773 3.347733999387791 1
      vertex 70.11069467640773 3.347733999387791 2.635
      vertex 70.21243556529821 3.5 1
    endloop
  endfacet
  facet normal -0.8968727415326796 0.44228869021901895 0
    outer loop
      vertex 70.21243556529821 3.5 1
      vertex 70.21243556529821 3.5 2.635
      vertex 70.2934313455158 3.6642431946888747 1
    endloop
  endfacet
  facet normal -0.9469301294950976 0.32143946530318557 0
    outer loop
      vertex 70.2934313455158 3.6642431946888747 1
      vertex 70.2934313455158 3.6642431946888747 2.635
      vertex 70.3522961568047 3.837653336856471 1
    endloop
  endfacet
  facet normal -0.9807852804032404 0.1950903220160783 0
    outer loop
      vertex 70.3522961568047 3.837653336856471 1
      vertex 70.3522961568047 3.837653336856471 2.635
      vertex 70.38802280592333 4.017263330891928 1
    endloop
  endfacet
  facet normal -0.9978589232385988 0.06540312923021244 0
    outer loop
      vertex 70.38802280592333 4.017263330891928 1
      vertex 70.38802280592333 4.017263330891928 2.635
      vertex 70.4 4.2 1
    endloop
  endfacet
  facet normal 0.6593458151000424 -0.7518398074790007 0
    outer loop
      vertex 68.01005050633883 5.1899494936611665 1
      vertex 68.1477339993878 5.31069467640773 1
      vertex 68.1477339993878 5.31069467640773 2.635
    endloop
  endfacet
  facet normal 0.5555702330196199 -0.8314696123025334 0
    outer loop
      vertex 68.1477339993878 5.31069467640773 1
      vertex 68.3 5.412435565298214 1
      vertex 68.3 5.412435565298214 2.635
    endloop
  endfacet
  facet normal 0.44228869021899375 -0.896872741532692 0
    outer loop
      vertex 68.3 5.412435565298214 1
      vertex 68.46424319468888 5.493431345515802 1
      vertex 68.46424319468888 5.493431345515802 2.635
    endloop
  endfacet
  facet normal 0.321439465303158 -0.9469301294951069 0
    outer loop
      vertex 68.46424319468888 5.493431345515802 1
      vertex 68.63765333685647 5.552296156804696 1
      vertex 68.63765333685647 5.552296156804696 2.635
    endloop
  endfacet
  facet normal 0.1950903220161268 -0.9807852804032307 0
    outer loop
      vertex 68.63765333685647 5.552296156804696 1
      vertex 68.81726333089193 5.588022805923335 1
      vertex 68.81726333089193 5.588022805923335 2.635
    endloop
  endfacet
  facet normal 0.06540312923014191 -0.9978589232386036 0
    outer loop
      vertex 68.81726333089193 5.588022805923335 1
      vertex 69 5.6 1
      vertex 69 5.6 2.635
    endloop
  endfacet
  facet normal -0.06540312923014191 -0.9978589232386036 0
    outer loop
      vertex 69 5.6 1
      vertex 69.18273666910807 5.588022805923335 1
      vertex 69.18273666910807 5.588022805923335 2.635
    endloop
  endfacet
  facet normal -0.1950903220161268 -0.9807852804032307 0
    outer loop
      vertex 69.18273666910807 5.588022805923335 1
      vertex 69.36234666314353 5.552296156804696 1
      vertex 69.36234666314353 5.552296156804696 2.635
    endloop
  endfacet
  facet normal -0.321439465303158 -0.9469301294951069 0
    outer loop
      vertex 69.36234666314353 5.552296156804696 1
      vertex 69.53575680531112 5.493431345515802 1
      vertex 69.53575680531112 5.493431345515802 2.635
    endloop
  endfacet
  facet normal -0.44228869021899375 -0.896872741532692 0
    outer loop
      vertex 69.7 5.412435565298214 1
      vertex 69.7 5.412435565298214 2.635
      vertex 69.53575680531112 5.493431345515802 1
    endloop
  endfacet
  facet normal -0.9978589232385988 -0.06540312923021244 0
    outer loop
      vertex 70.4 4.2 1
      vertex 70.4 4.2 2.635
      vertex 70.38802280592333 4.3827366691080725 1
    endloop
  endfacet
  facet normal -0.9807852804032404 -0.1950903220160783 0
    outer loop
      vertex 70.38802280592333 4.3827366691080725 1
      vertex 70.38802280592333 4.3827366691080725 2.635
      vertex 70.3522961568047 4.562346663143529 1
    endloop
  endfacet
  facet normal -0.9469301294950976 -0.32143946530318557 0
    outer loop
      vertex 70.3522961568047 4.562346663143529 1
      vertex 70.3522961568047 4.562346663143529 2.635
      vertex 70.2934313455158 4.735756805311126 1
    endloop
  endfacet
  facet normal -0.8314696123025693 -0.5555702330195662 0
    outer loop
      vertex 70.21243556529821 4.9 1
      vertex 70.21243556529821 4.9 2.635
      vertex 70.11069467640773 5.052266000612209 1
    endloop
  endfacet
  facet normal -0.7518398074789825 -0.659345815100063 0
    outer loop
      vertex 69.98994949366117 5.1899494936611665 1
      vertex 70.11069467640773 5.052266000612209 1
      vertex 70.11069467640773 5.052266000612209 2.635
    endloop
  endfacet
  facet normal -0.8968727415326796 -0.44228869021901895 0
    outer loop
      vertex 70.21243556529821 4.9 1
      vertex 70.2934313455158 4.735756805311126 1
      vertex 70.2934313455158 4.735756805311126 2.635
    endloop
  endfacet
  facet normal -0.6593458151000424 -0.7518398074790007 0
    outer loop
      vertex 69.98994949366117 5.1899494936611665 1
      vertex 69.98994949366117 5.1899494936611665 2.635
      vertex 69.8522660006122 5.31069467640773 1
    endloop
  endfacet
  facet normal -0.5555702330196199 -0.8314696123025334 0
    outer loop
      vertex 69.7 5.412435565298214 1
      vertex 69.8522660006122 5.31069467640773 1
      vertex 69.8522660006122 5.31069467640773 2.635
    endloop
  endfacet
  facet normal 0.7518398074789825 0.659345815100063 0
    outer loop
      vertex 68.01005050633883 3.210050506338834 1
      vertex 67.88930532359227 3.347733999387791 2.635
      vertex 68.01005050633883 3.210050506338834 2.635
    endloop
  endfacet
  facet normal 0.8968727415326796 0.44228869021901895 0
    outer loop
      vertex 67.78756443470179 3.5 1
      vertex 67.7065686544842 3.6642431946888747 2.635
      vertex 67.78756443470179 3.5 2.635
    endloop
  endfacet
  facet normal 0.8314696123025693 0.5555702330195662 0
    outer loop
      vertex 67.88930532359227 3.347733999387791 1
      vertex 67.78756443470179 3.5 2.635
      vertex 67.88930532359227 3.347733999387791 2.635
    endloop
  endfacet
  facet normal 0.9469301294950976 0.32143946530318557 0
    outer loop
      vertex 67.7065686544842 3.6642431946888747 1
      vertex 67.6477038431953 3.837653336856471 2.635
      vertex 67.7065686544842 3.6642431946888747 2.635
    endloop
  endfacet
  facet normal 0.9807852804032404 0.1950903220160783 0
    outer loop
      vertex 67.6477038431953 3.837653336856471 1
      vertex 67.61197719407667 4.017263330891928 2.635
      vertex 67.6477038431953 3.837653336856471 2.635
    endloop
  endfacet
  facet normal 0.9978589232385988 0.06540312923021244 0
    outer loop
      vertex 67.61197719407667 4.017263330891928 1
      vertex 67.6 4.2 2.635
      vertex 67.61197719407667 4.017263330891928 2.635
    endloop
  endfacet
  facet normal 0.9978589232385988 -0.06540312923021244 0
    outer loop
      vertex 67.6 4.2 1
      vertex 67.61197719407667 4.3827366691080725 2.635
      vertex 67.6 4.2 2.635
    endloop
  endfacet
  facet normal 0.9807852804032404 -0.1950903220160783 0
    outer loop
      vertex 67.61197719407667 4.3827366691080725 1
      vertex 67.6477038431953 4.562346663143529 2.635
      vertex 67.61197719407667 4.3827366691080725 2.635
    endloop
  endfacet
  facet normal 0.9469301294950976 -0.32143946530318557 0
    outer loop
      vertex 67.6477038431953 4.562346663143529 1
      vertex 67.7065686544842 4.735756805311126 2.635
      vertex 67.6477038431953 4.562346663143529 2.635
    endloop
  endfacet
  facet normal 0.8968727415326796 -0.44228869021901895 0
    outer loop
      vertex 67.7065686544842 4.735756805311126 1
      vertex 67.78756443470179 4.9 2.635
      vertex 67.7065686544842 4.735756805311126 2.635
    endloop
  endfacet
  facet normal 0.8314696123025693 -0.5555702330195662 0
    outer loop
      vertex 67.78756443470179 4.9 1
      vertex 67.88930532359227 5.052266000612209 2.635
      vertex 67.78756443470179 4.9 2.635
    endloop
  endfacet
  facet normal 0.7518398074789825 -0.659345815100063 0
    outer loop
      vertex 67.88930532359227 5.052266000612209 1
      vertex 68.01005050633883 5.1899494936611665 2.635
      vertex 67.88930532359227 5.052266000612209 2.635
    endloop
  endfacet
  facet normal 0.4422886902189918 0.896872741532693 0
    outer loop
      vertex 68.46424319468888 2.906568654484199 1
      vertex 68.3 2.9875644347017865 2.635
      vertex 68.46424319468888 2.906568654484199 2.635
    endloop
  endfacet
  facet normal 0.5555702330196199 0.8314696123025334 0
    outer loop
      vertex 68.3 2.9875644347017865 1
      vertex 68.1477339993878 3.0893053235922707 2.635
      vertex 68.3 2.9875644347017865 2.635
    endloop
  endfacet
  facet normal 0.1950903220161268 0.9807852804032307 0
    outer loop
      vertex 68.81726333089193 2.8119771940766656 1
      vertex 68.63765333685647 2.847703843195305 2.635
      vertex 68.81726333089193 2.8119771940766656 2.635
    endloop
  endfacet
  facet normal 0.32143946530316014 0.946930129495106 0
    outer loop
      vertex 68.63765333685647 2.847703843195305 1
      vertex 68.46424319468888 2.906568654484199 2.635
      vertex 68.63765333685647 2.847703843195305 2.635
    endloop
  endfacet
  facet normal 0.06540312923014431 0.9978589232386035 0
    outer loop
      vertex 69 2.8000000000000003 1
      vertex 68.81726333089193 2.8119771940766656 2.635
      vertex 69 2.8000000000000003 2.635
    endloop
  endfacet
  facet normal -0.06540312923014431 0.9978589232386035 0
    outer loop
      vertex 69.18273666910807 2.8119771940766656 1
      vertex 69 2.8000000000000003 2.635
      vertex 69.18273666910807 2.8119771940766656 2.635
    endloop
  endfacet
  facet normal -0.1950903220161268 0.9807852804032307 0
    outer loop
      vertex 69.36234666314353 2.847703843195305 1
      vertex 69.18273666910807 2.8119771940766656 2.635
      vertex 69.36234666314353 2.847703843195305 2.635
    endloop
  endfacet
  facet normal -0.32143946530316014 0.946930129495106 0
    outer loop
      vertex 69.53575680531112 2.906568654484199 1
      vertex 69.36234666314353 2.847703843195305 2.635
      vertex 69.53575680531112 2.906568654484199 2.635
    endloop
  endfacet
  facet normal -0.4422886902189918 0.896872741532693 0
    outer loop
      vertex 69.7 2.9875644347017865 1
      vertex 69.53575680531112 2.906568654484199 2.635
      vertex 69.7 2.9875644347017865 2.635
    endloop
  endfacet
  facet normal 0.6593458151000424 0.7518398074790007 0
    outer loop
      vertex 68.1477339993878 3.0893053235922707 1
      vertex 68.01005050633883 3.210050506338834 2.635
      vertex 68.1477339993878 3.0893053235922707 2.635
    endloop
  endfacet
  facet normal -0.5555702330196199 0.8314696123025334 0
    outer loop
      vertex 69.8522660006122 3.0893053235922707 1
      vertex 69.7 2.9875644347017865 2.635
      vertex 69.8522660006122 3.0893053235922707 2.635
    endloop
  endfacet
  facet normal -0.6593458151000424 0.7518398074790007 0
    outer loop
      vertex 69.98994949366117 3.210050506338834 1
      vertex 69.8522660006122 3.0893053235922707 2.635
      vertex 69.98994949366117 3.210050506338834 2.635
    endloop
  endfacet
  facet normal -0.7518398074789825 0.659345815100063 0
    outer loop
      vertex 70.11069467640773 3.347733999387791 1
      vertex 69.98994949366117 3.210050506338834 2.635
      vertex 70.11069467640773 3.347733999387791 2.635
    endloop
  endfacet
  facet normal -0.8314696123025693 0.5555702330195662 0
    outer loop
      vertex 70.21243556529821 3.5 1
      vertex 70.11069467640773 3.347733999387791 2.635
      vertex 70.21243556529821 3.5 2.635
    endloop
  endfacet
  facet normal -0.8968727415326796 0.44228869021901895 0
    outer loop
      vertex 70.2934313455158 3.6642431946888747 1
      vertex 70.21243556529821 3.5 2.635
      vertex 70.2934313455158 3.6642431946888747 2.635
    endloop
  endfacet
  facet normal -0.9469301294950976 0.32143946530318557 0
    outer loop
      vertex 70.3522961568047 3.837653336856471 1
      vertex 70.2934313455158 3.6642431946888747 2.635
      vertex 70.3522961568047 3.837653336856471 2.635
    endloop
  endfacet
  facet normal -0.9807852804032404 0.1950903220160783 0
    outer loop
      vertex 70.38802280592333 4.017263330891928 1
      vertex 70.3522961568047 3.837653336856471 2.635
      vertex 70.38802280592333 4.017263330891928 2.635
    endloop
  endfacet
  facet normal 0.6593458151000424 -0.7518398074790007 0
    outer loop
      vertex 68.01005050633883 5.1899494936611665 1
      vertex 68.1477339993878 5.31069467640773 2.635
      vertex 68.01005050633883 5.1899494936611665 2.635
    endloop
  endfacet
  facet normal 0.5555702330196199 -0.8314696123025334 0
    outer loop
      vertex 68.1477339993878 5.31069467640773 1
      vertex 68.3 5.412435565298214 2.635
      vertex 68.1477339993878 5.31069467640773 2.635
    endloop
  endfacet
  facet normal 0.44228869021899375 -0.896872741532692 0
    outer loop
      vertex 68.3 5.412435565298214 1
      vertex 68.46424319468888 5.493431345515802 2.635
      vertex 68.3 5.412435565298214 2.635
    endloop
  endfacet
  facet normal 0.321439465303158 -0.9469301294951069 0
    outer loop
      vertex 68.46424319468888 5.493431345515802 1
      vertex 68.63765333685647 5.552296156804696 2.635
      vertex 68.46424319468888 5.493431345515802 2.635
    endloop
  endfacet
  facet normal 0.1950903220161268 -0.9807852804032307 0
    outer loop
      vertex 68.63765333685647 5.552296156804696 1
      vertex 68.81726333089193 5.588022805923335 2.635
      vertex 68.63765333685647 5.552296156804696 2.635
    endloop
  endfacet
  facet normal 0.06540312923014191 -0.9978589232386036 0
    outer loop
      vertex 68.81726333089193 5.588022805923335 1
      vertex 69 5.6 2.635
      vertex 68.81726333089193 5.588022805923335 2.635
    endloop
  endfacet
  facet normal -0.06540312923014191 -0.9978589232386036 0
    outer loop
      vertex 69 5.6 1
      vertex 69.18273666910807 5.588022805923335 2.635
      vertex 69 5.6 2.635
    endloop
  endfacet
  facet normal -0.1950903220161268 -0.9807852804032307 0
    outer loop
      vertex 69.18273666910807 5.588022805923335 1
      vertex 69.36234666314353 5.552296156804696 2.635
      vertex 69.18273666910807 5.588022805923335 2.635
    endloop
  endfacet
  facet normal -0.321439465303158 -0.9469301294951069 0
    outer loop
      vertex 69.36234666314353 5.552296156804696 1
      vertex 69.53575680531112 5.493431345515802 2.635
      vertex 69.36234666314353 5.552296156804696 2.635
    endloop
  endfacet
  facet normal -0.44228869021899375 -0.896872741532692 0
    outer loop
      vertex 69.53575680531112 5.493431345515802 1
      vertex 69.7 5.412435565298214 2.635
      vertex 69.53575680531112 5.493431345515802 2.635
    endloop
  endfacet
  facet normal -0.9978589232385988 0.06540312923021244 0
    outer loop
      vertex 70.4 4.2 1
      vertex 70.38802280592333 4.017263330891928 2.635
      vertex 70.4 4.2 2.635
    endloop
  endfacet
  facet normal -0.9978589232385988 -0.06540312923021244 0
    outer loop
      vertex 70.38802280592333 4.3827366691080725 1
      vertex 70.4 4.2 2.635
      vertex 70.38802280592333 4.3827366691080725 2.635
    endloop
  endfacet
  facet normal -0.9807852804032404 -0.1950903220160783 0
    outer loop
      vertex 70.3522961568047 4.562346663143529 1
      vertex 70.38802280592333 4.3827366691080725 2.635
      vertex 70.3522961568047 4.562346663143529 2.635
    endloop
  endfacet
  facet normal -0.8314696123025693 -0.5555702330195662 0
    outer loop
      vertex 70.11069467640773 5.052266000612209 1
      vertex 70.21243556529821 4.9 2.635
      vertex 70.11069467640773 5.052266000612209 2.635
    endloop
  endfacet
  facet normal -0.7518398074789825 -0.659345815100063 0
    outer loop
      vertex 69.98994949366117 5.1899494936611665 1
      vertex 70.11069467640773 5.052266000612209 2.635
      vertex 69.98994949366117 5.1899494936611665 2.635
    endloop
  endfacet
  facet normal -0.9469301294950976 -0.32143946530318557 0
    outer loop
      vertex 70.2934313455158 4.735756805311126 1
      vertex 70.3522961568047 4.562346663143529 2.635
      vertex 70.2934313455158 4.735756805311126 2.635
    endloop
  endfacet
  facet normal -0.8968727415326796 -0.44228869021901895 0
    outer loop
      vertex 70.21243556529821 4.9 1
      vertex 70.2934313455158 4.735756805311126 2.635
      vertex 70.21243556529821 4.9 2.635
    endloop
  endfacet
  facet normal -0.6593458151000424 -0.7518398074790007 0
    outer loop
      vertex 69.8522660006122 5.31069467640773 1
      vertex 69.98994949366117 5.1899494936611665 2.635
      vertex 69.8522660006122 5.31069467640773 2.635
    endloop
  endfacet
  facet normal -0.5555702330196199 -0.8314696123025334 0
    outer loop
      vertex 69.7 5.412435565298214 1
      vertex 69.8522660006122 5.31069467640773 2.635
      vertex 69.7 5.412435565298214 2.635
    endloop
  endfacet
  facet normal 0.5555702330196199 0.8314696123025334 0
    outer loop
      vertex 99.3 2.9875644347017865 1
      vertex 99.1477339993878 3.0893053235922707 1
      vertex 99.1477339993878 3.0893053235922707 2.635
    endloop
  endfacet
  facet normal 0.4422886902189918 0.896872741532693 0
    outer loop
      vertex 99.3 2.9875644347017865 1
      vertex 99.3 2.9875644347017865 2.635
      vertex 99.46424319468888 2.906568654484199 1
    endloop
  endfacet
  facet normal 0.9807852804032404 0.1950903220160783 0
    outer loop
      vertex 98.6477038431953 3.837653336856471 1
      vertex 98.61197719407667 4.017263330891928 1
      vertex 98.61197719407667 4.017263330891928 2.635
    endloop
  endfacet
  facet normal 0.6593458151000424 0.7518398074790007 0
    outer loop
      vertex 99.01005050633883 3.210050506338834 1
      vertex 99.01005050633883 3.210050506338834 2.635
      vertex 99.1477339993878 3.0893053235922707 1
    endloop
  endfacet
  facet normal 0.7518398074789825 0.659345815100063 0
    outer loop
      vertex 99.01005050633883 3.210050506338834 1
      vertex 98.88930532359227 3.347733999387791 1
      vertex 98.88930532359227 3.347733999387791 2.635
    endloop
  endfacet
  facet normal 0.8314696123025693 0.5555702330195662 0
    outer loop
      vertex 98.78756443470179 3.5 1
      vertex 98.78756443470179 3.5 2.635
      vertex 98.88930532359227 3.347733999387791 1
    endloop
  endfacet
  facet normal 0.8968727415326796 0.44228869021901895 0
    outer loop
      vertex 98.78756443470179 3.5 1
      vertex 98.7065686544842 3.6642431946888747 1
      vertex 98.7065686544842 3.6642431946888747 2.635
    endloop
  endfacet
  facet normal 0.9469301294950976 0.32143946530318557 0
    outer loop
      vertex 98.7065686544842 3.6642431946888747 1
      vertex 98.6477038431953 3.837653336856471 1
      vertex 98.6477038431953 3.837653336856471 2.635
    endloop
  endfacet
  facet normal 0.1950903220161268 0.9807852804032307 0
    outer loop
      vertex 99.63765333685647 2.847703843195305 1
      vertex 99.63765333685647 2.847703843195305 2.635
      vertex 99.81726333089193 2.8119771940766656 1
    endloop
  endfacet
  facet normal 0.06540312923014431 0.9978589232386035 0
    outer loop
      vertex 99.81726333089193 2.8119771940766656 1
      vertex 99.81726333089193 2.8119771940766656 2.635
      vertex 100 2.8000000000000003 1
    endloop
  endfacet
  facet normal 0.32143946530316014 0.946930129495106 0
    outer loop
      vertex 99.46424319468888 2.906568654484199 1
      vertex 99.46424319468888 2.906568654484199 2.635
      vertex 99.63765333685647 2.847703843195305 1
    endloop
  endfacet
  facet normal -0.06540312923014431 0.9978589232386035 0
    outer loop
      vertex 100 2.8000000000000003 1
      vertex 100 2.8000000000000003 2.635
      vertex 100.18273666910807 2.8119771940766656 1
    endloop
  endfacet
  facet normal -0.1950903220161268 0.9807852804032307 0
    outer loop
      vertex 100.18273666910807 2.8119771940766656 1
      vertex 100.18273666910807 2.8119771940766656 2.635
      vertex 100.36234666314353 2.847703843195305 1
    endloop
  endfacet
  facet normal -0.32143946530316014 0.946930129495106 0
    outer loop
      vertex 100.36234666314353 2.847703843195305 1
      vertex 100.36234666314353 2.847703843195305 2.635
      vertex 100.53575680531112 2.906568654484199 1
    endloop
  endfacet
  facet normal -0.4422886902189918 0.896872741532693 0
    outer loop
      vertex 100.53575680531112 2.906568654484199 1
      vertex 100.53575680531112 2.906568654484199 2.635
      vertex 100.7 2.9875644347017865 1
    endloop
  endfacet
  facet normal -0.5555702330196199 0.8314696123025334 0
    outer loop
      vertex 100.7 2.9875644347017865 1
      vertex 100.7 2.9875644347017865 2.635
      vertex 100.8522660006122 3.0893053235922707 1
    endloop
  endfacet
  facet normal -0.6593458151000424 0.7518398074790007 0
    outer loop
      vertex 100.8522660006122 3.0893053235922707 1
      vertex 100.8522660006122 3.0893053235922707 2.635
      vertex 100.98994949366117 3.210050506338834 1
    endloop
  endfacet
  facet normal -0.7518398074789825 0.659345815100063 0
    outer loop
      vertex 100.98994949366117 3.210050506338834 1
      vertex 100.98994949366117 3.210050506338834 2.635
      vertex 101.11069467640773 3.347733999387791 1
    endloop
  endfacet
  facet normal -0.8314696123025693 0.5555702330195662 0
    outer loop
      vertex 101.11069467640773 3.347733999387791 1
      vertex 101.11069467640773 3.347733999387791 2.635
      vertex 101.21243556529821 3.5 1
    endloop
  endfacet
  facet normal -0.8968727415326796 0.44228869021901895 0
    outer loop
      vertex 101.21243556529821 3.5 1
      vertex 101.21243556529821 3.5 2.635
      vertex 101.2934313455158 3.6642431946888747 1
    endloop
  endfacet
  facet normal -0.9469301294950976 0.32143946530318557 0
    outer loop
      vertex 101.2934313455158 3.6642431946888747 1
      vertex 101.2934313455158 3.6642431946888747 2.635
      vertex 101.3522961568047 3.837653336856471 1
    endloop
  endfacet
  facet normal -0.9807852804032404 0.1950903220160783 0
    outer loop
      vertex 101.3522961568047 3.837653336856471 1
      vertex 101.3522961568047 3.837653336856471 2.635
      vertex 101.38802280592333 4.017263330891928 1
    endloop
  endfacet
  facet normal -0.9978589232385988 0.06540312923021244 0
    outer loop
      vertex 101.38802280592333 4.017263330891928 1
      vertex 101.38802280592333 4.017263330891928 2.635
      vertex 101.4 4.2 1
    endloop
  endfacet
  facet normal 0.9978589232385988 0.06540312923021244 0
    outer loop
      vertex 98.6 4.2 1
      vertex 98.6 4.2 2.635
      vertex 98.61197719407667 4.017263330891928 1
    endloop
  endfacet
  facet normal 0.9978589232385988 -0.06540312923021244 0
    outer loop
      vertex 98.6 4.2 1
      vertex 98.61197719407667 4.3827366691080725 1
      vertex 98.61197719407667 4.3827366691080725 2.635
    endloop
  endfacet
  facet normal 0.9807852804032404 -0.1950903220160783 0
    outer loop
      vertex 98.61197719407667 4.3827366691080725 1
      vertex 98.6477038431953 4.562346663143529 1
      vertex 98.6477038431953 4.562346663143529 2.635
    endloop
  endfacet
  facet normal 0.9469301294950976 -0.32143946530318557 0
    outer loop
      vertex 98.6477038431953 4.562346663143529 1
      vertex 98.7065686544842 4.735756805311126 1
      vertex 98.7065686544842 4.735756805311126 2.635
    endloop
  endfacet
  facet normal 0.8968727415326796 -0.44228869021901895 0
    outer loop
      vertex 98.7065686544842 4.735756805311126 1
      vertex 98.78756443470179 4.9 1
      vertex 98.78756443470179 4.9 2.635
    endloop
  endfacet
  facet normal 0.8314696123025693 -0.5555702330195662 0
    outer loop
      vertex 98.78756443470179 4.9 1
      vertex 98.88930532359227 5.052266000612209 1
      vertex 98.88930532359227 5.052266000612209 2.635
    endloop
  endfacet
  facet normal 0.7518398074789825 -0.659345815100063 0
    outer loop
      vertex 98.88930532359227 5.052266000612209 1
      vertex 99.01005050633883 5.1899494936611665 1
      vertex 99.01005050633883 5.1899494936611665 2.635
    endloop
  endfacet
  facet normal 0.6593458151000424 -0.7518398074790007 0
    outer loop
      vertex 99.01005050633883 5.1899494936611665 1
      vertex 99.1477339993878 5.31069467640773 1
      vertex 99.1477339993878 5.31069467640773 2.635
    endloop
  endfacet
  facet normal 0.5555702330196199 -0.8314696123025334 0
    outer loop
      vertex 99.1477339993878 5.31069467640773 1
      vertex 99.3 5.412435565298214 1
      vertex 99.3 5.412435565298214 2.635
    endloop
  endfacet
  facet normal 0.44228869021899375 -0.896872741532692 0
    outer loop
      vertex 99.3 5.412435565298214 1
      vertex 99.46424319468888 5.493431345515802 1
      vertex 99.46424319468888 5.493431345515802 2.635
    endloop
  endfacet
  facet normal -0.8314696123025693 -0.5555702330195662 0
    outer loop
      vertex 101.11069467640773 5.052266000612209 1
      vertex 101.21243556529821 4.9 1
      vertex 101.21243556529821 4.9 2.635
    endloop
  endfacet
  facet normal -0.7518398074789825 -0.659345815100063 0
    outer loop
      vertex 100.98994949366117 5.1899494936611665 1
      vertex 101.11069467640773 5.052266000612209 1
      vertex 101.11069467640773 5.052266000612209 2.635
    endloop
  endfacet
  facet normal 0.321439465303158 -0.9469301294951069 0
    outer loop
      vertex 99.46424319468888 5.493431345515802 1
      vertex 99.63765333685647 5.552296156804696 1
      vertex 99.63765333685647 5.552296156804696 2.635
    endloop
  endfacet
  facet normal 0.1950903220161268 -0.9807852804032307 0
    outer loop
      vertex 99.63765333685647 5.552296156804696 1
      vertex 99.81726333089193 5.588022805923335 1
      vertex 99.81726333089193 5.588022805923335 2.635
    endloop
  endfacet
  facet normal 0.06540312923014191 -0.9978589232386036 0
    outer loop
      vertex 99.81726333089193 5.588022805923335 1
      vertex 100 5.6 1
      vertex 100 5.6 2.635
    endloop
  endfacet
  facet normal -0.06540312923014191 -0.9978589232386036 0
    outer loop
      vertex 100 5.6 1
      vertex 100.18273666910807 5.588022805923335 1
      vertex 100.18273666910807 5.588022805923335 2.635
    endloop
  endfacet
  facet normal -0.1950903220161268 -0.9807852804032307 0
    outer loop
      vertex 100.18273666910807 5.588022805923335 1
      vertex 100.36234666314353 5.552296156804696 1
      vertex 100.36234666314353 5.552296156804696 2.635
    endloop
  endfacet
  facet normal -0.5555702330196199 -0.8314696123025334 0
    outer loop
      vertex 100.7 5.412435565298214 1
      vertex 100.8522660006122 5.31069467640773 1
      vertex 100.8522660006122 5.31069467640773 2.635
    endloop
  endfacet
  facet normal -0.321439465303158 -0.9469301294951069 0
    outer loop
      vertex 100.36234666314353 5.552296156804696 1
      vertex 100.53575680531112 5.493431345515802 1
      vertex 100.53575680531112 5.493431345515802 2.635
    endloop
  endfacet
  facet normal -0.44228869021899375 -0.896872741532692 0
    outer loop
      vertex 100.53575680531112 5.493431345515802 1
      vertex 100.7 5.412435565298214 1
      vertex 100.7 5.412435565298214 2.635
    endloop
  endfacet
  facet normal -0.6593458151000424 -0.7518398074790007 0
    outer loop
      vertex 100.8522660006122 5.31069467640773 1
      vertex 100.98994949366117 5.1899494936611665 1
      vertex 100.98994949366117 5.1899494936611665 2.635
    endloop
  endfacet
  facet normal -0.9978589232385988 -0.06540312923021244 0
    outer loop
      vertex 101.4 4.2 1
      vertex 101.4 4.2 2.635
      vertex 101.38802280592333 4.3827366691080725 1
    endloop
  endfacet
  facet normal -0.9807852804032404 -0.1950903220160783 0
    outer loop
      vertex 101.3522961568047 4.562346663143529 1
      vertex 101.38802280592333 4.3827366691080725 1
      vertex 101.38802280592333 4.3827366691080725 2.635
    endloop
  endfacet
  facet normal -0.9469301294950976 -0.32143946530318557 0
    outer loop
      vertex 101.3522961568047 4.562346663143529 1
      vertex 101.3522961568047 4.562346663143529 2.635
      vertex 101.2934313455158 4.735756805311126 1
    endloop
  endfacet
  facet normal -0.8968727415326796 -0.44228869021901895 0
    outer loop
      vertex 101.21243556529821 4.9 1
      vertex 101.2934313455158 4.735756805311126 1
      vertex 101.2934313455158 4.735756805311126 2.635
    endloop
  endfacet
  facet normal 0.5555702330196199 0.8314696123025334 0
    outer loop
      vertex 99.3 2.9875644347017865 1
      vertex 99.1477339993878 3.0893053235922707 2.635
      vertex 99.3 2.9875644347017865 2.635
    endloop
  endfacet
  facet normal 0.4422886902189918 0.896872741532693 0
    outer loop
      vertex 99.46424319468888 2.906568654484199 1
      vertex 99.3 2.9875644347017865 2.635
      vertex 99.46424319468888 2.906568654484199 2.635
    endloop
  endfacet
  facet normal 0.9978589232385988 0.06540312923021244 0
    outer loop
      vertex 98.61197719407667 4.017263330891928 1
      vertex 98.6 4.2 2.635
      vertex 98.61197719407667 4.017263330891928 2.635
    endloop
  endfacet
  facet normal 0.7518398074789825 0.659345815100063 0
    outer loop
      vertex 99.01005050633883 3.210050506338834 1
      vertex 98.88930532359227 3.347733999387791 2.635
      vertex 99.01005050633883 3.210050506338834 2.635
    endloop
  endfacet
  facet normal 0.8968727415326796 0.44228869021901895 0
    outer loop
      vertex 98.78756443470179 3.5 1
      vertex 98.7065686544842 3.6642431946888747 2.635
      vertex 98.78756443470179 3.5 2.635
    endloop
  endfacet
  facet normal 0.8314696123025693 0.5555702330195662 0
    outer loop
      vertex 98.88930532359227 3.347733999387791 1
      vertex 98.78756443470179 3.5 2.635
      vertex 98.88930532359227 3.347733999387791 2.635
    endloop
  endfacet
  facet normal 0.6593458151000424 0.7518398074790007 0
    outer loop
      vertex 99.1477339993878 3.0893053235922707 1
      vertex 99.01005050633883 3.210050506338834 2.635
      vertex 99.1477339993878 3.0893053235922707 2.635
    endloop
  endfacet
  facet normal 0.9469301294950976 0.32143946530318557 0
    outer loop
      vertex 98.7065686544842 3.6642431946888747 1
      vertex 98.6477038431953 3.837653336856471 2.635
      vertex 98.7065686544842 3.6642431946888747 2.635
    endloop
  endfacet
  facet normal 0.9807852804032404 0.1950903220160783 0
    outer loop
      vertex 98.6477038431953 3.837653336856471 1
      vertex 98.61197719407667 4.017263330891928 2.635
      vertex 98.6477038431953 3.837653336856471 2.635
    endloop
  endfacet
  facet normal 0.1950903220161268 0.9807852804032307 0
    outer loop
      vertex 99.81726333089193 2.8119771940766656 1
      vertex 99.63765333685647 2.847703843195305 2.635
      vertex 99.81726333089193 2.8119771940766656 2.635
    endloop
  endfacet
  facet normal 0.32143946530316014 0.946930129495106 0
    outer loop
      vertex 99.63765333685647 2.847703843195305 1
      vertex 99.46424319468888 2.906568654484199 2.635
      vertex 99.63765333685647 2.847703843195305 2.635
    endloop
  endfacet
  facet normal 0.06540312923014431 0.9978589232386035 0
    outer loop
      vertex 100 2.8000000000000003 1
      vertex 99.81726333089193 2.8119771940766656 2.635
      vertex 100 2.8000000000000003 2.635
    endloop
  endfacet
  facet normal -0.06540312923014431 0.9978589232386035 0
    outer loop
      vertex 100.18273666910807 2.8119771940766656 1
      vertex 100 2.8000000000000003 2.635
      vertex 100.18273666910807 2.8119771940766656 2.635
    endloop
  endfacet
  facet normal -0.1950903220161268 0.9807852804032307 0
    outer loop
      vertex 100.36234666314353 2.847703843195305 1
      vertex 100.18273666910807 2.8119771940766656 2.635
      vertex 100.36234666314353 2.847703843195305 2.635
    endloop
  endfacet
  facet normal -0.32143946530316014 0.946930129495106 0
    outer loop
      vertex 100.53575680531112 2.906568654484199 1
      vertex 100.36234666314353 2.847703843195305 2.635
      vertex 100.53575680531112 2.906568654484199 2.635
    endloop
  endfacet
  facet normal -0.4422886902189918 0.896872741532693 0
    outer loop
      vertex 100.7 2.9875644347017865 1
      vertex 100.53575680531112 2.906568654484199 2.635
      vertex 100.7 2.9875644347017865 2.635
    endloop
  endfacet
  facet normal -0.5555702330196199 0.8314696123025334 0
    outer loop
      vertex 100.8522660006122 3.0893053235922707 1
      vertex 100.7 2.9875644347017865 2.635
      vertex 100.8522660006122 3.0893053235922707 2.635
    endloop
  endfacet
  facet normal -0.6593458151000424 0.7518398074790007 0
    outer loop
      vertex 100.98994949366117 3.210050506338834 1
      vertex 100.8522660006122 3.0893053235922707 2.635
      vertex 100.98994949366117 3.210050506338834 2.635
    endloop
  endfacet
  facet normal -0.7518398074789825 0.659345815100063 0
    outer loop
      vertex 101.11069467640773 3.347733999387791 1
      vertex 100.98994949366117 3.210050506338834 2.635
      vertex 101.11069467640773 3.347733999387791 2.635
    endloop
  endfacet
  facet normal -0.8314696123025693 0.5555702330195662 0
    outer loop
      vertex 101.21243556529821 3.5 1
      vertex 101.11069467640773 3.347733999387791 2.635
      vertex 101.21243556529821 3.5 2.635
    endloop
  endfacet
  facet normal -0.8968727415326796 0.44228869021901895 0
    outer loop
      vertex 101.2934313455158 3.6642431946888747 1
      vertex 101.21243556529821 3.5 2.635
      vertex 101.2934313455158 3.6642431946888747 2.635
    endloop
  endfacet
  facet normal -0.9469301294950976 0.32143946530318557 0
    outer loop
      vertex 101.3522961568047 3.837653336856471 1
      vertex 101.2934313455158 3.6642431946888747 2.635
      vertex 101.3522961568047 3.837653336856471 2.635
    endloop
  endfacet
  facet normal -0.9807852804032404 0.1950903220160783 0
    outer loop
      vertex 101.38802280592333 4.017263330891928 1
      vertex 101.3522961568047 3.837653336856471 2.635
      vertex 101.38802280592333 4.017263330891928 2.635
    endloop
  endfacet
  facet normal 0.9978589232385988 -0.06540312923021244 0
    outer loop
      vertex 98.6 4.2 1
      vertex 98.61197719407667 4.3827366691080725 2.635
      vertex 98.6 4.2 2.635
    endloop
  endfacet
  facet normal 0.9807852804032404 -0.1950903220160783 0
    outer loop
      vertex 98.61197719407667 4.3827366691080725 1
      vertex 98.6477038431953 4.562346663143529 2.635
      vertex 98.61197719407667 4.3827366691080725 2.635
    endloop
  endfacet
  facet normal 0.9469301294950976 -0.32143946530318557 0
    outer loop
      vertex 98.6477038431953 4.562346663143529 1
      vertex 98.7065686544842 4.735756805311126 2.635
      vertex 98.6477038431953 4.562346663143529 2.635
    endloop
  endfacet
  facet normal 0.8968727415326796 -0.44228869021901895 0
    outer loop
      vertex 98.7065686544842 4.735756805311126 1
      vertex 98.78756443470179 4.9 2.635
      vertex 98.7065686544842 4.735756805311126 2.635
    endloop
  endfacet
  facet normal 0.8314696123025693 -0.5555702330195662 0
    outer loop
      vertex 98.78756443470179 4.9 1
      vertex 98.88930532359227 5.052266000612209 2.635
      vertex 98.78756443470179 4.9 2.635
    endloop
  endfacet
  facet normal 0.7518398074789825 -0.659345815100063 0
    outer loop
      vertex 98.88930532359227 5.052266000612209 1
      vertex 99.01005050633883 5.1899494936611665 2.635
      vertex 98.88930532359227 5.052266000612209 2.635
    endloop
  endfacet
  facet normal 0.6593458151000424 -0.7518398074790007 0
    outer loop
      vertex 99.01005050633883 5.1899494936611665 1
      vertex 99.1477339993878 5.31069467640773 2.635
      vertex 99.01005050633883 5.1899494936611665 2.635
    endloop
  endfacet
  facet normal 0.5555702330196199 -0.8314696123025334 0
    outer loop
      vertex 99.1477339993878 5.31069467640773 1
      vertex 99.3 5.412435565298214 2.635
      vertex 99.1477339993878 5.31069467640773 2.635
    endloop
  endfacet
  facet normal 0.44228869021899375 -0.896872741532692 0
    outer loop
      vertex 99.3 5.412435565298214 1
      vertex 99.46424319468888 5.493431345515802 2.635
      vertex 99.3 5.412435565298214 2.635
    endloop
  endfacet
  facet normal -0.8968727415326796 -0.44228869021901895 0
    outer loop
      vertex 101.21243556529821 4.9 1
      vertex 101.2934313455158 4.735756805311126 2.635
      vertex 101.21243556529821 4.9 2.635
    endloop
  endfacet
  facet normal -0.7518398074789825 -0.659345815100063 0
    outer loop
      vertex 100.98994949366117 5.1899494936611665 1
      vertex 101.11069467640773 5.052266000612209 2.635
      vertex 100.98994949366117 5.1899494936611665 2.635
    endloop
  endfacet
  facet normal -0.8314696123025693 -0.5555702330195662 0
    outer loop
      vertex 101.11069467640773 5.052266000612209 1
      vertex 101.21243556529821 4.9 2.635
      vertex 101.11069467640773 5.052266000612209 2.635
    endloop
  endfacet
  facet normal 0.321439465303158 -0.9469301294951069 0
    outer loop
      vertex 99.46424319468888 5.493431345515802 1
      vertex 99.63765333685647 5.552296156804696 2.635
      vertex 99.46424319468888 5.493431345515802 2.635
    endloop
  endfacet
  facet normal 0.1950903220161268 -0.9807852804032307 0
    outer loop
      vertex 99.63765333685647 5.552296156804696 1
      vertex 99.81726333089193 5.588022805923335 2.635
      vertex 99.63765333685647 5.552296156804696 2.635
    endloop
  endfacet
  facet normal 0.06540312923014191 -0.9978589232386036 0
    outer loop
      vertex 99.81726333089193 5.588022805923335 1
      vertex 100 5.6 2.635
      vertex 99.81726333089193 5.588022805923335 2.635
    endloop
  endfacet
  facet normal -0.06540312923014191 -0.9978589232386036 0
    outer loop
      vertex 100 5.6 1
      vertex 100.18273666910807 5.588022805923335 2.635
      vertex 100 5.6 2.635
    endloop
  endfacet
  facet normal -0.1950903220161268 -0.9807852804032307 0
    outer loop
      vertex 100.18273666910807 5.588022805923335 1
      vertex 100.36234666314353 5.552296156804696 2.635
      vertex 100.18273666910807 5.588022805923335 2.635
    endloop
  endfacet
  facet normal -0.5555702330196199 -0.8314696123025334 0
    outer loop
      vertex 100.7 5.412435565298214 1
      vertex 100.8522660006122 5.31069467640773 2.635
      vertex 100.7 5.412435565298214 2.635
    endloop
  endfacet
  facet normal -0.321439465303158 -0.9469301294951069 0
    outer loop
      vertex 100.36234666314353 5.552296156804696 1
      vertex 100.53575680531112 5.493431345515802 2.635
      vertex 100.36234666314353 5.552296156804696 2.635
    endloop
  endfacet
  facet normal -0.44228869021899375 -0.896872741532692 0
    outer loop
      vertex 100.53575680531112 5.493431345515802 1
      vertex 100.7 5.412435565298214 2.635
      vertex 100.53575680531112 5.493431345515802 2.635
    endloop
  endfacet
  facet normal -0.6593458151000424 -0.7518398074790007 0
    outer loop
      vertex 100.8522660006122 5.31069467640773 1
      vertex 100.98994949366117 5.1899494936611665 2.635
      vertex 100.8522660006122 5.31069467640773 2.635
    endloop
  endfacet
  facet normal -0.9978589232385988 0.06540312923021244 0
    outer loop
      vertex 101.4 4.2 1
      vertex 101.38802280592333 4.017263330891928 2.635
      vertex 101.4 4.2 2.635
    endloop
  endfacet
  facet normal -0.9978589232385988 -0.06540312923021244 0
    outer loop
      vertex 101.38802280592333 4.3827366691080725 1
      vertex 101.4 4.2 2.635
      vertex 101.38802280592333 4.3827366691080725 2.635
    endloop
  endfacet
  facet normal -0.9807852804032404 -0.1950903220160783 0
    outer loop
      vertex 101.3522961568047 4.562346663143529 1
      vertex 101.38802280592333 4.3827366691080725 2.635
      vertex 101.3522961568047 4.562346663143529 2.635
    endloop
  endfacet
  facet normal -0.9469301294950976 -0.32143946530318557 0
    outer loop
      vertex 101.2934313455158 4.735756805311126 1
      vertex 101.3522961568047 4.562346663143529 2.635
      vertex 101.2934313455158 4.735756805311126 2.635
    endloop
  endfacet
  facet normal 0.5555702330196133 0.8314696123025378 0
    outer loop
      vertex 94.1477339993878 60.58930532359227 1
      vertex 94.1477339993878 60.58930532359227 2.635
      vertex 94.3 60.48756443470179 1
    endloop
  endfacet
  facet normal 0.751839807478974 0.6593458151000726 0
    outer loop
      vertex 93.88930532359227 60.84773399938779 1
      vertex 93.88930532359227 60.84773399938779 2.635
      vertex 94.01005050633883 60.71005050633884 1
    endloop
  endfacet
  facet normal 0.6593458151000561 0.7518398074789886 0
    outer loop
      vertex 94.1477339993878 60.58930532359227 1
      vertex 94.01005050633883 60.71005050633884 1
      vertex 94.01005050633883 60.71005050633884 2.635
    endloop
  endfacet
  facet normal 0.8968727415326843 0.44228869021900935 0
    outer loop
      vertex 93.78756443470179 61 1
      vertex 93.7065686544842 61.16424319468888 1
      vertex 93.7065686544842 61.16424319468888 2.635
    endloop
  endfacet
  facet normal 0.946930129495098 0.321439465303184 0
    outer loop
      vertex 93.7065686544842 61.16424319468888 1
      vertex 93.6477038431953 61.33765333685648 1
      vertex 93.6477038431953 61.33765333685648 2.635
    endloop
  endfacet
  facet normal 0.8314696123025678 0.5555702330195684 0
    outer loop
      vertex 93.78756443470179 61 1
      vertex 93.78756443470179 61 2.635
      vertex 93.88930532359227 60.84773399938779 1
    endloop
  endfacet
  facet normal 0.9807852804032394 0.1950903220160829 0
    outer loop
      vertex 93.6477038431953 61.33765333685648 1
      vertex 93.61197719407667 61.51726333089193 1
      vertex 93.61197719407667 61.51726333089193 2.635
    endloop
  endfacet
  facet normal 0.9978589232385989 0.0654031292302118 0
    outer loop
      vertex 93.61197719407667 61.51726333089193 1
      vertex 93.6 61.7 1
      vertex 93.6 61.7 2.635
    endloop
  endfacet
  facet normal 0.9978589232385989 -0.0654031292302118 0
    outer loop
      vertex 93.6 61.7 1
      vertex 93.61197719407667 61.88273666910808 1
      vertex 93.61197719407667 61.88273666910808 2.635
    endloop
  endfacet
  facet normal 0.06540312923013708 0.997858923238604 0
    outer loop
      vertex 94.81726333089193 60.31197719407667 1
      vertex 94.81726333089193 60.31197719407667 2.635
      vertex 95 60.300000000000004 1
    endloop
  endfacet
  facet normal -0.06540312923013708 0.997858923238604 0
    outer loop
      vertex 95 60.300000000000004 1
      vertex 95 60.300000000000004 2.635
      vertex 95.18273666910807 60.31197719407667 1
    endloop
  endfacet
  facet normal 0.44228869021897815 0.8968727415326997 0
    outer loop
      vertex 94.3 60.48756443470179 1
      vertex 94.3 60.48756443470179 2.635
      vertex 94.46424319468888 60.406568654484204 1
    endloop
  endfacet
  facet normal 0.321439465303184 0.946930129495098 0
    outer loop
      vertex 94.46424319468888 60.406568654484204 1
      vertex 94.46424319468888 60.406568654484204 2.635
      vertex 94.63765333685647 60.347703843195305 1
    endloop
  endfacet
  facet normal 0.19509032201611282 0.9807852804032337 0
    outer loop
      vertex 94.63765333685647 60.347703843195305 1
      vertex 94.63765333685647 60.347703843195305 2.635
      vertex 94.81726333089193 60.31197719407667 1
    endloop
  endfacet
  facet normal -0.19509032201611282 0.9807852804032337 0
    outer loop
      vertex 95.18273666910807 60.31197719407667 1
      vertex 95.18273666910807 60.31197719407667 2.635
      vertex 95.36234666314353 60.347703843195305 1
    endloop
  endfacet
  facet normal -0.321439465303184 0.946930129495098 0
    outer loop
      vertex 95.36234666314353 60.347703843195305 1
      vertex 95.36234666314353 60.347703843195305 2.635
      vertex 95.53575680531112 60.406568654484204 1
    endloop
  endfacet
  facet normal -0.44228869021897815 0.8968727415326997 0
    outer loop
      vertex 95.53575680531112 60.406568654484204 1
      vertex 95.53575680531112 60.406568654484204 2.635
      vertex 95.7 60.48756443470179 1
    endloop
  endfacet
  facet normal -0.5555702330196133 0.8314696123025378 0
    outer loop
      vertex 95.7 60.48756443470179 1
      vertex 95.7 60.48756443470179 2.635
      vertex 95.8522660006122 60.58930532359227 1
    endloop
  endfacet
  facet normal -0.6593458151000561 0.7518398074789886 0
    outer loop
      vertex 95.8522660006122 60.58930532359227 1
      vertex 95.8522660006122 60.58930532359227 2.635
      vertex 95.98994949366117 60.71005050633884 1
    endloop
  endfacet
  facet normal 0.9807852804032394 -0.1950903220160829 0
    outer loop
      vertex 93.61197719407667 61.88273666910808 1
      vertex 93.6477038431953 62.06234666314353 1
      vertex 93.6477038431953 62.06234666314353 2.635
    endloop
  endfacet
  facet normal 0.946930129495098 -0.321439465303184 0
    outer loop
      vertex 93.6477038431953 62.06234666314353 1
      vertex 93.7065686544842 62.23575680531113 1
      vertex 93.7065686544842 62.23575680531113 2.635
    endloop
  endfacet
  facet normal 0.8968727415326843 -0.44228869021900935 0
    outer loop
      vertex 93.7065686544842 62.23575680531113 1
      vertex 93.78756443470179 62.400000000000006 1
      vertex 93.78756443470179 62.400000000000006 2.635
    endloop
  endfacet
  facet normal 0.8314696123025678 -0.5555702330195684 0
    outer loop
      vertex 93.78756443470179 62.400000000000006 1
      vertex 93.88930532359227 62.552266000612214 1
      vertex 93.88930532359227 62.552266000612214 2.635
    endloop
  endfacet
  facet normal 0.751839807478974 -0.6593458151000726 0
    outer loop
      vertex 93.88930532359227 62.552266000612214 1
      vertex 94.01005050633883 62.68994949366117 1
      vertex 94.01005050633883 62.68994949366117 2.635
    endloop
  endfacet
  facet normal 0.6593458151000561 -0.7518398074789886 0
    outer loop
      vertex 94.01005050633883 62.68994949366117 1
      vertex 94.1477339993878 62.810694676407735 1
      vertex 94.1477339993878 62.810694676407735 2.635
    endloop
  endfacet
  facet normal 0.5555702330196133 -0.8314696123025378 0
    outer loop
      vertex 94.1477339993878 62.810694676407735 1
      vertex 94.3 62.91243556529822 1
      vertex 94.3 62.91243556529822 2.635
    endloop
  endfacet
  facet normal -0.6593458151000561 -0.7518398074789886 0
    outer loop
      vertex 95.8522660006122 62.810694676407735 1
      vertex 95.98994949366117 62.68994949366117 1
      vertex 95.98994949366117 62.68994949366117 2.635
    endloop
  endfacet
  facet normal -0.5555702330196133 -0.8314696123025378 0
    outer loop
      vertex 95.7 62.91243556529822 1
      vertex 95.8522660006122 62.810694676407735 1
      vertex 95.8522660006122 62.810694676407735 2.635
    endloop
  endfacet
  facet normal 0.44228869021897815 -0.8968727415326997 0
    outer loop
      vertex 94.3 62.91243556529822 1
      vertex 94.46424319468888 62.9934313455158 1
      vertex 94.46424319468888 62.9934313455158 2.635
    endloop
  endfacet
  facet normal 0.321439465303184 -0.946930129495098 0
    outer loop
      vertex 94.46424319468888 62.9934313455158 1
      vertex 94.63765333685647 63.0522961568047 1
      vertex 94.63765333685647 63.0522961568047 2.635
    endloop
  endfacet
  facet normal 0.19509032201611282 -0.9807852804032337 0
    outer loop
      vertex 94.63765333685647 63.0522961568047 1
      vertex 94.81726333089193 63.08802280592334 1
      vertex 94.81726333089193 63.08802280592334 2.635
    endloop
  endfacet
  facet normal 0.06540312923013708 -0.997858923238604 0
    outer loop
      vertex 94.81726333089193 63.08802280592334 1
      vertex 95 63.1 1
      vertex 95 63.1 2.635
    endloop
  endfacet
  facet normal -0.06540312923013708 -0.997858923238604 0
    outer loop
      vertex 95 63.1 1
      vertex 95.18273666910807 63.08802280592334 1
      vertex 95.18273666910807 63.08802280592334 2.635
    endloop
  endfacet
  facet normal -0.19509032201611282 -0.9807852804032337 0
    outer loop
      vertex 95.18273666910807 63.08802280592334 1
      vertex 95.36234666314353 63.0522961568047 1
      vertex 95.36234666314353 63.0522961568047 2.635
    endloop
  endfacet
  facet normal -0.321439465303184 -0.946930129495098 0
    outer loop
      vertex 95.36234666314353 63.0522961568047 1
      vertex 95.53575680531112 62.9934313455158 1
      vertex 95.53575680531112 62.9934313455158 2.635
    endloop
  endfacet
  facet normal -0.44228869021897815 -0.8968727415326997 0
    outer loop
      vertex 95.53575680531112 62.9934313455158 1
      vertex 95.7 62.91243556529822 1
      vertex 95.7 62.91243556529822 2.635
    endloop
  endfacet
  facet normal -0.751839807478974 0.6593458151000726 0
    outer loop
      vertex 95.98994949366117 60.71005050633884 1
      vertex 95.98994949366117 60.71005050633884 2.635
      vertex 96.11069467640773 60.84773399938779 1
    endloop
  endfacet
  facet normal -0.8314696123025678 0.5555702330195684 0
    outer loop
      vertex 96.11069467640773 60.84773399938779 1
      vertex 96.11069467640773 60.84773399938779 2.635
      vertex 96.21243556529821 61 1
    endloop
  endfacet
  facet normal -0.8968727415326843 0.44228869021900935 0
    outer loop
      vertex 96.21243556529821 61 1
      vertex 96.21243556529821 61 2.635
      vertex 96.2934313455158 61.16424319468888 1
    endloop
  endfacet
  facet normal -0.946930129495098 0.321439465303184 0
    outer loop
      vertex 96.2934313455158 61.16424319468888 1
      vertex 96.2934313455158 61.16424319468888 2.635
      vertex 96.3522961568047 61.33765333685648 1
    endloop
  endfacet
  facet normal -0.9807852804032394 0.1950903220160829 0
    outer loop
      vertex 96.3522961568047 61.33765333685648 1
      vertex 96.3522961568047 61.33765333685648 2.635
      vertex 96.38802280592333 61.51726333089193 1
    endloop
  endfacet
  facet normal -0.9978589232385989 0.0654031292302118 0
    outer loop
      vertex 96.38802280592333 61.51726333089193 1
      vertex 96.38802280592333 61.51726333089193 2.635
      vertex 96.4 61.7 1
    endloop
  endfacet
  facet normal -0.9978589232385989 -0.0654031292302118 0
    outer loop
      vertex 96.4 61.7 1
      vertex 96.4 61.7 2.635
      vertex 96.38802280592333 61.88273666910808 1
    endloop
  endfacet
  facet normal -0.9807852804032394 -0.1950903220160829 0
    outer loop
      vertex 96.38802280592333 61.88273666910808 1
      vertex 96.38802280592333 61.88273666910808 2.635
      vertex 96.3522961568047 62.06234666314353 1
    endloop
  endfacet
  facet normal -0.946930129495098 -0.321439465303184 0
    outer loop
      vertex 96.2934313455158 62.23575680531113 1
      vertex 96.3522961568047 62.06234666314353 1
      vertex 96.3522961568047 62.06234666314353 2.635
    endloop
  endfacet
  facet normal -0.8968727415326843 -0.44228869021900935 0
    outer loop
      vertex 96.2934313455158 62.23575680531113 1
      vertex 96.2934313455158 62.23575680531113 2.635
      vertex 96.21243556529821 62.400000000000006 1
    endloop
  endfacet
  facet normal -0.8314696123025678 -0.5555702330195684 0
    outer loop
      vertex 96.11069467640773 62.552266000612214 1
      vertex 96.21243556529821 62.400000000000006 1
      vertex 96.21243556529821 62.400000000000006 2.635
    endloop
  endfacet
  facet normal -0.751839807478974 -0.6593458151000726 0
    outer loop
      vertex 96.11069467640773 62.552266000612214 1
      vertex 96.11069467640773 62.552266000612214 2.635
      vertex 95.98994949366117 62.68994949366117 1
    endloop
  endfacet
  facet normal 0.5555702330196133 0.8314696123025378 0
    outer loop
      vertex 94.3 60.48756443470179 1
      vertex 94.1477339993878 60.58930532359227 2.635
      vertex 94.3 60.48756443470179 2.635
    endloop
  endfacet
  facet normal 0.751839807478974 0.6593458151000726 0
    outer loop
      vertex 94.01005050633883 60.71005050633884 1
      vertex 93.88930532359227 60.84773399938779 2.635
      vertex 94.01005050633883 60.71005050633884 2.635
    endloop
  endfacet
  facet normal 0.6593458151000561 0.7518398074789886 0
    outer loop
      vertex 94.1477339993878 60.58930532359227 1
      vertex 94.01005050633883 60.71005050633884 2.635
      vertex 94.1477339993878 60.58930532359227 2.635
    endloop
  endfacet
  facet normal 0.8968727415326843 0.44228869021900935 0
    outer loop
      vertex 93.78756443470179 61 1
      vertex 93.7065686544842 61.16424319468888 2.635
      vertex 93.78756443470179 61 2.635
    endloop
  endfacet
  facet normal 0.946930129495098 0.321439465303184 0
    outer loop
      vertex 93.7065686544842 61.16424319468888 1
      vertex 93.6477038431953 61.33765333685648 2.635
      vertex 93.7065686544842 61.16424319468888 2.635
    endloop
  endfacet
  facet normal 0.8314696123025678 0.5555702330195684 0
    outer loop
      vertex 93.88930532359227 60.84773399938779 1
      vertex 93.78756443470179 61 2.635
      vertex 93.88930532359227 60.84773399938779 2.635
    endloop
  endfacet
  facet normal 0.9807852804032394 0.1950903220160829 0
    outer loop
      vertex 93.6477038431953 61.33765333685648 1
      vertex 93.61197719407667 61.51726333089193 2.635
      vertex 93.6477038431953 61.33765333685648 2.635
    endloop
  endfacet
  facet normal 0.9978589232385989 0.0654031292302118 0
    outer loop
      vertex 93.61197719407667 61.51726333089193 1
      vertex 93.6 61.7 2.635
      vertex 93.61197719407667 61.51726333089193 2.635
    endloop
  endfacet
  facet normal 0.9978589232385989 -0.0654031292302118 0
    outer loop
      vertex 93.6 61.7 1
      vertex 93.61197719407667 61.88273666910808 2.635
      vertex 93.6 61.7 2.635
    endloop
  endfacet
  facet normal 0.19509032201611282 0.9807852804032337 0
    outer loop
      vertex 94.81726333089193 60.31197719407667 1
      vertex 94.63765333685647 60.347703843195305 2.635
      vertex 94.81726333089193 60.31197719407667 2.635
    endloop
  endfacet
  facet normal 0.06540312923013708 0.997858923238604 0
    outer loop
      vertex 95 60.300000000000004 1
      vertex 94.81726333089193 60.31197719407667 2.635
      vertex 95 60.300000000000004 2.635
    endloop
  endfacet
  facet normal -0.06540312923013708 0.997858923238604 0
    outer loop
      vertex 95.18273666910807 60.31197719407667 1
      vertex 95 60.300000000000004 2.635
      vertex 95.18273666910807 60.31197719407667 2.635
    endloop
  endfacet
  facet normal 0.44228869021897815 0.8968727415326997 0
    outer loop
      vertex 94.46424319468888 60.406568654484204 1
      vertex 94.3 60.48756443470179 2.635
      vertex 94.46424319468888 60.406568654484204 2.635
    endloop
  endfacet
  facet normal 0.321439465303184 0.946930129495098 0
    outer loop
      vertex 94.63765333685647 60.347703843195305 1
      vertex 94.46424319468888 60.406568654484204 2.635
      vertex 94.63765333685647 60.347703843195305 2.635
    endloop
  endfacet
  facet normal -0.19509032201611282 0.9807852804032337 0
    outer loop
      vertex 95.36234666314353 60.347703843195305 1
      vertex 95.18273666910807 60.31197719407667 2.635
      vertex 95.36234666314353 60.347703843195305 2.635
    endloop
  endfacet
  facet normal -0.321439465303184 0.946930129495098 0
    outer loop
      vertex 95.53575680531112 60.406568654484204 1
      vertex 95.36234666314353 60.347703843195305 2.635
      vertex 95.53575680531112 60.406568654484204 2.635
    endloop
  endfacet
  facet normal -0.44228869021897815 0.8968727415326997 0
    outer loop
      vertex 95.7 60.48756443470179 1
      vertex 95.53575680531112 60.406568654484204 2.635
      vertex 95.7 60.48756443470179 2.635
    endloop
  endfacet
  facet normal -0.5555702330196133 0.8314696123025378 0
    outer loop
      vertex 95.8522660006122 60.58930532359227 1
      vertex 95.7 60.48756443470179 2.635
      vertex 95.8522660006122 60.58930532359227 2.635
    endloop
  endfacet
  facet normal -0.6593458151000561 0.7518398074789886 0
    outer loop
      vertex 95.98994949366117 60.71005050633884 1
      vertex 95.8522660006122 60.58930532359227 2.635
      vertex 95.98994949366117 60.71005050633884 2.635
    endloop
  endfacet
  facet normal 0.9807852804032394 -0.1950903220160829 0
    outer loop
      vertex 93.61197719407667 61.88273666910808 1
      vertex 93.6477038431953 62.06234666314353 2.635
      vertex 93.61197719407667 61.88273666910808 2.635
    endloop
  endfacet
  facet normal 0.946930129495098 -0.321439465303184 0
    outer loop
      vertex 93.6477038431953 62.06234666314353 1
      vertex 93.7065686544842 62.23575680531113 2.635
      vertex 93.6477038431953 62.06234666314353 2.635
    endloop
  endfacet
  facet normal 0.8968727415326843 -0.44228869021900935 0
    outer loop
      vertex 93.7065686544842 62.23575680531113 1
      vertex 93.78756443470179 62.400000000000006 2.635
      vertex 93.7065686544842 62.23575680531113 2.635
    endloop
  endfacet
  facet normal 0.8314696123025678 -0.5555702330195684 0
    outer loop
      vertex 93.78756443470179 62.400000000000006 1
      vertex 93.88930532359227 62.552266000612214 2.635
      vertex 93.78756443470179 62.400000000000006 2.635
    endloop
  endfacet
  facet normal 0.751839807478974 -0.6593458151000726 0
    outer loop
      vertex 93.88930532359227 62.552266000612214 1
      vertex 94.01005050633883 62.68994949366117 2.635
      vertex 93.88930532359227 62.552266000612214 2.635
    endloop
  endfacet
  facet normal 0.6593458151000561 -0.7518398074789886 0
    outer loop
      vertex 94.01005050633883 62.68994949366117 1
      vertex 94.1477339993878 62.810694676407735 2.635
      vertex 94.01005050633883 62.68994949366117 2.635
    endloop
  endfacet
  facet normal 0.5555702330196133 -0.8314696123025378 0
    outer loop
      vertex 94.1477339993878 62.810694676407735 1
      vertex 94.3 62.91243556529822 2.635
      vertex 94.1477339993878 62.810694676407735 2.635
    endloop
  endfacet
  facet normal -0.5555702330196133 -0.8314696123025378 0
    outer loop
      vertex 95.7 62.91243556529822 1
      vertex 95.8522660006122 62.810694676407735 2.635
      vertex 95.7 62.91243556529822 2.635
    endloop
  endfacet
  facet normal -0.6593458151000561 -0.7518398074789886 0
    outer loop
      vertex 95.8522660006122 62.810694676407735 1
      vertex 95.98994949366117 62.68994949366117 2.635
      vertex 95.8522660006122 62.810694676407735 2.635
    endloop
  endfacet
  facet normal 0.44228869021897815 -0.8968727415326997 0
    outer loop
      vertex 94.3 62.91243556529822 1
      vertex 94.46424319468888 62.9934313455158 2.635
      vertex 94.3 62.91243556529822 2.635
    endloop
  endfacet
  facet normal 0.321439465303184 -0.946930129495098 0
    outer loop
      vertex 94.46424319468888 62.9934313455158 1
      vertex 94.63765333685647 63.0522961568047 2.635
      vertex 94.46424319468888 62.9934313455158 2.635
    endloop
  endfacet
  facet normal 0.19509032201611282 -0.9807852804032337 0
    outer loop
      vertex 94.63765333685647 63.0522961568047 1
      vertex 94.81726333089193 63.08802280592334 2.635
      vertex 94.63765333685647 63.0522961568047 2.635
    endloop
  endfacet
  facet normal 0.06540312923013708 -0.997858923238604 0
    outer loop
      vertex 94.81726333089193 63.08802280592334 1
      vertex 95 63.1 2.635
      vertex 94.81726333089193 63.08802280592334 2.635
    endloop
  endfacet
  facet normal -0.06540312923013708 -0.997858923238604 0
    outer loop
      vertex 95 63.1 1
      vertex 95.18273666910807 63.08802280592334 2.635
      vertex 95 63.1 2.635
    endloop
  endfacet
  facet normal -0.19509032201611282 -0.9807852804032337 0
    outer loop
      vertex 95.18273666910807 63.08802280592334 1
      vertex 95.36234666314353 63.0522961568047 2.635
      vertex 95.18273666910807 63.08802280592334 2.635
    endloop
  endfacet
  facet normal -0.321439465303184 -0.946930129495098 0
    outer loop
      vertex 95.36234666314353 63.0522961568047 1
      vertex 95.53575680531112 62.9934313455158 2.635
      vertex 95.36234666314353 63.0522961568047 2.635
    endloop
  endfacet
  facet normal -0.44228869021897815 -0.8968727415326997 0
    outer loop
      vertex 95.53575680531112 62.9934313455158 1
      vertex 95.7 62.91243556529822 2.635
      vertex 95.53575680531112 62.9934313455158 2.635
    endloop
  endfacet
  facet normal -0.751839807478974 0.6593458151000726 0
    outer loop
      vertex 96.11069467640773 60.84773399938779 1
      vertex 95.98994949366117 60.71005050633884 2.635
      vertex 96.11069467640773 60.84773399938779 2.635
    endloop
  endfacet
  facet normal -0.8314696123025678 0.5555702330195684 0
    outer loop
      vertex 96.21243556529821 61 1
      vertex 96.11069467640773 60.84773399938779 2.635
      vertex 96.21243556529821 61 2.635
    endloop
  endfacet
  facet normal -0.8968727415326843 0.44228869021900935 0
    outer loop
      vertex 96.2934313455158 61.16424319468888 1
      vertex 96.21243556529821 61 2.635
      vertex 96.2934313455158 61.16424319468888 2.635
    endloop
  endfacet
  facet normal -0.946930129495098 0.321439465303184 0
    outer loop
      vertex 96.3522961568047 61.33765333685648 1
      vertex 96.2934313455158 61.16424319468888 2.635
      vertex 96.3522961568047 61.33765333685648 2.635
    endloop
  endfacet
  facet normal -0.9807852804032394 0.1950903220160829 0
    outer loop
      vertex 96.38802280592333 61.51726333089193 1
      vertex 96.3522961568047 61.33765333685648 2.635
      vertex 96.38802280592333 61.51726333089193 2.635
    endloop
  endfacet
  facet normal -0.9978589232385989 0.0654031292302118 0
    outer loop
      vertex 96.4 61.7 1
      vertex 96.38802280592333 61.51726333089193 2.635
      vertex 96.4 61.7 2.635
    endloop
  endfacet
  facet normal -0.9978589232385989 -0.0654031292302118 0
    outer loop
      vertex 96.38802280592333 61.88273666910808 1
      vertex 96.4 61.7 2.635
      vertex 96.38802280592333 61.88273666910808 2.635
    endloop
  endfacet
  facet normal -0.9807852804032394 -0.1950903220160829 0
    outer loop
      vertex 96.3522961568047 62.06234666314353 1
      vertex 96.38802280592333 61.88273666910808 2.635
      vertex 96.3522961568047 62.06234666314353 2.635
    endloop
  endfacet
  facet normal -0.946930129495098 -0.321439465303184 0
    outer loop
      vertex 96.2934313455158 62.23575680531113 1
      vertex 96.3522961568047 62.06234666314353 2.635
      vertex 96.2934313455158 62.23575680531113 2.635
    endloop
  endfacet
  facet normal -0.8968727415326843 -0.44228869021900935 0
    outer loop
      vertex 96.21243556529821 62.400000000000006 1
      vertex 96.2934313455158 62.23575680531113 2.635
      vertex 96.21243556529821 62.400000000000006 2.635
    endloop
  endfacet
  facet normal -0.8314696123025678 -0.5555702330195684 0
    outer loop
      vertex 96.11069467640773 62.552266000612214 1
      vertex 96.21243556529821 62.400000000000006 2.635
      vertex 96.11069467640773 62.552266000612214 2.635
    endloop
  endfacet
  facet normal -0.751839807478974 -0.6593458151000726 0
    outer loop
      vertex 95.98994949366117 62.68994949366117 1
      vertex 96.11069467640773 62.552266000612214 2.635
      vertex 95.98994949366117 62.68994949366117 2.635
    endloop
  endfacet
  facet normal 0.22866222972158365 0.6736172068873826 -0.7028182149631546
    outer loop
      vertex 39.464243194688876 60.406568654484204 1
      vertex 39.38139685655694 59.3913416389487 0
      vertex 39.08534870719868 59.49183644407699 0
    endloop
  endfacet
  facet normal 0.1387813036188086 0.6977007284515837 -0.7028182149631536
    outer loop
      vertex 39.637653336856474 60.347703843195305 1
      vertex 39.68802947720871 59.330348618459034 0
      vertex 39.38139685655694 59.3913416389487 0
    endloop
  endfacet
  facet normal 0.046525790933683094 0.7098463971127857 -0.7028182149631529
    outer loop
      vertex 39.817263330891926 60.31197719407667 1
      vertex 40 59.30990099009902 0
      vertex 39.68802947720871 59.330348618459034 0
    endloop
  endfacet
  facet normal 0.6380079081513738 0.31463068167665 -0.7028182149631543
    outer loop
      vertex 38.7065686544842 61.16424319468888 1
      vertex 37.93011353986571 60.504950495049506 0
      vertex 37.791836444076985 60.785348707198686 0
    endloop
  endfacet
  facet normal 0.6736172068873832 0.22866222972158387 -0.7028182149631539
    outer loop
      vertex 38.6477038431953 61.33765333685648 1
      vertex 37.791836444076985 60.785348707198686 0
      vertex 37.6913416389487 61.08139685655694 0
    endloop
  endfacet
  facet normal 0.6977007284515838 0.13878130361880864 -0.7028182149631533
    outer loop
      vertex 38.611977194076665 61.51726333089193 1
      vertex 37.6913416389487 61.08139685655694 0
      vertex 37.63034861845903 61.38802947720871 0
    endloop
  endfacet
  facet normal 0.7098463971127861 0.046525790933683114 -0.7028182149631526
    outer loop
      vertex 38.6 61.7 1
      vertex 37.63034861845903 61.38802947720871 0
      vertex 37.609900990099014 61.7 0
    endloop
  endfacet
  facet normal 0.7098463971127857 -0.046525790933683094 -0.7028182149631529
    outer loop
      vertex 38.611977194076665 61.88273666910808 1
      vertex 37.609900990099014 61.7 0
      vertex 37.63034861845903 62.011970522791295 0
    endloop
  endfacet
  facet normal 0.46903849873001113 0.5348359032685681 -0.7028182149631527
    outer loop
      vertex 39.010050506338835 60.71005050633884 1
      vertex 38.54499991126035 59.80380696686828 0
      vertex 38.30994478239176 60.00994478239176 0
    endloop
  endfacet
  facet normal 0.3952157154361412 0.5914821172176795 -0.7028182149631513
    outer loop
      vertex 39.14773399938779 60.58930532359227 1
      vertex 38.8049504950495 59.63011353986571 0
      vertex 38.54499991126035 59.80380696686828 0
    endloop
  endfacet
  facet normal 0.31463068167665065 0.6380079081513752 -0.7028182149631529
    outer loop
      vertex 39.3 60.48756443470179 1
      vertex 39.08534870719868 59.49183644407699 0
      vertex 38.8049504950495 59.63011353986571 0
    endloop
  endfacet
  facet normal 0.5348359032685694 0.46903849873001224 -0.7028182149631509
    outer loop
      vertex 38.88930532359227 60.84773399938779 1
      vertex 38.30994478239176 60.00994478239176 0
      vertex 38.10380696686828 60.24499991126035 0
    endloop
  endfacet
  facet normal 0.5914821172176785 0.39521571543614054 -0.7028182149631524
    outer loop
      vertex 38.787564434701785 61 1
      vertex 38.10380696686828 60.24499991126035 0
      vertex 37.93011353986571 60.504950495049506 0
    endloop
  endfacet
  facet normal 0.6977007284515837 -0.1387813036188086 -0.7028182149631536
    outer loop
      vertex 38.6477038431953 62.06234666314353 1
      vertex 37.63034861845903 62.011970522791295 0
      vertex 37.6913416389487 62.31860314344306 0
    endloop
  endfacet
  facet normal 0.6736172068873826 -0.22866222972158365 -0.7028182149631546
    outer loop
      vertex 38.7065686544842 62.23575680531113 1
      vertex 37.6913416389487 62.31860314344306 0
      vertex 37.791836444076985 62.61465129280132 0
    endloop
  endfacet
  facet normal 0.63800790815138 -0.3146306816766369 -0.7028182149631547
    outer loop
      vertex 38.787564434701785 62.400000000000006 1
      vertex 37.791836444076985 62.61465129280132 0
      vertex 37.9301135398657 62.8950495049505 0
    endloop
  endfacet
  facet normal 0.5914821172176716 -0.3952157154361521 -0.7028182149631518
    outer loop
      vertex 38.88930532359227 62.552266000612214 1
      vertex 37.9301135398657 62.8950495049505 0
      vertex 38.10380696686828 63.155000088739655 0
    endloop
  endfacet
  facet normal 0.5348359032685681 -0.46903849873001113 -0.7028182149631527
    outer loop
      vertex 39.010050506338835 62.68994949366117 1
      vertex 38.10380696686828 63.155000088739655 0
      vertex 38.30994478239176 63.39005521760824 0
    endloop
  endfacet
  facet normal 0.46903849873001224 -0.5348359032685694 -0.7028182149631509
    outer loop
      vertex 39.14773399938779 62.810694676407735 1
      vertex 38.30994478239176 63.39005521760824 0
      vertex 38.54499991126035 63.596193033131726 0
    endloop
  endfacet
  facet normal 0.39521571543614054 -0.5914821172176785 -0.7028182149631524
    outer loop
      vertex 39.3 62.91243556529822 1
      vertex 38.54499991126035 63.596193033131726 0
      vertex 38.8049504950495 63.769886460134295 0
    endloop
  endfacet
  facet normal 0.31463068167665 -0.6380079081513738 -0.7028182149631543
    outer loop
      vertex 39.464243194688876 62.9934313455158 1
      vertex 38.8049504950495 63.769886460134295 0
      vertex 39.08534870719868 63.90816355592302 0
    endloop
  endfacet
  facet normal 0.22866222972158387 -0.6736172068873832 -0.7028182149631539
    outer loop
      vertex 39.637653336856474 63.0522961568047 1
      vertex 39.08534870719868 63.90816355592302 0
      vertex 39.38139685655694 64.0086583610513 0
    endloop
  endfacet
  facet normal 0.13878130361882382 -0.6977007284515788 -0.7028182149631554
    outer loop
      vertex 39.817263330891926 63.08802280592334 1
      vertex 39.38139685655694 64.0086583610513 0
      vertex 39.68802947720871 64.06965138154098 0
    endloop
  endfacet
  facet normal 0.04652579093368295 -0.7098463971127835 -0.7028182149631551
    outer loop
      vertex 40 63.1 1
      vertex 39.68802947720871 64.06965138154098 0
      vertex 40 64.090099009901 0
    endloop
  endfacet
  facet normal -0.046525790933683114 0.7098463971127861 -0.7028182149631526
    outer loop
      vertex 40 60.300000000000004 1
      vertex 40.31197052279129 59.330348618459034 0
      vertex 40 59.30990099009902 0
    endloop
  endfacet
  facet normal -0.13878130361880864 0.6977007284515838 -0.7028182149631533
    outer loop
      vertex 40.182736669108074 60.31197719407667 1
      vertex 40.61860314344306 59.3913416389487 0
      vertex 40.31197052279129 59.330348618459034 0
    endloop
  endfacet
  facet normal -0.22866222972158387 0.6736172068873832 -0.7028182149631539
    outer loop
      vertex 40.362346663143526 60.347703843195305 1
      vertex 40.91465129280132 59.49183644407699 0
      vertex 40.61860314344306 59.3913416389487 0
    endloop
  endfacet
  facet normal -0.31463068167665 0.6380079081513738 -0.7028182149631543
    outer loop
      vertex 40.535756805311124 60.406568654484204 1
      vertex 41.1950495049505 59.63011353986571 0
      vertex 40.91465129280132 59.49183644407699 0
    endloop
  endfacet
  facet normal -0.39521571543614054 0.5914821172176785 -0.7028182149631524
    outer loop
      vertex 40.7 60.48756443470179 1
      vertex 41.45500008873965 59.80380696686828 0
      vertex 41.1950495049505 59.63011353986571 0
    endloop
  endfacet
  facet normal -0.46903849873001224 0.5348359032685694 -0.7028182149631509
    outer loop
      vertex 40.85226600061221 60.58930532359227 1
      vertex 41.69005521760824 60.00994478239176 0
      vertex 41.45500008873965 59.80380696686828 0
    endloop
  endfacet
  facet normal -0.5348359032685681 0.46903849873001113 -0.7028182149631527
    outer loop
      vertex 40.989949493661165 60.71005050633884 1
      vertex 41.89619303313172 60.24499991126035 0
      vertex 41.69005521760824 60.00994478239176 0
    endloop
  endfacet
  facet normal -0.5914821172176795 0.3952157154361412 -0.7028182149631513
    outer loop
      vertex 41.11069467640773 60.84773399938779 1
      vertex 42.06988646013429 60.504950495049506 0
      vertex 41.89619303313172 60.24499991126035 0
    endloop
  endfacet
  facet normal -0.6380079081513752 0.31463068167665065 -0.7028182149631529
    outer loop
      vertex 41.212435565298215 61 1
      vertex 42.208163555923015 60.785348707198686 0
      vertex 42.06988646013429 60.504950495049506 0
    endloop
  endfacet
  facet normal -0.6736172068873826 0.22866222972158365 -0.7028182149631546
    outer loop
      vertex 41.2934313455158 61.16424319468888 1
      vertex 42.3086583610513 61.08139685655694 0
      vertex 42.208163555923015 60.785348707198686 0
    endloop
  endfacet
  facet normal -0.6977007284515837 0.1387813036188086 -0.7028182149631536
    outer loop
      vertex 41.3522961568047 61.33765333685648 1
      vertex 42.36965138154097 61.38802947720871 0
      vertex 42.3086583610513 61.08139685655694 0
    endloop
  endfacet
  facet normal -0.7098463971127857 0.046525790933683094 -0.7028182149631529
    outer loop
      vertex 41.388022805923335 61.51726333089193 1
      vertex 42.390099009900986 61.7 0
      vertex 42.36965138154097 61.38802947720871 0
    endloop
  endfacet
  facet normal -0.7098463971127861 -0.046525790933683114 -0.7028182149631526
    outer loop
      vertex 41.4 61.7 1
      vertex 42.36965138154097 62.011970522791295 0
      vertex 42.390099009900986 61.7 0
    endloop
  endfacet
  facet normal -0.5914821172176785 -0.39521571543614054 -0.7028182149631524
    outer loop
      vertex 41.212435565298215 62.400000000000006 1
      vertex 41.89619303313172 63.155000088739655 0
      vertex 42.06988646013429 62.8950495049505 0
    endloop
  endfacet
  facet normal -0.046525790933681865 -0.7098463971127831 -0.7028182149631556
    outer loop
      vertex 40.182736669108074 63.08802280592334 1
      vertex 40 64.090099009901 0
      vertex 40.3119705227913 64.06965138154098 0
    endloop
  endfacet
  facet normal -0.13878130361882715 -0.6977007284515794 -0.7028182149631542
    outer loop
      vertex 40.362346663143526 63.0522961568047 1
      vertex 40.3119705227913 64.06965138154098 0
      vertex 40.61860314344306 64.0086583610513 0
    endloop
  endfacet
  facet normal -0.22866222972158365 -0.6736172068873826 -0.7028182149631546
    outer loop
      vertex 40.535756805311124 62.9934313455158 1
      vertex 40.61860314344306 64.0086583610513 0
      vertex 40.91465129280132 63.90816355592302 0
    endloop
  endfacet
  facet normal -0.3952157154361412 -0.5914821172176795 -0.7028182149631513
    outer loop
      vertex 40.85226600061221 62.810694676407735 1
      vertex 41.1950495049505 63.769886460134295 0
      vertex 41.45500008873965 63.596193033131726 0
    endloop
  endfacet
  facet normal -0.5348359032685694 -0.46903849873001224 -0.7028182149631509
    outer loop
      vertex 41.11069467640773 62.552266000612214 1
      vertex 41.69005521760824 63.39005521760824 0
      vertex 41.89619303313172 63.155000088739655 0
    endloop
  endfacet
  facet normal -0.46903849873001113 -0.5348359032685681 -0.7028182149631527
    outer loop
      vertex 40.989949493661165 62.68994949366117 1
      vertex 41.45500008873965 63.596193033131726 0
      vertex 41.69005521760824 63.39005521760824 0
    endloop
  endfacet
  facet normal -0.31463068167665065 -0.6380079081513752 -0.7028182149631529
    outer loop
      vertex 40.7 62.91243556529822 1
      vertex 40.91465129280132 63.90816355592302 0
      vertex 41.1950495049505 63.769886460134295 0
    endloop
  endfacet
  facet normal -0.6977007284515838 -0.13878130361880864 -0.7028182149631533
    outer loop
      vertex 41.388022805923335 61.88273666910808 1
      vertex 42.3086583610513 62.31860314344306 0
      vertex 42.36965138154097 62.011970522791295 0
    endloop
  endfacet
  facet normal -0.6736172068873832 -0.22866222972158387 -0.7028182149631539
    outer loop
      vertex 41.3522961568047 62.06234666314353 1
      vertex 42.208163555923015 62.61465129280132 0
      vertex 42.3086583610513 62.31860314344306 0
    endloop
  endfacet
  facet normal -0.6380079081513738 -0.31463068167665 -0.7028182149631543
    outer loop
      vertex 41.2934313455158 62.23575680531113 1
      vertex 42.06988646013429 62.8950495049505 0
      vertex 42.208163555923015 62.61465129280132 0
    endloop
  endfacet
  facet normal 0.3952157154361291 0.5914821172176855 -0.7028182149631529
    outer loop
      vertex 39.14773399938779 60.58930532359227 1
      vertex 39.3 60.48756443470179 1
      vertex 38.8049504950495 59.63011353986571 0
    endloop
  endfacet
  facet normal 0.5914821172176873 0.3952157154361303 -0.7028182149631509
    outer loop
      vertex 38.787564434701785 61 1
      vertex 38.88930532359227 60.84773399938779 1
      vertex 38.10380696686828 60.24499991126035 0
    endloop
  endfacet
  facet normal 0.4690384987300277 0.534835903268557 -0.7028182149631502
    outer loop
      vertex 39.010050506338835 60.71005050633884 1
      vertex 39.14773399938779 60.58930532359227 1
      vertex 38.54499991126035 59.80380696686828 0
    endloop
  endfacet
  facet normal 0.5348359032685546 0.46903849873002557 -0.7028182149631533
    outer loop
      vertex 38.88930532359227 60.84773399938779 1
      vertex 39.010050506338835 60.71005050633884 1
      vertex 38.30994478239176 60.00994478239176 0
    endloop
  endfacet
  facet normal 0.2286622297215911 0.673617206887381 -0.7028182149631537
    outer loop
      vertex 39.464243194688876 60.406568654484204 1
      vertex 39.637653336856474 60.347703843195305 1
      vertex 39.38139685655694 59.3913416389487 0
    endloop
  endfacet
  facet normal 0.3146306816766336 0.6380079081513813 -0.7028182149631551
    outer loop
      vertex 39.3 60.48756443470179 1
      vertex 39.464243194688876 60.406568654484204 1
      vertex 39.08534870719868 59.49183644407699 0
    endloop
  endfacet
  facet normal 0.13878130361881047 0.6977007284515836 -0.7028182149631532
    outer loop
      vertex 39.637653336856474 60.347703843195305 1
      vertex 39.817263330891926 60.31197719407667 1
      vertex 39.68802947720871 59.330348618459034 0
    endloop
  endfacet
  facet normal 0.046525790933686625 0.709846397112786 -0.7028182149631526
    outer loop
      vertex 39.817263330891926 60.31197719407667 1
      vertex 40 60.300000000000004 1
      vertex 40 59.30990099009902 0
    endloop
  endfacet
  facet normal 0.6736172068873798 0.22866222972159067 -0.7028182149631548
    outer loop
      vertex 38.7065686544842 61.16424319468888 1
      vertex 37.791836444076985 60.785348707198686 0
      vertex 38.6477038431953 61.33765333685648 1
    endloop
  endfacet
  facet normal 0.6380079081513838 0.3146306816766348 -0.7028182149631523
    outer loop
      vertex 38.7065686544842 61.16424319468888 1
      vertex 38.787564434701785 61 1
      vertex 37.93011353986571 60.504950495049506 0
    endloop
  endfacet
  facet normal 0.6977007284515833 0.13878130361881041 -0.7028182149631537
    outer loop
      vertex 38.611977194076665 61.51726333089193 1
      vertex 38.6477038431953 61.33765333685648 1
      vertex 37.6913416389487 61.08139685655694 0
    endloop
  endfacet
  facet normal 0.7098463971127853 0.046525790933686584 -0.702818214963153
    outer loop
      vertex 38.611977194076665 61.51726333089193 1
      vertex 37.63034861845903 61.38802947720871 0
      vertex 38.6 61.7 1
    endloop
  endfacet
  facet normal 0.709846397112786 -0.046525790933686625 -0.7028182149631526
    outer loop
      vertex 38.6 61.7 1
      vertex 37.609900990099014 61.7 0
      vertex 38.611977194076665 61.88273666910808 1
    endloop
  endfacet
  facet normal 0.6977007284515836 -0.13878130361881047 -0.7028182149631533
    outer loop
      vertex 38.611977194076665 61.88273666910808 1
      vertex 37.63034861845903 62.011970522791295 0
      vertex 38.6477038431953 62.06234666314353 1
    endloop
  endfacet
  facet normal 0.673617206887381 -0.2286622297215911 -0.7028182149631536
    outer loop
      vertex 38.6477038431953 62.06234666314353 1
      vertex 37.6913416389487 62.31860314344306 0
      vertex 38.7065686544842 62.23575680531113 1
    endloop
  endfacet
  facet normal 0.6380079081513811 -0.31463068167663355 -0.702818214963155
    outer loop
      vertex 38.7065686544842 62.23575680531113 1
      vertex 37.791836444076985 62.61465129280132 0
      vertex 38.787564434701785 62.400000000000006 1
    endloop
  endfacet
  facet normal 0.5914821172176838 -0.395215715436128 -0.7028182149631551
    outer loop
      vertex 38.787564434701785 62.400000000000006 1
      vertex 37.9301135398657 62.8950495049505 0
      vertex 38.88930532359227 62.552266000612214 1
    endloop
  endfacet
  facet normal 0.534835903268557 -0.4690384987300277 -0.7028182149631502
    outer loop
      vertex 38.88930532359227 62.552266000612214 1
      vertex 38.10380696686828 63.155000088739655 0
      vertex 39.010050506338835 62.68994949366117 1
    endloop
  endfacet
  facet normal 0.46903849873002557 -0.5348359032685546 -0.7028182149631533
    outer loop
      vertex 39.010050506338835 62.68994949366117 1
      vertex 38.30994478239176 63.39005521760824 0
      vertex 39.14773399938779 62.810694676407735 1
    endloop
  endfacet
  facet normal 0.3952157154361303 -0.5914821172176873 -0.7028182149631509
    outer loop
      vertex 39.14773399938779 62.810694676407735 1
      vertex 38.54499991126035 63.596193033131726 0
      vertex 39.3 62.91243556529822 1
    endloop
  endfacet
  facet normal 0.3146306816766348 -0.6380079081513838 -0.7028182149631523
    outer loop
      vertex 39.3 62.91243556529822 1
      vertex 38.8049504950495 63.769886460134295 0
      vertex 39.464243194688876 62.9934313455158 1
    endloop
  endfacet
  facet normal 0.22866222972159067 -0.6736172068873798 -0.7028182149631548
    outer loop
      vertex 39.464243194688876 62.9934313455158 1
      vertex 39.08534870719868 63.90816355592302 0
      vertex 39.637653336856474 63.0522961568047 1
    endloop
  endfacet
  facet normal 0.13878130361881044 -0.6977007284515835 -0.7028182149631537
    outer loop
      vertex 39.637653336856474 63.0522961568047 1
      vertex 39.38139685655694 64.0086583610513 0
      vertex 39.817263330891926 63.08802280592334 1
    endloop
  endfacet
  facet normal 0.046525790933686424 -0.7098463971127829 -0.7028182149631557
    outer loop
      vertex 39.817263330891926 63.08802280592334 1
      vertex 39.68802947720871 64.06965138154098 0
      vertex 40 63.1 1
    endloop
  endfacet
  facet normal -0.046525790933686584 0.7098463971127853 -0.702818214963153
    outer loop
      vertex 40 60.300000000000004 1
      vertex 40.182736669108074 60.31197719407667 1
      vertex 40.31197052279129 59.330348618459034 0
    endloop
  endfacet
  facet normal -0.13878130361881041 0.6977007284515833 -0.7028182149631537
    outer loop
      vertex 40.182736669108074 60.31197719407667 1
      vertex 40.362346663143526 60.347703843195305 1
      vertex 40.61860314344306 59.3913416389487 0
    endloop
  endfacet
  facet normal -0.22866222972159067 0.6736172068873798 -0.7028182149631549
    outer loop
      vertex 40.362346663143526 60.347703843195305 1
      vertex 40.535756805311124 60.406568654484204 1
      vertex 40.91465129280132 59.49183644407699 0
    endloop
  endfacet
  facet normal -0.3146306816766348 0.6380079081513838 -0.7028182149631523
    outer loop
      vertex 40.535756805311124 60.406568654484204 1
      vertex 40.7 60.48756443470179 1
      vertex 41.1950495049505 59.63011353986571 0
    endloop
  endfacet
  facet normal -0.3952157154361303 0.5914821172176873 -0.7028182149631509
    outer loop
      vertex 40.7 60.48756443470179 1
      vertex 40.85226600061221 60.58930532359227 1
      vertex 41.45500008873965 59.80380696686828 0
    endloop
  endfacet
  facet normal -0.46903849873002557 0.5348359032685546 -0.7028182149631533
    outer loop
      vertex 40.85226600061221 60.58930532359227 1
      vertex 40.989949493661165 60.71005050633884 1
      vertex 41.69005521760824 60.00994478239176 0
    endloop
  endfacet
  facet normal -0.534835903268557 0.4690384987300277 -0.7028182149631502
    outer loop
      vertex 40.989949493661165 60.71005050633884 1
      vertex 41.11069467640773 60.84773399938779 1
      vertex 41.89619303313172 60.24499991126035 0
    endloop
  endfacet
  facet normal -0.5914821172176855 0.3952157154361291 -0.7028182149631529
    outer loop
      vertex 41.11069467640773 60.84773399938779 1
      vertex 41.212435565298215 61 1
      vertex 42.06988646013429 60.504950495049506 0
    endloop
  endfacet
  facet normal -0.6380079081513813 0.3146306816766336 -0.7028182149631551
    outer loop
      vertex 41.212435565298215 61 1
      vertex 41.2934313455158 61.16424319468888 1
      vertex 42.208163555923015 60.785348707198686 0
    endloop
  endfacet
  facet normal -0.673617206887381 0.2286622297215911 -0.7028182149631537
    outer loop
      vertex 41.2934313455158 61.16424319468888 1
      vertex 41.3522961568047 61.33765333685648 1
      vertex 42.3086583610513 61.08139685655694 0
    endloop
  endfacet
  facet normal -0.6977007284515836 0.13878130361881047 -0.7028182149631532
    outer loop
      vertex 41.3522961568047 61.33765333685648 1
      vertex 41.388022805923335 61.51726333089193 1
      vertex 42.36965138154097 61.38802947720871 0
    endloop
  endfacet
  facet normal -0.709846397112786 0.046525790933686625 -0.7028182149631526
    outer loop
      vertex 41.388022805923335 61.51726333089193 1
      vertex 41.4 61.7 1
      vertex 42.390099009900986 61.7 0
    endloop
  endfacet
  facet normal -0.7098463971127853 -0.046525790933686584 -0.702818214963153
    outer loop
      vertex 41.388022805923335 61.88273666910808 1
      vertex 42.36965138154097 62.011970522791295 0
      vertex 41.4 61.7 1
    endloop
  endfacet
  facet normal -0.6977007284515833 -0.13878130361881041 -0.7028182149631537
    outer loop
      vertex 41.388022805923335 61.88273666910808 1
      vertex 41.3522961568047 62.06234666314353 1
      vertex 42.3086583610513 62.31860314344306 0
    endloop
  endfacet
  facet normal -0.6736172068873798 -0.22866222972159067 -0.7028182149631549
    outer loop
      vertex 41.3522961568047 62.06234666314353 1
      vertex 41.2934313455158 62.23575680531113 1
      vertex 42.208163555923015 62.61465129280132 0
    endloop
  endfacet
  facet normal -0.5348359032685546 -0.46903849873002557 -0.7028182149631533
    outer loop
      vertex 41.11069467640773 62.552266000612214 1
      vertex 40.989949493661165 62.68994949366117 1
      vertex 41.69005521760824 63.39005521760824 0
    endloop
  endfacet
  facet normal -0.6380079081513838 -0.3146306816766348 -0.7028182149631523
    outer loop
      vertex 41.2934313455158 62.23575680531113 1
      vertex 41.212435565298215 62.400000000000006 1
      vertex 42.06988646013429 62.8950495049505 0
    endloop
  endfacet
  facet normal -0.5914821172176873 -0.3952157154361303 -0.7028182149631509
    outer loop
      vertex 41.11069467640773 62.552266000612214 1
      vertex 41.89619303313172 63.155000088739655 0
      vertex 41.212435565298215 62.400000000000006 1
    endloop
  endfacet
  facet normal -0.1387813036188099 -0.6977007284515806 -0.7028182149631563
    outer loop
      vertex 40.182736669108074 63.08802280592334 1
      vertex 40.3119705227913 64.06965138154098 0
      vertex 40.362346663143526 63.0522961568047 1
    endloop
  endfacet
  facet normal -0.2286622297215911 -0.673617206887381 -0.7028182149631536
    outer loop
      vertex 40.362346663143526 63.0522961568047 1
      vertex 40.61860314344306 64.0086583610513 0
      vertex 40.535756805311124 62.9934313455158 1
    endloop
  endfacet
  facet normal -0.31463068167663355 -0.6380079081513811 -0.702818214963155
    outer loop
      vertex 40.535756805311124 62.9934313455158 1
      vertex 40.91465129280132 63.90816355592302 0
      vertex 40.7 62.91243556529822 1
    endloop
  endfacet
  facet normal -0.04652579093368645 -0.7098463971127833 -0.702818214963155
    outer loop
      vertex 40 63.1 1
      vertex 40 64.090099009901 0
      vertex 40.182736669108074 63.08802280592334 1
    endloop
  endfacet
  facet normal -0.4690384987300277 -0.534835903268557 -0.7028182149631502
    outer loop
      vertex 40.85226600061221 62.810694676407735 1
      vertex 41.45500008873965 63.596193033131726 0
      vertex 40.989949493661165 62.68994949366117 1
    endloop
  endfacet
  facet normal -0.3952157154361291 -0.5914821172176855 -0.7028182149631529
    outer loop
      vertex 40.85226600061221 62.810694676407735 1
      vertex 40.7 62.91243556529822 1
      vertex 41.1950495049505 63.769886460134295 0
    endloop
  endfacet
  facet normal 0.3952157154361458 0.5914821172176733 -0.702818214963154
    outer loop
      vertex 68.1477339993878 3.0893053235922707 1
      vertex 67.8049504950495 2.1301135398657083 0
      vertex 67.54499991126035 2.303806966868276 0
    endloop
  endfacet
  facet normal 0.5914821172176706 0.39521571543614464 -0.7028182149631568
    outer loop
      vertex 67.78756443470179 3.5 1
      vertex 67.10380696686828 2.744999911260345 0
      vertex 66.9301135398657 3.004950495049505 0
    endloop
  endfacet
  facet normal 0.5348359032685768 0.46903849873000164 -0.7028182149631523
    outer loop
      vertex 67.88930532359227 3.347733999387791 1
      vertex 67.30994478239175 2.5099447823917567 0
      vertex 67.10380696686828 2.744999911260345 0
    endloop
  endfacet
  facet normal 0.4690384987299997 0.5348359032685782 -0.7028182149631526
    outer loop
      vertex 68.01005050633883 3.210050506338834 1
      vertex 67.54499991126035 2.303806966868276 0
      vertex 67.30994478239175 2.5099447823917567 0
    endloop
  endfacet
  facet normal 0.6736172068873892 0.2286622297215677 -0.7028182149631534
    outer loop
      vertex 67.6477038431953 3.837653336856471 1
      vertex 66.79183644407698 3.2853487071986867 0
      vertex 66.6913416389487 3.5813968565569456 0
    endloop
  endfacet
  facet normal 0.6977007284515759 0.13878130361882585 -0.702818214963158
    outer loop
      vertex 67.61197719407667 4.017263330891928 1
      vertex 66.6913416389487 3.5813968565569456 0
      vertex 66.63034861845902 3.8880294772087085 0
    endloop
  endfacet
  facet normal 0.7098463971127861 0.046525790933683114 -0.7028182149631526
    outer loop
      vertex 67.6 4.2 1
      vertex 66.63034861845902 3.8880294772087085 0
      vertex 66.609900990099 4.2 0
    endloop
  endfacet
  facet normal 0.6380079081513732 0.3146306816766477 -0.7028182149631561
    outer loop
      vertex 67.7065686544842 3.6642431946888747 1
      vertex 66.9301135398657 3.004950495049505 0
      vertex 66.79183644407698 3.2853487071986867 0
    endloop
  endfacet
  facet normal 0.7098463971127806 -0.046525790933682754 -0.702818214963158
    outer loop
      vertex 67.61197719407667 4.3827366691080725 1
      vertex 66.609900990099 4.2 0
      vertex 66.63034861845902 4.511970522791292 0
    endloop
  endfacet
  facet normal 0.6977007284515802 -0.13878130361882687 -0.7028182149631537
    outer loop
      vertex 67.6477038431953 4.562346663143529 1
      vertex 66.63034861845902 4.511970522791292 0
      vertex 66.6913416389487 4.818603143443054 0
    endloop
  endfacet
  facet normal 0.673617206887387 -0.22866222972156694 -0.7028182149631558
    outer loop
      vertex 67.7065686544842 4.735756805311126 1
      vertex 66.6913416389487 4.818603143443054 0
      vertex 66.79183644407698 5.114651292801313 0
    endloop
  endfacet
  facet normal 0.6380079081513722 -0.3146306816766462 -0.7028182149631576
    outer loop
      vertex 67.78756443470179 4.9 1
      vertex 66.79183644407698 5.114651292801313 0
      vertex 66.9301135398657 5.395049504950496 0
    endloop
  endfacet
  facet normal 0.5914821172176736 -0.395215715436148 -0.7028182149631524
    outer loop
      vertex 67.88930532359227 5.052266000612209 1
      vertex 66.9301135398657 5.395049504950496 0
      vertex 67.10380696686828 5.655000088739655 0
    endloop
  endfacet
  facet normal 0.534835903268577 -0.4690384987300009 -0.7028182149631527
    outer loop
      vertex 68.01005050633883 5.1899494936611665 1
      vertex 67.10380696686828 5.655000088739655 0
      vertex 67.30994478239175 5.890055217608244 0
    endloop
  endfacet
  facet normal 0.4690384987299988 -0.5348359032685771 -0.702818214963154
    outer loop
      vertex 68.1477339993878 5.31069467640773 1
      vertex 67.30994478239175 5.890055217608244 0
      vertex 67.54499991126035 6.0961930331317244 0
    endloop
  endfacet
  facet normal 0.3952157154361458 -0.5914821172176733 -0.7028182149631539
    outer loop
      vertex 68.3 5.412435565298214 1
      vertex 67.54499991126035 6.0961930331317244 0
      vertex 67.8049504950495 6.269886460134292 0
    endloop
  endfacet
  facet normal 0.22866222972156705 0.6736172068873884 -0.7028182149631543
    outer loop
      vertex 68.46424319468888 2.906568654484199 1
      vertex 68.38139685655695 1.891341638948702 0
      vertex 68.08534870719868 1.991836444076984 0
    endloop
  endfacet
  facet normal 0.31463068167665204 0.6380079081513729 -0.7028182149631543
    outer loop
      vertex 68.3 2.9875644347017865 1
      vertex 68.08534870719868 1.991836444076984 0
      vertex 67.8049504950495 2.1301135398657083 0
    endloop
  endfacet
  facet normal 0.13878130361881869 0.6977007284515817 -0.7028182149631536
    outer loop
      vertex 68.63765333685647 2.847703843195305 1
      vertex 68.6880294772087 1.8303486184590319 0
      vertex 68.38139685655695 1.891341638948702 0
    endloop
  endfacet
  facet normal 0.04652579093369206 0.7098463971127845 -0.7028182149631534
    outer loop
      vertex 68.81726333089193 2.8119771940766656 1
      vertex 69 1.8099009900990102 0
      vertex 68.6880294772087 1.8303486184590319 0
    endloop
  endfacet
  facet normal -0.04652579093369208 0.7098463971127849 -0.7028182149631533
    outer loop
      vertex 69 2.8000000000000003 1
      vertex 69.3119705227913 1.8303486184590319 0
      vertex 69 1.8099009900990102 0
    endloop
  endfacet
  facet normal -0.13878130361881866 0.6977007284515815 -0.7028182149631539
    outer loop
      vertex 69.18273666910807 2.8119771940766656 1
      vertex 69.61860314344305 1.891341638948702 0
      vertex 69.3119705227913 1.8303486184590319 0
    endloop
  endfacet
  facet normal -0.22866222972156772 0.6736172068873888 -0.7028182149631538
    outer loop
      vertex 69.36234666314353 2.847703843195305 1
      vertex 69.91465129280132 1.9918364440769842 0
      vertex 69.61860314344305 1.891341638948702 0
    endloop
  endfacet
  facet normal -0.3146306816766513 0.6380079081513723 -0.7028182149631551
    outer loop
      vertex 69.53575680531112 2.906568654484199 1
      vertex 70.1950495049505 2.1301135398657083 0
      vertex 69.91465129280132 1.9918364440769842 0
    endloop
  endfacet
  facet normal -0.3952157154361458 0.5914821172176733 -0.7028182149631539
    outer loop
      vertex 69.7 2.9875644347017865 1
      vertex 70.45500008873965 2.303806966868276 0
      vertex 70.1950495049505 2.1301135398657083 0
    endloop
  endfacet
  facet normal -0.4690384987299988 0.5348359032685771 -0.702818214963154
    outer loop
      vertex 69.8522660006122 3.0893053235922707 1
      vertex 70.69005521760825 2.5099447823917567 0
      vertex 70.45500008873965 2.303806966868276 0
    endloop
  endfacet
  facet normal -0.5348359032685766 0.4690384987300014 -0.7028182149631527
    outer loop
      vertex 69.98994949366117 3.210050506338834 1
      vertex 70.89619303313172 2.744999911260345 0
      vertex 70.69005521760825 2.5099447823917567 0
    endloop
  endfacet
  facet normal -0.5914821172176741 0.395215715436147 -0.7028182149631526
    outer loop
      vertex 70.11069467640773 3.347733999387791 1
      vertex 71.0698864601343 3.004950495049505 0
      vertex 70.89619303313172 2.744999911260345 0
    endloop
  endfacet
  facet normal -0.6380079081513718 0.31463068167664704 -0.7028182149631576
    outer loop
      vertex 70.21243556529821 3.5 1
      vertex 71.20816355592302 3.2853487071986867 0
      vertex 71.0698864601343 3.004950495049505 0
    endloop
  endfacet
  facet normal -0.673617206887387 0.22866222972156694 -0.7028182149631559
    outer loop
      vertex 70.2934313455158 3.6642431946888747 1
      vertex 71.3086583610513 3.5813968565569456 0
      vertex 71.20816355592302 3.2853487071986867 0
    endloop
  endfacet
  facet normal -0.69770072845158 0.13878130361882668 -0.7028182149631536
    outer loop
      vertex 70.3522961568047 3.837653336856471 1
      vertex 71.36965138154098 3.8880294772087085 0
      vertex 71.3086583610513 3.5813968565569456 0
    endloop
  endfacet
  facet normal -0.7098463971127806 0.046525790933682754 -0.702818214963158
    outer loop
      vertex 70.38802280592333 4.017263330891928 1
      vertex 71.390099009901 4.2 0
      vertex 71.36965138154098 3.8880294772087085 0
    endloop
  endfacet
  facet normal 0.3146306816766514 -0.6380079081513726 -0.702818214963155
    outer loop
      vertex 68.46424319468888 5.493431345515802 1
      vertex 67.8049504950495 6.269886460134292 0
      vertex 68.08534870719868 6.408163555923016 0
    endloop
  endfacet
  facet normal 0.22866222972156686 -0.6736172068873892 -0.7028182149631536
    outer loop
      vertex 68.63765333685647 5.552296156804696 1
      vertex 68.08534870719868 6.408163555923016 0
      vertex 68.38139685655695 6.508658361051298 0
    endloop
  endfacet
  facet normal -0.2286622297215667 -0.6736172068873888 -0.7028182149631542
    outer loop
      vertex 69.53575680531112 5.493431345515802 1
      vertex 69.61860314344305 6.508658361051298 0
      vertex 69.91465129280132 6.408163555923016 0
    endloop
  endfacet
  facet normal -0.7098463971127861 -0.046525790933683114 -0.7028182149631526
    outer loop
      vertex 70.4 4.2 1
      vertex 71.36965138154098 4.511970522791292 0
      vertex 71.390099009901 4.2 0
    endloop
  endfacet
  facet normal -0.6977007284515759 -0.13878130361882604 -0.702818214963158
    outer loop
      vertex 70.38802280592333 4.3827366691080725 1
      vertex 71.3086583610513 4.818603143443054 0
      vertex 71.36965138154098 4.511970522791292 0
    endloop
  endfacet
  facet normal -0.6736172068873891 -0.22866222972156766 -0.7028182149631534
    outer loop
      vertex 70.3522961568047 4.562346663143529 1
      vertex 71.20816355592302 5.114651292801313 0
      vertex 71.3086583610513 4.818603143443054 0
    endloop
  endfacet
  facet normal -0.6380079081513735 -0.3146306816766469 -0.702818214963156
    outer loop
      vertex 70.2934313455158 4.735756805311126 1
      vertex 71.0698864601343 5.395049504950496 0
      vertex 71.20816355592302 5.114651292801313 0
    endloop
  endfacet
  facet normal -0.5348359032685772 -0.4690384987300012 -0.7028182149631523
    outer loop
      vertex 70.11069467640773 5.052266000612209 1
      vertex 70.69005521760825 5.890055217608244 0
      vertex 70.89619303313172 5.655000088739655 0
    endloop
  endfacet
  facet normal -0.3952157154361458 -0.5914821172176733 -0.702818214963154
    outer loop
      vertex 69.8522660006122 5.31069467640773 1
      vertex 70.1950495049505 6.269886460134292 0
      vertex 70.45500008873965 6.0961930331317244 0
    endloop
  endfacet
  facet normal -0.3146306816766516 -0.638007908151373 -0.7028182149631542
    outer loop
      vertex 69.7 5.412435565298214 1
      vertex 69.91465129280132 6.408163555923016 0
      vertex 70.1950495049505 6.269886460134292 0
    endloop
  endfacet
  facet normal -0.4690384987299997 -0.5348359032685782 -0.7028182149631526
    outer loop
      vertex 69.98994949366117 5.1899494936611665 1
      vertex 70.45500008873965 6.0961930331317244 0
      vertex 70.69005521760825 5.890055217608244 0
    endloop
  endfacet
  facet normal -0.59148211721767 -0.3952157154361456 -0.7028182149631569
    outer loop
      vertex 70.21243556529821 4.9 1
      vertex 70.89619303313172 5.655000088739655 0
      vertex 71.0698864601343 5.395049504950496 0
    endloop
  endfacet
  facet normal 0.13878130361881866 -0.6977007284515815 -0.7028182149631538
    outer loop
      vertex 68.81726333089193 5.588022805923335 1
      vertex 68.38139685655695 6.508658361051298 0
      vertex 68.6880294772087 6.569651381540968 0
    endloop
  endfacet
  facet normal 0.04652579093369208 -0.7098463971127849 -0.7028182149631533
    outer loop
      vertex 69 5.6 1
      vertex 68.6880294772087 6.569651381540968 0
      vertex 69 6.59009900990099 0
    endloop
  endfacet
  facet normal -0.04652579093369208 -0.7098463971127849 -0.7028182149631531
    outer loop
      vertex 69.18273666910807 5.588022805923335 1
      vertex 69 6.59009900990099 0
      vertex 69.3119705227913 6.569651381540968 0
    endloop
  endfacet
  facet normal -0.1387813036188187 -0.6977007284515818 -0.7028182149631533
    outer loop
      vertex 69.36234666314353 5.552296156804696 1
      vertex 69.3119705227913 6.569651381540968 0
      vertex 69.61860314344305 6.508658361051298 0
    endloop
  endfacet
  facet normal 0.5348359032685747 0.46903849873000353 -0.7028182149631528
    outer loop
      vertex 67.88930532359227 3.347733999387791 1
      vertex 68.01005050633883 3.210050506338834 1
      vertex 67.30994478239175 2.5099447823917567 0
    endloop
  endfacet
  facet normal 0.46903849872998765 0.5348359032685862 -0.7028182149631543
    outer loop
      vertex 68.01005050633883 3.210050506338834 1
      vertex 68.1477339993878 3.0893053235922707 1
      vertex 67.54499991126035 2.303806966868276 0
    endloop
  endfacet
  facet normal 0.6380079081513641 0.31463068167666125 -0.702818214963158
    outer loop
      vertex 67.7065686544842 3.6642431946888747 1
      vertex 67.78756443470179 3.5 1
      vertex 66.9301135398657 3.004950495049505 0
    endloop
  endfacet
  facet normal 0.6736172068873778 0.22866222972159117 -0.7028182149631568
    outer loop
      vertex 67.7065686544842 3.6642431946888747 1
      vertex 66.79183644407698 3.2853487071986867 0
      vertex 67.6477038431953 3.837653336856471 1
    endloop
  endfacet
  facet normal 0.5914821172177009 0.3952157154361095 -0.702818214963151
    outer loop
      vertex 67.78756443470179 3.5 1
      vertex 67.88930532359227 3.347733999387791 1
      vertex 67.10380696686828 2.744999911260345 0
    endloop
  endfacet
  facet normal 0.6977007284515908 0.13878130361878085 -0.702818214963152
    outer loop
      vertex 67.6477038431953 3.837653336856471 1
      vertex 66.6913416389487 3.5813968565569456 0
      vertex 67.61197719407667 4.017263330891928 1
    endloop
  endfacet
  facet normal 0.7098463971127749 0.046525790933741554 -0.7028182149631601
    outer loop
      vertex 67.61197719407667 4.017263330891928 1
      vertex 66.63034861845902 3.8880294772087085 0
      vertex 67.6 4.2 1
    endloop
  endfacet
  facet normal 0.709846397112784 -0.04652579093374215 -0.7028182149631506
    outer loop
      vertex 67.6 4.2 1
      vertex 66.609900990099 4.2 0
      vertex 67.61197719407667 4.3827366691080725 1
    endloop
  endfacet
  facet normal 0.6977007284515836 -0.13878130361877944 -0.7028182149631594
    outer loop
      vertex 67.61197719407667 4.3827366691080725 1
      vertex 66.63034861845902 4.511970522791292 0
      vertex 67.6477038431953 4.562346663143529 1
    endloop
  endfacet
  facet normal 0.6736172068873817 -0.22866222972159245 -0.7028182149631526
    outer loop
      vertex 67.6477038431953 4.562346663143529 1
      vertex 66.6913416389487 4.818603143443054 0
      vertex 67.7065686544842 4.735756805311126 1
    endloop
  endfacet
  facet normal 0.6380079081513665 -0.3146306816766624 -0.7028182149631554
    outer loop
      vertex 67.7065686544842 4.735756805311126 1
      vertex 66.79183644407698 5.114651292801313 0
      vertex 67.78756443470179 4.9 1
    endloop
  endfacet
  facet normal 0.5914821172176948 -0.3952157154361054 -0.7028182149631583
    outer loop
      vertex 67.78756443470179 4.9 1
      vertex 66.9301135398657 5.395049504950496 0
      vertex 67.88930532359227 5.052266000612209 1
    endloop
  endfacet
  facet normal 0.5348359032685751 -0.4690384987300039 -0.7028182149631523
    outer loop
      vertex 67.88930532359227 5.052266000612209 1
      vertex 67.10380696686828 5.655000088739655 0
      vertex 68.01005050633883 5.1899494936611665 1
    endloop
  endfacet
  facet normal 0.4690384987299892 -0.534835903268588 -0.7028182149631521
    outer loop
      vertex 68.01005050633883 5.1899494936611665 1
      vertex 67.30994478239175 5.890055217608244 0
      vertex 68.1477339993878 5.31069467640773 1
    endloop
  endfacet
  facet normal 0.3952157154361461 -0.591482117217673 -0.7028182149631541
    outer loop
      vertex 68.1477339993878 5.31069467640773 1
      vertex 67.54499991126035 6.0961930331317244 0
      vertex 68.3 5.412435565298214 1
    endloop
  endfacet
  facet normal 0.22866222972157407 0.6736172068873868 -0.7028182149631534
    outer loop
      vertex 68.46424319468888 2.906568654484199 1
      vertex 68.63765333685647 2.847703843195305 1
      vertex 68.38139685655695 1.891341638948702 0
    endloop
  endfacet
  facet normal 0.13878130361881502 0.697700728451582 -0.702818214963154
    outer loop
      vertex 68.63765333685647 2.847703843195305 1
      vertex 68.81726333089193 2.8119771940766656 1
      vertex 68.6880294772087 1.8303486184590319 0
    endloop
  endfacet
  facet normal 0.39521571543614614 0.5914821172176731 -0.702818214963154
    outer loop
      vertex 68.1477339993878 3.0893053235922707 1
      vertex 68.3 2.9875644347017865 1
      vertex 67.8049504950495 2.1301135398657083 0
    endloop
  endfacet
  facet normal 0.3146306816766431 0.6380079081513761 -0.7028182149631554
    outer loop
      vertex 68.3 2.9875644347017865 1
      vertex 68.46424319468888 2.906568654484199 1
      vertex 68.08534870719868 1.991836444076984 0
    endloop
  endfacet
  facet normal 0.04652579093369352 0.7098463971127846 -0.7028182149631531
    outer loop
      vertex 68.81726333089193 2.8119771940766656 1
      vertex 69 2.8000000000000003 1
      vertex 69 1.8099009900990102 0
    endloop
  endfacet
  facet normal -0.046525790933693516 0.7098463971127845 -0.7028182149631534
    outer loop
      vertex 69 2.8000000000000003 1
      vertex 69.18273666910807 2.8119771940766656 1
      vertex 69.3119705227913 1.8303486184590319 0
    endloop
  endfacet
  facet normal -0.1387813036188151 0.6977007284515825 -0.7028182149631533
    outer loop
      vertex 69.18273666910807 2.8119771940766656 1
      vertex 69.36234666314353 2.847703843195305 1
      vertex 69.61860314344305 1.891341638948702 0
    endloop
  endfacet
  facet normal -0.22866222972157377 0.6736172068873859 -0.7028182149631547
    outer loop
      vertex 69.36234666314353 2.847703843195305 1
      vertex 69.53575680531112 2.906568654484199 1
      vertex 69.91465129280132 1.9918364440769842 0
    endloop
  endfacet
  facet normal -0.31463068167664376 0.6380079081513774 -0.7028182149631539
    outer loop
      vertex 69.53575680531112 2.906568654484199 1
      vertex 69.7 2.9875644347017865 1
      vertex 70.1950495049505 2.1301135398657083 0
    endloop
  endfacet
  facet normal -0.3952157154361461 0.591482117217673 -0.7028182149631541
    outer loop
      vertex 69.7 2.9875644347017865 1
      vertex 69.8522660006122 3.0893053235922707 1
      vertex 70.45500008873965 2.303806966868276 0
    endloop
  endfacet
  facet normal -0.4690384987299892 0.534835903268588 -0.7028182149631522
    outer loop
      vertex 69.8522660006122 3.0893053235922707 1
      vertex 69.98994949366117 3.210050506338834 1
      vertex 70.69005521760825 2.5099447823917567 0
    endloop
  endfacet
  facet normal -0.534835903268575 0.4690384987300038 -0.7028182149631523
    outer loop
      vertex 69.98994949366117 3.210050506338834 1
      vertex 70.11069467640773 3.347733999387791 1
      vertex 70.89619303313172 2.744999911260345 0
    endloop
  endfacet
  facet normal -0.591482117217695 0.3952157154361055 -0.7028182149631583
    outer loop
      vertex 70.11069467640773 3.347733999387791 1
      vertex 70.21243556529821 3.5 1
      vertex 71.0698864601343 3.004950495049505 0
    endloop
  endfacet
  facet normal -0.6380079081513665 0.3146306816766624 -0.7028182149631556
    outer loop
      vertex 70.21243556529821 3.5 1
      vertex 70.2934313455158 3.6642431946888747 1
      vertex 71.20816355592302 3.2853487071986867 0
    endloop
  endfacet
  facet normal -0.6736172068873817 0.22866222972159245 -0.7028182149631527
    outer loop
      vertex 70.2934313455158 3.6642431946888747 1
      vertex 70.3522961568047 3.837653336856471 1
      vertex 71.3086583610513 3.5813968565569456 0
    endloop
  endfacet
  facet normal -0.6977007284515836 0.13878130361877944 -0.7028182149631594
    outer loop
      vertex 70.3522961568047 3.837653336856471 1
      vertex 70.38802280592333 4.017263330891928 1
      vertex 71.36965138154098 3.8880294772087085 0
    endloop
  endfacet
  facet normal 0.3146306816766451 -0.6380079081513766 -0.702818214963154
    outer loop
      vertex 68.3 5.412435565298214 1
      vertex 67.8049504950495 6.269886460134292 0
      vertex 68.46424319468888 5.493431345515802 1
    endloop
  endfacet
  facet normal 0.2286622297215723 -0.6736172068873867 -0.7028182149631544
    outer loop
      vertex 68.46424319468888 5.493431345515802 1
      vertex 68.08534870719868 6.408163555923016 0
      vertex 68.63765333685647 5.552296156804696 1
    endloop
  endfacet
  facet normal 0.13878130361881513 -0.6977007284515826 -0.7028182149631531
    outer loop
      vertex 68.63765333685647 5.552296156804696 1
      vertex 68.38139685655695 6.508658361051298 0
      vertex 68.81726333089193 5.588022805923335 1
    endloop
  endfacet
  facet normal 0.04652579093369181 -0.7098463971127849 -0.7028182149631532
    outer loop
      vertex 68.81726333089193 5.588022805923335 1
      vertex 68.6880294772087 6.569651381540968 0
      vertex 69 5.6 1
    endloop
  endfacet
  facet normal -0.04652579093369181 -0.7098463971127849 -0.7028182149631532
    outer loop
      vertex 69 5.6 1
      vertex 69 6.59009900990099 0
      vertex 69.18273666910807 5.588022805923335 1
    endloop
  endfacet
  facet normal -0.13878130361881502 -0.697700728451582 -0.7028182149631538
    outer loop
      vertex 69.18273666910807 5.588022805923335 1
      vertex 69.3119705227913 6.569651381540968 0
      vertex 69.36234666314353 5.552296156804696 1
    endloop
  endfacet
  facet normal -0.2286622297215726 -0.6736172068873876 -0.7028182149631534
    outer loop
      vertex 69.36234666314353 5.552296156804696 1
      vertex 69.61860314344305 6.508658361051298 0
      vertex 69.53575680531112 5.493431345515802 1
    endloop
  endfacet
  facet normal -0.3146306816766446 -0.6380079081513756 -0.7028182149631552
    outer loop
      vertex 69.7 5.412435565298214 1
      vertex 69.53575680531112 5.493431345515802 1
      vertex 69.91465129280132 6.408163555923016 0
    endloop
  endfacet
  facet normal -0.6736172068873778 -0.22866222972159117 -0.7028182149631567
    outer loop
      vertex 70.3522961568047 4.562346663143529 1
      vertex 70.2934313455158 4.735756805311126 1
      vertex 71.20816355592302 5.114651292801313 0
    endloop
  endfacet
  facet normal -0.6380079081513641 -0.31463068167666125 -0.7028182149631581
    outer loop
      vertex 70.21243556529821 4.9 1
      vertex 71.0698864601343 5.395049504950496 0
      vertex 70.2934313455158 4.735756805311126 1
    endloop
  endfacet
  facet normal -0.709846397112784 0.04652579093374215 -0.7028182149631506
    outer loop
      vertex 70.38802280592333 4.017263330891928 1
      vertex 70.4 4.2 1
      vertex 71.390099009901 4.2 0
    endloop
  endfacet
  facet normal -0.7098463971127749 -0.046525790933741554 -0.7028182149631601
    outer loop
      vertex 70.4 4.2 1
      vertex 70.38802280592333 4.3827366691080725 1
      vertex 71.36965138154098 4.511970522791292 0
    endloop
  endfacet
  facet normal -0.6977007284515908 -0.13878130361878085 -0.702818214963152
    outer loop
      vertex 70.38802280592333 4.3827366691080725 1
      vertex 70.3522961568047 4.562346663143529 1
      vertex 71.3086583610513 4.818603143443054 0
    endloop
  endfacet
  facet normal -0.39521571543614614 -0.5914821172176731 -0.702818214963154
    outer loop
      vertex 69.7 5.412435565298214 1
      vertex 70.1950495049505 6.269886460134292 0
      vertex 69.8522660006122 5.31069467640773 1
    endloop
  endfacet
  facet normal -0.46903849872998765 -0.5348359032685862 -0.7028182149631543
    outer loop
      vertex 69.98994949366117 5.1899494936611665 1
      vertex 69.8522660006122 5.31069467640773 1
      vertex 70.45500008873965 6.0961930331317244 0
    endloop
  endfacet
  facet normal -0.5348359032685747 -0.46903849873000353 -0.7028182149631528
    outer loop
      vertex 69.98994949366117 5.1899494936611665 1
      vertex 70.69005521760825 5.890055217608244 0
      vertex 70.11069467640773 5.052266000612209 1
    endloop
  endfacet
  facet normal -0.5914821172177009 -0.3952157154361095 -0.7028182149631509
    outer loop
      vertex 70.21243556529821 4.9 1
      vertex 70.11069467640773 5.052266000612209 1
      vertex 70.89619303313172 5.655000088739655 0
    endloop
  endfacet
  facet normal 0.4690384987299997 0.5348359032685782 -0.7028182149631526
    outer loop
      vertex 99.01005050633883 3.210050506338834 1
      vertex 98.54499991126035 2.303806966868276 0
      vertex 98.30994478239175 2.5099447823917567 0
    endloop
  endfacet
  facet normal 0.5914821172176706 0.39521571543614464 -0.7028182149631568
    outer loop
      vertex 98.78756443470179 3.5 1
      vertex 98.10380696686828 2.744999911260345 0
      vertex 97.9301135398657 3.004950495049505 0
    endloop
  endfacet
  facet normal 0.5348359032685768 0.46903849873000164 -0.7028182149631523
    outer loop
      vertex 98.88930532359227 3.347733999387791 1
      vertex 98.30994478239175 2.5099447823917567 0
      vertex 98.10380696686828 2.744999911260345 0
    endloop
  endfacet
  facet normal 0.3952157154361458 0.5914821172176733 -0.702818214963154
    outer loop
      vertex 99.1477339993878 3.0893053235922707 1
      vertex 98.8049504950495 2.1301135398657083 0
      vertex 98.54499991126035 2.303806966868276 0
    endloop
  endfacet
  facet normal 0.22866222972156705 0.6736172068873884 -0.7028182149631543
    outer loop
      vertex 99.46424319468888 2.906568654484199 1
      vertex 99.38139685655695 1.891341638948702 0
      vertex 99.08534870719868 1.991836444076984 0
    endloop
  endfacet
  facet normal 0.31463068167665204 0.6380079081513729 -0.7028182149631543
    outer loop
      vertex 99.3 2.9875644347017865 1
      vertex 99.08534870719868 1.991836444076984 0
      vertex 98.8049504950495 2.1301135398657083 0
    endloop
  endfacet
  facet normal 0.6380079081513732 0.3146306816766477 -0.7028182149631561
    outer loop
      vertex 98.7065686544842 3.6642431946888747 1
      vertex 97.9301135398657 3.004950495049505 0
      vertex 97.79183644407698 3.2853487071986867 0
    endloop
  endfacet
  facet normal 0.6736172068873892 0.2286622297215677 -0.7028182149631534
    outer loop
      vertex 98.6477038431953 3.837653336856471 1
      vertex 97.79183644407698 3.2853487071986867 0
      vertex 97.6913416389487 3.5813968565569456 0
    endloop
  endfacet
  facet normal 0.6977007284515759 0.13878130361882585 -0.702818214963158
    outer loop
      vertex 98.61197719407667 4.017263330891928 1
      vertex 97.6913416389487 3.5813968565569456 0
      vertex 97.63034861845902 3.8880294772087085 0
    endloop
  endfacet
  facet normal 0.7098463971127861 0.046525790933683114 -0.7028182149631526
    outer loop
      vertex 98.6 4.2 1
      vertex 97.63034861845902 3.8880294772087085 0
      vertex 97.609900990099 4.2 0
    endloop
  endfacet
  facet normal 0.13878130361881869 0.6977007284515817 -0.7028182149631536
    outer loop
      vertex 99.63765333685647 2.847703843195305 1
      vertex 99.6880294772087 1.8303486184590319 0
      vertex 99.38139685655695 1.891341638948702 0
    endloop
  endfacet
  facet normal 0.04652579093369206 0.7098463971127845 -0.7028182149631534
    outer loop
      vertex 99.81726333089193 2.8119771940766656 1
      vertex 100 1.8099009900990102 0
      vertex 99.6880294772087 1.8303486184590319 0
    endloop
  endfacet
  facet normal -0.04652579093369208 0.7098463971127849 -0.7028182149631533
    outer loop
      vertex 100 2.8000000000000003 1
      vertex 100.3119705227913 1.8303486184590319 0
      vertex 100 1.8099009900990102 0
    endloop
  endfacet
  facet normal -0.13878130361881866 0.6977007284515815 -0.7028182149631539
    outer loop
      vertex 100.18273666910807 2.8119771940766656 1
      vertex 100.61860314344305 1.891341638948702 0
      vertex 100.3119705227913 1.8303486184590319 0
    endloop
  endfacet
  facet normal -0.22866222972156727 0.6736172068873889 -0.7028182149631539
    outer loop
      vertex 100.36234666314353 2.847703843195305 1
      vertex 100.91465129280132 1.991836444076984 0
      vertex 100.61860314344305 1.891341638948702 0
    endloop
  endfacet
  facet normal -0.3146306816766517 0.6380079081513722 -0.7028182149631551
    outer loop
      vertex 100.53575680531112 2.906568654484199 1
      vertex 101.1950495049505 2.1301135398657083 0
      vertex 100.91465129280132 1.991836444076984 0
    endloop
  endfacet
  facet normal -0.3952157154361458 0.5914821172176733 -0.7028182149631539
    outer loop
      vertex 100.7 2.9875644347017865 1
      vertex 101.45500008873965 2.303806966868276 0
      vertex 101.1950495049505 2.1301135398657083 0
    endloop
  endfacet
  facet normal -0.4690384987299988 0.5348359032685771 -0.702818214963154
    outer loop
      vertex 100.8522660006122 3.0893053235922707 1
      vertex 101.69005521760825 2.5099447823917567 0
      vertex 101.45500008873965 2.303806966868276 0
    endloop
  endfacet
  facet normal -0.5348359032685766 0.4690384987300014 -0.7028182149631527
    outer loop
      vertex 100.98994949366117 3.210050506338834 1
      vertex 101.89619303313172 2.744999911260345 0
      vertex 101.69005521760825 2.5099447823917567 0
    endloop
  endfacet
  facet normal -0.5914821172176741 0.395215715436147 -0.7028182149631526
    outer loop
      vertex 101.11069467640773 3.347733999387791 1
      vertex 102.0698864601343 3.004950495049505 0
      vertex 101.89619303313172 2.744999911260345 0
    endloop
  endfacet
  facet normal -0.6380079081513718 0.31463068167664704 -0.7028182149631576
    outer loop
      vertex 101.21243556529821 3.5 1
      vertex 102.20816355592302 3.2853487071986867 0
      vertex 102.0698864601343 3.004950495049505 0
    endloop
  endfacet
  facet normal -0.673617206887387 0.22866222972156694 -0.7028182149631559
    outer loop
      vertex 101.2934313455158 3.6642431946888747 1
      vertex 102.3086583610513 3.5813968565569456 0
      vertex 102.20816355592302 3.2853487071986867 0
    endloop
  endfacet
  facet normal -0.69770072845158 0.13878130361882668 -0.7028182149631536
    outer loop
      vertex 101.3522961568047 3.837653336856471 1
      vertex 102.36965138154098 3.8880294772087085 0
      vertex 102.3086583610513 3.5813968565569456 0
    endloop
  endfacet
  facet normal -0.7098463971127806 0.046525790933682754 -0.702818214963158
    outer loop
      vertex 101.38802280592333 4.017263330891928 1
      vertex 102.390099009901 4.2 0
      vertex 102.36965138154098 3.8880294772087085 0
    endloop
  endfacet
  facet normal 0.7098463971127806 -0.046525790933682754 -0.702818214963158
    outer loop
      vertex 98.61197719407667 4.3827366691080725 1
      vertex 97.609900990099 4.2 0
      vertex 97.63034861845902 4.511970522791292 0
    endloop
  endfacet
  facet normal 0.6977007284515802 -0.13878130361882687 -0.7028182149631537
    outer loop
      vertex 98.6477038431953 4.562346663143529 1
      vertex 97.63034861845902 4.511970522791292 0
      vertex 97.6913416389487 4.818603143443054 0
    endloop
  endfacet
  facet normal 0.673617206887387 -0.22866222972156694 -0.7028182149631558
    outer loop
      vertex 98.7065686544842 4.735756805311126 1
      vertex 97.6913416389487 4.818603143443054 0
      vertex 97.79183644407698 5.114651292801313 0
    endloop
  endfacet
  facet normal 0.6380079081513722 -0.3146306816766462 -0.7028182149631576
    outer loop
      vertex 98.78756443470179 4.9 1
      vertex 97.79183644407698 5.114651292801313 0
      vertex 97.9301135398657 5.395049504950496 0
    endloop
  endfacet
  facet normal 0.5914821172176736 -0.395215715436148 -0.7028182149631524
    outer loop
      vertex 98.88930532359227 5.052266000612209 1
      vertex 97.9301135398657 5.395049504950496 0
      vertex 98.10380696686828 5.655000088739655 0
    endloop
  endfacet
  facet normal 0.534835903268577 -0.4690384987300009 -0.7028182149631527
    outer loop
      vertex 99.01005050633883 5.1899494936611665 1
      vertex 98.10380696686828 5.655000088739655 0
      vertex 98.30994478239175 5.890055217608244 0
    endloop
  endfacet
  facet normal 0.4690384987299988 -0.5348359032685771 -0.702818214963154
    outer loop
      vertex 99.1477339993878 5.31069467640773 1
      vertex 98.30994478239175 5.890055217608244 0
      vertex 98.54499991126035 6.0961930331317244 0
    endloop
  endfacet
  facet normal 0.3952157154361458 -0.5914821172176733 -0.7028182149631539
    outer loop
      vertex 99.3 5.412435565298214 1
      vertex 98.54499991126035 6.0961930331317244 0
      vertex 98.8049504950495 6.269886460134292 0
    endloop
  endfacet
  facet normal 0.3146306816766514 -0.6380079081513726 -0.702818214963155
    outer loop
      vertex 99.46424319468888 5.493431345515802 1
      vertex 98.8049504950495 6.269886460134292 0
      vertex 99.08534870719868 6.408163555923016 0
    endloop
  endfacet
  facet normal 0.22866222972156686 -0.6736172068873892 -0.7028182149631536
    outer loop
      vertex 99.63765333685647 5.552296156804696 1
      vertex 99.08534870719868 6.408163555923016 0
      vertex 99.38139685655695 6.508658361051298 0
    endloop
  endfacet
  facet normal -0.2286622297215667 -0.6736172068873888 -0.7028182149631542
    outer loop
      vertex 100.53575680531112 5.493431345515802 1
      vertex 100.61860314344305 6.508658361051298 0
      vertex 100.91465129280132 6.408163555923016 0
    endloop
  endfacet
  facet normal -0.3952157154361458 -0.5914821172176733 -0.702818214963154
    outer loop
      vertex 100.8522660006122 5.31069467640773 1
      vertex 101.1950495049505 6.269886460134292 0
      vertex 101.45500008873965 6.0961930331317244 0
    endloop
  endfacet
  facet normal -0.3146306816766516 -0.638007908151373 -0.7028182149631542
    outer loop
      vertex 100.7 5.412435565298214 1
      vertex 100.91465129280132 6.408163555923016 0
      vertex 101.1950495049505 6.269886460134292 0
    endloop
  endfacet
  facet normal -0.7098463971127861 -0.046525790933683114 -0.7028182149631526
    outer loop
      vertex 101.4 4.2 1
      vertex 102.36965138154098 4.511970522791292 0
      vertex 102.390099009901 4.2 0
    endloop
  endfacet
  facet normal -0.6977007284515759 -0.13878130361882604 -0.702818214963158
    outer loop
      vertex 101.38802280592333 4.3827366691080725 1
      vertex 102.3086583610513 4.818603143443054 0
      vertex 102.36965138154098 4.511970522791292 0
    endloop
  endfacet
  facet normal -0.6736172068873891 -0.22866222972156766 -0.7028182149631534
    outer loop
      vertex 101.3522961568047 4.562346663143529 1
      vertex 102.20816355592302 5.114651292801313 0
      vertex 102.3086583610513 4.818603143443054 0
    endloop
  endfacet
  facet normal -0.6380079081513735 -0.3146306816766469 -0.702818214963156
    outer loop
      vertex 101.2934313455158 4.735756805311126 1
      vertex 102.0698864601343 5.395049504950496 0
      vertex 102.20816355592302 5.114651292801313 0
    endloop
  endfacet
  facet normal -0.5348359032685772 -0.4690384987300012 -0.7028182149631523
    outer loop
      vertex 101.11069467640773 5.052266000612209 1
      vertex 101.69005521760825 5.890055217608244 0
      vertex 101.89619303313172 5.655000088739655 0
    endloop
  endfacet
  facet normal -0.59148211721767 -0.3952157154361456 -0.7028182149631569
    outer loop
      vertex 101.21243556529821 4.9 1
      vertex 101.89619303313172 5.655000088739655 0
      vertex 102.0698864601343 5.395049504950496 0
    endloop
  endfacet
  facet normal -0.4690384987299997 -0.5348359032685782 -0.7028182149631526
    outer loop
      vertex 100.98994949366117 5.1899494936611665 1
      vertex 101.45500008873965 6.0961930331317244 0
      vertex 101.69005521760825 5.890055217608244 0
    endloop
  endfacet
  facet normal 0.13878130361881866 -0.6977007284515815 -0.7028182149631538
    outer loop
      vertex 99.81726333089193 5.588022805923335 1
      vertex 99.38139685655695 6.508658361051298 0
      vertex 99.6880294772087 6.569651381540968 0
    endloop
  endfacet
  facet normal 0.04652579093369208 -0.7098463971127849 -0.7028182149631533
    outer loop
      vertex 100 5.6 1
      vertex 99.6880294772087 6.569651381540968 0
      vertex 100 6.59009900990099 0
    endloop
  endfacet
  facet normal -0.04652579093369208 -0.7098463971127849 -0.7028182149631531
    outer loop
      vertex 100.18273666910807 5.588022805923335 1
      vertex 100 6.59009900990099 0
      vertex 100.3119705227913 6.569651381540968 0
    endloop
  endfacet
  facet normal -0.1387813036188187 -0.6977007284515818 -0.7028182149631533
    outer loop
      vertex 100.36234666314353 5.552296156804696 1
      vertex 100.3119705227913 6.569651381540968 0
      vertex 100.61860314344305 6.508658361051298 0
    endloop
  endfacet
  facet normal 0.22866222972157407 0.6736172068873868 -0.7028182149631534
    outer loop
      vertex 99.46424319468888 2.906568654484199 1
      vertex 99.63765333685647 2.847703843195305 1
      vertex 99.38139685655695 1.891341638948702 0
    endloop
  endfacet
  facet normal 0.5348359032685747 0.46903849873000353 -0.7028182149631528
    outer loop
      vertex 99.01005050633883 3.210050506338834 1
      vertex 98.30994478239175 2.5099447823917567 0
      vertex 98.88930532359227 3.347733999387791 1
    endloop
  endfacet
  facet normal 0.46903849872998765 0.5348359032685862 -0.7028182149631543
    outer loop
      vertex 99.01005050633883 3.210050506338834 1
      vertex 99.1477339993878 3.0893053235922707 1
      vertex 98.54499991126035 2.303806966868276 0
    endloop
  endfacet
  facet normal 0.39521571543614614 0.5914821172176731 -0.702818214963154
    outer loop
      vertex 99.3 2.9875644347017865 1
      vertex 98.8049504950495 2.1301135398657083 0
      vertex 99.1477339993878 3.0893053235922707 1
    endloop
  endfacet
  facet normal 0.3146306816766431 0.6380079081513761 -0.7028182149631554
    outer loop
      vertex 99.3 2.9875644347017865 1
      vertex 99.46424319468888 2.906568654484199 1
      vertex 99.08534870719868 1.991836444076984 0
    endloop
  endfacet
  facet normal 0.5914821172177009 0.3952157154361095 -0.702818214963151
    outer loop
      vertex 98.78756443470179 3.5 1
      vertex 98.88930532359227 3.347733999387791 1
      vertex 98.10380696686828 2.744999911260345 0
    endloop
  endfacet
  facet normal 0.6736172068873778 0.22866222972159117 -0.7028182149631568
    outer loop
      vertex 98.7065686544842 3.6642431946888747 1
      vertex 97.79183644407698 3.2853487071986867 0
      vertex 98.6477038431953 3.837653336856471 1
    endloop
  endfacet
  facet normal 0.6380079081513641 0.31463068167666125 -0.702818214963158
    outer loop
      vertex 98.78756443470179 3.5 1
      vertex 97.9301135398657 3.004950495049505 0
      vertex 98.7065686544842 3.6642431946888747 1
    endloop
  endfacet
  facet normal 0.6977007284515908 0.13878130361878085 -0.702818214963152
    outer loop
      vertex 98.6477038431953 3.837653336856471 1
      vertex 97.6913416389487 3.5813968565569456 0
      vertex 98.61197719407667 4.017263330891928 1
    endloop
  endfacet
  facet normal 0.7098463971127749 0.046525790933741554 -0.7028182149631601
    outer loop
      vertex 98.6 4.2 1
      vertex 98.61197719407667 4.017263330891928 1
      vertex 97.63034861845902 3.8880294772087085 0
    endloop
  endfacet
  facet normal 0.13878130361881502 0.697700728451582 -0.702818214963154
    outer loop
      vertex 99.63765333685647 2.847703843195305 1
      vertex 99.81726333089193 2.8119771940766656 1
      vertex 99.6880294772087 1.8303486184590319 0
    endloop
  endfacet
  facet normal 0.04652579093369352 0.7098463971127846 -0.7028182149631531
    outer loop
      vertex 99.81726333089193 2.8119771940766656 1
      vertex 100 2.8000000000000003 1
      vertex 100 1.8099009900990102 0
    endloop
  endfacet
  facet normal -0.046525790933693516 0.7098463971127845 -0.7028182149631534
    outer loop
      vertex 100 2.8000000000000003 1
      vertex 100.18273666910807 2.8119771940766656 1
      vertex 100.3119705227913 1.8303486184590319 0
    endloop
  endfacet
  facet normal -0.1387813036188151 0.6977007284515825 -0.7028182149631533
    outer loop
      vertex 100.18273666910807 2.8119771940766656 1
      vertex 100.36234666314353 2.847703843195305 1
      vertex 100.61860314344305 1.891341638948702 0
    endloop
  endfacet
  facet normal -0.2286622297215737 0.6736172068873858 -0.7028182149631546
    outer loop
      vertex 100.36234666314353 2.847703843195305 1
      vertex 100.53575680531112 2.906568654484199 1
      vertex 100.91465129280132 1.991836444076984 0
    endloop
  endfacet
  facet normal -0.31463068167664376 0.6380079081513774 -0.7028182149631539
    outer loop
      vertex 100.53575680531112 2.906568654484199 1
      vertex 100.7 2.9875644347017865 1
      vertex 101.1950495049505 2.1301135398657083 0
    endloop
  endfacet
  facet normal -0.3952157154361461 0.591482117217673 -0.7028182149631541
    outer loop
      vertex 100.7 2.9875644347017865 1
      vertex 100.8522660006122 3.0893053235922707 1
      vertex 101.45500008873965 2.303806966868276 0
    endloop
  endfacet
  facet normal -0.4690384987299892 0.534835903268588 -0.7028182149631522
    outer loop
      vertex 100.8522660006122 3.0893053235922707 1
      vertex 100.98994949366117 3.210050506338834 1
      vertex 101.69005521760825 2.5099447823917567 0
    endloop
  endfacet
  facet normal -0.534835903268575 0.4690384987300038 -0.7028182149631523
    outer loop
      vertex 100.98994949366117 3.210050506338834 1
      vertex 101.11069467640773 3.347733999387791 1
      vertex 101.89619303313172 2.744999911260345 0
    endloop
  endfacet
  facet normal -0.591482117217695 0.3952157154361055 -0.7028182149631583
    outer loop
      vertex 101.11069467640773 3.347733999387791 1
      vertex 101.21243556529821 3.5 1
      vertex 102.0698864601343 3.004950495049505 0
    endloop
  endfacet
  facet normal -0.6380079081513665 0.3146306816766624 -0.7028182149631556
    outer loop
      vertex 101.21243556529821 3.5 1
      vertex 101.2934313455158 3.6642431946888747 1
      vertex 102.20816355592302 3.2853487071986867 0
    endloop
  endfacet
  facet normal -0.6736172068873817 0.22866222972159245 -0.7028182149631527
    outer loop
      vertex 101.2934313455158 3.6642431946888747 1
      vertex 101.3522961568047 3.837653336856471 1
      vertex 102.3086583610513 3.5813968565569456 0
    endloop
  endfacet
  facet normal -0.6977007284515836 0.13878130361877944 -0.7028182149631594
    outer loop
      vertex 101.3522961568047 3.837653336856471 1
      vertex 101.38802280592333 4.017263330891928 1
      vertex 102.36965138154098 3.8880294772087085 0
    endloop
  endfacet
  facet normal 0.709846397112784 -0.04652579093374215 -0.7028182149631506
    outer loop
      vertex 98.6 4.2 1
      vertex 97.609900990099 4.2 0
      vertex 98.61197719407667 4.3827366691080725 1
    endloop
  endfacet
  facet normal 0.6977007284515836 -0.13878130361877944 -0.7028182149631594
    outer loop
      vertex 98.61197719407667 4.3827366691080725 1
      vertex 97.63034861845902 4.511970522791292 0
      vertex 98.6477038431953 4.562346663143529 1
    endloop
  endfacet
  facet normal 0.6736172068873817 -0.22866222972159245 -0.7028182149631526
    outer loop
      vertex 98.6477038431953 4.562346663143529 1
      vertex 97.6913416389487 4.818603143443054 0
      vertex 98.7065686544842 4.735756805311126 1
    endloop
  endfacet
  facet normal 0.6380079081513665 -0.3146306816766624 -0.7028182149631554
    outer loop
      vertex 98.7065686544842 4.735756805311126 1
      vertex 97.79183644407698 5.114651292801313 0
      vertex 98.78756443470179 4.9 1
    endloop
  endfacet
  facet normal 0.5914821172176948 -0.3952157154361054 -0.7028182149631583
    outer loop
      vertex 98.78756443470179 4.9 1
      vertex 97.9301135398657 5.395049504950496 0
      vertex 98.88930532359227 5.052266000612209 1
    endloop
  endfacet
  facet normal 0.5348359032685751 -0.4690384987300039 -0.7028182149631523
    outer loop
      vertex 98.88930532359227 5.052266000612209 1
      vertex 98.10380696686828 5.655000088739655 0
      vertex 99.01005050633883 5.1899494936611665 1
    endloop
  endfacet
  facet normal 0.4690384987299892 -0.534835903268588 -0.7028182149631521
    outer loop
      vertex 99.01005050633883 5.1899494936611665 1
      vertex 98.30994478239175 5.890055217608244 0
      vertex 99.1477339993878 5.31069467640773 1
    endloop
  endfacet
  facet normal 0.3952157154361461 -0.591482117217673 -0.7028182149631541
    outer loop
      vertex 99.1477339993878 5.31069467640773 1
      vertex 98.54499991126035 6.0961930331317244 0
      vertex 99.3 5.412435565298214 1
    endloop
  endfacet
  facet normal 0.3146306816766451 -0.6380079081513766 -0.702818214963154
    outer loop
      vertex 99.3 5.412435565298214 1
      vertex 98.8049504950495 6.269886460134292 0
      vertex 99.46424319468888 5.493431345515802 1
    endloop
  endfacet
  facet normal 0.2286622297215723 -0.6736172068873867 -0.7028182149631544
    outer loop
      vertex 99.46424319468888 5.493431345515802 1
      vertex 99.08534870719868 6.408163555923016 0
      vertex 99.63765333685647 5.552296156804696 1
    endloop
  endfacet
  facet normal 0.13878130361881513 -0.6977007284515826 -0.7028182149631531
    outer loop
      vertex 99.63765333685647 5.552296156804696 1
      vertex 99.38139685655695 6.508658361051298 0
      vertex 99.81726333089193 5.588022805923335 1
    endloop
  endfacet
  facet normal 0.04652579093369181 -0.7098463971127849 -0.7028182149631532
    outer loop
      vertex 99.81726333089193 5.588022805923335 1
      vertex 99.6880294772087 6.569651381540968 0
      vertex 100 5.6 1
    endloop
  endfacet
  facet normal -0.04652579093369181 -0.7098463971127849 -0.7028182149631532
    outer loop
      vertex 100 5.6 1
      vertex 100 6.59009900990099 0
      vertex 100.18273666910807 5.588022805923335 1
    endloop
  endfacet
  facet normal -0.13878130361881502 -0.697700728451582 -0.7028182149631538
    outer loop
      vertex 100.18273666910807 5.588022805923335 1
      vertex 100.3119705227913 6.569651381540968 0
      vertex 100.36234666314353 5.552296156804696 1
    endloop
  endfacet
  facet normal -0.39521571543614614 -0.5914821172176731 -0.702818214963154
    outer loop
      vertex 100.7 5.412435565298214 1
      vertex 101.1950495049505 6.269886460134292 0
      vertex 100.8522660006122 5.31069467640773 1
    endloop
  endfacet
  facet normal -0.46903849872998765 -0.5348359032685862 -0.7028182149631544
    outer loop
      vertex 100.8522660006122 5.31069467640773 1
      vertex 101.45500008873965 6.0961930331317244 0
      vertex 100.98994949366117 5.1899494936611665 1
    endloop
  endfacet
  facet normal -0.2286622297215726 -0.6736172068873876 -0.7028182149631534
    outer loop
      vertex 100.36234666314353 5.552296156804696 1
      vertex 100.61860314344305 6.508658361051298 0
      vertex 100.53575680531112 5.493431345515802 1
    endloop
  endfacet
  facet normal -0.3146306816766446 -0.6380079081513756 -0.7028182149631553
    outer loop
      vertex 100.53575680531112 5.493431345515802 1
      vertex 100.91465129280132 6.408163555923016 0
      vertex 100.7 5.412435565298214 1
    endloop
  endfacet
  facet normal -0.6977007284515908 -0.13878130361878085 -0.7028182149631519
    outer loop
      vertex 101.3522961568047 4.562346663143529 1
      vertex 102.3086583610513 4.818603143443054 0
      vertex 101.38802280592333 4.3827366691080725 1
    endloop
  endfacet
  facet normal -0.709846397112784 0.04652579093374215 -0.7028182149631506
    outer loop
      vertex 101.38802280592333 4.017263330891928 1
      vertex 101.4 4.2 1
      vertex 102.390099009901 4.2 0
    endloop
  endfacet
  facet normal -0.7098463971127749 -0.046525790933741554 -0.7028182149631601
    outer loop
      vertex 101.4 4.2 1
      vertex 101.38802280592333 4.3827366691080725 1
      vertex 102.36965138154098 4.511970522791292 0
    endloop
  endfacet
  facet normal -0.6736172068873778 -0.22866222972159117 -0.7028182149631567
    outer loop
      vertex 101.3522961568047 4.562346663143529 1
      vertex 101.2934313455158 4.735756805311126 1
      vertex 102.20816355592302 5.114651292801313 0
    endloop
  endfacet
  facet normal -0.6380079081513641 -0.31463068167666125 -0.7028182149631581
    outer loop
      vertex 101.21243556529821 4.9 1
      vertex 102.0698864601343 5.395049504950496 0
      vertex 101.2934313455158 4.735756805311126 1
    endloop
  endfacet
  facet normal -0.591482117217701 -0.3952157154361096 -0.7028182149631509
    outer loop
      vertex 101.11069467640773 5.052266000612209 1
      vertex 101.89619303313172 5.655000088739655 0
      vertex 101.21243556529821 4.9 1
    endloop
  endfacet
  facet normal -0.5348359032685747 -0.46903849873000353 -0.7028182149631528
    outer loop
      vertex 100.98994949366117 5.1899494936611665 1
      vertex 101.69005521760825 5.890055217608244 0
      vertex 101.11069467640773 5.052266000612209 1
    endloop
  endfacet
  facet normal 0.22866222972157366 0.6736172068873855 -0.702818214963155
    outer loop
      vertex 94.46424319468888 60.406568654484204 1
      vertex 94.38139685655695 59.3913416389487 0
      vertex 94.08534870719868 59.49183644407699 0
    endloop
  endfacet
  facet normal 0.13878130361881486 0.6977007284515827 -0.7028182149631532
    outer loop
      vertex 94.63765333685647 60.347703843195305 1
      vertex 94.6880294772087 59.330348618459034 0
      vertex 94.38139685655695 59.3913416389487 0
    endloop
  endfacet
  facet normal 0.04652579093368201 0.7098463971127854 -0.7028182149631532
    outer loop
      vertex 94.81726333089193 60.31197719407667 1
      vertex 95 59.30990099009902 0
      vertex 94.6880294772087 59.330348618459034 0
    endloop
  endfacet
  facet normal -0.04652579093368205 0.709846397112786 -0.7028182149631526
    outer loop
      vertex 95 60.300000000000004 1
      vertex 95.3119705227913 59.330348618459034 0
      vertex 95 59.30990099009902 0
    endloop
  endfacet
  facet normal -0.13878130361881466 0.6977007284515818 -0.7028182149631541
    outer loop
      vertex 95.18273666910807 60.31197719407667 1
      vertex 95.61860314344305 59.3913416389487 0
      vertex 95.3119705227913 59.330348618459034 0
    endloop
  endfacet
  facet normal -0.22866222972157418 0.6736172068873869 -0.7028182149631533
    outer loop
      vertex 95.36234666314353 60.347703843195305 1
      vertex 95.91465129280132 59.49183644407699 0
      vertex 95.61860314344305 59.3913416389487 0
    endloop
  endfacet
  facet normal 0.5914821172176679 0.3952157154361496 -0.7028182149631564
    outer loop
      vertex 93.78756443470179 61 1
      vertex 93.10380696686828 60.24499991126035 0
      vertex 92.9301135398657 60.504950495049506 0
    endloop
  endfacet
  facet normal 0.6380079081513716 0.3146306816766489 -0.7028182149631568
    outer loop
      vertex 93.7065686544842 61.16424319468888 1
      vertex 92.9301135398657 60.504950495049506 0
      vertex 92.79183644407698 60.785348707198686 0
    endloop
  endfacet
  facet normal 0.4690384987300033 0.5348359032685754 -0.7028182149631523
    outer loop
      vertex 94.01005050633883 60.71005050633884 1
      vertex 93.54499991126035 59.80380696686828 0
      vertex 93.30994478239175 60.00994478239176 0
    endloop
  endfacet
  facet normal 0.39521571543614764 0.5914821172176731 -0.702818214963153
    outer loop
      vertex 94.1477339993878 60.58930532359227 1
      vertex 93.8049504950495 59.63011353986571 0
      vertex 93.54499991126035 59.80380696686828 0
    endloop
  endfacet
  facet normal 0.31463068167665026 0.6380079081513743 -0.7028182149631539
    outer loop
      vertex 94.3 60.48756443470179 1
      vertex 94.08534870719868 59.49183644407699 0
      vertex 93.8049504950495 59.63011353986571 0
    endloop
  endfacet
  facet normal 0.5348359032685771 0.46903849873000286 -0.7028182149631512
    outer loop
      vertex 93.88930532359227 60.84773399938779 1
      vertex 93.30994478239175 60.00994478239176 0
      vertex 93.10380696686828 60.24499991126035 0
    endloop
  endfacet
  facet normal 0.6736172068873877 0.22866222972156922 -0.7028182149631543
    outer loop
      vertex 93.6477038431953 61.33765333685648 1
      vertex 92.79183644407698 60.785348707198686 0
      vertex 92.6913416389487 61.08139685655694 0
    endloop
  endfacet
  facet normal 0.6977007284515764 0.13878130361882332 -0.7028182149631579
    outer loop
      vertex 93.61197719407667 61.51726333089193 1
      vertex 92.6913416389487 61.08139685655694 0
      vertex 92.63034861845902 61.38802947720871 0
    endloop
  endfacet
  facet normal 0.7098463971127861 0.046525790933683114 -0.7028182149631526
    outer loop
      vertex 93.6 61.7 1
      vertex 92.63034861845902 61.38802947720871 0
      vertex 92.609900990099 61.7 0
    endloop
  endfacet
  facet normal 0.7098463971127806 -0.04652579093368276 -0.702818214963158
    outer loop
      vertex 93.61197719407667 61.88273666910808 1
      vertex 92.609900990099 61.7 0
      vertex 92.63034861845902 62.011970522791295 0
    endloop
  endfacet
  facet normal -0.3146306816766495 0.6380079081513728 -0.7028182149631557
    outer loop
      vertex 95.53575680531112 60.406568654484204 1
      vertex 96.1950495049505 59.63011353986571 0
      vertex 95.91465129280132 59.49183644407699 0
    endloop
  endfacet
  facet normal 0.69770072845158 -0.13878130361882407 -0.7028182149631541
    outer loop
      vertex 93.6477038431953 62.06234666314353 1
      vertex 92.63034861845902 62.011970522791295 0
      vertex 92.6913416389487 62.31860314344306 0
    endloop
  endfacet
  facet normal 0.6736172068873857 -0.22866222972156855 -0.7028182149631566
    outer loop
      vertex 93.7065686544842 62.23575680531113 1
      vertex 92.6913416389487 62.31860314344306 0
      vertex 92.79183644407698 62.61465129280132 0
    endloop
  endfacet
  facet normal 0.6380079081513712 -0.3146306816766487 -0.7028182149631573
    outer loop
      vertex 93.78756443470179 62.400000000000006 1
      vertex 92.79183644407698 62.61465129280132 0
      vertex 92.9301135398657 62.8950495049505 0
    endloop
  endfacet
  facet normal 0.5914821172176716 -0.3952157154361521 -0.7028182149631518
    outer loop
      vertex 93.88930532359227 62.552266000612214 1
      vertex 92.9301135398657 62.8950495049505 0
      vertex 93.10380696686828 63.155000088739655 0
    endloop
  endfacet
  facet normal 0.5348359032685764 -0.46903849873000225 -0.7028182149631522
    outer loop
      vertex 94.01005050633883 62.68994949366117 1
      vertex 93.10380696686828 63.155000088739655 0
      vertex 93.30994478239175 63.39005521760824 0
    endloop
  endfacet
  facet normal 0.469038498730003 -0.534835903268575 -0.7028182149631528
    outer loop
      vertex 94.1477339993878 62.810694676407735 1
      vertex 93.30994478239175 63.39005521760824 0
      vertex 93.54499991126035 63.596193033131726 0
    endloop
  endfacet
  facet normal 0.39521571543614736 -0.5914821172176726 -0.7028182149631537
    outer loop
      vertex 94.3 62.91243556529822 1
      vertex 93.54499991126035 63.596193033131726 0
      vertex 93.8049504950495 63.769886460134295 0
    endloop
  endfacet
  facet normal 0.3146306816766495 -0.6380079081513728 -0.7028182149631557
    outer loop
      vertex 94.46424319468888 62.9934313455158 1
      vertex 93.8049504950495 63.769886460134295 0
      vertex 94.08534870719868 63.90816355592302 0
    endloop
  endfacet
  facet normal 0.22866222972157418 -0.6736172068873869 -0.7028182149631533
    outer loop
      vertex 94.63765333685647 63.0522961568047 1
      vertex 94.08534870719868 63.90816355592302 0
      vertex 94.38139685655695 64.0086583610513 0
    endloop
  endfacet
  facet normal 0.13878130361882984 -0.6977007284515768 -0.7028182149631561
    outer loop
      vertex 94.81726333089193 63.08802280592334 1
      vertex 94.38139685655695 64.0086583610513 0
      vertex 94.6880294772087 64.06965138154098 0
    endloop
  endfacet
  facet normal 0.046525790933681886 -0.7098463971127835 -0.7028182149631551
    outer loop
      vertex 95 63.1 1
      vertex 94.6880294772087 64.06965138154098 0
      vertex 95 64.090099009901 0
    endloop
  endfacet
  facet normal -0.046525790933681845 -0.7098463971127829 -0.7028182149631558
    outer loop
      vertex 95.18273666910807 63.08802280592334 1
      vertex 95 64.090099009901 0
      vertex 95.3119705227913 64.06965138154098 0
    endloop
  endfacet
  facet normal -0.13878130361883032 -0.6977007284515792 -0.7028182149631537
    outer loop
      vertex 95.36234666314353 63.0522961568047 1
      vertex 95.3119705227913 64.06965138154098 0
      vertex 95.61860314344305 64.0086583610513 0
    endloop
  endfacet
  facet normal -0.22866222972157366 -0.6736172068873855 -0.702818214963155
    outer loop
      vertex 95.53575680531112 62.9934313455158 1
      vertex 95.61860314344305 64.0086583610513 0
      vertex 95.91465129280132 63.90816355592302 0
    endloop
  endfacet
  facet normal -0.31463068167665026 -0.6380079081513743 -0.7028182149631539
    outer loop
      vertex 95.7 62.91243556529822 1
      vertex 95.91465129280132 63.90816355592302 0
      vertex 96.1950495049505 63.769886460134295 0
    endloop
  endfacet
  facet normal -0.39521571543614736 0.5914821172176726 -0.7028182149631537
    outer loop
      vertex 95.7 60.48756443470179 1
      vertex 96.45500008873965 59.80380696686828 0
      vertex 96.1950495049505 59.63011353986571 0
    endloop
  endfacet
  facet normal -0.469038498730003 0.534835903268575 -0.7028182149631528
    outer loop
      vertex 95.8522660006122 60.58930532359227 1
      vertex 96.69005521760825 60.00994478239176 0
      vertex 96.45500008873965 59.80380696686828 0
    endloop
  endfacet
  facet normal -0.5348359032685764 0.46903849873000225 -0.7028182149631522
    outer loop
      vertex 95.98994949366117 60.71005050633884 1
      vertex 96.89619303313172 60.24499991126035 0
      vertex 96.69005521760825 60.00994478239176 0
    endloop
  endfacet
  facet normal -0.5914821172176716 0.3952157154361521 -0.7028182149631518
    outer loop
      vertex 96.11069467640773 60.84773399938779 1
      vertex 97.0698864601343 60.504950495049506 0
      vertex 96.89619303313172 60.24499991126035 0
    endloop
  endfacet
  facet normal -0.6380079081513712 0.3146306816766487 -0.7028182149631573
    outer loop
      vertex 96.21243556529821 61 1
      vertex 97.20816355592302 60.785348707198686 0
      vertex 97.0698864601343 60.504950495049506 0
    endloop
  endfacet
  facet normal -0.6736172068873857 0.22866222972156855 -0.7028182149631566
    outer loop
      vertex 96.2934313455158 61.16424319468888 1
      vertex 97.3086583610513 61.08139685655694 0
      vertex 97.20816355592302 60.785348707198686 0
    endloop
  endfacet
  facet normal -0.69770072845158 0.13878130361882407 -0.7028182149631541
    outer loop
      vertex 96.3522961568047 61.33765333685648 1
      vertex 97.36965138154098 61.38802947720871 0
      vertex 97.3086583610513 61.08139685655694 0
    endloop
  endfacet
  facet normal -0.7098463971127806 0.04652579093368276 -0.702818214963158
    outer loop
      vertex 96.38802280592333 61.51726333089193 1
      vertex 97.390099009901 61.7 0
      vertex 97.36965138154098 61.38802947720871 0
    endloop
  endfacet
  facet normal -0.7098463971127861 -0.046525790933683114 -0.7028182149631526
    outer loop
      vertex 96.4 61.7 1
      vertex 97.36965138154098 62.011970522791295 0
      vertex 97.390099009901 61.7 0
    endloop
  endfacet
  facet normal -0.6380079081513716 -0.3146306816766489 -0.7028182149631568
    outer loop
      vertex 96.2934313455158 62.23575680531113 1
      vertex 97.0698864601343 62.8950495049505 0
      vertex 97.20816355592302 62.61465129280132 0
    endloop
  endfacet
  facet normal -0.5914821172176679 -0.3952157154361496 -0.7028182149631564
    outer loop
      vertex 96.21243556529821 62.400000000000006 1
      vertex 96.89619303313172 63.155000088739655 0
      vertex 97.0698864601343 62.8950495049505 0
    endloop
  endfacet
  facet normal -0.6977007284515764 -0.13878130361882332 -0.7028182149631579
    outer loop
      vertex 96.38802280592333 61.88273666910808 1
      vertex 97.3086583610513 62.31860314344306 0
      vertex 97.36965138154098 62.011970522791295 0
    endloop
  endfacet
  facet normal -0.6736172068873877 -0.22866222972156922 -0.7028182149631543
    outer loop
      vertex 96.3522961568047 62.06234666314353 1
      vertex 97.20816355592302 62.61465129280132 0
      vertex 97.3086583610513 62.31860314344306 0
    endloop
  endfacet
  facet normal -0.39521571543614764 -0.5914821172176731 -0.702818214963153
    outer loop
      vertex 95.8522660006122 62.810694676407735 1
      vertex 96.1950495049505 63.769886460134295 0
      vertex 96.45500008873965 63.596193033131726 0
    endloop
  endfacet
  facet normal -0.4690384987300033 -0.5348359032685754 -0.7028182149631523
    outer loop
      vertex 95.98994949366117 62.68994949366117 1
      vertex 96.45500008873965 63.596193033131726 0
      vertex 96.69005521760825 63.39005521760824 0
    endloop
  endfacet
  facet normal -0.5348359032685771 -0.46903849873000286 -0.7028182149631512
    outer loop
      vertex 96.11069467640773 62.552266000612214 1
      vertex 96.69005521760825 63.39005521760824 0
      vertex 96.89619303313172 63.155000088739655 0
    endloop
  endfacet
  facet normal 0.39521571543614137 0.5914821172176763 -0.7028182149631539
    outer loop
      vertex 94.1477339993878 60.58930532359227 1
      vertex 94.3 60.48756443470179 1
      vertex 93.8049504950495 59.63011353986571 0
    endloop
  endfacet
  facet normal 0.5348359032685689 0.46903849873001047 -0.7028182149631527
    outer loop
      vertex 93.88930532359227 60.84773399938779 1
      vertex 94.01005050633883 60.71005050633884 1
      vertex 93.30994478239175 60.00994478239176 0
    endloop
  endfacet
  facet normal 0.5914821172177007 0.39521571543611167 -0.7028182149631501
    outer loop
      vertex 93.78756443470179 61 1
      vertex 93.88930532359227 60.84773399938779 1
      vertex 93.10380696686828 60.24499991126035 0
    endloop
  endfacet
  facet normal 0.46903849872999837 0.5348359032685787 -0.7028182149631531
    outer loop
      vertex 94.1477339993878 60.58930532359227 1
      vertex 93.54499991126035 59.80380696686828 0
      vertex 94.01005050633883 60.71005050633884 1
    endloop
  endfacet
  facet normal 0.6977007284515895 0.13878130361878405 -0.7028182149631527
    outer loop
      vertex 93.6477038431953 61.33765333685648 1
      vertex 92.6913416389487 61.08139685655694 0
      vertex 93.61197719407667 61.51726333089193 1
    endloop
  endfacet
  facet normal 0.7098463971127749 0.0465257909337411 -0.7028182149631599
    outer loop
      vertex 93.61197719407667 61.51726333089193 1
      vertex 92.63034861845902 61.38802947720871 0
      vertex 93.6 61.7 1
    endloop
  endfacet
  facet normal 0.7098463971127841 -0.046525790933741706 -0.7028182149631507
    outer loop
      vertex 93.6 61.7 1
      vertex 92.609900990099 61.7 0
      vertex 93.61197719407667 61.88273666910808 1
    endloop
  endfacet
  facet normal 0.6380079081513681 0.3146306816766547 -0.7028182149631577
    outer loop
      vertex 93.78756443470179 61 1
      vertex 92.9301135398657 60.504950495049506 0
      vertex 93.7065686544842 61.16424319468888 1
    endloop
  endfacet
  facet normal 0.6736172068873777 0.22866222972158995 -0.7028182149631572
    outer loop
      vertex 93.7065686544842 61.16424319468888 1
      vertex 92.79183644407698 60.785348707198686 0
      vertex 93.6477038431953 61.33765333685648 1
    endloop
  endfacet
  facet normal 0.2286622297215913 0.6736172068873817 -0.7028182149631528
    outer loop
      vertex 94.46424319468888 60.406568654484204 1
      vertex 94.63765333685647 60.347703843195305 1
      vertex 94.38139685655695 59.3913416389487 0
    endloop
  endfacet
  facet normal 0.31463068167663305 0.6380079081513802 -0.7028182149631561
    outer loop
      vertex 94.3 60.48756443470179 1
      vertex 94.46424319468888 60.406568654484204 1
      vertex 94.08534870719868 59.49183644407699 0
    endloop
  endfacet
  facet normal 0.13878130361880497 0.6977007284515835 -0.7028182149631544
    outer loop
      vertex 94.63765333685647 60.347703843195305 1
      vertex 94.81726333089193 60.31197719407667 1
      vertex 94.6880294772087 59.330348618459034 0
    endloop
  endfacet
  facet normal 0.04652579093368843 0.7098463971127859 -0.7028182149631526
    outer loop
      vertex 94.81726333089193 60.31197719407667 1
      vertex 95 60.300000000000004 1
      vertex 95 59.30990099009902 0
    endloop
  endfacet
  facet normal -0.04652579093368836 0.7098463971127849 -0.7028182149631533
    outer loop
      vertex 95 60.300000000000004 1
      vertex 95.18273666910807 60.31197719407667 1
      vertex 95.3119705227913 59.330348618459034 0
    endloop
  endfacet
  facet normal -0.13878130361880525 0.697700728451585 -0.7028182149631529
    outer loop
      vertex 95.18273666910807 60.31197719407667 1
      vertex 95.36234666314353 60.347703843195305 1
      vertex 95.61860314344305 59.3913416389487 0
    endloop
  endfacet
  facet normal -0.22866222972159042 0.6736172068873791 -0.7028182149631556
    outer loop
      vertex 95.36234666314353 60.347703843195305 1
      vertex 95.53575680531112 60.406568654484204 1
      vertex 95.91465129280132 59.49183644407699 0
    endloop
  endfacet
  facet normal -0.3146306816766343 0.6380079081513828 -0.7028182149631534
    outer loop
      vertex 95.53575680531112 60.406568654484204 1
      vertex 95.7 60.48756443470179 1
      vertex 96.1950495049505 59.63011353986571 0
    endloop
  endfacet
  facet normal 0.6977007284515832 -0.13878130361878277 -0.7028182149631593
    outer loop
      vertex 93.61197719407667 61.88273666910808 1
      vertex 92.63034861845902 62.011970522791295 0
      vertex 93.6477038431953 62.06234666314353 1
    endloop
  endfacet
  facet normal 0.673617206887381 -0.2286622297215911 -0.7028182149631536
    outer loop
      vertex 93.6477038431953 62.06234666314353 1
      vertex 92.6913416389487 62.31860314344306 0
      vertex 93.7065686544842 62.23575680531113 1
    endloop
  endfacet
  facet normal 0.6380079081513689 -0.3146306816766551 -0.7028182149631566
    outer loop
      vertex 93.7065686544842 62.23575680531113 1
      vertex 92.79183644407698 62.61465129280132 0
      vertex 93.78756443470179 62.400000000000006 1
    endloop
  endfacet
  facet normal 0.5914821172176942 -0.3952157154361073 -0.702818214963158
    outer loop
      vertex 93.78756443470179 62.400000000000006 1
      vertex 92.9301135398657 62.8950495049505 0
      vertex 93.88930532359227 62.552266000612214 1
    endloop
  endfacet
  facet normal 0.53483590326857 -0.4690384987300115 -0.7028182149631508
    outer loop
      vertex 93.88930532359227 62.552266000612214 1
      vertex 93.10380696686828 63.155000088739655 0
      vertex 94.01005050633883 62.68994949366117 1
    endloop
  endfacet
  facet normal 0.469038498729999 -0.5348359032685794 -0.702818214963152
    outer loop
      vertex 94.01005050633883 62.68994949366117 1
      vertex 93.30994478239175 63.39005521760824 0
      vertex 94.1477339993878 62.810694676407735 1
    endloop
  endfacet
  facet normal 0.395215715436142 -0.5914821172176772 -0.7028182149631528
    outer loop
      vertex 94.1477339993878 62.810694676407735 1
      vertex 93.54499991126035 63.596193033131726 0
      vertex 94.3 62.91243556529822 1
    endloop
  endfacet
  facet normal 0.3146306816766343 -0.6380079081513828 -0.7028182149631533
    outer loop
      vertex 94.3 62.91243556529822 1
      vertex 93.8049504950495 63.769886460134295 0
      vertex 94.46424319468888 62.9934313455158 1
    endloop
  endfacet
  facet normal 0.22866222972159042 -0.6736172068873791 -0.7028182149631556
    outer loop
      vertex 94.46424319468888 62.9934313455158 1
      vertex 94.08534870719868 63.90816355592302 0
      vertex 94.63765333685647 63.0522961568047 1
    endloop
  endfacet
  facet normal 0.13878130361880525 -0.697700728451585 -0.7028182149631529
    outer loop
      vertex 94.63765333685647 63.0522961568047 1
      vertex 94.38139685655695 64.0086583610513 0
      vertex 94.81726333089193 63.08802280592334 1
    endloop
  endfacet
  facet normal 0.0465257909336882 -0.7098463971127824 -0.702818214963156
    outer loop
      vertex 94.81726333089193 63.08802280592334 1
      vertex 94.6880294772087 64.06965138154098 0
      vertex 95 63.1 1
    endloop
  endfacet
  facet normal -0.046525790933688256 -0.7098463971127833 -0.7028182149631549
    outer loop
      vertex 95 63.1 1
      vertex 95 64.090099009901 0
      vertex 95.18273666910807 63.08802280592334 1
    endloop
  endfacet
  facet normal -0.13878130361880445 -0.6977007284515809 -0.7028182149631569
    outer loop
      vertex 95.18273666910807 63.08802280592334 1
      vertex 95.3119705227913 64.06965138154098 0
      vertex 95.36234666314353 63.0522961568047 1
    endloop
  endfacet
  facet normal -0.22866222972159136 -0.6736172068873819 -0.7028182149631529
    outer loop
      vertex 95.36234666314353 63.0522961568047 1
      vertex 95.61860314344305 64.0086583610513 0
      vertex 95.53575680531112 62.9934313455158 1
    endloop
  endfacet
  facet normal -0.31463068167663305 -0.6380079081513802 -0.7028182149631561
    outer loop
      vertex 95.53575680531112 62.9934313455158 1
      vertex 95.91465129280132 63.90816355592302 0
      vertex 95.7 62.91243556529822 1
    endloop
  endfacet
  facet normal -0.39521571543614137 -0.5914821172176763 -0.7028182149631538
    outer loop
      vertex 95.7 62.91243556529822 1
      vertex 96.1950495049505 63.769886460134295 0
      vertex 95.8522660006122 62.810694676407735 1
    endloop
  endfacet
  facet normal -0.395215715436142 0.5914821172176772 -0.7028182149631528
    outer loop
      vertex 95.7 60.48756443470179 1
      vertex 95.8522660006122 60.58930532359227 1
      vertex 96.45500008873965 59.80380696686828 0
    endloop
  endfacet
  facet normal -0.469038498729999 0.5348359032685794 -0.702818214963152
    outer loop
      vertex 95.8522660006122 60.58930532359227 1
      vertex 95.98994949366117 60.71005050633884 1
      vertex 96.69005521760825 60.00994478239176 0
    endloop
  endfacet
  facet normal -0.53483590326857 0.4690384987300115 -0.7028182149631508
    outer loop
      vertex 95.98994949366117 60.71005050633884 1
      vertex 96.11069467640773 60.84773399938779 1
      vertex 96.89619303313172 60.24499991126035 0
    endloop
  endfacet
  facet normal -0.5914821172176942 0.3952157154361073 -0.702818214963158
    outer loop
      vertex 96.11069467640773 60.84773399938779 1
      vertex 96.21243556529821 61 1
      vertex 97.0698864601343 60.504950495049506 0
    endloop
  endfacet
  facet normal -0.6380079081513689 0.3146306816766551 -0.7028182149631566
    outer loop
      vertex 96.21243556529821 61 1
      vertex 96.2934313455158 61.16424319468888 1
      vertex 97.20816355592302 60.785348707198686 0
    endloop
  endfacet
  facet normal -0.673617206887381 0.2286622297215911 -0.7028182149631537
    outer loop
      vertex 96.2934313455158 61.16424319468888 1
      vertex 96.3522961568047 61.33765333685648 1
      vertex 97.3086583610513 61.08139685655694 0
    endloop
  endfacet
  facet normal -0.6977007284515832 0.13878130361878277 -0.7028182149631592
    outer loop
      vertex 96.3522961568047 61.33765333685648 1
      vertex 96.38802280592333 61.51726333089193 1
      vertex 97.36965138154098 61.38802947720871 0
    endloop
  endfacet
  facet normal -0.7098463971127841 0.046525790933741706 -0.7028182149631507
    outer loop
      vertex 96.38802280592333 61.51726333089193 1
      vertex 96.4 61.7 1
      vertex 97.390099009901 61.7 0
    endloop
  endfacet
  facet normal -0.7098463971127749 -0.0465257909337411 -0.7028182149631599
    outer loop
      vertex 96.4 61.7 1
      vertex 96.38802280592333 61.88273666910808 1
      vertex 97.36965138154098 62.011970522791295 0
    endloop
  endfacet
  facet normal -0.6977007284515893 -0.13878130361878402 -0.7028182149631527
    outer loop
      vertex 96.38802280592333 61.88273666910808 1
      vertex 96.3522961568047 62.06234666314353 1
      vertex 97.3086583610513 62.31860314344306 0
    endloop
  endfacet
  facet normal -0.6736172068873777 -0.22866222972158995 -0.7028182149631572
    outer loop
      vertex 96.2934313455158 62.23575680531113 1
      vertex 97.20816355592302 62.61465129280132 0
      vertex 96.3522961568047 62.06234666314353 1
    endloop
  endfacet
  facet normal -0.5914821172177007 -0.39521571543611167 -0.7028182149631501
    outer loop
      vertex 96.11069467640773 62.552266000612214 1
      vertex 96.89619303313172 63.155000088739655 0
      vertex 96.21243556529821 62.400000000000006 1
    endloop
  endfacet
  facet normal -0.5348359032685689 -0.46903849873001047 -0.7028182149631527
    outer loop
      vertex 96.11069467640773 62.552266000612214 1
      vertex 95.98994949366117 62.68994949366117 1
      vertex 96.69005521760825 63.39005521760824 0
    endloop
  endfacet
  facet normal -0.6380079081513679 -0.3146306816766546 -0.7028182149631577
    outer loop
      vertex 96.2934313455158 62.23575680531113 1
      vertex 96.21243556529821 62.400000000000006 1
      vertex 97.0698864601343 62.8950495049505 0
    endloop
  endfacet
  facet normal -0.46903849872999837 -0.5348359032685787 -0.7028182149631531
    outer loop
      vertex 95.8522660006122 62.810694676407735 1
      vertex 96.45500008873965 63.596193033131726 0
      vertex 95.98994949366117 62.68994949366117 1
    endloop
  endfacet
endsolid OpenSCAD_Model
