solid OpenSCAD_Model
  facet normal -0.8968727555004398 -0.44228866189520233 0
    outer loop
      vertex 100.43044818341733 44.046926628053185 6.55
      vertex 100.45358983576298 43.99999999552965 6.55
      vertex 100.43044818341733 44.046926628053185 7.949999999999999
    endloop
  endfacet
  facet normal -0.8314695592726233 -0.5555703123844805 0
    outer loop
      vertex 100.45358983576298 43.99999999552965 6.55
      vertex 100.48265866339207 43.95649542957544 6.55
      vertex 100.45358983576298 43.99999999552965 7.949999999999999
    endloop
  endfacet
  facet normal -0.9807852734670756 -0.19509035688653095 0
    outer loop
      vertex 100.41362966746092 44.09647237807512 6.55
      vertex 100.40342205166817 44.147789518535134 7.949999999999999
      vertex 100.40342205166817 44.147789518535134 6.55
    endloop
  endfacet
  facet normal -0.9978589282087155 -0.06540305340084454 0
    outer loop
      vertex 100.40342205166817 44.147789518535134 6.55
      vertex 100.4 44.19999999850988 7.949999999999999
      vertex 100.4 44.19999999850988 6.55
    endloop
  endfacet
  facet normal -0.9469301288966354 -0.3214394670661981 0
    outer loop
      vertex 100.43044818341733 44.046926628053185 6.55
      vertex 100.41362966746092 44.09647237807512 7.949999999999999
      vertex 100.41362966746092 44.09647237807512 6.55
    endloop
  endfacet
  facet normal -0.7518398060333286 -0.6593458167485153 0
    outer loop
      vertex 100.48265866339207 43.95649542957544 6.55
      vertex 100.51715728789569 43.91715728789568 6.55
      vertex 100.48265866339207 43.95649542957544 7.949999999999999
    endloop
  endfacet
  facet normal -0.6593458167485153 -0.7518398060333286 0
    outer loop
      vertex 100.51715728789569 43.91715728789568 6.55
      vertex 100.55649542957545 43.882658663392064 6.55
      vertex 100.51715728789569 43.91715728789568 7.949999999999999
    endloop
  endfacet
  facet normal -0.5555703123844805 -0.8314695592726233 0
    outer loop
      vertex 100.55649542957545 43.882658663392064 6.55
      vertex 100.59999999552966 43.853589835762975 6.55
      vertex 100.55649542957545 43.882658663392064 7.949999999999999
    endloop
  endfacet
  facet normal -0.44228866189520233 -0.8968727555004398 0
    outer loop
      vertex 100.59999999552966 43.853589835762975 6.55
      vertex 100.6469266280532 43.83044818341732 6.55
      vertex 100.59999999552966 43.853589835762975 7.949999999999999
    endloop
  endfacet
  facet normal -0.3214394670661981 -0.9469301288966354 0
    outer loop
      vertex 100.6469266280532 43.83044818341732 6.55
      vertex 100.69647237807513 43.813629667460916 6.55
      vertex 100.6469266280532 43.83044818341732 7.949999999999999
    endloop
  endfacet
  facet normal -1 0 0
    outer loop
      vertex 100.4 44.19999999850988 6.55
      vertex 100.4 46.19999999850988 7.949999999999999
      vertex 100.4 46.19999999850988 6.55
    endloop
  endfacet
  facet normal -0.19509035688653095 -0.9807852734670756 0
    outer loop
      vertex 100.69647237807513 43.813629667460916 6.55
      vertex 100.74778951853514 43.803422051668164 6.55
      vertex 100.69647237807513 43.813629667460916 7.949999999999999
    endloop
  endfacet
  facet normal -0.06540305340084454 -0.9978589282087155 0
    outer loop
      vertex 100.74778951853514 43.803422051668164 6.55
      vertex 100.79999999850989 43.8 6.55
      vertex 100.74778951853514 43.803422051668164 7.949999999999999
    endloop
  endfacet
  facet normal -0.7518398060333287 0.6593458167485153 0
    outer loop
      vertex 100.48265866339207 46.44350456744432 6.55
      vertex 100.51715728789569 46.482842709124085 7.799999997019768
      vertex 100.51715728789569 46.482842709124085 6.55
    endloop
  endfacet
  facet normal -0.6593458167485153 0.7518398060333287 0
    outer loop
      vertex 100.51715728789569 46.482842709124085 6.55
      vertex 100.55649542957545 46.5173413336277 7.799999997019768
      vertex 100.55649542957545 46.5173413336277 6.55
    endloop
  endfacet
  facet normal -0.5555703123844806 0.8314695592726234 0
    outer loop
      vertex 100.55649542957545 46.5173413336277 6.55
      vertex 100.59999999552966 46.54641016125679 7.799999997019768
      vertex 100.59999999552966 46.54641016125679 6.55
    endloop
  endfacet
  facet normal -0.4422886618952023 0.8968727555004397 0
    outer loop
      vertex 100.59999999552966 46.54641016125679 6.55
      vertex 100.6469266280532 46.569551813602445 7.799999997019768
      vertex 100.6469266280532 46.569551813602445 6.55
    endloop
  endfacet
  facet normal 0 0 -1
    outer loop
      vertex 100.69647237807513 46.58637032955885 6.55
      vertex 100.74778951853514 46.5965779453516 6.55
      vertex 100.79999999850989 46.599999997019765 6.55
    endloop
  endfacet
  facet normal -0.3214394670661981 0.9469301288966355 0
    outer loop
      vertex 100.6469266280532 46.569551813602445 6.55
      vertex 100.69647237807513 46.58637032955885 7.799999997019768
      vertex 100.69647237807513 46.58637032955885 6.55
    endloop
  endfacet
  facet normal -0.19509035688653095 0.9807852734670756 0
    outer loop
      vertex 100.69647237807513 46.58637032955885 6.55
      vertex 100.74778951853514 46.5965779453516 7.799999997019768
      vertex 100.74778951853514 46.5965779453516 6.55
    endloop
  endfacet
  facet normal -0.06540305340084455 0.9978589282087155 0
    outer loop
      vertex 100.74778951853514 46.5965779453516 6.55
      vertex 100.79999999850989 46.599999997019765 7.799999997019768
      vertex 100.79999999850989 46.599999997019765 6.55
    endloop
  endfacet
  facet normal 0 1 0
    outer loop
      vertex 100.79999999850989 46.599999997019765 6.55
      vertex 100.79999999850989 46.599999997019765 7.799999997019768
      vertex 101.14999999999999 46.599999997019765 6.6
    endloop
  endfacet
  facet normal -0.9978589282087155 0.06540305340084454 0
    outer loop
      vertex 100.4 46.19999999850988 6.55
      vertex 100.40342205166817 46.25221047848463 7.949999999999999
      vertex 100.40342205166817 46.25221047848463 6.55
    endloop
  endfacet
  facet normal -0.9807852734670756 0.19509035688653095 0
    outer loop
      vertex 100.40342205166817 46.25221047848463 6.55
      vertex 100.41362966746092 46.30352761894464 7.949999999999999
      vertex 100.41362966746092 46.30352761894464 6.55
    endloop
  endfacet
  facet normal -0.9469301288966354 0.3214394670661981 0
    outer loop
      vertex 100.41362966746092 46.30352761894464 6.55
      vertex 100.43044818341733 46.35307336896658 7.949999999999999
      vertex 100.43044818341733 46.35307336896658 6.55
    endloop
  endfacet
  facet normal -0.8968727555004398 0.44228866189520233 0
    outer loop
      vertex 100.43044818341733 46.35307336896658 6.55
      vertex 100.45358983576298 46.40000000149011 7.949999999999999
      vertex 100.45358983576298 46.40000000149011 6.55
    endloop
  endfacet
  facet normal -0.8314695592726233 0.5555703123844805 0
    outer loop
      vertex 100.45358983576298 46.40000000149011 6.55
      vertex 100.48265866339207 46.44350456744432 7.949999999999999
      vertex 100.48265866339207 46.44350456744432 6.55
    endloop
  endfacet
  facet normal -0.751839806033326 0.6593458167485183 0
    outer loop
      vertex 100.48265866339207 46.44350456744432 6.55
      vertex 100.48265866339207 46.44350456744432 7.949999999999999
      vertex 100.5 46.463278571950724 7.799999997019768
    endloop
  endfacet
  facet normal -0.7518398060333313 0.6593458167485122 1.6999457174080684e-16
    outer loop
      vertex 100.48265866339207 46.44350456744432 6.55
      vertex 100.5 46.463278571950724 7.799999997019768
      vertex 100.51715728789569 46.482842709124085 7.799999997019768
    endloop
  endfacet
  facet normal -0.6593458167485153 0.7518398060333287 0
    outer loop
      vertex 100.51715728789569 46.482842709124085 6.55
      vertex 100.51715728789569 46.482842709124085 7.799999997019768
      vertex 100.55649542957545 46.5173413336277 7.799999997019768
    endloop
  endfacet
  facet normal -0.5555703123844806 0.8314695592726234 0
    outer loop
      vertex 100.55649542957545 46.5173413336277 6.55
      vertex 100.55649542957545 46.5173413336277 7.799999997019768
      vertex 100.59999999552966 46.54641016125679 7.799999997019768
    endloop
  endfacet
  facet normal -0.4422886618952023 0.8968727555004397 0
    outer loop
      vertex 100.59999999552966 46.54641016125679 6.55
      vertex 100.59999999552966 46.54641016125679 7.799999997019768
      vertex 100.6469266280532 46.569551813602445 7.799999997019768
    endloop
  endfacet
  facet normal -0.3214394670661981 0.9469301288966355 0
    outer loop
      vertex 100.6469266280532 46.569551813602445 6.55
      vertex 100.6469266280532 46.569551813602445 7.799999997019768
      vertex 100.69647237807513 46.58637032955885 7.799999997019768
    endloop
  endfacet
  facet normal -0.19509035688653095 0.9807852734670756 0
    outer loop
      vertex 100.69647237807513 46.58637032955885 6.55
      vertex 100.69647237807513 46.58637032955885 7.799999997019768
      vertex 100.74778951853514 46.5965779453516 7.799999997019768
    endloop
  endfacet
  facet normal -0.06540305340084455 0.9978589282087155 0
    outer loop
      vertex 100.74778951853514 46.5965779453516 6.55
      vertex 100.74778951853514 46.5965779453516 7.799999997019768
      vertex 100.79999999850989 46.599999997019765 7.799999997019768
    endloop
  endfacet
  facet normal 0 0 -1
    outer loop
      vertex 100.43044818341733 44.046926628053185 6.55
      vertex 102.89657794833184 44.147789518535134 6.55
      vertex 100.45358983576298 43.99999999552965 6.55
    endloop
  endfacet
  facet normal 0 0 -1
    outer loop
      vertex 100.43044818341733 44.046926628053185 6.55
      vertex 100.41362966746092 44.09647237807512 6.55
      vertex 102.9 44.19999999850988 6.55
    endloop
  endfacet
  facet normal 0 0 -1
    outer loop
      vertex 100.48265866339207 43.95649542957544 6.55
      vertex 102.86955181658269 44.046926628053185 6.55
      vertex 100.51715728789569 43.91715728789568 6.55
    endloop
  endfacet
  facet normal 0 0 -1
    outer loop
      vertex 100.45358983576298 43.99999999552965 6.55
      vertex 102.88637033253909 44.09647237807512 6.55
      vertex 100.48265866339207 43.95649542957544 6.55
    endloop
  endfacet
  facet normal 0 0 -1
    outer loop
      vertex 100.51715728789569 43.91715728789568 6.55
      vertex 102.84641016423703 43.99999999552965 6.55
      vertex 100.55649542957545 43.882658663392064 6.55
    endloop
  endfacet
  facet normal 0 0 -1
    outer loop
      vertex 100.55649542957545 43.882658663392064 6.55
      vertex 102.81734133660794 43.95649542957544 6.55
      vertex 100.59999999552966 43.853589835762975 6.55
    endloop
  endfacet
  facet normal 0 0 -1
    outer loop
      vertex 100.41362966746092 44.09647237807512 6.55
      vertex 100.40342205166817 44.147789518535134 6.55
      vertex 102.9 46.19999999850988 6.55
    endloop
  endfacet
  facet normal 0 0 -1
    outer loop
      vertex 100.59999999552966 43.853589835762975 6.55
      vertex 102.78284271210433 43.91715728789568 6.55
      vertex 100.6469266280532 43.83044818341732 6.55
    endloop
  endfacet
  facet normal 0 0 -1
    outer loop
      vertex 100.6469266280532 43.83044818341732 6.55
      vertex 102.74350457042456 43.882658663392064 6.55
      vertex 100.69647237807513 43.813629667460916 6.55
    endloop
  endfacet
  facet normal 0 0 -1
    outer loop
      vertex 100.69647237807513 43.813629667460916 6.55
      vertex 102.70000000447035 43.853589835762975 6.55
      vertex 100.74778951853514 43.803422051668164 6.55
    endloop
  endfacet
  facet normal 0 0 -1
    outer loop
      vertex 100.74778951853514 43.803422051668164 6.55
      vertex 102.65307337194682 43.83044818341732 6.55
      vertex 100.79999999850989 43.8 6.55
    endloop
  endfacet
  facet normal 0 0 -1
    outer loop
      vertex 100.40342205166817 44.147789518535134 6.55
      vertex 100.4 44.19999999850988 6.55
      vertex 102.89657794833184 46.25221047848463 6.55
    endloop
  endfacet
  facet normal 0 0 -1
    outer loop
      vertex 100.4 44.19999999850988 6.55
      vertex 100.4 46.19999999850988 6.55
      vertex 102.88637033253909 46.30352761894464 6.55
    endloop
  endfacet
  facet normal 0 -1 0
    outer loop
      vertex 100.79999999850989 43.8 6.55
      vertex 102.50000000149012 43.8 6.55
      vertex 100.79999999850989 43.8 7.949999999999999
    endloop
  endfacet
  facet normal 0 0 -1
    outer loop
      vertex 100.40342205166817 46.25221047848463 6.55
      vertex 100.41362966746092 46.30352761894464 6.55
      vertex 102.84641016423703 46.40000000149011 6.55
    endloop
  endfacet
  facet normal 0 0 -1
    outer loop
      vertex 100.4 46.19999999850988 6.55
      vertex 100.40342205166817 46.25221047848463 6.55
      vertex 102.86955181658269 46.35307336896658 6.55
    endloop
  endfacet
  facet normal 0 0 -1
    outer loop
      vertex 100.41362966746092 46.30352761894464 6.55
      vertex 100.43044818341733 46.35307336896658 6.55
      vertex 102.81734133660794 46.44350456744432 6.55
    endloop
  endfacet
  facet normal 0 0 -1
    outer loop
      vertex 100.43044818341733 46.35307336896658 6.55
      vertex 100.45358983576298 46.40000000149011 6.55
      vertex 102.78284271210433 46.482842709124085 6.55
    endloop
  endfacet
  facet normal 0 0 -1
    outer loop
      vertex 100.45358983576298 46.40000000149011 6.55
      vertex 100.48265866339207 46.44350456744432 6.55
      vertex 102.74350457042456 46.5173413336277 6.55
    endloop
  endfacet
  facet normal 0 0 -1
    outer loop
      vertex 100.48265866339207 46.44350456744432 6.55
      vertex 100.51715728789569 46.482842709124085 6.55
      vertex 102.70000000447035 46.54641016125679 6.55
    endloop
  endfacet
  facet normal 0 0 -1
    outer loop
      vertex 100.51715728789569 46.482842709124085 6.55
      vertex 100.55649542957545 46.5173413336277 6.55
      vertex 102.65307337194682 46.569551813602445 6.55
    endloop
  endfacet
  facet normal 0 0 -1
    outer loop
      vertex 100.55649542957545 46.5173413336277 6.55
      vertex 100.59999999552966 46.54641016125679 6.55
      vertex 102.60352762192488 46.58637032955885 6.55
    endloop
  endfacet
  facet normal 0 0 -1
    outer loop
      vertex 100.59999999552966 46.54641016125679 6.55
      vertex 100.6469266280532 46.569551813602445 6.55
      vertex 102.55221048146487 46.5965779453516 6.55
    endloop
  endfacet
  facet normal 0 0 -1
    outer loop
      vertex 100.6469266280532 46.569551813602445 6.55
      vertex 100.69647237807513 46.58637032955885 6.55
      vertex 102.50000000149012 46.599999997019765 6.55
    endloop
  endfacet
  facet normal 0 0 -1
    outer loop
      vertex 100.69647237807513 46.58637032955885 6.55
      vertex 100.79999999850989 46.599999997019765 6.55
      vertex 102.50000000149012 46.599999997019765 6.55
    endloop
  endfacet
  facet normal 0 1 0
    outer loop
      vertex 101.14999999999999 46.599999997019765 6.6
      vertex 100.79999999850989 46.599999997019765 7.799999997019768
      vertex 101.14999999999999 46.599999997019765 7.799999997019768
    endloop
  endfacet
  facet normal -0.9469301288966354 -0.3214394670661981 0
    outer loop
      vertex 100.43044818341733 44.046926628053185 6.55
      vertex 100.43044818341733 44.046926628053185 7.949999999999999
      vertex 100.41362966746092 44.09647237807512 7.949999999999999
    endloop
  endfacet
  facet normal -0.8968727555004398 -0.44228866189520233 0
    outer loop
      vertex 100.45358983576298 43.99999999552965 6.55
      vertex 100.45358983576298 43.99999999552965 7.949999999999999
      vertex 100.43044818341733 44.046926628053185 7.949999999999999
    endloop
  endfacet
  facet normal -0.9807852734670756 -0.19509035688653095 0
    outer loop
      vertex 100.41362966746092 44.09647237807512 6.55
      vertex 100.41362966746092 44.09647237807512 7.949999999999999
      vertex 100.40342205166817 44.147789518535134 7.949999999999999
    endloop
  endfacet
  facet normal -0.9978589282087155 -0.06540305340084454 0
    outer loop
      vertex 100.40342205166817 44.147789518535134 6.55
      vertex 100.40342205166817 44.147789518535134 7.949999999999999
      vertex 100.4 44.19999999850988 7.949999999999999
    endloop
  endfacet
  facet normal -0.8314695592726233 -0.5555703123844805 0
    outer loop
      vertex 100.48265866339207 43.95649542957544 6.55
      vertex 100.48265866339207 43.95649542957544 7.949999999999999
      vertex 100.45358983576298 43.99999999552965 7.949999999999999
    endloop
  endfacet
  facet normal -0.7518398060333286 -0.6593458167485153 0
    outer loop
      vertex 100.51715728789569 43.91715728789568 6.55
      vertex 100.51715728789569 43.91715728789568 7.949999999999999
      vertex 100.48265866339207 43.95649542957544 7.949999999999999
    endloop
  endfacet
  facet normal -0.6593458167485153 -0.7518398060333286 0
    outer loop
      vertex 100.55649542957545 43.882658663392064 6.55
      vertex 100.55649542957545 43.882658663392064 7.949999999999999
      vertex 100.51715728789569 43.91715728789568 7.949999999999999
    endloop
  endfacet
  facet normal -0.5555703123844805 -0.8314695592726233 0
    outer loop
      vertex 100.59999999552966 43.853589835762975 6.55
      vertex 100.59999999552966 43.853589835762975 7.949999999999999
      vertex 100.55649542957545 43.882658663392064 7.949999999999999
    endloop
  endfacet
  facet normal -0.44228866189520233 -0.8968727555004398 0
    outer loop
      vertex 100.6469266280532 43.83044818341732 6.55
      vertex 100.6469266280532 43.83044818341732 7.949999999999999
      vertex 100.59999999552966 43.853589835762975 7.949999999999999
    endloop
  endfacet
  facet normal -1 0 0
    outer loop
      vertex 100.4 44.19999999850988 6.55
      vertex 100.4 44.19999999850988 7.949999999999999
      vertex 100.4 46.19999999850988 7.949999999999999
    endloop
  endfacet
  facet normal -0.3214394670661981 -0.9469301288966354 0
    outer loop
      vertex 100.69647237807513 43.813629667460916 6.55
      vertex 100.69647237807513 43.813629667460916 7.949999999999999
      vertex 100.6469266280532 43.83044818341732 7.949999999999999
    endloop
  endfacet
  facet normal -0.19509035688653095 -0.9807852734670756 0
    outer loop
      vertex 100.74778951853514 43.803422051668164 6.55
      vertex 100.74778951853514 43.803422051668164 7.949999999999999
      vertex 100.69647237807513 43.813629667460916 7.949999999999999
    endloop
  endfacet
  facet normal -0.06540305340084454 -0.9978589282087155 0
    outer loop
      vertex 100.79999999850989 43.8 6.55
      vertex 100.79999999850989 43.8 7.949999999999999
      vertex 100.74778951853514 43.803422051668164 7.949999999999999
    endloop
  endfacet
  facet normal 0 0 1
    outer loop
      vertex 100.41362966746092 44.09647237807512 7.949999999999999
      vertex 100.5 45.8 7.949999999999999
      vertex 100.40342205166817 44.147789518535134 7.949999999999999
    endloop
  endfacet
  facet normal 0 0 1
    outer loop
      vertex 100.40342205166817 44.147789518535134 7.949999999999999
      vertex 100.5 45.8 7.949999999999999
      vertex 100.4 44.19999999850988 7.949999999999999
    endloop
  endfacet
  facet normal 0 0 1
    outer loop
      vertex 100.4 44.19999999850988 7.949999999999999
      vertex 100.5 45.8 7.949999999999999
      vertex 100.4 46.19999999850988 7.949999999999999
    endloop
  endfacet
  facet normal -0.9978589282087155 0.06540305340084454 0
    outer loop
      vertex 100.4 46.19999999850988 6.55
      vertex 100.4 46.19999999850988 7.949999999999999
      vertex 100.40342205166817 46.25221047848463 7.949999999999999
    endloop
  endfacet
  facet normal -0.9807852734670756 0.19509035688653095 0
    outer loop
      vertex 100.40342205166817 46.25221047848463 6.55
      vertex 100.40342205166817 46.25221047848463 7.949999999999999
      vertex 100.41362966746092 46.30352761894464 7.949999999999999
    endloop
  endfacet
  facet normal -0.9469301288966354 0.3214394670661981 0
    outer loop
      vertex 100.41362966746092 46.30352761894464 6.55
      vertex 100.41362966746092 46.30352761894464 7.949999999999999
      vertex 100.43044818341733 46.35307336896658 7.949999999999999
    endloop
  endfacet
  facet normal -0.8968727555004398 0.44228866189520233 0
    outer loop
      vertex 100.43044818341733 46.35307336896658 6.55
      vertex 100.43044818341733 46.35307336896658 7.949999999999999
      vertex 100.45358983576298 46.40000000149011 7.949999999999999
    endloop
  endfacet
  facet normal -0.8314695592726233 0.5555703123844805 0
    outer loop
      vertex 100.45358983576298 46.40000000149011 6.55
      vertex 100.45358983576298 46.40000000149011 7.949999999999999
      vertex 100.48265866339207 46.44350456744432 7.949999999999999
    endloop
  endfacet
  facet normal -0.7518398060333259 0.6593458167485183 0
    outer loop
      vertex 100.5 46.463278571950724 7.799999997019768
      vertex 100.48265866339207 46.44350456744432 7.949999999999999
      vertex 100.5 46.463278571950724 7.949999999999999
    endloop
  endfacet
  facet normal 0 0 1
    outer loop
      vertex 100.5 45.8 7.949999999999999
      vertex 100.5 46.463278571950724 7.949999999999999
      vertex 100.4 46.19999999850988 7.949999999999999
    endloop
  endfacet
  facet normal 0 0 1
    outer loop
      vertex 100.4 46.19999999850988 7.949999999999999
      vertex 100.5 46.463278571950724 7.949999999999999
      vertex 100.40342205166817 46.25221047848463 7.949999999999999
    endloop
  endfacet
  facet normal 0 0 1
    outer loop
      vertex 100.40342205166817 46.25221047848463 7.949999999999999
      vertex 100.5 46.463278571950724 7.949999999999999
      vertex 100.41362966746092 46.30352761894464 7.949999999999999
    endloop
  endfacet
  facet normal 0 0 1
    outer loop
      vertex 100.41362966746092 46.30352761894464 7.949999999999999
      vertex 100.5 46.463278571950724 7.949999999999999
      vertex 100.43044818341733 46.35307336896658 7.949999999999999
    endloop
  endfacet
  facet normal 0 0 1
    outer loop
      vertex 100.43044818341733 46.35307336896658 7.949999999999999
      vertex 100.5 46.463278571950724 7.949999999999999
      vertex 100.45358983576298 46.40000000149011 7.949999999999999
    endloop
  endfacet
  facet normal 0 0 1
    outer loop
      vertex 100.45358983576298 46.40000000149011 7.949999999999999
      vertex 100.5 46.463278571950724 7.949999999999999
      vertex 100.48265866339207 46.44350456744432 7.949999999999999
    endloop
  endfacet
  facet normal 0 0 1
    outer loop
      vertex 100.43044818341733 44.046926628053185 7.949999999999999
      vertex 100.45358983576298 43.99999999552965 7.949999999999999
      vertex 102.89657794833184 44.147789518535134 7.949999999999999
    endloop
  endfacet
  facet normal 0 0 1
    outer loop
      vertex 100.43044818341733 44.046926628053185 7.949999999999999
      vertex 102.9 44.19999999850988 7.949999999999999
      vertex 100.41362966746092 44.09647237807512 7.949999999999999
    endloop
  endfacet
  facet normal 0 0 1
    outer loop
      vertex 100.48265866339207 43.95649542957544 7.949999999999999
      vertex 100.51715728789569 43.91715728789568 7.949999999999999
      vertex 102.86955181658269 44.046926628053185 7.949999999999999
    endloop
  endfacet
  facet normal 0 0 1
    outer loop
      vertex 100.45358983576298 43.99999999552965 7.949999999999999
      vertex 100.48265866339207 43.95649542957544 7.949999999999999
      vertex 102.88637033253909 44.09647237807512 7.949999999999999
    endloop
  endfacet
  facet normal 0 0 1
    outer loop
      vertex 100.51715728789569 43.91715728789568 7.949999999999999
      vertex 100.55649542957545 43.882658663392064 7.949999999999999
      vertex 102.84641016423703 43.99999999552965 7.949999999999999
    endloop
  endfacet
  facet normal 0 0 1
    outer loop
      vertex 100.55649542957545 43.882658663392064 7.949999999999999
      vertex 100.59999999552966 43.853589835762975 7.949999999999999
      vertex 102.81734133660794 43.95649542957544 7.949999999999999
    endloop
  endfacet
  facet normal 0 0 1
    outer loop
      vertex 100.41362966746092 44.09647237807512 7.949999999999999
      vertex 102.9 44.19999999850988 7.949999999999999
      vertex 100.5 45.8 7.949999999999999
    endloop
  endfacet
  facet normal 0 0 1
    outer loop
      vertex 100.59999999552966 43.853589835762975 7.949999999999999
      vertex 100.6469266280532 43.83044818341732 7.949999999999999
      vertex 102.78284271210433 43.91715728789568 7.949999999999999
    endloop
  endfacet
  facet normal 0 0 1
    outer loop
      vertex 100.6469266280532 43.83044818341732 7.949999999999999
      vertex 100.69647237807513 43.813629667460916 7.949999999999999
      vertex 102.74350457042456 43.882658663392064 7.949999999999999
    endloop
  endfacet
  facet normal 0 0 1
    outer loop
      vertex 100.69647237807513 43.813629667460916 7.949999999999999
      vertex 100.74778951853514 43.803422051668164 7.949999999999999
      vertex 102.70000000447035 43.853589835762975 7.949999999999999
    endloop
  endfacet
  facet normal 0 0 1
    outer loop
      vertex 100.74778951853514 43.803422051668164 7.949999999999999
      vertex 100.79999999850989 43.8 7.949999999999999
      vertex 102.65307337194682 43.83044818341732 7.949999999999999
    endloop
  endfacet
  facet normal 0 0 -1
    outer loop
      vertex 100.79999999850989 43.8 6.55
      vertex 102.60352762192488 43.813629667460916 6.55
      vertex 102.50000000149012 43.8 6.55
    endloop
  endfacet
  facet normal 0 1 0
    outer loop
      vertex 100.79999999850989 46.599999997019765 6.55
      vertex 101.14999999999999 46.599999997019765 6.6
      vertex 102.50000000149012 46.599999997019765 6.55
    endloop
  endfacet
  facet normal 0 0 -1
    outer loop
      vertex 100.43044818341733 46.35307336896658 6.55
      vertex 102.78284271210433 46.482842709124085 6.55
      vertex 102.81734133660794 46.44350456744432 6.55
    endloop
  endfacet
  facet normal 0 0 -1
    outer loop
      vertex 100.6469266280532 46.569551813602445 6.55
      vertex 102.50000000149012 46.599999997019765 6.55
      vertex 102.55221048146487 46.5965779453516 6.55
    endloop
  endfacet
  facet normal 0 0 -1
    outer loop
      vertex 100.59999999552966 46.54641016125679 6.55
      vertex 102.55221048146487 46.5965779453516 6.55
      vertex 102.60352762192488 46.58637032955885 6.55
    endloop
  endfacet
  facet normal 0 0 -1
    outer loop
      vertex 100.55649542957545 46.5173413336277 6.55
      vertex 102.60352762192488 46.58637032955885 6.55
      vertex 102.65307337194682 46.569551813602445 6.55
    endloop
  endfacet
  facet normal 0 0 -1
    outer loop
      vertex 100.51715728789569 46.482842709124085 6.55
      vertex 102.65307337194682 46.569551813602445 6.55
      vertex 102.70000000447035 46.54641016125679 6.55
    endloop
  endfacet
  facet normal 0 0 -1
    outer loop
      vertex 100.48265866339207 46.44350456744432 6.55
      vertex 102.70000000447035 46.54641016125679 6.55
      vertex 102.74350457042456 46.5173413336277 6.55
    endloop
  endfacet
  facet normal 0 0 -1
    outer loop
      vertex 100.45358983576298 46.40000000149011 6.55
      vertex 102.74350457042456 46.5173413336277 6.55
      vertex 102.78284271210433 46.482842709124085 6.55
    endloop
  endfacet
  facet normal 0 0 -1
    outer loop
      vertex 100.79999999850989 43.8 6.55
      vertex 102.65307337194682 43.83044818341732 6.55
      vertex 102.60352762192488 43.813629667460916 6.55
    endloop
  endfacet
  facet normal 0 0 -1
    outer loop
      vertex 100.74778951853514 43.803422051668164 6.55
      vertex 102.70000000447035 43.853589835762975 6.55
      vertex 102.65307337194682 43.83044818341732 6.55
    endloop
  endfacet
  facet normal 0 0 -1
    outer loop
      vertex 100.69647237807513 43.813629667460916 6.55
      vertex 102.74350457042456 43.882658663392064 6.55
      vertex 102.70000000447035 43.853589835762975 6.55
    endloop
  endfacet
  facet normal 0 0 -1
    outer loop
      vertex 100.6469266280532 43.83044818341732 6.55
      vertex 102.78284271210433 43.91715728789568 6.55
      vertex 102.74350457042456 43.882658663392064 6.55
    endloop
  endfacet
  facet normal 0 0 -1
    outer loop
      vertex 100.59999999552966 43.853589835762975 6.55
      vertex 102.81734133660794 43.95649542957544 6.55
      vertex 102.78284271210433 43.91715728789568 6.55
    endloop
  endfacet
  facet normal 0 0 -1
    outer loop
      vertex 100.55649542957545 43.882658663392064 6.55
      vertex 102.84641016423703 43.99999999552965 6.55
      vertex 102.81734133660794 43.95649542957544 6.55
    endloop
  endfacet
  facet normal 0 0 -1
    outer loop
      vertex 100.51715728789569 43.91715728789568 6.55
      vertex 102.86955181658269 44.046926628053185 6.55
      vertex 102.84641016423703 43.99999999552965 6.55
    endloop
  endfacet
  facet normal 0 0 -1
    outer loop
      vertex 100.48265866339207 43.95649542957544 6.55
      vertex 102.88637033253909 44.09647237807512 6.55
      vertex 102.86955181658269 44.046926628053185 6.55
    endloop
  endfacet
  facet normal 0 0 -1
    outer loop
      vertex 100.45358983576298 43.99999999552965 6.55
      vertex 102.89657794833184 44.147789518535134 6.55
      vertex 102.88637033253909 44.09647237807512 6.55
    endloop
  endfacet
  facet normal 0 0 -1
    outer loop
      vertex 100.43044818341733 44.046926628053185 6.55
      vertex 102.9 44.19999999850988 6.55
      vertex 102.89657794833184 44.147789518535134 6.55
    endloop
  endfacet
  facet normal 0 0 -1
    outer loop
      vertex 100.41362966746092 44.09647237807512 6.55
      vertex 102.9 46.19999999850988 6.55
      vertex 102.9 44.19999999850988 6.55
    endloop
  endfacet
  facet normal 0 0 -1
    outer loop
      vertex 100.4 44.19999999850988 6.55
      vertex 102.88637033253909 46.30352761894464 6.55
      vertex 102.89657794833184 46.25221047848463 6.55
    endloop
  endfacet
  facet normal 0 0 -1
    outer loop
      vertex 100.40342205166817 44.147789518535134 6.55
      vertex 102.89657794833184 46.25221047848463 6.55
      vertex 102.9 46.19999999850988 6.55
    endloop
  endfacet
  facet normal 0.06540305340084454 -0.9978589282087155 0
    outer loop
      vertex 102.50000000149012 43.8 6.55
      vertex 102.55221048146487 43.803422051668164 6.55
      vertex 102.50000000149012 43.8 7.949999999999999
    endloop
  endfacet
  facet normal 0 0 -1
    outer loop
      vertex 100.41362966746092 46.30352761894464 6.55
      vertex 102.81734133660794 46.44350456744432 6.55
      vertex 102.84641016423703 46.40000000149011 6.55
    endloop
  endfacet
  facet normal 0 0 -1
    outer loop
      vertex 100.40342205166817 46.25221047848463 6.55
      vertex 102.84641016423703 46.40000000149011 6.55
      vertex 102.86955181658269 46.35307336896658 6.55
    endloop
  endfacet
  facet normal 0 0 -1
    outer loop
      vertex 100.4 46.19999999850988 6.55
      vertex 102.86955181658269 46.35307336896658 6.55
      vertex 102.88637033253909 46.30352761894464 6.55
    endloop
  endfacet
  facet normal 0 1 0
    outer loop
      vertex 101.14999999999999 46.599999997019765 6.6
      vertex 102.50000000149012 46.599999997019765 6.6
      vertex 102.50000000149012 46.599999997019765 6.55
    endloop
  endfacet
  facet normal 0.06540305340084454 0.9978589282087155 0
    outer loop
      vertex 102.50000000149012 46.599999997019765 6.55
      vertex 102.55221048146487 46.5965779453516 6.6
      vertex 102.55221048146487 46.5965779453516 6.55
    endloop
  endfacet
  facet normal 0.06540305340084454 0.9978589282087155 0
    outer loop
      vertex 102.50000000149012 46.599999997019765 6.55
      vertex 102.50000000149012 46.599999997019765 6.6
      vertex 102.55221048146487 46.5965779453516 6.6
    endloop
  endfacet
  facet normal 0 -1 0
    outer loop
      vertex 100.79999999850989 43.8 7.949999999999999
      vertex 102.50000000149012 43.8 6.55
      vertex 102.50000000149012 43.8 7.949999999999999
    endloop
  endfacet
  facet normal 0 0 1
    outer loop
      vertex 100.79999999850989 43.8 7.949999999999999
      vertex 102.50000000149012 43.8 7.949999999999999
      vertex 102.60352762192488 43.813629667460916 7.949999999999999
    endloop
  endfacet
  facet normal 0.06540305340084454 -0.9978589282087155 0
    outer loop
      vertex 102.50000000149012 43.8 7.949999999999999
      vertex 102.55221048146487 43.803422051668164 6.55
      vertex 102.55221048146487 43.803422051668164 7.949999999999999
    endloop
  endfacet
  facet normal 0 0 1
    outer loop
      vertex 100.79999999850989 43.8 7.949999999999999
      vertex 102.60352762192488 43.813629667460916 7.949999999999999
      vertex 102.65307337194682 43.83044818341732 7.949999999999999
    endloop
  endfacet
  facet normal 0 0 1
    outer loop
      vertex 100.74778951853514 43.803422051668164 7.949999999999999
      vertex 102.65307337194682 43.83044818341732 7.949999999999999
      vertex 102.70000000447035 43.853589835762975 7.949999999999999
    endloop
  endfacet
  facet normal 0 0 1
    outer loop
      vertex 100.69647237807513 43.813629667460916 7.949999999999999
      vertex 102.70000000447035 43.853589835762975 7.949999999999999
      vertex 102.74350457042456 43.882658663392064 7.949999999999999
    endloop
  endfacet
  facet normal 0 0 1
    outer loop
      vertex 100.6469266280532 43.83044818341732 7.949999999999999
      vertex 102.74350457042456 43.882658663392064 7.949999999999999
      vertex 102.78284271210433 43.91715728789568 7.949999999999999
    endloop
  endfacet
  facet normal 0 0 1
    outer loop
      vertex 100.59999999552966 43.853589835762975 7.949999999999999
      vertex 102.78284271210433 43.91715728789568 7.949999999999999
      vertex 102.81734133660794 43.95649542957544 7.949999999999999
    endloop
  endfacet
  facet normal 0 0 1
    outer loop
      vertex 100.55649542957545 43.882658663392064 7.949999999999999
      vertex 102.81734133660794 43.95649542957544 7.949999999999999
      vertex 102.84641016423703 43.99999999552965 7.949999999999999
    endloop
  endfacet
  facet normal 0 0 1
    outer loop
      vertex 100.51715728789569 43.91715728789568 7.949999999999999
      vertex 102.84641016423703 43.99999999552965 7.949999999999999
      vertex 102.86955181658269 44.046926628053185 7.949999999999999
    endloop
  endfacet
  facet normal 0 0 1
    outer loop
      vertex 100.48265866339207 43.95649542957544 7.949999999999999
      vertex 102.86955181658269 44.046926628053185 7.949999999999999
      vertex 102.88637033253909 44.09647237807512 7.949999999999999
    endloop
  endfacet
  facet normal 0 0 1
    outer loop
      vertex 100.45358983576298 43.99999999552965 7.949999999999999
      vertex 102.88637033253909 44.09647237807512 7.949999999999999
      vertex 102.89657794833184 44.147789518535134 7.949999999999999
    endloop
  endfacet
  facet normal 0 0 1
    outer loop
      vertex 100.43044818341733 44.046926628053185 7.949999999999999
      vertex 102.89657794833184 44.147789518535134 7.949999999999999
      vertex 102.9 44.19999999850988 7.949999999999999
    endloop
  endfacet
  facet normal 0 0 1
    outer loop
      vertex 100.5 45.8 7.949999999999999
      vertex 102.9 44.19999999850988 7.949999999999999
      vertex 102.9 45.8 7.949999999999999
    endloop
  endfacet
  facet normal 0 0 -1
    outer loop
      vertex 102.50000000149012 43.8 6.55
      vertex 102.60352762192488 43.813629667460916 6.55
      vertex 102.55221048146487 43.803422051668164 6.55
    endloop
  endfacet
  facet normal 1 0 0
    outer loop
      vertex 102.9 44.19999999850988 6.55
      vertex 102.9 46.19999999850988 6.55
      vertex 102.9 45.8 6.6
    endloop
  endfacet
  facet normal 1 0 0
    outer loop
      vertex 102.9 44.19999999850988 6.55
      vertex 102.9 45.8 6.6
      vertex 102.9 45.8 7.799999997019768
    endloop
  endfacet
  facet normal 0.19509035688653095 -0.9807852734670756 0
    outer loop
      vertex 102.55221048146487 43.803422051668164 6.55
      vertex 102.60352762192488 43.813629667460916 6.55
      vertex 102.55221048146487 43.803422051668164 7.949999999999999
    endloop
  endfacet
  facet normal 0.3214394670661981 -0.9469301288966354 0
    outer loop
      vertex 102.60352762192488 43.813629667460916 6.55
      vertex 102.65307337194682 43.83044818341732 6.55
      vertex 102.60352762192488 43.813629667460916 7.949999999999999
    endloop
  endfacet
  facet normal 0.44228866189520233 -0.8968727555004398 0
    outer loop
      vertex 102.65307337194682 43.83044818341732 6.55
      vertex 102.70000000447035 43.853589835762975 6.55
      vertex 102.65307337194682 43.83044818341732 7.949999999999999
    endloop
  endfacet
  facet normal 0.5555703123844805 -0.8314695592726233 0
    outer loop
      vertex 102.70000000447035 43.853589835762975 6.55
      vertex 102.74350457042456 43.882658663392064 6.55
      vertex 102.70000000447035 43.853589835762975 7.949999999999999
    endloop
  endfacet
  facet normal 0.6593458167485153 -0.7518398060333286 0
    outer loop
      vertex 102.74350457042456 43.882658663392064 6.55
      vertex 102.78284271210433 43.91715728789568 6.55
      vertex 102.74350457042456 43.882658663392064 7.949999999999999
    endloop
  endfacet
  facet normal 0.7518398060333286 -0.6593458167485153 0
    outer loop
      vertex 102.78284271210433 43.91715728789568 6.55
      vertex 102.81734133660794 43.95649542957544 6.55
      vertex 102.78284271210433 43.91715728789568 7.949999999999999
    endloop
  endfacet
  facet normal 0.8314695592726233 -0.5555703123844805 0
    outer loop
      vertex 102.81734133660794 43.95649542957544 6.55
      vertex 102.84641016423703 43.99999999552965 6.55
      vertex 102.81734133660794 43.95649542957544 7.949999999999999
    endloop
  endfacet
  facet normal 0.8968727555004398 -0.44228866189520233 0
    outer loop
      vertex 102.84641016423703 43.99999999552965 6.55
      vertex 102.86955181658269 44.046926628053185 6.55
      vertex 102.84641016423703 43.99999999552965 7.949999999999999
    endloop
  endfacet
  facet normal 0.9469301288966354 -0.3214394670661981 0
    outer loop
      vertex 102.86955181658269 44.046926628053185 6.55
      vertex 102.88637033253909 44.09647237807512 6.55
      vertex 102.86955181658269 44.046926628053185 7.949999999999999
    endloop
  endfacet
  facet normal 0.9807852734670756 -0.19509035688653095 0
    outer loop
      vertex 102.88637033253909 44.09647237807512 6.55
      vertex 102.89657794833184 44.147789518535134 6.55
      vertex 102.88637033253909 44.09647237807512 7.949999999999999
    endloop
  endfacet
  facet normal 0.9978589282087155 -0.06540305340084454 0
    outer loop
      vertex 102.89657794833184 44.147789518535134 6.55
      vertex 102.9 44.19999999850988 6.55
      vertex 102.89657794833184 44.147789518535134 7.949999999999999
    endloop
  endfacet
  facet normal 1 0 0
    outer loop
      vertex 102.9 44.19999999850988 6.55
      vertex 102.9 45.8 7.799999997019768
      vertex 102.9 45.8 7.949999999999999
    endloop
  endfacet
  facet normal 0.19509035688653095 0.9807852734670756 0
    outer loop
      vertex 102.55221048146487 46.5965779453516 6.55
      vertex 102.55221048146487 46.5965779453516 6.6
      vertex 102.60352762192488 46.58637032955885 6.6
    endloop
  endfacet
  facet normal 0.19509035688653095 0.9807852734670756 0
    outer loop
      vertex 102.55221048146487 46.5965779453516 6.55
      vertex 102.60352762192488 46.58637032955885 6.6
      vertex 102.60352762192488 46.58637032955885 6.55
    endloop
  endfacet
  facet normal 0.3214394670661981 0.9469301288966354 0
    outer loop
      vertex 102.60352762192488 46.58637032955885 6.55
      vertex 102.65307337194682 46.569551813602445 6.6
      vertex 102.65307337194682 46.569551813602445 6.55
    endloop
  endfacet
  facet normal 0.3214394670661981 0.9469301288966354 0
    outer loop
      vertex 102.60352762192488 46.58637032955885 6.55
      vertex 102.60352762192488 46.58637032955885 6.6
      vertex 102.65307337194682 46.569551813602445 6.6
    endloop
  endfacet
  facet normal 0.4422886618952023 0.8968727555004397 0
    outer loop
      vertex 102.65307337194682 46.569551813602445 6.55
      vertex 102.70000000447035 46.54641016125679 6.6
      vertex 102.70000000447035 46.54641016125679 6.55
    endloop
  endfacet
  facet normal 0.4422886618952023 0.8968727555004397 0
    outer loop
      vertex 102.65307337194682 46.569551813602445 6.55
      vertex 102.65307337194682 46.569551813602445 6.6
      vertex 102.70000000447035 46.54641016125679 6.6
    endloop
  endfacet
  facet normal 0.5555703123844806 0.8314695592726236 0
    outer loop
      vertex 102.70000000447035 46.54641016125679 6.55
      vertex 102.70000000447035 46.54641016125679 6.6
      vertex 102.74350457042456 46.5173413336277 6.6
    endloop
  endfacet
  facet normal 0.5555703123844806 0.8314695592726236 0
    outer loop
      vertex 102.70000000447035 46.54641016125679 6.55
      vertex 102.74350457042456 46.5173413336277 6.6
      vertex 102.74350457042456 46.5173413336277 6.55
    endloop
  endfacet
  facet normal 0.6593458167485154 0.7518398060333287 0
    outer loop
      vertex 102.74350457042456 46.5173413336277 6.55
      vertex 102.78284271210433 46.482842709124085 6.6
      vertex 102.78284271210433 46.482842709124085 6.55
    endloop
  endfacet
  facet normal 0.6593458167485154 0.7518398060333287 0
    outer loop
      vertex 102.74350457042456 46.5173413336277 6.55
      vertex 102.74350457042456 46.5173413336277 6.6
      vertex 102.78284271210433 46.482842709124085 6.6
    endloop
  endfacet
  facet normal 0.7518398060333287 0.6593458167485154 0
    outer loop
      vertex 102.81734133660794 46.44350456744432 6.55
      vertex 102.78284271210433 46.482842709124085 6.55
      vertex 102.81734133660794 46.44350456744432 6.6
    endloop
  endfacet
  facet normal 0.7518398060333287 0.6593458167485154 0
    outer loop
      vertex 102.81734133660794 46.44350456744432 6.6
      vertex 102.78284271210433 46.482842709124085 6.55
      vertex 102.78284271210433 46.482842709124085 6.6
    endloop
  endfacet
  facet normal 0.8314695592726236 0.5555703123844806 0
    outer loop
      vertex 102.81734133660794 46.44350456744432 6.55
      vertex 102.84641016423703 46.40000000149011 6.6
      vertex 102.84641016423703 46.40000000149011 6.55
    endloop
  endfacet
  facet normal 0.8314695592726236 0.5555703123844806 0
    outer loop
      vertex 102.81734133660794 46.44350456744432 6.55
      vertex 102.81734133660794 46.44350456744432 6.6
      vertex 102.84641016423703 46.40000000149011 6.6
    endloop
  endfacet
  facet normal 0.9469301288966354 0.3214394670661981 0
    outer loop
      vertex 102.86955181658269 46.35307336896658 6.55
      vertex 102.88637033253909 46.30352761894464 6.6
      vertex 102.88637033253909 46.30352761894464 6.55
    endloop
  endfacet
  facet normal 0.8968727555004397 0.4422886618952023 0
    outer loop
      vertex 102.84641016423703 46.40000000149011 6.55
      vertex 102.86955181658269 46.35307336896658 6.6
      vertex 102.86955181658269 46.35307336896658 6.55
    endloop
  endfacet
  facet normal 0.8968727555004397 0.4422886618952023 0
    outer loop
      vertex 102.84641016423703 46.40000000149011 6.55
      vertex 102.84641016423703 46.40000000149011 6.6
      vertex 102.86955181658269 46.35307336896658 6.6
    endloop
  endfacet
  facet normal 0.9469301288966354 0.3214394670661981 0
    outer loop
      vertex 102.86955181658269 46.35307336896658 6.55
      vertex 102.86955181658269 46.35307336896658 6.6
      vertex 102.88637033253909 46.30352761894464 6.6
    endloop
  endfacet
  facet normal 1 0 0
    outer loop
      vertex 102.9 45.8 6.6
      vertex 102.9 46.19999999850988 6.55
      vertex 102.9 46.19999999850988 6.6
    endloop
  endfacet
  facet normal 0.9978589282087155 0.06540305340084454 0
    outer loop
      vertex 102.9 46.19999999850988 6.55
      vertex 102.89657794833184 46.25221047848463 6.55
      vertex 102.9 46.19999999850988 6.6
    endloop
  endfacet
  facet normal 0.9807852734670756 0.19509035688653095 0
    outer loop
      vertex 102.89657794833184 46.25221047848463 6.55
      vertex 102.88637033253909 46.30352761894464 6.55
      vertex 102.89657794833184 46.25221047848463 6.6
    endloop
  endfacet
  facet normal 0.9978589282087155 0.06540305340084454 0
    outer loop
      vertex 102.89657794833184 46.25221047848463 6.55
      vertex 102.89657794833184 46.25221047848463 6.6
      vertex 102.9 46.19999999850988 6.6
    endloop
  endfacet
  facet normal 0.9807852734670756 0.19509035688653095 0
    outer loop
      vertex 102.88637033253909 46.30352761894464 6.55
      vertex 102.88637033253909 46.30352761894464 6.6
      vertex 102.89657794833184 46.25221047848463 6.6
    endloop
  endfacet
  facet normal 0.19509035688653095 -0.9807852734670756 0
    outer loop
      vertex 102.60352762192488 43.813629667460916 6.55
      vertex 102.60352762192488 43.813629667460916 7.949999999999999
      vertex 102.55221048146487 43.803422051668164 7.949999999999999
    endloop
  endfacet
  facet normal 0.3214394670661981 -0.9469301288966354 0
    outer loop
      vertex 102.65307337194682 43.83044818341732 6.55
      vertex 102.65307337194682 43.83044818341732 7.949999999999999
      vertex 102.60352762192488 43.813629667460916 7.949999999999999
    endloop
  endfacet
  facet normal 0.44228866189520233 -0.8968727555004398 0
    outer loop
      vertex 102.70000000447035 43.853589835762975 6.55
      vertex 102.70000000447035 43.853589835762975 7.949999999999999
      vertex 102.65307337194682 43.83044818341732 7.949999999999999
    endloop
  endfacet
  facet normal 0.5555703123844805 -0.8314695592726233 0
    outer loop
      vertex 102.74350457042456 43.882658663392064 6.55
      vertex 102.74350457042456 43.882658663392064 7.949999999999999
      vertex 102.70000000447035 43.853589835762975 7.949999999999999
    endloop
  endfacet
  facet normal 0.6593458167485153 -0.7518398060333286 0
    outer loop
      vertex 102.78284271210433 43.91715728789568 6.55
      vertex 102.78284271210433 43.91715728789568 7.949999999999999
      vertex 102.74350457042456 43.882658663392064 7.949999999999999
    endloop
  endfacet
  facet normal 0.7518398060333286 -0.6593458167485153 0
    outer loop
      vertex 102.81734133660794 43.95649542957544 6.55
      vertex 102.81734133660794 43.95649542957544 7.949999999999999
      vertex 102.78284271210433 43.91715728789568 7.949999999999999
    endloop
  endfacet
  facet normal 0.8314695592726233 -0.5555703123844805 0
    outer loop
      vertex 102.84641016423703 43.99999999552965 6.55
      vertex 102.84641016423703 43.99999999552965 7.949999999999999
      vertex 102.81734133660794 43.95649542957544 7.949999999999999
    endloop
  endfacet
  facet normal 0.8968727555004398 -0.44228866189520233 0
    outer loop
      vertex 102.86955181658269 44.046926628053185 6.55
      vertex 102.86955181658269 44.046926628053185 7.949999999999999
      vertex 102.84641016423703 43.99999999552965 7.949999999999999
    endloop
  endfacet
  facet normal 0.9469301288966354 -0.3214394670661981 0
    outer loop
      vertex 102.88637033253909 44.09647237807512 6.55
      vertex 102.88637033253909 44.09647237807512 7.949999999999999
      vertex 102.86955181658269 44.046926628053185 7.949999999999999
    endloop
  endfacet
  facet normal 0.9807852734670756 -0.19509035688653095 0
    outer loop
      vertex 102.89657794833184 44.147789518535134 6.55
      vertex 102.89657794833184 44.147789518535134 7.949999999999999
      vertex 102.88637033253909 44.09647237807512 7.949999999999999
    endloop
  endfacet
  facet normal 0.9978589282087155 -0.06540305340084454 0
    outer loop
      vertex 102.9 44.19999999850988 6.55
      vertex 102.9 44.19999999850988 7.949999999999999
      vertex 102.89657794833184 44.147789518535134 7.949999999999999
    endloop
  endfacet
  facet normal 1 0 0
    outer loop
      vertex 102.9 44.19999999850988 6.55
      vertex 102.9 45.8 7.949999999999999
      vertex 102.9 44.19999999850988 7.949999999999999
    endloop
  endfacet
  facet normal 0 0 1
    outer loop
      vertex 102.50000000149012 43.8 7.949999999999999
      vertex 102.55221048146487 43.803422051668164 7.949999999999999
      vertex 102.60352762192488 43.813629667460916 7.949999999999999
    endloop
  endfacet
  facet normal -0.6593458167485153 -0.7518398060333287 0
    outer loop
      vertex 100.51715728789569 58.11715728789568 6.55
      vertex 100.55649542957545 58.08265866339207 6.55
      vertex 100.51715728789569 58.11715728789568 7.799999997019768
    endloop
  endfacet
  facet normal -0.5555703123844806 -0.8314695592726234 0
    outer loop
      vertex 100.55649542957545 58.08265866339207 6.55
      vertex 100.59999999552966 58.05358983576298 6.55
      vertex 100.55649542957545 58.08265866339207 7.799999997019768
    endloop
  endfacet
  facet normal -0.4422886618952023 -0.8968727555004397 0
    outer loop
      vertex 100.59999999552966 58.05358983576298 6.55
      vertex 100.6469266280532 58.03044818341732 6.55
      vertex 100.59999999552966 58.05358983576298 7.799999997019768
    endloop
  endfacet
  facet normal -0.3214394670661981 -0.9469301288966355 0
    outer loop
      vertex 100.6469266280532 58.03044818341732 6.55
      vertex 100.69647237807513 58.01362966746092 6.55
      vertex 100.6469266280532 58.03044818341732 7.799999997019768
    endloop
  endfacet
  facet normal -0.19509035688653095 -0.9807852734670756 0
    outer loop
      vertex 100.69647237807513 58.01362966746092 6.55
      vertex 100.74778951853514 58.00342205166817 6.55
      vertex 100.69647237807513 58.01362966746092 7.799999997019768
    endloop
  endfacet
  facet normal -0.06540305340084455 -0.9978589282087155 0
    outer loop
      vertex 100.74778951853514 58.00342205166817 6.55
      vertex 100.79999999850989 58 6.55
      vertex 100.74778951853514 58.00342205166817 7.799999997019768
    endloop
  endfacet
  facet normal 0 -1 0
    outer loop
      vertex 100.79999999850989 58 6.55
      vertex 101.14999999999999 58 6.6
      vertex 100.79999999850989 58 7.799999997019768
    endloop
  endfacet
  facet normal -0.7518398060333286 -0.6593458167485153 0
    outer loop
      vertex 100.51715728789569 58.11715728789568 6.55
      vertex 100.48265866339207 58.15649542957544 7.949999999999999
      vertex 100.48265866339207 58.15649542957544 6.55
    endloop
  endfacet
  facet normal -0.9807852734670756 -0.19509035688653095 0
    outer loop
      vertex 100.41362966746092 58.29647237807512 6.55
      vertex 100.40342205166817 58.34778951853514 7.949999999999999
      vertex 100.40342205166817 58.34778951853514 6.55
    endloop
  endfacet
  facet normal -0.9978589282087155 -0.06540305340084454 0
    outer loop
      vertex 100.40342205166817 58.34778951853514 6.55
      vertex 100.4 58.399999998509884 7.949999999999999
      vertex 100.4 58.399999998509884 6.55
    endloop
  endfacet
  facet normal -0.9469301288966354 -0.3214394670661981 0
    outer loop
      vertex 100.43044818341733 58.24692662805319 6.55
      vertex 100.41362966746092 58.29647237807512 7.949999999999999
      vertex 100.41362966746092 58.29647237807512 6.55
    endloop
  endfacet
  facet normal -0.8968727555004398 -0.44228866189520233 0
    outer loop
      vertex 100.43044818341733 58.24692662805319 6.55
      vertex 100.45358983576298 58.19999999552965 6.55
      vertex 100.43044818341733 58.24692662805319 7.949999999999999
    endloop
  endfacet
  facet normal -0.8314695592726233 -0.5555703123844805 0
    outer loop
      vertex 100.45358983576298 58.19999999552965 6.55
      vertex 100.48265866339207 58.15649542957544 6.55
      vertex 100.45358983576298 58.19999999552965 7.949999999999999
    endloop
  endfacet
  facet normal -0.7518398060333312 -0.6593458167485123 0
    outer loop
      vertex 100.51715728789569 58.11715728789568 6.55
      vertex 100.51715728789569 58.11715728789568 7.799999997019768
      vertex 100.5 58.13672142506904 7.799999997019768
    endloop
  endfacet
  facet normal -0.7518398060333252 -0.6593458167485191 1.9084921037386429e-16
    outer loop
      vertex 100.51715728789569 58.11715728789568 6.55
      vertex 100.5 58.13672142506904 7.799999997019768
      vertex 100.48265866339207 58.15649542957544 7.949999999999999
    endloop
  endfacet
  facet normal -0.6593458167485153 -0.7518398060333287 0
    outer loop
      vertex 100.55649542957545 58.08265866339207 6.55
      vertex 100.55649542957545 58.08265866339207 7.799999997019768
      vertex 100.51715728789569 58.11715728789568 7.799999997019768
    endloop
  endfacet
  facet normal -0.5555703123844806 -0.8314695592726234 0
    outer loop
      vertex 100.59999999552966 58.05358983576298 6.55
      vertex 100.59999999552966 58.05358983576298 7.799999997019768
      vertex 100.55649542957545 58.08265866339207 7.799999997019768
    endloop
  endfacet
  facet normal -0.4422886618952023 -0.8968727555004397 0
    outer loop
      vertex 100.6469266280532 58.03044818341732 6.55
      vertex 100.6469266280532 58.03044818341732 7.799999997019768
      vertex 100.59999999552966 58.05358983576298 7.799999997019768
    endloop
  endfacet
  facet normal -0.3214394670661981 -0.9469301288966355 0
    outer loop
      vertex 100.69647237807513 58.01362966746092 6.55
      vertex 100.69647237807513 58.01362966746092 7.799999997019768
      vertex 100.6469266280532 58.03044818341732 7.799999997019768
    endloop
  endfacet
  facet normal -0.19509035688653095 -0.9807852734670756 0
    outer loop
      vertex 100.74778951853514 58.00342205166817 6.55
      vertex 100.74778951853514 58.00342205166817 7.799999997019768
      vertex 100.69647237807513 58.01362966746092 7.799999997019768
    endloop
  endfacet
  facet normal -0.06540305340084455 -0.9978589282087155 0
    outer loop
      vertex 100.79999999850989 58 6.55
      vertex 100.79999999850989 58 7.799999997019768
      vertex 100.74778951853514 58.00342205166817 7.799999997019768
    endloop
  endfacet
  facet normal 0 0 -1
    outer loop
      vertex 100.69647237807513 60.78637032955885 6.55
      vertex 100.74778951853514 60.7965779453516 6.55
      vertex 100.79999999850989 60.79999999701977 6.55
    endloop
  endfacet
  facet normal -1 0 0
    outer loop
      vertex 100.4 58.399999998509884 6.55
      vertex 100.4 60.399999998509884 7.949999999999999
      vertex 100.4 60.399999998509884 6.55
    endloop
  endfacet
  facet normal -0.9978589282087155 0.06540305340084454 0
    outer loop
      vertex 100.4 60.399999998509884 6.55
      vertex 100.40342205166817 60.45221047848463 7.949999999999999
      vertex 100.40342205166817 60.45221047848463 6.55
    endloop
  endfacet
  facet normal -0.9807852734670756 0.19509035688653095 0
    outer loop
      vertex 100.40342205166817 60.45221047848463 6.55
      vertex 100.41362966746092 60.503527618944645 7.949999999999999
      vertex 100.41362966746092 60.503527618944645 6.55
    endloop
  endfacet
  facet normal -0.9469301288966354 0.3214394670661981 0
    outer loop
      vertex 100.41362966746092 60.503527618944645 6.55
      vertex 100.43044818341733 60.55307336896658 7.949999999999999
      vertex 100.43044818341733 60.55307336896658 6.55
    endloop
  endfacet
  facet normal -0.8968727555004398 0.44228866189520233 0
    outer loop
      vertex 100.43044818341733 60.55307336896658 6.55
      vertex 100.45358983576298 60.600000001490116 7.949999999999999
      vertex 100.45358983576298 60.600000001490116 6.55
    endloop
  endfacet
  facet normal -0.8314695592726233 0.5555703123844805 0
    outer loop
      vertex 100.45358983576298 60.600000001490116 6.55
      vertex 100.48265866339207 60.643504567444324 7.949999999999999
      vertex 100.48265866339207 60.643504567444324 6.55
    endloop
  endfacet
  facet normal -0.7518398060333286 0.6593458167485153 0
    outer loop
      vertex 100.48265866339207 60.643504567444324 6.55
      vertex 100.51715728789569 60.68284270912409 7.949999999999999
      vertex 100.51715728789569 60.68284270912409 6.55
    endloop
  endfacet
  facet normal -0.6593458167485153 0.7518398060333286 0
    outer loop
      vertex 100.51715728789569 60.68284270912409 6.55
      vertex 100.55649542957545 60.7173413336277 7.949999999999999
      vertex 100.55649542957545 60.7173413336277 6.55
    endloop
  endfacet
  facet normal -0.5555703123844805 0.8314695592726233 0
    outer loop
      vertex 100.55649542957545 60.7173413336277 6.55
      vertex 100.59999999552966 60.74641016125679 7.949999999999999
      vertex 100.59999999552966 60.74641016125679 6.55
    endloop
  endfacet
  facet normal -0.44228866189520233 0.8968727555004398 0
    outer loop
      vertex 100.59999999552966 60.74641016125679 6.55
      vertex 100.6469266280532 60.76955181360245 7.949999999999999
      vertex 100.6469266280532 60.76955181360245 6.55
    endloop
  endfacet
  facet normal -0.3214394670661981 0.9469301288966354 0
    outer loop
      vertex 100.6469266280532 60.76955181360245 6.55
      vertex 100.69647237807513 60.78637032955885 7.949999999999999
      vertex 100.69647237807513 60.78637032955885 6.55
    endloop
  endfacet
  facet normal -0.19509035688653095 0.9807852734670756 0
    outer loop
      vertex 100.69647237807513 60.78637032955885 6.55
      vertex 100.74778951853514 60.7965779453516 7.949999999999999
      vertex 100.74778951853514 60.7965779453516 6.55
    endloop
  endfacet
  facet normal -0.06540305340084454 0.9978589282087155 0
    outer loop
      vertex 100.74778951853514 60.7965779453516 6.55
      vertex 100.79999999850989 60.79999999701977 7.949999999999999
      vertex 100.79999999850989 60.79999999701977 6.55
    endloop
  endfacet
  facet normal 0 0 -1
    outer loop
      vertex 100.51715728789569 58.11715728789568 6.55
      vertex 102.84641016423703 58.19999999552965 6.55
      vertex 100.55649542957545 58.08265866339207 6.55
    endloop
  endfacet
  facet normal 0 0 -1
    outer loop
      vertex 100.55649542957545 58.08265866339207 6.55
      vertex 102.81734133660794 58.15649542957544 6.55
      vertex 100.59999999552966 58.05358983576298 6.55
    endloop
  endfacet
  facet normal 0 0 -1
    outer loop
      vertex 100.43044818341733 58.24692662805319 6.55
      vertex 102.89657794833184 58.34778951853514 6.55
      vertex 100.45358983576298 58.19999999552965 6.55
    endloop
  endfacet
  facet normal 0 0 -1
    outer loop
      vertex 100.43044818341733 58.24692662805319 6.55
      vertex 100.41362966746092 58.29647237807512 6.55
      vertex 102.9 58.399999998509884 6.55
    endloop
  endfacet
  facet normal 0 0 -1
    outer loop
      vertex 100.51715728789569 58.11715728789568 6.55
      vertex 100.48265866339207 58.15649542957544 6.55
      vertex 102.86955181658269 58.24692662805319 6.55
    endloop
  endfacet
  facet normal 0 0 -1
    outer loop
      vertex 100.45358983576298 58.19999999552965 6.55
      vertex 102.88637033253909 58.29647237807512 6.55
      vertex 100.48265866339207 58.15649542957544 6.55
    endloop
  endfacet
  facet normal 0 0 -1
    outer loop
      vertex 100.59999999552966 58.05358983576298 6.55
      vertex 102.78284271210433 58.11715728789568 6.55
      vertex 100.6469266280532 58.03044818341732 6.55
    endloop
  endfacet
  facet normal 0 0 -1
    outer loop
      vertex 100.6469266280532 58.03044818341732 6.55
      vertex 102.74350457042456 58.08265866339207 6.55
      vertex 100.69647237807513 58.01362966746092 6.55
    endloop
  endfacet
  facet normal 0 0 -1
    outer loop
      vertex 100.69647237807513 58.01362966746092 6.55
      vertex 102.70000000447035 58.05358983576298 6.55
      vertex 100.74778951853514 58.00342205166817 6.55
    endloop
  endfacet
  facet normal 0 0 -1
    outer loop
      vertex 100.74778951853514 58.00342205166817 6.55
      vertex 102.65307337194682 58.03044818341732 6.55
      vertex 100.79999999850989 58 6.55
    endloop
  endfacet
  facet normal 0 -1 0
    outer loop
      vertex 101.14999999999999 58 6.6
      vertex 101.14999999999999 58 7.799999997019768
      vertex 100.79999999850989 58 7.799999997019768
    endloop
  endfacet
  facet normal 0 0 -1
    outer loop
      vertex 100.41362966746092 58.29647237807512 6.55
      vertex 100.40342205166817 58.34778951853514 6.55
      vertex 102.9 60.399999998509884 6.55
    endloop
  endfacet
  facet normal 0 0 -1
    outer loop
      vertex 100.40342205166817 58.34778951853514 6.55
      vertex 100.4 58.399999998509884 6.55
      vertex 102.89657794833184 60.45221047848463 6.55
    endloop
  endfacet
  facet normal 0 0 -1
    outer loop
      vertex 100.4 58.399999998509884 6.55
      vertex 100.4 60.399999998509884 6.55
      vertex 102.88637033253909 60.503527618944645 6.55
    endloop
  endfacet
  facet normal 0 0 -1
    outer loop
      vertex 100.40342205166817 60.45221047848463 6.55
      vertex 100.41362966746092 60.503527618944645 6.55
      vertex 102.84641016423703 60.600000001490116 6.55
    endloop
  endfacet
  facet normal 0 0 -1
    outer loop
      vertex 100.4 60.399999998509884 6.55
      vertex 100.40342205166817 60.45221047848463 6.55
      vertex 102.86955181658269 60.55307336896658 6.55
    endloop
  endfacet
  facet normal 0 0 -1
    outer loop
      vertex 100.41362966746092 60.503527618944645 6.55
      vertex 100.43044818341733 60.55307336896658 6.55
      vertex 102.81734133660794 60.643504567444324 6.55
    endloop
  endfacet
  facet normal 0 0 -1
    outer loop
      vertex 100.43044818341733 60.55307336896658 6.55
      vertex 100.45358983576298 60.600000001490116 6.55
      vertex 102.78284271210433 60.68284270912409 6.55
    endloop
  endfacet
  facet normal 0 0 -1
    outer loop
      vertex 100.45358983576298 60.600000001490116 6.55
      vertex 100.48265866339207 60.643504567444324 6.55
      vertex 102.74350457042456 60.7173413336277 6.55
    endloop
  endfacet
  facet normal 0 0 -1
    outer loop
      vertex 100.48265866339207 60.643504567444324 6.55
      vertex 100.51715728789569 60.68284270912409 6.55
      vertex 102.70000000447035 60.74641016125679 6.55
    endloop
  endfacet
  facet normal 0 0 -1
    outer loop
      vertex 100.51715728789569 60.68284270912409 6.55
      vertex 100.55649542957545 60.7173413336277 6.55
      vertex 102.65307337194682 60.76955181360245 6.55
    endloop
  endfacet
  facet normal 0 0 -1
    outer loop
      vertex 100.55649542957545 60.7173413336277 6.55
      vertex 100.59999999552966 60.74641016125679 6.55
      vertex 102.60352762192488 60.78637032955885 6.55
    endloop
  endfacet
  facet normal 0 0 -1
    outer loop
      vertex 100.59999999552966 60.74641016125679 6.55
      vertex 100.6469266280532 60.76955181360245 6.55
      vertex 102.55221048146487 60.7965779453516 6.55
    endloop
  endfacet
  facet normal 0 0 -1
    outer loop
      vertex 100.6469266280532 60.76955181360245 6.55
      vertex 100.69647237807513 60.78637032955885 6.55
      vertex 102.50000000149012 60.79999999701977 6.55
    endloop
  endfacet
  facet normal 0 0 -1
    outer loop
      vertex 100.69647237807513 60.78637032955885 6.55
      vertex 100.79999999850989 60.79999999701977 6.55
      vertex 102.50000000149012 60.79999999701977 6.55
    endloop
  endfacet
  facet normal -0.9469301288966354 -0.3214394670661981 0
    outer loop
      vertex 100.43044818341733 58.24692662805319 6.55
      vertex 100.43044818341733 58.24692662805319 7.949999999999999
      vertex 100.41362966746092 58.29647237807512 7.949999999999999
    endloop
  endfacet
  facet normal -0.9807852734670756 -0.19509035688653095 0
    outer loop
      vertex 100.41362966746092 58.29647237807512 6.55
      vertex 100.41362966746092 58.29647237807512 7.949999999999999
      vertex 100.40342205166817 58.34778951853514 7.949999999999999
    endloop
  endfacet
  facet normal -0.9978589282087155 -0.06540305340084454 0
    outer loop
      vertex 100.40342205166817 58.34778951853514 6.55
      vertex 100.40342205166817 58.34778951853514 7.949999999999999
      vertex 100.4 58.399999998509884 7.949999999999999
    endloop
  endfacet
  facet normal -0.8968727555004398 -0.44228866189520233 0
    outer loop
      vertex 100.45358983576298 58.19999999552965 6.55
      vertex 100.45358983576298 58.19999999552965 7.949999999999999
      vertex 100.43044818341733 58.24692662805319 7.949999999999999
    endloop
  endfacet
  facet normal -0.8314695592726233 -0.5555703123844805 0
    outer loop
      vertex 100.48265866339207 58.15649542957544 6.55
      vertex 100.48265866339207 58.15649542957544 7.949999999999999
      vertex 100.45358983576298 58.19999999552965 7.949999999999999
    endloop
  endfacet
  facet normal -0.7518398060333259 -0.6593458167485183 0
    outer loop
      vertex 100.5 58.13672142506904 7.799999997019768
      vertex 100.5 58.13672142506904 7.949999999999999
      vertex 100.48265866339207 58.15649542957544 7.949999999999999
    endloop
  endfacet
  facet normal 0 0 1
    outer loop
      vertex 100.43044818341733 58.24692662805319 7.949999999999999
      vertex 100.5 58.8 7.949999999999999
      vertex 100.41362966746092 58.29647237807512 7.949999999999999
    endloop
  endfacet
  facet normal 0 0 1
    outer loop
      vertex 100.41362966746092 58.29647237807512 7.949999999999999
      vertex 100.5 58.8 7.949999999999999
      vertex 100.40342205166817 58.34778951853514 7.949999999999999
    endloop
  endfacet
  facet normal 0 0 1
    outer loop
      vertex 100.40342205166817 58.34778951853514 7.949999999999999
      vertex 100.5 58.8 7.949999999999999
      vertex 100.4 58.399999998509884 7.949999999999999
    endloop
  endfacet
  facet normal 0 0 1
    outer loop
      vertex 100.43044818341733 58.24692662805319 7.949999999999999
      vertex 100.45358983576298 58.19999999552965 7.949999999999999
      vertex 100.5 58.8 7.949999999999999
    endloop
  endfacet
  facet normal 0 0 1
    outer loop
      vertex 100.45358983576298 58.19999999552965 7.949999999999999
      vertex 100.48265866339207 58.15649542957544 7.949999999999999
      vertex 100.5 58.8 7.949999999999999
    endloop
  endfacet
  facet normal 0 0 1
    outer loop
      vertex 100.5 58.13672142506904 7.949999999999999
      vertex 100.5 58.8 7.949999999999999
      vertex 100.48265866339207 58.15649542957544 7.949999999999999
    endloop
  endfacet
  facet normal -1 0 0
    outer loop
      vertex 100.4 58.399999998509884 6.55
      vertex 100.4 58.399999998509884 7.949999999999999
      vertex 100.4 60.399999998509884 7.949999999999999
    endloop
  endfacet
  facet normal -0.9978589282087155 0.06540305340084454 0
    outer loop
      vertex 100.4 60.399999998509884 6.55
      vertex 100.4 60.399999998509884 7.949999999999999
      vertex 100.40342205166817 60.45221047848463 7.949999999999999
    endloop
  endfacet
  facet normal -0.9807852734670756 0.19509035688653095 0
    outer loop
      vertex 100.40342205166817 60.45221047848463 6.55
      vertex 100.40342205166817 60.45221047848463 7.949999999999999
      vertex 100.41362966746092 60.503527618944645 7.949999999999999
    endloop
  endfacet
  facet normal -0.9469301288966354 0.3214394670661981 0
    outer loop
      vertex 100.41362966746092 60.503527618944645 6.55
      vertex 100.41362966746092 60.503527618944645 7.949999999999999
      vertex 100.43044818341733 60.55307336896658 7.949999999999999
    endloop
  endfacet
  facet normal -0.8968727555004398 0.44228866189520233 0
    outer loop
      vertex 100.43044818341733 60.55307336896658 6.55
      vertex 100.43044818341733 60.55307336896658 7.949999999999999
      vertex 100.45358983576298 60.600000001490116 7.949999999999999
    endloop
  endfacet
  facet normal -0.8314695592726233 0.5555703123844805 0
    outer loop
      vertex 100.45358983576298 60.600000001490116 6.55
      vertex 100.45358983576298 60.600000001490116 7.949999999999999
      vertex 100.48265866339207 60.643504567444324 7.949999999999999
    endloop
  endfacet
  facet normal -0.7518398060333286 0.6593458167485153 0
    outer loop
      vertex 100.48265866339207 60.643504567444324 6.55
      vertex 100.48265866339207 60.643504567444324 7.949999999999999
      vertex 100.51715728789569 60.68284270912409 7.949999999999999
    endloop
  endfacet
  facet normal -0.6593458167485153 0.7518398060333286 0
    outer loop
      vertex 100.51715728789569 60.68284270912409 6.55
      vertex 100.51715728789569 60.68284270912409 7.949999999999999
      vertex 100.55649542957545 60.7173413336277 7.949999999999999
    endloop
  endfacet
  facet normal -0.5555703123844805 0.8314695592726233 0
    outer loop
      vertex 100.55649542957545 60.7173413336277 6.55
      vertex 100.55649542957545 60.7173413336277 7.949999999999999
      vertex 100.59999999552966 60.74641016125679 7.949999999999999
    endloop
  endfacet
  facet normal -0.44228866189520233 0.8968727555004398 0
    outer loop
      vertex 100.59999999552966 60.74641016125679 6.55
      vertex 100.59999999552966 60.74641016125679 7.949999999999999
      vertex 100.6469266280532 60.76955181360245 7.949999999999999
    endloop
  endfacet
  facet normal -0.3214394670661981 0.9469301288966354 0
    outer loop
      vertex 100.6469266280532 60.76955181360245 6.55
      vertex 100.6469266280532 60.76955181360245 7.949999999999999
      vertex 100.69647237807513 60.78637032955885 7.949999999999999
    endloop
  endfacet
  facet normal -0.19509035688653095 0.9807852734670756 0
    outer loop
      vertex 100.69647237807513 60.78637032955885 6.55
      vertex 100.69647237807513 60.78637032955885 7.949999999999999
      vertex 100.74778951853514 60.7965779453516 7.949999999999999
    endloop
  endfacet
  facet normal -0.06540305340084454 0.9978589282087155 0
    outer loop
      vertex 100.74778951853514 60.7965779453516 6.55
      vertex 100.74778951853514 60.7965779453516 7.949999999999999
      vertex 100.79999999850989 60.79999999701977 7.949999999999999
    endloop
  endfacet
  facet normal 0 0 1
    outer loop
      vertex 100.4 58.399999998509884 7.949999999999999
      vertex 100.5 58.8 7.949999999999999
      vertex 100.4 60.399999998509884 7.949999999999999
    endloop
  endfacet
  facet normal 0 0 1
    outer loop
      vertex 100.69647237807513 60.78637032955885 7.949999999999999
      vertex 100.79999999850989 60.79999999701977 7.949999999999999
      vertex 100.74778951853514 60.7965779453516 7.949999999999999
    endloop
  endfacet
  facet normal 0 1 0
    outer loop
      vertex 100.79999999850989 60.79999999701977 6.55
      vertex 100.79999999850989 60.79999999701977 7.949999999999999
      vertex 102.50000000149012 60.79999999701977 7.949999999999999
    endloop
  endfacet
  facet normal 0 0 1
    outer loop
      vertex 100.5 58.8 7.949999999999999
      vertex 102.9 58.8 7.949999999999999
      vertex 100.4 60.399999998509884 7.949999999999999
    endloop
  endfacet
  facet normal 0 0 1
    outer loop
      vertex 100.40342205166817 60.45221047848463 7.949999999999999
      vertex 102.84641016423703 60.600000001490116 7.949999999999999
      vertex 100.41362966746092 60.503527618944645 7.949999999999999
    endloop
  endfacet
  facet normal 0 0 1
    outer loop
      vertex 100.4 60.399999998509884 7.949999999999999
      vertex 102.86955181658269 60.55307336896658 7.949999999999999
      vertex 100.40342205166817 60.45221047848463 7.949999999999999
    endloop
  endfacet
  facet normal 0 0 1
    outer loop
      vertex 100.41362966746092 60.503527618944645 7.949999999999999
      vertex 102.81734133660794 60.643504567444324 7.949999999999999
      vertex 100.43044818341733 60.55307336896658 7.949999999999999
    endloop
  endfacet
  facet normal 0 0 1
    outer loop
      vertex 100.43044818341733 60.55307336896658 7.949999999999999
      vertex 102.78284271210433 60.68284270912409 7.949999999999999
      vertex 100.45358983576298 60.600000001490116 7.949999999999999
    endloop
  endfacet
  facet normal 0 0 1
    outer loop
      vertex 100.45358983576298 60.600000001490116 7.949999999999999
      vertex 102.74350457042456 60.7173413336277 7.949999999999999
      vertex 100.48265866339207 60.643504567444324 7.949999999999999
    endloop
  endfacet
  facet normal 0 0 1
    outer loop
      vertex 100.48265866339207 60.643504567444324 7.949999999999999
      vertex 102.70000000447035 60.74641016125679 7.949999999999999
      vertex 100.51715728789569 60.68284270912409 7.949999999999999
    endloop
  endfacet
  facet normal 0 0 1
    outer loop
      vertex 100.51715728789569 60.68284270912409 7.949999999999999
      vertex 102.65307337194682 60.76955181360245 7.949999999999999
      vertex 100.55649542957545 60.7173413336277 7.949999999999999
    endloop
  endfacet
  facet normal 0 0 1
    outer loop
      vertex 100.55649542957545 60.7173413336277 7.949999999999999
      vertex 102.60352762192488 60.78637032955885 7.949999999999999
      vertex 100.59999999552966 60.74641016125679 7.949999999999999
    endloop
  endfacet
  facet normal 0 0 1
    outer loop
      vertex 100.59999999552966 60.74641016125679 7.949999999999999
      vertex 102.55221048146487 60.7965779453516 7.949999999999999
      vertex 100.6469266280532 60.76955181360245 7.949999999999999
    endloop
  endfacet
  facet normal 0 0 1
    outer loop
      vertex 100.6469266280532 60.76955181360245 7.949999999999999
      vertex 102.50000000149012 60.79999999701977 7.949999999999999
      vertex 100.69647237807513 60.78637032955885 7.949999999999999
    endloop
  endfacet
  facet normal 0 0 1
    outer loop
      vertex 100.69647237807513 60.78637032955885 7.949999999999999
      vertex 102.50000000149012 60.79999999701977 7.949999999999999
      vertex 100.79999999850989 60.79999999701977 7.949999999999999
    endloop
  endfacet
  facet normal 0 -1 0
    outer loop
      vertex 100.79999999850989 58 6.55
      vertex 102.50000000149012 58 6.55
      vertex 101.14999999999999 58 6.6
    endloop
  endfacet
  facet normal 0 0 -1
    outer loop
      vertex 100.79999999850989 58 6.55
      vertex 102.60352762192488 58.01362966746092 6.55
      vertex 102.50000000149012 58 6.55
    endloop
  endfacet
  facet normal 0 0 -1
    outer loop
      vertex 100.6469266280532 60.76955181360245 6.55
      vertex 102.50000000149012 60.79999999701977 6.55
      vertex 102.55221048146487 60.7965779453516 6.55
    endloop
  endfacet
  facet normal 0 0 -1
    outer loop
      vertex 100.59999999552966 60.74641016125679 6.55
      vertex 102.55221048146487 60.7965779453516 6.55
      vertex 102.60352762192488 60.78637032955885 6.55
    endloop
  endfacet
  facet normal 0 0 -1
    outer loop
      vertex 100.55649542957545 60.7173413336277 6.55
      vertex 102.60352762192488 60.78637032955885 6.55
      vertex 102.65307337194682 60.76955181360245 6.55
    endloop
  endfacet
  facet normal 0 0 -1
    outer loop
      vertex 100.51715728789569 60.68284270912409 6.55
      vertex 102.65307337194682 60.76955181360245 6.55
      vertex 102.70000000447035 60.74641016125679 6.55
    endloop
  endfacet
  facet normal 0 0 -1
    outer loop
      vertex 100.48265866339207 60.643504567444324 6.55
      vertex 102.70000000447035 60.74641016125679 6.55
      vertex 102.74350457042456 60.7173413336277 6.55
    endloop
  endfacet
  facet normal 0 0 -1
    outer loop
      vertex 100.45358983576298 60.600000001490116 6.55
      vertex 102.74350457042456 60.7173413336277 6.55
      vertex 102.78284271210433 60.68284270912409 6.55
    endloop
  endfacet
  facet normal 0 0 -1
    outer loop
      vertex 100.43044818341733 60.55307336896658 6.55
      vertex 102.78284271210433 60.68284270912409 6.55
      vertex 102.81734133660794 60.643504567444324 6.55
    endloop
  endfacet
  facet normal 0 1 0
    outer loop
      vertex 100.79999999850989 60.79999999701977 6.55
      vertex 102.50000000149012 60.79999999701977 7.949999999999999
      vertex 102.50000000149012 60.79999999701977 6.55
    endloop
  endfacet
  facet normal 0 0 -1
    outer loop
      vertex 100.79999999850989 58 6.55
      vertex 102.65307337194682 58.03044818341732 6.55
      vertex 102.60352762192488 58.01362966746092 6.55
    endloop
  endfacet
  facet normal 0 0 -1
    outer loop
      vertex 100.74778951853514 58.00342205166817 6.55
      vertex 102.70000000447035 58.05358983576298 6.55
      vertex 102.65307337194682 58.03044818341732 6.55
    endloop
  endfacet
  facet normal 0 -1 0
    outer loop
      vertex 101.14999999999999 58 6.6
      vertex 102.50000000149012 58 6.55
      vertex 102.50000000149012 58 6.6
    endloop
  endfacet
  facet normal 0 0 -1
    outer loop
      vertex 100.69647237807513 58.01362966746092 6.55
      vertex 102.74350457042456 58.08265866339207 6.55
      vertex 102.70000000447035 58.05358983576298 6.55
    endloop
  endfacet
  facet normal 0 0 -1
    outer loop
      vertex 100.6469266280532 58.03044818341732 6.55
      vertex 102.78284271210433 58.11715728789568 6.55
      vertex 102.74350457042456 58.08265866339207 6.55
    endloop
  endfacet
  facet normal 0 0 -1
    outer loop
      vertex 100.59999999552966 58.05358983576298 6.55
      vertex 102.81734133660794 58.15649542957544 6.55
      vertex 102.78284271210433 58.11715728789568 6.55
    endloop
  endfacet
  facet normal 0 0 -1
    outer loop
      vertex 100.55649542957545 58.08265866339207 6.55
      vertex 102.84641016423703 58.19999999552965 6.55
      vertex 102.81734133660794 58.15649542957544 6.55
    endloop
  endfacet
  facet normal 0 0 -1
    outer loop
      vertex 100.51715728789569 58.11715728789568 6.55
      vertex 102.86955181658269 58.24692662805319 6.55
      vertex 102.84641016423703 58.19999999552965 6.55
    endloop
  endfacet
  facet normal 0 0 -1
    outer loop
      vertex 100.48265866339207 58.15649542957544 6.55
      vertex 102.88637033253909 58.29647237807512 6.55
      vertex 102.86955181658269 58.24692662805319 6.55
    endloop
  endfacet
  facet normal 0 0 -1
    outer loop
      vertex 100.45358983576298 58.19999999552965 6.55
      vertex 102.89657794833184 58.34778951853514 6.55
      vertex 102.88637033253909 58.29647237807512 6.55
    endloop
  endfacet
  facet normal 0 0 -1
    outer loop
      vertex 100.43044818341733 58.24692662805319 6.55
      vertex 102.9 58.399999998509884 6.55
      vertex 102.89657794833184 58.34778951853514 6.55
    endloop
  endfacet
  facet normal 0.06540305340084454 -0.9978589282087155 0
    outer loop
      vertex 102.50000000149012 58 6.55
      vertex 102.55221048146487 58.00342205166817 6.55
      vertex 102.50000000149012 58 6.6
    endloop
  endfacet
  facet normal 0.06540305340084454 -0.9978589282087155 0
    outer loop
      vertex 102.50000000149012 58 6.6
      vertex 102.55221048146487 58.00342205166817 6.55
      vertex 102.55221048146487 58.00342205166817 6.6
    endloop
  endfacet
  facet normal 0 0 -1
    outer loop
      vertex 100.41362966746092 58.29647237807512 6.55
      vertex 102.9 60.399999998509884 6.55
      vertex 102.9 58.399999998509884 6.55
    endloop
  endfacet
  facet normal 0 0 -1
    outer loop
      vertex 100.40342205166817 58.34778951853514 6.55
      vertex 102.89657794833184 60.45221047848463 6.55
      vertex 102.9 60.399999998509884 6.55
    endloop
  endfacet
  facet normal 0 0 -1
    outer loop
      vertex 100.4 58.399999998509884 6.55
      vertex 102.88637033253909 60.503527618944645 6.55
      vertex 102.89657794833184 60.45221047848463 6.55
    endloop
  endfacet
  facet normal 0 0 -1
    outer loop
      vertex 100.4 60.399999998509884 6.55
      vertex 102.86955181658269 60.55307336896658 6.55
      vertex 102.88637033253909 60.503527618944645 6.55
    endloop
  endfacet
  facet normal 0 0 -1
    outer loop
      vertex 100.41362966746092 60.503527618944645 6.55
      vertex 102.81734133660794 60.643504567444324 6.55
      vertex 102.84641016423703 60.600000001490116 6.55
    endloop
  endfacet
  facet normal 0 0 -1
    outer loop
      vertex 100.40342205166817 60.45221047848463 6.55
      vertex 102.84641016423703 60.600000001490116 6.55
      vertex 102.86955181658269 60.55307336896658 6.55
    endloop
  endfacet
  facet normal 0.06540305340084454 0.9978589282087155 0
    outer loop
      vertex 102.50000000149012 60.79999999701977 6.55
      vertex 102.55221048146487 60.7965779453516 7.949999999999999
      vertex 102.55221048146487 60.7965779453516 6.55
    endloop
  endfacet
  facet normal 0 0 1
    outer loop
      vertex 100.6469266280532 60.76955181360245 7.949999999999999
      vertex 102.55221048146487 60.7965779453516 7.949999999999999
      vertex 102.50000000149012 60.79999999701977 7.949999999999999
    endloop
  endfacet
  facet normal 0 0 1
    outer loop
      vertex 100.59999999552966 60.74641016125679 7.949999999999999
      vertex 102.60352762192488 60.78637032955885 7.949999999999999
      vertex 102.55221048146487 60.7965779453516 7.949999999999999
    endloop
  endfacet
  facet normal 0 0 1
    outer loop
      vertex 100.55649542957545 60.7173413336277 7.949999999999999
      vertex 102.65307337194682 60.76955181360245 7.949999999999999
      vertex 102.60352762192488 60.78637032955885 7.949999999999999
    endloop
  endfacet
  facet normal 0 0 1
    outer loop
      vertex 100.51715728789569 60.68284270912409 7.949999999999999
      vertex 102.70000000447035 60.74641016125679 7.949999999999999
      vertex 102.65307337194682 60.76955181360245 7.949999999999999
    endloop
  endfacet
  facet normal 0 0 1
    outer loop
      vertex 100.48265866339207 60.643504567444324 7.949999999999999
      vertex 102.74350457042456 60.7173413336277 7.949999999999999
      vertex 102.70000000447035 60.74641016125679 7.949999999999999
    endloop
  endfacet
  facet normal 0 0 1
    outer loop
      vertex 100.45358983576298 60.600000001490116 7.949999999999999
      vertex 102.78284271210433 60.68284270912409 7.949999999999999
      vertex 102.74350457042456 60.7173413336277 7.949999999999999
    endloop
  endfacet
  facet normal 0 0 1
    outer loop
      vertex 100.43044818341733 60.55307336896658 7.949999999999999
      vertex 102.81734133660794 60.643504567444324 7.949999999999999
      vertex 102.78284271210433 60.68284270912409 7.949999999999999
    endloop
  endfacet
  facet normal 0.06540305340084454 0.9978589282087155 0
    outer loop
      vertex 102.50000000149012 60.79999999701977 6.55
      vertex 102.50000000149012 60.79999999701977 7.949999999999999
      vertex 102.55221048146487 60.7965779453516 7.949999999999999
    endloop
  endfacet
  facet normal 0 0 1
    outer loop
      vertex 100.4 60.399999998509884 7.949999999999999
      vertex 102.9 58.8 7.949999999999999
      vertex 102.88637033253909 60.503527618944645 7.949999999999999
    endloop
  endfacet
  facet normal 0 0 1
    outer loop
      vertex 100.4 60.399999998509884 7.949999999999999
      vertex 102.88637033253909 60.503527618944645 7.949999999999999
      vertex 102.86955181658269 60.55307336896658 7.949999999999999
    endloop
  endfacet
  facet normal 0 0 1
    outer loop
      vertex 100.41362966746092 60.503527618944645 7.949999999999999
      vertex 102.84641016423703 60.600000001490116 7.949999999999999
      vertex 102.81734133660794 60.643504567444324 7.949999999999999
    endloop
  endfacet
  facet normal 0 0 1
    outer loop
      vertex 100.40342205166817 60.45221047848463 7.949999999999999
      vertex 102.86955181658269 60.55307336896658 7.949999999999999
      vertex 102.84641016423703 60.600000001490116 7.949999999999999
    endloop
  endfacet
  facet normal 0 0 -1
    outer loop
      vertex 102.50000000149012 58 6.55
      vertex 102.60352762192488 58.01362966746092 6.55
      vertex 102.55221048146487 58.00342205166817 6.55
    endloop
  endfacet
  facet normal 0.19509035688653095 -0.9807852734670756 0
    outer loop
      vertex 102.55221048146487 58.00342205166817 6.55
      vertex 102.60352762192488 58.01362966746092 6.55
      vertex 102.55221048146487 58.00342205166817 6.6
    endloop
  endfacet
  facet normal 0.19509035688653095 -0.9807852734670756 0
    outer loop
      vertex 102.55221048146487 58.00342205166817 6.6
      vertex 102.60352762192488 58.01362966746092 6.55
      vertex 102.60352762192488 58.01362966746092 6.6
    endloop
  endfacet
  facet normal 0.3214394670661981 -0.9469301288966354 0
    outer loop
      vertex 102.60352762192488 58.01362966746092 6.55
      vertex 102.65307337194682 58.03044818341732 6.55
      vertex 102.60352762192488 58.01362966746092 6.6
    endloop
  endfacet
  facet normal 0.3214394670661981 -0.9469301288966354 0
    outer loop
      vertex 102.60352762192488 58.01362966746092 6.6
      vertex 102.65307337194682 58.03044818341732 6.55
      vertex 102.65307337194682 58.03044818341732 6.6
    endloop
  endfacet
  facet normal 0.4422886618952023 -0.8968727555004397 0
    outer loop
      vertex 102.65307337194682 58.03044818341732 6.55
      vertex 102.70000000447035 58.05358983576298 6.55
      vertex 102.65307337194682 58.03044818341732 6.6
    endloop
  endfacet
  facet normal 0.4422886618952023 -0.8968727555004397 0
    outer loop
      vertex 102.65307337194682 58.03044818341732 6.6
      vertex 102.70000000447035 58.05358983576298 6.55
      vertex 102.70000000447035 58.05358983576298 6.6
    endloop
  endfacet
  facet normal 0.5555703123844806 -0.8314695592726236 0
    outer loop
      vertex 102.70000000447035 58.05358983576298 6.55
      vertex 102.74350457042456 58.08265866339207 6.55
      vertex 102.70000000447035 58.05358983576298 6.6
    endloop
  endfacet
  facet normal 0.5555703123844806 -0.8314695592726236 0
    outer loop
      vertex 102.70000000447035 58.05358983576298 6.6
      vertex 102.74350457042456 58.08265866339207 6.55
      vertex 102.74350457042456 58.08265866339207 6.6
    endloop
  endfacet
  facet normal 0.6593458167485154 -0.7518398060333287 0
    outer loop
      vertex 102.74350457042456 58.08265866339207 6.55
      vertex 102.78284271210433 58.11715728789568 6.55
      vertex 102.74350457042456 58.08265866339207 6.6
    endloop
  endfacet
  facet normal 0.6593458167485154 -0.7518398060333287 0
    outer loop
      vertex 102.74350457042456 58.08265866339207 6.6
      vertex 102.78284271210433 58.11715728789568 6.55
      vertex 102.78284271210433 58.11715728789568 6.6
    endloop
  endfacet
  facet normal 0.7518398060333287 -0.6593458167485154 0
    outer loop
      vertex 102.78284271210433 58.11715728789568 6.55
      vertex 102.81734133660794 58.15649542957544 6.55
      vertex 102.78284271210433 58.11715728789568 6.6
    endloop
  endfacet
  facet normal 0.7518398060333287 -0.6593458167485154 0
    outer loop
      vertex 102.78284271210433 58.11715728789568 6.6
      vertex 102.81734133660794 58.15649542957544 6.55
      vertex 102.81734133660794 58.15649542957544 6.6
    endloop
  endfacet
  facet normal 0.8314695592726236 -0.5555703123844806 0
    outer loop
      vertex 102.81734133660794 58.15649542957544 6.55
      vertex 102.84641016423703 58.19999999552965 6.55
      vertex 102.81734133660794 58.15649542957544 6.6
    endloop
  endfacet
  facet normal 0.8314695592726236 -0.5555703123844806 0
    outer loop
      vertex 102.81734133660794 58.15649542957544 6.6
      vertex 102.84641016423703 58.19999999552965 6.55
      vertex 102.84641016423703 58.19999999552965 6.6
    endloop
  endfacet
  facet normal 0.8968727555004397 -0.4422886618952023 0
    outer loop
      vertex 102.84641016423703 58.19999999552965 6.55
      vertex 102.86955181658269 58.24692662805319 6.55
      vertex 102.84641016423703 58.19999999552965 6.6
    endloop
  endfacet
  facet normal 0.9469301288966354 -0.3214394670661981 0
    outer loop
      vertex 102.86955181658269 58.24692662805319 6.55
      vertex 102.88637033253909 58.29647237807512 6.55
      vertex 102.86955181658269 58.24692662805319 6.6
    endloop
  endfacet
  facet normal 0.8968727555004397 -0.4422886618952023 0
    outer loop
      vertex 102.84641016423703 58.19999999552965 6.6
      vertex 102.86955181658269 58.24692662805319 6.55
      vertex 102.86955181658269 58.24692662805319 6.6
    endloop
  endfacet
  facet normal 0.9469301288966354 -0.3214394670661981 0
    outer loop
      vertex 102.86955181658269 58.24692662805319 6.6
      vertex 102.88637033253909 58.29647237807512 6.55
      vertex 102.88637033253909 58.29647237807512 6.6
    endloop
  endfacet
  facet normal 0.9807852734670756 -0.19509035688653095 0
    outer loop
      vertex 102.88637033253909 58.29647237807512 6.55
      vertex 102.89657794833184 58.34778951853514 6.55
      vertex 102.88637033253909 58.29647237807512 6.6
    endloop
  endfacet
  facet normal 0.9978589282087155 -0.06540305340084454 0
    outer loop
      vertex 102.89657794833184 58.34778951853514 6.55
      vertex 102.9 58.399999998509884 6.55
      vertex 102.89657794833184 58.34778951853514 6.6
    endloop
  endfacet
  facet normal 0.9807852734670756 -0.19509035688653095 0
    outer loop
      vertex 102.89657794833184 58.34778951853514 6.55
      vertex 102.89657794833184 58.34778951853514 6.6
      vertex 102.88637033253909 58.29647237807512 6.6
    endloop
  endfacet
  facet normal 0.9978589282087155 -0.06540305340084454 0
    outer loop
      vertex 102.9 58.399999998509884 6.55
      vertex 102.9 58.399999998509884 6.6
      vertex 102.89657794833184 58.34778951853514 6.6
    endloop
  endfacet
  facet normal 1 0 0
    outer loop
      vertex 102.9 58.399999998509884 6.55
      vertex 102.9 60.399999998509884 6.55
      vertex 102.9 58.399999998509884 6.6
    endloop
  endfacet
  facet normal 1 0 0
    outer loop
      vertex 102.9 58.399999998509884 6.6
      vertex 102.9 60.399999998509884 6.55
      vertex 102.9 58.799999995529646 6.6
    endloop
  endfacet
  facet normal 0.19509035688653095 0.9807852734670756 0
    outer loop
      vertex 102.55221048146487 60.7965779453516 6.55
      vertex 102.60352762192488 60.78637032955885 7.949999999999999
      vertex 102.60352762192488 60.78637032955885 6.55
    endloop
  endfacet
  facet normal 0.3214394670661981 0.9469301288966354 0
    outer loop
      vertex 102.60352762192488 60.78637032955885 6.55
      vertex 102.65307337194682 60.76955181360245 7.949999999999999
      vertex 102.65307337194682 60.76955181360245 6.55
    endloop
  endfacet
  facet normal 0.44228866189520233 0.8968727555004398 0
    outer loop
      vertex 102.65307337194682 60.76955181360245 6.55
      vertex 102.70000000447035 60.74641016125679 7.949999999999999
      vertex 102.70000000447035 60.74641016125679 6.55
    endloop
  endfacet
  facet normal 0.5555703123844805 0.8314695592726233 0
    outer loop
      vertex 102.70000000447035 60.74641016125679 6.55
      vertex 102.74350457042456 60.7173413336277 7.949999999999999
      vertex 102.74350457042456 60.7173413336277 6.55
    endloop
  endfacet
  facet normal 0.6593458167485153 0.7518398060333286 0
    outer loop
      vertex 102.74350457042456 60.7173413336277 6.55
      vertex 102.78284271210433 60.68284270912409 7.949999999999999
      vertex 102.78284271210433 60.68284270912409 6.55
    endloop
  endfacet
  facet normal 0.7518398060333286 0.6593458167485153 0
    outer loop
      vertex 102.78284271210433 60.68284270912409 6.55
      vertex 102.81734133660794 60.643504567444324 7.949999999999999
      vertex 102.81734133660794 60.643504567444324 6.55
    endloop
  endfacet
  facet normal 1 0 0
    outer loop
      vertex 102.9 58.799999995529646 6.6
      vertex 102.9 58.8 7.799999997019768
      vertex 102.9 58.799999995529646 7.799999997019768
    endloop
  endfacet
  facet normal 1 0 0
    outer loop
      vertex 102.9 58.799999995529646 6.6
      vertex 102.9 60.399999998509884 7.949999999999999
      vertex 102.9 58.8 7.799999997019768
    endloop
  endfacet
  facet normal 1 0 0
    outer loop
      vertex 102.9 58.799999995529646 6.6
      vertex 102.9 60.399999998509884 6.55
      vertex 102.9 60.399999998509884 7.949999999999999
    endloop
  endfacet
  facet normal 0.9469301288966354 0.3214394670661981 0
    outer loop
      vertex 102.86955181658269 60.55307336896658 6.55
      vertex 102.88637033253909 60.503527618944645 7.949999999999999
      vertex 102.88637033253909 60.503527618944645 6.55
    endloop
  endfacet
  facet normal 0.8314695592726233 0.5555703123844805 0
    outer loop
      vertex 102.81734133660794 60.643504567444324 6.55
      vertex 102.84641016423703 60.600000001490116 7.949999999999999
      vertex 102.84641016423703 60.600000001490116 6.55
    endloop
  endfacet
  facet normal 0.8968727555004398 0.44228866189520233 0
    outer loop
      vertex 102.84641016423703 60.600000001490116 6.55
      vertex 102.86955181658269 60.55307336896658 7.949999999999999
      vertex 102.86955181658269 60.55307336896658 6.55
    endloop
  endfacet
  facet normal 0.9978589282087155 0.06540305340084454 0
    outer loop
      vertex 102.9 60.399999998509884 6.55
      vertex 102.89657794833184 60.45221047848463 6.55
      vertex 102.9 60.399999998509884 7.949999999999999
    endloop
  endfacet
  facet normal 0.9807852734670756 0.19509035688653095 0
    outer loop
      vertex 102.89657794833184 60.45221047848463 6.55
      vertex 102.88637033253909 60.503527618944645 6.55
      vertex 102.89657794833184 60.45221047848463 7.949999999999999
    endloop
  endfacet
  facet normal 0.19509035688653095 0.9807852734670756 0
    outer loop
      vertex 102.55221048146487 60.7965779453516 6.55
      vertex 102.55221048146487 60.7965779453516 7.949999999999999
      vertex 102.60352762192488 60.78637032955885 7.949999999999999
    endloop
  endfacet
  facet normal 0.3214394670661981 0.9469301288966354 0
    outer loop
      vertex 102.60352762192488 60.78637032955885 6.55
      vertex 102.60352762192488 60.78637032955885 7.949999999999999
      vertex 102.65307337194682 60.76955181360245 7.949999999999999
    endloop
  endfacet
  facet normal 0.44228866189520233 0.8968727555004398 0
    outer loop
      vertex 102.65307337194682 60.76955181360245 6.55
      vertex 102.65307337194682 60.76955181360245 7.949999999999999
      vertex 102.70000000447035 60.74641016125679 7.949999999999999
    endloop
  endfacet
  facet normal 0.5555703123844805 0.8314695592726233 0
    outer loop
      vertex 102.70000000447035 60.74641016125679 6.55
      vertex 102.70000000447035 60.74641016125679 7.949999999999999
      vertex 102.74350457042456 60.7173413336277 7.949999999999999
    endloop
  endfacet
  facet normal 0.6593458167485153 0.7518398060333286 0
    outer loop
      vertex 102.74350457042456 60.7173413336277 6.55
      vertex 102.74350457042456 60.7173413336277 7.949999999999999
      vertex 102.78284271210433 60.68284270912409 7.949999999999999
    endloop
  endfacet
  facet normal 0.7518398060333286 0.6593458167485153 0
    outer loop
      vertex 102.78284271210433 60.68284270912409 6.55
      vertex 102.78284271210433 60.68284270912409 7.949999999999999
      vertex 102.81734133660794 60.643504567444324 7.949999999999999
    endloop
  endfacet
  facet normal 1 0 0
    outer loop
      vertex 102.9 58.8 7.799999997019768
      vertex 102.9 60.399999998509884 7.949999999999999
      vertex 102.9 58.8 7.949999999999999
    endloop
  endfacet
  facet normal 0.8314695592726233 0.5555703123844805 0
    outer loop
      vertex 102.81734133660794 60.643504567444324 6.55
      vertex 102.81734133660794 60.643504567444324 7.949999999999999
      vertex 102.84641016423703 60.600000001490116 7.949999999999999
    endloop
  endfacet
  facet normal 0.8968727555004398 0.44228866189520233 0
    outer loop
      vertex 102.84641016423703 60.600000001490116 6.55
      vertex 102.84641016423703 60.600000001490116 7.949999999999999
      vertex 102.86955181658269 60.55307336896658 7.949999999999999
    endloop
  endfacet
  facet normal 0.9469301288966354 0.3214394670661981 0
    outer loop
      vertex 102.86955181658269 60.55307336896658 6.55
      vertex 102.86955181658269 60.55307336896658 7.949999999999999
      vertex 102.88637033253909 60.503527618944645 7.949999999999999
    endloop
  endfacet
  facet normal 0.9978589282087155 0.06540305340084454 0
    outer loop
      vertex 102.89657794833184 60.45221047848463 6.55
      vertex 102.89657794833184 60.45221047848463 7.949999999999999
      vertex 102.9 60.399999998509884 7.949999999999999
    endloop
  endfacet
  facet normal 0.9807852734670756 0.19509035688653095 0
    outer loop
      vertex 102.88637033253909 60.503527618944645 6.55
      vertex 102.88637033253909 60.503527618944645 7.949999999999999
      vertex 102.89657794833184 60.45221047848463 7.949999999999999
    endloop
  endfacet
  facet normal 0 0 1
    outer loop
      vertex 102.9 58.8 7.949999999999999
      vertex 102.89657794833184 60.45221047848463 7.949999999999999
      vertex 102.88637033253909 60.503527618944645 7.949999999999999
    endloop
  endfacet
  facet normal 0 0 1
    outer loop
      vertex 102.9 58.8 7.949999999999999
      vertex 102.9 60.399999998509884 7.949999999999999
      vertex 102.89657794833184 60.45221047848463 7.949999999999999
    endloop
  endfacet
  facet normal -1 0 0
    outer loop
      vertex 101.14999999999999 46.599999997019765 6.6
      vertex 101.14999999999999 46.69999999850988 7.799999997019768
      vertex 101.14999999999999 46.69999999850988 6.6
    endloop
  endfacet
  facet normal -0.9978589282087154 0.06540305340084454 0
    outer loop
      vertex 101.14999999999999 46.69999999850988 6.6
      vertex 101.15256653875112 46.73915785849094 7.799999997019768
      vertex 101.15256653875112 46.73915785849094 6.6
    endloop
  endfacet
  facet normal -0.9807852789361389 0.19509032939169527 0
    outer loop
      vertex 101.15256653875112 46.73915785849094 6.6
      vertex 101.16022224873304 46.77764571011066 7.799999997019768
      vertex 101.16022224873304 46.77764571011066 6.6
    endloop
  endfacet
  facet normal -0.946930153152931 0.3214393956094469 0
    outer loop
      vertex 101.16022224873304 46.77764571011066 6.6
      vertex 101.17283613383769 46.8148050263524 7.799999997019768
      vertex 101.17283613383769 46.8148050263524 6.6
    endloop
  endfacet
  facet normal -0.8968727369300094 0.4422886995523108 0
    outer loop
      vertex 101.17283613383769 46.8148050263524 6.6
      vertex 101.19019237309693 46.849999997019765 7.799999997019768
      vertex 101.19019237309693 46.849999997019765 6.6
    endloop
  endfacet
  facet normal -0.831469617875418 0.5555702246792088 0
    outer loop
      vertex 101.19019237309693 46.849999997019765 6.6
      vertex 101.21199399381875 46.882628428936 7.799999997019768
      vertex 101.21199399381875 46.882628428936 6.6
    endloop
  endfacet
  facet normal -0.7518398295631654 0.6593457899178781 0
    outer loop
      vertex 101.21199399381875 46.882628428936 6.6
      vertex 101.23786796033382 46.912132035195825 7.799999997019768
      vertex 101.23786796033382 46.912132035195825 6.6
    endloop
  endfacet
  facet normal -0.6593457899178781 0.7518398295631654 0
    outer loop
      vertex 101.23786796033382 46.912132035195825 6.6
      vertex 101.26737156659364 46.93800600171089 7.799999997019768
      vertex 101.26737156659364 46.93800600171089 6.6
    endloop
  endfacet
  facet normal -0.5555702246792088 0.831469617875418 0
    outer loop
      vertex 101.26737156659364 46.93800600171089 6.6
      vertex 101.29999999850988 46.959807622432706 7.799999997019768
      vertex 101.29999999850988 46.959807622432706 6.6
    endloop
  endfacet
  facet normal -0.4422886995523108 0.8968727369300094 0
    outer loop
      vertex 101.29999999850988 46.959807622432706 6.6
      vertex 101.33519496917724 46.97716386169195 7.799999997019768
      vertex 101.33519496917724 46.97716386169195 6.6
    endloop
  endfacet
  facet normal -0.3214393956094469 0.946930153152931 0
    outer loop
      vertex 101.33519496917724 46.97716386169195 6.6
      vertex 101.37235428541898 46.989777746796605 7.799999997019768
      vertex 101.37235428541898 46.989777746796605 6.6
    endloop
  endfacet
  facet normal 0 0 -1
    outer loop
      vertex 101.37235428541898 46.989777746796605 6.6
      vertex 101.4108421370387 46.99743345677852 6.6
      vertex 101.44999999701976 46.99999999552965 6.6
    endloop
  endfacet
  facet normal -0.19509032939169527 0.9807852789361389 0
    outer loop
      vertex 101.37235428541898 46.989777746796605 6.6
      vertex 101.4108421370387 46.99743345677852 7.799999997019768
      vertex 101.4108421370387 46.99743345677852 6.6
    endloop
  endfacet
  facet normal -0.06540305340084454 0.9978589282087154 0
    outer loop
      vertex 101.4108421370387 46.99743345677852 6.6
      vertex 101.44999999701976 46.99999999552965 7.799999997019768
      vertex 101.44999999701976 46.99999999552965 6.6
    endloop
  endfacet
  facet normal -1 0 0
    outer loop
      vertex 101.14999999999999 46.599999997019765 6.6
      vertex 101.14999999999999 46.599999997019765 7.799999997019768
      vertex 101.14999999999999 46.69999999850988 7.799999997019768
    endloop
  endfacet
  facet normal -0.9978589282087154 0.06540305340084454 0
    outer loop
      vertex 101.14999999999999 46.69999999850988 6.6
      vertex 101.14999999999999 46.69999999850988 7.799999997019768
      vertex 101.15256653875112 46.73915785849094 7.799999997019768
    endloop
  endfacet
  facet normal -0.9807852789361389 0.19509032939169527 0
    outer loop
      vertex 101.15256653875112 46.73915785849094 6.6
      vertex 101.15256653875112 46.73915785849094 7.799999997019768
      vertex 101.16022224873304 46.77764571011066 7.799999997019768
    endloop
  endfacet
  facet normal -0.946930153152931 0.3214393956094469 0
    outer loop
      vertex 101.16022224873304 46.77764571011066 6.6
      vertex 101.16022224873304 46.77764571011066 7.799999997019768
      vertex 101.17283613383769 46.8148050263524 7.799999997019768
    endloop
  endfacet
  facet normal -0.8968727369300094 0.4422886995523108 0
    outer loop
      vertex 101.17283613383769 46.8148050263524 6.6
      vertex 101.17283613383769 46.8148050263524 7.799999997019768
      vertex 101.19019237309693 46.849999997019765 7.799999997019768
    endloop
  endfacet
  facet normal -0.831469617875418 0.5555702246792088 0
    outer loop
      vertex 101.19019237309693 46.849999997019765 6.6
      vertex 101.19019237309693 46.849999997019765 7.799999997019768
      vertex 101.21199399381875 46.882628428936 7.799999997019768
    endloop
  endfacet
  facet normal -0.7518398295631654 0.6593457899178781 0
    outer loop
      vertex 101.21199399381875 46.882628428936 6.6
      vertex 101.21199399381875 46.882628428936 7.799999997019768
      vertex 101.23786796033382 46.912132035195825 7.799999997019768
    endloop
  endfacet
  facet normal -0.6593457899178781 0.7518398295631654 0
    outer loop
      vertex 101.23786796033382 46.912132035195825 6.6
      vertex 101.23786796033382 46.912132035195825 7.799999997019768
      vertex 101.26737156659364 46.93800600171089 7.799999997019768
    endloop
  endfacet
  facet normal -0.5555702246792088 0.831469617875418 0
    outer loop
      vertex 101.26737156659364 46.93800600171089 6.6
      vertex 101.26737156659364 46.93800600171089 7.799999997019768
      vertex 101.29999999850988 46.959807622432706 7.799999997019768
    endloop
  endfacet
  facet normal -0.4422886995523108 0.8968727369300094 0
    outer loop
      vertex 101.29999999850988 46.959807622432706 6.6
      vertex 101.29999999850988 46.959807622432706 7.799999997019768
      vertex 101.33519496917724 46.97716386169195 7.799999997019768
    endloop
  endfacet
  facet normal -0.3214393956094469 0.946930153152931 0
    outer loop
      vertex 101.33519496917724 46.97716386169195 6.6
      vertex 101.33519496917724 46.97716386169195 7.799999997019768
      vertex 101.37235428541898 46.989777746796605 7.799999997019768
    endloop
  endfacet
  facet normal -0.19509032939169527 0.9807852789361389 0
    outer loop
      vertex 101.37235428541898 46.989777746796605 6.6
      vertex 101.37235428541898 46.989777746796605 7.799999997019768
      vertex 101.4108421370387 46.99743345677852 7.799999997019768
    endloop
  endfacet
  facet normal -0.06540305340084454 0.9978589282087154 0
    outer loop
      vertex 101.4108421370387 46.99743345677852 6.6
      vertex 101.4108421370387 46.99743345677852 7.799999997019768
      vertex 101.44999999701976 46.99999999552965 7.799999997019768
    endloop
  endfacet
  facet normal 0 0 -1
    outer loop
      vertex 101.14999999999999 46.599999997019765 6.6
      vertex 101.14999999999999 46.69999999850988 6.6
      vertex 102.50000000149012 46.599999997019765 6.6
    endloop
  endfacet
  facet normal 0 0 -1
    outer loop
      vertex 101.14999999999999 46.69999999850988 6.6
      vertex 101.15256653875112 46.73915785849094 6.6
      vertex 104.02716386467218 46.8148050263524 6.6
    endloop
  endfacet
  facet normal 0 0 -1
    outer loop
      vertex 101.15256653875112 46.73915785849094 6.6
      vertex 101.16022224873304 46.77764571011066 6.6
      vertex 104.00980762541293 46.849999997019765 6.6
    endloop
  endfacet
  facet normal 0 0 -1
    outer loop
      vertex 101.16022224873304 46.77764571011066 6.6
      vertex 101.17283613383769 46.8148050263524 6.6
      vertex 103.98800600469112 46.882628428936 6.6
    endloop
  endfacet
  facet normal 0 0 -1
    outer loop
      vertex 101.17283613383769 46.8148050263524 6.6
      vertex 101.19019237309693 46.849999997019765 6.6
      vertex 103.96213203817605 46.912132035195825 6.6
    endloop
  endfacet
  facet normal 0 0 -1
    outer loop
      vertex 101.19019237309693 46.849999997019765 6.6
      vertex 101.21199399381875 46.882628428936 6.6
      vertex 103.93262843191623 46.93800600171089 6.6
    endloop
  endfacet
  facet normal 0 0 -1
    outer loop
      vertex 101.21199399381875 46.882628428936 6.6
      vertex 101.23786796033382 46.912132035195825 6.6
      vertex 103.89999999999999 46.959807622432706 6.6
    endloop
  endfacet
  facet normal 0 0 -1
    outer loop
      vertex 101.23786796033382 46.912132035195825 6.6
      vertex 101.26737156659364 46.93800600171089 6.6
      vertex 103.86480502933263 46.97716386169195 6.6
    endloop
  endfacet
  facet normal 0 0 -1
    outer loop
      vertex 101.26737156659364 46.93800600171089 6.6
      vertex 101.29999999850988 46.959807622432706 6.6
      vertex 103.82764571309089 46.989777746796605 6.6
    endloop
  endfacet
  facet normal 0 0 -1
    outer loop
      vertex 101.29999999850988 46.959807622432706 6.6
      vertex 101.33519496917724 46.97716386169195 6.6
      vertex 103.78915786147117 46.99743345677852 6.6
    endloop
  endfacet
  facet normal 0 0 -1
    outer loop
      vertex 101.33519496917724 46.97716386169195 6.6
      vertex 101.37235428541898 46.989777746796605 6.6
      vertex 103.75000000149011 46.99999999552965 6.6
    endloop
  endfacet
  facet normal 0 0 -1
    outer loop
      vertex 101.37235428541898 46.989777746796605 6.6
      vertex 101.44999999701976 46.99999999552965 6.6
      vertex 103.75000000149011 46.99999999552965 6.6
    endloop
  endfacet
  facet normal 0 1 0
    outer loop
      vertex 101.44999999701976 46.99999999552965 6.6
      vertex 101.44999999701976 46.99999999552965 7.799999997019768
      vertex 103.75000000149011 46.99999999552965 7.799999997019768
    endloop
  endfacet
  facet normal 0 0 -1
    outer loop
      vertex 101.14999999999999 46.69999999850988 6.6
      vertex 104.03977774977683 46.77764571011066 6.6
      vertex 102.50000000149012 46.599999997019765 6.6
    endloop
  endfacet
  facet normal 0 0 -1
    outer loop
      vertex 101.29999999850988 46.959807622432706 6.6
      vertex 103.78915786147117 46.99743345677852 6.6
      vertex 103.82764571309089 46.989777746796605 6.6
    endloop
  endfacet
  facet normal 0 0 -1
    outer loop
      vertex 101.26737156659364 46.93800600171089 6.6
      vertex 103.82764571309089 46.989777746796605 6.6
      vertex 103.86480502933263 46.97716386169195 6.6
    endloop
  endfacet
  facet normal 0 0 -1
    outer loop
      vertex 101.23786796033382 46.912132035195825 6.6
      vertex 103.86480502933263 46.97716386169195 6.6
      vertex 103.89999999999999 46.959807622432706 6.6
    endloop
  endfacet
  facet normal 0 0 -1
    outer loop
      vertex 101.21199399381875 46.882628428936 6.6
      vertex 103.89999999999999 46.959807622432706 6.6
      vertex 103.93262843191623 46.93800600171089 6.6
    endloop
  endfacet
  facet normal 0 0 -1
    outer loop
      vertex 102.50000000149012 46.599999997019765 6.6
      vertex 104.03977774977683 46.77764571011066 6.6
      vertex 102.55221048146487 46.5965779453516 6.6
    endloop
  endfacet
  facet normal 0 0 -1
    outer loop
      vertex 102.55221048146487 46.5965779453516 6.6
      vertex 104.03977774977683 46.77764571011066 6.6
      vertex 102.60352762192488 46.58637032955885 6.6
    endloop
  endfacet
  facet normal 0 0 -1
    outer loop
      vertex 101.16022224873304 46.77764571011066 6.6
      vertex 103.98800600469112 46.882628428936 6.6
      vertex 104.00980762541293 46.849999997019765 6.6
    endloop
  endfacet
  facet normal 0 0 -1
    outer loop
      vertex 101.19019237309693 46.849999997019765 6.6
      vertex 103.93262843191623 46.93800600171089 6.6
      vertex 103.96213203817605 46.912132035195825 6.6
    endloop
  endfacet
  facet normal 0 0 -1
    outer loop
      vertex 101.17283613383769 46.8148050263524 6.6
      vertex 103.96213203817605 46.912132035195825 6.6
      vertex 103.98800600469112 46.882628428936 6.6
    endloop
  endfacet
  facet normal 0 0 -1
    outer loop
      vertex 101.15256653875112 46.73915785849094 6.6
      vertex 104.00980762541293 46.849999997019765 6.6
      vertex 104.02716386467218 46.8148050263524 6.6
    endloop
  endfacet
  facet normal 0 0 -1
    outer loop
      vertex 101.14999999999999 46.69999999850988 6.6
      vertex 104.02716386467218 46.8148050263524 6.6
      vertex 104.03977774977683 46.77764571011066 6.6
    endloop
  endfacet
  facet normal 0 0 -1
    outer loop
      vertex 101.33519496917724 46.97716386169195 6.6
      vertex 103.75000000149011 46.99999999552965 6.6
      vertex 103.78915786147117 46.99743345677852 6.6
    endloop
  endfacet
  facet normal 0 1 0
    outer loop
      vertex 101.44999999701976 46.99999999552965 6.6
      vertex 103.75000000149011 46.99999999552965 7.799999997019768
      vertex 103.75000000149011 46.99999999552965 6.6
    endloop
  endfacet
  facet normal 0 -1 0
    outer loop
      vertex 102.9 45.8 6.6
      vertex 103.75000000149011 45.8 6.6
      vertex 102.9 45.8 7.799999997019768
    endloop
  endfacet
  facet normal 0 0 -1
    outer loop
      vertex 102.9 45.8 6.6
      vertex 103.82764571309089 45.81022224873304 6.6
      vertex 103.75000000149011 45.8 6.6
    endloop
  endfacet
  facet normal 0 0 -1
    outer loop
      vertex 102.9 45.8 6.6
      vertex 103.86480502933263 45.8228361338377 6.6
      vertex 103.82764571309089 45.81022224873304 6.6
    endloop
  endfacet
  facet normal 0 0 -1
    outer loop
      vertex 102.9 45.8 6.6
      vertex 103.89999999999999 45.84019237309694 6.6
      vertex 103.86480502933263 45.8228361338377 6.6
    endloop
  endfacet
  facet normal 0 0 -1
    outer loop
      vertex 102.9 45.8 6.6
      vertex 103.93262843191623 45.86199399381876 6.6
      vertex 103.89999999999999 45.84019237309694 6.6
    endloop
  endfacet
  facet normal 0 0 -1
    outer loop
      vertex 102.9 45.8 6.6
      vertex 103.96213203817605 45.88786796033382 6.6
      vertex 103.93262843191623 45.86199399381876 6.6
    endloop
  endfacet
  facet normal 0 0 -1
    outer loop
      vertex 102.9 45.8 6.6
      vertex 103.98800600469112 45.917371566593644 6.6
      vertex 103.96213203817605 45.88786796033382 6.6
    endloop
  endfacet
  facet normal 0 -1 0
    outer loop
      vertex 102.9 45.8 7.799999997019768
      vertex 103.75000000149011 45.8 6.6
      vertex 103.75000000149011 45.8 7.799999997019768
    endloop
  endfacet
  facet normal 0 0 -1
    outer loop
      vertex 102.60352762192488 46.58637032955885 6.6
      vertex 104.03977774977683 46.77764571011066 6.6
      vertex 102.65307337194682 46.569551813602445 6.6
    endloop
  endfacet
  facet normal 0 0 -1
    outer loop
      vertex 102.65307337194682 46.569551813602445 6.6
      vertex 104.03977774977683 46.77764571011066 6.6
      vertex 102.70000000447035 46.54641016125679 6.6
    endloop
  endfacet
  facet normal 0 0 -1
    outer loop
      vertex 102.70000000447035 46.54641016125679 6.6
      vertex 104.03977774977683 46.77764571011066 6.6
      vertex 102.74350457042456 46.5173413336277 6.6
    endloop
  endfacet
  facet normal 0 0 -1
    outer loop
      vertex 102.81734133660794 46.44350456744432 6.6
      vertex 102.78284271210433 46.482842709124085 6.6
      vertex 104.03977774977683 46.77764571011066 6.6
    endloop
  endfacet
  facet normal 0 0 -1
    outer loop
      vertex 102.74350457042456 46.5173413336277 6.6
      vertex 104.03977774977683 46.77764571011066 6.6
      vertex 102.78284271210433 46.482842709124085 6.6
    endloop
  endfacet
  facet normal 0 0 -1
    outer loop
      vertex 102.9 45.8 6.6
      vertex 102.9 46.19999999850988 6.6
      vertex 104.04999999850988 46.099999997019765 6.6
    endloop
  endfacet
  facet normal 0 0 -1
    outer loop
      vertex 102.86955181658269 46.35307336896658 6.6
      vertex 104.04999999850988 46.69999999850988 6.6
      vertex 102.88637033253909 46.30352761894464 6.6
    endloop
  endfacet
  facet normal 0 0 -1
    outer loop
      vertex 102.9 46.19999999850988 6.6
      vertex 102.89657794833184 46.25221047848463 6.6
      vertex 104.04999999850988 46.69999999850988 6.6
    endloop
  endfacet
  facet normal 0 0 -1
    outer loop
      vertex 102.89657794833184 46.25221047848463 6.6
      vertex 102.88637033253909 46.30352761894464 6.6
      vertex 104.04999999850988 46.69999999850988 6.6
    endloop
  endfacet
  facet normal 0 0 -1
    outer loop
      vertex 102.81734133660794 46.44350456744432 6.6
      vertex 104.04743345975875 46.73915785849094 6.6
      vertex 102.84641016423703 46.40000000149011 6.6
    endloop
  endfacet
  facet normal 0 0 -1
    outer loop
      vertex 102.84641016423703 46.40000000149011 6.6
      vertex 104.04999999850988 46.69999999850988 6.6
      vertex 102.86955181658269 46.35307336896658 6.6
    endloop
  endfacet
  facet normal 0 0 -1
    outer loop
      vertex 102.9 45.8 6.6
      vertex 104.00980762541293 45.94999999850988 6.6
      vertex 103.98800600469112 45.917371566593644 6.6
    endloop
  endfacet
  facet normal 0 0 -1
    outer loop
      vertex 102.9 45.8 6.6
      vertex 104.02716386467218 45.98519496917724 6.6
      vertex 104.00980762541293 45.94999999850988 6.6
    endloop
  endfacet
  facet normal 0 0 -1
    outer loop
      vertex 103.75000000149011 45.8 6.6
      vertex 103.82764571309089 45.81022224873304 6.6
      vertex 103.78915786147117 45.80256653875112 6.6
    endloop
  endfacet
  facet normal 0.06540305340084454 -0.9978589282087154 0
    outer loop
      vertex 103.75000000149011 45.8 6.6
      vertex 103.78915786147117 45.80256653875112 6.6
      vertex 103.75000000149011 45.8 7.799999997019768
    endloop
  endfacet
  facet normal 0.19509032939169527 -0.9807852789361389 0
    outer loop
      vertex 103.78915786147117 45.80256653875112 6.6
      vertex 103.82764571309089 45.81022224873304 6.6
      vertex 103.78915786147117 45.80256653875112 7.799999997019768
    endloop
  endfacet
  facet normal 0.3214393956094469 -0.946930153152931 0
    outer loop
      vertex 103.82764571309089 45.81022224873304 6.6
      vertex 103.86480502933263 45.8228361338377 6.6
      vertex 103.82764571309089 45.81022224873304 7.799999997019768
    endloop
  endfacet
  facet normal 0.4422886995523108 -0.8968727369300094 0
    outer loop
      vertex 103.86480502933263 45.8228361338377 6.6
      vertex 103.89999999999999 45.84019237309694 6.6
      vertex 103.86480502933263 45.8228361338377 7.799999997019768
    endloop
  endfacet
  facet normal 0.5555702246792088 -0.831469617875418 0
    outer loop
      vertex 103.89999999999999 45.84019237309694 6.6
      vertex 103.93262843191623 45.86199399381876 6.6
      vertex 103.89999999999999 45.84019237309694 7.799999997019768
    endloop
  endfacet
  facet normal 0.6593457899178781 -0.7518398295631654 0
    outer loop
      vertex 103.93262843191623 45.86199399381876 6.6
      vertex 103.96213203817605 45.88786796033382 6.6
      vertex 103.93262843191623 45.86199399381876 7.799999997019768
    endloop
  endfacet
  facet normal 0.7518398295631654 -0.6593457899178781 0
    outer loop
      vertex 103.96213203817605 45.88786796033382 6.6
      vertex 103.98800600469112 45.917371566593644 6.6
      vertex 103.96213203817605 45.88786796033382 7.799999997019768
    endloop
  endfacet
  facet normal 0.06540305340084454 -0.9978589282087154 0
    outer loop
      vertex 103.78915786147117 45.80256653875112 6.6
      vertex 103.78915786147117 45.80256653875112 7.799999997019768
      vertex 103.75000000149011 45.8 7.799999997019768
    endloop
  endfacet
  facet normal 0.19509032939169527 -0.9807852789361389 0
    outer loop
      vertex 103.82764571309089 45.81022224873304 6.6
      vertex 103.82764571309089 45.81022224873304 7.799999997019768
      vertex 103.78915786147117 45.80256653875112 7.799999997019768
    endloop
  endfacet
  facet normal 0.3214393956094469 -0.946930153152931 0
    outer loop
      vertex 103.86480502933263 45.8228361338377 6.6
      vertex 103.86480502933263 45.8228361338377 7.799999997019768
      vertex 103.82764571309089 45.81022224873304 7.799999997019768
    endloop
  endfacet
  facet normal 0.4422886995523108 -0.8968727369300094 0
    outer loop
      vertex 103.89999999999999 45.84019237309694 6.6
      vertex 103.89999999999999 45.84019237309694 7.799999997019768
      vertex 103.86480502933263 45.8228361338377 7.799999997019768
    endloop
  endfacet
  facet normal 0.5555702246792088 -0.831469617875418 0
    outer loop
      vertex 103.93262843191623 45.86199399381876 6.6
      vertex 103.93262843191623 45.86199399381876 7.799999997019768
      vertex 103.89999999999999 45.84019237309694 7.799999997019768
    endloop
  endfacet
  facet normal 0.6593457899178781 -0.7518398295631654 0
    outer loop
      vertex 103.96213203817605 45.88786796033382 6.6
      vertex 103.96213203817605 45.88786796033382 7.799999997019768
      vertex 103.93262843191623 45.86199399381876 7.799999997019768
    endloop
  endfacet
  facet normal 0.7518398295631654 -0.6593457899178781 0
    outer loop
      vertex 103.98800600469112 45.917371566593644 6.6
      vertex 103.98800600469112 45.917371566593644 7.799999997019768
      vertex 103.96213203817605 45.88786796033382 7.799999997019768
    endloop
  endfacet
  facet normal 0 0 -1
    outer loop
      vertex 102.9 45.8 6.6
      vertex 104.03977774977683 46.022354285418984 6.6
      vertex 104.02716386467218 45.98519496917724 6.6
    endloop
  endfacet
  facet normal 0 0 -1
    outer loop
      vertex 102.9 45.8 6.6
      vertex 104.04743345975875 46.060842137038705 6.6
      vertex 104.03977774977683 46.022354285418984 6.6
    endloop
  endfacet
  facet normal 0 0 -1
    outer loop
      vertex 102.9 45.8 6.6
      vertex 104.04999999850988 46.099999997019765 6.6
      vertex 104.04743345975875 46.060842137038705 6.6
    endloop
  endfacet
  facet normal 0 0 -1
    outer loop
      vertex 102.9 46.19999999850988 6.6
      vertex 104.04999999850988 46.69999999850988 6.6
      vertex 104.04999999850988 46.099999997019765 6.6
    endloop
  endfacet
  facet normal 0 0 -1
    outer loop
      vertex 102.81734133660794 46.44350456744432 6.6
      vertex 104.03977774977683 46.77764571011066 6.6
      vertex 104.04743345975875 46.73915785849094 6.6
    endloop
  endfacet
  facet normal 0 0 -1
    outer loop
      vertex 102.84641016423703 46.40000000149011 6.6
      vertex 104.04743345975875 46.73915785849094 6.6
      vertex 104.04999999850988 46.69999999850988 6.6
    endloop
  endfacet
  facet normal 0.3214393956094469 0.946930153152931 0
    outer loop
      vertex 103.86480502933263 46.97716386169195 6.6
      vertex 103.82764571309089 46.989777746796605 6.6
      vertex 103.86480502933263 46.97716386169195 7.799999997019768
    endloop
  endfacet
  facet normal 0.4422886995523108 0.8968727369300094 0
    outer loop
      vertex 103.86480502933263 46.97716386169195 6.6
      vertex 103.89999999999999 46.959807622432706 7.799999997019768
      vertex 103.89999999999999 46.959807622432706 6.6
    endloop
  endfacet
  facet normal 0.06540305340084454 0.9978589282087154 0
    outer loop
      vertex 103.75000000149011 46.99999999552965 6.6
      vertex 103.78915786147117 46.99743345677852 7.799999997019768
      vertex 103.78915786147117 46.99743345677852 6.6
    endloop
  endfacet
  facet normal 0.19509032939169527 0.9807852789361389 0
    outer loop
      vertex 103.78915786147117 46.99743345677852 6.6
      vertex 103.82764571309089 46.989777746796605 7.799999997019768
      vertex 103.82764571309089 46.989777746796605 6.6
    endloop
  endfacet
  facet normal 0.831469617875418 -0.5555702246792088 0
    outer loop
      vertex 103.98800600469112 45.917371566593644 6.6
      vertex 104.00980762541293 45.94999999850988 6.6
      vertex 103.98800600469112 45.917371566593644 7.799999997019768
    endloop
  endfacet
  facet normal 0.8968727369300094 -0.4422886995523108 0
    outer loop
      vertex 104.00980762541293 45.94999999850988 6.6
      vertex 104.02716386467218 45.98519496917724 6.6
      vertex 104.00980762541293 45.94999999850988 7.799999997019768
    endloop
  endfacet
  facet normal 0.5555702246792088 0.831469617875418 0
    outer loop
      vertex 103.89999999999999 46.959807622432706 6.6
      vertex 103.93262843191623 46.93800600171089 7.799999997019768
      vertex 103.93262843191623 46.93800600171089 6.6
    endloop
  endfacet
  facet normal 0.6593457899178781 0.7518398295631654 0
    outer loop
      vertex 103.93262843191623 46.93800600171089 6.6
      vertex 103.96213203817605 46.912132035195825 7.799999997019768
      vertex 103.96213203817605 46.912132035195825 6.6
    endloop
  endfacet
  facet normal 0.7518398295631654 0.6593457899178781 0
    outer loop
      vertex 103.96213203817605 46.912132035195825 6.6
      vertex 103.98800600469112 46.882628428936 7.799999997019768
      vertex 103.98800600469112 46.882628428936 6.6
    endloop
  endfacet
  facet normal 0.8968727369300094 0.4422886995523108 0
    outer loop
      vertex 104.00980762541293 46.849999997019765 6.6
      vertex 104.02716386467218 46.8148050263524 7.799999997019768
      vertex 104.02716386467218 46.8148050263524 6.6
    endloop
  endfacet
  facet normal 0.831469617875418 0.5555702246792088 0
    outer loop
      vertex 103.98800600469112 46.882628428936 6.6
      vertex 104.00980762541293 46.849999997019765 7.799999997019768
      vertex 104.00980762541293 46.849999997019765 6.6
    endloop
  endfacet
  facet normal 0.946930153152931 -0.3214393956094469 0
    outer loop
      vertex 104.02716386467218 45.98519496917724 6.6
      vertex 104.03977774977683 46.022354285418984 6.6
      vertex 104.02716386467218 45.98519496917724 7.799999997019768
    endloop
  endfacet
  facet normal 0.9807852789361389 -0.19509032939169527 0
    outer loop
      vertex 104.03977774977683 46.022354285418984 6.6
      vertex 104.04743345975875 46.060842137038705 6.6
      vertex 104.03977774977683 46.022354285418984 7.799999997019768
    endloop
  endfacet
  facet normal 0.9978589282087154 -0.06540305340084454 0
    outer loop
      vertex 104.04743345975875 46.060842137038705 6.6
      vertex 104.04999999850988 46.099999997019765 6.6
      vertex 104.04743345975875 46.060842137038705 7.799999997019768
    endloop
  endfacet
  facet normal 1 0 0
    outer loop
      vertex 104.04999999850988 46.099999997019765 6.6
      vertex 104.04999999850988 46.69999999850988 6.6
      vertex 104.04999999850988 46.099999997019765 7.799999997019768
    endloop
  endfacet
  facet normal 0.9978589282087154 0.06540305340084454 0
    outer loop
      vertex 104.04999999850988 46.69999999850988 6.6
      vertex 104.04743345975875 46.73915785849094 6.6
      vertex 104.04999999850988 46.69999999850988 7.799999997019768
    endloop
  endfacet
  facet normal 0.9807852789361389 0.19509032939169527 0
    outer loop
      vertex 104.03977774977683 46.77764571011066 6.6
      vertex 104.04743345975875 46.73915785849094 7.799999997019768
      vertex 104.04743345975875 46.73915785849094 6.6
    endloop
  endfacet
  facet normal 0.946930153152931 0.3214393956094469 0
    outer loop
      vertex 104.02716386467218 46.8148050263524 6.6
      vertex 104.03977774977683 46.77764571011066 7.799999997019768
      vertex 104.03977774977683 46.77764571011066 6.6
    endloop
  endfacet
  facet normal 0.3214393956094469 0.946930153152931 0
    outer loop
      vertex 103.82764571309089 46.989777746796605 6.6
      vertex 103.82764571309089 46.989777746796605 7.799999997019768
      vertex 103.86480502933263 46.97716386169195 7.799999997019768
    endloop
  endfacet
  facet normal 0.4422886995523108 0.8968727369300094 0
    outer loop
      vertex 103.86480502933263 46.97716386169195 6.6
      vertex 103.86480502933263 46.97716386169195 7.799999997019768
      vertex 103.89999999999999 46.959807622432706 7.799999997019768
    endloop
  endfacet
  facet normal 0.06540305340084454 0.9978589282087154 0
    outer loop
      vertex 103.75000000149011 46.99999999552965 6.6
      vertex 103.75000000149011 46.99999999552965 7.799999997019768
      vertex 103.78915786147117 46.99743345677852 7.799999997019768
    endloop
  endfacet
  facet normal 0.19509032939169527 0.9807852789361389 0
    outer loop
      vertex 103.78915786147117 46.99743345677852 6.6
      vertex 103.78915786147117 46.99743345677852 7.799999997019768
      vertex 103.82764571309089 46.989777746796605 7.799999997019768
    endloop
  endfacet
  facet normal 0.831469617875418 -0.5555702246792088 0
    outer loop
      vertex 104.00980762541293 45.94999999850988 6.6
      vertex 104.00980762541293 45.94999999850988 7.799999997019768
      vertex 103.98800600469112 45.917371566593644 7.799999997019768
    endloop
  endfacet
  facet normal 0.8968727369300094 -0.4422886995523108 0
    outer loop
      vertex 104.02716386467218 45.98519496917724 6.6
      vertex 104.02716386467218 45.98519496917724 7.799999997019768
      vertex 104.00980762541293 45.94999999850988 7.799999997019768
    endloop
  endfacet
  facet normal 0.5555702246792088 0.831469617875418 0
    outer loop
      vertex 103.89999999999999 46.959807622432706 6.6
      vertex 103.89999999999999 46.959807622432706 7.799999997019768
      vertex 103.93262843191623 46.93800600171089 7.799999997019768
    endloop
  endfacet
  facet normal 0.6593457899178781 0.7518398295631654 0
    outer loop
      vertex 103.93262843191623 46.93800600171089 6.6
      vertex 103.93262843191623 46.93800600171089 7.799999997019768
      vertex 103.96213203817605 46.912132035195825 7.799999997019768
    endloop
  endfacet
  facet normal 0.7518398295631654 0.6593457899178781 0
    outer loop
      vertex 103.96213203817605 46.912132035195825 6.6
      vertex 103.96213203817605 46.912132035195825 7.799999997019768
      vertex 103.98800600469112 46.882628428936 7.799999997019768
    endloop
  endfacet
  facet normal 0.8968727369300094 0.4422886995523108 0
    outer loop
      vertex 104.00980762541293 46.849999997019765 6.6
      vertex 104.00980762541293 46.849999997019765 7.799999997019768
      vertex 104.02716386467218 46.8148050263524 7.799999997019768
    endloop
  endfacet
  facet normal 0.831469617875418 0.5555702246792088 0
    outer loop
      vertex 103.98800600469112 46.882628428936 6.6
      vertex 103.98800600469112 46.882628428936 7.799999997019768
      vertex 104.00980762541293 46.849999997019765 7.799999997019768
    endloop
  endfacet
  facet normal 0.946930153152931 -0.3214393956094469 0
    outer loop
      vertex 104.03977774977683 46.022354285418984 6.6
      vertex 104.03977774977683 46.022354285418984 7.799999997019768
      vertex 104.02716386467218 45.98519496917724 7.799999997019768
    endloop
  endfacet
  facet normal 0.9807852789361389 -0.19509032939169527 0
    outer loop
      vertex 104.04743345975875 46.060842137038705 6.6
      vertex 104.04743345975875 46.060842137038705 7.799999997019768
      vertex 104.03977774977683 46.022354285418984 7.799999997019768
    endloop
  endfacet
  facet normal 0.9978589282087154 -0.06540305340084454 0
    outer loop
      vertex 104.04999999850988 46.099999997019765 6.6
      vertex 104.04999999850988 46.099999997019765 7.799999997019768
      vertex 104.04743345975875 46.060842137038705 7.799999997019768
    endloop
  endfacet
  facet normal 1 0 0
    outer loop
      vertex 104.04999999850988 46.69999999850988 6.6
      vertex 104.04999999850988 46.69999999850988 7.799999997019768
      vertex 104.04999999850988 46.099999997019765 7.799999997019768
    endloop
  endfacet
  facet normal 0.9807852789361389 0.19509032939169527 0
    outer loop
      vertex 104.03977774977683 46.77764571011066 6.6
      vertex 104.03977774977683 46.77764571011066 7.799999997019768
      vertex 104.04743345975875 46.73915785849094 7.799999997019768
    endloop
  endfacet
  facet normal 0.946930153152931 0.3214393956094469 0
    outer loop
      vertex 104.02716386467218 46.8148050263524 6.6
      vertex 104.02716386467218 46.8148050263524 7.799999997019768
      vertex 104.03977774977683 46.77764571011066 7.799999997019768
    endloop
  endfacet
  facet normal 0.9978589282087154 0.06540305340084454 0
    outer loop
      vertex 104.04743345975875 46.73915785849094 6.6
      vertex 104.04743345975875 46.73915785849094 7.799999997019768
      vertex 104.04999999850988 46.69999999850988 7.799999997019768
    endloop
  endfacet
  facet normal 0 0 -1
    outer loop
      vertex 101.15256653875112 57.8608421370387 6.6
      vertex 101.14999999999999 58 6.6
      vertex 101.16022224873304 57.82235428541898 6.6
    endloop
  endfacet
  facet normal 0 0 -1
    outer loop
      vertex 101.15256653875112 57.8608421370387 6.6
      vertex 101.14999999999999 57.89999999701976 6.6
      vertex 101.14999999999999 58 6.6
    endloop
  endfacet
  facet normal -0.9807852789361389 -0.19509032939169527 0
    outer loop
      vertex 101.15256653875112 57.8608421370387 6.6
      vertex 101.16022224873304 57.82235428541898 6.6
      vertex 101.15256653875112 57.8608421370387 7.799999997019768
    endloop
  endfacet
  facet normal -0.946930153152931 -0.3214393956094469 0
    outer loop
      vertex 101.16022224873304 57.82235428541898 6.6
      vertex 101.17283613383769 57.78519496917724 6.6
      vertex 101.16022224873304 57.82235428541898 7.799999997019768
    endloop
  endfacet
  facet normal -0.831469617875418 -0.5555702246792088 0
    outer loop
      vertex 101.19019237309693 57.74999999850988 6.6
      vertex 101.21199399381875 57.71737156659364 6.6
      vertex 101.19019237309693 57.74999999850988 7.799999997019768
    endloop
  endfacet
  facet normal -0.8968727369300094 -0.4422886995523108 0
    outer loop
      vertex 101.17283613383769 57.78519496917724 6.6
      vertex 101.19019237309693 57.74999999850988 6.6
      vertex 101.17283613383769 57.78519496917724 7.799999997019768
    endloop
  endfacet
  facet normal -0.9978589282087154 -0.06540305340084454 0
    outer loop
      vertex 101.15256653875112 57.8608421370387 6.6
      vertex 101.14999999999999 57.89999999701976 7.799999997019768
      vertex 101.14999999999999 57.89999999701976 6.6
    endloop
  endfacet
  facet normal -1 0 0
    outer loop
      vertex 101.14999999999999 57.89999999701976 6.6
      vertex 101.14999999999999 58 7.799999997019768
      vertex 101.14999999999999 58 6.6
    endloop
  endfacet
  facet normal -0.19509032939169527 -0.9807852789361389 0
    outer loop
      vertex 101.37235428541898 57.61022224873304 6.6
      vertex 101.4108421370387 57.60256653875112 6.6
      vertex 101.37235428541898 57.61022224873304 7.799999997019768
    endloop
  endfacet
  facet normal -0.06540305340084454 -0.9978589282087154 0
    outer loop
      vertex 101.4108421370387 57.60256653875112 6.6
      vertex 101.44999999701976 57.599999999999994 6.6
      vertex 101.4108421370387 57.60256653875112 7.799999997019768
    endloop
  endfacet
  facet normal -0.7518398295631654 -0.6593457899178781 0
    outer loop
      vertex 101.21199399381875 57.71737156659364 6.6
      vertex 101.23786796033382 57.68786796033382 6.6
      vertex 101.21199399381875 57.71737156659364 7.799999997019768
    endloop
  endfacet
  facet normal -0.6593457899178781 -0.7518398295631654 0
    outer loop
      vertex 101.23786796033382 57.68786796033382 6.6
      vertex 101.26737156659364 57.661993993818754 6.6
      vertex 101.23786796033382 57.68786796033382 7.799999997019768
    endloop
  endfacet
  facet normal -0.5555702246792088 -0.831469617875418 0
    outer loop
      vertex 101.26737156659364 57.661993993818754 6.6
      vertex 101.29999999850988 57.64019237309694 6.6
      vertex 101.26737156659364 57.661993993818754 7.799999997019768
    endloop
  endfacet
  facet normal -0.4422886995523108 -0.8968727369300094 0
    outer loop
      vertex 101.29999999850988 57.64019237309694 6.6
      vertex 101.33519496917724 57.622836133837694 6.6
      vertex 101.29999999850988 57.64019237309694 7.799999997019768
    endloop
  endfacet
  facet normal -0.3214393956094469 -0.946930153152931 0
    outer loop
      vertex 101.37235428541898 57.61022224873304 6.6
      vertex 101.33519496917724 57.622836133837694 7.799999997019768
      vertex 101.33519496917724 57.622836133837694 6.6
    endloop
  endfacet
  facet normal -0.9978589282087154 -0.06540305340084454 0
    outer loop
      vertex 101.15256653875112 57.8608421370387 6.6
      vertex 101.15256653875112 57.8608421370387 7.799999997019768
      vertex 101.14999999999999 57.89999999701976 7.799999997019768
    endloop
  endfacet
  facet normal -0.946930153152931 -0.3214393956094469 0
    outer loop
      vertex 101.17283613383769 57.78519496917724 6.6
      vertex 101.17283613383769 57.78519496917724 7.799999997019768
      vertex 101.16022224873304 57.82235428541898 7.799999997019768
    endloop
  endfacet
  facet normal -0.9807852789361389 -0.19509032939169527 0
    outer loop
      vertex 101.16022224873304 57.82235428541898 6.6
      vertex 101.16022224873304 57.82235428541898 7.799999997019768
      vertex 101.15256653875112 57.8608421370387 7.799999997019768
    endloop
  endfacet
  facet normal -0.831469617875418 -0.5555702246792088 0
    outer loop
      vertex 101.21199399381875 57.71737156659364 6.6
      vertex 101.21199399381875 57.71737156659364 7.799999997019768
      vertex 101.19019237309693 57.74999999850988 7.799999997019768
    endloop
  endfacet
  facet normal -0.8968727369300094 -0.4422886995523108 0
    outer loop
      vertex 101.19019237309693 57.74999999850988 6.6
      vertex 101.19019237309693 57.74999999850988 7.799999997019768
      vertex 101.17283613383769 57.78519496917724 7.799999997019768
    endloop
  endfacet
  facet normal -1 0 0
    outer loop
      vertex 101.14999999999999 57.89999999701976 6.6
      vertex 101.14999999999999 57.89999999701976 7.799999997019768
      vertex 101.14999999999999 58 7.799999997019768
    endloop
  endfacet
  facet normal -0.19509032939169527 -0.9807852789361389 0
    outer loop
      vertex 101.4108421370387 57.60256653875112 6.6
      vertex 101.4108421370387 57.60256653875112 7.799999997019768
      vertex 101.37235428541898 57.61022224873304 7.799999997019768
    endloop
  endfacet
  facet normal -0.06540305340084454 -0.9978589282087154 0
    outer loop
      vertex 101.44999999701976 57.599999999999994 6.6
      vertex 101.44999999701976 57.599999999999994 7.799999997019768
      vertex 101.4108421370387 57.60256653875112 7.799999997019768
    endloop
  endfacet
  facet normal -0.7518398295631654 -0.6593457899178781 0
    outer loop
      vertex 101.23786796033382 57.68786796033382 6.6
      vertex 101.23786796033382 57.68786796033382 7.799999997019768
      vertex 101.21199399381875 57.71737156659364 7.799999997019768
    endloop
  endfacet
  facet normal -0.6593457899178781 -0.7518398295631654 0
    outer loop
      vertex 101.26737156659364 57.661993993818754 6.6
      vertex 101.26737156659364 57.661993993818754 7.799999997019768
      vertex 101.23786796033382 57.68786796033382 7.799999997019768
    endloop
  endfacet
  facet normal -0.5555702246792088 -0.831469617875418 0
    outer loop
      vertex 101.29999999850988 57.64019237309694 6.6
      vertex 101.29999999850988 57.64019237309694 7.799999997019768
      vertex 101.26737156659364 57.661993993818754 7.799999997019768
    endloop
  endfacet
  facet normal -0.4422886995523108 -0.8968727369300094 0
    outer loop
      vertex 101.33519496917724 57.622836133837694 6.6
      vertex 101.33519496917724 57.622836133837694 7.799999997019768
      vertex 101.29999999850988 57.64019237309694 7.799999997019768
    endloop
  endfacet
  facet normal -0.3214393956094469 -0.946930153152931 0
    outer loop
      vertex 101.37235428541898 57.61022224873304 6.6
      vertex 101.37235428541898 57.61022224873304 7.799999997019768
      vertex 101.33519496917724 57.622836133837694 7.799999997019768
    endloop
  endfacet
  facet normal 0 -1 0
    outer loop
      vertex 101.44999999701976 57.599999999999994 6.6
      vertex 101.7 57.599999999999994 6.6
      vertex 101.7 57.599999999999994 7.799999997019768
    endloop
  endfacet
  facet normal 0 -1 0
    outer loop
      vertex 101.44999999701976 57.599999999999994 6.6
      vertex 101.7 57.599999999999994 7.799999997019768
      vertex 101.44999999701976 57.599999999999994 7.799999997019768
    endloop
  endfacet
  facet normal 0 0 -1
    outer loop
      vertex 101.4108421370387 57.60256653875112 6.6
      vertex 103.86480502933263 57.622836133837694 6.6
      vertex 101.44999999701976 57.599999999999994 6.6
    endloop
  endfacet
  facet normal 0 0 -1
    outer loop
      vertex 101.16022224873304 57.82235428541898 6.6
      vertex 104.04999999850988 57.89999999701976 6.6
      vertex 101.17283613383769 57.78519496917724 6.6
    endloop
  endfacet
  facet normal 0 0 -1
    outer loop
      vertex 101.17283613383769 57.78519496917724 6.6
      vertex 104.04743345975875 57.8608421370387 6.6
      vertex 101.19019237309693 57.74999999850988 6.6
    endloop
  endfacet
  facet normal 0 0 -1
    outer loop
      vertex 101.16022224873304 57.82235428541898 6.6
      vertex 101.14999999999999 58 6.6
      vertex 104.04999999850988 57.89999999701976 6.6
    endloop
  endfacet
  facet normal 0 0 -1
    outer loop
      vertex 101.21199399381875 57.71737156659364 6.6
      vertex 104.02716386467218 57.78519496917724 6.6
      vertex 101.23786796033382 57.68786796033382 6.6
    endloop
  endfacet
  facet normal 0 0 -1
    outer loop
      vertex 101.23786796033382 57.68786796033382 6.6
      vertex 104.00980762541293 57.74999999850988 6.6
      vertex 101.26737156659364 57.661993993818754 6.6
    endloop
  endfacet
  facet normal 0 0 -1
    outer loop
      vertex 101.19019237309693 57.74999999850988 6.6
      vertex 104.03977774977683 57.82235428541898 6.6
      vertex 101.21199399381875 57.71737156659364 6.6
    endloop
  endfacet
  facet normal 0 0 -1
    outer loop
      vertex 101.26737156659364 57.661993993818754 6.6
      vertex 103.98800600469112 57.71737156659364 6.6
      vertex 101.29999999850988 57.64019237309694 6.6
    endloop
  endfacet
  facet normal 0 0 -1
    outer loop
      vertex 101.29999999850988 57.64019237309694 6.6
      vertex 103.96213203817605 57.68786796033382 6.6
      vertex 101.33519496917724 57.622836133837694 6.6
    endloop
  endfacet
  facet normal 0 0 -1
    outer loop
      vertex 101.37235428541898 57.61022224873304 6.6
      vertex 101.33519496917724 57.622836133837694 6.6
      vertex 103.93262843191623 57.661993993818754 6.6
    endloop
  endfacet
  facet normal 0 0 -1
    outer loop
      vertex 101.37235428541898 57.61022224873304 6.6
      vertex 103.89999999999999 57.64019237309694 6.6
      vertex 101.4108421370387 57.60256653875112 6.6
    endloop
  endfacet
  facet normal 0 0 -1
    outer loop
      vertex 101.44999999701976 57.599999999999994 6.6
      vertex 103.82764571309089 57.61022224873304 6.6
      vertex 101.7 57.599999999999994 6.6
    endloop
  endfacet
  facet normal 0 0 -1
    outer loop
      vertex 101.14999999999999 58 6.6
      vertex 102.50000000149012 58 6.6
      vertex 104.04999999850988 57.89999999701976 6.6
    endloop
  endfacet
  facet normal 0 0 -1
    outer loop
      vertex 101.7 57.599999999999994 6.6
      vertex 103.82764571309089 57.61022224873304 6.6
      vertex 103.5 57.6 6.6
    endloop
  endfacet
  facet normal 0 0 -1
    outer loop
      vertex 101.44999999701976 57.599999999999994 6.6
      vertex 103.86480502933263 57.622836133837694 6.6
      vertex 103.82764571309089 57.61022224873304 6.6
    endloop
  endfacet
  facet normal 0 0 -1
    outer loop
      vertex 101.4108421370387 57.60256653875112 6.6
      vertex 103.89999999999999 57.64019237309694 6.6
      vertex 103.86480502933263 57.622836133837694 6.6
    endloop
  endfacet
  facet normal 0 0 -1
    outer loop
      vertex 101.37235428541898 57.61022224873304 6.6
      vertex 103.93262843191623 57.661993993818754 6.6
      vertex 103.89999999999999 57.64019237309694 6.6
    endloop
  endfacet
  facet normal 0 0 -1
    outer loop
      vertex 101.33519496917724 57.622836133837694 6.6
      vertex 103.96213203817605 57.68786796033382 6.6
      vertex 103.93262843191623 57.661993993818754 6.6
    endloop
  endfacet
  facet normal 0 0 -1
    outer loop
      vertex 101.29999999850988 57.64019237309694 6.6
      vertex 103.98800600469112 57.71737156659364 6.6
      vertex 103.96213203817605 57.68786796033382 6.6
    endloop
  endfacet
  facet normal 0 0 -1
    outer loop
      vertex 102.50000000149012 58 6.6
      vertex 102.55221048146487 58.00342205166817 6.6
      vertex 104.04999999850988 57.89999999701976 6.6
    endloop
  endfacet
  facet normal 0 0 -1
    outer loop
      vertex 102.55221048146487 58.00342205166817 6.6
      vertex 102.60352762192488 58.01362966746092 6.6
      vertex 104.04999999850988 57.89999999701976 6.6
    endloop
  endfacet
  facet normal 0 0 -1
    outer loop
      vertex 101.26737156659364 57.661993993818754 6.6
      vertex 104.00980762541293 57.74999999850988 6.6
      vertex 103.98800600469112 57.71737156659364 6.6
    endloop
  endfacet
  facet normal 0 0 -1
    outer loop
      vertex 101.23786796033382 57.68786796033382 6.6
      vertex 104.02716386467218 57.78519496917724 6.6
      vertex 104.00980762541293 57.74999999850988 6.6
    endloop
  endfacet
  facet normal 0 0 -1
    outer loop
      vertex 101.21199399381875 57.71737156659364 6.6
      vertex 104.03977774977683 57.82235428541898 6.6
      vertex 104.02716386467218 57.78519496917724 6.6
    endloop
  endfacet
  facet normal 0 0 -1
    outer loop
      vertex 101.19019237309693 57.74999999850988 6.6
      vertex 104.04743345975875 57.8608421370387 6.6
      vertex 104.03977774977683 57.82235428541898 6.6
    endloop
  endfacet
  facet normal 0 0 -1
    outer loop
      vertex 101.17283613383769 57.78519496917724 6.6
      vertex 104.04999999850988 57.89999999701976 6.6
      vertex 104.04743345975875 57.8608421370387 6.6
    endloop
  endfacet
  facet normal 0 0 -1
    outer loop
      vertex 102.60352762192488 58.01362966746092 6.6
      vertex 102.65307337194682 58.03044818341732 6.6
      vertex 104.04999999850988 57.89999999701976 6.6
    endloop
  endfacet
  facet normal 0 0 -1
    outer loop
      vertex 102.65307337194682 58.03044818341732 6.6
      vertex 102.70000000447035 58.05358983576298 6.6
      vertex 104.04999999850988 57.89999999701976 6.6
    endloop
  endfacet
  facet normal 0 0 -1
    outer loop
      vertex 102.70000000447035 58.05358983576298 6.6
      vertex 102.74350457042456 58.08265866339207 6.6
      vertex 104.04999999850988 57.89999999701976 6.6
    endloop
  endfacet
  facet normal 0 0 -1
    outer loop
      vertex 102.74350457042456 58.08265866339207 6.6
      vertex 102.78284271210433 58.11715728789568 6.6
      vertex 104.04999999850988 57.89999999701976 6.6
    endloop
  endfacet
  facet normal 0 0 -1
    outer loop
      vertex 102.78284271210433 58.11715728789568 6.6
      vertex 102.81734133660794 58.15649542957544 6.6
      vertex 104.04999999850988 57.89999999701976 6.6
    endloop
  endfacet
  facet normal 0 0 -1
    outer loop
      vertex 102.9 58.399999998509884 6.6
      vertex 102.9 58.799999995529646 6.6
      vertex 103.75000000149011 58.799999995529646 6.6
    endloop
  endfacet
  facet normal 0 0 -1
    outer loop
      vertex 102.81734133660794 58.15649542957544 6.6
      vertex 102.84641016423703 58.19999999552965 6.6
      vertex 104.04999999850988 57.89999999701976 6.6
    endloop
  endfacet
  facet normal 0 0 -1
    outer loop
      vertex 102.84641016423703 58.19999999552965 6.6
      vertex 102.86955181658269 58.24692662805319 6.6
      vertex 104.04999999850988 58.49999999850988 6.6
    endloop
  endfacet
  facet normal 0 0 -1
    outer loop
      vertex 102.86955181658269 58.24692662805319 6.6
      vertex 102.88637033253909 58.29647237807512 6.6
      vertex 104.04743345975875 58.53915785849094 6.6
    endloop
  endfacet
  facet normal 0 0 -1
    outer loop
      vertex 102.88637033253909 58.29647237807512 6.6
      vertex 102.89657794833184 58.34778951853514 6.6
      vertex 104.03977774977683 58.57764571011066 6.6
    endloop
  endfacet
  facet normal 0 0 -1
    outer loop
      vertex 102.89657794833184 58.34778951853514 6.6
      vertex 102.9 58.399999998509884 6.6
      vertex 104.03977774977683 58.57764571011066 6.6
    endloop
  endfacet
  facet normal 0 0 -1
    outer loop
      vertex 102.9 58.399999998509884 6.6
      vertex 103.75000000149011 58.799999995529646 6.6
      vertex 103.78915786147117 58.79743345677852 6.6
    endloop
  endfacet
  facet normal 0 0 -1
    outer loop
      vertex 102.9 58.399999998509884 6.6
      vertex 103.78915786147117 58.79743345677852 6.6
      vertex 103.82764571309089 58.7897777467966 6.6
    endloop
  endfacet
  facet normal 0 0 -1
    outer loop
      vertex 102.9 58.399999998509884 6.6
      vertex 103.82764571309089 58.7897777467966 6.6
      vertex 103.86480502933263 58.777163861691946 6.6
    endloop
  endfacet
  facet normal 0 0 -1
    outer loop
      vertex 102.9 58.399999998509884 6.6
      vertex 103.86480502933263 58.777163861691946 6.6
      vertex 103.89999999999999 58.7598076224327 6.6
    endloop
  endfacet
  facet normal 0 0 -1
    outer loop
      vertex 102.9 58.399999998509884 6.6
      vertex 103.89999999999999 58.7598076224327 6.6
      vertex 103.93262843191623 58.738006001710886 6.6
    endloop
  endfacet
  facet normal 0 0 -1
    outer loop
      vertex 102.9 58.399999998509884 6.6
      vertex 103.93262843191623 58.738006001710886 6.6
      vertex 103.96213203817605 58.71213203519582 6.6
    endloop
  endfacet
  facet normal 0 0 -1
    outer loop
      vertex 102.9 58.399999998509884 6.6
      vertex 103.96213203817605 58.71213203519582 6.6
      vertex 103.98800600469112 58.682628428936 6.6
    endloop
  endfacet
  facet normal 0 -1 -5.921189479372933e-15
    outer loop
      vertex 103.5 57.6 6.6
      vertex 103.75000000149011 57.599999999999994 7.799999997019768
      vertex 103.5 57.599999999999994 7.799999997019768
    endloop
  endfacet
  facet normal 0 1 0
    outer loop
      vertex 102.9 58.799999995529646 6.6
      vertex 103.75000000149011 58.799999995529646 7.799999997019768
      vertex 103.75000000149011 58.799999995529646 6.6
    endloop
  endfacet
  facet normal 0 1 0
    outer loop
      vertex 102.9 58.799999995529646 6.6
      vertex 102.9 58.799999995529646 7.799999997019768
      vertex 103.75000000149011 58.799999995529646 7.799999997019768
    endloop
  endfacet
  facet normal 0 0 -1
    outer loop
      vertex 103.5 57.6 6.6
      vertex 103.82764571309089 57.61022224873304 6.6
      vertex 103.75000000149011 57.599999999999994 6.6
    endloop
  endfacet
  facet normal 0 0 -1
    outer loop
      vertex 103.75000000149011 57.599999999999994 6.6
      vertex 103.82764571309089 57.61022224873304 6.6
      vertex 103.78915786147117 57.60256653875112 6.6
    endloop
  endfacet
  facet normal -2.842170926099839e-14 -1 0
    outer loop
      vertex 103.5 57.6 6.6
      vertex 103.75000000149011 57.599999999999994 6.6
      vertex 103.75000000149011 57.599999999999994 7.799999997019768
    endloop
  endfacet
  facet normal 0.06540305340084454 -0.9978589282087154 0
    outer loop
      vertex 103.75000000149011 57.599999999999994 6.6
      vertex 103.78915786147117 57.60256653875112 6.6
      vertex 103.75000000149011 57.599999999999994 7.799999997019768
    endloop
  endfacet
  facet normal 0.19509032939169527 -0.9807852789361389 0
    outer loop
      vertex 103.78915786147117 57.60256653875112 6.6
      vertex 103.82764571309089 57.61022224873304 6.6
      vertex 103.78915786147117 57.60256653875112 7.799999997019768
    endloop
  endfacet
  facet normal 0 0 -1
    outer loop
      vertex 102.84641016423703 58.19999999552965 6.6
      vertex 104.04999999850988 58.49999999850988 6.6
      vertex 104.04999999850988 57.89999999701976 6.6
    endloop
  endfacet
  facet normal 0 0 -1
    outer loop
      vertex 102.86955181658269 58.24692662805319 6.6
      vertex 104.04743345975875 58.53915785849094 6.6
      vertex 104.04999999850988 58.49999999850988 6.6
    endloop
  endfacet
  facet normal 0 0 -1
    outer loop
      vertex 102.88637033253909 58.29647237807512 6.6
      vertex 104.03977774977683 58.57764571011066 6.6
      vertex 104.04743345975875 58.53915785849094 6.6
    endloop
  endfacet
  facet normal 0 0 -1
    outer loop
      vertex 102.9 58.399999998509884 6.6
      vertex 104.02716386467218 58.6148050263524 6.6
      vertex 104.03977774977683 58.57764571011066 6.6
    endloop
  endfacet
  facet normal 0 0 -1
    outer loop
      vertex 102.9 58.399999998509884 6.6
      vertex 103.98800600469112 58.682628428936 6.6
      vertex 104.00980762541293 58.64999999701976 6.6
    endloop
  endfacet
  facet normal 0 0 -1
    outer loop
      vertex 102.9 58.399999998509884 6.6
      vertex 104.00980762541293 58.64999999701976 6.6
      vertex 104.02716386467218 58.6148050263524 6.6
    endloop
  endfacet
  facet normal 0.3214393956094469 -0.946930153152931 0
    outer loop
      vertex 103.82764571309089 57.61022224873304 6.6
      vertex 103.86480502933263 57.622836133837694 6.6
      vertex 103.82764571309089 57.61022224873304 7.799999997019768
    endloop
  endfacet
  facet normal 0.4422886995523108 -0.8968727369300094 0
    outer loop
      vertex 103.86480502933263 57.622836133837694 6.6
      vertex 103.89999999999999 57.64019237309694 6.6
      vertex 103.86480502933263 57.622836133837694 7.799999997019768
    endloop
  endfacet
  facet normal 0.5555702246792088 -0.831469617875418 0
    outer loop
      vertex 103.89999999999999 57.64019237309694 6.6
      vertex 103.93262843191623 57.661993993818754 6.6
      vertex 103.89999999999999 57.64019237309694 7.799999997019768
    endloop
  endfacet
  facet normal 0.6593457899178781 -0.7518398295631654 0
    outer loop
      vertex 103.93262843191623 57.661993993818754 6.6
      vertex 103.96213203817605 57.68786796033382 6.6
      vertex 103.93262843191623 57.661993993818754 7.799999997019768
    endloop
  endfacet
  facet normal 0.7518398295631654 -0.6593457899178781 0
    outer loop
      vertex 103.96213203817605 57.68786796033382 6.6
      vertex 103.98800600469112 57.71737156659364 6.6
      vertex 103.96213203817605 57.68786796033382 7.799999997019768
    endloop
  endfacet
  facet normal 0.831469617875418 -0.5555702246792088 0
    outer loop
      vertex 103.98800600469112 57.71737156659364 6.6
      vertex 104.00980762541293 57.74999999850988 6.6
      vertex 103.98800600469112 57.71737156659364 7.799999997019768
    endloop
  endfacet
  facet normal 0.8968727369300094 -0.4422886995523108 0
    outer loop
      vertex 104.00980762541293 57.74999999850988 6.6
      vertex 104.02716386467218 57.78519496917724 6.6
      vertex 104.00980762541293 57.74999999850988 7.799999997019768
    endloop
  endfacet
  facet normal 0.831469617875418 0.5555702246792088 0
    outer loop
      vertex 104.00980762541293 58.64999999701976 6.6
      vertex 103.98800600469112 58.682628428936 6.6
      vertex 104.00980762541293 58.64999999701976 7.799999997019768
    endloop
  endfacet
  facet normal 0.8968727369300094 0.4422886995523108 0
    outer loop
      vertex 104.00980762541293 58.64999999701976 6.6
      vertex 104.02716386467218 58.6148050263524 7.799999997019768
      vertex 104.02716386467218 58.6148050263524 6.6
    endloop
  endfacet
  facet normal 0.946930153152931 -0.3214393956094469 0
    outer loop
      vertex 104.02716386467218 57.78519496917724 6.6
      vertex 104.03977774977683 57.82235428541898 6.6
      vertex 104.02716386467218 57.78519496917724 7.799999997019768
    endloop
  endfacet
  facet normal 0.9807852789361389 -0.19509032939169527 0
    outer loop
      vertex 104.03977774977683 57.82235428541898 6.6
      vertex 104.04743345975875 57.8608421370387 6.6
      vertex 104.03977774977683 57.82235428541898 7.799999997019768
    endloop
  endfacet
  facet normal 0.9978589282087154 -0.06540305340084454 0
    outer loop
      vertex 104.04743345975875 57.8608421370387 6.6
      vertex 104.04999999850988 57.89999999701976 6.6
      vertex 104.04743345975875 57.8608421370387 7.799999997019768
    endloop
  endfacet
  facet normal 1 0 0
    outer loop
      vertex 104.04999999850988 57.89999999701976 6.6
      vertex 104.04999999850988 58.49999999850988 6.6
      vertex 104.04999999850988 57.89999999701976 7.799999997019768
    endloop
  endfacet
  facet normal 0.9978589282087154 0.06540305340084454 0
    outer loop
      vertex 104.04999999850988 58.49999999850988 6.6
      vertex 104.04743345975875 58.53915785849094 6.6
      vertex 104.04999999850988 58.49999999850988 7.799999997019768
    endloop
  endfacet
  facet normal 0.946930153152931 0.3214393956094469 0
    outer loop
      vertex 104.02716386467218 58.6148050263524 6.6
      vertex 104.03977774977683 58.57764571011066 7.799999997019768
      vertex 104.03977774977683 58.57764571011066 6.6
    endloop
  endfacet
  facet normal 0.9807852789361389 0.19509032939169527 0
    outer loop
      vertex 104.04743345975875 58.53915785849094 6.6
      vertex 104.03977774977683 58.57764571011066 6.6
      vertex 104.04743345975875 58.53915785849094 7.799999997019768
    endloop
  endfacet
  facet normal 0.06540305340084454 -0.9978589282087154 0
    outer loop
      vertex 103.78915786147117 57.60256653875112 6.6
      vertex 103.78915786147117 57.60256653875112 7.799999997019768
      vertex 103.75000000149011 57.599999999999994 7.799999997019768
    endloop
  endfacet
  facet normal 0.19509032939169527 -0.9807852789361389 0
    outer loop
      vertex 103.82764571309089 57.61022224873304 6.6
      vertex 103.82764571309089 57.61022224873304 7.799999997019768
      vertex 103.78915786147117 57.60256653875112 7.799999997019768
    endloop
  endfacet
  facet normal 0.3214393956094469 -0.946930153152931 0
    outer loop
      vertex 103.86480502933263 57.622836133837694 6.6
      vertex 103.86480502933263 57.622836133837694 7.799999997019768
      vertex 103.82764571309089 57.61022224873304 7.799999997019768
    endloop
  endfacet
  facet normal 0.4422886995523108 -0.8968727369300094 0
    outer loop
      vertex 103.89999999999999 57.64019237309694 6.6
      vertex 103.89999999999999 57.64019237309694 7.799999997019768
      vertex 103.86480502933263 57.622836133837694 7.799999997019768
    endloop
  endfacet
  facet normal 0.5555702246792088 -0.831469617875418 0
    outer loop
      vertex 103.93262843191623 57.661993993818754 6.6
      vertex 103.93262843191623 57.661993993818754 7.799999997019768
      vertex 103.89999999999999 57.64019237309694 7.799999997019768
    endloop
  endfacet
  facet normal 0.6593457899178781 -0.7518398295631654 0
    outer loop
      vertex 103.96213203817605 57.68786796033382 6.6
      vertex 103.96213203817605 57.68786796033382 7.799999997019768
      vertex 103.93262843191623 57.661993993818754 7.799999997019768
    endloop
  endfacet
  facet normal 0.7518398295631654 -0.6593457899178781 0
    outer loop
      vertex 103.98800600469112 57.71737156659364 6.6
      vertex 103.98800600469112 57.71737156659364 7.799999997019768
      vertex 103.96213203817605 57.68786796033382 7.799999997019768
    endloop
  endfacet
  facet normal 0.831469617875418 -0.5555702246792088 0
    outer loop
      vertex 104.00980762541293 57.74999999850988 6.6
      vertex 104.00980762541293 57.74999999850988 7.799999997019768
      vertex 103.98800600469112 57.71737156659364 7.799999997019768
    endloop
  endfacet
  facet normal 0.8968727369300094 -0.4422886995523108 0
    outer loop
      vertex 104.02716386467218 57.78519496917724 6.6
      vertex 104.02716386467218 57.78519496917724 7.799999997019768
      vertex 104.00980762541293 57.74999999850988 7.799999997019768
    endloop
  endfacet
  facet normal 0.831469617875418 0.5555702246792088 0
    outer loop
      vertex 103.98800600469112 58.682628428936 6.6
      vertex 103.98800600469112 58.682628428936 7.799999997019768
      vertex 104.00980762541293 58.64999999701976 7.799999997019768
    endloop
  endfacet
  facet normal 0.8968727369300094 0.4422886995523108 0
    outer loop
      vertex 104.00980762541293 58.64999999701976 6.6
      vertex 104.00980762541293 58.64999999701976 7.799999997019768
      vertex 104.02716386467218 58.6148050263524 7.799999997019768
    endloop
  endfacet
  facet normal 0.946930153152931 -0.3214393956094469 0
    outer loop
      vertex 104.03977774977683 57.82235428541898 6.6
      vertex 104.03977774977683 57.82235428541898 7.799999997019768
      vertex 104.02716386467218 57.78519496917724 7.799999997019768
    endloop
  endfacet
  facet normal 0.9807852789361389 -0.19509032939169527 0
    outer loop
      vertex 104.04743345975875 57.8608421370387 6.6
      vertex 104.04743345975875 57.8608421370387 7.799999997019768
      vertex 104.03977774977683 57.82235428541898 7.799999997019768
    endloop
  endfacet
  facet normal 0.9978589282087154 -0.06540305340084454 0
    outer loop
      vertex 104.04999999850988 57.89999999701976 6.6
      vertex 104.04999999850988 57.89999999701976 7.799999997019768
      vertex 104.04743345975875 57.8608421370387 7.799999997019768
    endloop
  endfacet
  facet normal 1 0 0
    outer loop
      vertex 104.04999999850988 58.49999999850988 6.6
      vertex 104.04999999850988 58.49999999850988 7.799999997019768
      vertex 104.04999999850988 57.89999999701976 7.799999997019768
    endloop
  endfacet
  facet normal 0.9978589282087154 0.06540305340084454 0
    outer loop
      vertex 104.04743345975875 58.53915785849094 6.6
      vertex 104.04743345975875 58.53915785849094 7.799999997019768
      vertex 104.04999999850988 58.49999999850988 7.799999997019768
    endloop
  endfacet
  facet normal 0.946930153152931 0.3214393956094469 0
    outer loop
      vertex 104.02716386467218 58.6148050263524 6.6
      vertex 104.02716386467218 58.6148050263524 7.799999997019768
      vertex 104.03977774977683 58.57764571011066 7.799999997019768
    endloop
  endfacet
  facet normal 0.9807852789361389 0.19509032939169527 0
    outer loop
      vertex 104.03977774977683 58.57764571011066 6.6
      vertex 104.03977774977683 58.57764571011066 7.799999997019768
      vertex 104.04743345975875 58.53915785849094 7.799999997019768
    endloop
  endfacet
  facet normal 0.06540305340084454 0.9978589282087154 0
    outer loop
      vertex 103.75000000149011 58.799999995529646 6.6
      vertex 103.78915786147117 58.79743345677852 7.799999997019768
      vertex 103.78915786147117 58.79743345677852 6.6
    endloop
  endfacet
  facet normal 0.19509032939169527 0.9807852789361389 0
    outer loop
      vertex 103.78915786147117 58.79743345677852 6.6
      vertex 103.82764571309089 58.7897777467966 7.799999997019768
      vertex 103.82764571309089 58.7897777467966 6.6
    endloop
  endfacet
  facet normal 0.3214393956094469 0.946930153152931 0
    outer loop
      vertex 103.82764571309089 58.7897777467966 6.6
      vertex 103.86480502933263 58.777163861691946 7.799999997019768
      vertex 103.86480502933263 58.777163861691946 6.6
    endloop
  endfacet
  facet normal 0.4422886995523108 0.8968727369300094 0
    outer loop
      vertex 103.86480502933263 58.777163861691946 6.6
      vertex 103.89999999999999 58.7598076224327 7.799999997019768
      vertex 103.89999999999999 58.7598076224327 6.6
    endloop
  endfacet
  facet normal 0.5555702246792088 0.831469617875418 0
    outer loop
      vertex 103.89999999999999 58.7598076224327 6.6
      vertex 103.93262843191623 58.738006001710886 7.799999997019768
      vertex 103.93262843191623 58.738006001710886 6.6
    endloop
  endfacet
  facet normal 0.6593457899178781 0.7518398295631654 0
    outer loop
      vertex 103.93262843191623 58.738006001710886 6.6
      vertex 103.96213203817605 58.71213203519582 7.799999997019768
      vertex 103.96213203817605 58.71213203519582 6.6
    endloop
  endfacet
  facet normal 0.7518398295631654 0.6593457899178781 0
    outer loop
      vertex 103.96213203817605 58.71213203519582 6.6
      vertex 103.98800600469112 58.682628428936 7.799999997019768
      vertex 103.98800600469112 58.682628428936 6.6
    endloop
  endfacet
  facet normal 0.06540305340084454 0.9978589282087154 0
    outer loop
      vertex 103.75000000149011 58.799999995529646 6.6
      vertex 103.75000000149011 58.799999995529646 7.799999997019768
      vertex 103.78915786147117 58.79743345677852 7.799999997019768
    endloop
  endfacet
  facet normal 0.19509032939169527 0.9807852789361389 0
    outer loop
      vertex 103.78915786147117 58.79743345677852 6.6
      vertex 103.78915786147117 58.79743345677852 7.799999997019768
      vertex 103.82764571309089 58.7897777467966 7.799999997019768
    endloop
  endfacet
  facet normal 0.3214393956094469 0.946930153152931 0
    outer loop
      vertex 103.82764571309089 58.7897777467966 6.6
      vertex 103.82764571309089 58.7897777467966 7.799999997019768
      vertex 103.86480502933263 58.777163861691946 7.799999997019768
    endloop
  endfacet
  facet normal 0.4422886995523108 0.8968727369300094 0
    outer loop
      vertex 103.86480502933263 58.777163861691946 6.6
      vertex 103.86480502933263 58.777163861691946 7.799999997019768
      vertex 103.89999999999999 58.7598076224327 7.799999997019768
    endloop
  endfacet
  facet normal 0.5555702246792088 0.831469617875418 0
    outer loop
      vertex 103.89999999999999 58.7598076224327 6.6
      vertex 103.89999999999999 58.7598076224327 7.799999997019768
      vertex 103.93262843191623 58.738006001710886 7.799999997019768
    endloop
  endfacet
  facet normal 0.6593457899178781 0.7518398295631654 0
    outer loop
      vertex 103.93262843191623 58.738006001710886 6.6
      vertex 103.93262843191623 58.738006001710886 7.799999997019768
      vertex 103.96213203817605 58.71213203519582 7.799999997019768
    endloop
  endfacet
  facet normal 0.7518398295631654 0.6593457899178781 0
    outer loop
      vertex 103.96213203817605 58.71213203519582 6.6
      vertex 103.96213203817605 58.71213203519582 7.799999997019768
      vertex 103.98800600469112 58.682628428936 7.799999997019768
    endloop
  endfacet
  facet normal 0 0 -1
    outer loop
      vertex 100.79999999850989 46.599999997019765 7.799999997019768
      vertex 101.14999999999999 46.69999999850988 7.799999997019768
      vertex 101.14999999999999 46.599999997019765 7.799999997019768
    endloop
  endfacet
  facet normal 0 0 -1
    outer loop
      vertex 100.79999999850989 46.599999997019765 7.799999997019768
      vertex 101.15256653875112 46.73915785849094 7.799999997019768
      vertex 101.14999999999999 46.69999999850988 7.799999997019768
    endloop
  endfacet
  facet normal 0 0 -1
    outer loop
      vertex 100.79999999850989 46.599999997019765 7.799999997019768
      vertex 101.16022224873304 46.77764571011066 7.799999997019768
      vertex 101.15256653875112 46.73915785849094 7.799999997019768
    endloop
  endfacet
  facet normal -1 0 0
    outer loop
      vertex 100.5 46.463278571950724 7.799999997019768
      vertex 100.5 46.463278571950724 7.949999999999999
      vertex 100.5 58.13672142506904 7.949999999999999
    endloop
  endfacet
  facet normal 0 0 -1
    outer loop
      vertex 100.5 46.463278571950724 7.799999997019768
      vertex 100.79999999850989 58 7.799999997019768
      vertex 100.51715728789569 46.482842709124085 7.799999997019768
    endloop
  endfacet
  facet normal 0 0 -1
    outer loop
      vertex 100.51715728789569 46.482842709124085 7.799999997019768
      vertex 100.79999999850989 58 7.799999997019768
      vertex 100.55649542957545 46.5173413336277 7.799999997019768
    endloop
  endfacet
  facet normal 0 0 -1
    outer loop
      vertex 100.55649542957545 46.5173413336277 7.799999997019768
      vertex 100.79999999850989 58 7.799999997019768
      vertex 100.59999999552966 46.54641016125679 7.799999997019768
    endloop
  endfacet
  facet normal 0 0 -1
    outer loop
      vertex 100.59999999552966 46.54641016125679 7.799999997019768
      vertex 100.79999999850989 58 7.799999997019768
      vertex 100.6469266280532 46.569551813602445 7.799999997019768
    endloop
  endfacet
  facet normal 0 0 -1
    outer loop
      vertex 100.6469266280532 46.569551813602445 7.799999997019768
      vertex 100.79999999850989 58 7.799999997019768
      vertex 100.69647237807513 46.58637032955885 7.799999997019768
    endloop
  endfacet
  facet normal 0 0 -1
    outer loop
      vertex 100.69647237807513 46.58637032955885 7.799999997019768
      vertex 100.79999999850989 58 7.799999997019768
      vertex 100.74778951853514 46.5965779453516 7.799999997019768
    endloop
  endfacet
  facet normal 0 0 -1
    outer loop
      vertex 100.74778951853514 46.5965779453516 7.799999997019768
      vertex 100.79999999850989 58 7.799999997019768
      vertex 100.79999999850989 46.599999997019765 7.799999997019768
    endloop
  endfacet
  facet normal 0 0 -1
    outer loop
      vertex 100.79999999850989 46.599999997019765 7.799999997019768
      vertex 101.7 57.599999999999994 7.799999997019768
      vertex 101.16022224873304 46.77764571011066 7.799999997019768
    endloop
  endfacet
  facet normal 0 0 -1
    outer loop
      vertex 101.16022224873304 46.77764571011066 7.799999997019768
      vertex 101.7 57.599999999999994 7.799999997019768
      vertex 101.17283613383769 46.8148050263524 7.799999997019768
    endloop
  endfacet
  facet normal 0 0 -1
    outer loop
      vertex 101.17283613383769 46.8148050263524 7.799999997019768
      vertex 101.7 57.599999999999994 7.799999997019768
      vertex 101.19019237309693 46.849999997019765 7.799999997019768
    endloop
  endfacet
  facet normal 0 0 -1
    outer loop
      vertex 101.19019237309693 46.849999997019765 7.799999997019768
      vertex 101.7 57.599999999999994 7.799999997019768
      vertex 101.21199399381875 46.882628428936 7.799999997019768
    endloop
  endfacet
  facet normal 0 0 -1
    outer loop
      vertex 101.21199399381875 46.882628428936 7.799999997019768
      vertex 101.7 57.599999999999994 7.799999997019768
      vertex 101.23786796033382 46.912132035195825 7.799999997019768
    endloop
  endfacet
  facet normal 0 0 -1
    outer loop
      vertex 101.23786796033382 46.912132035195825 7.799999997019768
      vertex 101.7 57.599999999999994 7.799999997019768
      vertex 101.26737156659364 46.93800600171089 7.799999997019768
    endloop
  endfacet
  facet normal 0 0 -1
    outer loop
      vertex 101.26737156659364 46.93800600171089 7.799999997019768
      vertex 101.7 57.599999999999994 7.799999997019768
      vertex 101.29999999850988 46.959807622432706 7.799999997019768
    endloop
  endfacet
  facet normal 0 0 -1
    outer loop
      vertex 101.29999999850988 46.959807622432706 7.799999997019768
      vertex 101.7 57.599999999999994 7.799999997019768
      vertex 101.33519496917724 46.97716386169195 7.799999997019768
    endloop
  endfacet
  facet normal 0 0 -1
    outer loop
      vertex 101.33519496917724 46.97716386169195 7.799999997019768
      vertex 101.7 57.599999999999994 7.799999997019768
      vertex 101.37235428541898 46.989777746796605 7.799999997019768
    endloop
  endfacet
  facet normal 0 0 -1
    outer loop
      vertex 101.44999999701976 46.99999999552965 7.799999997019768
      vertex 101.7 47 7.799999997019768
      vertex 103.75000000149011 46.99999999552965 7.799999997019768
    endloop
  endfacet
  facet normal 0 0 -1
    outer loop
      vertex 101.37235428541898 46.989777746796605 7.799999997019768
      vertex 101.7 57.599999999999994 7.799999997019768
      vertex 101.4108421370387 46.99743345677852 7.799999997019768
    endloop
  endfacet
  facet normal 0 0 -1
    outer loop
      vertex 101.4108421370387 46.99743345677852 7.799999997019768
      vertex 101.7 57.599999999999994 7.799999997019768
      vertex 101.44999999701976 46.99999999552965 7.799999997019768
    endloop
  endfacet
  facet normal 0 0 -1
    outer loop
      vertex 101.44999999701976 46.99999999552965 7.799999997019768
      vertex 101.7 57.599999999999994 7.799999997019768
      vertex 101.7 47 7.799999997019768
    endloop
  endfacet
  facet normal -1 0 0
    outer loop
      vertex 100.5 45.8 7.949999999999999
      vertex 100.5 45.8 10.149999998509884
      vertex 100.5 46.463278571950724 7.949999999999999
    endloop
  endfacet
  facet normal 0 -1 0
    outer loop
      vertex 100.5 45.8 7.949999999999999
      vertex 101.55980762094259 45.8 10.149999998509884
      vertex 100.5 45.8 10.149999998509884
    endloop
  endfacet
  facet normal -1 0 0
    outer loop
      vertex 100.5 46.463278571950724 7.949999999999999
      vertex 100.5 45.8 10.149999998509884
      vertex 100.5 58.13672142506904 7.949999999999999
    endloop
  endfacet
  facet normal 0 0 1
    outer loop
      vertex 100.5 45.8 10.149999998509884
      vertex 101.55980762094259 45.8 10.149999998509884
      vertex 100.5 58.8 10.149999998509884
    endloop
  endfacet
  facet normal 0 -1 0
    outer loop
      vertex 100.5 45.8 7.949999999999999
      vertex 102.9 45.8 7.949999999999999
      vertex 101.55980762094259 45.8 10.149999998509884
    endloop
  endfacet
  facet normal 0 0 -1
    outer loop
      vertex 100.5 46.463278571950724 7.799999997019768
      vertex 100.5 58.13672142506904 7.799999997019768
      vertex 100.51715728789569 58.11715728789568 7.799999997019768
    endloop
  endfacet
  facet normal 0 0 -1
    outer loop
      vertex 100.5 46.463278571950724 7.799999997019768
      vertex 100.51715728789569 58.11715728789568 7.799999997019768
      vertex 100.55649542957545 58.08265866339207 7.799999997019768
    endloop
  endfacet
  facet normal -1 0 0
    outer loop
      vertex 100.5 46.463278571950724 7.799999997019768
      vertex 100.5 58.13672142506904 7.949999999999999
      vertex 100.5 58.13672142506904 7.799999997019768
    endloop
  endfacet
  facet normal 0 0 -1
    outer loop
      vertex 100.5 46.463278571950724 7.799999997019768
      vertex 100.55649542957545 58.08265866339207 7.799999997019768
      vertex 100.59999999552966 58.05358983576298 7.799999997019768
    endloop
  endfacet
  facet normal 0 0 -1
    outer loop
      vertex 100.5 46.463278571950724 7.799999997019768
      vertex 100.59999999552966 58.05358983576298 7.799999997019768
      vertex 100.6469266280532 58.03044818341732 7.799999997019768
    endloop
  endfacet
  facet normal 0 0 -1
    outer loop
      vertex 100.5 46.463278571950724 7.799999997019768
      vertex 100.6469266280532 58.03044818341732 7.799999997019768
      vertex 100.69647237807513 58.01362966746092 7.799999997019768
    endloop
  endfacet
  facet normal 0 0 -1
    outer loop
      vertex 100.5 46.463278571950724 7.799999997019768
      vertex 100.69647237807513 58.01362966746092 7.799999997019768
      vertex 100.74778951853514 58.00342205166817 7.799999997019768
    endloop
  endfacet
  facet normal 0 0 -1
    outer loop
      vertex 100.5 46.463278571950724 7.799999997019768
      vertex 100.74778951853514 58.00342205166817 7.799999997019768
      vertex 100.79999999850989 58 7.799999997019768
    endloop
  endfacet
  facet normal 0 0 -1
    outer loop
      vertex 100.79999999850989 46.599999997019765 7.799999997019768
      vertex 100.79999999850989 58 7.799999997019768
      vertex 101.14999999999999 58 7.799999997019768
    endloop
  endfacet
  facet normal 0 0 -1
    outer loop
      vertex 100.79999999850989 46.599999997019765 7.799999997019768
      vertex 101.15256653875112 57.8608421370387 7.799999997019768
      vertex 101.16022224873304 57.82235428541898 7.799999997019768
    endloop
  endfacet
  facet normal 0 0 -1
    outer loop
      vertex 100.79999999850989 46.599999997019765 7.799999997019768
      vertex 101.14999999999999 57.89999999701976 7.799999997019768
      vertex 101.15256653875112 57.8608421370387 7.799999997019768
    endloop
  endfacet
  facet normal 0 0 -1
    outer loop
      vertex 100.79999999850989 46.599999997019765 7.799999997019768
      vertex 101.19019237309693 57.74999999850988 7.799999997019768
      vertex 101.21199399381875 57.71737156659364 7.799999997019768
    endloop
  endfacet
  facet normal 0 0 -1
    outer loop
      vertex 100.79999999850989 46.599999997019765 7.799999997019768
      vertex 101.16022224873304 57.82235428541898 7.799999997019768
      vertex 101.17283613383769 57.78519496917724 7.799999997019768
    endloop
  endfacet
  facet normal 0 0 -1
    outer loop
      vertex 100.79999999850989 46.599999997019765 7.799999997019768
      vertex 101.17283613383769 57.78519496917724 7.799999997019768
      vertex 101.19019237309693 57.74999999850988 7.799999997019768
    endloop
  endfacet
  facet normal 0 0 -1
    outer loop
      vertex 100.79999999850989 46.599999997019765 7.799999997019768
      vertex 101.14999999999999 58 7.799999997019768
      vertex 101.14999999999999 57.89999999701976 7.799999997019768
    endloop
  endfacet
  facet normal 0 0 -1
    outer loop
      vertex 100.79999999850989 46.599999997019765 7.799999997019768
      vertex 101.21199399381875 57.71737156659364 7.799999997019768
      vertex 101.23786796033382 57.68786796033382 7.799999997019768
    endloop
  endfacet
  facet normal 0 0 -1
    outer loop
      vertex 100.79999999850989 46.599999997019765 7.799999997019768
      vertex 101.23786796033382 57.68786796033382 7.799999997019768
      vertex 101.26737156659364 57.661993993818754 7.799999997019768
    endloop
  endfacet
  facet normal 0 0 -1
    outer loop
      vertex 100.79999999850989 46.599999997019765 7.799999997019768
      vertex 101.26737156659364 57.661993993818754 7.799999997019768
      vertex 101.29999999850988 57.64019237309694 7.799999997019768
    endloop
  endfacet
  facet normal 0 0 -1
    outer loop
      vertex 100.79999999850989 46.599999997019765 7.799999997019768
      vertex 101.29999999850988 57.64019237309694 7.799999997019768
      vertex 101.33519496917724 57.622836133837694 7.799999997019768
    endloop
  endfacet
  facet normal 0 0 -1
    outer loop
      vertex 100.79999999850989 46.599999997019765 7.799999997019768
      vertex 101.33519496917724 57.622836133837694 7.799999997019768
      vertex 101.37235428541898 57.61022224873304 7.799999997019768
    endloop
  endfacet
  facet normal 0 0 -1
    outer loop
      vertex 100.79999999850989 46.599999997019765 7.799999997019768
      vertex 101.37235428541898 57.61022224873304 7.799999997019768
      vertex 101.4108421370387 57.60256653875112 7.799999997019768
    endloop
  endfacet
  facet normal 0 0 -1
    outer loop
      vertex 100.79999999850989 46.599999997019765 7.799999997019768
      vertex 101.4108421370387 57.60256653875112 7.799999997019768
      vertex 101.44999999701976 57.599999999999994 7.799999997019768
    endloop
  endfacet
  facet normal 0 0 -1
    outer loop
      vertex 100.79999999850989 46.599999997019765 7.799999997019768
      vertex 101.44999999701976 57.599999999999994 7.799999997019768
      vertex 101.7 57.599999999999994 7.799999997019768
    endloop
  endfacet
  facet normal -1 0 0
    outer loop
      vertex 100.5 45.8 10.149999998509884
      vertex 100.5 58.8 10.149999998509884
      vertex 100.5 58.13672142506904 7.949999999999999
    endloop
  endfacet
  facet normal 0 0 1
    outer loop
      vertex 101.55980762094259 45.8 10.149999998509884
      vertex 101.55980762094259 58.8 10.149999998509884
      vertex 100.5 58.8 10.149999998509884
    endloop
  endfacet
  facet normal -1 0 0
    outer loop
      vertex 100.5 58.13672142506904 7.949999999999999
      vertex 100.5 58.8 10.149999998509884
      vertex 100.5 58.8 7.949999999999999
    endloop
  endfacet
  facet normal 0 1 0
    outer loop
      vertex 100.5 58.8 7.949999999999999
      vertex 100.5 58.8 10.149999998509884
      vertex 102.9 58.8 7.949999999999999
    endloop
  endfacet
  facet normal 0 1 0
    outer loop
      vertex 100.5 58.8 10.149999998509884
      vertex 101.55980762094259 58.8 10.149999998509884
      vertex 102.9 58.8 7.949999999999999
    endloop
  endfacet
  facet normal 0 0 -1
    outer loop
      vertex 101.7 47 7.799999997019768
      vertex 103.5 47 7.799999997019768
      vertex 103.75000000149011 46.99999999552965 7.799999997019768
    endloop
  endfacet
  facet normal 0 -1 0
    outer loop
      vertex 102.9 45.8 7.799999997019768
      vertex 103.75000000149011 45.8 7.799999997019768
      vertex 102.9 45.8 7.949999999999999
    endloop
  endfacet
  facet normal 0 0 -1
    outer loop
      vertex 103.5 47 7.799999997019768
      vertex 103.5 55.95260345370787 7.799999997019768
      vertex 103.75000000149011 46.99999999552965 7.799999997019768
    endloop
  endfacet
  facet normal 0 -1 0
    outer loop
      vertex 102.9 45.8 7.949999999999999
      vertex 103.75000000149011 45.8 7.799999997019768
      vertex 104.70000000298023 45.8 7.799999997019768
    endloop
  endfacet
  facet normal 0 0 -1
    outer loop
      vertex 103.75000000149011 45.8 7.799999997019768
      vertex 103.78915786147117 45.80256653875112 7.799999997019768
      vertex 104.70000000298023 45.8 7.799999997019768
    endloop
  endfacet
  facet normal 0 0 -1
    outer loop
      vertex 103.78915786147117 45.80256653875112 7.799999997019768
      vertex 103.82764571309089 45.81022224873304 7.799999997019768
      vertex 104.70000000298023 45.8 7.799999997019768
    endloop
  endfacet
  facet normal 0 0 -1
    outer loop
      vertex 103.82764571309089 45.81022224873304 7.799999997019768
      vertex 103.86480502933263 45.8228361338377 7.799999997019768
      vertex 104.70000000298023 45.8 7.799999997019768
    endloop
  endfacet
  facet normal 0 0 -1
    outer loop
      vertex 103.86480502933263 45.8228361338377 7.799999997019768
      vertex 103.89999999999999 45.84019237309694 7.799999997019768
      vertex 104.70000000298023 45.8 7.799999997019768
    endloop
  endfacet
  facet normal 0 0 -1
    outer loop
      vertex 103.89999999999999 45.84019237309694 7.799999997019768
      vertex 103.93262843191623 45.86199399381876 7.799999997019768
      vertex 104.70000000298023 45.8 7.799999997019768
    endloop
  endfacet
  facet normal 0 0 -1
    outer loop
      vertex 103.93262843191623 45.86199399381876 7.799999997019768
      vertex 103.96213203817605 45.88786796033382 7.799999997019768
      vertex 104.70000000298023 45.8 7.799999997019768
    endloop
  endfacet
  facet normal 0 0 -1
    outer loop
      vertex 103.96213203817605 45.88786796033382 7.799999997019768
      vertex 103.98800600469112 45.917371566593644 7.799999997019768
      vertex 104.70000000298023 45.8 7.799999997019768
    endloop
  endfacet
  facet normal 0 0 -1
    outer loop
      vertex 103.98800600469112 45.917371566593644 7.799999997019768
      vertex 104.00980762541293 45.94999999850988 7.799999997019768
      vertex 104.70000000298023 45.8 7.799999997019768
    endloop
  endfacet
  facet normal 0 0 -1
    outer loop
      vertex 104.00980762541293 45.94999999850988 7.799999997019768
      vertex 104.02716386467218 45.98519496917724 7.799999997019768
      vertex 104.70000000298023 45.8 7.799999997019768
    endloop
  endfacet
  facet normal 0 0 -1
    outer loop
      vertex 104.02716386467218 45.98519496917724 7.799999997019768
      vertex 104.03977774977683 46.022354285418984 7.799999997019768
      vertex 104.70000000298023 45.8 7.799999997019768
    endloop
  endfacet
  facet normal 0 0 -1
    outer loop
      vertex 104.03977774977683 46.022354285418984 7.799999997019768
      vertex 104.04743345975875 46.060842137038705 7.799999997019768
      vertex 104.70000000298023 45.8 7.799999997019768
    endloop
  endfacet
  facet normal 0 0 -1
    outer loop
      vertex 104.04743345975875 46.060842137038705 7.799999997019768
      vertex 104.04999999850988 46.099999997019765 7.799999997019768
      vertex 104.70000000298023 45.8 7.799999997019768
    endloop
  endfacet
  facet normal 0 0 -1
    outer loop
      vertex 103.75000000149011 46.99999999552965 7.799999997019768
      vertex 104.70000000298023 58.8 7.799999997019768
      vertex 103.78915786147117 46.99743345677852 7.799999997019768
    endloop
  endfacet
  facet normal 0 0 -1
    outer loop
      vertex 103.78915786147117 46.99743345677852 7.799999997019768
      vertex 104.70000000298023 58.8 7.799999997019768
      vertex 103.82764571309089 46.989777746796605 7.799999997019768
    endloop
  endfacet
  facet normal 0 0 -1
    outer loop
      vertex 103.86480502933263 46.97716386169195 7.799999997019768
      vertex 103.82764571309089 46.989777746796605 7.799999997019768
      vertex 104.70000000298023 58.8 7.799999997019768
    endloop
  endfacet
  facet normal 0 0 -1
    outer loop
      vertex 103.86480502933263 46.97716386169195 7.799999997019768
      vertex 104.70000000298023 58.8 7.799999997019768
      vertex 103.89999999999999 46.959807622432706 7.799999997019768
    endloop
  endfacet
  facet normal 1 0 0
    outer loop
      vertex 104.70000000298023 45.8 7.799999997019768
      vertex 104.70000000298023 58.8 8.337009087204933
      vertex 104.70000000298023 45.8 8.337009087204933
    endloop
  endfacet
  facet normal 0 0 -1
    outer loop
      vertex 104.04999999850988 46.099999997019765 7.799999997019768
      vertex 104.04999999850988 46.69999999850988 7.799999997019768
      vertex 104.70000000298023 58.8 7.799999997019768
    endloop
  endfacet
  facet normal 0 0 -1
    outer loop
      vertex 103.89999999999999 46.959807622432706 7.799999997019768
      vertex 104.70000000298023 58.8 7.799999997019768
      vertex 103.93262843191623 46.93800600171089 7.799999997019768
    endloop
  endfacet
  facet normal 0 0 -1
    outer loop
      vertex 103.93262843191623 46.93800600171089 7.799999997019768
      vertex 104.70000000298023 58.8 7.799999997019768
      vertex 103.96213203817605 46.912132035195825 7.799999997019768
    endloop
  endfacet
  facet normal 0 0 -1
    outer loop
      vertex 103.96213203817605 46.912132035195825 7.799999997019768
      vertex 104.70000000298023 58.8 7.799999997019768
      vertex 103.98800600469112 46.882628428936 7.799999997019768
    endloop
  endfacet
  facet normal 0 0 -1
    outer loop
      vertex 104.00980762541293 46.849999997019765 7.799999997019768
      vertex 104.70000000298023 58.8 7.799999997019768
      vertex 104.02716386467218 46.8148050263524 7.799999997019768
    endloop
  endfacet
  facet normal 0 0 -1
    outer loop
      vertex 104.03977774977683 46.77764571011066 7.799999997019768
      vertex 104.70000000298023 58.8 7.799999997019768
      vertex 104.04743345975875 46.73915785849094 7.799999997019768
    endloop
  endfacet
  facet normal 0 0 -1
    outer loop
      vertex 104.02716386467218 46.8148050263524 7.799999997019768
      vertex 104.70000000298023 58.8 7.799999997019768
      vertex 104.03977774977683 46.77764571011066 7.799999997019768
    endloop
  endfacet
  facet normal 0 0 -1
    outer loop
      vertex 103.98800600469112 46.882628428936 7.799999997019768
      vertex 104.70000000298023 58.8 7.799999997019768
      vertex 104.00980762541293 46.849999997019765 7.799999997019768
    endloop
  endfacet
  facet normal 0 0 -1
    outer loop
      vertex 104.04999999850988 46.69999999850988 7.799999997019768
      vertex 104.04743345975875 46.73915785849094 7.799999997019768
      vertex 104.70000000298023 58.8 7.799999997019768
    endloop
  endfacet
  facet normal 0 0 -1
    outer loop
      vertex 104.04999999850988 46.099999997019765 7.799999997019768
      vertex 104.70000000298023 58.8 7.799999997019768
      vertex 104.70000000298023 45.8 7.799999997019768
    endloop
  endfacet
  facet normal 0 -1 0
    outer loop
      vertex 101.55980762094259 45.8 10.149999998509884
      vertex 102.9 45.8 7.949999999999999
      vertex 104.70000000298023 45.8 7.799999997019768
    endloop
  endfacet
  facet normal 0.49999999880618 0 0.8660254044736909
    outer loop
      vertex 101.55980762094259 45.8 10.149999998509884
      vertex 104.70000000298023 45.8 8.337009087204933
      vertex 101.55980762094259 58.8 10.149999998509884
    endloop
  endfacet
  facet normal 0 -1 0
    outer loop
      vertex 101.55980762094259 45.8 10.149999998509884
      vertex 104.70000000298023 45.8 7.799999997019768
      vertex 104.70000000298023 45.8 8.337009087204933
    endloop
  endfacet
  facet normal 0 0 -1
    outer loop
      vertex 103.5 55.95260345370787 7.799999997019768
      vertex 103.5 57.599999999999994 7.799999997019768
      vertex 103.75000000149011 57.599999999999994 7.799999997019768
    endloop
  endfacet
  facet normal 0 0 -1
    outer loop
      vertex 102.9 58.799999995529646 7.799999997019768
      vertex 102.9 58.8 7.799999997019768
      vertex 103.75000000149011 58.799999995529646 7.799999997019768
    endloop
  endfacet
  facet normal 0 1 0
    outer loop
      vertex 102.9 58.8 7.799999997019768
      vertex 102.9 58.8 7.949999999999999
      vertex 104.70000000298023 58.8 7.799999997019768
    endloop
  endfacet
  facet normal 0 0 -1
    outer loop
      vertex 103.75000000149011 46.99999999552965 7.799999997019768
      vertex 103.5 55.95260345370787 7.799999997019768
      vertex 104.70000000298023 58.8 7.799999997019768
    endloop
  endfacet
  facet normal 1 0 0
    outer loop
      vertex 104.70000000298023 45.8 7.799999997019768
      vertex 104.70000000298023 58.8 7.799999997019768
      vertex 104.70000000298023 58.8 8.337009087204933
    endloop
  endfacet
  facet normal 0 0 -1
    outer loop
      vertex 103.5 55.95260345370787 7.799999997019768
      vertex 103.75000000149011 57.599999999999994 7.799999997019768
      vertex 103.78915786147117 57.60256653875112 7.799999997019768
    endloop
  endfacet
  facet normal 0 0 -1
    outer loop
      vertex 103.5 55.95260345370787 7.799999997019768
      vertex 103.78915786147117 57.60256653875112 7.799999997019768
      vertex 103.82764571309089 57.61022224873304 7.799999997019768
    endloop
  endfacet
  facet normal 0 0 -1
    outer loop
      vertex 103.5 55.95260345370787 7.799999997019768
      vertex 103.82764571309089 57.61022224873304 7.799999997019768
      vertex 103.86480502933263 57.622836133837694 7.799999997019768
    endloop
  endfacet
  facet normal 0 0 -1
    outer loop
      vertex 103.5 55.95260345370787 7.799999997019768
      vertex 103.86480502933263 57.622836133837694 7.799999997019768
      vertex 103.89999999999999 57.64019237309694 7.799999997019768
    endloop
  endfacet
  facet normal 0 0 -1
    outer loop
      vertex 103.5 55.95260345370787 7.799999997019768
      vertex 103.89999999999999 57.64019237309694 7.799999997019768
      vertex 103.93262843191623 57.661993993818754 7.799999997019768
    endloop
  endfacet
  facet normal 0 0 -1
    outer loop
      vertex 103.5 55.95260345370787 7.799999997019768
      vertex 103.93262843191623 57.661993993818754 7.799999997019768
      vertex 103.96213203817605 57.68786796033382 7.799999997019768
    endloop
  endfacet
  facet normal 0 0 -1
    outer loop
      vertex 103.5 55.95260345370787 7.799999997019768
      vertex 103.96213203817605 57.68786796033382 7.799999997019768
      vertex 103.98800600469112 57.71737156659364 7.799999997019768
    endloop
  endfacet
  facet normal 0 0 -1
    outer loop
      vertex 103.5 55.95260345370787 7.799999997019768
      vertex 103.98800600469112 57.71737156659364 7.799999997019768
      vertex 104.00980762541293 57.74999999850988 7.799999997019768
    endloop
  endfacet
  facet normal 0 0 -1
    outer loop
      vertex 103.5 55.95260345370787 7.799999997019768
      vertex 104.00980762541293 57.74999999850988 7.799999997019768
      vertex 104.02716386467218 57.78519496917724 7.799999997019768
    endloop
  endfacet
  facet normal 0 0 -1
    outer loop
      vertex 103.5 55.95260345370787 7.799999997019768
      vertex 104.02716386467218 57.78519496917724 7.799999997019768
      vertex 104.03977774977683 57.82235428541898 7.799999997019768
    endloop
  endfacet
  facet normal 0 0 -1
    outer loop
      vertex 103.5 55.95260345370787 7.799999997019768
      vertex 104.03977774977683 57.82235428541898 7.799999997019768
      vertex 104.70000000298023 58.8 7.799999997019768
    endloop
  endfacet
  facet normal 0 0 -1
    outer loop
      vertex 102.9 58.8 7.799999997019768
      vertex 104.70000000298023 58.8 7.799999997019768
      vertex 103.75000000149011 58.799999995529646 7.799999997019768
    endloop
  endfacet
  facet normal 0 0 -1
    outer loop
      vertex 103.75000000149011 58.799999995529646 7.799999997019768
      vertex 104.70000000298023 58.8 7.799999997019768
      vertex 103.78915786147117 58.79743345677852 7.799999997019768
    endloop
  endfacet
  facet normal 0 0 -1
    outer loop
      vertex 103.78915786147117 58.79743345677852 7.799999997019768
      vertex 104.70000000298023 58.8 7.799999997019768
      vertex 103.82764571309089 58.7897777467966 7.799999997019768
    endloop
  endfacet
  facet normal 0 0 -1
    outer loop
      vertex 103.82764571309089 58.7897777467966 7.799999997019768
      vertex 104.70000000298023 58.8 7.799999997019768
      vertex 103.86480502933263 58.777163861691946 7.799999997019768
    endloop
  endfacet
  facet normal 0 0 -1
    outer loop
      vertex 103.86480502933263 58.777163861691946 7.799999997019768
      vertex 104.70000000298023 58.8 7.799999997019768
      vertex 103.89999999999999 58.7598076224327 7.799999997019768
    endloop
  endfacet
  facet normal 0 0 -1
    outer loop
      vertex 104.03977774977683 57.82235428541898 7.799999997019768
      vertex 104.04743345975875 57.8608421370387 7.799999997019768
      vertex 104.70000000298023 58.8 7.799999997019768
    endloop
  endfacet
  facet normal 0 0 -1
    outer loop
      vertex 104.04743345975875 57.8608421370387 7.799999997019768
      vertex 104.04999999850988 57.89999999701976 7.799999997019768
      vertex 104.70000000298023 58.8 7.799999997019768
    endloop
  endfacet
  facet normal 0 0 -1
    outer loop
      vertex 104.04999999850988 57.89999999701976 7.799999997019768
      vertex 104.04999999850988 58.49999999850988 7.799999997019768
      vertex 104.70000000298023 58.8 7.799999997019768
    endloop
  endfacet
  facet normal 0 0 -1
    outer loop
      vertex 104.04743345975875 58.53915785849094 7.799999997019768
      vertex 104.03977774977683 58.57764571011066 7.799999997019768
      vertex 104.70000000298023 58.8 7.799999997019768
    endloop
  endfacet
  facet normal 0 0 -1
    outer loop
      vertex 104.02716386467218 58.6148050263524 7.799999997019768
      vertex 104.70000000298023 58.8 7.799999997019768
      vertex 104.03977774977683 58.57764571011066 7.799999997019768
    endloop
  endfacet
  facet normal 0 0 -1
    outer loop
      vertex 104.04999999850988 58.49999999850988 7.799999997019768
      vertex 104.04743345975875 58.53915785849094 7.799999997019768
      vertex 104.70000000298023 58.8 7.799999997019768
    endloop
  endfacet
  facet normal 0 0 -1
    outer loop
      vertex 103.89999999999999 58.7598076224327 7.799999997019768
      vertex 104.70000000298023 58.8 7.799999997019768
      vertex 103.93262843191623 58.738006001710886 7.799999997019768
    endloop
  endfacet
  facet normal 0 0 -1
    outer loop
      vertex 103.93262843191623 58.738006001710886 7.799999997019768
      vertex 104.70000000298023 58.8 7.799999997019768
      vertex 103.96213203817605 58.71213203519582 7.799999997019768
    endloop
  endfacet
  facet normal 0 0 -1
    outer loop
      vertex 103.96213203817605 58.71213203519582 7.799999997019768
      vertex 104.70000000298023 58.8 7.799999997019768
      vertex 103.98800600469112 58.682628428936 7.799999997019768
    endloop
  endfacet
  facet normal 0 0 -1
    outer loop
      vertex 104.00980762541293 58.64999999701976 7.799999997019768
      vertex 103.98800600469112 58.682628428936 7.799999997019768
      vertex 104.70000000298023 58.8 7.799999997019768
    endloop
  endfacet
  facet normal 0 0 -1
    outer loop
      vertex 104.00980762541293 58.64999999701976 7.799999997019768
      vertex 104.70000000298023 58.8 7.799999997019768
      vertex 104.02716386467218 58.6148050263524 7.799999997019768
    endloop
  endfacet
  facet normal 0 1 0
    outer loop
      vertex 101.55980762094259 58.8 10.149999998509884
      vertex 104.70000000298023 58.8 7.799999997019768
      vertex 102.9 58.8 7.949999999999999
    endloop
  endfacet
  facet normal 0.49999999880618 0 0.8660254044736909
    outer loop
      vertex 101.55980762094259 58.8 10.149999998509884
      vertex 104.70000000298023 45.8 8.337009087204933
      vertex 104.70000000298023 58.8 8.337009087204933
    endloop
  endfacet
  facet normal 0 1 0
    outer loop
      vertex 101.55980762094259 58.8 10.149999998509884
      vertex 104.70000000298023 58.8 8.337009087204933
      vertex 104.70000000298023 58.8 7.799999997019768
    endloop
  endfacet
  facet normal 1 0 0
    outer loop
      vertex 101.7 46.3 7.824999999999999
      vertex 101.7 47 7.824999999999999
      vertex 101.7 46.3 8.375
    endloop
  endfacet
  facet normal 1 0 0
    outer loop
      vertex 101.7 47 7.824999999999999
      vertex 101.7 47 8.375
      vertex 101.7 46.3 8.375
    endloop
  endfacet
  facet normal 0 0 1
    outer loop
      vertex 101.7 46.3 7.824999999999999
      vertex 103.5 47 7.824999999999999
      vertex 101.7 47 7.824999999999999
    endloop
  endfacet
  facet normal 0 1 0
    outer loop
      vertex 101.7 46.3 7.824999999999999
      vertex 101.7 46.3 8.375
      vertex 103.5 46.3 8.375
    endloop
  endfacet
  facet normal 0 0 -1
    outer loop
      vertex 101.7 46.3 8.375
      vertex 101.7 47 8.375
      vertex 103.5 46.3 8.375
    endloop
  endfacet
  facet normal 0 0 1
    outer loop
      vertex 101.7 46.3 7.824999999999999
      vertex 103.5 46.3 7.824999999999999
      vertex 103.5 47 7.824999999999999
    endloop
  endfacet
  facet normal 0 1 0
    outer loop
      vertex 101.7 46.3 7.824999999999999
      vertex 103.5 46.3 8.375
      vertex 103.5 46.3 7.824999999999999
    endloop
  endfacet
  facet normal -1 0 0
    outer loop
      vertex 103.5 46.3 7.824999999999999
      vertex 103.5 46.3 8.375
      vertex 103.5 47 7.824999999999999
    endloop
  endfacet
  facet normal -1 0 0
    outer loop
      vertex 103.5 47 7.824999999999999
      vertex 103.5 46.3 8.375
      vertex 103.5 47.01 7.824999999999999
    endloop
  endfacet
  facet normal -1 0 0
    outer loop
      vertex 103.5 47.01 7.824999999999999
      vertex 103.5 46.3 8.375
      vertex 103.5 47 8.375
    endloop
  endfacet
  facet normal -1 0 0
    outer loop
      vertex 103.5 47.01 7.824999999999999
      vertex 103.5 47 8.375
      vertex 103.5 47.01 8.375
    endloop
  endfacet
  facet normal 0 0 -1
    outer loop
      vertex 101.7 47 8.375
      vertex 103.5 47 8.375
      vertex 103.5 46.3 8.375
    endloop
  endfacet
  facet normal 1 0 0
    outer loop
      vertex 101.7 57.6 7.824999999999999
      vertex 101.7 58.3 7.824999999999999
      vertex 101.7 57.6 8.375
    endloop
  endfacet
  facet normal 1 0 0
    outer loop
      vertex 101.7 58.3 7.824999999999999
      vertex 101.7 58.3 8.375
      vertex 101.7 57.6 8.375
    endloop
  endfacet
  facet normal 0 0 1
    outer loop
      vertex 101.7 57.6 7.824999999999999
      vertex 103.5 58.3 7.824999999999999
      vertex 101.7 58.3 7.824999999999999
    endloop
  endfacet
  facet normal 0 -1 0
    outer loop
      vertex 101.7 58.3 7.824999999999999
      vertex 103.5 58.3 7.824999999999999
      vertex 101.7 58.3 8.375
    endloop
  endfacet
  facet normal 0 0 -1
    outer loop
      vertex 101.7 57.6 8.375
      vertex 101.7 58.3 8.375
      vertex 103.5 57.6 8.375
    endloop
  endfacet
  facet normal 0 0 1
    outer loop
      vertex 101.7 57.6 7.824999999999999
      vertex 103.5 57.6 7.824999999999999
      vertex 103.5 58.3 7.824999999999999
    endloop
  endfacet
  facet normal 0 -1 0
    outer loop
      vertex 101.7 58.3 8.375
      vertex 103.5 58.3 7.824999999999999
      vertex 103.5 58.3 8.375
    endloop
  endfacet
  facet normal -1 0 0
    outer loop
      vertex 103.5 57.589999999999996 7.824999999999999
      vertex 103.5 57.589999999999996 8.375
      vertex 103.5 57.6 7.824999999999999
    endloop
  endfacet
  facet normal -1 0 0
    outer loop
      vertex 103.5 57.6 7.824999999999999
      vertex 103.5 57.589999999999996 8.375
      vertex 103.5 58.3 7.824999999999999
    endloop
  endfacet
  facet normal -1 0 0
    outer loop
      vertex 103.5 58.3 7.824999999999999
      vertex 103.5 57.589999999999996 8.375
      vertex 103.5 57.6 8.375
    endloop
  endfacet
  facet normal -1 0 0
    outer loop
      vertex 103.5 58.3 7.824999999999999
      vertex 103.5 57.6 8.375
      vertex 103.5 58.3 8.375
    endloop
  endfacet
  facet normal 0 0 -1
    outer loop
      vertex 101.7 58.3 8.375
      vertex 103.5 58.3 8.375
      vertex 103.5 57.6 8.375
    endloop
  endfacet
  facet normal 0 1 0
    outer loop
      vertex 101.7 47 7.799999997019768
      vertex 101.7 47 7.824999999999999
      vertex 103.5 47 7.799999997019768
    endloop
  endfacet
  facet normal 1 0 0
    outer loop
      vertex 101.7 47 7.799999997019768
      vertex 101.7 57.599999999999994 7.799999997019768
      vertex 101.7 47 7.824999999999999
    endloop
  endfacet
  facet normal 1 0 0
    outer loop
      vertex 101.7 47 7.824999999999999
      vertex 101.7 57.6 8.5
      vertex 101.7 47 8.375
    endloop
  endfacet
  facet normal 0 1 0
    outer loop
      vertex 101.7 47 8.375
      vertex 101.7 47 8.5
      vertex 103.5 47 8.5
    endloop
  endfacet
  facet normal 0 0 -1
    outer loop
      vertex 101.7 47 8.5
      vertex 102.03431457505076 51.73431457505076 8.5
      vertex 102.11299085679302 51.665317327767006 8.5
    endloop
  endfacet
  facet normal 0 0 -1
    outer loop
      vertex 101.7 47 8.5
      vertex 102.11299085679302 51.665317327767006 8.5
      vertex 102.19999999999999 51.60717967697244 8.5
    endloop
  endfacet
  facet normal 1 0 0
    outer loop
      vertex 101.7 47 8.375
      vertex 101.7 57.6 8.5
      vertex 101.7 47 8.5
    endloop
  endfacet
  facet normal 0 0 -1
    outer loop
      vertex 101.7 47 8.5
      vertex 101.80684411090094 52.195579046223955 8.5
      vertex 101.82725933896874 52.092944763917984 8.5
    endloop
  endfacet
  facet normal 0 0 -1
    outer loop
      vertex 101.7 47 8.5
      vertex 101.82725933896874 52.092944763917984 8.5
      vertex 101.86089637399097 51.993853254107925 8.5
    endloop
  endfacet
  facet normal 0 0 -1
    outer loop
      vertex 101.7 47 8.5
      vertex 101.8 52.3 8.5
      vertex 101.80684411090094 52.195579046223955 8.5
    endloop
  endfacet
  facet normal 0 0 -1
    outer loop
      vertex 101.7 47 8.5
      vertex 101.86089637399097 51.993853254107925 8.5
      vertex 101.90717967697245 51.9 8.5
    endloop
  endfacet
  facet normal 0 0 -1
    outer loop
      vertex 101.7 47 8.5
      vertex 101.90717967697245 51.9 8.5
      vertex 101.96531732776701 51.81299085679302 8.5
    endloop
  endfacet
  facet normal 0 0 -1
    outer loop
      vertex 101.7 47 8.5
      vertex 101.96531732776701 51.81299085679302 8.5
      vertex 102.03431457505076 51.73431457505076 8.5
    endloop
  endfacet
  facet normal 0 0 -1
    outer loop
      vertex 101.7 47 8.5
      vertex 102.19999999999999 51.60717967697244 8.5
      vertex 102.29385325410792 51.56089637399097 8.5
    endloop
  endfacet
  facet normal 0 0 -1
    outer loop
      vertex 101.7 47 8.5
      vertex 102.29385325410792 51.56089637399097 8.5
      vertex 102.39294476391798 51.52725933896874 8.5
    endloop
  endfacet
  facet normal 0 0 -1
    outer loop
      vertex 101.7 47 8.5
      vertex 102.39294476391798 51.52725933896874 8.5
      vertex 102.49557904622395 51.50684411090095 8.5
    endloop
  endfacet
  facet normal 0 0 -1
    outer loop
      vertex 101.7 47 8.5
      vertex 102.49557904622395 51.50684411090095 8.5
      vertex 102.6 51.5 8.5
    endloop
  endfacet
  facet normal 0 0 -1
    outer loop
      vertex 101.7 47 8.5
      vertex 102.6 51.5 8.5
      vertex 102.70442095377604 51.50684411090095 8.5
    endloop
  endfacet
  facet normal 1 0 0
    outer loop
      vertex 101.7 47 7.824999999999999
      vertex 101.7 57.599999999999994 7.799999997019768
      vertex 101.7 57.6 7.824999999999999
    endloop
  endfacet
  facet normal 1 0 0
    outer loop
      vertex 101.7 47 7.824999999999999
      vertex 101.7 57.6 7.824999999999999
      vertex 101.7 57.6 8.375
    endloop
  endfacet
  facet normal 1 0 0
    outer loop
      vertex 101.7 47 7.824999999999999
      vertex 101.7 57.6 8.375
      vertex 101.7 57.6 8.5
    endloop
  endfacet
  facet normal 3.947459643111674e-15 -1 0
    outer loop
      vertex 101.7 57.599999999999994 6.6
      vertex 103.5 57.6 7.824999999999999
      vertex 101.7 57.599999999999994 7.799999997019768
    endloop
  endfacet
  facet normal 0 -1 2.842170604227343e-13
    outer loop
      vertex 101.7 57.599999999999994 7.799999997019768
      vertex 103.5 57.6 7.824999999999999
      vertex 101.7 57.6 7.824999999999999
    endloop
  endfacet
  facet normal 0 0 -1
    outer loop
      vertex 101.7 47 8.5
      vertex 101.7 57.6 8.5
      vertex 101.8 52.3 8.5
    endloop
  endfacet
  facet normal 0 0 -1
    outer loop
      vertex 101.7 57.6 8.5
      vertex 101.80684411090094 52.40442095377604 8.5
      vertex 101.8 52.3 8.5
    endloop
  endfacet
  facet normal 0 0 -1
    outer loop
      vertex 101.7 57.6 8.5
      vertex 101.82725933896874 52.50705523608201 8.5
      vertex 101.80684411090094 52.40442095377604 8.5
    endloop
  endfacet
  facet normal 0 0 -1
    outer loop
      vertex 101.7 57.6 8.5
      vertex 101.86089637399097 52.60614674589207 8.5
      vertex 101.82725933896874 52.50705523608201 8.5
    endloop
  endfacet
  facet normal 0 0 -1
    outer loop
      vertex 101.7 57.6 8.5
      vertex 101.90717967697245 52.699999999999996 8.5
      vertex 101.86089637399097 52.60614674589207 8.5
    endloop
  endfacet
  facet normal 0 0 -1
    outer loop
      vertex 101.7 57.6 8.5
      vertex 101.96531732776701 52.78700914320697 8.5
      vertex 101.90717967697245 52.699999999999996 8.5
    endloop
  endfacet
  facet normal 0 0 -1
    outer loop
      vertex 101.7 57.6 8.5
      vertex 102.03431457505076 52.865685424949234 8.5
      vertex 101.96531732776701 52.78700914320697 8.5
    endloop
  endfacet
  facet normal 0 0 -1
    outer loop
      vertex 101.7 57.6 8.5
      vertex 102.11299085679302 52.93468267223299 8.5
      vertex 102.03431457505076 52.865685424949234 8.5
    endloop
  endfacet
  facet normal 0 0 -1
    outer loop
      vertex 101.7 57.6 8.5
      vertex 102.19999999999999 52.99282032302755 8.5
      vertex 102.11299085679302 52.93468267223299 8.5
    endloop
  endfacet
  facet normal 0 0 -1
    outer loop
      vertex 101.7 57.6 8.5
      vertex 102.29385325410792 53.03910362600902 8.5
      vertex 102.19999999999999 52.99282032302755 8.5
    endloop
  endfacet
  facet normal 0 0 -1
    outer loop
      vertex 101.7 57.6 8.5
      vertex 102.39294476391798 53.072740661031254 8.5
      vertex 102.29385325410792 53.03910362600902 8.5
    endloop
  endfacet
  facet normal 0 0 -1
    outer loop
      vertex 101.7 57.6 8.5
      vertex 102.49557904622395 53.093155889099044 8.5
      vertex 102.39294476391798 53.072740661031254 8.5
    endloop
  endfacet
  facet normal 0 -1 0
    outer loop
      vertex 101.7 57.6 8.375
      vertex 103.5 57.6 8.375
      vertex 101.7 57.6 8.5
    endloop
  endfacet
  facet normal 0 1 0
    outer loop
      vertex 101.7 47 7.824999999999999
      vertex 103.5 47 7.824999999999999
      vertex 103.5 47 7.799999997019768
    endloop
  endfacet
  facet normal -1 0 0
    outer loop
      vertex 103.5 47 7.799999997019768
      vertex 103.5 47 7.824999999999999
      vertex 103.5 55.95260345370787 7.799999997019768
    endloop
  endfacet
  facet normal -1 0 0
    outer loop
      vertex 103.5 47 7.824999999999999
      vertex 103.5 47.01 7.824999999999999
      vertex 103.5 55.95260345370787 7.799999997019768
    endloop
  endfacet
  facet normal -1 0 0
    outer loop
      vertex 103.5 47.01 7.824999999999999
      vertex 103.5 47.01 8.375
      vertex 103.5 55.95260345370787 7.799999997019768
    endloop
  endfacet
  facet normal -1 0 0
    outer loop
      vertex 103.5 47.01 8.375
      vertex 103.5 47 8.5
      vertex 103.5 55.95260345370787 7.799999997019768
    endloop
  endfacet
  facet normal 0 1 0
    outer loop
      vertex 101.7 47 8.375
      vertex 103.5 47 8.5
      vertex 103.5 47 8.375
    endloop
  endfacet
  facet normal -1 0 0
    outer loop
      vertex 103.5 47 8.375
      vertex 103.5 47 8.5
      vertex 103.5 47.01 8.375
    endloop
  endfacet
  facet normal 0 0 -1
    outer loop
      vertex 101.7 47 8.5
      vertex 102.70442095377604 51.50684411090095 8.5
      vertex 103.5 47 8.5
    endloop
  endfacet
  facet normal 0 0 -1
    outer loop
      vertex 103.5 47 8.5
      vertex 102.70442095377604 51.50684411090095 8.5
      vertex 102.80705523608201 51.52725933896874 8.5
    endloop
  endfacet
  facet normal 0 0 -1
    outer loop
      vertex 103.5 47 8.5
      vertex 102.80705523608201 51.52725933896874 8.5
      vertex 102.90614674589207 51.56089637399097 8.5
    endloop
  endfacet
  facet normal 0 0 -1
    outer loop
      vertex 103.5 47 8.5
      vertex 102.90614674589207 51.56089637399097 8.5
      vertex 103 51.60717967697244 8.5
    endloop
  endfacet
  facet normal 0 0 -1
    outer loop
      vertex 103.5 47 8.5
      vertex 103 51.60717967697244 8.5
      vertex 103.08700914320697 51.665317327767006 8.5
    endloop
  endfacet
  facet normal 0 0 -1
    outer loop
      vertex 103.5 47 8.5
      vertex 103.08700914320697 51.665317327767006 8.5
      vertex 103.16568542494923 51.73431457505076 8.5
    endloop
  endfacet
  facet normal 0 0 -1
    outer loop
      vertex 103.5 47 8.5
      vertex 103.16568542494923 51.73431457505076 8.5
      vertex 103.23468267223298 51.81299085679302 8.5
    endloop
  endfacet
  facet normal 0 0 -1
    outer loop
      vertex 103.5 47 8.5
      vertex 103.23468267223298 51.81299085679302 8.5
      vertex 103.29282032302754 51.9 8.5
    endloop
  endfacet
  facet normal 0 0 -1
    outer loop
      vertex 103.5 47 8.5
      vertex 103.29282032302754 51.9 8.5
      vertex 103.33910362600902 51.993853254107925 8.5
    endloop
  endfacet
  facet normal 0 0 -1
    outer loop
      vertex 103.5 47 8.5
      vertex 103.33910362600902 51.993853254107925 8.5
      vertex 103.37274066103124 52.092944763917984 8.5
    endloop
  endfacet
  facet normal 0 0 -1
    outer loop
      vertex 103.5 47 8.5
      vertex 103.37274066103124 52.092944763917984 8.5
      vertex 103.39315588909905 52.195579046223955 8.5
    endloop
  endfacet
  facet normal 0 0 -1
    outer loop
      vertex 103.5 47 8.5
      vertex 103.39315588909905 52.195579046223955 8.5
      vertex 103.39999999999999 52.3 8.5
    endloop
  endfacet
  facet normal -1 0 0
    outer loop
      vertex 103.5 47 8.5
      vertex 103.5 57.589999999999996 7.824999999999999
      vertex 103.5 55.95260345370787 7.799999997019768
    endloop
  endfacet
  facet normal -1 0 0
    outer loop
      vertex 103.5 47 8.5
      vertex 103.5 57.589999999999996 8.375
      vertex 103.5 57.589999999999996 7.824999999999999
    endloop
  endfacet
  facet normal 3.947459643111674e-15 -1 -5.9211894793729325e-15
    outer loop
      vertex 101.7 57.599999999999994 6.6
      vertex 103.5 57.6 6.6
      vertex 103.5 57.599999999999994 7.799999997019768
    endloop
  endfacet
  facet normal -1.8947803981124875e-13 -1 2.842170604227333e-13
    outer loop
      vertex 101.7 57.599999999999994 6.6
      vertex 103.5 57.599999999999994 7.799999997019768
      vertex 103.5 57.6 7.824999999999999
    endloop
  endfacet
  facet normal -1 0 0
    outer loop
      vertex 103.5 55.95260345370787 7.799999997019768
      vertex 103.5 57.589999999999996 7.824999999999999
      vertex 103.5 57.599999999999994 7.799999997019768
    endloop
  endfacet
  facet normal -1 0 0
    outer loop
      vertex 103.5 57.599999999999994 7.799999997019768
      vertex 103.5 57.589999999999996 7.824999999999999
      vertex 103.5 57.6 7.824999999999999
    endloop
  endfacet
  facet normal 0 0 -1
    outer loop
      vertex 101.7 57.6 8.5
      vertex 103.5 57.6 8.5
      vertex 102.49557904622395 53.093155889099044 8.5
    endloop
  endfacet
  facet normal 0 0 -1
    outer loop
      vertex 103.5 57.6 8.5
      vertex 102.6 53.099999999999994 8.5
      vertex 102.49557904622395 53.093155889099044 8.5
    endloop
  endfacet
  facet normal 0 0 -1
    outer loop
      vertex 103.5 57.6 8.5
      vertex 102.70442095377604 53.093155889099044 8.5
      vertex 102.6 53.099999999999994 8.5
    endloop
  endfacet
  facet normal 0 0 -1
    outer loop
      vertex 103.5 57.6 8.5
      vertex 102.80705523608201 53.072740661031254 8.5
      vertex 102.70442095377604 53.093155889099044 8.5
    endloop
  endfacet
  facet normal 0 0 -1
    outer loop
      vertex 103.5 57.6 8.5
      vertex 102.90614674589207 53.03910362600902 8.5
      vertex 102.80705523608201 53.072740661031254 8.5
    endloop
  endfacet
  facet normal 0 0 -1
    outer loop
      vertex 103.5 57.6 8.5
      vertex 103.23468267223298 52.78700914320697 8.5
      vertex 103.16568542494923 52.865685424949234 8.5
    endloop
  endfacet
  facet normal 0 0 -1
    outer loop
      vertex 103.5 57.6 8.5
      vertex 103.29282032302754 52.699999999999996 8.5
      vertex 103.23468267223298 52.78700914320697 8.5
    endloop
  endfacet
  facet normal 0 0 -1
    outer loop
      vertex 103.5 47 8.5
      vertex 103.39999999999999 52.3 8.5
      vertex 103.5 57.6 8.5
    endloop
  endfacet
  facet normal 0 0 -1
    outer loop
      vertex 103.5 57.6 8.5
      vertex 103.33910362600902 52.60614674589207 8.5
      vertex 103.29282032302754 52.699999999999996 8.5
    endloop
  endfacet
  facet normal 0 0 -1
    outer loop
      vertex 103.5 57.6 8.5
      vertex 103.37274066103124 52.50705523608201 8.5
      vertex 103.33910362600902 52.60614674589207 8.5
    endloop
  endfacet
  facet normal 0 0 -1
    outer loop
      vertex 103.5 57.6 8.5
      vertex 103.39315588909905 52.40442095377604 8.5
      vertex 103.37274066103124 52.50705523608201 8.5
    endloop
  endfacet
  facet normal 0 0 -1
    outer loop
      vertex 103.5 57.6 8.5
      vertex 103.39999999999999 52.3 8.5
      vertex 103.39315588909905 52.40442095377604 8.5
    endloop
  endfacet
  facet normal -1 0 0
    outer loop
      vertex 103.5 47 8.5
      vertex 103.5 57.6 8.5
      vertex 103.5 57.589999999999996 8.375
    endloop
  endfacet
  facet normal 0 0 -1
    outer loop
      vertex 103.5 57.6 8.5
      vertex 103 52.99282032302755 8.5
      vertex 102.90614674589207 53.03910362600902 8.5
    endloop
  endfacet
  facet normal 0 0 -1
    outer loop
      vertex 103.5 57.6 8.5
      vertex 103.08700914320697 52.93468267223299 8.5
      vertex 103 52.99282032302755 8.5
    endloop
  endfacet
  facet normal 0 0 -1
    outer loop
      vertex 103.5 57.6 8.5
      vertex 103.16568542494923 52.865685424949234 8.5
      vertex 103.08700914320697 52.93468267223299 8.5
    endloop
  endfacet
  facet normal 0 -1 0
    outer loop
      vertex 101.7 57.6 8.5
      vertex 103.5 57.6 8.375
      vertex 103.5 57.6 8.5
    endloop
  endfacet
  facet normal -1 0 0
    outer loop
      vertex 103.5 57.589999999999996 8.375
      vertex 103.5 57.6 8.5
      vertex 103.5 57.6 8.375
    endloop
  endfacet
  facet normal -0.997858923238609 -0.06540312923005727 0
    outer loop
      vertex 101.80684411090094 52.195579046223955 8.35
      vertex 101.80684411090094 52.195579046223955 8.5
      vertex 101.8 52.3 8.35
    endloop
  endfacet
  facet normal -0.997858923238609 -0.06540312923005727 0
    outer loop
      vertex 101.8 52.3 8.35
      vertex 101.80684411090094 52.195579046223955 8.5
      vertex 101.8 52.3 8.5
    endloop
  endfacet
  facet normal -0.9469301294951127 -0.3214394653031404 0
    outer loop
      vertex 101.86089637399097 51.993853254107925 8.35
      vertex 101.86089637399097 51.993853254107925 8.5
      vertex 101.82725933896874 52.092944763917984 8.35
    endloop
  endfacet
  facet normal -0.8968727415326844 -0.44228869021900913 0
    outer loop
      vertex 101.86089637399097 51.993853254107925 8.35
      vertex 101.90717967697245 51.9 8.5
      vertex 101.86089637399097 51.993853254107925 8.5
    endloop
  endfacet
  facet normal -0.980785280403209 -0.1950903220162359 0
    outer loop
      vertex 101.82725933896874 52.092944763917984 8.35
      vertex 101.82725933896874 52.092944763917984 8.5
      vertex 101.80684411090094 52.195579046223955 8.35
    endloop
  endfacet
  facet normal 0 0 -1
    outer loop
      vertex 101.82725933896874 52.092944763917984 8.35
      vertex 101.80684411090094 52.195579046223955 8.35
      vertex 101.82725933896874 52.50705523608201 8.35
    endloop
  endfacet
  facet normal 0 0 -1
    outer loop
      vertex 101.86089637399097 51.993853254107925 8.35
      vertex 101.82725933896874 52.092944763917984 8.35
      vertex 101.86089637399097 52.60614674589207 8.35
    endloop
  endfacet
  facet normal -0.980785280403209 -0.1950903220162359 0
    outer loop
      vertex 101.80684411090094 52.195579046223955 8.35
      vertex 101.82725933896874 52.092944763917984 8.5
      vertex 101.80684411090094 52.195579046223955 8.5
    endloop
  endfacet
  facet normal -0.9469301294951127 -0.3214394653031404 0
    outer loop
      vertex 101.82725933896874 52.092944763917984 8.35
      vertex 101.86089637399097 51.993853254107925 8.5
      vertex 101.82725933896874 52.092944763917984 8.5
    endloop
  endfacet
  facet normal -0.7518398074789922 -0.6593458151000521 0
    outer loop
      vertex 101.96531732776701 51.81299085679302 8.35
      vertex 102.03431457505076 51.73431457505076 8.35
      vertex 102.03431457505076 51.73431457505076 8.5
    endloop
  endfacet
  facet normal -0.8968727415326844 -0.44228869021900913 0
    outer loop
      vertex 101.86089637399097 51.993853254107925 8.35
      vertex 101.90717967697245 51.9 8.35
      vertex 101.90717967697245 51.9 8.5
    endloop
  endfacet
  facet normal -0.8314696123025439 -0.5555702330196043 0
    outer loop
      vertex 101.90717967697245 51.9 8.35
      vertex 101.96531732776701 51.81299085679302 8.5
      vertex 101.90717967697245 51.9 8.5
    endloop
  endfacet
  facet normal 0 0 -1
    outer loop
      vertex 101.86089637399097 51.993853254107925 8.35
      vertex 101.90717967697245 52.699999999999996 8.35
      vertex 101.90717967697245 51.9 8.35
    endloop
  endfacet
  facet normal -0.8314696123025439 -0.5555702330196043 0
    outer loop
      vertex 101.96531732776701 51.81299085679302 8.35
      vertex 101.96531732776701 51.81299085679302 8.5
      vertex 101.90717967697245 51.9 8.35
    endloop
  endfacet
  facet normal -0.7518398074789922 -0.6593458151000521 0
    outer loop
      vertex 101.96531732776701 51.81299085679302 8.35
      vertex 102.03431457505076 51.73431457505076 8.5
      vertex 101.96531732776701 51.81299085679302 8.5
    endloop
  endfacet
  facet normal 0 0 -1
    outer loop
      vertex 101.96531732776701 51.81299085679302 8.35
      vertex 101.90717967697245 51.9 8.35
      vertex 101.96531732776701 52.78700914320697 8.35
    endloop
  endfacet
  facet normal 0 0 -1
    outer loop
      vertex 101.96531732776701 51.81299085679302 8.35
      vertex 102.03431457505076 52.865685424949234 8.35
      vertex 102.03431457505076 51.73431457505076 8.35
    endloop
  endfacet
  facet normal -0.6593458151000904 -0.7518398074789584 0
    outer loop
      vertex 102.03431457505076 51.73431457505076 8.35
      vertex 102.11299085679302 51.665317327767006 8.5
      vertex 102.03431457505076 51.73431457505076 8.5
    endloop
  endfacet
  facet normal -0.6593458151000904 -0.7518398074789584 0
    outer loop
      vertex 102.11299085679302 51.665317327767006 8.35
      vertex 102.11299085679302 51.665317327767006 8.5
      vertex 102.03431457505076 51.73431457505076 8.35
    endloop
  endfacet
  facet normal -0.5555702330196356 -0.8314696123025229 0
    outer loop
      vertex 102.11299085679302 51.665317327767006 8.35
      vertex 102.19999999999999 51.60717967697244 8.5
      vertex 102.11299085679302 51.665317327767006 8.5
    endloop
  endfacet
  facet normal 0 0 -1
    outer loop
      vertex 102.11299085679302 51.665317327767006 8.35
      vertex 102.03431457505076 51.73431457505076 8.35
      vertex 102.11299085679302 52.93468267223299 8.35
    endloop
  endfacet
  facet normal -0.5555702330196356 -0.8314696123025229 0
    outer loop
      vertex 102.11299085679302 51.665317327767006 8.35
      vertex 102.19999999999999 51.60717967697244 8.35
      vertex 102.19999999999999 51.60717967697244 8.5
    endloop
  endfacet
  facet normal -0.4422886902189545 -0.8968727415327113 0
    outer loop
      vertex 102.19999999999999 51.60717967697244 8.35
      vertex 102.29385325410792 51.56089637399097 8.35
      vertex 102.29385325410792 51.56089637399097 8.5
    endloop
  endfacet
  facet normal -0.4422886902189545 -0.8968727415327113 0
    outer loop
      vertex 102.19999999999999 51.60717967697244 8.35
      vertex 102.29385325410792 51.56089637399097 8.5
      vertex 102.19999999999999 51.60717967697244 8.5
    endloop
  endfacet
  facet normal 0 0 -1
    outer loop
      vertex 102.11299085679302 51.665317327767006 8.35
      vertex 102.19999999999999 52.99282032302755 8.35
      vertex 102.19999999999999 51.60717967697244 8.35
    endloop
  endfacet
  facet normal 0 0 -1
    outer loop
      vertex 102.19999999999999 51.60717967697244 8.35
      vertex 102.29385325410792 53.03910362600902 8.35
      vertex 102.29385325410792 51.56089637399097 8.35
    endloop
  endfacet
  facet normal -0.3214394653031807 -0.9469301294950992 0
    outer loop
      vertex 102.29385325410792 51.56089637399097 8.35
      vertex 102.39294476391798 51.52725933896874 8.5
      vertex 102.29385325410792 51.56089637399097 8.5
    endloop
  endfacet
  facet normal -0.3214394653031807 -0.9469301294950992 0
    outer loop
      vertex 102.29385325410792 51.56089637399097 8.35
      vertex 102.39294476391798 51.52725933896874 8.35
      vertex 102.39294476391798 51.52725933896874 8.5
    endloop
  endfacet
  facet normal 0 0 -1
    outer loop
      vertex 102.29385325410792 51.56089637399097 8.35
      vertex 102.39294476391798 53.072740661031254 8.35
      vertex 102.39294476391798 51.52725933896874 8.35
    endloop
  endfacet
  facet normal -0.1950903220161053 -0.980785280403235 0
    outer loop
      vertex 102.39294476391798 51.52725933896874 8.35
      vertex 102.49557904622395 51.50684411090095 8.35
      vertex 102.49557904622395 51.50684411090095 8.5
    endloop
  endfacet
  facet normal -0.1950903220161053 -0.980785280403235 0
    outer loop
      vertex 102.39294476391798 51.52725933896874 8.35
      vertex 102.49557904622395 51.50684411090095 8.5
      vertex 102.39294476391798 51.52725933896874 8.5
    endloop
  endfacet
  facet normal -0.06540312923012488 -0.9978589232386046 0
    outer loop
      vertex 102.49557904622395 51.50684411090095 8.35
      vertex 102.6 51.5 8.5
      vertex 102.49557904622395 51.50684411090095 8.5
    endloop
  endfacet
  facet normal 0 0 -1
    outer loop
      vertex 102.39294476391798 51.52725933896874 8.35
      vertex 102.49557904622395 53.093155889099044 8.35
      vertex 102.49557904622395 51.50684411090095 8.35
    endloop
  endfacet
  facet normal 0 0 -1
    outer loop
      vertex 101.80684411090094 52.195579046223955 8.35
      vertex 101.8 52.3 8.35
      vertex 101.80684411090094 52.40442095377604 8.35
    endloop
  endfacet
  facet normal -0.997858923238609 0.06540312923005727 0
    outer loop
      vertex 101.8 52.3 8.35
      vertex 101.8 52.3 8.5
      vertex 101.80684411090094 52.40442095377604 8.35
    endloop
  endfacet
  facet normal -0.997858923238609 0.06540312923005727 0
    outer loop
      vertex 101.80684411090094 52.40442095377604 8.35
      vertex 101.8 52.3 8.5
      vertex 101.80684411090094 52.40442095377604 8.5
    endloop
  endfacet
  facet normal 0 0 -1
    outer loop
      vertex 101.80684411090094 52.195579046223955 8.35
      vertex 101.80684411090094 52.40442095377604 8.35
      vertex 101.82725933896874 52.50705523608201 8.35
    endloop
  endfacet
  facet normal 0 0 -1
    outer loop
      vertex 101.82725933896874 52.092944763917984 8.35
      vertex 101.82725933896874 52.50705523608201 8.35
      vertex 101.86089637399097 52.60614674589207 8.35
    endloop
  endfacet
  facet normal -0.980785280403209 0.1950903220162359 0
    outer loop
      vertex 101.80684411090094 52.40442095377604 8.35
      vertex 101.80684411090094 52.40442095377604 8.5
      vertex 101.82725933896874 52.50705523608201 8.35
    endloop
  endfacet
  facet normal -0.9469301294951127 0.3214394653031404 0
    outer loop
      vertex 101.82725933896874 52.50705523608201 8.35
      vertex 101.82725933896874 52.50705523608201 8.5
      vertex 101.86089637399097 52.60614674589207 8.35
    endloop
  endfacet
  facet normal 0 0 -1
    outer loop
      vertex 101.86089637399097 51.993853254107925 8.35
      vertex 101.86089637399097 52.60614674589207 8.35
      vertex 101.90717967697245 52.699999999999996 8.35
    endloop
  endfacet
  facet normal -0.980785280403209 0.1950903220162359 0
    outer loop
      vertex 101.82725933896874 52.50705523608201 8.35
      vertex 101.80684411090094 52.40442095377604 8.5
      vertex 101.82725933896874 52.50705523608201 8.5
    endloop
  endfacet
  facet normal -0.8968727415326844 0.44228869021900913 0
    outer loop
      vertex 101.86089637399097 52.60614674589207 8.35
      vertex 101.86089637399097 52.60614674589207 8.5
      vertex 101.90717967697245 52.699999999999996 8.35
    endloop
  endfacet
  facet normal -0.9469301294951127 0.3214394653031404 0
    outer loop
      vertex 101.86089637399097 52.60614674589207 8.35
      vertex 101.82725933896874 52.50705523608201 8.5
      vertex 101.86089637399097 52.60614674589207 8.5
    endloop
  endfacet
  facet normal 0 0 -1
    outer loop
      vertex 101.90717967697245 51.9 8.35
      vertex 101.90717967697245 52.699999999999996 8.35
      vertex 101.96531732776701 52.78700914320697 8.35
    endloop
  endfacet
  facet normal -0.8314696123025439 0.5555702330196043 0
    outer loop
      vertex 101.90717967697245 52.699999999999996 8.35
      vertex 101.90717967697245 52.699999999999996 8.5
      vertex 101.96531732776701 52.78700914320697 8.35
    endloop
  endfacet
  facet normal -0.8968727415326844 0.44228869021900913 0
    outer loop
      vertex 101.90717967697245 52.699999999999996 8.35
      vertex 101.86089637399097 52.60614674589207 8.5
      vertex 101.90717967697245 52.699999999999996 8.5
    endloop
  endfacet
  facet normal 0 0 -1
    outer loop
      vertex 101.96531732776701 51.81299085679302 8.35
      vertex 101.96531732776701 52.78700914320697 8.35
      vertex 102.03431457505076 52.865685424949234 8.35
    endloop
  endfacet
  facet normal -0.7518398074789922 0.6593458151000521 0
    outer loop
      vertex 101.96531732776701 52.78700914320697 8.35
      vertex 101.96531732776701 52.78700914320697 8.5
      vertex 102.03431457505076 52.865685424949234 8.35
    endloop
  endfacet
  facet normal -0.8314696123025439 0.5555702330196043 0
    outer loop
      vertex 101.96531732776701 52.78700914320697 8.35
      vertex 101.90717967697245 52.699999999999996 8.5
      vertex 101.96531732776701 52.78700914320697 8.5
    endloop
  endfacet
  facet normal -0.7518398074789922 0.6593458151000521 0
    outer loop
      vertex 102.03431457505076 52.865685424949234 8.35
      vertex 101.96531732776701 52.78700914320697 8.5
      vertex 102.03431457505076 52.865685424949234 8.5
    endloop
  endfacet
  facet normal 0 0 -1
    outer loop
      vertex 102.03431457505076 51.73431457505076 8.35
      vertex 102.03431457505076 52.865685424949234 8.35
      vertex 102.11299085679302 52.93468267223299 8.35
    endloop
  endfacet
  facet normal 0 0 -1
    outer loop
      vertex 102.11299085679302 51.665317327767006 8.35
      vertex 102.11299085679302 52.93468267223299 8.35
      vertex 102.19999999999999 52.99282032302755 8.35
    endloop
  endfacet
  facet normal -0.6593458151000904 0.7518398074789584 0
    outer loop
      vertex 102.03431457505076 52.865685424949234 8.35
      vertex 102.03431457505076 52.865685424949234 8.5
      vertex 102.11299085679302 52.93468267223299 8.35
    endloop
  endfacet
  facet normal -0.5555702330196356 0.8314696123025229 0
    outer loop
      vertex 102.11299085679302 52.93468267223299 8.35
      vertex 102.11299085679302 52.93468267223299 8.5
      vertex 102.19999999999999 52.99282032302755 8.35
    endloop
  endfacet
  facet normal -0.6593458151000904 0.7518398074789584 0
    outer loop
      vertex 102.11299085679302 52.93468267223299 8.35
      vertex 102.03431457505076 52.865685424949234 8.5
      vertex 102.11299085679302 52.93468267223299 8.5
    endloop
  endfacet
  facet normal 0 0 -1
    outer loop
      vertex 102.19999999999999 51.60717967697244 8.35
      vertex 102.19999999999999 52.99282032302755 8.35
      vertex 102.29385325410792 53.03910362600902 8.35
    endloop
  endfacet
  facet normal -0.5555702330196356 0.8314696123025229 0
    outer loop
      vertex 102.19999999999999 52.99282032302755 8.35
      vertex 102.11299085679302 52.93468267223299 8.5
      vertex 102.19999999999999 52.99282032302755 8.5
    endloop
  endfacet
  facet normal -0.4422886902189545 0.8968727415327113 0
    outer loop
      vertex 102.19999999999999 52.99282032302755 8.35
      vertex 102.19999999999999 52.99282032302755 8.5
      vertex 102.29385325410792 53.03910362600902 8.35
    endloop
  endfacet
  facet normal -0.4422886902189545 0.8968727415327113 0
    outer loop
      vertex 102.29385325410792 53.03910362600902 8.35
      vertex 102.19999999999999 52.99282032302755 8.5
      vertex 102.29385325410792 53.03910362600902 8.5
    endloop
  endfacet
  facet normal 0 0 -1
    outer loop
      vertex 102.29385325410792 51.56089637399097 8.35
      vertex 102.29385325410792 53.03910362600902 8.35
      vertex 102.39294476391798 53.072740661031254 8.35
    endloop
  endfacet
  facet normal -0.3214394653031807 0.9469301294950992 0
    outer loop
      vertex 102.29385325410792 53.03910362600902 8.35
      vertex 102.29385325410792 53.03910362600902 8.5
      vertex 102.39294476391798 53.072740661031254 8.35
    endloop
  endfacet
  facet normal -0.3214394653031807 0.9469301294950992 0
    outer loop
      vertex 102.39294476391798 53.072740661031254 8.35
      vertex 102.29385325410792 53.03910362600902 8.5
      vertex 102.39294476391798 53.072740661031254 8.5
    endloop
  endfacet
  facet normal 0 0 -1
    outer loop
      vertex 102.39294476391798 51.52725933896874 8.35
      vertex 102.39294476391798 53.072740661031254 8.35
      vertex 102.49557904622395 53.093155889099044 8.35
    endloop
  endfacet
  facet normal 0 0 -1
    outer loop
      vertex 102.49557904622395 51.50684411090095 8.35
      vertex 102.49557904622395 53.093155889099044 8.35
      vertex 102.6 53.099999999999994 8.35
    endloop
  endfacet
  facet normal -0.1950903220161053 0.980785280403235 0
    outer loop
      vertex 102.39294476391798 53.072740661031254 8.35
      vertex 102.39294476391798 53.072740661031254 8.5
      vertex 102.49557904622395 53.093155889099044 8.35
    endloop
  endfacet
  facet normal -0.1950903220161053 0.980785280403235 0
    outer loop
      vertex 102.49557904622395 53.093155889099044 8.35
      vertex 102.39294476391798 53.072740661031254 8.5
      vertex 102.49557904622395 53.093155889099044 8.5
    endloop
  endfacet
  facet normal -0.06540312923012488 0.9978589232386046 0
    outer loop
      vertex 102.49557904622395 53.093155889099044 8.35
      vertex 102.49557904622395 53.093155889099044 8.5
      vertex 102.6 53.099999999999994 8.35
    endloop
  endfacet
  facet normal -0.06540312923012488 -0.9978589232386046 0
    outer loop
      vertex 102.49557904622395 51.50684411090095 8.35
      vertex 102.6 51.5 8.35
      vertex 102.6 51.5 8.5
    endloop
  endfacet
  facet normal 0.06540312923012488 -0.9978589232386046 0
    outer loop
      vertex 102.6 51.5 8.35
      vertex 102.70442095377604 51.50684411090095 8.5
      vertex 102.6 51.5 8.5
    endloop
  endfacet
  facet normal 0.06540312923012488 -0.9978589232386046 0
    outer loop
      vertex 102.6 51.5 8.35
      vertex 102.70442095377604 51.50684411090095 8.35
      vertex 102.70442095377604 51.50684411090095 8.5
    endloop
  endfacet
  facet normal 0 0 -1
    outer loop
      vertex 102.49557904622395 51.50684411090095 8.35
      vertex 102.6 53.099999999999994 8.35
      vertex 102.6 51.5 8.35
    endloop
  endfacet
  facet normal 0 0 -1
    outer loop
      vertex 102.6 51.5 8.35
      vertex 102.70442095377604 53.093155889099044 8.35
      vertex 102.70442095377604 51.50684411090095 8.35
    endloop
  endfacet
  facet normal 0.1950903220161053 -0.980785280403235 0
    outer loop
      vertex 102.70442095377604 51.50684411090095 8.35
      vertex 102.80705523608201 51.52725933896874 8.5
      vertex 102.70442095377604 51.50684411090095 8.5
    endloop
  endfacet
  facet normal 0.1950903220161053 -0.980785280403235 0
    outer loop
      vertex 102.70442095377604 51.50684411090095 8.35
      vertex 102.80705523608201 51.52725933896874 8.35
      vertex 102.80705523608201 51.52725933896874 8.5
    endloop
  endfacet
  facet normal 0 0 -1
    outer loop
      vertex 102.70442095377604 51.50684411090095 8.35
      vertex 102.80705523608201 53.072740661031254 8.35
      vertex 102.80705523608201 51.52725933896874 8.35
    endloop
  endfacet
  facet normal 0.3214394653031807 -0.9469301294950992 0
    outer loop
      vertex 102.80705523608201 51.52725933896874 8.35
      vertex 102.90614674589207 51.56089637399097 8.35
      vertex 102.90614674589207 51.56089637399097 8.5
    endloop
  endfacet
  facet normal 0.3214394653031807 -0.9469301294950992 0
    outer loop
      vertex 102.80705523608201 51.52725933896874 8.35
      vertex 102.90614674589207 51.56089637399097 8.5
      vertex 102.80705523608201 51.52725933896874 8.5
    endloop
  endfacet
  facet normal 0.4422886902189545 -0.8968727415327113 0
    outer loop
      vertex 102.90614674589207 51.56089637399097 8.35
      vertex 103 51.60717967697244 8.5
      vertex 102.90614674589207 51.56089637399097 8.5
    endloop
  endfacet
  facet normal 0 0 -1
    outer loop
      vertex 102.80705523608201 51.52725933896874 8.35
      vertex 102.90614674589207 53.03910362600902 8.35
      vertex 102.90614674589207 51.56089637399097 8.35
    endloop
  endfacet
  facet normal 0.4422886902189545 -0.8968727415327113 0
    outer loop
      vertex 102.90614674589207 51.56089637399097 8.35
      vertex 103 51.60717967697244 8.35
      vertex 103 51.60717967697244 8.5
    endloop
  endfacet
  facet normal 0.5555702330196356 -0.8314696123025229 0
    outer loop
      vertex 103 51.60717967697244 8.35
      vertex 103.08700914320697 51.665317327767006 8.35
      vertex 103.08700914320697 51.665317327767006 8.5
    endloop
  endfacet
  facet normal 0.5555702330196356 -0.8314696123025229 0
    outer loop
      vertex 103 51.60717967697244 8.35
      vertex 103.08700914320697 51.665317327767006 8.5
      vertex 103 51.60717967697244 8.5
    endloop
  endfacet
  facet normal 0 0 -1
    outer loop
      vertex 102.90614674589207 51.56089637399097 8.35
      vertex 103 52.99282032302755 8.35
      vertex 103 51.60717967697244 8.35
    endloop
  endfacet
  facet normal 0 0 -1
    outer loop
      vertex 103 51.60717967697244 8.35
      vertex 103.08700914320697 52.93468267223299 8.35
      vertex 103.08700914320697 51.665317327767006 8.35
    endloop
  endfacet
  facet normal 0.6593458151000904 -0.7518398074789584 0
    outer loop
      vertex 103.08700914320697 51.665317327767006 8.35
      vertex 103.16568542494923 51.73431457505076 8.35
      vertex 103.16568542494923 51.73431457505076 8.5
    endloop
  endfacet
  facet normal 0.6593458151000904 -0.7518398074789584 0
    outer loop
      vertex 103.08700914320697 51.665317327767006 8.35
      vertex 103.16568542494923 51.73431457505076 8.5
      vertex 103.08700914320697 51.665317327767006 8.5
    endloop
  endfacet
  facet normal 0.7518398074789922 -0.6593458151000521 0
    outer loop
      vertex 103.16568542494923 51.73431457505076 8.35
      vertex 103.23468267223298 51.81299085679302 8.5
      vertex 103.16568542494923 51.73431457505076 8.5
    endloop
  endfacet
  facet normal 0 0 -1
    outer loop
      vertex 103.08700914320697 51.665317327767006 8.35
      vertex 103.16568542494923 52.865685424949234 8.35
      vertex 103.16568542494923 51.73431457505076 8.35
    endloop
  endfacet
  facet normal 0.7518398074789922 -0.6593458151000521 0
    outer loop
      vertex 103.16568542494923 51.73431457505076 8.35
      vertex 103.23468267223298 51.81299085679302 8.35
      vertex 103.23468267223298 51.81299085679302 8.5
    endloop
  endfacet
  facet normal 0 0 -1
    outer loop
      vertex 103.16568542494923 51.73431457505076 8.35
      vertex 103.23468267223298 52.78700914320697 8.35
      vertex 103.23468267223298 51.81299085679302 8.35
    endloop
  endfacet
  facet normal 0.8314696123025439 -0.5555702330196043 0
    outer loop
      vertex 103.23468267223298 51.81299085679302 8.35
      vertex 103.29282032302754 51.9 8.35
      vertex 103.29282032302754 51.9 8.5
    endloop
  endfacet
  facet normal 0.8314696123025439 -0.5555702330196043 0
    outer loop
      vertex 103.23468267223298 51.81299085679302 8.35
      vertex 103.29282032302754 51.9 8.5
      vertex 103.23468267223298 51.81299085679302 8.5
    endloop
  endfacet
  facet normal 0 0 -1
    outer loop
      vertex 103.23468267223298 51.81299085679302 8.35
      vertex 103.29282032302754 52.699999999999996 8.35
      vertex 103.29282032302754 51.9 8.35
    endloop
  endfacet
  facet normal 0.8968727415326844 -0.44228869021900913 0
    outer loop
      vertex 103.29282032302754 51.9 8.35
      vertex 103.33910362600902 51.993853254107925 8.35
      vertex 103.33910362600902 51.993853254107925 8.5
    endloop
  endfacet
  facet normal 0.8968727415326844 -0.44228869021900913 0
    outer loop
      vertex 103.29282032302754 51.9 8.35
      vertex 103.33910362600902 51.993853254107925 8.5
      vertex 103.29282032302754 51.9 8.5
    endloop
  endfacet
  facet normal 0.9469301294951127 -0.3214394653031404 0
    outer loop
      vertex 103.33910362600902 51.993853254107925 8.35
      vertex 103.37274066103124 52.092944763917984 8.5
      vertex 103.33910362600902 51.993853254107925 8.5
    endloop
  endfacet
  facet normal 0 0 -1
    outer loop
      vertex 103.29282032302754 51.9 8.35
      vertex 103.33910362600902 52.60614674589207 8.35
      vertex 103.33910362600902 51.993853254107925 8.35
    endloop
  endfacet
  facet normal 0.9469301294951127 -0.3214394653031404 0
    outer loop
      vertex 103.33910362600902 51.993853254107925 8.35
      vertex 103.37274066103124 52.092944763917984 8.35
      vertex 103.37274066103124 52.092944763917984 8.5
    endloop
  endfacet
  facet normal 0.980785280403209 -0.1950903220162359 0
    outer loop
      vertex 103.37274066103124 52.092944763917984 8.35
      vertex 103.39315588909905 52.195579046223955 8.35
      vertex 103.39315588909905 52.195579046223955 8.5
    endloop
  endfacet
  facet normal 0 0 -1
    outer loop
      vertex 103.33910362600902 51.993853254107925 8.35
      vertex 103.37274066103124 52.50705523608201 8.35
      vertex 103.37274066103124 52.092944763917984 8.35
    endloop
  endfacet
  facet normal 0 0 -1
    outer loop
      vertex 103.37274066103124 52.092944763917984 8.35
      vertex 103.39315588909905 52.40442095377604 8.35
      vertex 103.39315588909905 52.195579046223955 8.35
    endloop
  endfacet
  facet normal 0.997858923238609 -0.06540312923005727 0
    outer loop
      vertex 103.39315588909905 52.195579046223955 8.35
      vertex 103.39999999999999 52.3 8.35
      vertex 103.39999999999999 52.3 8.5
    endloop
  endfacet
  facet normal 0.980785280403209 -0.1950903220162359 0
    outer loop
      vertex 103.37274066103124 52.092944763917984 8.35
      vertex 103.39315588909905 52.195579046223955 8.5
      vertex 103.37274066103124 52.092944763917984 8.5
    endloop
  endfacet
  facet normal 0.997858923238609 -0.06540312923005727 0
    outer loop
      vertex 103.39315588909905 52.195579046223955 8.35
      vertex 103.39999999999999 52.3 8.5
      vertex 103.39315588909905 52.195579046223955 8.5
    endloop
  endfacet
  facet normal 0 0 -1
    outer loop
      vertex 102.6 51.5 8.35
      vertex 102.6 53.099999999999994 8.35
      vertex 102.70442095377604 53.093155889099044 8.35
    endloop
  endfacet
  facet normal -0.06540312923012488 0.9978589232386046 0
    outer loop
      vertex 102.6 53.099999999999994 8.35
      vertex 102.49557904622395 53.093155889099044 8.5
      vertex 102.6 53.099999999999994 8.5
    endloop
  endfacet
  facet normal 0.06540312923012488 0.9978589232386046 0
    outer loop
      vertex 102.70442095377604 53.093155889099044 8.35
      vertex 102.6 53.099999999999994 8.5
      vertex 102.70442095377604 53.093155889099044 8.5
    endloop
  endfacet
  facet normal 0.06540312923012488 0.9978589232386046 0
    outer loop
      vertex 102.6 53.099999999999994 8.35
      vertex 102.6 53.099999999999994 8.5
      vertex 102.70442095377604 53.093155889099044 8.35
    endloop
  endfacet
  facet normal 0 0 -1
    outer loop
      vertex 102.70442095377604 51.50684411090095 8.35
      vertex 102.70442095377604 53.093155889099044 8.35
      vertex 102.80705523608201 53.072740661031254 8.35
    endloop
  endfacet
  facet normal 0.1950903220161053 0.980785280403235 0
    outer loop
      vertex 102.70442095377604 53.093155889099044 8.35
      vertex 102.70442095377604 53.093155889099044 8.5
      vertex 102.80705523608201 53.072740661031254 8.35
    endloop
  endfacet
  facet normal 0.1950903220161053 0.980785280403235 0
    outer loop
      vertex 102.80705523608201 53.072740661031254 8.35
      vertex 102.70442095377604 53.093155889099044 8.5
      vertex 102.80705523608201 53.072740661031254 8.5
    endloop
  endfacet
  facet normal 0 0 -1
    outer loop
      vertex 102.80705523608201 51.52725933896874 8.35
      vertex 102.80705523608201 53.072740661031254 8.35
      vertex 102.90614674589207 53.03910362600902 8.35
    endloop
  endfacet
  facet normal 0 0 -1
    outer loop
      vertex 102.90614674589207 51.56089637399097 8.35
      vertex 102.90614674589207 53.03910362600902 8.35
      vertex 103 52.99282032302755 8.35
    endloop
  endfacet
  facet normal 0.3214394653031807 0.9469301294950992 0
    outer loop
      vertex 102.80705523608201 53.072740661031254 8.35
      vertex 102.80705523608201 53.072740661031254 8.5
      vertex 102.90614674589207 53.03910362600902 8.35
    endloop
  endfacet
  facet normal 0.3214394653031807 0.9469301294950992 0
    outer loop
      vertex 102.90614674589207 53.03910362600902 8.35
      vertex 102.80705523608201 53.072740661031254 8.5
      vertex 102.90614674589207 53.03910362600902 8.5
    endloop
  endfacet
  facet normal 0.4422886902189545 0.8968727415327113 0
    outer loop
      vertex 102.90614674589207 53.03910362600902 8.35
      vertex 102.90614674589207 53.03910362600902 8.5
      vertex 103 52.99282032302755 8.35
    endloop
  endfacet
  facet normal 0 0 -1
    outer loop
      vertex 103 51.60717967697244 8.35
      vertex 103 52.99282032302755 8.35
      vertex 103.08700914320697 52.93468267223299 8.35
    endloop
  endfacet
  facet normal 0.4422886902189545 0.8968727415327113 0
    outer loop
      vertex 103 52.99282032302755 8.35
      vertex 102.90614674589207 53.03910362600902 8.5
      vertex 103 52.99282032302755 8.5
    endloop
  endfacet
  facet normal 0.5555702330196356 0.8314696123025229 0
    outer loop
      vertex 103 52.99282032302755 8.35
      vertex 103 52.99282032302755 8.5
      vertex 103.08700914320697 52.93468267223299 8.35
    endloop
  endfacet
  facet normal 0.5555702330196356 0.8314696123025229 0
    outer loop
      vertex 103.08700914320697 52.93468267223299 8.35
      vertex 103 52.99282032302755 8.5
      vertex 103.08700914320697 52.93468267223299 8.5
    endloop
  endfacet
  facet normal 0 0 -1
    outer loop
      vertex 103.08700914320697 51.665317327767006 8.35
      vertex 103.08700914320697 52.93468267223299 8.35
      vertex 103.16568542494923 52.865685424949234 8.35
    endloop
  endfacet
  facet normal 0 0 -1
    outer loop
      vertex 103.16568542494923 51.73431457505076 8.35
      vertex 103.16568542494923 52.865685424949234 8.35
      vertex 103.23468267223298 52.78700914320697 8.35
    endloop
  endfacet
  facet normal 0.7518398074789922 0.6593458151000521 0
    outer loop
      vertex 103.23468267223298 52.78700914320697 8.35
      vertex 103.16568542494923 52.865685424949234 8.5
      vertex 103.23468267223298 52.78700914320697 8.5
    endloop
  endfacet
  facet normal 0.6593458151000904 0.7518398074789584 0
    outer loop
      vertex 103.16568542494923 52.865685424949234 8.35
      vertex 103.08700914320697 52.93468267223299 8.35
      vertex 103.08700914320697 52.93468267223299 8.5
    endloop
  endfacet
  facet normal 0.6593458151000904 0.7518398074789584 0
    outer loop
      vertex 103.16568542494923 52.865685424949234 8.35
      vertex 103.08700914320697 52.93468267223299 8.5
      vertex 103.16568542494923 52.865685424949234 8.5
    endloop
  endfacet
  facet normal 0.7518398074789922 0.6593458151000521 0
    outer loop
      vertex 103.16568542494923 52.865685424949234 8.35
      vertex 103.16568542494923 52.865685424949234 8.5
      vertex 103.23468267223298 52.78700914320697 8.35
    endloop
  endfacet
  facet normal 0 0 -1
    outer loop
      vertex 103.23468267223298 51.81299085679302 8.35
      vertex 103.23468267223298 52.78700914320697 8.35
      vertex 103.29282032302754 52.699999999999996 8.35
    endloop
  endfacet
  facet normal 0.8314696123025439 0.5555702330196043 0
    outer loop
      vertex 103.23468267223298 52.78700914320697 8.35
      vertex 103.23468267223298 52.78700914320697 8.5
      vertex 103.29282032302754 52.699999999999996 8.35
    endloop
  endfacet
  facet normal 0.8314696123025439 0.5555702330196043 0
    outer loop
      vertex 103.29282032302754 52.699999999999996 8.35
      vertex 103.23468267223298 52.78700914320697 8.5
      vertex 103.29282032302754 52.699999999999996 8.5
    endloop
  endfacet
  facet normal 0 0 -1
    outer loop
      vertex 103.29282032302754 51.9 8.35
      vertex 103.29282032302754 52.699999999999996 8.35
      vertex 103.33910362600902 52.60614674589207 8.35
    endloop
  endfacet
  facet normal 0 0 -1
    outer loop
      vertex 103.33910362600902 51.993853254107925 8.35
      vertex 103.33910362600902 52.60614674589207 8.35
      vertex 103.37274066103124 52.50705523608201 8.35
    endloop
  endfacet
  facet normal 0.8968727415326844 0.44228869021900913 0
    outer loop
      vertex 103.33910362600902 52.60614674589207 8.35
      vertex 103.29282032302754 52.699999999999996 8.35
      vertex 103.29282032302754 52.699999999999996 8.5
    endloop
  endfacet
  facet normal 0.9469301294951127 0.3214394653031404 0
    outer loop
      vertex 103.37274066103124 52.50705523608201 8.35
      vertex 103.33910362600902 52.60614674589207 8.35
      vertex 103.33910362600902 52.60614674589207 8.5
    endloop
  endfacet
  facet normal 0.8968727415326844 0.44228869021900913 0
    outer loop
      vertex 103.33910362600902 52.60614674589207 8.35
      vertex 103.29282032302754 52.699999999999996 8.5
      vertex 103.33910362600902 52.60614674589207 8.5
    endloop
  endfacet
  facet normal 0 0 -1
    outer loop
      vertex 103.37274066103124 52.092944763917984 8.35
      vertex 103.37274066103124 52.50705523608201 8.35
      vertex 103.39315588909905 52.40442095377604 8.35
    endloop
  endfacet
  facet normal 0.980785280403209 0.1950903220162359 0
    outer loop
      vertex 103.39315588909905 52.40442095377604 8.35
      vertex 103.37274066103124 52.50705523608201 8.35
      vertex 103.37274066103124 52.50705523608201 8.5
    endloop
  endfacet
  facet normal 0 0 -1
    outer loop
      vertex 103.39315588909905 52.195579046223955 8.35
      vertex 103.39315588909905 52.40442095377604 8.35
      vertex 103.39999999999999 52.3 8.35
    endloop
  endfacet
  facet normal 0.997858923238609 0.06540312923005727 0
    outer loop
      vertex 103.39999999999999 52.3 8.35
      vertex 103.39315588909905 52.40442095377604 8.35
      vertex 103.39315588909905 52.40442095377604 8.5
    endloop
  endfacet
  facet normal 0.9469301294951127 0.3214394653031404 0
    outer loop
      vertex 103.37274066103124 52.50705523608201 8.35
      vertex 103.33910362600902 52.60614674589207 8.5
      vertex 103.37274066103124 52.50705523608201 8.5
    endloop
  endfacet
  facet normal 0.980785280403209 0.1950903220162359 0
    outer loop
      vertex 103.39315588909905 52.40442095377604 8.35
      vertex 103.37274066103124 52.50705523608201 8.5
      vertex 103.39315588909905 52.40442095377604 8.5
    endloop
  endfacet
  facet normal 0.997858923238609 0.06540312923005727 0
    outer loop
      vertex 103.39999999999999 52.3 8.35
      vertex 103.39315588909905 52.40442095377604 8.5
      vertex 103.39999999999999 52.3 8.5
    endloop
  endfacet
endsolid OpenSCAD_Model
