solid OpenSCAD_Model
  facet normal 0 0 1
    outer loop
      vertex 100.64778951853515 39.903422051668166 5.6
      vertex 100.30000000000001 40.32257244228591 5.6
      vertex 100.62694956328123 39.90756737727406 5.6
    endloop
  endfacet
  facet normal 0.19509035688669416 0.980785273467043 0
    outer loop
      vertex 100.64778951853515 39.903422051668166 5.6
      vertex 100.62694956328123 39.90756737727406 5.6
      vertex 100.64778951853515 39.903422051668166 5.8999999999999995
    endloop
  endfacet
  facet normal 0.06540305340084454 0.9978589282087154 0
    outer loop
      vertex 100.64778951853515 39.903422051668166 5.6
      vertex 100.64778951853515 39.903422051668166 5.8999999999999995
      vertex 100.6999999985099 39.9 5.6
    endloop
  endfacet
  facet normal 0.19509035688669416 0.980785273467043 0
    outer loop
      vertex 100.62694956328123 39.90756737727406 5.8999999999999995
      vertex 100.64778951853515 39.903422051668166 5.8999999999999995
      vertex 100.62694956328123 39.90756737727406 5.6
    endloop
  endfacet
  facet normal 0.06540305340084454 0.9978589282087154 0
    outer loop
      vertex 100.6999999985099 39.9 5.6
      vertex 100.64778951853515 39.903422051668166 5.8999999999999995
      vertex 100.6999999985099 39.9 5.8999999999999995
    endloop
  endfacet
  facet normal 0 0 1
    outer loop
      vertex 100.64999999999999 41.4 5.6
      vertex 100.30000000000001 42.500000001490115 5.6
      vertex 100.30000000000001 40.32257244228591 5.6
    endloop
  endfacet
  facet normal 1 0 0
    outer loop
      vertex 100.30000000000001 42.500000001490115 5.6
      vertex 100.30000000000001 42.500000001490115 5.8999999999999995
      vertex 100.30000000000001 40.32257244228591 5.6
    endloop
  endfacet
  facet normal 0 0 1
    outer loop
      vertex 100.64999999999999 41.4 5.6
      vertex 100.30342205166818 42.55221048146486 5.6
      vertex 100.30000000000001 42.500000001490115 5.6
    endloop
  endfacet
  facet normal 0 0 1
    outer loop
      vertex 100.64999999999999 41.4 5.6
      vertex 100.31362966746093 42.603527621924876 5.6
      vertex 100.30342205166818 42.55221048146486 5.6
    endloop
  endfacet
  facet normal 0 0 1
    outer loop
      vertex 100.64999999999999 41.4 5.6
      vertex 100.33044818341733 42.65307337194681 5.6
      vertex 100.31362966746093 42.603527621924876 5.6
    endloop
  endfacet
  facet normal 0 0 1
    outer loop
      vertex 100.64999999999999 41.4 5.6
      vertex 100.35358983576299 42.70000000447035 5.6
      vertex 100.33044818341733 42.65307337194681 5.6
    endloop
  endfacet
  facet normal 0 0 1
    outer loop
      vertex 100.64999999999999 41.4 5.6
      vertex 100.38265866339208 42.743504570424555 5.6
      vertex 100.35358983576299 42.70000000447035 5.6
    endloop
  endfacet
  facet normal 0 0 1
    outer loop
      vertex 100.64999999999999 41.4 5.6
      vertex 100.41715728789569 42.78284271210432 5.6
      vertex 100.38265866339208 42.743504570424555 5.6
    endloop
  endfacet
  facet normal 0 0 1
    outer loop
      vertex 100.64999999999999 41.4 5.6
      vertex 100.45649542957545 42.81734133660793 5.6
      vertex 100.41715728789569 42.78284271210432 5.6
    endloop
  endfacet
  facet normal 0 0 1
    outer loop
      vertex 100.64999999999999 41.4 5.6
      vertex 100.49999999552966 42.84641016423702 5.6
      vertex 100.45649542957545 42.81734133660793 5.6
    endloop
  endfacet
  facet normal 0 0 1
    outer loop
      vertex 100.64999999999999 41.4 5.6
      vertex 100.5469266280532 42.86955181658268 5.6
      vertex 100.49999999552966 42.84641016423702 5.6
    endloop
  endfacet
  facet normal 0 0 1
    outer loop
      vertex 100.64999999999999 41.4 5.6
      vertex 100.59647237807513 42.88637033253908 5.6
      vertex 100.5469266280532 42.86955181658268 5.6
    endloop
  endfacet
  facet normal 0 0 1
    outer loop
      vertex 100.64999999999999 41.4 5.6
      vertex 100.64778951853515 42.89657794833183 5.6
      vertex 100.59647237807513 42.88637033253908 5.6
    endloop
  endfacet
  facet normal 0 0 1
    outer loop
      vertex 100.64999999999999 41.4 5.6
      vertex 100.64999999999999 42.89672283077282 5.6
      vertex 100.64778951853515 42.89657794833183 5.6
    endloop
  endfacet
  facet normal 0.9978589282087154 -0.06540305340084454 0
    outer loop
      vertex 100.30000000000001 42.500000001490115 5.6
      vertex 100.30342205166818 42.55221048146486 5.6
      vertex 100.30342205166818 42.55221048146486 5.8999999999999995
    endloop
  endfacet
  facet normal 0.9807852734670753 -0.1950903568865309 0
    outer loop
      vertex 100.30342205166818 42.55221048146486 5.6
      vertex 100.31362966746093 42.603527621924876 5.6
      vertex 100.31362966746093 42.603527621924876 5.8999999999999995
    endloop
  endfacet
  facet normal 0.9469301288966354 -0.321439467066198 0
    outer loop
      vertex 100.31362966746093 42.603527621924876 5.6
      vertex 100.33044818341733 42.65307337194681 5.6
      vertex 100.33044818341733 42.65307337194681 5.8999999999999995
    endloop
  endfacet
  facet normal 0.8968727555004395 -0.4422886618952022 0
    outer loop
      vertex 100.33044818341733 42.65307337194681 5.6
      vertex 100.35358983576299 42.70000000447035 5.6
      vertex 100.35358983576299 42.70000000447035 5.8999999999999995
    endloop
  endfacet
  facet normal 0.8314695592726233 -0.5555703123844806 0
    outer loop
      vertex 100.35358983576299 42.70000000447035 5.6
      vertex 100.38265866339208 42.743504570424555 5.6
      vertex 100.38265866339208 42.743504570424555 5.8999999999999995
    endloop
  endfacet
  facet normal 0.7518398060333287 -0.6593458167485153 0
    outer loop
      vertex 100.38265866339208 42.743504570424555 5.6
      vertex 100.41715728789569 42.78284271210432 5.6
      vertex 100.41715728789569 42.78284271210432 5.8999999999999995
    endloop
  endfacet
  facet normal 0.6593458167485153 -0.7518398060333287 0
    outer loop
      vertex 100.41715728789569 42.78284271210432 5.6
      vertex 100.45649542957545 42.81734133660793 5.6
      vertex 100.45649542957545 42.81734133660793 5.8999999999999995
    endloop
  endfacet
  facet normal 0.5555703123844806 -0.8314695592726233 0
    outer loop
      vertex 100.45649542957545 42.81734133660793 5.6
      vertex 100.49999999552966 42.84641016423702 5.6
      vertex 100.49999999552966 42.84641016423702 5.8999999999999995
    endloop
  endfacet
  facet normal 0.4422886618952022 -0.8968727555004395 0
    outer loop
      vertex 100.49999999552966 42.84641016423702 5.6
      vertex 100.5469266280532 42.86955181658268 5.6
      vertex 100.5469266280532 42.86955181658268 5.8999999999999995
    endloop
  endfacet
  facet normal 0.321439467066198 -0.9469301288966354 0
    outer loop
      vertex 100.5469266280532 42.86955181658268 5.6
      vertex 100.59647237807513 42.88637033253908 5.6
      vertex 100.59647237807513 42.88637033253908 5.8999999999999995
    endloop
  endfacet
  facet normal 0.1950903568865309 -0.9807852734670753 0
    outer loop
      vertex 100.59647237807513 42.88637033253908 5.6
      vertex 100.64778951853515 42.89657794833183 5.6
      vertex 100.64778951853515 42.89657794833183 5.8999999999999995
    endloop
  endfacet
  facet normal 0.06540305339986188 -0.9978589282087799 0
    outer loop
      vertex 100.64778951853515 42.89657794833183 5.6
      vertex 100.64999999999999 42.89672283077282 5.6
      vertex 100.64999999999999 42.89672283077282 5.8999999999999995
    endloop
  endfacet
  facet normal 1 0 0
    outer loop
      vertex 100.30000000000001 40.32257244228591 5.6
      vertex 100.30000000000001 42.500000001490115 5.8999999999999995
      vertex 100.30000000000001 40.32257244228591 5.8999999999999995
    endloop
  endfacet
  facet normal 0.9978589282087154 -0.06540305340084454 0
    outer loop
      vertex 100.30000000000001 42.500000001490115 5.6
      vertex 100.30342205166818 42.55221048146486 5.8999999999999995
      vertex 100.30000000000001 42.500000001490115 5.8999999999999995
    endloop
  endfacet
  facet normal 0.9807852734670753 -0.1950903568865309 0
    outer loop
      vertex 100.30342205166818 42.55221048146486 5.6
      vertex 100.31362966746093 42.603527621924876 5.8999999999999995
      vertex 100.30342205166818 42.55221048146486 5.8999999999999995
    endloop
  endfacet
  facet normal 0.9469301288966354 -0.321439467066198 0
    outer loop
      vertex 100.31362966746093 42.603527621924876 5.6
      vertex 100.33044818341733 42.65307337194681 5.8999999999999995
      vertex 100.31362966746093 42.603527621924876 5.8999999999999995
    endloop
  endfacet
  facet normal 0.8968727555004395 -0.4422886618952022 0
    outer loop
      vertex 100.33044818341733 42.65307337194681 5.6
      vertex 100.35358983576299 42.70000000447035 5.8999999999999995
      vertex 100.33044818341733 42.65307337194681 5.8999999999999995
    endloop
  endfacet
  facet normal 0.8314695592726233 -0.5555703123844806 0
    outer loop
      vertex 100.35358983576299 42.70000000447035 5.6
      vertex 100.38265866339208 42.743504570424555 5.8999999999999995
      vertex 100.35358983576299 42.70000000447035 5.8999999999999995
    endloop
  endfacet
  facet normal 0.7518398060333287 -0.6593458167485153 0
    outer loop
      vertex 100.38265866339208 42.743504570424555 5.6
      vertex 100.41715728789569 42.78284271210432 5.8999999999999995
      vertex 100.38265866339208 42.743504570424555 5.8999999999999995
    endloop
  endfacet
  facet normal 0.6593458167485153 -0.7518398060333287 0
    outer loop
      vertex 100.41715728789569 42.78284271210432 5.6
      vertex 100.45649542957545 42.81734133660793 5.8999999999999995
      vertex 100.41715728789569 42.78284271210432 5.8999999999999995
    endloop
  endfacet
  facet normal 0.5555703123844806 -0.8314695592726233 0
    outer loop
      vertex 100.45649542957545 42.81734133660793 5.6
      vertex 100.49999999552966 42.84641016423702 5.8999999999999995
      vertex 100.45649542957545 42.81734133660793 5.8999999999999995
    endloop
  endfacet
  facet normal 0.4422886618952022 -0.8968727555004395 0
    outer loop
      vertex 100.49999999552966 42.84641016423702 5.6
      vertex 100.5469266280532 42.86955181658268 5.8999999999999995
      vertex 100.49999999552966 42.84641016423702 5.8999999999999995
    endloop
  endfacet
  facet normal 0.321439467066198 -0.9469301288966354 0
    outer loop
      vertex 100.5469266280532 42.86955181658268 5.6
      vertex 100.59647237807513 42.88637033253908 5.8999999999999995
      vertex 100.5469266280532 42.86955181658268 5.8999999999999995
    endloop
  endfacet
  facet normal 0.1950903568865309 -0.9807852734670753 0
    outer loop
      vertex 100.59647237807513 42.88637033253908 5.6
      vertex 100.64778951853515 42.89657794833183 5.8999999999999995
      vertex 100.59647237807513 42.88637033253908 5.8999999999999995
    endloop
  endfacet
  facet normal 0.06540305339986188 -0.9978589282087799 0
    outer loop
      vertex 100.64778951853515 42.89657794833183 5.6
      vertex 100.64999999999999 42.89672283077282 5.8999999999999995
      vertex 100.64778951853515 42.89657794833183 5.8999999999999995
    endloop
  endfacet
  facet normal 0 0 1
    outer loop
      vertex 100.64778951853515 39.903422051668166 5.6
      vertex 102.80000000000001 39.953589835762976 5.6
      vertex 100.30000000000001 40.32257244228591 5.6
    endloop
  endfacet
  facet normal 0 1 0
    outer loop
      vertex 100.6999999985099 39.9 5.6
      vertex 100.6999999985099 39.9 5.8999999999999995
      vertex 102.59999999701978 39.9 5.6
    endloop
  endfacet
  facet normal 0 0 1
    outer loop
      vertex 100.64778951853515 39.903422051668166 5.6
      vertex 100.6999999985099 39.9 5.6
      vertex 102.75307336747647 39.93044818341732 5.6
    endloop
  endfacet
  facet normal 0 1 0
    outer loop
      vertex 102.59999999701978 39.9 5.6
      vertex 100.6999999985099 39.9 5.8999999999999995
      vertex 101.09870029032439 39.9 5.8999999999999995
    endloop
  endfacet
  facet normal 0 0 1
    outer loop
      vertex 100.64999999999999 41.4 5.6
      vertex 100.30000000000001 40.32257244228591 5.6
      vertex 102.99999999552966 41.4 5.6
    endloop
  endfacet
  facet normal 0 0 1
    outer loop
      vertex 100.6999999985099 39.9 5.6
      vertex 102.59999999701978 39.9 5.6
      vertex 102.70352761745454 39.91362966746092 5.6
    endloop
  endfacet
  facet normal 0 0 1
    outer loop
      vertex 100.6999999985099 39.9 5.6
      vertex 102.70352761745454 39.91362966746092 5.6
      vertex 102.75307336747647 39.93044818341732 5.6
    endloop
  endfacet
  facet normal 0 0 1
    outer loop
      vertex 100.64778951853515 39.903422051668166 5.6
      vertex 102.75307336747647 39.93044818341732 5.6
      vertex 102.80000000000001 39.953589835762976 5.6
    endloop
  endfacet
  facet normal 0 0 1
    outer loop
      vertex 102.59999999701978 39.9 5.6
      vertex 102.65221047699453 39.903422051668166 5.6
      vertex 102.70352761745454 39.91362966746092 5.6
    endloop
  endfacet
  facet normal -0.06540305340084454 0.9978589282087154 0
    outer loop
      vertex 102.59999999701978 39.9 5.6
      vertex 102.59999999701978 39.9 5.8999999999999995
      vertex 102.65221047699453 39.903422051668166 5.6
    endloop
  endfacet
  facet normal -0.1950903568865309 0.9807852734670753 0
    outer loop
      vertex 102.65221047699453 39.903422051668166 5.6
      vertex 102.65221047699453 39.903422051668166 5.8999999999999995
      vertex 102.70352761745454 39.91362966746092 5.6
    endloop
  endfacet
  facet normal -0.321439467066198 0.9469301288966354 0
    outer loop
      vertex 102.70352761745454 39.91362966746092 5.6
      vertex 102.70352761745454 39.91362966746092 5.8999999999999995
      vertex 102.75307336747647 39.93044818341732 5.6
    endloop
  endfacet
  facet normal -0.4422886618952022 0.8968727555004395 0
    outer loop
      vertex 102.75307336747647 39.93044818341732 5.6
      vertex 102.75307336747647 39.93044818341732 5.8999999999999995
      vertex 102.80000000000001 39.953589835762976 5.6
    endloop
  endfacet
  facet normal -0.5555703123844806 0.8314695592726233 0
    outer loop
      vertex 102.80000000000001 39.953589835762976 5.6
      vertex 102.80000000000001 39.953589835762976 5.8999999999999995
      vertex 102.84350456595422 39.982658663392066 5.6
    endloop
  endfacet
  facet normal -0.6593458167485153 0.7518398060333287 0
    outer loop
      vertex 102.84350456595422 39.982658663392066 5.6
      vertex 102.84350456595422 39.982658663392066 5.8999999999999995
      vertex 102.88284270763398 40.01715728789568 5.6
    endloop
  endfacet
  facet normal -0.7518398060333287 0.6593458167485153 0
    outer loop
      vertex 102.88284270763398 40.01715728789568 5.6
      vertex 102.88284270763398 40.01715728789568 5.8999999999999995
      vertex 102.9173413321376 40.05649542957544 5.6
    endloop
  endfacet
  facet normal -0.8314695592726233 0.5555703123844806 0
    outer loop
      vertex 102.9173413321376 40.05649542957544 5.6
      vertex 102.9173413321376 40.05649542957544 5.8999999999999995
      vertex 102.94641015976669 40.09999999552965 5.6
    endloop
  endfacet
  facet normal 0 1 0
    outer loop
      vertex 102.59999999701978 39.9 5.6
      vertex 101.09870029032439 39.9 5.8999999999999995
      vertex 102.59999999701978 39.9 5.8999999999999995
    endloop
  endfacet
  facet normal -0.06540305340084454 0.9978589282087154 0
    outer loop
      vertex 102.65221047699453 39.903422051668166 5.6
      vertex 102.59999999701978 39.9 5.8999999999999995
      vertex 102.65221047699453 39.903422051668166 5.8999999999999995
    endloop
  endfacet
  facet normal -0.1950903568865309 0.9807852734670753 0
    outer loop
      vertex 102.70352761745454 39.91362966746092 5.6
      vertex 102.65221047699453 39.903422051668166 5.8999999999999995
      vertex 102.70352761745454 39.91362966746092 5.8999999999999995
    endloop
  endfacet
  facet normal -0.321439467066198 0.9469301288966354 0
    outer loop
      vertex 102.75307336747647 39.93044818341732 5.6
      vertex 102.70352761745454 39.91362966746092 5.8999999999999995
      vertex 102.75307336747647 39.93044818341732 5.8999999999999995
    endloop
  endfacet
  facet normal -0.4422886618952022 0.8968727555004395 0
    outer loop
      vertex 102.80000000000001 39.953589835762976 5.6
      vertex 102.75307336747647 39.93044818341732 5.8999999999999995
      vertex 102.80000000000001 39.953589835762976 5.8999999999999995
    endloop
  endfacet
  facet normal -0.5555703123844806 0.8314695592726233 0
    outer loop
      vertex 102.84350456595422 39.982658663392066 5.6
      vertex 102.80000000000001 39.953589835762976 5.8999999999999995
      vertex 102.84350456595422 39.982658663392066 5.8999999999999995
    endloop
  endfacet
  facet normal -0.6593458167485153 0.7518398060333287 0
    outer loop
      vertex 102.88284270763398 40.01715728789568 5.6
      vertex 102.84350456595422 39.982658663392066 5.8999999999999995
      vertex 102.88284270763398 40.01715728789568 5.8999999999999995
    endloop
  endfacet
  facet normal -0.7518398060333287 0.6593458167485153 0
    outer loop
      vertex 102.9173413321376 40.05649542957544 5.6
      vertex 102.88284270763398 40.01715728789568 5.8999999999999995
      vertex 102.9173413321376 40.05649542957544 5.8999999999999995
    endloop
  endfacet
  facet normal 0 0 1
    outer loop
      vertex 102.80000000000001 39.953589835762976 5.6
      vertex 102.84350456595422 39.982658663392066 5.6
      vertex 100.30000000000001 40.32257244228591 5.6
    endloop
  endfacet
  facet normal 0 0 1
    outer loop
      vertex 102.84350456595422 39.982658663392066 5.6
      vertex 102.88284270763398 40.01715728789568 5.6
      vertex 100.30000000000001 40.32257244228591 5.6
    endloop
  endfacet
  facet normal 0 0 1
    outer loop
      vertex 102.88284270763398 40.01715728789568 5.6
      vertex 102.9173413321376 40.05649542957544 5.6
      vertex 100.30000000000001 40.32257244228591 5.6
    endloop
  endfacet
  facet normal 0 0 1
    outer loop
      vertex 102.9173413321376 40.05649542957544 5.6
      vertex 102.94641015976669 40.09999999552965 5.6
      vertex 100.30000000000001 40.32257244228591 5.6
    endloop
  endfacet
  facet normal 0 0 1
    outer loop
      vertex 102.94641015976669 40.09999999552965 5.6
      vertex 102.96955181211234 40.14692662805319 5.6
      vertex 100.30000000000001 40.32257244228591 5.6
    endloop
  endfacet
  facet normal 0 0 1
    outer loop
      vertex 102.96955181211234 40.14692662805319 5.6
      vertex 102.98637032806874 40.19647237807512 5.6
      vertex 100.30000000000001 40.32257244228591 5.6
    endloop
  endfacet
  facet normal 0 0 1
    outer loop
      vertex 102.98637032806874 40.19647237807512 5.6
      vertex 102.9965779438615 40.247789518535136 5.6
      vertex 100.30000000000001 40.32257244228591 5.6
    endloop
  endfacet
  facet normal 0 0 1
    outer loop
      vertex 102.9965779438615 40.247789518535136 5.6
      vertex 102.99999999552966 40.29999999850988 5.6
      vertex 100.30000000000001 40.32257244228591 5.6
    endloop
  endfacet
  facet normal 0 0 1
    outer loop
      vertex 102.99999999552966 40.29999999850988 5.6
      vertex 102.99999999552966 41.4 5.6
      vertex 100.30000000000001 40.32257244228591 5.6
    endloop
  endfacet
  facet normal -0.8968727555004395 0.4422886618952022 0
    outer loop
      vertex 102.94641015976669 40.09999999552965 5.6
      vertex 102.94641015976669 40.09999999552965 5.8999999999999995
      vertex 102.96955181211234 40.14692662805319 5.6
    endloop
  endfacet
  facet normal -0.9469301288966354 0.321439467066198 0
    outer loop
      vertex 102.96955181211234 40.14692662805319 5.6
      vertex 102.96955181211234 40.14692662805319 5.8999999999999995
      vertex 102.98637032806874 40.19647237807512 5.6
    endloop
  endfacet
  facet normal -0.9807852734670753 0.1950903568865309 0
    outer loop
      vertex 102.98637032806874 40.19647237807512 5.6
      vertex 102.98637032806874 40.19647237807512 5.8999999999999995
      vertex 102.9965779438615 40.247789518535136 5.6
    endloop
  endfacet
  facet normal -0.9978589282087154 0.06540305340084454 0
    outer loop
      vertex 102.9965779438615 40.247789518535136 5.6
      vertex 102.9965779438615 40.247789518535136 5.8999999999999995
      vertex 102.99999999552966 40.29999999850988 5.6
    endloop
  endfacet
  facet normal -1 0 0
    outer loop
      vertex 102.99999999552966 40.29999999850988 5.6
      vertex 102.99999999552966 41.4 5.8999999999999995
      vertex 102.99999999552966 41.4 5.6
    endloop
  endfacet
  facet normal -0.8314695592726233 0.5555703123844806 0
    outer loop
      vertex 102.94641015976669 40.09999999552965 5.6
      vertex 102.9173413321376 40.05649542957544 5.8999999999999995
      vertex 102.94641015976669 40.09999999552965 5.8999999999999995
    endloop
  endfacet
  facet normal -0.8968727555004395 0.4422886618952022 0
    outer loop
      vertex 102.96955181211234 40.14692662805319 5.6
      vertex 102.94641015976669 40.09999999552965 5.8999999999999995
      vertex 102.96955181211234 40.14692662805319 5.8999999999999995
    endloop
  endfacet
  facet normal -0.9469301288966354 0.321439467066198 0
    outer loop
      vertex 102.98637032806874 40.19647237807512 5.6
      vertex 102.96955181211234 40.14692662805319 5.8999999999999995
      vertex 102.98637032806874 40.19647237807512 5.8999999999999995
    endloop
  endfacet
  facet normal -0.9807852734670753 0.1950903568865309 0
    outer loop
      vertex 102.9965779438615 40.247789518535136 5.6
      vertex 102.98637032806874 40.19647237807512 5.8999999999999995
      vertex 102.9965779438615 40.247789518535136 5.8999999999999995
    endloop
  endfacet
  facet normal -0.9978589282087154 0.06540305340084454 0
    outer loop
      vertex 102.99999999552966 40.29999999850988 5.6
      vertex 102.9965779438615 40.247789518535136 5.8999999999999995
      vertex 102.99999999552966 40.29999999850988 5.8999999999999995
    endloop
  endfacet
  facet normal -1 0 0
    outer loop
      vertex 102.99999999552966 40.29999999850988 5.6
      vertex 102.99999999552966 40.29999999850988 5.8999999999999995
      vertex 102.99999999552966 41.4 5.8999999999999995
    endloop
  endfacet
  facet normal 0 0 1
    outer loop
      vertex 100.45649542957545 59.18265866339207 5.6
      vertex 100.64999999999999 59.10327716922718 5.6
      vertex 100.41715728789569 59.21715728789568 5.6
    endloop
  endfacet
  facet normal 0 0 1
    outer loop
      vertex 100.45649542957545 59.18265866339207 5.6
      vertex 100.49999999552966 59.15358983576298 5.6
      vertex 100.64999999999999 59.10327716922718 5.6
    endloop
  endfacet
  facet normal 0 0 1
    outer loop
      vertex 100.49999999552966 59.15358983576298 5.6
      vertex 100.5469266280532 59.13044818341732 5.6
      vertex 100.64999999999999 59.10327716922718 5.6
    endloop
  endfacet
  facet normal 0 0 1
    outer loop
      vertex 100.5469266280532 59.13044818341732 5.6
      vertex 100.59647237807513 59.11362966746092 5.6
      vertex 100.64999999999999 59.10327716922718 5.6
    endloop
  endfacet
  facet normal 0 0 1
    outer loop
      vertex 100.59647237807513 59.11362966746092 5.6
      vertex 100.64778951853515 59.10342205166817 5.6
      vertex 100.64999999999999 59.10327716922718 5.6
    endloop
  endfacet
  facet normal 0.5555703123844806 0.8314695592726233 0
    outer loop
      vertex 100.45649542957545 59.18265866339207 5.6
      vertex 100.45649542957545 59.18265866339207 5.8999999999999995
      vertex 100.49999999552966 59.15358983576298 5.6
    endloop
  endfacet
  facet normal 0.4422886618952022 0.8968727555004395 0
    outer loop
      vertex 100.49999999552966 59.15358983576298 5.6
      vertex 100.49999999552966 59.15358983576298 5.8999999999999995
      vertex 100.5469266280532 59.13044818341732 5.6
    endloop
  endfacet
  facet normal 0.321439467066198 0.9469301288966354 0
    outer loop
      vertex 100.5469266280532 59.13044818341732 5.6
      vertex 100.5469266280532 59.13044818341732 5.8999999999999995
      vertex 100.59647237807513 59.11362966746092 5.6
    endloop
  endfacet
  facet normal 0.1950903568865309 0.9807852734670753 0
    outer loop
      vertex 100.59647237807513 59.11362966746092 5.6
      vertex 100.59647237807513 59.11362966746092 5.8999999999999995
      vertex 100.64778951853515 59.10342205166817 5.6
    endloop
  endfacet
  facet normal 0.06540305339986188 0.9978589282087799 0
    outer loop
      vertex 100.64778951853515 59.10342205166817 5.6
      vertex 100.64778951853515 59.10342205166817 5.8999999999999995
      vertex 100.64999999999999 59.10327716922718 5.6
    endloop
  endfacet
  facet normal 0 0 1
    outer loop
      vertex 100.31362966746093 59.396472378075124 5.6
      vertex 100.64999999999999 59.10327716922718 5.6
      vertex 100.30342205166818 59.44778951853514 5.6
    endloop
  endfacet
  facet normal 0 0 1
    outer loop
      vertex 100.64999999999999 59.10327716922718 5.6
      vertex 100.30000000000001 59.499999998509885 5.6
      vertex 100.30342205166818 59.44778951853514 5.6
    endloop
  endfacet
  facet normal 0 0 1
    outer loop
      vertex 100.33044818341733 59.34692662805319 5.6
      vertex 100.64999999999999 59.10327716922718 5.6
      vertex 100.31362966746093 59.396472378075124 5.6
    endloop
  endfacet
  facet normal 0 0 1
    outer loop
      vertex 100.35358983576299 59.29999999552965 5.6
      vertex 100.64999999999999 59.10327716922718 5.6
      vertex 100.33044818341733 59.34692662805319 5.6
    endloop
  endfacet
  facet normal 0 0 1
    outer loop
      vertex 100.35358983576299 59.29999999552965 5.6
      vertex 100.38265866339208 59.256495429575445 5.6
      vertex 100.64999999999999 59.10327716922718 5.6
    endloop
  endfacet
  facet normal 0 0 1
    outer loop
      vertex 100.41715728789569 59.21715728789568 5.6
      vertex 100.64999999999999 59.10327716922718 5.6
      vertex 100.38265866339208 59.256495429575445 5.6
    endloop
  endfacet
  facet normal 0 0 1
    outer loop
      vertex 100.30000000000001 59.499999998509885 5.6
      vertex 100.64999999999999 60.599999999999994 5.6
      vertex 100.30000000000001 61.66091283709296 5.6
    endloop
  endfacet
  facet normal 0 0 1
    outer loop
      vertex 100.64999999999999 59.10327716922718 5.6
      vertex 100.64999999999999 60.599999999999994 5.6
      vertex 100.30000000000001 59.499999998509885 5.6
    endloop
  endfacet
  facet normal 0.9469301288966354 0.321439467066198 0
    outer loop
      vertex 100.33044818341733 59.34692662805319 5.6
      vertex 100.31362966746093 59.396472378075124 5.6
      vertex 100.31362966746093 59.396472378075124 5.8999999999999995
    endloop
  endfacet
  facet normal 0.8968727555004395 0.4422886618952022 0
    outer loop
      vertex 100.35358983576299 59.29999999552965 5.6
      vertex 100.33044818341733 59.34692662805319 5.6
      vertex 100.33044818341733 59.34692662805319 5.8999999999999995
    endloop
  endfacet
  facet normal 0.9807852734670753 0.1950903568865309 0
    outer loop
      vertex 100.31362966746093 59.396472378075124 5.6
      vertex 100.30342205166818 59.44778951853514 5.6
      vertex 100.30342205166818 59.44778951853514 5.8999999999999995
    endloop
  endfacet
  facet normal 0.9978589282087154 0.06540305340084454 0
    outer loop
      vertex 100.30342205166818 59.44778951853514 5.6
      vertex 100.30000000000001 59.499999998509885 5.6
      vertex 100.30000000000001 59.499999998509885 5.8999999999999995
    endloop
  endfacet
  facet normal 0.8314695592726233 0.5555703123844806 0
    outer loop
      vertex 100.35358983576299 59.29999999552965 5.6
      vertex 100.35358983576299 59.29999999552965 5.8999999999999995
      vertex 100.38265866339208 59.256495429575445 5.6
    endloop
  endfacet
  facet normal 0.7518398060333287 0.6593458167485153 0
    outer loop
      vertex 100.41715728789569 59.21715728789568 5.6
      vertex 100.38265866339208 59.256495429575445 5.6
      vertex 100.38265866339208 59.256495429575445 5.8999999999999995
    endloop
  endfacet
  facet normal 0.6593458167485153 0.7518398060333287 0
    outer loop
      vertex 100.45649542957545 59.18265866339207 5.6
      vertex 100.41715728789569 59.21715728789568 5.6
      vertex 100.41715728789569 59.21715728789568 5.8999999999999995
    endloop
  endfacet
  facet normal 0.5555703123844806 0.8314695592726233 0
    outer loop
      vertex 100.49999999552966 59.15358983576298 5.6
      vertex 100.45649542957545 59.18265866339207 5.8999999999999995
      vertex 100.49999999552966 59.15358983576298 5.8999999999999995
    endloop
  endfacet
  facet normal 0.4422886618952022 0.8968727555004395 0
    outer loop
      vertex 100.5469266280532 59.13044818341732 5.6
      vertex 100.49999999552966 59.15358983576298 5.8999999999999995
      vertex 100.5469266280532 59.13044818341732 5.8999999999999995
    endloop
  endfacet
  facet normal 0.321439467066198 0.9469301288966354 0
    outer loop
      vertex 100.59647237807513 59.11362966746092 5.6
      vertex 100.5469266280532 59.13044818341732 5.8999999999999995
      vertex 100.59647237807513 59.11362966746092 5.8999999999999995
    endloop
  endfacet
  facet normal 0.1950903568865309 0.9807852734670753 0
    outer loop
      vertex 100.64778951853515 59.10342205166817 5.6
      vertex 100.59647237807513 59.11362966746092 5.8999999999999995
      vertex 100.64778951853515 59.10342205166817 5.8999999999999995
    endloop
  endfacet
  facet normal 0.06540305339986188 0.9978589282087799 0
    outer loop
      vertex 100.64999999999999 59.10327716922718 5.6
      vertex 100.64778951853515 59.10342205166817 5.8999999999999995
      vertex 100.64999999999999 59.10327716922718 5.8999999999999995
    endloop
  endfacet
  facet normal 0.9469301288966354 0.321439467066198 0
    outer loop
      vertex 100.33044818341733 59.34692662805319 5.6
      vertex 100.31362966746093 59.396472378075124 5.8999999999999995
      vertex 100.33044818341733 59.34692662805319 5.8999999999999995
    endloop
  endfacet
  facet normal 0.8968727555004395 0.4422886618952022 0
    outer loop
      vertex 100.35358983576299 59.29999999552965 5.6
      vertex 100.33044818341733 59.34692662805319 5.8999999999999995
      vertex 100.35358983576299 59.29999999552965 5.8999999999999995
    endloop
  endfacet
  facet normal 0.9807852734670753 0.1950903568865309 0
    outer loop
      vertex 100.31362966746093 59.396472378075124 5.6
      vertex 100.30342205166818 59.44778951853514 5.8999999999999995
      vertex 100.31362966746093 59.396472378075124 5.8999999999999995
    endloop
  endfacet
  facet normal 0.9978589282087154 0.06540305340084454 0
    outer loop
      vertex 100.30342205166818 59.44778951853514 5.6
      vertex 100.30000000000001 59.499999998509885 5.8999999999999995
      vertex 100.30342205166818 59.44778951853514 5.8999999999999995
    endloop
  endfacet
  facet normal 0.8314695592726233 0.5555703123844806 0
    outer loop
      vertex 100.38265866339208 59.256495429575445 5.6
      vertex 100.35358983576299 59.29999999552965 5.8999999999999995
      vertex 100.38265866339208 59.256495429575445 5.8999999999999995
    endloop
  endfacet
  facet normal 0.7518398060333287 0.6593458167485153 0
    outer loop
      vertex 100.41715728789569 59.21715728789568 5.6
      vertex 100.38265866339208 59.256495429575445 5.8999999999999995
      vertex 100.41715728789569 59.21715728789568 5.8999999999999995
    endloop
  endfacet
  facet normal 0.6593458167485153 0.7518398060333287 0
    outer loop
      vertex 100.45649542957545 59.18265866339207 5.6
      vertex 100.41715728789569 59.21715728789568 5.8999999999999995
      vertex 100.45649542957545 59.18265866339207 5.8999999999999995
    endloop
  endfacet
  facet normal 1 0 0
    outer loop
      vertex 100.30000000000001 59.499999998509885 5.6
      vertex 100.30000000000001 61.66091283709296 5.8999999999999995
      vertex 100.30000000000001 59.499999998509885 5.8999999999999995
    endloop
  endfacet
  facet normal 0 0 1
    outer loop
      vertex 100.64999999999999 60.599999999999994 5.6
      vertex 100.42450556904078 61.68720265477896 5.6
      vertex 100.30000000000001 61.66091283709296 5.6
    endloop
  endfacet
  facet normal 1 0 0
    outer loop
      vertex 100.30000000000001 59.499999998509885 5.6
      vertex 100.30000000000001 61.66091283709296 5.6
      vertex 100.30000000000001 61.66091283709296 5.8999999999999995
    endloop
  endfacet
  facet normal 0 0 1
    outer loop
      vertex 100.64999999999999 60.599999999999994 5.6
      vertex 102.98637032806874 61.80352762192488 5.6
      vertex 100.42450556904078 61.68720265477896 5.6
    endloop
  endfacet
  facet normal 0 0 1
    outer loop
      vertex 102.98637032806874 61.80352762192488 5.6
      vertex 100.8874802888586 62.1 5.6
      vertex 100.42450556904078 61.68720265477896 5.6
    endloop
  endfacet
  facet normal 0 -1 0
    outer loop
      vertex 100.8874802888586 62.1 5.6
      vertex 102.59999999701978 62.1 5.8999999999999995
      vertex 100.8874802888586 62.1 5.8999999999999995
    endloop
  endfacet
  facet normal 0 0 1
    outer loop
      vertex 102.59999999701978 62.1 5.6
      vertex 100.8874802888586 62.1 5.6
      vertex 102.65221047699453 62.096577948331834 5.6
    endloop
  endfacet
  facet normal 0 0 1
    outer loop
      vertex 102.65221047699453 62.096577948331834 5.6
      vertex 100.8874802888586 62.1 5.6
      vertex 102.70352761745454 62.08637033253908 5.6
    endloop
  endfacet
  facet normal 0 0 1
    outer loop
      vertex 102.70352761745454 62.08637033253908 5.6
      vertex 100.8874802888586 62.1 5.6
      vertex 102.75307336747647 62.06955181658268 5.6
    endloop
  endfacet
  facet normal 0 0 1
    outer loop
      vertex 102.75307336747647 62.06955181658268 5.6
      vertex 100.8874802888586 62.1 5.6
      vertex 102.80000000000001 62.046410164237024 5.6
    endloop
  endfacet
  facet normal 0 0 1
    outer loop
      vertex 102.80000000000001 62.046410164237024 5.6
      vertex 100.8874802888586 62.1 5.6
      vertex 102.84350456595422 62.017341336607934 5.6
    endloop
  endfacet
  facet normal 0 0 1
    outer loop
      vertex 102.88284270763398 61.98284271210432 5.6
      vertex 102.84350456595422 62.017341336607934 5.6
      vertex 100.8874802888586 62.1 5.6
    endloop
  endfacet
  facet normal 0 0 1
    outer loop
      vertex 100.64999999999999 60.599999999999994 5.6
      vertex 102.99999999552966 60.599999999999994 5.6
      vertex 102.99999999552966 61.70000000149012 5.6
    endloop
  endfacet
  facet normal 0 0 1
    outer loop
      vertex 100.64999999999999 60.599999999999994 5.6
      vertex 102.99999999552966 61.70000000149012 5.6
      vertex 102.9965779438615 61.752210481464864 5.6
    endloop
  endfacet
  facet normal 0 0 1
    outer loop
      vertex 100.64999999999999 60.599999999999994 5.6
      vertex 102.9965779438615 61.752210481464864 5.6
      vertex 102.98637032806874 61.80352762192488 5.6
    endloop
  endfacet
  facet normal 0 0 1
    outer loop
      vertex 102.88284270763398 61.98284271210432 5.6
      vertex 100.8874802888586 62.1 5.6
      vertex 102.9173413321376 61.94350457042456 5.6
    endloop
  endfacet
  facet normal 0 0 1
    outer loop
      vertex 102.94641015976669 61.90000000447035 5.6
      vertex 102.9173413321376 61.94350457042456 5.6
      vertex 100.8874802888586 62.1 5.6
    endloop
  endfacet
  facet normal 0 0 1
    outer loop
      vertex 102.96955181211234 61.85307337194681 5.6
      vertex 102.94641015976669 61.90000000447035 5.6
      vertex 100.8874802888586 62.1 5.6
    endloop
  endfacet
  facet normal 0 0 1
    outer loop
      vertex 102.96955181211234 61.85307337194681 5.6
      vertex 100.8874802888586 62.1 5.6
      vertex 102.98637032806874 61.80352762192488 5.6
    endloop
  endfacet
  facet normal 0 -1 0
    outer loop
      vertex 102.59999999701978 62.1 5.6
      vertex 102.59999999701978 62.1 5.8999999999999995
      vertex 100.8874802888586 62.1 5.6
    endloop
  endfacet
  facet normal -0.06540305340084454 -0.9978589282087154 0
    outer loop
      vertex 102.59999999701978 62.1 5.6
      vertex 102.65221047699453 62.096577948331834 5.6
      vertex 102.65221047699453 62.096577948331834 5.8999999999999995
    endloop
  endfacet
  facet normal -0.1950903568865309 -0.9807852734670753 0
    outer loop
      vertex 102.65221047699453 62.096577948331834 5.6
      vertex 102.70352761745454 62.08637033253908 5.6
      vertex 102.70352761745454 62.08637033253908 5.8999999999999995
    endloop
  endfacet
  facet normal -0.321439467066198 -0.9469301288966354 0
    outer loop
      vertex 102.70352761745454 62.08637033253908 5.6
      vertex 102.75307336747647 62.06955181658268 5.6
      vertex 102.75307336747647 62.06955181658268 5.8999999999999995
    endloop
  endfacet
  facet normal -1 0 0
    outer loop
      vertex 102.99999999552966 60.599999999999994 5.6
      vertex 102.99999999552966 60.599999999999994 5.8999999999999995
      vertex 102.99999999552966 61.70000000149012 5.6
    endloop
  endfacet
  facet normal -0.9807852734670753 -0.1950903568865309 0
    outer loop
      vertex 102.9965779438615 61.752210481464864 5.6
      vertex 102.9965779438615 61.752210481464864 5.8999999999999995
      vertex 102.98637032806874 61.80352762192488 5.6
    endloop
  endfacet
  facet normal -0.9978589282087154 -0.06540305340084454 0
    outer loop
      vertex 102.99999999552966 61.70000000149012 5.6
      vertex 102.99999999552966 61.70000000149012 5.8999999999999995
      vertex 102.9965779438615 61.752210481464864 5.6
    endloop
  endfacet
  facet normal -0.4422886618952022 -0.8968727555004395 0
    outer loop
      vertex 102.75307336747647 62.06955181658268 5.6
      vertex 102.80000000000001 62.046410164237024 5.6
      vertex 102.80000000000001 62.046410164237024 5.8999999999999995
    endloop
  endfacet
  facet normal -0.5555703123844806 -0.8314695592726233 0
    outer loop
      vertex 102.80000000000001 62.046410164237024 5.6
      vertex 102.84350456595422 62.017341336607934 5.6
      vertex 102.84350456595422 62.017341336607934 5.8999999999999995
    endloop
  endfacet
  facet normal -0.6593458167485153 -0.7518398060333287 0
    outer loop
      vertex 102.88284270763398 61.98284271210432 5.6
      vertex 102.88284270763398 61.98284271210432 5.8999999999999995
      vertex 102.84350456595422 62.017341336607934 5.6
    endloop
  endfacet
  facet normal -0.7518398060333287 -0.6593458167485153 0
    outer loop
      vertex 102.88284270763398 61.98284271210432 5.6
      vertex 102.9173413321376 61.94350457042456 5.6
      vertex 102.9173413321376 61.94350457042456 5.8999999999999995
    endloop
  endfacet
  facet normal -0.8314695592726233 -0.5555703123844806 0
    outer loop
      vertex 102.94641015976669 61.90000000447035 5.6
      vertex 102.94641015976669 61.90000000447035 5.8999999999999995
      vertex 102.9173413321376 61.94350457042456 5.6
    endloop
  endfacet
  facet normal -0.8968727555004395 -0.4422886618952022 0
    outer loop
      vertex 102.96955181211234 61.85307337194681 5.6
      vertex 102.96955181211234 61.85307337194681 5.8999999999999995
      vertex 102.94641015976669 61.90000000447035 5.6
    endloop
  endfacet
  facet normal -0.9469301288966354 -0.321439467066198 0
    outer loop
      vertex 102.96955181211234 61.85307337194681 5.6
      vertex 102.98637032806874 61.80352762192488 5.6
      vertex 102.98637032806874 61.80352762192488 5.8999999999999995
    endloop
  endfacet
  facet normal -0.06540305340084454 -0.9978589282087154 0
    outer loop
      vertex 102.59999999701978 62.1 5.6
      vertex 102.65221047699453 62.096577948331834 5.8999999999999995
      vertex 102.59999999701978 62.1 5.8999999999999995
    endloop
  endfacet
  facet normal -0.1950903568865309 -0.9807852734670753 0
    outer loop
      vertex 102.65221047699453 62.096577948331834 5.6
      vertex 102.70352761745454 62.08637033253908 5.8999999999999995
      vertex 102.65221047699453 62.096577948331834 5.8999999999999995
    endloop
  endfacet
  facet normal -0.321439467066198 -0.9469301288966354 0
    outer loop
      vertex 102.70352761745454 62.08637033253908 5.6
      vertex 102.75307336747647 62.06955181658268 5.8999999999999995
      vertex 102.70352761745454 62.08637033253908 5.8999999999999995
    endloop
  endfacet
  facet normal -0.4422886618952022 -0.8968727555004395 0
    outer loop
      vertex 102.75307336747647 62.06955181658268 5.6
      vertex 102.80000000000001 62.046410164237024 5.8999999999999995
      vertex 102.75307336747647 62.06955181658268 5.8999999999999995
    endloop
  endfacet
  facet normal -1 0 0
    outer loop
      vertex 102.99999999552966 61.70000000149012 5.6
      vertex 102.99999999552966 60.599999999999994 5.8999999999999995
      vertex 102.99999999552966 61.70000000149012 5.8999999999999995
    endloop
  endfacet
  facet normal -0.9807852734670753 -0.1950903568865309 0
    outer loop
      vertex 102.98637032806874 61.80352762192488 5.6
      vertex 102.9965779438615 61.752210481464864 5.8999999999999995
      vertex 102.98637032806874 61.80352762192488 5.8999999999999995
    endloop
  endfacet
  facet normal -0.9978589282087154 -0.06540305340084454 0
    outer loop
      vertex 102.9965779438615 61.752210481464864 5.6
      vertex 102.99999999552966 61.70000000149012 5.8999999999999995
      vertex 102.9965779438615 61.752210481464864 5.8999999999999995
    endloop
  endfacet
  facet normal -0.5555703123844806 -0.8314695592726233 0
    outer loop
      vertex 102.80000000000001 62.046410164237024 5.6
      vertex 102.84350456595422 62.017341336607934 5.8999999999999995
      vertex 102.80000000000001 62.046410164237024 5.8999999999999995
    endloop
  endfacet
  facet normal -0.6593458167485153 -0.7518398060333287 0
    outer loop
      vertex 102.84350456595422 62.017341336607934 5.6
      vertex 102.88284270763398 61.98284271210432 5.8999999999999995
      vertex 102.84350456595422 62.017341336607934 5.8999999999999995
    endloop
  endfacet
  facet normal -0.7518398060333287 -0.6593458167485153 0
    outer loop
      vertex 102.88284270763398 61.98284271210432 5.6
      vertex 102.9173413321376 61.94350457042456 5.8999999999999995
      vertex 102.88284270763398 61.98284271210432 5.8999999999999995
    endloop
  endfacet
  facet normal -0.8968727555004395 -0.4422886618952022 0
    outer loop
      vertex 102.94641015976669 61.90000000447035 5.6
      vertex 102.96955181211234 61.85307337194681 5.8999999999999995
      vertex 102.94641015976669 61.90000000447035 5.8999999999999995
    endloop
  endfacet
  facet normal -0.8314695592726233 -0.5555703123844806 0
    outer loop
      vertex 102.9173413321376 61.94350457042456 5.6
      vertex 102.94641015976669 61.90000000447035 5.8999999999999995
      vertex 102.9173413321376 61.94350457042456 5.8999999999999995
    endloop
  endfacet
  facet normal -0.9469301288966354 -0.321439467066198 0
    outer loop
      vertex 102.96955181211234 61.85307337194681 5.6
      vertex 102.98637032806874 61.80352762192488 5.8999999999999995
      vertex 102.96955181211234 61.85307337194681 5.8999999999999995
    endloop
  endfacet
  facet normal 1 0 0
    outer loop
      vertex 100.64999999999999 41.4 5.6
      vertex 100.64999999999999 41.4 4.3999999999999995
      vertex 100.64999999999999 43.03481664468612 4.3999999999999995
    endloop
  endfacet
  facet normal 1 0 0
    outer loop
      vertex 100.64999999999999 41.4 5.6
      vertex 100.64999999999999 43.03481664468612 4.3999999999999995
      vertex 100.64999999999999 42.89672283077282 5.6
    endloop
  endfacet
  facet normal 1 0 0
    outer loop
      vertex 100.64999999999999 42.89672283077282 5.6
      vertex 100.64999999999999 43.03481664468612 4.3999999999999995
      vertex 100.64999999999999 43.03481664468612 5.8999999999999995
    endloop
  endfacet
  facet normal 0 1 0
    outer loop
      vertex 100.64999999999999 41.4 5.6
      vertex 102.99999999552966 41.4 5.6
      vertex 100.64999999999999 41.4 4.3999999999999995
    endloop
  endfacet
  facet normal 1 0 0
    outer loop
      vertex 100.64999999999999 42.89672283077282 5.6
      vertex 100.64999999999999 43.03481664468612 5.8999999999999995
      vertex 100.64999999999999 42.89672283077282 5.8999999999999995
    endloop
  endfacet
  facet normal 0 1 0
    outer loop
      vertex 102.99999999552966 41.4 5.6
      vertex 104.27128756814865 41.4 4.3999999999999995
      vertex 100.64999999999999 41.4 4.3999999999999995
    endloop
  endfacet
  facet normal 0 1 0
    outer loop
      vertex 102.99999999552966 41.4 5.6
      vertex 104.27128756814865 41.4 5.8999999999999995
      vertex 104.27128756814865 41.4 4.3999999999999995
    endloop
  endfacet
  facet normal 0 1 0
    outer loop
      vertex 102.99999999552966 41.4 5.6
      vertex 102.99999999552966 41.4 5.8999999999999995
      vertex 104.27128756814865 41.4 5.8999999999999995
    endloop
  endfacet
  facet normal 1 0 0
    outer loop
      vertex 100.64999999999999 60.599999999999994 5.6
      vertex 100.64999999999999 58.96518335499113 4.3999999999999995
      vertex 100.64999999999999 60.599999999999994 4.3999999999999995
    endloop
  endfacet
  facet normal 0 -1 0
    outer loop
      vertex 103.07227681923365 60.599999999999994 4.474076578959398
      vertex 100.64999999999999 60.599999999999994 5.6
      vertex 100.64999999999999 60.599999999999994 4.3999999999999995
    endloop
  endfacet
  facet normal 1 0 0
    outer loop
      vertex 100.64999999999999 59.10327716922718 5.6
      vertex 100.64999999999999 58.96518335499113 5.8999999999999995
      vertex 100.64999999999999 58.96518335499113 4.3999999999999995
    endloop
  endfacet
  facet normal 1 0 0
    outer loop
      vertex 100.64999999999999 59.10327716922718 5.6
      vertex 100.64999999999999 58.96518335499113 4.3999999999999995
      vertex 100.64999999999999 60.599999999999994 5.6
    endloop
  endfacet
  facet normal 1 0 0
    outer loop
      vertex 100.64999999999999 59.10327716922718 5.6
      vertex 100.64999999999999 59.10327716922718 5.8999999999999995
      vertex 100.64999999999999 58.96518335499113 5.8999999999999995
    endloop
  endfacet
  facet normal 0 -1 0
    outer loop
      vertex 103.07227681923365 60.599999999999994 4.474076578959398
      vertex 100.64999999999999 60.599999999999994 4.3999999999999995
      vertex 102.96127874735727 60.599999999999994 4.3999999999999995
    endloop
  endfacet
  facet normal 0 -1 0
    outer loop
      vertex 103.07227681923365 60.599999999999994 4.474076578959398
      vertex 103.37623956929659 60.599999999999994 4.645003929979118
      vertex 100.64999999999999 60.599999999999994 5.6
    endloop
  endfacet
  facet normal 0 -1 0
    outer loop
      vertex 103.37623956929659 60.599999999999994 4.645003929979118
      vertex 103.63725830020304 60.599999999999994 4.7618542043274825
      vertex 100.64999999999999 60.599999999999994 5.6
    endloop
  endfacet
  facet normal 0 -1 0
    outer loop
      vertex 103.63725830020304 60.599999999999994 4.7618542043274825
      vertex 103.8712812921102 60.599999999999994 4.837993692457298
      vertex 102.99999999552966 60.599999999999994 5.6
    endloop
  endfacet
  facet normal 0 -1 0
    outer loop
      vertex 103.8712812921102 60.599999999999994 4.837993692457298
      vertex 104.08935600386016 60.599999999999994 4.881055599702465
      vertex 102.99999999552966 60.599999999999994 5.6
    endloop
  endfacet
  facet normal -1 0 0
    outer loop
      vertex 104.55 60.30106147181875 4.576522362176088
      vertex 104.55 60.126286855802825 4.3999999999999995
      vertex 104.55 59.969043175464186 4.3999999999999995
    endloop
  endfacet
  facet normal -1 0 0
    outer loop
      vertex 104.55 60.30106147181875 4.576522362176088
      vertex 104.55 59.969043175464186 4.3999999999999995
      vertex 104.55 59.969043175464186 5.8999999999999995
    endloop
  endfacet
  facet normal -1 0 0
    outer loop
      vertex 104.55 60.30106147181875 4.576522362176088
      vertex 104.55 59.969043175464186 5.8999999999999995
      vertex 104.55 60.599999999999994 4.8732842053295595
    endloop
  endfacet
  facet normal 0 -1 0
    outer loop
      vertex 103.63725830020304 60.599999999999994 4.7618542043274825
      vertex 102.99999999552966 60.599999999999994 5.6
      vertex 100.64999999999999 60.599999999999994 5.6
    endloop
  endfacet
  facet normal 0 -1 0
    outer loop
      vertex 104.08935600386016 60.599999999999994 4.881055599702465
      vertex 102.99999999552966 60.599999999999994 5.8999999999999995
      vertex 102.99999999552966 60.599999999999994 5.6
    endloop
  endfacet
  facet normal 0 -1 0
    outer loop
      vertex 104.08935600386016 60.599999999999994 4.881055599702465
      vertex 104.55 60.599999999999994 5.8999999999999995
      vertex 102.99999999552966 60.599999999999994 5.8999999999999995
    endloop
  endfacet
  facet normal 0 -1 0
    outer loop
      vertex 104.08935600386016 60.599999999999994 4.881055599702465
      vertex 104.3 60.599999999999994 4.8949999999999925
      vertex 104.55 60.599999999999994 5.8999999999999995
    endloop
  endfacet
  facet normal 0 -1 0
    outer loop
      vertex 104.51064399613983 60.599999999999994 4.881055599702465
      vertex 104.55 60.599999999999994 5.8999999999999995
      vertex 104.3 60.599999999999994 4.8949999999999925
    endloop
  endfacet
  facet normal 0 -1 0
    outer loop
      vertex 104.55 60.599999999999994 4.8732842053295595
      vertex 104.55 60.599999999999994 5.8999999999999995
      vertex 104.51064399613983 60.599999999999994 4.881055599702465
    endloop
  endfacet
  facet normal -1 0 0
    outer loop
      vertex 104.55 60.599999999999994 4.8732842053295595
      vertex 104.55 59.969043175464186 5.8999999999999995
      vertex 104.55 60.599999999999994 5.8999999999999995
    endloop
  endfacet
  facet normal -0.6593458151000707 0.7518398074789756 0
    outer loop
      vertex 97.7223611075682 58.97763889243179 5.55
      vertex 97.35000000149012 58.65108696666736 5.55
      vertex 97.35000000149012 58.65108696666736 5.8999999999999995
    endloop
  endfacet
  facet normal -0.7518398074789763 0.6593458151000701 0
    outer loop
      vertex 97.7223611075682 58.97763889243179 5.55
      vertex 97.7223611075682 58.97763889243179 5.8999999999999995
      vertex 98.05441036012125 59.356268498316425 5.55
    endloop
  endfacet
  facet normal 0 0 1
    outer loop
      vertex 97.7223611075682 58.97763889243179 5.55
      vertex 97.35000000149012 61.899999998509884 5.55
      vertex 97.35000000149012 58.65108696666736 5.55
    endloop
  endfacet
  facet normal 0 0 1
    outer loop
      vertex 97.7223611075682 58.97763889243179 5.55
      vertex 98.05441036012125 59.356268498316425 5.55
      vertex 98.83689130753461 61.899999998509884 5.55
    endloop
  endfacet
  facet normal 0 0 1
    outer loop
      vertex 98.05441036012125 59.356268498316425 5.55
      vertex 98.3341978045701 59.775000000000006 5.55
      vertex 98.83689130753461 61.899999998509884 5.55
    endloop
  endfacet
  facet normal -0.8314696123025406 0.5555702330196091 0
    outer loop
      vertex 98.05441036012125 59.356268498316425 5.55
      vertex 98.05441036012125 59.356268498316425 5.8999999999999995
      vertex 98.3341978045701 59.775000000000006 5.55
    endloop
  endfacet
  facet normal -0.8968727415326957 0.44228869021898654 0
    outer loop
      vertex 98.3341978045701 59.775000000000006 5.55
      vertex 98.3341978045701 59.775000000000006 5.8999999999999995
      vertex 98.55693620016845 60.22666878539441 5.55
    endloop
  endfacet
  facet normal -0.6593458151000707 0.7518398074789756 0
    outer loop
      vertex 97.7223611075682 58.97763889243179 5.55
      vertex 97.35000000149012 58.65108696666736 5.8999999999999995
      vertex 97.7223611075682 58.97763889243179 5.8999999999999995
    endloop
  endfacet
  facet normal -0.7518398074789763 0.6593458151000701 0
    outer loop
      vertex 98.05441036012125 59.356268498316425 5.55
      vertex 97.7223611075682 58.97763889243179 5.8999999999999995
      vertex 98.05441036012125 59.356268498316425 5.8999999999999995
    endloop
  endfacet
  facet normal -0.8314696123025406 0.5555702330196091 0
    outer loop
      vertex 98.3341978045701 59.775000000000006 5.55
      vertex 98.05441036012125 59.356268498316425 5.8999999999999995
      vertex 98.3341978045701 59.775000000000006 5.8999999999999995
    endloop
  endfacet
  facet normal -0.8968727415326957 0.44228869021898654 0
    outer loop
      vertex 98.55693620016845 60.22666878539441 5.55
      vertex 98.3341978045701 59.775000000000006 5.8999999999999995
      vertex 98.55693620016845 60.22666878539441 5.8999999999999995
    endloop
  endfacet
  facet normal 0 0 1
    outer loop
      vertex 97.7223611075682 58.97763889243179 5.55
      vertex 98.83689130753461 61.899999998509884 5.55
      vertex 97.35000000149012 61.899999998509884 5.55
    endloop
  endfacet
  facet normal 0 0 1
    outer loop
      vertex 98.3341978045701 59.775000000000006 5.55
      vertex 98.55693620016845 60.22666878539441 5.55
      vertex 98.83689130753461 61.899999998509884 5.55
    endloop
  endfacet
  facet normal -0.9469301294950987 0.3214394653031821 0
    outer loop
      vertex 98.55693620016845 60.22666878539441 5.55
      vertex 98.55693620016845 60.22666878539441 5.8999999999999995
      vertex 98.71881443121292 60.703546676355295 5.55
    endloop
  endfacet
  facet normal -0.9807852804032327 0.1950903220161176 0
    outer loop
      vertex 98.71881443121292 60.703546676355295 5.55
      vertex 98.71881443121292 60.703546676355295 5.8999999999999995
      vertex 98.81706271628917 61.197474159952804 5.55
    endloop
  endfacet
  facet normal -0.9469301294950987 0.3214394653031821 0
    outer loop
      vertex 98.71881443121292 60.703546676355295 5.55
      vertex 98.55693620016845 60.22666878539441 5.8999999999999995
      vertex 98.71881443121292 60.703546676355295 5.8999999999999995
    endloop
  endfacet
  facet normal 0 0 1
    outer loop
      vertex 98.55693620016845 60.22666878539441 5.55
      vertex 98.71881443121292 60.703546676355295 5.55
      vertex 98.83689130753461 61.899999998509884 5.55
    endloop
  endfacet
  facet normal 0 0 1
    outer loop
      vertex 98.71881443121292 60.703546676355295 5.55
      vertex 98.81706271628917 61.197474159952804 5.55
      vertex 98.83689130753461 61.899999998509884 5.55
    endloop
  endfacet
  facet normal 0 0 1
    outer loop
      vertex 98.81706271628917 61.197474159952804 5.55
      vertex 98.85 61.7 5.55
      vertex 98.83689130753461 61.899999998509884 5.55
    endloop
  endfacet
  facet normal -0.9978589232386046 0.06540312923012821 0
    outer loop
      vertex 98.81706271628917 61.197474159952804 5.55
      vertex 98.81706271628917 61.197474159952804 5.8999999999999995
      vertex 98.85 61.7 5.55
    endloop
  endfacet
  facet normal -0.9978589232386036 -0.06540312923014285 0
    outer loop
      vertex 98.85 61.7 5.55
      vertex 98.83689130753461 61.899999998509884 5.8999999999999995
      vertex 98.83689130753461 61.899999998509884 5.55
    endloop
  endfacet
  facet normal -0.9807852804032327 0.1950903220161176 0
    outer loop
      vertex 98.81706271628917 61.197474159952804 5.55
      vertex 98.71881443121292 60.703546676355295 5.8999999999999995
      vertex 98.81706271628917 61.197474159952804 5.8999999999999995
    endloop
  endfacet
  facet normal -0.9978589232386046 0.06540312923012821 0
    outer loop
      vertex 98.85 61.7 5.55
      vertex 98.81706271628917 61.197474159952804 5.8999999999999995
      vertex 98.85 61.7 5.8999999999999995
    endloop
  endfacet
  facet normal -0.9978589232386036 -0.06540312923014285 0
    outer loop
      vertex 98.85 61.7 5.55
      vertex 98.85 61.7 5.8999999999999995
      vertex 98.83689130753461 61.899999998509884 5.8999999999999995
    endloop
  endfacet
  facet normal 0.8968727415326944 0.44228869021898914 0
    outer loop
      vertex 103.34737205583711 38.25 5.3999999999999995
      vertex 103.28373251423758 38.379048224398396 5.3999999999999995
      vertex 103.28373251423758 38.379048224398396 5.8999999999999995
    endloop
  endfacet
  facet normal 0.8314696123025362 0.5555702330196156 0
    outer loop
      vertex 103.34737205583711 38.25 5.3999999999999995
      vertex 103.34737205583711 38.25 5.8999999999999995
      vertex 103.42731132567964 38.13036242809041 5.3999999999999995
    endloop
  endfacet
  facet normal 0.7518398074789776 0.6593458151000686 0
    outer loop
      vertex 103.5221825406948 38.02218254069479 5.3999999999999995
      vertex 103.42731132567964 38.13036242809041 5.3999999999999995
      vertex 103.42731132567964 38.13036242809041 5.8999999999999995
    endloop
  endfacet
  facet normal 0.6593458151000651 0.7518398074789806 0
    outer loop
      vertex 103.5221825406948 38.02218254069479 5.3999999999999995
      vertex 103.5221825406948 38.02218254069479 5.8999999999999995
      vertex 103.63036242809041 37.92731132567964 5.3999999999999995
    endloop
  endfacet
  facet normal 0.9978589232386091 0.06540312923005889 0
    outer loop
      vertex 103.2094106524888 38.65642118855794 5.3999999999999995
      vertex 103.2 38.8 5.3999999999999995
      vertex 103.2 38.8 5.8999999999999995
    endloop
  endfacet
  facet normal 0.9978589232386091 -0.06540312923005889 0
    outer loop
      vertex 103.2 38.8 5.3999999999999995
      vertex 103.2094106524888 38.94357881144205 5.3999999999999995
      vertex 103.2094106524888 38.94357881144205 5.8999999999999995
    endloop
  endfacet
  facet normal 0.9469301294950909 0.32143946530320494 0
    outer loop
      vertex 103.23748159108202 38.51529905038723 5.3999999999999995
      vertex 103.23748159108202 38.51529905038723 5.8999999999999995
      vertex 103.28373251423758 38.379048224398396 5.3999999999999995
    endloop
  endfacet
  facet normal 0.9807852804032294 0.19509032201613385 0
    outer loop
      vertex 103.23748159108202 38.51529905038723 5.3999999999999995
      vertex 103.2094106524888 38.65642118855794 5.3999999999999995
      vertex 103.2094106524888 38.65642118855794 5.8999999999999995
    endloop
  endfacet
  facet normal 0.9807852804032294 -0.19509032201613385 0
    outer loop
      vertex 103.2094106524888 38.94357881144205 5.3999999999999995
      vertex 103.23748159108202 39.08470094961277 5.3999999999999995
      vertex 103.23748159108202 39.08470094961277 5.8999999999999995
    endloop
  endfacet
  facet normal 0.9469301294950909 -0.32143946530320494 0
    outer loop
      vertex 103.23748159108202 39.08470094961277 5.3999999999999995
      vertex 103.28373251423758 39.2209517756016 5.3999999999999995
      vertex 103.28373251423758 39.2209517756016 5.8999999999999995
    endloop
  endfacet
  facet normal 0.8968727415326944 -0.44228869021898914 0
    outer loop
      vertex 103.28373251423758 39.2209517756016 5.3999999999999995
      vertex 103.34737205583711 39.349999999999994 5.3999999999999995
      vertex 103.34737205583711 39.349999999999994 5.8999999999999995
    endloop
  endfacet
  facet normal 0.8314696123025362 -0.5555702330196156 0
    outer loop
      vertex 103.34737205583711 39.349999999999994 5.3999999999999995
      vertex 103.42731132567964 39.46963757190959 5.3999999999999995
      vertex 103.42731132567964 39.46963757190959 5.8999999999999995
    endloop
  endfacet
  facet normal 0.7518398074789776 -0.6593458151000686 0
    outer loop
      vertex 103.42731132567964 39.46963757190959 5.3999999999999995
      vertex 103.5221825406948 39.5778174593052 5.3999999999999995
      vertex 103.5221825406948 39.5778174593052 5.8999999999999995
    endloop
  endfacet
  facet normal 0.6593458151000651 -0.7518398074789806 0
    outer loop
      vertex 103.5221825406948 39.5778174593052 5.3999999999999995
      vertex 103.63036242809041 39.672688674320355 5.3999999999999995
      vertex 103.63036242809041 39.672688674320355 5.8999999999999995
    endloop
  endfacet
  facet normal 0.5555702330196156 0.8314696123025362 0
    outer loop
      vertex 103.63036242809041 37.92731132567964 5.3999999999999995
      vertex 103.63036242809041 37.92731132567964 5.8999999999999995
      vertex 103.75 37.84737205583711 5.3999999999999995
    endloop
  endfacet
  facet normal 0.4422886902189695 0.8968727415327039 0
    outer loop
      vertex 103.8790482243984 37.783732514237585 5.3999999999999995
      vertex 103.75 37.84737205583711 5.3999999999999995
      vertex 103.75 37.84737205583711 5.8999999999999995
    endloop
  endfacet
  facet normal 0.3214394653031757 0.9469301294951007 0
    outer loop
      vertex 103.8790482243984 37.783732514237585 5.3999999999999995
      vertex 103.8790482243984 37.783732514237585 5.8999999999999995
      vertex 104.01529905038723 37.73748159108202 5.3999999999999995
    endloop
  endfacet
  facet normal 0.19509032201613385 0.9807852804032294 0
    outer loop
      vertex 104.01529905038723 37.73748159108202 5.3999999999999995
      vertex 104.01529905038723 37.73748159108202 5.8999999999999995
      vertex 104.15642118855794 37.709410652488806 5.3999999999999995
    endloop
  endfacet
  facet normal 0.06540312923015723 0.9978589232386026 0
    outer loop
      vertex 104.15642118855794 37.709410652488806 5.3999999999999995
      vertex 104.15642118855794 37.709410652488806 5.8999999999999995
      vertex 104.3 37.699999999999996 5.3999999999999995
    endloop
  endfacet
  facet normal 0.5555702330196156 -0.8314696123025362 0
    outer loop
      vertex 103.63036242809041 39.672688674320355 5.3999999999999995
      vertex 103.75 39.75262794416288 5.3999999999999995
      vertex 103.75 39.75262794416288 5.8999999999999995
    endloop
  endfacet
  facet normal 0.4422886902189695 -0.8968727415327039 0
    outer loop
      vertex 103.75 39.75262794416288 5.3999999999999995
      vertex 103.8790482243984 39.81626748576241 5.3999999999999995
      vertex 103.8790482243984 39.81626748576241 5.8999999999999995
    endloop
  endfacet
  facet normal 0.3214394653031757 -0.9469301294951007 0
    outer loop
      vertex 103.8790482243984 39.81626748576241 5.3999999999999995
      vertex 104.01529905038723 39.86251840891797 5.3999999999999995
      vertex 104.01529905038723 39.86251840891797 5.8999999999999995
    endloop
  endfacet
  facet normal 0.19509032201613385 -0.9807852804032294 0
    outer loop
      vertex 104.01529905038723 39.86251840891797 5.3999999999999995
      vertex 104.15642118855794 39.89058934751119 5.3999999999999995
      vertex 104.15642118855794 39.89058934751119 5.8999999999999995
    endloop
  endfacet
  facet normal 0.8968727415326944 0.44228869021898914 0
    outer loop
      vertex 103.34737205583711 38.25 5.3999999999999995
      vertex 103.28373251423758 38.379048224398396 5.8999999999999995
      vertex 103.34737205583711 38.25 5.8999999999999995
    endloop
  endfacet
  facet normal 0.8314696123025362 0.5555702330196156 0
    outer loop
      vertex 103.42731132567964 38.13036242809041 5.3999999999999995
      vertex 103.34737205583711 38.25 5.8999999999999995
      vertex 103.42731132567964 38.13036242809041 5.8999999999999995
    endloop
  endfacet
  facet normal 0.7518398074789776 0.6593458151000686 0
    outer loop
      vertex 103.5221825406948 38.02218254069479 5.3999999999999995
      vertex 103.42731132567964 38.13036242809041 5.8999999999999995
      vertex 103.5221825406948 38.02218254069479 5.8999999999999995
    endloop
  endfacet
  facet normal 0.6593458151000651 0.7518398074789806 0
    outer loop
      vertex 103.63036242809041 37.92731132567964 5.3999999999999995
      vertex 103.5221825406948 38.02218254069479 5.8999999999999995
      vertex 103.63036242809041 37.92731132567964 5.8999999999999995
    endloop
  endfacet
  facet normal 0.9978589232386091 0.06540312923005889 0
    outer loop
      vertex 103.2094106524888 38.65642118855794 5.3999999999999995
      vertex 103.2 38.8 5.8999999999999995
      vertex 103.2094106524888 38.65642118855794 5.8999999999999995
    endloop
  endfacet
  facet normal 0.9978589232386091 -0.06540312923005889 0
    outer loop
      vertex 103.2 38.8 5.3999999999999995
      vertex 103.2094106524888 38.94357881144205 5.8999999999999995
      vertex 103.2 38.8 5.8999999999999995
    endloop
  endfacet
  facet normal 0.9469301294950909 0.32143946530320494 0
    outer loop
      vertex 103.28373251423758 38.379048224398396 5.3999999999999995
      vertex 103.23748159108202 38.51529905038723 5.8999999999999995
      vertex 103.28373251423758 38.379048224398396 5.8999999999999995
    endloop
  endfacet
  facet normal 0.9807852804032294 0.19509032201613385 0
    outer loop
      vertex 103.23748159108202 38.51529905038723 5.3999999999999995
      vertex 103.2094106524888 38.65642118855794 5.8999999999999995
      vertex 103.23748159108202 38.51529905038723 5.8999999999999995
    endloop
  endfacet
  facet normal 0.9807852804032294 -0.19509032201613385 0
    outer loop
      vertex 103.2094106524888 38.94357881144205 5.3999999999999995
      vertex 103.23748159108202 39.08470094961277 5.8999999999999995
      vertex 103.2094106524888 38.94357881144205 5.8999999999999995
    endloop
  endfacet
  facet normal 0.9469301294950909 -0.32143946530320494 0
    outer loop
      vertex 103.23748159108202 39.08470094961277 5.3999999999999995
      vertex 103.28373251423758 39.2209517756016 5.8999999999999995
      vertex 103.23748159108202 39.08470094961277 5.8999999999999995
    endloop
  endfacet
  facet normal 0.8968727415326944 -0.44228869021898914 0
    outer loop
      vertex 103.28373251423758 39.2209517756016 5.3999999999999995
      vertex 103.34737205583711 39.349999999999994 5.8999999999999995
      vertex 103.28373251423758 39.2209517756016 5.8999999999999995
    endloop
  endfacet
  facet normal 0.8314696123025362 -0.5555702330196156 0
    outer loop
      vertex 103.34737205583711 39.349999999999994 5.3999999999999995
      vertex 103.42731132567964 39.46963757190959 5.8999999999999995
      vertex 103.34737205583711 39.349999999999994 5.8999999999999995
    endloop
  endfacet
  facet normal 0.7518398074789776 -0.6593458151000686 0
    outer loop
      vertex 103.42731132567964 39.46963757190959 5.3999999999999995
      vertex 103.5221825406948 39.5778174593052 5.8999999999999995
      vertex 103.42731132567964 39.46963757190959 5.8999999999999995
    endloop
  endfacet
  facet normal 0.6593458151000651 -0.7518398074789806 0
    outer loop
      vertex 103.5221825406948 39.5778174593052 5.3999999999999995
      vertex 103.63036242809041 39.672688674320355 5.8999999999999995
      vertex 103.5221825406948 39.5778174593052 5.8999999999999995
    endloop
  endfacet
  facet normal 0.5555702330196156 0.8314696123025362 0
    outer loop
      vertex 103.75 37.84737205583711 5.3999999999999995
      vertex 103.63036242809041 37.92731132567964 5.8999999999999995
      vertex 103.75 37.84737205583711 5.8999999999999995
    endloop
  endfacet
  facet normal 0.4422886902189695 0.8968727415327039 0
    outer loop
      vertex 103.8790482243984 37.783732514237585 5.3999999999999995
      vertex 103.75 37.84737205583711 5.8999999999999995
      vertex 103.8790482243984 37.783732514237585 5.8999999999999995
    endloop
  endfacet
  facet normal 0.3214394653031757 0.9469301294951007 0
    outer loop
      vertex 104.01529905038723 37.73748159108202 5.3999999999999995
      vertex 103.8790482243984 37.783732514237585 5.8999999999999995
      vertex 104.01529905038723 37.73748159108202 5.8999999999999995
    endloop
  endfacet
  facet normal 0.19509032201613385 0.9807852804032294 0
    outer loop
      vertex 104.15642118855794 37.709410652488806 5.3999999999999995
      vertex 104.01529905038723 37.73748159108202 5.8999999999999995
      vertex 104.15642118855794 37.709410652488806 5.8999999999999995
    endloop
  endfacet
  facet normal 0.5555702330196156 -0.8314696123025362 0
    outer loop
      vertex 103.63036242809041 39.672688674320355 5.3999999999999995
      vertex 103.75 39.75262794416288 5.8999999999999995
      vertex 103.63036242809041 39.672688674320355 5.8999999999999995
    endloop
  endfacet
  facet normal 0.4422886902189695 -0.8968727415327039 0
    outer loop
      vertex 103.75 39.75262794416288 5.3999999999999995
      vertex 103.8790482243984 39.81626748576241 5.8999999999999995
      vertex 103.75 39.75262794416288 5.8999999999999995
    endloop
  endfacet
  facet normal 0.3214394653031757 -0.9469301294951007 0
    outer loop
      vertex 103.8790482243984 39.81626748576241 5.3999999999999995
      vertex 104.01529905038723 39.86251840891797 5.8999999999999995
      vertex 103.8790482243984 39.81626748576241 5.8999999999999995
    endloop
  endfacet
  facet normal 0.19509032201613385 -0.9807852804032294 0
    outer loop
      vertex 104.01529905038723 39.86251840891797 5.3999999999999995
      vertex 104.15642118855794 39.89058934751119 5.8999999999999995
      vertex 104.01529905038723 39.86251840891797 5.8999999999999995
    endloop
  endfacet
  facet normal 0.06540312923015723 -0.9978589232386026 0
    outer loop
      vertex 104.15642118855794 39.89058934751119 5.3999999999999995
      vertex 104.3 39.9 5.8999999999999995
      vertex 104.15642118855794 39.89058934751119 5.8999999999999995
    endloop
  endfacet
  facet normal -0.06540312923015723 0.9978589232386026 0
    outer loop
      vertex 104.3 37.699999999999996 5.3999999999999995
      vertex 104.3 37.699999999999996 5.8999999999999995
      vertex 104.44357881144205 37.709410652488806 5.3999999999999995
    endloop
  endfacet
  facet normal -0.19509032201613385 0.9807852804032294 0
    outer loop
      vertex 104.44357881144205 37.709410652488806 5.3999999999999995
      vertex 104.44357881144205 37.709410652488806 5.8999999999999995
      vertex 104.58470094961277 37.73748159108202 5.3999999999999995
    endloop
  endfacet
  facet normal -0.3214394653031757 0.9469301294951007 0
    outer loop
      vertex 104.58470094961277 37.73748159108202 5.3999999999999995
      vertex 104.58470094961277 37.73748159108202 5.8999999999999995
      vertex 104.72095177560159 37.783732514237585 5.3999999999999995
    endloop
  endfacet
  facet normal -0.4422886902189695 0.8968727415327039 0
    outer loop
      vertex 104.72095177560159 37.783732514237585 5.3999999999999995
      vertex 104.72095177560159 37.783732514237585 5.8999999999999995
      vertex 104.85 37.84737205583711 5.3999999999999995
    endloop
  endfacet
  facet normal 0.06540312923015723 -0.9978589232386026 0
    outer loop
      vertex 104.15642118855794 39.89058934751119 5.3999999999999995
      vertex 104.3 39.9 5.3999999999999995
      vertex 104.3 39.9 5.8999999999999995
    endloop
  endfacet
  facet normal -0.06540312923015723 -0.9978589232386026 0
    outer loop
      vertex 104.3 39.9 5.3999999999999995
      vertex 104.44357881144205 39.89058934751119 5.3999999999999995
      vertex 104.44357881144205 39.89058934751119 5.8999999999999995
    endloop
  endfacet
  facet normal -0.19509032201613385 -0.9807852804032294 0
    outer loop
      vertex 104.44357881144205 39.89058934751119 5.3999999999999995
      vertex 104.58470094961277 39.86251840891797 5.3999999999999995
      vertex 104.58470094961277 39.86251840891797 5.8999999999999995
    endloop
  endfacet
  facet normal -0.3214394653031757 -0.9469301294951007 0
    outer loop
      vertex 104.72095177560159 39.81626748576241 5.3999999999999995
      vertex 104.72095177560159 39.81626748576241 5.8999999999999995
      vertex 104.58470094961277 39.86251840891797 5.3999999999999995
    endloop
  endfacet
  facet normal -0.5555702330196156 0.8314696123025362 0
    outer loop
      vertex 104.85 37.84737205583711 5.3999999999999995
      vertex 104.85 37.84737205583711 5.8999999999999995
      vertex 104.96963757190959 37.92731132567964 5.3999999999999995
    endloop
  endfacet
  facet normal -0.6593458151000651 0.7518398074789806 0
    outer loop
      vertex 104.96963757190959 37.92731132567964 5.3999999999999995
      vertex 104.96963757190959 37.92731132567964 5.8999999999999995
      vertex 105.0778174593052 38.02218254069479 5.3999999999999995
    endloop
  endfacet
  facet normal -0.7518398074789776 0.6593458151000686 0
    outer loop
      vertex 105.0778174593052 38.02218254069479 5.3999999999999995
      vertex 105.0778174593052 38.02218254069479 5.8999999999999995
      vertex 105.17268867432036 38.13036242809041 5.3999999999999995
    endloop
  endfacet
  facet normal -0.8314696123025362 0.5555702330196156 0
    outer loop
      vertex 105.17268867432036 38.13036242809041 5.3999999999999995
      vertex 105.17268867432036 38.13036242809041 5.8999999999999995
      vertex 105.25262794416288 38.25 5.3999999999999995
    endloop
  endfacet
  facet normal -0.8968727415326944 0.44228869021898914 0
    outer loop
      vertex 105.25262794416288 38.25 5.3999999999999995
      vertex 105.25262794416288 38.25 5.8999999999999995
      vertex 105.31626748576241 38.379048224398396 5.3999999999999995
    endloop
  endfacet
  facet normal -0.4422886902189695 -0.8968727415327039 0
    outer loop
      vertex 104.72095177560159 39.81626748576241 5.3999999999999995
      vertex 104.85 39.75262794416288 5.3999999999999995
      vertex 104.85 39.75262794416288 5.8999999999999995
    endloop
  endfacet
  facet normal -0.6593458151000651 -0.7518398074789806 0
    outer loop
      vertex 104.96963757190959 39.672688674320355 5.3999999999999995
      vertex 105.0778174593052 39.5778174593052 5.3999999999999995
      vertex 105.0778174593052 39.5778174593052 5.8999999999999995
    endloop
  endfacet
  facet normal -0.5555702330196156 -0.8314696123025362 0
    outer loop
      vertex 104.85 39.75262794416288 5.3999999999999995
      vertex 104.96963757190959 39.672688674320355 5.3999999999999995
      vertex 104.96963757190959 39.672688674320355 5.8999999999999995
    endloop
  endfacet
  facet normal -0.9469301294950909 0.32143946530320494 0
    outer loop
      vertex 105.31626748576241 38.379048224398396 5.3999999999999995
      vertex 105.31626748576241 38.379048224398396 5.8999999999999995
      vertex 105.36251840891798 38.51529905038723 5.3999999999999995
    endloop
  endfacet
  facet normal -0.9469301294950909 -0.32143946530320494 0
    outer loop
      vertex 105.36251840891798 39.08470094961277 5.3999999999999995
      vertex 105.36251840891798 39.08470094961277 5.8999999999999995
      vertex 105.31626748576241 39.2209517756016 5.3999999999999995
    endloop
  endfacet
  facet normal -0.7518398074789776 -0.6593458151000686 0
    outer loop
      vertex 105.17268867432036 39.46963757190959 5.3999999999999995
      vertex 105.17268867432036 39.46963757190959 5.8999999999999995
      vertex 105.0778174593052 39.5778174593052 5.3999999999999995
    endloop
  endfacet
  facet normal -0.8314696123025362 -0.5555702330196156 0
    outer loop
      vertex 105.25262794416288 39.349999999999994 5.3999999999999995
      vertex 105.25262794416288 39.349999999999994 5.8999999999999995
      vertex 105.17268867432036 39.46963757190959 5.3999999999999995
    endloop
  endfacet
  facet normal -0.8968727415326944 -0.44228869021898914 0
    outer loop
      vertex 105.25262794416288 39.349999999999994 5.3999999999999995
      vertex 105.31626748576241 39.2209517756016 5.3999999999999995
      vertex 105.31626748576241 39.2209517756016 5.8999999999999995
    endloop
  endfacet
  facet normal 0.06540312923015723 0.9978589232386026 0
    outer loop
      vertex 104.3 37.699999999999996 5.3999999999999995
      vertex 104.15642118855794 37.709410652488806 5.8999999999999995
      vertex 104.3 37.699999999999996 5.8999999999999995
    endloop
  endfacet
  facet normal -0.06540312923015723 0.9978589232386026 0
    outer loop
      vertex 104.44357881144205 37.709410652488806 5.3999999999999995
      vertex 104.3 37.699999999999996 5.8999999999999995
      vertex 104.44357881144205 37.709410652488806 5.8999999999999995
    endloop
  endfacet
  facet normal -0.19509032201613385 0.9807852804032294 0
    outer loop
      vertex 104.58470094961277 37.73748159108202 5.3999999999999995
      vertex 104.44357881144205 37.709410652488806 5.8999999999999995
      vertex 104.58470094961277 37.73748159108202 5.8999999999999995
    endloop
  endfacet
  facet normal -0.3214394653031757 0.9469301294951007 0
    outer loop
      vertex 104.72095177560159 37.783732514237585 5.3999999999999995
      vertex 104.58470094961277 37.73748159108202 5.8999999999999995
      vertex 104.72095177560159 37.783732514237585 5.8999999999999995
    endloop
  endfacet
  facet normal -0.06540312923015723 -0.9978589232386026 0
    outer loop
      vertex 104.3 39.9 5.3999999999999995
      vertex 104.44357881144205 39.89058934751119 5.8999999999999995
      vertex 104.3 39.9 5.8999999999999995
    endloop
  endfacet
  facet normal -0.19509032201613385 -0.9807852804032294 0
    outer loop
      vertex 104.44357881144205 39.89058934751119 5.3999999999999995
      vertex 104.58470094961277 39.86251840891797 5.8999999999999995
      vertex 104.44357881144205 39.89058934751119 5.8999999999999995
    endloop
  endfacet
  facet normal -0.3214394653031757 -0.9469301294951007 0
    outer loop
      vertex 104.58470094961277 39.86251840891797 5.3999999999999995
      vertex 104.72095177560159 39.81626748576241 5.8999999999999995
      vertex 104.58470094961277 39.86251840891797 5.8999999999999995
    endloop
  endfacet
  facet normal -0.4422886902189695 -0.8968727415327039 0
    outer loop
      vertex 104.72095177560159 39.81626748576241 5.3999999999999995
      vertex 104.85 39.75262794416288 5.8999999999999995
      vertex 104.72095177560159 39.81626748576241 5.8999999999999995
    endloop
  endfacet
  facet normal -0.4422886902189695 0.8968727415327039 0
    outer loop
      vertex 104.85 37.84737205583711 5.3999999999999995
      vertex 104.72095177560159 37.783732514237585 5.8999999999999995
      vertex 104.85 37.84737205583711 5.8999999999999995
    endloop
  endfacet
  facet normal -0.5555702330196156 0.8314696123025362 0
    outer loop
      vertex 104.96963757190959 37.92731132567964 5.3999999999999995
      vertex 104.85 37.84737205583711 5.8999999999999995
      vertex 104.96963757190959 37.92731132567964 5.8999999999999995
    endloop
  endfacet
  facet normal -0.6593458151000651 0.7518398074789806 0
    outer loop
      vertex 105.0778174593052 38.02218254069479 5.3999999999999995
      vertex 104.96963757190959 37.92731132567964 5.8999999999999995
      vertex 105.0778174593052 38.02218254069479 5.8999999999999995
    endloop
  endfacet
  facet normal -0.7518398074789776 0.6593458151000686 0
    outer loop
      vertex 105.17268867432036 38.13036242809041 5.3999999999999995
      vertex 105.0778174593052 38.02218254069479 5.8999999999999995
      vertex 105.17268867432036 38.13036242809041 5.8999999999999995
    endloop
  endfacet
  facet normal -0.8314696123025362 0.5555702330196156 0
    outer loop
      vertex 105.25262794416288 38.25 5.3999999999999995
      vertex 105.17268867432036 38.13036242809041 5.8999999999999995
      vertex 105.25262794416288 38.25 5.8999999999999995
    endloop
  endfacet
  facet normal -0.8968727415326944 0.44228869021898914 0
    outer loop
      vertex 105.31626748576241 38.379048224398396 5.3999999999999995
      vertex 105.25262794416288 38.25 5.8999999999999995
      vertex 105.31626748576241 38.379048224398396 5.8999999999999995
    endloop
  endfacet
  facet normal -0.5555702330196156 -0.8314696123025362 0
    outer loop
      vertex 104.85 39.75262794416288 5.3999999999999995
      vertex 104.96963757190959 39.672688674320355 5.8999999999999995
      vertex 104.85 39.75262794416288 5.8999999999999995
    endloop
  endfacet
  facet normal -0.6593458151000651 -0.7518398074789806 0
    outer loop
      vertex 104.96963757190959 39.672688674320355 5.3999999999999995
      vertex 105.0778174593052 39.5778174593052 5.8999999999999995
      vertex 104.96963757190959 39.672688674320355 5.8999999999999995
    endloop
  endfacet
  facet normal -0.9469301294950909 0.32143946530320494 0
    outer loop
      vertex 105.36251840891798 38.51529905038723 5.3999999999999995
      vertex 105.31626748576241 38.379048224398396 5.8999999999999995
      vertex 105.36251840891798 38.51529905038723 5.8999999999999995
    endloop
  endfacet
  facet normal -0.9469301294950909 -0.32143946530320494 0
    outer loop
      vertex 105.31626748576241 39.2209517756016 5.3999999999999995
      vertex 105.36251840891798 39.08470094961277 5.8999999999999995
      vertex 105.31626748576241 39.2209517756016 5.8999999999999995
    endloop
  endfacet
  facet normal -0.7518398074789776 -0.6593458151000686 0
    outer loop
      vertex 105.0778174593052 39.5778174593052 5.3999999999999995
      vertex 105.17268867432036 39.46963757190959 5.8999999999999995
      vertex 105.0778174593052 39.5778174593052 5.8999999999999995
    endloop
  endfacet
  facet normal -0.8314696123025362 -0.5555702330196156 0
    outer loop
      vertex 105.17268867432036 39.46963757190959 5.3999999999999995
      vertex 105.25262794416288 39.349999999999994 5.8999999999999995
      vertex 105.17268867432036 39.46963757190959 5.8999999999999995
    endloop
  endfacet
  facet normal -0.8968727415326944 -0.44228869021898914 0
    outer loop
      vertex 105.25262794416288 39.349999999999994 5.3999999999999995
      vertex 105.31626748576241 39.2209517756016 5.8999999999999995
      vertex 105.25262794416288 39.349999999999994 5.8999999999999995
    endloop
  endfacet
  facet normal -0.9807852804032294 0.19509032201613385 0
    outer loop
      vertex 105.36251840891798 38.51529905038723 5.3999999999999995
      vertex 105.36251840891798 38.51529905038723 5.8999999999999995
      vertex 105.3905893475112 38.65642118855794 5.3999999999999995
    endloop
  endfacet
  facet normal -0.9978589232386091 0.06540312923005889 0
    outer loop
      vertex 105.3905893475112 38.65642118855794 5.3999999999999995
      vertex 105.3905893475112 38.65642118855794 5.8999999999999995
      vertex 105.39999999999999 38.8 5.3999999999999995
    endloop
  endfacet
  facet normal -0.9978589232386091 -0.06540312923005889 0
    outer loop
      vertex 105.39999999999999 38.8 5.3999999999999995
      vertex 105.39999999999999 38.8 5.8999999999999995
      vertex 105.3905893475112 38.94357881144205 5.3999999999999995
    endloop
  endfacet
  facet normal -0.9807852804032294 -0.19509032201613385 0
    outer loop
      vertex 105.3905893475112 38.94357881144205 5.3999999999999995
      vertex 105.3905893475112 38.94357881144205 5.8999999999999995
      vertex 105.36251840891798 39.08470094961277 5.3999999999999995
    endloop
  endfacet
  facet normal -0.9807852804032294 0.19509032201613385 0
    outer loop
      vertex 105.3905893475112 38.65642118855794 5.3999999999999995
      vertex 105.36251840891798 38.51529905038723 5.8999999999999995
      vertex 105.3905893475112 38.65642118855794 5.8999999999999995
    endloop
  endfacet
  facet normal -0.9978589232386091 0.06540312923005889 0
    outer loop
      vertex 105.39999999999999 38.8 5.3999999999999995
      vertex 105.3905893475112 38.65642118855794 5.8999999999999995
      vertex 105.39999999999999 38.8 5.8999999999999995
    endloop
  endfacet
  facet normal -0.9978589232386091 -0.06540312923005889 0
    outer loop
      vertex 105.3905893475112 38.94357881144205 5.3999999999999995
      vertex 105.39999999999999 38.8 5.8999999999999995
      vertex 105.3905893475112 38.94357881144205 5.8999999999999995
    endloop
  endfacet
  facet normal -0.9807852804032294 -0.19509032201613385 0
    outer loop
      vertex 105.36251840891798 39.08470094961277 5.3999999999999995
      vertex 105.3905893475112 38.94357881144205 5.8999999999999995
      vertex 105.36251840891798 39.08470094961277 5.8999999999999995
    endloop
  endfacet
  facet normal 0.6736172068873846 0.2286622297215797 -0.702818214963154
    outer loop
      vertex 103.23748159108202 38.51529905038723 5.3999999999999995
      vertex 102.36900030383036 38.00015373690821 4.3999999999999995
      vertex 102.28111938683541 38.25904257008769 4.3999999999999995
    endloop
  endfacet
  facet normal 0.6380079081513663 0.3146306816766637 -0.7028182149631551
    outer loop
      vertex 103.28373251423758 38.379048224398396 5.3999999999999995
      vertex 102.48992116100104 37.754950495049506 4.3999999999999995
      vertex 102.36900030383036 38.00015373690821 4.3999999999999995
    endloop
  endfacet
  facet normal 0.5914821172176781 0.39521571543614115 -0.7028182149631526
    outer loop
      vertex 103.34737205583711 38.25 5.3999999999999995
      vertex 102.64181296895565 37.52762833996296 4.3999999999999995
      vertex 102.48992116100104 37.754950495049506 4.3999999999999995
    endloop
  endfacet
  facet normal 0.5348359032685706 0.4690384987300084 -0.7028182149631526
    outer loop
      vertex 103.42731132567964 38.13036242809041 5.3999999999999995
      vertex 102.82207681674772 37.32207681674772 4.3999999999999995
      vertex 102.64181296895565 37.52762833996296 4.3999999999999995
    endloop
  endfacet
  facet normal 0.7098463971127869 0.046525790933654214 -0.7028182149631534
    outer loop
      vertex 103.2 38.8 5.3999999999999995
      vertex 102.22778207687116 38.527187334874725 4.3999999999999995
      vertex 102.20990099009902 38.8 4.3999999999999995
    endloop
  endfacet
  facet normal 0.6977007284515829 0.13878130361881347 -0.7028182149631532
    outer loop
      vertex 103.2094106524888 38.65642118855794 5.3999999999999995
      vertex 102.28111938683541 38.25904257008769 4.3999999999999995
      vertex 102.22778207687116 38.527187334874725 4.3999999999999995
    endloop
  endfacet
  facet normal 0.7098463971127884 -0.04652579093365432 -0.7028182149631519
    outer loop
      vertex 103.2094106524888 38.94357881144205 5.3999999999999995
      vertex 102.20990099009902 38.8 4.3999999999999995
      vertex 102.22778207687116 39.07281266512527 4.3999999999999995
    endloop
  endfacet
  facet normal 0.6977007284515826 -0.1387813036188134 -0.7028182149631537
    outer loop
      vertex 103.23748159108202 39.08470094961277 5.3999999999999995
      vertex 102.22778207687116 39.07281266512527 4.3999999999999995
      vertex 102.28111938683541 39.3409574299123 4.3999999999999995
    endloop
  endfacet
  facet normal 0.6736172068873826 -0.22866222972157904 -0.702818214963156
    outer loop
      vertex 103.28373251423758 39.2209517756016 5.3999999999999995
      vertex 102.28111938683541 39.3409574299123 4.3999999999999995
      vertex 102.36900030383036 39.599846263091784 4.3999999999999995
    endloop
  endfacet
  facet normal 0.6380079081513679 -0.31463068167666447 -0.7028182149631532
    outer loop
      vertex 103.34737205583711 39.349999999999994 5.3999999999999995
      vertex 102.36900030383036 39.599846263091784 4.3999999999999995
      vertex 102.48992116100104 39.84504950495049 4.3999999999999995
    endloop
  endfacet
  facet normal 0.5914821172176778 -0.39521571543614104 -0.7028182149631528
    outer loop
      vertex 103.42731132567964 39.46963757190959 5.3999999999999995
      vertex 102.48992116100104 39.84504950495049 4.3999999999999995
      vertex 102.64181296895565 40.072371660037035 4.3999999999999995
    endloop
  endfacet
  facet normal 0.5348359032685867 -0.4690384987299856 -0.7028182149631556
    outer loop
      vertex 103.5221825406948 39.5778174593052 5.3999999999999995
      vertex 102.64181296895565 40.072371660037035 4.3999999999999995
      vertex 102.82207681674771 40.27792318325228 4.3999999999999995
    endloop
  endfacet
  facet normal 0.39521571543614936 0.5914821172176719 -0.7028182149631532
    outer loop
      vertex 103.63036242809041 37.92731132567964 5.3999999999999995
      vertex 103.2549504950495 36.989921161001035 4.3999999999999995
      vertex 103.02762833996296 37.14181296895565 4.3999999999999995
    endloop
  endfacet
  facet normal 0.46903849873000714 0.5348359032685717 -0.7028182149631524
    outer loop
      vertex 103.5221825406948 38.02218254069479 5.3999999999999995
      vertex 103.02762833996296 37.14181296895565 4.3999999999999995
      vertex 102.82207681674772 37.32207681674772 4.3999999999999995
    endloop
  endfacet
  facet normal 0.31463068167666397 0.6380079081513669 -0.7028182149631544
    outer loop
      vertex 103.75 37.84737205583711 5.3999999999999995
      vertex 103.5001537369082 36.86900030383036 4.3999999999999995
      vertex 103.2549504950495 36.989921161001035 4.3999999999999995
    endloop
  endfacet
  facet normal 0.22866222972156738 0.6736172068873852 -0.7028182149631573
    outer loop
      vertex 103.8790482243984 37.783732514237585 5.3999999999999995
      vertex 103.7590425700877 36.781119386835414 4.3999999999999995
      vertex 103.5001537369082 36.86900030383036 4.3999999999999995
    endloop
  endfacet
  facet normal 0.13878130361882357 0.6977007284515783 -0.7028182149631561
    outer loop
      vertex 104.01529905038723 37.73748159108202 5.3999999999999995
      vertex 104.02718733487471 36.727782076871165 4.3999999999999995
      vertex 103.7590425700877 36.781119386835414 4.3999999999999995
    endloop
  endfacet
  facet normal 0.046525790933670104 0.7098463971127842 -0.7028182149631554
    outer loop
      vertex 104.15642118855794 37.709410652488806 5.3999999999999995
      vertex 104.3 36.70990099009901 4.3999999999999995
      vertex 104.02718733487471 36.727782076871165 4.3999999999999995
    endloop
  endfacet
  facet normal 0.4690384987299883 -0.5348359032685871 -0.7028182149631534
    outer loop
      vertex 103.63036242809041 39.672688674320355 5.3999999999999995
      vertex 102.82207681674771 40.27792318325228 4.3999999999999995
      vertex 103.02762833996296 40.458187031044346 4.3999999999999995
    endloop
  endfacet
  facet normal 0.39521571543613726 -0.5914821172176814 -0.702818214963152
    outer loop
      vertex 103.75 39.75262794416288 5.3999999999999995
      vertex 103.02762833996296 40.458187031044346 4.3999999999999995
      vertex 103.2549504950495 40.61007883899895 4.3999999999999995
    endloop
  endfacet
  facet normal 0.3146306816766778 -0.6380079081513574 -0.7028182149631567
    outer loop
      vertex 103.8790482243984 39.81626748576241 5.3999999999999995
      vertex 103.2549504950495 40.61007883899895 4.3999999999999995
      vertex 103.5001537369082 40.73099969616963 4.3999999999999995
    endloop
  endfacet
  facet normal 0.2286622297215678 -0.6736172068873865 -0.7028182149631559
    outer loop
      vertex 104.01529905038723 39.86251840891797 5.3999999999999995
      vertex 103.5001537369082 40.73099969616963 4.3999999999999995
      vertex 103.7590425700877 40.81888061316458 4.3999999999999995
    endloop
  endfacet
  facet normal 0.13878130361880608 -0.6977007284515832 -0.7028182149631544
    outer loop
      vertex 104.15642118855794 39.89058934751119 5.3999999999999995
      vertex 103.7590425700877 40.81888061316458 4.3999999999999995
      vertex 104.02718733487471 40.87221792312882 4.3999999999999995
    endloop
  endfacet
  facet normal 0.0465257909336887 -0.7098463971127859 -0.7028182149631523
    outer loop
      vertex 104.3 39.9 5.3999999999999995
      vertex 104.02718733487471 40.87221792312882 4.3999999999999995
      vertex 104.3 40.890099009900986 4.3999999999999995
    endloop
  endfacet
  facet normal 0.6736172068873728 0.22866222972160488 -0.702818214963157
    outer loop
      vertex 103.23748159108202 38.51529905038723 5.3999999999999995
      vertex 103.28373251423758 38.379048224398396 5.3999999999999995
      vertex 102.36900030383036 38.00015373690821 4.3999999999999995
    endloop
  endfacet
  facet normal 0.6380079081513796 0.3146306816766425 -0.7028182149631524
    outer loop
      vertex 103.34737205583711 38.25 5.3999999999999995
      vertex 102.48992116100104 37.754950495049506 4.3999999999999995
      vertex 103.28373251423758 38.379048224398396 5.3999999999999995
    endloop
  endfacet
  facet normal 0.697700728451581 0.13878130361882002 -0.702818214963154
    outer loop
      vertex 103.23748159108202 38.51529905038723 5.3999999999999995
      vertex 102.28111938683541 38.25904257008769 4.3999999999999995
      vertex 103.2094106524888 38.65642118855794 5.3999999999999995
    endloop
  endfacet
  facet normal 0.7098463971127906 0.046525790933632884 -0.7028182149631513
    outer loop
      vertex 103.2094106524888 38.65642118855794 5.3999999999999995
      vertex 102.22778207687116 38.527187334874725 4.3999999999999995
      vertex 103.2 38.8 5.3999999999999995
    endloop
  endfacet
  facet normal 0.7098463971127876 -0.04652579093363268 -0.7028182149631542
    outer loop
      vertex 103.2 38.8 5.3999999999999995
      vertex 102.20990099009902 38.8 4.3999999999999995
      vertex 103.2094106524888 38.94357881144205 5.3999999999999995
    endloop
  endfacet
  facet normal 0.697700728451582 -0.1387813036188202 -0.702818214963153
    outer loop
      vertex 103.2094106524888 38.94357881144205 5.3999999999999995
      vertex 102.22778207687116 39.07281266512527 4.3999999999999995
      vertex 103.23748159108202 39.08470094961277 5.3999999999999995
    endloop
  endfacet
  facet normal 0.6736172068873765 -0.2286622297216061 -0.702818214963153
    outer loop
      vertex 103.23748159108202 39.08470094961277 5.3999999999999995
      vertex 102.28111938683541 39.3409574299123 4.3999999999999995
      vertex 103.28373251423758 39.2209517756016 5.3999999999999995
    endloop
  endfacet
  facet normal 0.6380079081513765 -0.314630681676641 -0.702818214963156
    outer loop
      vertex 103.28373251423758 39.2209517756016 5.3999999999999995
      vertex 102.36900030383036 39.599846263091784 4.3999999999999995
      vertex 103.34737205583711 39.349999999999994 5.3999999999999995
    endloop
  endfacet
  facet normal 0.591482117217676 0.39521571543614364 -0.7028182149631528
    outer loop
      vertex 103.34737205583711 38.25 5.3999999999999995
      vertex 103.42731132567964 38.13036242809041 5.3999999999999995
      vertex 102.64181296895565 37.52762833996296 4.3999999999999995
    endloop
  endfacet
  facet normal 0.5348359032685713 0.4690384987300076 -0.7028182149631526
    outer loop
      vertex 103.5221825406948 38.02218254069479 5.3999999999999995
      vertex 102.82207681674772 37.32207681674772 4.3999999999999995
      vertex 103.42731132567964 38.13036242809041 5.3999999999999995
    endloop
  endfacet
  facet normal 0.469038498730005 0.5348359032685733 -0.7028182149631528
    outer loop
      vertex 103.5221825406948 38.02218254069479 5.3999999999999995
      vertex 103.63036242809041 37.92731132567964 5.3999999999999995
      vertex 103.02762833996296 37.14181296895565 4.3999999999999995
    endloop
  endfacet
  facet normal 0.3952157154361431 0.5914821172176752 -0.7028182149631537
    outer loop
      vertex 103.63036242809041 37.92731132567964 5.3999999999999995
      vertex 103.75 37.84737205583711 5.3999999999999995
      vertex 103.2549504950495 36.989921161001035 4.3999999999999995
    endloop
  endfacet
  facet normal 0.5914821172176764 -0.3952157154361439 -0.7028182149631524
    outer loop
      vertex 103.34737205583711 39.349999999999994 5.3999999999999995
      vertex 102.48992116100104 39.84504950495049 4.3999999999999995
      vertex 103.42731132567964 39.46963757190959 5.3999999999999995
    endloop
  endfacet
  facet normal 0.5348359032685712 -0.46903849873000747 -0.7028182149631527
    outer loop
      vertex 103.42731132567964 39.46963757190959 5.3999999999999995
      vertex 102.64181296895565 40.072371660037035 4.3999999999999995
      vertex 103.5221825406948 39.5778174593052 5.3999999999999995
    endloop
  endfacet
  facet normal 0.46903849873000303 -0.5348359032685711 -0.7028182149631558
    outer loop
      vertex 103.5221825406948 39.5778174593052 5.3999999999999995
      vertex 102.82207681674771 40.27792318325228 4.3999999999999995
      vertex 103.63036242809041 39.672688674320355 5.3999999999999995
    endloop
  endfacet
  facet normal 0.39521571543614364 -0.591482117217676 -0.7028182149631528
    outer loop
      vertex 103.63036242809041 39.672688674320355 5.3999999999999995
      vertex 103.02762833996296 40.458187031044346 4.3999999999999995
      vertex 103.75 39.75262794416288 5.3999999999999995
    endloop
  endfacet
  facet normal 0.31463068167662933 -0.638007908151388 -0.7028182149631508
    outer loop
      vertex 103.75 39.75262794416288 5.3999999999999995
      vertex 103.2549504950495 40.61007883899895 4.3999999999999995
      vertex 103.8790482243984 39.81626748576241 5.3999999999999995
    endloop
  endfacet
  facet normal 0.22866222972158454 0.6736172068873812 -0.7028182149631553
    outer loop
      vertex 103.8790482243984 37.783732514237585 5.3999999999999995
      vertex 104.01529905038723 37.73748159108202 5.3999999999999995
      vertex 103.7590425700877 36.781119386835414 4.3999999999999995
    endloop
  endfacet
  facet normal 0.31463068167662583 0.6380079081513809 -0.7028182149631587
    outer loop
      vertex 103.8790482243984 37.783732514237585 5.3999999999999995
      vertex 103.5001537369082 36.86900030383036 4.3999999999999995
      vertex 103.75 37.84737205583711 5.3999999999999995
    endloop
  endfacet
  facet normal 0.13878130361881952 0.6977007284515786 -0.7028182149631564
    outer loop
      vertex 104.01529905038723 37.73748159108202 5.3999999999999995
      vertex 104.15642118855794 37.709410652488806 5.3999999999999995
      vertex 104.02718733487471 36.727782076871165 4.3999999999999995
    endloop
  endfacet
  facet normal 0.22866222972158376 -0.673617206887379 -0.7028182149631578
    outer loop
      vertex 103.8790482243984 39.81626748576241 5.3999999999999995
      vertex 103.5001537369082 40.73099969616963 4.3999999999999995
      vertex 104.01529905038723 39.86251840891797 5.3999999999999995
    endloop
  endfacet
  facet normal 0.13878130361881963 -0.6977007284515792 -0.7028182149631559
    outer loop
      vertex 104.01529905038723 39.86251840891797 5.3999999999999995
      vertex 103.7590425700877 40.81888061316458 4.3999999999999995
      vertex 104.15642118855794 39.89058934751119 5.3999999999999995
    endloop
  endfacet
  facet normal 0.04652579093370267 -0.7098463971127834 -0.7028182149631539
    outer loop
      vertex 104.15642118855794 39.89058934751119 5.3999999999999995
      vertex 104.02718733487471 40.87221792312882 4.3999999999999995
      vertex 104.3 39.9 5.3999999999999995
    endloop
  endfacet
  facet normal -0.04652579093367025 0.7098463971127864 -0.7028182149631529
    outer loop
      vertex 104.3 37.699999999999996 5.3999999999999995
      vertex 104.57281266512528 36.727782076871165 4.3999999999999995
      vertex 104.3 36.70990099009901 4.3999999999999995
    endloop
  endfacet
  facet normal -0.13878130361882351 0.6977007284515779 -0.7028182149631564
    outer loop
      vertex 104.44357881144205 37.709410652488806 5.3999999999999995
      vertex 104.8409574299123 36.781119386835414 4.3999999999999995
      vertex 104.57281266512528 36.727782076871165 4.3999999999999995
    endloop
  endfacet
  facet normal -0.2286622297215678 0.6736172068873865 -0.7028182149631559
    outer loop
      vertex 104.58470094961277 37.73748159108202 5.3999999999999995
      vertex 105.09984626309179 36.86900030383036 4.3999999999999995
      vertex 104.8409574299123 36.781119386835414 4.3999999999999995
    endloop
  endfacet
  facet normal -0.3146306816766778 0.6380079081513574 -0.7028182149631567
    outer loop
      vertex 104.72095177560159 37.783732514237585 5.3999999999999995
      vertex 105.3450495049505 36.98992116100104 4.3999999999999995
      vertex 105.09984626309179 36.86900030383036 4.3999999999999995
    endloop
  endfacet
  facet normal -0.39521571543613726 0.5914821172176814 -0.702818214963152
    outer loop
      vertex 104.85 37.84737205583711 5.3999999999999995
      vertex 105.57237166003704 37.14181296895565 4.3999999999999995
      vertex 105.3450495049505 36.98992116100104 4.3999999999999995
    endloop
  endfacet
  facet normal -0.046525790933670104 -0.7098463971127842 -0.7028182149631554
    outer loop
      vertex 104.44357881144205 39.89058934751119 5.3999999999999995
      vertex 104.3 40.890099009900986 4.3999999999999995
      vertex 104.57281266512528 40.87221792312883 4.3999999999999995
    endloop
  endfacet
  facet normal -0.13878130361882357 -0.6977007284515783 -0.7028182149631561
    outer loop
      vertex 104.58470094961277 39.86251840891797 5.3999999999999995
      vertex 104.57281266512528 40.87221792312883 4.3999999999999995
      vertex 104.8409574299123 40.81888061316458 4.3999999999999995
    endloop
  endfacet
  facet normal -0.22866222972156738 -0.6736172068873852 -0.7028182149631573
    outer loop
      vertex 104.72095177560159 39.81626748576241 5.3999999999999995
      vertex 104.8409574299123 40.81888061316458 4.3999999999999995
      vertex 105.09984626309179 40.73099969616963 4.3999999999999995
    endloop
  endfacet
  facet normal -0.31463068167667957 -0.6380079081513611 -0.7028182149631527
    outer loop
      vertex 104.85 39.75262794416288 5.3999999999999995
      vertex 105.09984626309179 40.73099969616963 4.3999999999999995
      vertex 105.3450495049505 40.61007883899895 4.3999999999999995
    endloop
  endfacet
  facet normal -0.39521571543613687 -0.5914821172176808 -0.7028182149631526
    outer loop
      vertex 104.96963757190959 39.672688674320355 5.3999999999999995
      vertex 105.3450495049505 40.61007883899895 4.3999999999999995
      vertex 105.57237166003704 40.458187031044346 4.3999999999999995
    endloop
  endfacet
  facet normal -0.4690384987299883 0.5348359032685871 -0.7028182149631534
    outer loop
      vertex 104.96963757190959 37.92731132567964 5.3999999999999995
      vertex 105.77792318325228 37.32207681674772 4.3999999999999995
      vertex 105.57237166003704 37.14181296895565 4.3999999999999995
    endloop
  endfacet
  facet normal -0.5348359032685867 0.4690384987299856 -0.7028182149631556
    outer loop
      vertex 105.0778174593052 38.02218254069479 5.3999999999999995
      vertex 105.95818703104435 37.52762833996296 4.3999999999999995
      vertex 105.77792318325228 37.32207681674772 4.3999999999999995
    endloop
  endfacet
  facet normal -0.5914821172176778 0.39521571543614104 -0.7028182149631528
    outer loop
      vertex 105.17268867432036 38.13036242809041 5.3999999999999995
      vertex 106.11007883899896 37.754950495049506 4.3999999999999995
      vertex 105.95818703104435 37.52762833996296 4.3999999999999995
    endloop
  endfacet
  facet normal -0.6380079081513679 0.31463068167666447 -0.7028182149631532
    outer loop
      vertex 105.25262794416288 38.25 5.3999999999999995
      vertex 106.23099969616963 38.00015373690821 4.3999999999999995
      vertex 106.11007883899896 37.754950495049506 4.3999999999999995
    endloop
  endfacet
  facet normal -0.5348359032685881 -0.4690384987299869 -0.7028182149631534
    outer loop
      vertex 105.17268867432036 39.46963757190959 5.3999999999999995
      vertex 105.77792318325228 40.27792318325228 4.3999999999999995
      vertex 105.95818703104435 40.072371660037035 4.3999999999999995
    endloop
  endfacet
  facet normal -0.5914821172176781 -0.39521571543614115 -0.7028182149631526
    outer loop
      vertex 105.25262794416288 39.349999999999994 5.3999999999999995
      vertex 105.95818703104435 40.072371660037035 4.3999999999999995
      vertex 106.11007883899896 39.84504950495049 4.3999999999999995
    endloop
  endfacet
  facet normal -0.6380079081513663 -0.3146306816766637 -0.7028182149631551
    outer loop
      vertex 105.31626748576241 39.2209517756016 5.3999999999999995
      vertex 106.11007883899896 39.84504950495049 4.3999999999999995
      vertex 106.23099969616963 39.599846263091784 4.3999999999999995
    endloop
  endfacet
  facet normal -0.6736172068873826 0.22866222972157904 -0.702818214963156
    outer loop
      vertex 105.31626748576241 38.379048224398396 5.3999999999999995
      vertex 106.31888061316458 38.25904257008769 4.3999999999999995
      vertex 106.23099969616963 38.00015373690821 4.3999999999999995
    endloop
  endfacet
  facet normal -0.6977007284515826 0.1387813036188134 -0.7028182149631537
    outer loop
      vertex 105.36251840891798 38.51529905038723 5.3999999999999995
      vertex 106.37221792312883 38.527187334874725 4.3999999999999995
      vertex 106.31888061316458 38.25904257008769 4.3999999999999995
    endloop
  endfacet
  facet normal -0.7098463971127884 0.04652579093365432 -0.7028182149631519
    outer loop
      vertex 105.3905893475112 38.65642118855794 5.3999999999999995
      vertex 106.39009900990098 38.8 4.3999999999999995
      vertex 106.37221792312883 38.527187334874725 4.3999999999999995
    endloop
  endfacet
  facet normal -0.7098463971127869 -0.046525790933654214 -0.7028182149631534
    outer loop
      vertex 105.39999999999999 38.8 5.3999999999999995
      vertex 106.37221792312883 39.07281266512527 4.3999999999999995
      vertex 106.39009900990098 38.8 4.3999999999999995
    endloop
  endfacet
  facet normal -0.6977007284515829 -0.13878130361881347 -0.7028182149631532
    outer loop
      vertex 105.3905893475112 38.94357881144205 5.3999999999999995
      vertex 106.31888061316458 39.3409574299123 4.3999999999999995
      vertex 106.37221792312883 39.07281266512527 4.3999999999999995
    endloop
  endfacet
  facet normal -0.6736172068873846 -0.2286622297215797 -0.702818214963154
    outer loop
      vertex 105.36251840891798 39.08470094961277 5.3999999999999995
      vertex 106.23099969616963 39.599846263091784 4.3999999999999995
      vertex 106.31888061316458 39.3409574299123 4.3999999999999995
    endloop
  endfacet
  facet normal -0.4690384987299872 -0.5348359032685859 -0.702818214963155
    outer loop
      vertex 105.0778174593052 39.5778174593052 5.3999999999999995
      vertex 105.57237166003704 40.458187031044346 4.3999999999999995
      vertex 105.77792318325228 40.27792318325228 4.3999999999999995
    endloop
  endfacet
  facet normal 0.046525790933702786 0.7098463971127853 -0.7028182149631519
    outer loop
      vertex 104.15642118855794 37.709410652488806 5.3999999999999995
      vertex 104.3 37.699999999999996 5.3999999999999995
      vertex 104.3 36.70990099009901 4.3999999999999995
    endloop
  endfacet
  facet normal -0.0465257909337025 0.7098463971127809 -0.7028182149631564
    outer loop
      vertex 104.3 37.699999999999996 5.3999999999999995
      vertex 104.44357881144205 37.709410652488806 5.3999999999999995
      vertex 104.57281266512528 36.727782076871165 4.3999999999999995
    endloop
  endfacet
  facet normal -0.13878130361881963 0.697700728451579 -0.702818214963156
    outer loop
      vertex 104.44357881144205 37.709410652488806 5.3999999999999995
      vertex 104.58470094961277 37.73748159108202 5.3999999999999995
      vertex 104.8409574299123 36.781119386835414 4.3999999999999995
    endloop
  endfacet
  facet normal -0.22866222972158376 0.673617206887379 -0.7028182149631578
    outer loop
      vertex 104.58470094961277 37.73748159108202 5.3999999999999995
      vertex 104.72095177560159 37.783732514237585 5.3999999999999995
      vertex 105.09984626309179 36.86900030383036 4.3999999999999995
    endloop
  endfacet
  facet normal -0.31463068167662933 0.638007908151388 -0.7028182149631508
    outer loop
      vertex 104.72095177560159 37.783732514237585 5.3999999999999995
      vertex 104.85 37.84737205583711 5.3999999999999995
      vertex 105.3450495049505 36.98992116100104 4.3999999999999995
    endloop
  endfacet
  facet normal -0.39521571543614364 0.591482117217676 -0.7028182149631528
    outer loop
      vertex 104.85 37.84737205583711 5.3999999999999995
      vertex 104.96963757190959 37.92731132567964 5.3999999999999995
      vertex 105.57237166003704 37.14181296895565 4.3999999999999995
    endloop
  endfacet
  facet normal -0.46903849873000303 0.5348359032685711 -0.7028182149631558
    outer loop
      vertex 104.96963757190959 37.92731132567964 5.3999999999999995
      vertex 105.0778174593052 38.02218254069479 5.3999999999999995
      vertex 105.77792318325228 37.32207681674772 4.3999999999999995
    endloop
  endfacet
  facet normal -0.39521571543614425 -0.5914821172176769 -0.7028182149631516
    outer loop
      vertex 104.85 39.75262794416288 5.3999999999999995
      vertex 105.3450495049505 40.61007883899895 4.3999999999999995
      vertex 104.96963757190959 39.672688674320355 5.3999999999999995
    endloop
  endfacet
  facet normal -0.469038498730005 -0.5348359032685733 -0.7028182149631528
    outer loop
      vertex 104.96963757190959 39.672688674320355 5.3999999999999995
      vertex 105.57237166003704 40.458187031044346 4.3999999999999995
      vertex 105.0778174593052 39.5778174593052 5.3999999999999995
    endloop
  endfacet
  facet normal -0.5348359032685686 -0.46903849873000514 -0.7028182149631563
    outer loop
      vertex 105.17268867432036 39.46963757190959 5.3999999999999995
      vertex 105.0778174593052 39.5778174593052 5.3999999999999995
      vertex 105.77792318325228 40.27792318325228 4.3999999999999995
    endloop
  endfacet
  facet normal -0.046525790933702786 -0.7098463971127853 -0.7028182149631519
    outer loop
      vertex 104.3 39.9 5.3999999999999995
      vertex 104.3 40.890099009900986 4.3999999999999995
      vertex 104.44357881144205 39.89058934751119 5.3999999999999995
    endloop
  endfacet
  facet normal -0.13878130361881952 -0.6977007284515786 -0.7028182149631566
    outer loop
      vertex 104.44357881144205 39.89058934751119 5.3999999999999995
      vertex 104.57281266512528 40.87221792312883 4.3999999999999995
      vertex 104.58470094961277 39.86251840891797 5.3999999999999995
    endloop
  endfacet
  facet normal -0.22866222972158454 -0.6736172068873812 -0.7028182149631553
    outer loop
      vertex 104.72095177560159 39.81626748576241 5.3999999999999995
      vertex 104.58470094961277 39.86251840891797 5.3999999999999995
      vertex 104.8409574299123 40.81888061316458 4.3999999999999995
    endloop
  endfacet
  facet normal -0.31463068167662583 -0.6380079081513809 -0.7028182149631587
    outer loop
      vertex 104.72095177560159 39.81626748576241 5.3999999999999995
      vertex 105.09984626309179 40.73099969616963 4.3999999999999995
      vertex 104.85 39.75262794416288 5.3999999999999995
    endloop
  endfacet
  facet normal -0.5348359032685712 0.46903849873000747 -0.7028182149631527
    outer loop
      vertex 105.0778174593052 38.02218254069479 5.3999999999999995
      vertex 105.17268867432036 38.13036242809041 5.3999999999999995
      vertex 105.95818703104435 37.52762833996296 4.3999999999999995
    endloop
  endfacet
  facet normal -0.5914821172176764 0.3952157154361439 -0.7028182149631524
    outer loop
      vertex 105.17268867432036 38.13036242809041 5.3999999999999995
      vertex 105.25262794416288 38.25 5.3999999999999995
      vertex 106.11007883899896 37.754950495049506 4.3999999999999995
    endloop
  endfacet
  facet normal -0.6380079081513765 0.314630681676641 -0.702818214963156
    outer loop
      vertex 105.25262794416288 38.25 5.3999999999999995
      vertex 105.31626748576241 38.379048224398396 5.3999999999999995
      vertex 106.23099969616963 38.00015373690821 4.3999999999999995
    endloop
  endfacet
  facet normal -0.591482117217676 -0.39521571543614364 -0.7028182149631528
    outer loop
      vertex 105.25262794416288 39.349999999999994 5.3999999999999995
      vertex 105.17268867432036 39.46963757190959 5.3999999999999995
      vertex 105.95818703104435 40.072371660037035 4.3999999999999995
    endloop
  endfacet
  facet normal -0.6380079081513796 -0.3146306816766425 -0.7028182149631524
    outer loop
      vertex 105.25262794416288 39.349999999999994 5.3999999999999995
      vertex 106.11007883899896 39.84504950495049 4.3999999999999995
      vertex 105.31626748576241 39.2209517756016 5.3999999999999995
    endloop
  endfacet
  facet normal -0.6736172068873728 -0.22866222972160488 -0.702818214963157
    outer loop
      vertex 105.36251840891798 39.08470094961277 5.3999999999999995
      vertex 105.31626748576241 39.2209517756016 5.3999999999999995
      vertex 106.23099969616963 39.599846263091784 4.3999999999999995
    endloop
  endfacet
  facet normal -0.6736172068873765 0.2286622297216061 -0.7028182149631532
    outer loop
      vertex 105.31626748576241 38.379048224398396 5.3999999999999995
      vertex 105.36251840891798 38.51529905038723 5.3999999999999995
      vertex 106.31888061316458 38.25904257008769 4.3999999999999995
    endloop
  endfacet
  facet normal -0.697700728451582 0.1387813036188202 -0.702818214963153
    outer loop
      vertex 105.36251840891798 38.51529905038723 5.3999999999999995
      vertex 105.3905893475112 38.65642118855794 5.3999999999999995
      vertex 106.37221792312883 38.527187334874725 4.3999999999999995
    endloop
  endfacet
  facet normal -0.7098463971127876 0.04652579093363268 -0.7028182149631542
    outer loop
      vertex 105.3905893475112 38.65642118855794 5.3999999999999995
      vertex 105.39999999999999 38.8 5.3999999999999995
      vertex 106.39009900990098 38.8 4.3999999999999995
    endloop
  endfacet
  facet normal -0.697700728451581 -0.13878130361882002 -0.7028182149631539
    outer loop
      vertex 105.3905893475112 38.94357881144205 5.3999999999999995
      vertex 105.36251840891798 39.08470094961277 5.3999999999999995
      vertex 106.31888061316458 39.3409574299123 4.3999999999999995
    endloop
  endfacet
  facet normal -0.7098463971127906 -0.046525790933632884 -0.7028182149631511
    outer loop
      vertex 105.39999999999999 38.8 5.3999999999999995
      vertex 105.3905893475112 38.94357881144205 5.3999999999999995
      vertex 106.37221792312883 39.07281266512527 4.3999999999999995
    endloop
  endfacet
  facet normal 0.8968727415326944 0.44228869021898914 0
    outer loop
      vertex 103.34737205583711 61.650000000000006 5.3999999999999995
      vertex 103.28373251423758 61.7790482243984 5.3999999999999995
      vertex 103.28373251423758 61.7790482243984 5.8999999999999995
    endloop
  endfacet
  facet normal 0.9978589232386091 0.06540312923005889 0
    outer loop
      vertex 103.2094106524888 62.05642118855795 5.3999999999999995
      vertex 103.2 62.2 5.3999999999999995
      vertex 103.2 62.2 5.8999999999999995
    endloop
  endfacet
  facet normal 0.9978589232386091 -0.06540312923005889 0
    outer loop
      vertex 103.2 62.2 5.3999999999999995
      vertex 103.2094106524888 62.34357881144206 5.3999999999999995
      vertex 103.2094106524888 62.34357881144206 5.8999999999999995
    endloop
  endfacet
  facet normal 0.9807852804032294 0.19509032201613385 0
    outer loop
      vertex 103.23748159108202 61.91529905038723 5.3999999999999995
      vertex 103.2094106524888 62.05642118855795 5.3999999999999995
      vertex 103.2094106524888 62.05642118855795 5.8999999999999995
    endloop
  endfacet
  facet normal 0.9469301294950909 0.32143946530320494 0
    outer loop
      vertex 103.23748159108202 61.91529905038723 5.3999999999999995
      vertex 103.23748159108202 61.91529905038723 5.8999999999999995
      vertex 103.28373251423758 61.7790482243984 5.3999999999999995
    endloop
  endfacet
  facet normal 0.9807852804032294 -0.19509032201613385 0
    outer loop
      vertex 103.2094106524888 62.34357881144206 5.3999999999999995
      vertex 103.23748159108202 62.48470094961277 5.3999999999999995
      vertex 103.23748159108202 62.48470094961277 5.8999999999999995
    endloop
  endfacet
  facet normal 0.9469301294950909 -0.32143946530320494 0
    outer loop
      vertex 103.23748159108202 62.48470094961277 5.3999999999999995
      vertex 103.28373251423758 62.620951775601604 5.3999999999999995
      vertex 103.28373251423758 62.620951775601604 5.8999999999999995
    endloop
  endfacet
  facet normal 0.8314696123025362 0.5555702330196156 0
    outer loop
      vertex 103.34737205583711 61.650000000000006 5.3999999999999995
      vertex 103.34737205583711 61.650000000000006 5.8999999999999995
      vertex 103.42731132567964 61.53036242809041 5.3999999999999995
    endloop
  endfacet
  facet normal 0.7518398074789776 0.6593458151000686 0
    outer loop
      vertex 103.5221825406948 61.4221825406948 5.3999999999999995
      vertex 103.42731132567964 61.53036242809041 5.3999999999999995
      vertex 103.42731132567964 61.53036242809041 5.8999999999999995
    endloop
  endfacet
  facet normal 0.6593458151000651 0.7518398074789806 0
    outer loop
      vertex 103.63036242809041 61.327311325679645 5.3999999999999995
      vertex 103.5221825406948 61.4221825406948 5.3999999999999995
      vertex 103.5221825406948 61.4221825406948 5.8999999999999995
    endloop
  endfacet
  facet normal 0.8968727415326944 -0.44228869021898914 0
    outer loop
      vertex 103.28373251423758 62.620951775601604 5.3999999999999995
      vertex 103.34737205583711 62.75 5.3999999999999995
      vertex 103.34737205583711 62.75 5.8999999999999995
    endloop
  endfacet
  facet normal 0.8314696123025362 -0.5555702330196156 0
    outer loop
      vertex 103.34737205583711 62.75 5.3999999999999995
      vertex 103.42731132567964 62.86963757190959 5.3999999999999995
      vertex 103.42731132567964 62.86963757190959 5.8999999999999995
    endloop
  endfacet
  facet normal 0.7518398074789776 -0.6593458151000686 0
    outer loop
      vertex 103.42731132567964 62.86963757190959 5.3999999999999995
      vertex 103.5221825406948 62.97781745930521 5.3999999999999995
      vertex 103.5221825406948 62.97781745930521 5.8999999999999995
    endloop
  endfacet
  facet normal 0.6593458151000651 -0.7518398074789806 0
    outer loop
      vertex 103.5221825406948 62.97781745930521 5.3999999999999995
      vertex 103.63036242809041 63.07268867432036 5.3999999999999995
      vertex 103.63036242809041 63.07268867432036 5.8999999999999995
    endloop
  endfacet
  facet normal 0.5555702330196156 0.8314696123025362 0
    outer loop
      vertex 103.63036242809041 61.327311325679645 5.3999999999999995
      vertex 103.63036242809041 61.327311325679645 5.8999999999999995
      vertex 103.75 61.24737205583712 5.3999999999999995
    endloop
  endfacet
  facet normal 0.4422886902189695 0.8968727415327039 0
    outer loop
      vertex 103.8790482243984 61.18373251423759 5.3999999999999995
      vertex 103.75 61.24737205583712 5.3999999999999995
      vertex 103.75 61.24737205583712 5.8999999999999995
    endloop
  endfacet
  facet normal 0.3214394653031757 0.9469301294951007 0
    outer loop
      vertex 103.8790482243984 61.18373251423759 5.3999999999999995
      vertex 103.8790482243984 61.18373251423759 5.8999999999999995
      vertex 104.01529905038723 61.13748159108203 5.3999999999999995
    endloop
  endfacet
  facet normal 0.19509032201613385 0.9807852804032294 0
    outer loop
      vertex 104.01529905038723 61.13748159108203 5.3999999999999995
      vertex 104.01529905038723 61.13748159108203 5.8999999999999995
      vertex 104.15642118855794 61.10941065248881 5.3999999999999995
    endloop
  endfacet
  facet normal 0.06540312923015723 0.9978589232386026 0
    outer loop
      vertex 104.15642118855794 61.10941065248881 5.3999999999999995
      vertex 104.15642118855794 61.10941065248881 5.8999999999999995
      vertex 104.3 61.1 5.3999999999999995
    endloop
  endfacet
  facet normal 0.5555702330196156 -0.8314696123025362 0
    outer loop
      vertex 103.63036242809041 63.07268867432036 5.3999999999999995
      vertex 103.75 63.15262794416289 5.3999999999999995
      vertex 103.75 63.15262794416289 5.8999999999999995
    endloop
  endfacet
  facet normal 0.4422886902189695 -0.8968727415327039 0
    outer loop
      vertex 103.75 63.15262794416289 5.3999999999999995
      vertex 103.8790482243984 63.216267485762415 5.3999999999999995
      vertex 103.8790482243984 63.216267485762415 5.8999999999999995
    endloop
  endfacet
  facet normal 0.3214394653031757 -0.9469301294951007 0
    outer loop
      vertex 103.8790482243984 63.216267485762415 5.3999999999999995
      vertex 104.01529905038723 63.26251840891798 5.3999999999999995
      vertex 104.01529905038723 63.26251840891798 5.8999999999999995
    endloop
  endfacet
  facet normal 0.19509032201613385 -0.9807852804032294 0
    outer loop
      vertex 104.01529905038723 63.26251840891798 5.3999999999999995
      vertex 104.15642118855794 63.290589347511194 5.3999999999999995
      vertex 104.15642118855794 63.290589347511194 5.8999999999999995
    endloop
  endfacet
  facet normal 0.8968727415326944 0.44228869021898914 0
    outer loop
      vertex 103.34737205583711 61.650000000000006 5.3999999999999995
      vertex 103.28373251423758 61.7790482243984 5.8999999999999995
      vertex 103.34737205583711 61.650000000000006 5.8999999999999995
    endloop
  endfacet
  facet normal 0.9978589232386091 0.06540312923005889 0
    outer loop
      vertex 103.2094106524888 62.05642118855795 5.3999999999999995
      vertex 103.2 62.2 5.8999999999999995
      vertex 103.2094106524888 62.05642118855795 5.8999999999999995
    endloop
  endfacet
  facet normal 0.9978589232386091 -0.06540312923005889 0
    outer loop
      vertex 103.2 62.2 5.3999999999999995
      vertex 103.2094106524888 62.34357881144206 5.8999999999999995
      vertex 103.2 62.2 5.8999999999999995
    endloop
  endfacet
  facet normal 0.9807852804032294 0.19509032201613385 0
    outer loop
      vertex 103.23748159108202 61.91529905038723 5.3999999999999995
      vertex 103.2094106524888 62.05642118855795 5.8999999999999995
      vertex 103.23748159108202 61.91529905038723 5.8999999999999995
    endloop
  endfacet
  facet normal 0.9469301294950909 0.32143946530320494 0
    outer loop
      vertex 103.28373251423758 61.7790482243984 5.3999999999999995
      vertex 103.23748159108202 61.91529905038723 5.8999999999999995
      vertex 103.28373251423758 61.7790482243984 5.8999999999999995
    endloop
  endfacet
  facet normal 0.9807852804032294 -0.19509032201613385 0
    outer loop
      vertex 103.2094106524888 62.34357881144206 5.3999999999999995
      vertex 103.23748159108202 62.48470094961277 5.8999999999999995
      vertex 103.2094106524888 62.34357881144206 5.8999999999999995
    endloop
  endfacet
  facet normal 0.9469301294950909 -0.32143946530320494 0
    outer loop
      vertex 103.23748159108202 62.48470094961277 5.3999999999999995
      vertex 103.28373251423758 62.620951775601604 5.8999999999999995
      vertex 103.23748159108202 62.48470094961277 5.8999999999999995
    endloop
  endfacet
  facet normal 0.8314696123025362 0.5555702330196156 0
    outer loop
      vertex 103.42731132567964 61.53036242809041 5.3999999999999995
      vertex 103.34737205583711 61.650000000000006 5.8999999999999995
      vertex 103.42731132567964 61.53036242809041 5.8999999999999995
    endloop
  endfacet
  facet normal 0.7518398074789776 0.6593458151000686 0
    outer loop
      vertex 103.5221825406948 61.4221825406948 5.3999999999999995
      vertex 103.42731132567964 61.53036242809041 5.8999999999999995
      vertex 103.5221825406948 61.4221825406948 5.8999999999999995
    endloop
  endfacet
  facet normal 0.6593458151000651 0.7518398074789806 0
    outer loop
      vertex 103.63036242809041 61.327311325679645 5.3999999999999995
      vertex 103.5221825406948 61.4221825406948 5.8999999999999995
      vertex 103.63036242809041 61.327311325679645 5.8999999999999995
    endloop
  endfacet
  facet normal 0.8968727415326944 -0.44228869021898914 0
    outer loop
      vertex 103.28373251423758 62.620951775601604 5.3999999999999995
      vertex 103.34737205583711 62.75 5.8999999999999995
      vertex 103.28373251423758 62.620951775601604 5.8999999999999995
    endloop
  endfacet
  facet normal 0.8314696123025362 -0.5555702330196156 0
    outer loop
      vertex 103.34737205583711 62.75 5.3999999999999995
      vertex 103.42731132567964 62.86963757190959 5.8999999999999995
      vertex 103.34737205583711 62.75 5.8999999999999995
    endloop
  endfacet
  facet normal 0.7518398074789776 -0.6593458151000686 0
    outer loop
      vertex 103.42731132567964 62.86963757190959 5.3999999999999995
      vertex 103.5221825406948 62.97781745930521 5.8999999999999995
      vertex 103.42731132567964 62.86963757190959 5.8999999999999995
    endloop
  endfacet
  facet normal 0.6593458151000651 -0.7518398074789806 0
    outer loop
      vertex 103.5221825406948 62.97781745930521 5.3999999999999995
      vertex 103.63036242809041 63.07268867432036 5.8999999999999995
      vertex 103.5221825406948 62.97781745930521 5.8999999999999995
    endloop
  endfacet
  facet normal 0.5555702330196156 0.8314696123025362 0
    outer loop
      vertex 103.75 61.24737205583712 5.3999999999999995
      vertex 103.63036242809041 61.327311325679645 5.8999999999999995
      vertex 103.75 61.24737205583712 5.8999999999999995
    endloop
  endfacet
  facet normal 0.4422886902189695 0.8968727415327039 0
    outer loop
      vertex 103.8790482243984 61.18373251423759 5.3999999999999995
      vertex 103.75 61.24737205583712 5.8999999999999995
      vertex 103.8790482243984 61.18373251423759 5.8999999999999995
    endloop
  endfacet
  facet normal 0.3214394653031757 0.9469301294951007 0
    outer loop
      vertex 104.01529905038723 61.13748159108203 5.3999999999999995
      vertex 103.8790482243984 61.18373251423759 5.8999999999999995
      vertex 104.01529905038723 61.13748159108203 5.8999999999999995
    endloop
  endfacet
  facet normal 0.19509032201613385 0.9807852804032294 0
    outer loop
      vertex 104.15642118855794 61.10941065248881 5.3999999999999995
      vertex 104.01529905038723 61.13748159108203 5.8999999999999995
      vertex 104.15642118855794 61.10941065248881 5.8999999999999995
    endloop
  endfacet
  facet normal 0.5555702330196156 -0.8314696123025362 0
    outer loop
      vertex 103.63036242809041 63.07268867432036 5.3999999999999995
      vertex 103.75 63.15262794416289 5.8999999999999995
      vertex 103.63036242809041 63.07268867432036 5.8999999999999995
    endloop
  endfacet
  facet normal 0.4422886902189695 -0.8968727415327039 0
    outer loop
      vertex 103.75 63.15262794416289 5.3999999999999995
      vertex 103.8790482243984 63.216267485762415 5.8999999999999995
      vertex 103.75 63.15262794416289 5.8999999999999995
    endloop
  endfacet
  facet normal 0.3214394653031757 -0.9469301294951007 0
    outer loop
      vertex 103.8790482243984 63.216267485762415 5.3999999999999995
      vertex 104.01529905038723 63.26251840891798 5.8999999999999995
      vertex 103.8790482243984 63.216267485762415 5.8999999999999995
    endloop
  endfacet
  facet normal 0.19509032201613385 -0.9807852804032294 0
    outer loop
      vertex 104.01529905038723 63.26251840891798 5.3999999999999995
      vertex 104.15642118855794 63.290589347511194 5.8999999999999995
      vertex 104.01529905038723 63.26251840891798 5.8999999999999995
    endloop
  endfacet
  facet normal 0.06540312923015723 -0.9978589232386026 0
    outer loop
      vertex 104.15642118855794 63.290589347511194 5.3999999999999995
      vertex 104.3 63.300000000000004 5.8999999999999995
      vertex 104.15642118855794 63.290589347511194 5.8999999999999995
    endloop
  endfacet
  facet normal -0.06540312923015723 0.9978589232386026 0
    outer loop
      vertex 104.3 61.1 5.3999999999999995
      vertex 104.3 61.1 5.8999999999999995
      vertex 104.44357881144205 61.10941065248881 5.3999999999999995
    endloop
  endfacet
  facet normal -0.19509032201613385 0.9807852804032294 0
    outer loop
      vertex 104.44357881144205 61.10941065248881 5.3999999999999995
      vertex 104.44357881144205 61.10941065248881 5.8999999999999995
      vertex 104.58470094961277 61.13748159108203 5.3999999999999995
    endloop
  endfacet
  facet normal -0.3214394653031757 0.9469301294951007 0
    outer loop
      vertex 104.58470094961277 61.13748159108203 5.3999999999999995
      vertex 104.58470094961277 61.13748159108203 5.8999999999999995
      vertex 104.72095177560159 61.18373251423759 5.3999999999999995
    endloop
  endfacet
  facet normal -0.4422886902189695 0.8968727415327039 0
    outer loop
      vertex 104.72095177560159 61.18373251423759 5.3999999999999995
      vertex 104.72095177560159 61.18373251423759 5.8999999999999995
      vertex 104.85 61.24737205583712 5.3999999999999995
    endloop
  endfacet
  facet normal 0.06540312923015723 -0.9978589232386026 0
    outer loop
      vertex 104.15642118855794 63.290589347511194 5.3999999999999995
      vertex 104.3 63.300000000000004 5.3999999999999995
      vertex 104.3 63.300000000000004 5.8999999999999995
    endloop
  endfacet
  facet normal -0.06540312923015723 -0.9978589232386026 0
    outer loop
      vertex 104.3 63.300000000000004 5.3999999999999995
      vertex 104.44357881144205 63.290589347511194 5.3999999999999995
      vertex 104.44357881144205 63.290589347511194 5.8999999999999995
    endloop
  endfacet
  facet normal -0.19509032201613385 -0.9807852804032294 0
    outer loop
      vertex 104.44357881144205 63.290589347511194 5.3999999999999995
      vertex 104.58470094961277 63.26251840891798 5.3999999999999995
      vertex 104.58470094961277 63.26251840891798 5.8999999999999995
    endloop
  endfacet
  facet normal -0.3214394653031757 -0.9469301294951007 0
    outer loop
      vertex 104.72095177560159 63.216267485762415 5.3999999999999995
      vertex 104.72095177560159 63.216267485762415 5.8999999999999995
      vertex 104.58470094961277 63.26251840891798 5.3999999999999995
    endloop
  endfacet
  facet normal -0.5555702330196156 0.8314696123025362 0
    outer loop
      vertex 104.85 61.24737205583712 5.3999999999999995
      vertex 104.85 61.24737205583712 5.8999999999999995
      vertex 104.96963757190959 61.327311325679645 5.3999999999999995
    endloop
  endfacet
  facet normal -0.6593458151000651 0.7518398074789806 0
    outer loop
      vertex 104.96963757190959 61.327311325679645 5.3999999999999995
      vertex 104.96963757190959 61.327311325679645 5.8999999999999995
      vertex 105.0778174593052 61.4221825406948 5.3999999999999995
    endloop
  endfacet
  facet normal -0.7518398074789776 0.6593458151000686 0
    outer loop
      vertex 105.0778174593052 61.4221825406948 5.3999999999999995
      vertex 105.0778174593052 61.4221825406948 5.8999999999999995
      vertex 105.17268867432036 61.53036242809041 5.3999999999999995
    endloop
  endfacet
  facet normal -0.8314696123025362 0.5555702330196156 0
    outer loop
      vertex 105.17268867432036 61.53036242809041 5.3999999999999995
      vertex 105.17268867432036 61.53036242809041 5.8999999999999995
      vertex 105.25262794416288 61.650000000000006 5.3999999999999995
    endloop
  endfacet
  facet normal -0.8968727415326944 0.44228869021898914 0
    outer loop
      vertex 105.25262794416288 61.650000000000006 5.3999999999999995
      vertex 105.25262794416288 61.650000000000006 5.8999999999999995
      vertex 105.31626748576241 61.7790482243984 5.3999999999999995
    endloop
  endfacet
  facet normal -0.9469301294950909 0.32143946530320494 0
    outer loop
      vertex 105.31626748576241 61.7790482243984 5.3999999999999995
      vertex 105.31626748576241 61.7790482243984 5.8999999999999995
      vertex 105.36251840891798 61.91529905038723 5.3999999999999995
    endloop
  endfacet
  facet normal -0.9469301294950909 -0.32143946530320494 0
    outer loop
      vertex 105.36251840891798 62.48470094961277 5.3999999999999995
      vertex 105.36251840891798 62.48470094961277 5.8999999999999995
      vertex 105.31626748576241 62.620951775601604 5.3999999999999995
    endloop
  endfacet
  facet normal -0.4422886902189695 -0.8968727415327039 0
    outer loop
      vertex 104.72095177560159 63.216267485762415 5.3999999999999995
      vertex 104.85 63.15262794416289 5.3999999999999995
      vertex 104.85 63.15262794416289 5.8999999999999995
    endloop
  endfacet
  facet normal -0.6593458151000651 -0.7518398074789806 0
    outer loop
      vertex 105.0778174593052 62.97781745930521 5.3999999999999995
      vertex 105.0778174593052 62.97781745930521 5.8999999999999995
      vertex 104.96963757190959 63.07268867432036 5.3999999999999995
    endloop
  endfacet
  facet normal -0.5555702330196156 -0.8314696123025362 0
    outer loop
      vertex 104.85 63.15262794416289 5.3999999999999995
      vertex 104.96963757190959 63.07268867432036 5.3999999999999995
      vertex 104.96963757190959 63.07268867432036 5.8999999999999995
    endloop
  endfacet
  facet normal -0.7518398074789776 -0.6593458151000686 0
    outer loop
      vertex 105.0778174593052 62.97781745930521 5.3999999999999995
      vertex 105.17268867432036 62.86963757190959 5.3999999999999995
      vertex 105.17268867432036 62.86963757190959 5.8999999999999995
    endloop
  endfacet
  facet normal -0.8314696123025362 -0.5555702330196156 0
    outer loop
      vertex 105.17268867432036 62.86963757190959 5.3999999999999995
      vertex 105.25262794416288 62.75 5.3999999999999995
      vertex 105.25262794416288 62.75 5.8999999999999995
    endloop
  endfacet
  facet normal -0.8968727415326944 -0.44228869021898914 0
    outer loop
      vertex 105.25262794416288 62.75 5.3999999999999995
      vertex 105.31626748576241 62.620951775601604 5.3999999999999995
      vertex 105.31626748576241 62.620951775601604 5.8999999999999995
    endloop
  endfacet
  facet normal 0.06540312923015723 0.9978589232386026 0
    outer loop
      vertex 104.3 61.1 5.3999999999999995
      vertex 104.15642118855794 61.10941065248881 5.8999999999999995
      vertex 104.3 61.1 5.8999999999999995
    endloop
  endfacet
  facet normal -0.06540312923015723 0.9978589232386026 0
    outer loop
      vertex 104.44357881144205 61.10941065248881 5.3999999999999995
      vertex 104.3 61.1 5.8999999999999995
      vertex 104.44357881144205 61.10941065248881 5.8999999999999995
    endloop
  endfacet
  facet normal -0.19509032201613385 0.9807852804032294 0
    outer loop
      vertex 104.58470094961277 61.13748159108203 5.3999999999999995
      vertex 104.44357881144205 61.10941065248881 5.8999999999999995
      vertex 104.58470094961277 61.13748159108203 5.8999999999999995
    endloop
  endfacet
  facet normal -0.3214394653031757 0.9469301294951007 0
    outer loop
      vertex 104.72095177560159 61.18373251423759 5.3999999999999995
      vertex 104.58470094961277 61.13748159108203 5.8999999999999995
      vertex 104.72095177560159 61.18373251423759 5.8999999999999995
    endloop
  endfacet
  facet normal -0.06540312923015723 -0.9978589232386026 0
    outer loop
      vertex 104.3 63.300000000000004 5.3999999999999995
      vertex 104.44357881144205 63.290589347511194 5.8999999999999995
      vertex 104.3 63.300000000000004 5.8999999999999995
    endloop
  endfacet
  facet normal -0.19509032201613385 -0.9807852804032294 0
    outer loop
      vertex 104.44357881144205 63.290589347511194 5.3999999999999995
      vertex 104.58470094961277 63.26251840891798 5.8999999999999995
      vertex 104.44357881144205 63.290589347511194 5.8999999999999995
    endloop
  endfacet
  facet normal -0.3214394653031757 -0.9469301294951007 0
    outer loop
      vertex 104.58470094961277 63.26251840891798 5.3999999999999995
      vertex 104.72095177560159 63.216267485762415 5.8999999999999995
      vertex 104.58470094961277 63.26251840891798 5.8999999999999995
    endloop
  endfacet
  facet normal -0.4422886902189695 -0.8968727415327039 0
    outer loop
      vertex 104.72095177560159 63.216267485762415 5.3999999999999995
      vertex 104.85 63.15262794416289 5.8999999999999995
      vertex 104.72095177560159 63.216267485762415 5.8999999999999995
    endloop
  endfacet
  facet normal -0.4422886902189695 0.8968727415327039 0
    outer loop
      vertex 104.85 61.24737205583712 5.3999999999999995
      vertex 104.72095177560159 61.18373251423759 5.8999999999999995
      vertex 104.85 61.24737205583712 5.8999999999999995
    endloop
  endfacet
  facet normal -0.5555702330196156 0.8314696123025362 0
    outer loop
      vertex 104.96963757190959 61.327311325679645 5.3999999999999995
      vertex 104.85 61.24737205583712 5.8999999999999995
      vertex 104.96963757190959 61.327311325679645 5.8999999999999995
    endloop
  endfacet
  facet normal -0.6593458151000651 0.7518398074789806 0
    outer loop
      vertex 105.0778174593052 61.4221825406948 5.3999999999999995
      vertex 104.96963757190959 61.327311325679645 5.8999999999999995
      vertex 105.0778174593052 61.4221825406948 5.8999999999999995
    endloop
  endfacet
  facet normal -0.7518398074789776 0.6593458151000686 0
    outer loop
      vertex 105.17268867432036 61.53036242809041 5.3999999999999995
      vertex 105.0778174593052 61.4221825406948 5.8999999999999995
      vertex 105.17268867432036 61.53036242809041 5.8999999999999995
    endloop
  endfacet
  facet normal -0.8314696123025362 0.5555702330196156 0
    outer loop
      vertex 105.25262794416288 61.650000000000006 5.3999999999999995
      vertex 105.17268867432036 61.53036242809041 5.8999999999999995
      vertex 105.25262794416288 61.650000000000006 5.8999999999999995
    endloop
  endfacet
  facet normal -0.8968727415326944 0.44228869021898914 0
    outer loop
      vertex 105.31626748576241 61.7790482243984 5.3999999999999995
      vertex 105.25262794416288 61.650000000000006 5.8999999999999995
      vertex 105.31626748576241 61.7790482243984 5.8999999999999995
    endloop
  endfacet
  facet normal -0.9469301294950909 0.32143946530320494 0
    outer loop
      vertex 105.36251840891798 61.91529905038723 5.3999999999999995
      vertex 105.31626748576241 61.7790482243984 5.8999999999999995
      vertex 105.36251840891798 61.91529905038723 5.8999999999999995
    endloop
  endfacet
  facet normal -0.9469301294950909 -0.32143946530320494 0
    outer loop
      vertex 105.31626748576241 62.620951775601604 5.3999999999999995
      vertex 105.36251840891798 62.48470094961277 5.8999999999999995
      vertex 105.31626748576241 62.620951775601604 5.8999999999999995
    endloop
  endfacet
  facet normal -0.5555702330196156 -0.8314696123025362 0
    outer loop
      vertex 104.85 63.15262794416289 5.3999999999999995
      vertex 104.96963757190959 63.07268867432036 5.8999999999999995
      vertex 104.85 63.15262794416289 5.8999999999999995
    endloop
  endfacet
  facet normal -0.6593458151000651 -0.7518398074789806 0
    outer loop
      vertex 104.96963757190959 63.07268867432036 5.3999999999999995
      vertex 105.0778174593052 62.97781745930521 5.8999999999999995
      vertex 104.96963757190959 63.07268867432036 5.8999999999999995
    endloop
  endfacet
  facet normal -0.7518398074789776 -0.6593458151000686 0
    outer loop
      vertex 105.0778174593052 62.97781745930521 5.3999999999999995
      vertex 105.17268867432036 62.86963757190959 5.8999999999999995
      vertex 105.0778174593052 62.97781745930521 5.8999999999999995
    endloop
  endfacet
  facet normal -0.8314696123025362 -0.5555702330196156 0
    outer loop
      vertex 105.17268867432036 62.86963757190959 5.3999999999999995
      vertex 105.25262794416288 62.75 5.8999999999999995
      vertex 105.17268867432036 62.86963757190959 5.8999999999999995
    endloop
  endfacet
  facet normal -0.8968727415326944 -0.44228869021898914 0
    outer loop
      vertex 105.25262794416288 62.75 5.3999999999999995
      vertex 105.31626748576241 62.620951775601604 5.8999999999999995
      vertex 105.25262794416288 62.75 5.8999999999999995
    endloop
  endfacet
  facet normal -0.9807852804032294 0.19509032201613385 0
    outer loop
      vertex 105.36251840891798 61.91529905038723 5.3999999999999995
      vertex 105.36251840891798 61.91529905038723 5.8999999999999995
      vertex 105.3905893475112 62.05642118855795 5.3999999999999995
    endloop
  endfacet
  facet normal -0.9978589232386091 0.06540312923005889 0
    outer loop
      vertex 105.3905893475112 62.05642118855795 5.3999999999999995
      vertex 105.3905893475112 62.05642118855795 5.8999999999999995
      vertex 105.39999999999999 62.2 5.3999999999999995
    endloop
  endfacet
  facet normal -0.9807852804032294 -0.19509032201613385 0
    outer loop
      vertex 105.3905893475112 62.34357881144206 5.3999999999999995
      vertex 105.3905893475112 62.34357881144206 5.8999999999999995
      vertex 105.36251840891798 62.48470094961277 5.3999999999999995
    endloop
  endfacet
  facet normal -0.9978589232386091 -0.06540312923005889 0
    outer loop
      vertex 105.39999999999999 62.2 5.3999999999999995
      vertex 105.39999999999999 62.2 5.8999999999999995
      vertex 105.3905893475112 62.34357881144206 5.3999999999999995
    endloop
  endfacet
  facet normal -0.9807852804032294 0.19509032201613385 0
    outer loop
      vertex 105.3905893475112 62.05642118855795 5.3999999999999995
      vertex 105.36251840891798 61.91529905038723 5.8999999999999995
      vertex 105.3905893475112 62.05642118855795 5.8999999999999995
    endloop
  endfacet
  facet normal -0.9978589232386091 0.06540312923005889 0
    outer loop
      vertex 105.39999999999999 62.2 5.3999999999999995
      vertex 105.3905893475112 62.05642118855795 5.8999999999999995
      vertex 105.39999999999999 62.2 5.8999999999999995
    endloop
  endfacet
  facet normal -0.9807852804032294 -0.19509032201613385 0
    outer loop
      vertex 105.36251840891798 62.48470094961277 5.3999999999999995
      vertex 105.3905893475112 62.34357881144206 5.8999999999999995
      vertex 105.36251840891798 62.48470094961277 5.8999999999999995
    endloop
  endfacet
  facet normal -0.9978589232386091 -0.06540312923005889 0
    outer loop
      vertex 105.3905893475112 62.34357881144206 5.3999999999999995
      vertex 105.39999999999999 62.2 5.8999999999999995
      vertex 105.3905893475112 62.34357881144206 5.8999999999999995
    endloop
  endfacet
  facet normal 0.46903849872999426 0.5348359032685795 -0.7028182149631551
    outer loop
      vertex 103.07227681923365 60.599999999999994 4.474076578959398
      vertex 102.96127874735727 60.599999999999994 4.3999999999999995
      vertex 102.82207681674771 60.72207681674772 4.3999999999999995
    endloop
  endfacet
  facet normal 0.6736172068873846 0.2286622297215797 -0.702818214963154
    outer loop
      vertex 103.23748159108202 61.91529905038723 5.3999999999999995
      vertex 102.36900030383036 61.400153736908216 4.3999999999999995
      vertex 102.28111938683541 61.6590425700877 4.3999999999999995
    endloop
  endfacet
  facet normal 0.6380079081513663 0.3146306816766637 -0.7028182149631551
    outer loop
      vertex 103.28373251423758 61.7790482243984 5.3999999999999995
      vertex 102.48992116100104 61.15495049504951 4.3999999999999995
      vertex 102.36900030383036 61.400153736908216 4.3999999999999995
    endloop
  endfacet
  facet normal 0.7098463971127869 0.046525790933654214 -0.7028182149631534
    outer loop
      vertex 103.2 62.2 5.3999999999999995
      vertex 102.22778207687116 61.92718733487473 4.3999999999999995
      vertex 102.20990099009902 62.2 4.3999999999999995
    endloop
  endfacet
  facet normal 0.6977007284515829 0.13878130361881347 -0.7028182149631532
    outer loop
      vertex 103.2094106524888 62.05642118855795 5.3999999999999995
      vertex 102.28111938683541 61.6590425700877 4.3999999999999995
      vertex 102.22778207687116 61.92718733487473 4.3999999999999995
    endloop
  endfacet
  facet normal 0.7098463971127884 -0.04652579093365432 -0.7028182149631519
    outer loop
      vertex 103.2094106524888 62.34357881144206 5.3999999999999995
      vertex 102.20990099009902 62.2 4.3999999999999995
      vertex 102.22778207687116 62.472812665125275 4.3999999999999995
    endloop
  endfacet
  facet normal 0.6977007284515826 -0.1387813036188134 -0.7028182149631537
    outer loop
      vertex 103.23748159108202 62.48470094961277 5.3999999999999995
      vertex 102.22778207687116 62.472812665125275 4.3999999999999995
      vertex 102.28111938683541 62.74095742991231 4.3999999999999995
    endloop
  endfacet
  facet normal 0.5914821172176781 0.39521571543614115 -0.7028182149631526
    outer loop
      vertex 103.34737205583711 61.650000000000006 5.3999999999999995
      vertex 102.64181296895565 60.927628339962965 4.3999999999999995
      vertex 102.48992116100104 61.15495049504951 4.3999999999999995
    endloop
  endfacet
  facet normal 0.5348359032685881 0.4690384987299869 -0.7028182149631534
    outer loop
      vertex 103.42731132567964 61.53036242809041 5.3999999999999995
      vertex 102.82207681674771 60.72207681674772 4.3999999999999995
      vertex 102.64181296895565 60.927628339962965 4.3999999999999995
    endloop
  endfacet
  facet normal 0.6736172068873826 -0.22866222972157904 -0.702818214963156
    outer loop
      vertex 103.28373251423758 62.620951775601604 5.3999999999999995
      vertex 102.28111938683541 62.74095742991231 4.3999999999999995
      vertex 102.36900030383036 62.99984626309179 4.3999999999999995
    endloop
  endfacet
  facet normal 0.6380079081513679 -0.31463068167666447 -0.7028182149631532
    outer loop
      vertex 103.34737205583711 62.75 5.3999999999999995
      vertex 102.36900030383036 62.99984626309179 4.3999999999999995
      vertex 102.48992116100104 63.245049504950494 4.3999999999999995
    endloop
  endfacet
  facet normal 0.5914821172176778 -0.39521571543614104 -0.7028182149631528
    outer loop
      vertex 103.42731132567964 62.86963757190959 5.3999999999999995
      vertex 102.48992116100104 63.245049504950494 4.3999999999999995
      vertex 102.64181296895565 63.47237166003704 4.3999999999999995
    endloop
  endfacet
  facet normal 0.5348359032685867 -0.4690384987299856 -0.7028182149631556
    outer loop
      vertex 103.5221825406948 62.97781745930521 5.3999999999999995
      vertex 102.64181296895565 63.47237166003704 4.3999999999999995
      vertex 102.82207681674771 63.67792318325228 4.3999999999999995
    endloop
  endfacet
  facet normal 0.46903849872999426 0.5348359032685793 -0.7028182149631553
    outer loop
      vertex 103.07227681923365 60.599999999999994 4.474076578959398
      vertex 102.82207681674771 60.72207681674772 4.3999999999999995
      vertex 103.5221825406948 61.4221825406948 5.3999999999999995
    endloop
  endfacet
  facet normal 0.4690384987299883 -0.5348359032685871 -0.7028182149631534
    outer loop
      vertex 103.63036242809041 63.07268867432036 5.3999999999999995
      vertex 102.82207681674771 63.67792318325228 4.3999999999999995
      vertex 103.02762833996296 63.85818703104435 4.3999999999999995
    endloop
  endfacet
  facet normal 0.3952157154361491 -0.5914821172176714 -0.7028182149631537
    outer loop
      vertex 103.75 63.15262794416289 5.3999999999999995
      vertex 103.02762833996296 63.85818703104435 4.3999999999999995
      vertex 103.2549504950495 64.01007883899896 4.3999999999999995
    endloop
  endfacet
  facet normal 0.31463068167666275 -0.6380079081513644 -0.7028182149631573
    outer loop
      vertex 103.8790482243984 63.216267485762415 5.3999999999999995
      vertex 103.2549504950495 64.01007883899896 4.3999999999999995
      vertex 103.5001537369082 64.13099969616964 4.3999999999999995
    endloop
  endfacet
  facet normal 0.2286622297215678 -0.6736172068873865 -0.7028182149631559
    outer loop
      vertex 104.01529905038723 63.26251840891798 5.3999999999999995
      vertex 103.5001537369082 64.13099969616964 4.3999999999999995
      vertex 103.7590425700877 64.21888061316459 4.3999999999999995
    endloop
  endfacet
  facet normal 0.13878130361882351 -0.6977007284515779 -0.7028182149631564
    outer loop
      vertex 104.15642118855794 63.290589347511194 5.3999999999999995
      vertex 103.7590425700877 64.21888061316459 4.3999999999999995
      vertex 104.02718733487471 64.27221792312884 4.3999999999999995
    endloop
  endfacet
  facet normal 0.04652579093365197 -0.7098463971127896 -0.702818214963151
    outer loop
      vertex 104.3 63.300000000000004 5.3999999999999995
      vertex 104.02718733487471 64.27221792312884 4.3999999999999995
      vertex 104.3 64.29009900990098 4.3999999999999995
    endloop
  endfacet
  facet normal 0.6736172068873728 0.22866222972160488 -0.702818214963157
    outer loop
      vertex 103.23748159108202 61.91529905038723 5.3999999999999995
      vertex 103.28373251423758 61.7790482243984 5.3999999999999995
      vertex 102.36900030383036 61.400153736908216 4.3999999999999995
    endloop
  endfacet
  facet normal 0.6380079081513796 0.3146306816766425 -0.7028182149631524
    outer loop
      vertex 103.34737205583711 61.650000000000006 5.3999999999999995
      vertex 102.48992116100104 61.15495049504951 4.3999999999999995
      vertex 103.28373251423758 61.7790482243984 5.3999999999999995
    endloop
  endfacet
  facet normal 0.697700728451581 0.13878130361882002 -0.702818214963154
    outer loop
      vertex 103.23748159108202 61.91529905038723 5.3999999999999995
      vertex 102.28111938683541 61.6590425700877 4.3999999999999995
      vertex 103.2094106524888 62.05642118855795 5.3999999999999995
    endloop
  endfacet
  facet normal 0.7098463971127906 0.046525790933632884 -0.7028182149631513
    outer loop
      vertex 103.2094106524888 62.05642118855795 5.3999999999999995
      vertex 102.22778207687116 61.92718733487473 4.3999999999999995
      vertex 103.2 62.2 5.3999999999999995
    endloop
  endfacet
  facet normal 0.7098463971127876 -0.04652579093363268 -0.7028182149631542
    outer loop
      vertex 103.2 62.2 5.3999999999999995
      vertex 102.20990099009902 62.2 4.3999999999999995
      vertex 103.2094106524888 62.34357881144206 5.3999999999999995
    endloop
  endfacet
  facet normal 0.697700728451582 -0.1387813036188202 -0.702818214963153
    outer loop
      vertex 103.2094106524888 62.34357881144206 5.3999999999999995
      vertex 102.22778207687116 62.472812665125275 4.3999999999999995
      vertex 103.23748159108202 62.48470094961277 5.3999999999999995
    endloop
  endfacet
  facet normal 0.6736172068873765 -0.2286622297216061 -0.702818214963153
    outer loop
      vertex 103.23748159108202 62.48470094961277 5.3999999999999995
      vertex 102.28111938683541 62.74095742991231 4.3999999999999995
      vertex 103.28373251423758 62.620951775601604 5.3999999999999995
    endloop
  endfacet
  facet normal 0.6380079081513765 -0.314630681676641 -0.702818214963156
    outer loop
      vertex 103.28373251423758 62.620951775601604 5.3999999999999995
      vertex 102.36900030383036 62.99984626309179 4.3999999999999995
      vertex 103.34737205583711 62.75 5.3999999999999995
    endloop
  endfacet
  facet normal 0.3952157154361394 0.5914821172176776 -0.7028182149631538
    outer loop
      vertex 103.07227681923365 60.599999999999994 4.474076578959398
      vertex 103.63036242809041 61.327311325679645 5.3999999999999995
      vertex 103.37623956929659 60.599999999999994 4.645003929979118
    endloop
  endfacet
  facet normal 0.3146306816766493 0.6380079081513754 -0.7028182149631532
    outer loop
      vertex 103.37623956929659 60.599999999999994 4.645003929979118
      vertex 103.75 61.24737205583712 5.3999999999999995
      vertex 103.63725830020304 60.599999999999994 4.7618542043274825
    endloop
  endfacet
  facet normal 0.22866222972158076 0.6736172068873821 -0.7028182149631559
    outer loop
      vertex 103.63725830020304 60.599999999999994 4.7618542043274825
      vertex 103.8790482243984 61.18373251423759 5.3999999999999995
      vertex 103.8712812921102 60.599999999999994 4.837993692457298
    endloop
  endfacet
  facet normal 0.13878130361881713 0.6977007284515802 -0.7028182149631553
    outer loop
      vertex 103.8712812921102 60.599999999999994 4.837993692457298
      vertex 104.01529905038723 61.13748159108203 5.3999999999999995
      vertex 104.08935600386016 60.599999999999994 4.881055599702465
    endloop
  endfacet
  facet normal 0.046525790933692995 0.7098463971127833 -0.7028182149631548
    outer loop
      vertex 104.08935600386016 60.599999999999994 4.881055599702465
      vertex 104.15642118855794 61.10941065248881 5.3999999999999995
      vertex 104.3 60.599999999999994 4.8949999999999925
    endloop
  endfacet
  facet normal 0.591482117217676 0.39521571543614364 -0.7028182149631528
    outer loop
      vertex 103.34737205583711 61.650000000000006 5.3999999999999995
      vertex 103.42731132567964 61.53036242809041 5.3999999999999995
      vertex 102.64181296895565 60.927628339962965 4.3999999999999995
    endloop
  endfacet
  facet normal 0.5348359032685684 0.4690384987300051 -0.7028182149631563
    outer loop
      vertex 103.5221825406948 61.4221825406948 5.3999999999999995
      vertex 102.82207681674771 60.72207681674772 4.3999999999999995
      vertex 103.42731132567964 61.53036242809041 5.3999999999999995
    endloop
  endfacet
  facet normal 0.46903849873000436 0.5348359032685726 -0.7028182149631538
    outer loop
      vertex 103.07227681923365 60.599999999999994 4.474076578959398
      vertex 103.5221825406948 61.4221825406948 5.3999999999999995
      vertex 103.63036242809041 61.327311325679645 5.3999999999999995
    endloop
  endfacet
  facet normal 0.39521571543614337 0.5914821172176756 -0.7028182149631533
    outer loop
      vertex 103.37623956929659 60.599999999999994 4.645003929979118
      vertex 103.63036242809041 61.327311325679645 5.3999999999999995
      vertex 103.75 61.24737205583712 5.3999999999999995
    endloop
  endfacet
  facet normal 0.5914821172176764 -0.3952157154361439 -0.7028182149631524
    outer loop
      vertex 103.34737205583711 62.75 5.3999999999999995
      vertex 102.48992116100104 63.245049504950494 4.3999999999999995
      vertex 103.42731132567964 62.86963757190959 5.3999999999999995
    endloop
  endfacet
  facet normal 0.5348359032685712 -0.46903849873000747 -0.7028182149631527
    outer loop
      vertex 103.42731132567964 62.86963757190959 5.3999999999999995
      vertex 102.64181296895565 63.47237166003704 4.3999999999999995
      vertex 103.5221825406948 62.97781745930521 5.3999999999999995
    endloop
  endfacet
  facet normal 0.46903849873000303 -0.5348359032685711 -0.7028182149631558
    outer loop
      vertex 103.5221825406948 62.97781745930521 5.3999999999999995
      vertex 102.82207681674771 63.67792318325228 4.3999999999999995
      vertex 103.63036242809041 63.07268867432036 5.3999999999999995
    endloop
  endfacet
  facet normal 0.39521571543614364 -0.591482117217676 -0.7028182149631528
    outer loop
      vertex 103.63036242809041 63.07268867432036 5.3999999999999995
      vertex 103.02762833996296 63.85818703104435 4.3999999999999995
      vertex 103.75 63.15262794416289 5.3999999999999995
    endloop
  endfacet
  facet normal 0.31463068167662833 -0.638007908151386 -0.7028182149631531
    outer loop
      vertex 103.75 63.15262794416289 5.3999999999999995
      vertex 103.2549504950495 64.01007883899896 4.3999999999999995
      vertex 103.8790482243984 63.216267485762415 5.3999999999999995
    endloop
  endfacet
  facet normal 0.22866222972158376 -0.673617206887379 -0.7028182149631578
    outer loop
      vertex 103.8790482243984 63.216267485762415 5.3999999999999995
      vertex 103.5001537369082 64.13099969616964 4.3999999999999995
      vertex 104.01529905038723 63.26251840891798 5.3999999999999995
    endloop
  endfacet
  facet normal 0.13878130361881963 -0.6977007284515792 -0.7028182149631559
    outer loop
      vertex 104.01529905038723 63.26251840891798 5.3999999999999995
      vertex 103.7590425700877 64.21888061316459 4.3999999999999995
      vertex 104.15642118855794 63.290589347511194 5.3999999999999995
    endloop
  endfacet
  facet normal 0.0465257909337025 -0.7098463971127809 -0.7028182149631564
    outer loop
      vertex 104.15642118855794 63.290589347511194 5.3999999999999995
      vertex 104.02718733487471 64.27221792312884 4.3999999999999995
      vertex 104.3 63.300000000000004 5.3999999999999995
    endloop
  endfacet
  facet normal -0.0465257909333953 0.7098463971128055 -0.702818214963152
    outer loop
      vertex 104.55 60.30106147181875 4.576522362176088
      vertex 104.57281266512528 60.12778207687117 4.3999999999999995
      vertex 104.55 60.126286855802825 4.3999999999999995
    endloop
  endfacet
  facet normal -0.13878130361882227 0.6977007284515717 -0.7028182149631629
    outer loop
      vertex 104.55 60.30106147181875 4.576522362176088
      vertex 104.8409574299123 60.18111938683542 4.3999999999999995
      vertex 104.57281266512528 60.12778207687117 4.3999999999999995
    endloop
  endfacet
  facet normal -0.2286622297215678 0.6736172068873865 -0.7028182149631559
    outer loop
      vertex 104.58470094961277 61.13748159108203 5.3999999999999995
      vertex 105.09984626309179 60.26900030383037 4.3999999999999995
      vertex 104.8409574299123 60.18111938683542 4.3999999999999995
    endloop
  endfacet
  facet normal -0.3146306816766778 0.6380079081513574 -0.7028182149631567
    outer loop
      vertex 104.72095177560159 61.18373251423759 5.3999999999999995
      vertex 105.3450495049505 60.38992116100105 4.3999999999999995
      vertex 105.09984626309179 60.26900030383037 4.3999999999999995
    endloop
  endfacet
  facet normal -0.39521571543613726 0.5914821172176814 -0.702818214963152
    outer loop
      vertex 104.85 61.24737205583712 5.3999999999999995
      vertex 105.57237166003704 60.541812968955654 4.3999999999999995
      vertex 105.3450495049505 60.38992116100105 4.3999999999999995
    endloop
  endfacet
  facet normal -0.04652579093365172 -0.7098463971127859 -0.7028182149631547
    outer loop
      vertex 104.44357881144205 63.290589347511194 5.3999999999999995
      vertex 104.3 64.29009900990098 4.3999999999999995
      vertex 104.57281266512528 64.27221792312884 4.3999999999999995
    endloop
  endfacet
  facet normal -0.13878130361882357 -0.6977007284515783 -0.7028182149631561
    outer loop
      vertex 104.58470094961277 63.26251840891798 5.3999999999999995
      vertex 104.57281266512528 64.27221792312884 4.3999999999999995
      vertex 104.8409574299123 64.21888061316459 4.3999999999999995
    endloop
  endfacet
  facet normal -0.22866222972156738 -0.6736172068873852 -0.7028182149631573
    outer loop
      vertex 104.72095177560159 63.216267485762415 5.3999999999999995
      vertex 104.8409574299123 64.21888061316459 4.3999999999999995
      vertex 105.09984626309179 64.13099969616964 4.3999999999999995
    endloop
  endfacet
  facet normal -0.31463068167666397 -0.6380079081513669 -0.7028182149631544
    outer loop
      vertex 104.85 63.15262794416289 5.3999999999999995
      vertex 105.09984626309179 64.13099969616964 4.3999999999999995
      vertex 105.3450495049505 64.01007883899896 4.3999999999999995
    endloop
  endfacet
  facet normal -0.39521571543614936 -0.5914821172176719 -0.7028182149631532
    outer loop
      vertex 104.96963757190959 63.07268867432036 5.3999999999999995
      vertex 105.3450495049505 64.01007883899896 4.3999999999999995
      vertex 105.57237166003704 63.85818703104435 4.3999999999999995
    endloop
  endfacet
  facet normal -0.4690384987299883 0.5348359032685871 -0.7028182149631534
    outer loop
      vertex 104.96963757190959 61.327311325679645 5.3999999999999995
      vertex 105.77792318325228 60.72207681674772 4.3999999999999995
      vertex 105.57237166003704 60.541812968955654 4.3999999999999995
    endloop
  endfacet
  facet normal -0.5348359032685867 0.4690384987299856 -0.7028182149631556
    outer loop
      vertex 105.0778174593052 61.4221825406948 5.3999999999999995
      vertex 105.95818703104435 60.927628339962965 4.3999999999999995
      vertex 105.77792318325228 60.72207681674772 4.3999999999999995
    endloop
  endfacet
  facet normal -0.5914821172176778 0.39521571543614104 -0.7028182149631528
    outer loop
      vertex 105.17268867432036 61.53036242809041 5.3999999999999995
      vertex 106.11007883899896 61.15495049504951 4.3999999999999995
      vertex 105.95818703104435 60.927628339962965 4.3999999999999995
    endloop
  endfacet
  facet normal -0.6380079081513679 0.31463068167666447 -0.7028182149631532
    outer loop
      vertex 105.25262794416288 61.650000000000006 5.3999999999999995
      vertex 106.23099969616963 61.400153736908216 4.3999999999999995
      vertex 106.11007883899896 61.15495049504951 4.3999999999999995
    endloop
  endfacet
  facet normal -0.4690384987299872 -0.5348359032685859 -0.702818214963155
    outer loop
      vertex 105.0778174593052 62.97781745930521 5.3999999999999995
      vertex 105.57237166003704 63.85818703104435 4.3999999999999995
      vertex 105.77792318325228 63.67792318325228 4.3999999999999995
    endloop
  endfacet
  facet normal -0.5348359032685881 -0.4690384987299869 -0.7028182149631534
    outer loop
      vertex 105.17268867432036 62.86963757190959 5.3999999999999995
      vertex 105.77792318325228 63.67792318325228 4.3999999999999995
      vertex 105.95818703104435 63.47237166003704 4.3999999999999995
    endloop
  endfacet
  facet normal -0.5914821172176781 -0.39521571543614115 -0.7028182149631526
    outer loop
      vertex 105.25262794416288 62.75 5.3999999999999995
      vertex 105.95818703104435 63.47237166003704 4.3999999999999995
      vertex 106.11007883899896 63.245049504950494 4.3999999999999995
    endloop
  endfacet
  facet normal -0.6380079081513663 -0.3146306816766637 -0.7028182149631551
    outer loop
      vertex 105.31626748576241 62.620951775601604 5.3999999999999995
      vertex 106.11007883899896 63.245049504950494 4.3999999999999995
      vertex 106.23099969616963 62.99984626309179 4.3999999999999995
    endloop
  endfacet
  facet normal -0.6736172068873826 0.22866222972157904 -0.702818214963156
    outer loop
      vertex 105.31626748576241 61.7790482243984 5.3999999999999995
      vertex 106.31888061316458 61.6590425700877 4.3999999999999995
      vertex 106.23099969616963 61.400153736908216 4.3999999999999995
    endloop
  endfacet
  facet normal -0.6977007284515826 0.1387813036188134 -0.7028182149631537
    outer loop
      vertex 105.36251840891798 61.91529905038723 5.3999999999999995
      vertex 106.37221792312883 61.92718733487473 4.3999999999999995
      vertex 106.31888061316458 61.6590425700877 4.3999999999999995
    endloop
  endfacet
  facet normal -0.7098463971127884 0.04652579093365432 -0.7028182149631519
    outer loop
      vertex 105.3905893475112 62.05642118855795 5.3999999999999995
      vertex 106.39009900990098 62.2 4.3999999999999995
      vertex 106.37221792312883 61.92718733487473 4.3999999999999995
    endloop
  endfacet
  facet normal -0.7098463971127869 -0.046525790933654214 -0.7028182149631534
    outer loop
      vertex 105.39999999999999 62.2 5.3999999999999995
      vertex 106.37221792312883 62.472812665125275 4.3999999999999995
      vertex 106.39009900990098 62.2 4.3999999999999995
    endloop
  endfacet
  facet normal -0.6977007284515829 -0.13878130361881347 -0.7028182149631532
    outer loop
      vertex 105.3905893475112 62.34357881144206 5.3999999999999995
      vertex 106.31888061316458 62.74095742991231 4.3999999999999995
      vertex 106.37221792312883 62.472812665125275 4.3999999999999995
    endloop
  endfacet
  facet normal -0.6736172068873846 -0.2286622297215797 -0.702818214963154
    outer loop
      vertex 105.36251840891798 62.48470094961277 5.3999999999999995
      vertex 106.23099969616963 62.99984626309179 4.3999999999999995
      vertex 106.31888061316458 62.74095742991231 4.3999999999999995
    endloop
  endfacet
  facet normal -0.13878130361881444 0.6977007284515804 -0.7028182149631557
    outer loop
      vertex 104.55 60.30106147181875 4.576522362176088
      vertex 104.58470094961277 61.13748159108203 5.3999999999999995
      vertex 104.8409574299123 60.18111938683542 4.3999999999999995
    endloop
  endfacet
  facet normal -0.1387813036188359 0.6977007284515786 -0.7028182149631532
    outer loop
      vertex 104.55 60.30106147181875 4.576522362176088
      vertex 104.55 60.599999999999994 4.8732842053295595
      vertex 104.58470094961277 61.13748159108203 5.3999999999999995
    endloop
  endfacet
  facet normal -0.13878130361881028 0.6977007284515804 -0.7028182149631566
    outer loop
      vertex 104.55 60.599999999999994 4.8732842053295595
      vertex 104.51064399613983 60.599999999999994 4.881055599702465
      vertex 104.58470094961277 61.13748159108203 5.3999999999999995
    endloop
  endfacet
  facet normal -0.04652579093369289 0.7098463971127845 -0.7028182149631532
    outer loop
      vertex 104.51064399613983 60.599999999999994 4.881055599702465
      vertex 104.3 60.599999999999994 4.8949999999999925
      vertex 104.3 61.1 5.3999999999999995
    endloop
  endfacet
  facet normal -0.22866222972158376 0.673617206887379 -0.7028182149631578
    outer loop
      vertex 104.58470094961277 61.13748159108203 5.3999999999999995
      vertex 104.72095177560159 61.18373251423759 5.3999999999999995
      vertex 105.09984626309179 60.26900030383037 4.3999999999999995
    endloop
  endfacet
  facet normal -0.04652579093370295 -0.7098463971127879 -0.7028182149631493
    outer loop
      vertex 104.3 63.300000000000004 5.3999999999999995
      vertex 104.3 64.29009900990098 4.3999999999999995
      vertex 104.44357881144205 63.290589347511194 5.3999999999999995
    endloop
  endfacet
  facet normal -0.13878130361881952 -0.6977007284515786 -0.7028182149631566
    outer loop
      vertex 104.44357881144205 63.290589347511194 5.3999999999999995
      vertex 104.57281266512528 64.27221792312884 4.3999999999999995
      vertex 104.58470094961277 63.26251840891798 5.3999999999999995
    endloop
  endfacet
  facet normal -0.22866222972158454 -0.6736172068873812 -0.7028182149631553
    outer loop
      vertex 104.72095177560159 63.216267485762415 5.3999999999999995
      vertex 104.58470094961277 63.26251840891798 5.3999999999999995
      vertex 104.8409574299123 64.21888061316459 4.3999999999999995
    endloop
  endfacet
  facet normal -0.31463068167662933 0.638007908151388 -0.7028182149631508
    outer loop
      vertex 104.72095177560159 61.18373251423759 5.3999999999999995
      vertex 104.85 61.24737205583712 5.3999999999999995
      vertex 105.3450495049505 60.38992116100105 4.3999999999999995
    endloop
  endfacet
  facet normal -0.39521571543614364 0.591482117217676 -0.7028182149631528
    outer loop
      vertex 104.85 61.24737205583712 5.3999999999999995
      vertex 104.96963757190959 61.327311325679645 5.3999999999999995
      vertex 105.57237166003704 60.541812968955654 4.3999999999999995
    endloop
  endfacet
  facet normal -0.46903849873000303 0.5348359032685711 -0.7028182149631558
    outer loop
      vertex 104.96963757190959 61.327311325679645 5.3999999999999995
      vertex 105.0778174593052 61.4221825406948 5.3999999999999995
      vertex 105.77792318325228 60.72207681674772 4.3999999999999995
    endloop
  endfacet
  facet normal -0.31463068167662583 -0.6380079081513809 -0.7028182149631587
    outer loop
      vertex 104.72095177560159 63.216267485762415 5.3999999999999995
      vertex 105.09984626309179 64.13099969616964 4.3999999999999995
      vertex 104.85 63.15262794416289 5.3999999999999995
    endloop
  endfacet
  facet normal -0.3952157154361431 -0.5914821172176752 -0.7028182149631539
    outer loop
      vertex 104.85 63.15262794416289 5.3999999999999995
      vertex 105.3450495049505 64.01007883899896 4.3999999999999995
      vertex 104.96963757190959 63.07268867432036 5.3999999999999995
    endloop
  endfacet
  facet normal -0.469038498730005 -0.5348359032685733 -0.7028182149631528
    outer loop
      vertex 105.0778174593052 62.97781745930521 5.3999999999999995
      vertex 104.96963757190959 63.07268867432036 5.3999999999999995
      vertex 105.57237166003704 63.85818703104435 4.3999999999999995
    endloop
  endfacet
  facet normal -0.5348359032685684 -0.4690384987300051 -0.7028182149631563
    outer loop
      vertex 105.0778174593052 62.97781745930521 5.3999999999999995
      vertex 105.77792318325228 63.67792318325228 4.3999999999999995
      vertex 105.17268867432036 62.86963757190959 5.3999999999999995
    endloop
  endfacet
  facet normal -0.5348359032685712 0.46903849873000747 -0.7028182149631527
    outer loop
      vertex 105.0778174593052 61.4221825406948 5.3999999999999995
      vertex 105.17268867432036 61.53036242809041 5.3999999999999995
      vertex 105.95818703104435 60.927628339962965 4.3999999999999995
    endloop
  endfacet
  facet normal -0.5914821172176764 0.3952157154361439 -0.7028182149631524
    outer loop
      vertex 105.17268867432036 61.53036242809041 5.3999999999999995
      vertex 105.25262794416288 61.650000000000006 5.3999999999999995
      vertex 106.11007883899896 61.15495049504951 4.3999999999999995
    endloop
  endfacet
  facet normal -0.6380079081513765 0.314630681676641 -0.702818214963156
    outer loop
      vertex 105.25262794416288 61.650000000000006 5.3999999999999995
      vertex 105.31626748576241 61.7790482243984 5.3999999999999995
      vertex 106.23099969616963 61.400153736908216 4.3999999999999995
    endloop
  endfacet
  facet normal -0.6736172068873765 0.2286622297216061 -0.7028182149631532
    outer loop
      vertex 105.31626748576241 61.7790482243984 5.3999999999999995
      vertex 105.36251840891798 61.91529905038723 5.3999999999999995
      vertex 106.31888061316458 61.6590425700877 4.3999999999999995
    endloop
  endfacet
  facet normal -0.697700728451582 0.1387813036188202 -0.702818214963153
    outer loop
      vertex 105.36251840891798 61.91529905038723 5.3999999999999995
      vertex 105.3905893475112 62.05642118855795 5.3999999999999995
      vertex 106.37221792312883 61.92718733487473 4.3999999999999995
    endloop
  endfacet
  facet normal -0.7098463971127876 0.04652579093363268 -0.7028182149631542
    outer loop
      vertex 105.3905893475112 62.05642118855795 5.3999999999999995
      vertex 105.39999999999999 62.2 5.3999999999999995
      vertex 106.39009900990098 62.2 4.3999999999999995
    endloop
  endfacet
  facet normal -0.697700728451581 -0.13878130361882002 -0.7028182149631539
    outer loop
      vertex 105.3905893475112 62.34357881144206 5.3999999999999995
      vertex 105.36251840891798 62.48470094961277 5.3999999999999995
      vertex 106.31888061316458 62.74095742991231 4.3999999999999995
    endloop
  endfacet
  facet normal -0.7098463971127906 -0.046525790933632884 -0.7028182149631511
    outer loop
      vertex 105.39999999999999 62.2 5.3999999999999995
      vertex 105.3905893475112 62.34357881144206 5.3999999999999995
      vertex 106.37221792312883 62.472812665125275 4.3999999999999995
    endloop
  endfacet
  facet normal -0.591482117217676 -0.39521571543614364 -0.7028182149631528
    outer loop
      vertex 105.17268867432036 62.86963757190959 5.3999999999999995
      vertex 105.95818703104435 63.47237166003704 4.3999999999999995
      vertex 105.25262794416288 62.75 5.3999999999999995
    endloop
  endfacet
  facet normal -0.6380079081513796 -0.3146306816766425 -0.7028182149631524
    outer loop
      vertex 105.25262794416288 62.75 5.3999999999999995
      vertex 106.11007883899896 63.245049504950494 4.3999999999999995
      vertex 105.31626748576241 62.620951775601604 5.3999999999999995
    endloop
  endfacet
  facet normal -0.6736172068873728 -0.22866222972160488 -0.702818214963157
    outer loop
      vertex 105.36251840891798 62.48470094961277 5.3999999999999995
      vertex 105.31626748576241 62.620951775601604 5.3999999999999995
      vertex 106.23099969616963 62.99984626309179 4.3999999999999995
    endloop
  endfacet
  facet normal 0.31463068167662683 0.6380079081513828 -0.7028182149631566
    outer loop
      vertex 103.63725830020304 60.599999999999994 4.7618542043274825
      vertex 103.75 61.24737205583712 5.3999999999999995
      vertex 103.8790482243984 61.18373251423759 5.3999999999999995
    endloop
  endfacet
  facet normal 0.2286622297215846 0.6736172068873814 -0.7028182149631553
    outer loop
      vertex 103.8712812921102 60.599999999999994 4.837993692457298
      vertex 103.8790482243984 61.18373251423759 5.3999999999999995
      vertex 104.01529905038723 61.13748159108203 5.3999999999999995
    endloop
  endfacet
  facet normal 0.1387813036188198 0.69770072845158 -0.7028182149631549
    outer loop
      vertex 104.08935600386016 60.599999999999994 4.881055599702465
      vertex 104.01529905038723 61.13748159108203 5.3999999999999995
      vertex 104.15642118855794 61.10941065248881 5.3999999999999995
    endloop
  endfacet
  facet normal 0.046525790933702404 0.7098463971127842 -0.702818214963153
    outer loop
      vertex 104.3 60.599999999999994 4.8949999999999925
      vertex 104.15642118855794 61.10941065248881 5.3999999999999995
      vertex 104.3 61.1 5.3999999999999995
    endloop
  endfacet
  facet normal -0.046525790933702946 0.7098463971127823 -0.7028182149631549
    outer loop
      vertex 104.51064399613983 60.599999999999994 4.881055599702465
      vertex 104.3 61.1 5.3999999999999995
      vertex 104.44357881144205 61.10941065248881 5.3999999999999995
    endloop
  endfacet
  facet normal -0.1387813036188198 0.69770072845158 -0.7028182149631549
    outer loop
      vertex 104.51064399613983 60.599999999999994 4.881055599702465
      vertex 104.44357881144205 61.10941065248881 5.3999999999999995
      vertex 104.58470094961277 61.13748159108203 5.3999999999999995
    endloop
  endfacet
  facet normal 0 0 -1
    outer loop
      vertex 97.35000000149012 40.100000001490116 4.3999999999999995
      vertex 99 40.61358702927828 4.3999999999999995
      vertex 99 40.100000001490116 4.3999999999999995
    endloop
  endfacet
  facet normal 0 0 -1
    outer loop
      vertex 97.35000000149012 40.100000001490116 4.3999999999999995
      vertex 99 42.68641296774149 4.3999999999999995
      vertex 99 40.61358702927828 4.3999999999999995
    endloop
  endfacet
  facet normal 0 0 -1
    outer loop
      vertex 99 40.61358702927828 4.3999999999999995
      vertex 99 42.68641296774149 4.3999999999999995
      vertex 100.2843931466341 40.34238260239363 4.3999999999999995
    endloop
  endfacet
  facet normal 0 -1 0
    outer loop
      vertex 97.35000000149012 40.100000001490116 4.3999999999999995
      vertex 99 40.100000001490116 4.3999999999999995
      vertex 97.35000000149012 40.100000001490116 5.8999999999999995
    endloop
  endfacet
  facet normal 1 0 0
    outer loop
      vertex 99 40.100000001490116 4.3999999999999995
      vertex 99 40.61358702927828 4.3999999999999995
      vertex 99 40.100000001490116 5.8999999999999995
    endloop
  endfacet
  facet normal -0.2065982858851562 -0.9784258522081861 0
    outer loop
      vertex 99 40.61358702927828 4.3999999999999995
      vertex 100.2843931466341 40.34238260239363 4.3999999999999995
      vertex 99 40.61358702927828 5.8999999999999995
    endloop
  endfacet
  facet normal -0.2065982817173495 0.9784258530882343 0
    outer loop
      vertex 99 42.68641296774149 4.3999999999999995
      vertex 99 42.68641296774149 5.8999999999999995
      vertex 100.64999999999999 43.03481664468612 4.3999999999999995
    endloop
  endfacet
  facet normal 0 0 -1
    outer loop
      vertex 97.35000000149012 40.100000001490116 4.3999999999999995
      vertex 99 59.31358702480793 4.3999999999999995
      vertex 99 42.68641296774149 4.3999999999999995
    endloop
  endfacet
  facet normal 1 0 0
    outer loop
      vertex 99 42.68641296774149 4.3999999999999995
      vertex 99 59.31358702480793 4.3999999999999995
      vertex 99 42.68641296774149 5.8999999999999995
    endloop
  endfacet
  facet normal 0 0 -1
    outer loop
      vertex 99 42.68641296774149 4.3999999999999995
      vertex 100.94803956251681 39.5 4.3999999999999995
      vertex 100.2843931466341 40.34238260239363 4.3999999999999995
    endloop
  endfacet
  facet normal 0 0 -1
    outer loop
      vertex 99 42.68641296774149 4.3999999999999995
      vertex 100.64999999999999 43.03481664468612 4.3999999999999995
      vertex 100.64999999999999 41.4 4.3999999999999995
    endloop
  endfacet
  facet normal 0 0 -1
    outer loop
      vertex 99 42.68641296774149 4.3999999999999995
      vertex 101.375 39.5 4.3999999999999995
      vertex 100.94803956251681 39.5 4.3999999999999995
    endloop
  endfacet
  facet normal 0 0 -1
    outer loop
      vertex 99 42.68641296774149 4.3999999999999995
      vertex 100.64999999999999 41.4 4.3999999999999995
      vertex 102.48992116100104 39.84504950495049 4.3999999999999995
    endloop
  endfacet
  facet normal 0 0 -1
    outer loop
      vertex 99 42.68641296774149 4.3999999999999995
      vertex 102.20990099009902 38.8 4.3999999999999995
      vertex 102.22778207687116 38.527187334874725 4.3999999999999995
    endloop
  endfacet
  facet normal 0 0 -1
    outer loop
      vertex 101.375 38.95804869002748 4.3999999999999995
      vertex 101.375 39.5 4.3999999999999995
      vertex 102.36900030383036 38.00015373690821 4.3999999999999995
    endloop
  endfacet
  facet normal 0 0 -1
    outer loop
      vertex 99 42.68641296774149 4.3999999999999995
      vertex 102.22778207687116 38.527187334874725 4.3999999999999995
      vertex 101.375 39.5 4.3999999999999995
    endloop
  endfacet
  facet normal 0 0 -1
    outer loop
      vertex 99 42.68641296774149 4.3999999999999995
      vertex 102.22778207687116 39.07281266512527 4.3999999999999995
      vertex 102.20990099009902 38.8 4.3999999999999995
    endloop
  endfacet
  facet normal 0 0 -1
    outer loop
      vertex 99 42.68641296774149 4.3999999999999995
      vertex 102.28111938683541 39.3409574299123 4.3999999999999995
      vertex 102.22778207687116 39.07281266512527 4.3999999999999995
    endloop
  endfacet
  facet normal 0 0 -1
    outer loop
      vertex 99 42.68641296774149 4.3999999999999995
      vertex 102.36900030383036 39.599846263091784 4.3999999999999995
      vertex 102.28111938683541 39.3409574299123 4.3999999999999995
    endloop
  endfacet
  facet normal 0 0 -1
    outer loop
      vertex 99 42.68641296774149 4.3999999999999995
      vertex 102.48992116100104 39.84504950495049 4.3999999999999995
      vertex 102.36900030383036 39.599846263091784 4.3999999999999995
    endloop
  endfacet
  facet normal -0.7855138689035587 -0.6188440528599776 0
    outer loop
      vertex 100.2843931466341 40.34238260239363 4.3999999999999995
      vertex 100.94803956251681 39.5 4.3999999999999995
      vertex 100.94803956251681 39.5 5.8999999999999995
    endloop
  endfacet
  facet normal 0 -1 0
    outer loop
      vertex 99 40.100000001490116 4.3999999999999995
      vertex 99 40.100000001490116 5.8999999999999995
      vertex 97.35000000149012 40.100000001490116 5.8999999999999995
    endloop
  endfacet
  facet normal 1 0 0
    outer loop
      vertex 99 40.61358702927828 4.3999999999999995
      vertex 99 40.61358702927828 5.8999999999999995
      vertex 99 40.100000001490116 5.8999999999999995
    endloop
  endfacet
  facet normal 0 0 1
    outer loop
      vertex 97.35000000149012 40.100000001490116 5.8999999999999995
      vertex 99 40.100000001490116 5.8999999999999995
      vertex 99 40.61358702927828 5.8999999999999995
    endloop
  endfacet
  facet normal 0 0 1
    outer loop
      vertex 97.35000000149012 40.100000001490116 5.8999999999999995
      vertex 99 40.61358702927828 5.8999999999999995
      vertex 99 42.68641296774149 5.8999999999999995
    endloop
  endfacet
  facet normal 0 0 1
    outer loop
      vertex 99 40.61358702927828 5.8999999999999995
      vertex 100.2843931466341 40.34238260239363 5.8999999999999995
      vertex 99 42.68641296774149 5.8999999999999995
    endloop
  endfacet
  facet normal -1 0 0
    outer loop
      vertex 97.35000000149012 40.100000001490116 4.3999999999999995
      vertex 97.35000000149012 40.100000001490116 5.8999999999999995
      vertex 97.35000000149012 58.65108696666736 5.55
    endloop
  endfacet
  facet normal 0 0 1
    outer loop
      vertex 97.35000000149012 40.100000001490116 5.8999999999999995
      vertex 99 42.68641296774149 5.8999999999999995
      vertex 99 59.31358702480793 5.8999999999999995
    endloop
  endfacet
  facet normal -0.7855138689035788 -0.618844052859952 2.3222727776054934e-14
    outer loop
      vertex 100.2843931466341 40.34238260239363 4.3999999999999995
      vertex 100.94803956251681 39.5 5.8999999999999995
      vertex 100.62694956328123 39.90756737727406 5.6
    endloop
  endfacet
  facet normal -0.7855138689035488 -0.6188440528599901 9.002131814113849e-16
    outer loop
      vertex 100.2843931466341 40.34238260239363 4.3999999999999995
      vertex 100.62694956328123 39.90756737727406 5.6
      vertex 100.30000000000001 40.32257244228591 5.6
    endloop
  endfacet
  facet normal -0.7855138689035224 -0.6188440528600238 0
    outer loop
      vertex 100.2843931466341 40.34238260239363 4.3999999999999995
      vertex 100.30000000000001 40.32257244228591 5.6
      vertex 100.2843931466341 40.34238260239363 5.8999999999999995
    endloop
  endfacet
  facet normal -0.2065982858851562 -0.9784258522081861 0
    outer loop
      vertex 100.2843931466341 40.34238260239363 4.3999999999999995
      vertex 100.2843931466341 40.34238260239363 5.8999999999999995
      vertex 99 40.61358702927828 5.8999999999999995
    endloop
  endfacet
  facet normal -0.2065982817173495 0.9784258530882343 0
    outer loop
      vertex 99 42.68641296774149 5.8999999999999995
      vertex 100.64999999999999 43.03481664468612 5.8999999999999995
      vertex 100.64999999999999 43.03481664468612 4.3999999999999995
    endloop
  endfacet
  facet normal -0.7855138689035548 -0.6188440528599826 0
    outer loop
      vertex 102.55462265014648 37.46072485297918 5.8999999999999995
      vertex 101.375 38.95804869002748 5.8999999999999995
      vertex 101.375 38.95804869002748 4.3999999999999995
    endloop
  endfacet
  facet normal -0.7855138689035706 -0.6188440528599627 0
    outer loop
      vertex 100.62694956328123 39.90756737727406 5.8999999999999995
      vertex 100.62694956328123 39.90756737727406 5.6
      vertex 100.94803956251681 39.5 5.8999999999999995
    endloop
  endfacet
  facet normal 0 0 1
    outer loop
      vertex 100.62694956328123 39.90756737727406 5.8999999999999995
      vertex 100.94803956251681 39.5 5.8999999999999995
      vertex 100.64778951853515 39.903422051668166 5.8999999999999995
    endloop
  endfacet
  facet normal 0 0 1
    outer loop
      vertex 100.94803956251681 39.5 5.8999999999999995
      vertex 100.6999999985099 39.9 5.8999999999999995
      vertex 100.64778951853515 39.903422051668166 5.8999999999999995
    endloop
  endfacet
  facet normal 0 0 1
    outer loop
      vertex 99 42.68641296774149 5.8999999999999995
      vertex 100.2843931466341 40.34238260239363 5.8999999999999995
      vertex 100.30000000000001 42.500000001490115 5.8999999999999995
    endloop
  endfacet
  facet normal 0 0 1
    outer loop
      vertex 99 42.68641296774149 5.8999999999999995
      vertex 100.30000000000001 42.500000001490115 5.8999999999999995
      vertex 100.30342205166818 42.55221048146486 5.8999999999999995
    endloop
  endfacet
  facet normal 0 0 1
    outer loop
      vertex 99 42.68641296774149 5.8999999999999995
      vertex 100.30342205166818 42.55221048146486 5.8999999999999995
      vertex 100.31362966746093 42.603527621924876 5.8999999999999995
    endloop
  endfacet
  facet normal 0 0 1
    outer loop
      vertex 99 42.68641296774149 5.8999999999999995
      vertex 100.31362966746093 42.603527621924876 5.8999999999999995
      vertex 100.33044818341733 42.65307337194681 5.8999999999999995
    endloop
  endfacet
  facet normal 0 0 1
    outer loop
      vertex 99 42.68641296774149 5.8999999999999995
      vertex 100.33044818341733 42.65307337194681 5.8999999999999995
      vertex 100.35358983576299 42.70000000447035 5.8999999999999995
    endloop
  endfacet
  facet normal 0 0 1
    outer loop
      vertex 99 42.68641296774149 5.8999999999999995
      vertex 100.35358983576299 42.70000000447035 5.8999999999999995
      vertex 100.38265866339208 42.743504570424555 5.8999999999999995
    endloop
  endfacet
  facet normal 0 0 1
    outer loop
      vertex 99 42.68641296774149 5.8999999999999995
      vertex 100.38265866339208 42.743504570424555 5.8999999999999995
      vertex 100.41715728789569 42.78284271210432 5.8999999999999995
    endloop
  endfacet
  facet normal 0 0 1
    outer loop
      vertex 99 42.68641296774149 5.8999999999999995
      vertex 100.41715728789569 42.78284271210432 5.8999999999999995
      vertex 100.45649542957545 42.81734133660793 5.8999999999999995
    endloop
  endfacet
  facet normal 0 0 1
    outer loop
      vertex 99 42.68641296774149 5.8999999999999995
      vertex 100.45649542957545 42.81734133660793 5.8999999999999995
      vertex 100.49999999552966 42.84641016423702 5.8999999999999995
    endloop
  endfacet
  facet normal 0 0 1
    outer loop
      vertex 99 42.68641296774149 5.8999999999999995
      vertex 100.49999999552966 42.84641016423702 5.8999999999999995
      vertex 100.5469266280532 42.86955181658268 5.8999999999999995
    endloop
  endfacet
  facet normal 0 0 1
    outer loop
      vertex 99 42.68641296774149 5.8999999999999995
      vertex 100.5469266280532 42.86955181658268 5.8999999999999995
      vertex 100.59647237807513 42.88637033253908 5.8999999999999995
    endloop
  endfacet
  facet normal 0 0 1
    outer loop
      vertex 99 42.68641296774149 5.8999999999999995
      vertex 100.59647237807513 42.88637033253908 5.8999999999999995
      vertex 100.64778951853515 42.89657794833183 5.8999999999999995
    endloop
  endfacet
  facet normal 0 0 1
    outer loop
      vertex 99 42.68641296774149 5.8999999999999995
      vertex 100.64778951853515 42.89657794833183 5.8999999999999995
      vertex 100.64999999999999 43.03481664468612 5.8999999999999995
    endloop
  endfacet
  facet normal -0.7855138689035223 -0.6188440528600238 0
    outer loop
      vertex 100.2843931466341 40.34238260239363 5.8999999999999995
      vertex 100.30000000000001 40.32257244228591 5.6
      vertex 100.30000000000001 40.32257244228591 5.8999999999999995
    endloop
  endfacet
  facet normal 0 0 1
    outer loop
      vertex 100.2843931466341 40.34238260239363 5.8999999999999995
      vertex 100.30000000000001 40.32257244228591 5.8999999999999995
      vertex 100.30000000000001 42.500000001490115 5.8999999999999995
    endloop
  endfacet
  facet normal 0 0 1
    outer loop
      vertex 100.64778951853515 42.89657794833183 5.8999999999999995
      vertex 100.64999999999999 42.89672283077282 5.8999999999999995
      vertex 100.64999999999999 43.03481664468612 5.8999999999999995
    endloop
  endfacet
  facet normal 0 0 1
    outer loop
      vertex 100.94803956251681 39.5 5.8999999999999995
      vertex 101.375 39.5 5.8999999999999995
      vertex 100.6999999985099 39.9 5.8999999999999995
    endloop
  endfacet
  facet normal 0 0 1
    outer loop
      vertex 100.6999999985099 39.9 5.8999999999999995
      vertex 101.375 39.5 5.8999999999999995
      vertex 101.09870029032439 39.9 5.8999999999999995
    endloop
  endfacet
  facet normal 0 0 -1
    outer loop
      vertex 97.35000000149012 40.100000001490116 4.3999999999999995
      vertex 99 61.38641296327114 4.3999999999999995
      vertex 99 59.31358702480793 4.3999999999999995
    endloop
  endfacet
  facet normal 0 0 -1
    outer loop
      vertex 97.35000000149012 40.100000001490116 4.3999999999999995
      vertex 97.35000000149012 61.899999998509884 4.3999999999999995
      vertex 99 61.38641296327114 4.3999999999999995
    endloop
  endfacet
  facet normal -1 0 0
    outer loop
      vertex 97.35000000149012 40.100000001490116 4.3999999999999995
      vertex 97.35000000149012 61.899999998509884 5.55
      vertex 97.35000000149012 61.899999998509884 4.3999999999999995
    endloop
  endfacet
  facet normal 0 0 -1
    outer loop
      vertex 97.35000000149012 61.899999998509884 4.3999999999999995
      vertex 99 61.899999998509884 4.3999999999999995
      vertex 99 61.38641296327114 4.3999999999999995
    endloop
  endfacet
  facet normal 0 0 -1
    outer loop
      vertex 99 59.31358702480793 4.3999999999999995
      vertex 99 61.38641296327114 4.3999999999999995
      vertex 100.64999999999999 58.96518335499113 4.3999999999999995
    endloop
  endfacet
  facet normal 0 1 0
    outer loop
      vertex 97.35000000149012 61.899999998509884 4.3999999999999995
      vertex 98.83689130753461 61.899999998509884 5.55
      vertex 99 61.899999998509884 4.3999999999999995
    endloop
  endfacet
  facet normal 1 0 0
    outer loop
      vertex 99 61.38641296327114 4.3999999999999995
      vertex 99 61.899999998509884 4.3999999999999995
      vertex 99 61.38641296327114 5.8999999999999995
    endloop
  endfacet
  facet normal 0 0 -1
    outer loop
      vertex 99 61.38641296327114 4.3999999999999995
      vertex 100.42450556904078 61.68720265477896 4.3999999999999995
      vertex 100.64999999999999 58.96518335499113 4.3999999999999995
    endloop
  endfacet
  facet normal 0 0 -1
    outer loop
      vertex 100.42450556904078 61.68720265477896 4.3999999999999995
      vertex 100.64999999999999 60.599999999999994 4.3999999999999995
      vertex 100.64999999999999 58.96518335499113 4.3999999999999995
    endloop
  endfacet
  facet normal 0 0 -1
    outer loop
      vertex 100.42450556904078 61.68720265477896 4.3999999999999995
      vertex 102.82207681674771 60.72207681674772 4.3999999999999995
      vertex 100.64999999999999 60.599999999999994 4.3999999999999995
    endloop
  endfacet
  facet normal 0 0 -1
    outer loop
      vertex 100.42450556904078 61.68720265477896 4.3999999999999995
      vertex 102.20990099009902 62.2 4.3999999999999995
      vertex 102.22778207687116 61.92718733487473 4.3999999999999995
    endloop
  endfacet
  facet normal 0 0 -1
    outer loop
      vertex 100.42450556904078 61.68720265477896 4.3999999999999995
      vertex 102.22778207687116 62.472812665125275 4.3999999999999995
      vertex 102.20990099009902 62.2 4.3999999999999995
    endloop
  endfacet
  facet normal 0 0 -1
    outer loop
      vertex 100.42450556904078 61.68720265477896 4.3999999999999995
      vertex 102.22778207687116 61.92718733487473 4.3999999999999995
      vertex 102.28111938683541 61.6590425700877 4.3999999999999995
    endloop
  endfacet
  facet normal 0 0 -1
    outer loop
      vertex 100.42450556904078 61.68720265477896 4.3999999999999995
      vertex 102.28111938683541 61.6590425700877 4.3999999999999995
      vertex 102.36900030383036 61.400153736908216 4.3999999999999995
    endloop
  endfacet
  facet normal 0 0 -1
    outer loop
      vertex 100.42450556904078 61.68720265477896 4.3999999999999995
      vertex 102.36900030383036 61.400153736908216 4.3999999999999995
      vertex 102.48992116100104 61.15495049504951 4.3999999999999995
    endloop
  endfacet
  facet normal 0 0 -1
    outer loop
      vertex 100.42450556904078 61.68720265477896 4.3999999999999995
      vertex 102.48992116100104 61.15495049504951 4.3999999999999995
      vertex 102.64181296895565 60.927628339962965 4.3999999999999995
    endloop
  endfacet
  facet normal 0 0 -1
    outer loop
      vertex 100.42450556904078 61.68720265477896 4.3999999999999995
      vertex 102.28111938683541 62.74095742991231 4.3999999999999995
      vertex 102.22778207687116 62.472812665125275 4.3999999999999995
    endloop
  endfacet
  facet normal 0 0 -1
    outer loop
      vertex 100.42450556904078 61.68720265477896 4.3999999999999995
      vertex 102.36900030383036 62.99984626309179 4.3999999999999995
      vertex 102.28111938683541 62.74095742991231 4.3999999999999995
    endloop
  endfacet
  facet normal 0 0 -1
    outer loop
      vertex 100.42450556904078 61.68720265477896 4.3999999999999995
      vertex 102.48992116100104 63.245049504950494 4.3999999999999995
      vertex 102.36900030383036 62.99984626309179 4.3999999999999995
    endloop
  endfacet
  facet normal 0 0 -1
    outer loop
      vertex 100.42450556904078 61.68720265477896 4.3999999999999995
      vertex 102.64181296895565 63.47237166003704 4.3999999999999995
      vertex 102.48992116100104 63.245049504950494 4.3999999999999995
    endloop
  endfacet
  facet normal -0.20659827767105773 -0.9784258539426238 0
    outer loop
      vertex 99 59.31358702480793 4.3999999999999995
      vertex 100.64999999999999 58.96518335499113 4.3999999999999995
      vertex 100.64999999999999 58.96518335499113 5.8999999999999995
    endloop
  endfacet
  facet normal -0.20659828686047296 0.9784258520022443 -2.3194532096037355e-15
    outer loop
      vertex 99 61.38641296327114 4.3999999999999995
      vertex 100.30000000000001 61.66091283709296 5.6
      vertex 100.42450556904078 61.68720265477896 4.3999999999999995
    endloop
  endfacet
  facet normal -1 0 0
    outer loop
      vertex 97.35000000149012 40.100000001490116 4.3999999999999995
      vertex 97.35000000149012 58.65108696666736 5.55
      vertex 97.35000000149012 61.899999998509884 5.55
    endloop
  endfacet
  facet normal 1 0 0
    outer loop
      vertex 99 42.68641296774149 5.8999999999999995
      vertex 99 59.31358702480793 4.3999999999999995
      vertex 99 59.31358702480793 5.8999999999999995
    endloop
  endfacet
  facet normal -1 0 0
    outer loop
      vertex 97.35000000149012 40.100000001490116 5.8999999999999995
      vertex 97.35000000149012 58.65108696666736 5.8999999999999995
      vertex 97.35000000149012 58.65108696666736 5.55
    endloop
  endfacet
  facet normal 0 0 1
    outer loop
      vertex 97.35000000149012 40.100000001490116 5.8999999999999995
      vertex 97.7223611075682 58.97763889243179 5.8999999999999995
      vertex 97.35000000149012 58.65108696666736 5.8999999999999995
    endloop
  endfacet
  facet normal 0 0 1
    outer loop
      vertex 97.35000000149012 40.100000001490116 5.8999999999999995
      vertex 98.05441036012125 59.356268498316425 5.8999999999999995
      vertex 97.7223611075682 58.97763889243179 5.8999999999999995
    endloop
  endfacet
  facet normal 0 0 1
    outer loop
      vertex 97.35000000149012 40.100000001490116 5.8999999999999995
      vertex 98.3341978045701 59.775000000000006 5.8999999999999995
      vertex 98.05441036012125 59.356268498316425 5.8999999999999995
    endloop
  endfacet
  facet normal 0 0 1
    outer loop
      vertex 97.35000000149012 40.100000001490116 5.8999999999999995
      vertex 98.55693620016845 60.22666878539441 5.8999999999999995
      vertex 98.3341978045701 59.775000000000006 5.8999999999999995
    endloop
  endfacet
  facet normal 0 0 1
    outer loop
      vertex 97.35000000149012 40.100000001490116 5.8999999999999995
      vertex 98.71881443121292 60.703546676355295 5.8999999999999995
      vertex 98.55693620016845 60.22666878539441 5.8999999999999995
    endloop
  endfacet
  facet normal 0 0 1
    outer loop
      vertex 97.35000000149012 40.100000001490116 5.8999999999999995
      vertex 99 59.31358702480793 5.8999999999999995
      vertex 99 61.38641296327114 5.8999999999999995
    endloop
  endfacet
  facet normal 0 0 1
    outer loop
      vertex 97.35000000149012 40.100000001490116 5.8999999999999995
      vertex 98.81706271628917 61.197474159952804 5.8999999999999995
      vertex 98.71881443121292 60.703546676355295 5.8999999999999995
    endloop
  endfacet
  facet normal 0 0 1
    outer loop
      vertex 97.35000000149012 40.100000001490116 5.8999999999999995
      vertex 99 61.38641296327114 5.8999999999999995
      vertex 98.81706271628917 61.197474159952804 5.8999999999999995
    endloop
  endfacet
  facet normal 0 1 0
    outer loop
      vertex 97.35000000149012 61.899999998509884 4.3999999999999995
      vertex 97.35000000149012 61.899999998509884 5.55
      vertex 98.83689130753461 61.899999998509884 5.55
    endloop
  endfacet
  facet normal -0.20659827767105773 -0.9784258539426238 0
    outer loop
      vertex 99 59.31358702480793 4.3999999999999995
      vertex 100.64999999999999 58.96518335499113 5.8999999999999995
      vertex 99 59.31358702480793 5.8999999999999995
    endloop
  endfacet
  facet normal 0 1 0
    outer loop
      vertex 99 61.899999998509884 4.3999999999999995
      vertex 98.83689130753461 61.899999998509884 5.55
      vertex 98.83689130753461 61.899999998509884 5.8999999999999995
    endloop
  endfacet
  facet normal -0.20659828686047507 0.978425852002244 0
    outer loop
      vertex 99 61.38641296327114 4.3999999999999995
      vertex 99 61.38641296327114 5.8999999999999995
      vertex 100.30000000000001 61.66091283709296 5.6
    endloop
  endfacet
  facet normal 1 0 0
    outer loop
      vertex 99 61.899999998509884 4.3999999999999995
      vertex 99 61.899999998509884 5.8999999999999995
      vertex 99 61.38641296327114 5.8999999999999995
    endloop
  endfacet
  facet normal 0 1 0
    outer loop
      vertex 99 61.899999998509884 4.3999999999999995
      vertex 98.83689130753461 61.899999998509884 5.8999999999999995
      vertex 99 61.899999998509884 5.8999999999999995
    endloop
  endfacet
  facet normal 0 0 1
    outer loop
      vertex 99 59.31358702480793 5.8999999999999995
      vertex 100.30000000000001 61.66091283709296 5.8999999999999995
      vertex 99 61.38641296327114 5.8999999999999995
    endloop
  endfacet
  facet normal 0 0 1
    outer loop
      vertex 99 61.38641296327114 5.8999999999999995
      vertex 98.85 61.7 5.8999999999999995
      vertex 98.81706271628917 61.197474159952804 5.8999999999999995
    endloop
  endfacet
  facet normal 0 0 1
    outer loop
      vertex 99 61.38641296327114 5.8999999999999995
      vertex 99 61.899999998509884 5.8999999999999995
      vertex 98.85 61.7 5.8999999999999995
    endloop
  endfacet
  facet normal 0 0 1
    outer loop
      vertex 99 61.899999998509884 5.8999999999999995
      vertex 98.83689130753461 61.899999998509884 5.8999999999999995
      vertex 98.85 61.7 5.8999999999999995
    endloop
  endfacet
  facet normal -0.20659828686045154 0.978425852002249 0
    outer loop
      vertex 100.42450556904078 61.68720265477896 4.3999999999999995
      vertex 100.30000000000001 61.66091283709296 5.6
      vertex 100.42450556904078 61.68720265477896 5.6
    endloop
  endfacet
  facet normal -0.6655016543114323 0.7463963746621142 0
    outer loop
      vertex 100.42450556904078 61.68720265477896 4.3999999999999995
      vertex 100.42450556904078 61.68720265477896 5.6
      vertex 100.8874802888586 62.1 5.6
    endloop
  endfacet
  facet normal -0.6655016543114313 0.7463963746621148 -5.55255118160599e-16
    outer loop
      vertex 100.42450556904078 61.68720265477896 4.3999999999999995
      vertex 100.8874802888586 62.1 5.6
      vertex 102.74436508119106 63.75563491880894 5.8999999999999995
    endloop
  endfacet
  facet normal 0 0 1
    outer loop
      vertex 99 59.31358702480793 5.8999999999999995
      vertex 100.59647237807513 59.11362966746092 5.8999999999999995
      vertex 100.5469266280532 59.13044818341732 5.8999999999999995
    endloop
  endfacet
  facet normal 0 0 1
    outer loop
      vertex 99 59.31358702480793 5.8999999999999995
      vertex 100.64999999999999 58.96518335499113 5.8999999999999995
      vertex 100.59647237807513 59.11362966746092 5.8999999999999995
    endloop
  endfacet
  facet normal 0 0 1
    outer loop
      vertex 99 59.31358702480793 5.8999999999999995
      vertex 100.31362966746093 59.396472378075124 5.8999999999999995
      vertex 100.30342205166818 59.44778951853514 5.8999999999999995
    endloop
  endfacet
  facet normal 0 0 1
    outer loop
      vertex 99 59.31358702480793 5.8999999999999995
      vertex 100.33044818341733 59.34692662805319 5.8999999999999995
      vertex 100.31362966746093 59.396472378075124 5.8999999999999995
    endloop
  endfacet
  facet normal 0 0 1
    outer loop
      vertex 99 59.31358702480793 5.8999999999999995
      vertex 100.38265866339208 59.256495429575445 5.8999999999999995
      vertex 100.35358983576299 59.29999999552965 5.8999999999999995
    endloop
  endfacet
  facet normal 0 0 1
    outer loop
      vertex 99 59.31358702480793 5.8999999999999995
      vertex 100.35358983576299 59.29999999552965 5.8999999999999995
      vertex 100.33044818341733 59.34692662805319 5.8999999999999995
    endloop
  endfacet
  facet normal 0 0 1
    outer loop
      vertex 99 59.31358702480793 5.8999999999999995
      vertex 100.30342205166818 59.44778951853514 5.8999999999999995
      vertex 100.30000000000001 59.499999998509885 5.8999999999999995
    endloop
  endfacet
  facet normal 0 0 1
    outer loop
      vertex 99 59.31358702480793 5.8999999999999995
      vertex 100.30000000000001 59.499999998509885 5.8999999999999995
      vertex 100.30000000000001 61.66091283709296 5.8999999999999995
    endloop
  endfacet
  facet normal 0 0 1
    outer loop
      vertex 99 59.31358702480793 5.8999999999999995
      vertex 100.41715728789569 59.21715728789568 5.8999999999999995
      vertex 100.38265866339208 59.256495429575445 5.8999999999999995
    endloop
  endfacet
  facet normal 0 0 1
    outer loop
      vertex 99 59.31358702480793 5.8999999999999995
      vertex 100.45649542957545 59.18265866339207 5.8999999999999995
      vertex 100.41715728789569 59.21715728789568 5.8999999999999995
    endloop
  endfacet
  facet normal 0 0 1
    outer loop
      vertex 99 59.31358702480793 5.8999999999999995
      vertex 100.49999999552966 59.15358983576298 5.8999999999999995
      vertex 100.45649542957545 59.18265866339207 5.8999999999999995
    endloop
  endfacet
  facet normal 0 0 1
    outer loop
      vertex 99 59.31358702480793 5.8999999999999995
      vertex 100.5469266280532 59.13044818341732 5.8999999999999995
      vertex 100.49999999552966 59.15358983576298 5.8999999999999995
    endloop
  endfacet
  facet normal 0 0 1
    outer loop
      vertex 100.59647237807513 59.11362966746092 5.8999999999999995
      vertex 100.64999999999999 58.96518335499113 5.8999999999999995
      vertex 100.64778951853515 59.10342205166817 5.8999999999999995
    endloop
  endfacet
  facet normal 0 0 1
    outer loop
      vertex 100.64999999999999 58.96518335499113 5.8999999999999995
      vertex 100.64999999999999 59.10327716922718 5.8999999999999995
      vertex 100.64778951853515 59.10342205166817 5.8999999999999995
    endloop
  endfacet
  facet normal -0.20659828686047504 0.9784258520022439 0
    outer loop
      vertex 99 61.38641296327114 5.8999999999999995
      vertex 100.30000000000001 61.66091283709296 5.8999999999999995
      vertex 100.30000000000001 61.66091283709296 5.6
    endloop
  endfacet
  facet normal -0.6655016543114315 0.7463963746621148 0
    outer loop
      vertex 102.74436508119106 63.75563491880894 5.8999999999999995
      vertex 100.8874802888586 62.1 5.6
      vertex 100.8874802888586 62.1 5.8999999999999995
    endloop
  endfacet
  facet normal 0 0 -1
    outer loop
      vertex 101.375 38.95804869002748 4.3999999999999995
      vertex 102.36900030383036 38.00015373690821 4.3999999999999995
      vertex 102.48992116100104 37.754950495049506 4.3999999999999995
    endloop
  endfacet
  facet normal 0 0 -1
    outer loop
      vertex 101.375 38.95804869002748 4.3999999999999995
      vertex 102.48992116100104 37.754950495049506 4.3999999999999995
      vertex 102.64181296895565 37.52762833996296 4.3999999999999995
    endloop
  endfacet
  facet normal 0 0 -1
    outer loop
      vertex 102.55462265014648 37.46072485297918 4.3999999999999995
      vertex 101.375 38.95804869002748 4.3999999999999995
      vertex 102.74436508119106 37.24436508119106 4.3999999999999995
    endloop
  endfacet
  facet normal 0 0 -1
    outer loop
      vertex 102.96072485297918 37.054622650146484 4.3999999999999995
      vertex 101.375 38.95804869002748 4.3999999999999995
      vertex 102.64181296895565 37.52762833996296 4.3999999999999995
    endloop
  endfacet
  facet normal 0 0 -1
    outer loop
      vertex 102.74436508119106 37.24436508119106 4.3999999999999995
      vertex 101.375 38.95804869002748 4.3999999999999995
      vertex 102.96072485297918 37.054622650146484 4.3999999999999995
    endloop
  endfacet
  facet normal 0 0 -1
    outer loop
      vertex 101.375 39.5 4.3999999999999995
      vertex 102.22778207687116 38.527187334874725 4.3999999999999995
      vertex 102.28111938683541 38.25904257008769 4.3999999999999995
    endloop
  endfacet
  facet normal 0 0 -1
    outer loop
      vertex 102.36900030383036 38.00015373690821 4.3999999999999995
      vertex 101.375 39.5 4.3999999999999995
      vertex 102.28111938683541 38.25904257008769 4.3999999999999995
    endloop
  endfacet
  facet normal 0 0 -1
    outer loop
      vertex 102.96072485297918 37.054622650146484 4.3999999999999995
      vertex 102.64181296895565 37.52762833996296 4.3999999999999995
      vertex 102.82207681674772 37.32207681674772 4.3999999999999995
    endloop
  endfacet
  facet normal 0 0 -1
    outer loop
      vertex 102.96072485297918 37.054622650146484 4.3999999999999995
      vertex 103.02762833996296 37.14181296895565 4.3999999999999995
      vertex 103.20000000298023 36.894744113087654 4.3999999999999995
    endloop
  endfacet
  facet normal 0 0 -1
    outer loop
      vertex 102.96072485297918 37.054622650146484 4.3999999999999995
      vertex 102.82207681674772 37.32207681674772 4.3999999999999995
      vertex 103.02762833996296 37.14181296895565 4.3999999999999995
    endloop
  endfacet
  facet normal 0 0 -1
    outer loop
      vertex 100.64999999999999 41.4 4.3999999999999995
      vertex 102.64181296895565 40.072371660037035 4.3999999999999995
      vertex 102.48992116100104 39.84504950495049 4.3999999999999995
    endloop
  endfacet
  facet normal 0 0 -1
    outer loop
      vertex 100.64999999999999 41.4 4.3999999999999995
      vertex 102.82207681674771 40.27792318325228 4.3999999999999995
      vertex 102.64181296895565 40.072371660037035 4.3999999999999995
    endloop
  endfacet
  facet normal 0 0 -1
    outer loop
      vertex 100.64999999999999 41.4 4.3999999999999995
      vertex 103.02762833996296 40.458187031044346 4.3999999999999995
      vertex 102.82207681674771 40.27792318325228 4.3999999999999995
    endloop
  endfacet
  facet normal 0 0 -1
    outer loop
      vertex 100.64999999999999 41.4 4.3999999999999995
      vertex 103.2549504950495 40.61007883899895 4.3999999999999995
      vertex 103.02762833996296 40.458187031044346 4.3999999999999995
    endloop
  endfacet
  facet normal 0 0 -1
    outer loop
      vertex 103.2549504950495 40.61007883899895 4.3999999999999995
      vertex 100.64999999999999 41.4 4.3999999999999995
      vertex 104.27128756814865 41.4 4.3999999999999995
    endloop
  endfacet
  facet normal 0 0 -1
    outer loop
      vertex 103.20000000298023 36.894744113087654 4.3999999999999995
      vertex 103.02762833996296 37.14181296895565 4.3999999999999995
      vertex 103.2549504950495 36.989921161001035 4.3999999999999995
    endloop
  endfacet
  facet normal 0 0 -1
    outer loop
      vertex 103.20000000298023 36.894744113087654 4.3999999999999995
      vertex 103.2549504950495 36.989921161001035 4.3999999999999995
      vertex 103.5001537369082 36.86900030383036 4.3999999999999995
    endloop
  endfacet
  facet normal 0 0 -1
    outer loop
      vertex 103.20000000298023 36.894744113087654 4.3999999999999995
      vertex 103.5001537369082 36.86900030383036 4.3999999999999995
      vertex 103.45809645205736 36.76746502518654 4.3999999999999995
    endloop
  endfacet
  facet normal 0 0 -1
    outer loop
      vertex 103.45809645205736 36.76746502518654 4.3999999999999995
      vertex 103.5001537369082 36.86900030383036 4.3999999999999995
      vertex 103.7590425700877 36.781119386835414 4.3999999999999995
    endloop
  endfacet
  facet normal 0 0 -1
    outer loop
      vertex 103.45809645205736 36.76746502518654 4.3999999999999995
      vertex 103.7590425700877 36.781119386835414 4.3999999999999995
      vertex 103.73059809952974 36.67496318370104 4.3999999999999995
    endloop
  endfacet
  facet normal 0 0 -1
    outer loop
      vertex 103.73059809952974 36.67496318370104 4.3999999999999995
      vertex 103.7590425700877 36.781119386835414 4.3999999999999995
      vertex 104.02718733487471 36.727782076871165 4.3999999999999995
    endloop
  endfacet
  facet normal 0 0 -1
    outer loop
      vertex 103.73059809952974 36.67496318370104 4.3999999999999995
      vertex 104.02718733487471 36.727782076871165 4.3999999999999995
      vertex 104.0128423795104 36.61882130801678 4.3999999999999995
    endloop
  endfacet
  facet normal 0 0 -1
    outer loop
      vertex 104.0128423795104 36.61882130801678 4.3999999999999995
      vertex 104.02718733487471 36.727782076871165 4.3999999999999995
      vertex 104.3 36.70990099009901 4.3999999999999995
    endloop
  endfacet
  facet normal 0 0 -1
    outer loop
      vertex 104.0128423795104 36.61882130801678 4.3999999999999995
      vertex 104.3 36.70990099009901 4.3999999999999995
      vertex 104.29999999701977 36.600000001490116 4.3999999999999995
    endloop
  endfacet
  facet normal 0 0 -1
    outer loop
      vertex 104.27128756814865 41.4 4.3999999999999995
      vertex 103.5001537369082 40.73099969616963 4.3999999999999995
      vertex 103.2549504950495 40.61007883899895 4.3999999999999995
    endloop
  endfacet
  facet normal 0 0 -1
    outer loop
      vertex 104.27128756814865 41.4 4.3999999999999995
      vertex 103.7590425700877 40.81888061316458 4.3999999999999995
      vertex 103.5001537369082 40.73099969616963 4.3999999999999995
    endloop
  endfacet
  facet normal 0 0 -1
    outer loop
      vertex 104.27128756814865 41.4 4.3999999999999995
      vertex 104.02718733487471 40.87221792312882 4.3999999999999995
      vertex 103.7590425700877 40.81888061316458 4.3999999999999995
    endloop
  endfacet
  facet normal 0 0 -1
    outer loop
      vertex 104.27128756814865 41.4 4.3999999999999995
      vertex 104.3 40.890099009900986 4.3999999999999995
      vertex 104.02718733487471 40.87221792312882 4.3999999999999995
    endloop
  endfacet
  facet normal -0.7855138689035548 -0.6188440528599826 0
    outer loop
      vertex 102.55462265014648 37.46072485297918 4.3999999999999995
      vertex 102.55462265014648 37.46072485297918 5.8999999999999995
      vertex 101.375 38.95804869002748 4.3999999999999995
    endloop
  endfacet
  facet normal -0.7518398011950406 -0.6593458222655256 0
    outer loop
      vertex 102.55462265014648 37.46072485297918 4.3999999999999995
      vertex 102.74436508119106 37.24436508119106 4.3999999999999995
      vertex 102.55462265014648 37.46072485297918 5.8999999999999995
    endloop
  endfacet
  facet normal -0.6593458222655256 -0.7518398011950406 0
    outer loop
      vertex 102.74436508119106 37.24436508119106 4.3999999999999995
      vertex 102.96072485297918 37.054622650146484 4.3999999999999995
      vertex 102.74436508119106 37.24436508119106 5.8999999999999995
    endloop
  endfacet
  facet normal -0.5555702167871907 -0.8314696231486958 0
    outer loop
      vertex 102.96072485297918 37.054622650146484 4.3999999999999995
      vertex 103.20000000298023 36.894744113087654 4.3999999999999995
      vertex 102.96072485297918 37.054622650146484 5.8999999999999995
    endloop
  endfacet
  facet normal -0.4422887029756846 -0.8968727352417882 0
    outer loop
      vertex 103.20000000298023 36.894744113087654 4.3999999999999995
      vertex 103.45809645205736 36.76746502518654 4.3999999999999995
      vertex 103.20000000298023 36.894744113087654 5.8999999999999995
    endloop
  endfacet
  facet normal -0.3214394550322369 -0.9469301329816148 0
    outer loop
      vertex 103.45809645205736 36.76746502518654 4.3999999999999995
      vertex 103.73059809952974 36.67496318370104 4.3999999999999995
      vertex 103.45809645205736 36.76746502518654 5.8999999999999995
    endloop
  endfacet
  facet normal -0.1950903145750945 -0.980785281883344 0
    outer loop
      vertex 103.73059809952974 36.67496318370104 4.3999999999999995
      vertex 104.0128423795104 36.61882130801678 4.3999999999999995
      vertex 103.73059809952974 36.67496318370104 5.8999999999999995
    endloop
  endfacet
  facet normal -0.06540313580888876 -0.9978589228074098 0
    outer loop
      vertex 104.0128423795104 36.61882130801678 4.3999999999999995
      vertex 104.29999999701977 36.600000001490116 4.3999999999999995
      vertex 104.0128423795104 36.61882130801678 5.8999999999999995
    endloop
  endfacet
  facet normal 0 0 -1
    outer loop
      vertex 104.29999999701977 36.600000001490116 4.3999999999999995
      vertex 104.3 36.70990099009901 4.3999999999999995
      vertex 104.57281266512528 36.727782076871165 4.3999999999999995
    endloop
  endfacet
  facet normal 0 0 -1
    outer loop
      vertex 104.29999999701977 36.600000001490116 4.3999999999999995
      vertex 104.57281266512528 36.727782076871165 4.3999999999999995
      vertex 104.58715762197971 36.61882130801678 4.3999999999999995
    endloop
  endfacet
  facet normal 0 0 -1
    outer loop
      vertex 104.58715762197971 36.61882130801678 4.3999999999999995
      vertex 104.57281266512528 36.727782076871165 4.3999999999999995
      vertex 104.8409574299123 36.781119386835414 4.3999999999999995
    endloop
  endfacet
  facet normal 0 0 -1
    outer loop
      vertex 104.58715762197971 36.61882130801678 4.3999999999999995
      vertex 104.8409574299123 36.781119386835414 4.3999999999999995
      vertex 104.86940190196037 36.67496318370104 4.3999999999999995
    endloop
  endfacet
  facet normal 0 0 -1
    outer loop
      vertex 104.86940190196037 36.67496318370104 4.3999999999999995
      vertex 104.8409574299123 36.781119386835414 4.3999999999999995
      vertex 105.09984626309179 36.86900030383036 4.3999999999999995
    endloop
  endfacet
  facet normal 0 0 -1
    outer loop
      vertex 104.86940190196037 36.67496318370104 4.3999999999999995
      vertex 105.09984626309179 36.86900030383036 4.3999999999999995
      vertex 105.14190354943275 36.76746502518654 4.3999999999999995
    endloop
  endfacet
  facet normal 0 0 -1
    outer loop
      vertex 105.14190354943275 36.76746502518654 4.3999999999999995
      vertex 105.09984626309179 36.86900030383036 4.3999999999999995
      vertex 105.3450495049505 36.98992116100104 4.3999999999999995
    endloop
  endfacet
  facet normal 0 0 -1
    outer loop
      vertex 105.14190354943275 36.76746502518654 4.3999999999999995
      vertex 105.3450495049505 36.98992116100104 4.3999999999999995
      vertex 105.39999999850988 36.894744113087654 4.3999999999999995
    endloop
  endfacet
  facet normal 0 0 -1
    outer loop
      vertex 104.27128756814865 41.4 4.3999999999999995
      vertex 104.57281266512528 40.87221792312883 4.3999999999999995
      vertex 104.3 40.890099009900986 4.3999999999999995
    endloop
  endfacet
  facet normal 0 0 -1
    outer loop
      vertex 104.27128756814865 41.4 4.3999999999999995
      vertex 104.8409574299123 40.81888061316458 4.3999999999999995
      vertex 104.57281266512528 40.87221792312883 4.3999999999999995
    endloop
  endfacet
  facet normal 0 0 -1
    outer loop
      vertex 104.27128756814865 41.4 4.3999999999999995
      vertex 105.09984626309179 40.73099969616963 4.3999999999999995
      vertex 104.8409574299123 40.81888061316458 4.3999999999999995
    endloop
  endfacet
  facet normal 0 0 -1
    outer loop
      vertex 105.39999999850988 40.70525588840246 4.3999999999999995
      vertex 105.09984626309179 40.73099969616963 4.3999999999999995
      vertex 104.27128756814865 41.4 4.3999999999999995
    endloop
  endfacet
  facet normal 0 0 -1
    outer loop
      vertex 105.39999999850988 36.894744113087654 4.3999999999999995
      vertex 105.3450495049505 36.98992116100104 4.3999999999999995
      vertex 105.57237166003704 37.14181296895565 4.3999999999999995
    endloop
  endfacet
  facet normal 0 0 -1
    outer loop
      vertex 105.39999999850988 36.894744113087654 4.3999999999999995
      vertex 105.57237166003704 37.14181296895565 4.3999999999999995
      vertex 105.63927514106035 37.054622650146484 4.3999999999999995
    endloop
  endfacet
  facet normal 0 0 -1
    outer loop
      vertex 105.63927514106035 37.054622650146484 4.3999999999999995
      vertex 105.57237166003704 37.14181296895565 4.3999999999999995
      vertex 105.77792318325228 37.32207681674772 4.3999999999999995
    endloop
  endfacet
  facet normal 0 0 -1
    outer loop
      vertex 105.63927514106035 37.054622650146484 4.3999999999999995
      vertex 105.77792318325228 37.32207681674772 4.3999999999999995
      vertex 105.85563492029905 37.24436508119106 4.3999999999999995
    endloop
  endfacet
  facet normal 0 0 -1
    outer loop
      vertex 105.85563492029905 37.24436508119106 4.3999999999999995
      vertex 105.77792318325228 37.32207681674772 4.3999999999999995
      vertex 105.95818703104435 37.52762833996296 4.3999999999999995
    endloop
  endfacet
  facet normal 0 0 -1
    outer loop
      vertex 105.85563492029905 37.24436508119106 4.3999999999999995
      vertex 105.95818703104435 37.52762833996296 4.3999999999999995
      vertex 106.04537735134363 37.46072485297918 4.3999999999999995
    endloop
  endfacet
  facet normal 0 0 -1
    outer loop
      vertex 106.04537735134363 37.46072485297918 4.3999999999999995
      vertex 105.95818703104435 37.52762833996296 4.3999999999999995
      vertex 106.11007883899896 37.754950495049506 4.3999999999999995
    endloop
  endfacet
  facet normal 0 0 -1
    outer loop
      vertex 106.04537735134363 37.46072485297918 4.3999999999999995
      vertex 106.11007883899896 37.754950495049506 4.3999999999999995
      vertex 106.20525588840246 37.70000000298023 4.3999999999999995
    endloop
  endfacet
  facet normal 0 0 -1
    outer loop
      vertex 106.20525588840246 37.70000000298023 4.3999999999999995
      vertex 106.11007883899896 37.754950495049506 4.3999999999999995
      vertex 106.23099969616963 38.00015373690821 4.3999999999999995
    endloop
  endfacet
  facet normal 0 0 -1
    outer loop
      vertex 106.20525588840246 37.70000000298023 4.3999999999999995
      vertex 106.23099969616963 38.00015373690821 4.3999999999999995
      vertex 106.332534968853 37.95809645205736 4.3999999999999995
    endloop
  endfacet
  facet normal 0 0 -1
    outer loop
      vertex 106.332534968853 37.95809645205736 4.3999999999999995
      vertex 106.23099969616963 38.00015373690821 4.3999999999999995
      vertex 106.31888061316458 38.25904257008769 4.3999999999999995
    endloop
  endfacet
  facet normal 0 0 -1
    outer loop
      vertex 106.332534968853 37.95809645205736 4.3999999999999995
      vertex 106.31888061316458 38.25904257008769 4.3999999999999995
      vertex 106.42503681778908 38.23059809952974 4.3999999999999995
    endloop
  endfacet
  facet normal 0 0 -1
    outer loop
      vertex 106.20525588840246 39.899999998509884 4.3999999999999995
      vertex 105.95818703104435 40.072371660037035 4.3999999999999995
      vertex 106.04537735134363 40.13927514106035 4.3999999999999995
    endloop
  endfacet
  facet normal 0 0 -1
    outer loop
      vertex 106.20525588840246 39.899999998509884 4.3999999999999995
      vertex 106.11007883899896 39.84504950495049 4.3999999999999995
      vertex 105.95818703104435 40.072371660037035 4.3999999999999995
    endloop
  endfacet
  facet normal 0 0 -1
    outer loop
      vertex 106.42503681778908 38.23059809952974 4.3999999999999995
      vertex 106.31888061316458 38.25904257008769 4.3999999999999995
      vertex 106.37221792312883 38.527187334874725 4.3999999999999995
    endloop
  endfacet
  facet normal 0 0 -1
    outer loop
      vertex 106.42503681778908 38.23059809952974 4.3999999999999995
      vertex 106.37221792312883 38.527187334874725 4.3999999999999995
      vertex 106.48117869347334 38.5128423795104 4.3999999999999995
    endloop
  endfacet
  facet normal 0 0 -1
    outer loop
      vertex 106.48117869347334 38.5128423795104 4.3999999999999995
      vertex 106.37221792312883 38.527187334874725 4.3999999999999995
      vertex 106.39009900990098 38.8 4.3999999999999995
    endloop
  endfacet
  facet normal 0 0 -1
    outer loop
      vertex 106.48117869347334 38.5128423795104 4.3999999999999995
      vertex 106.39009900990098 38.8 4.3999999999999995
      vertex 106.5 38.79999999701977 4.3999999999999995
    endloop
  endfacet
  facet normal 0 0 -1
    outer loop
      vertex 106.5 38.79999999701977 4.3999999999999995
      vertex 106.39009900990098 38.8 4.3999999999999995
      vertex 106.37221792312883 39.07281266512527 4.3999999999999995
    endloop
  endfacet
  facet normal 0 0 -1
    outer loop
      vertex 106.48117869347334 39.08715762197971 4.3999999999999995
      vertex 106.37221792312883 39.07281266512527 4.3999999999999995
      vertex 106.31888061316458 39.3409574299123 4.3999999999999995
    endloop
  endfacet
  facet normal 0 0 -1
    outer loop
      vertex 106.5 38.79999999701977 4.3999999999999995
      vertex 106.37221792312883 39.07281266512527 4.3999999999999995
      vertex 106.48117869347334 39.08715762197971 4.3999999999999995
    endloop
  endfacet
  facet normal 0 0 -1
    outer loop
      vertex 106.42503681778908 39.36940190196037 4.3999999999999995
      vertex 106.31888061316458 39.3409574299123 4.3999999999999995
      vertex 106.23099969616963 39.599846263091784 4.3999999999999995
    endloop
  endfacet
  facet normal 0 0 -1
    outer loop
      vertex 106.332534968853 39.641903549432755 4.3999999999999995
      vertex 106.42503681778908 39.36940190196037 4.3999999999999995
      vertex 106.23099969616963 39.599846263091784 4.3999999999999995
    endloop
  endfacet
  facet normal 0 0 -1
    outer loop
      vertex 106.332534968853 39.641903549432755 4.3999999999999995
      vertex 106.23099969616963 39.599846263091784 4.3999999999999995
      vertex 106.11007883899896 39.84504950495049 4.3999999999999995
    endloop
  endfacet
  facet normal 0 0 -1
    outer loop
      vertex 106.20525588840246 39.899999998509884 4.3999999999999995
      vertex 106.332534968853 39.641903549432755 4.3999999999999995
      vertex 106.11007883899896 39.84504950495049 4.3999999999999995
    endloop
  endfacet
  facet normal 0 0 -1
    outer loop
      vertex 106.48117869347334 39.08715762197971 4.3999999999999995
      vertex 106.31888061316458 39.3409574299123 4.3999999999999995
      vertex 106.42503681778908 39.36940190196037 4.3999999999999995
    endloop
  endfacet
  facet normal 0 0 -1
    outer loop
      vertex 105.63927514106035 40.54537735134363 4.3999999999999995
      vertex 105.3450495049505 40.61007883899895 4.3999999999999995
      vertex 105.09984626309179 40.73099969616963 4.3999999999999995
    endloop
  endfacet
  facet normal 0 0 -1
    outer loop
      vertex 105.39999999850988 40.70525588840246 4.3999999999999995
      vertex 105.63927514106035 40.54537735134363 4.3999999999999995
      vertex 105.09984626309179 40.73099969616963 4.3999999999999995
    endloop
  endfacet
  facet normal 0 0 -1
    outer loop
      vertex 105.63927514106035 40.54537735134363 4.3999999999999995
      vertex 105.57237166003704 40.458187031044346 4.3999999999999995
      vertex 105.3450495049505 40.61007883899895 4.3999999999999995
    endloop
  endfacet
  facet normal 0 0 -1
    outer loop
      vertex 105.63927514106035 40.54537735134363 4.3999999999999995
      vertex 105.85563492029905 40.35563492029905 4.3999999999999995
      vertex 105.57237166003704 40.458187031044346 4.3999999999999995
    endloop
  endfacet
  facet normal 0 0 -1
    outer loop
      vertex 105.85563492029905 40.35563492029905 4.3999999999999995
      vertex 105.77792318325228 40.27792318325228 4.3999999999999995
      vertex 105.57237166003704 40.458187031044346 4.3999999999999995
    endloop
  endfacet
  facet normal 0 0 -1
    outer loop
      vertex 106.04537735134363 40.13927514106035 4.3999999999999995
      vertex 105.95818703104435 40.072371660037035 4.3999999999999995
      vertex 105.77792318325228 40.27792318325228 4.3999999999999995
    endloop
  endfacet
  facet normal 0 0 -1
    outer loop
      vertex 105.85563492029905 40.35563492029905 4.3999999999999995
      vertex 106.04537735134363 40.13927514106035 4.3999999999999995
      vertex 105.77792318325228 40.27792318325228 4.3999999999999995
    endloop
  endfacet
  facet normal 0.06540313411920033 -0.9978589229181578 0
    outer loop
      vertex 104.29999999701977 36.600000001490116 4.3999999999999995
      vertex 104.58715762197971 36.61882130801678 4.3999999999999995
      vertex 104.29999999701977 36.600000001490116 5.8999999999999995
    endloop
  endfacet
  facet normal 0.1950903145750945 -0.980785281883344 0
    outer loop
      vertex 104.58715762197971 36.61882130801678 4.3999999999999995
      vertex 104.86940190196037 36.67496318370104 4.3999999999999995
      vertex 104.58715762197971 36.61882130801678 5.8999999999999995
    endloop
  endfacet
  facet normal 0.3214394550322369 -0.9469301329816148 0
    outer loop
      vertex 104.86940190196037 36.67496318370104 4.3999999999999995
      vertex 105.14190354943275 36.76746502518654 4.3999999999999995
      vertex 104.86940190196037 36.67496318370104 5.8999999999999995
    endloop
  endfacet
  facet normal 0.4422887029756846 -0.8968727352417882 0
    outer loop
      vertex 105.14190354943275 36.76746502518654 4.3999999999999995
      vertex 105.39999999850988 36.894744113087654 4.3999999999999995
      vertex 105.14190354943275 36.76746502518654 5.8999999999999995
    endloop
  endfacet
  facet normal 0.5241805215035301 0.851607175214187 0
    outer loop
      vertex 105.39999999850988 40.70525588840246 4.3999999999999995
      vertex 104.27128756814865 41.4 4.3999999999999995
      vertex 104.27128756814865 41.4 5.8999999999999995
    endloop
  endfacet
  facet normal 0.555570228747 -0.8314696151574067 0
    outer loop
      vertex 105.39999999850988 36.894744113087654 4.3999999999999995
      vertex 105.63927514106035 37.054622650146484 4.3999999999999995
      vertex 105.39999999850988 36.894744113087654 5.8999999999999995
    endloop
  endfacet
  facet normal 0.659345809431069 -0.7518398124505568 0
    outer loop
      vertex 105.63927514106035 37.054622650146484 4.3999999999999995
      vertex 105.85563492029905 37.24436508119106 4.3999999999999995
      vertex 105.63927514106035 37.054622650146484 5.8999999999999995
    endloop
  endfacet
  facet normal 0.7518398011950406 -0.6593458222655256 0
    outer loop
      vertex 105.85563492029905 37.24436508119106 4.3999999999999995
      vertex 106.04537735134363 37.46072485297918 4.3999999999999995
      vertex 105.85563492029905 37.24436508119106 5.8999999999999995
    endloop
  endfacet
  facet normal 0.8314696231486958 -0.5555702167871907 0
    outer loop
      vertex 106.04537735134363 37.46072485297918 4.3999999999999995
      vertex 106.20525588840246 37.70000000298023 4.3999999999999995
      vertex 106.04537735134363 37.46072485297918 5.8999999999999995
    endloop
  endfacet
  facet normal 0.8968727455119095 -0.44228868214993894 0
    outer loop
      vertex 106.20525588840246 37.70000000298023 4.3999999999999995
      vertex 106.332534968853 37.95809645205736 4.3999999999999995
      vertex 106.20525588840246 37.70000000298023 5.8999999999999995
    endloop
  endfacet
  facet normal 0.9469301251010733 -0.3214394782475631 0
    outer loop
      vertex 106.332534968853 37.95809645205736 4.3999999999999995
      vertex 106.42503681778908 38.23059809952974 4.3999999999999995
      vertex 106.332534968853 37.95809645205736 5.8999999999999995
    endloop
  endfacet
  facet normal 0.980785281883344 -0.1950903145750945 0
    outer loop
      vertex 106.42503681778908 38.23059809952974 4.3999999999999995
      vertex 106.48117869347334 38.5128423795104 4.3999999999999995
      vertex 106.42503681778908 38.23059809952974 5.8999999999999995
    endloop
  endfacet
  facet normal 0.8314696151574067 0.555570228747 0
    outer loop
      vertex 106.20525588840246 39.899999998509884 4.3999999999999995
      vertex 106.04537735134363 40.13927514106035 4.3999999999999995
      vertex 106.20525588840246 39.899999998509884 5.8999999999999995
    endloop
  endfacet
  facet normal 0.9978589228074098 -0.06540313580888876 0
    outer loop
      vertex 106.48117869347334 38.5128423795104 4.3999999999999995
      vertex 106.5 38.79999999701977 4.3999999999999995
      vertex 106.48117869347334 38.5128423795104 5.8999999999999995
    endloop
  endfacet
  facet normal 0.9978589229181578 0.06540313411920033 0
    outer loop
      vertex 106.5 38.79999999701977 4.3999999999999995
      vertex 106.48117869347334 39.08715762197971 4.3999999999999995
      vertex 106.5 38.79999999701977 5.8999999999999995
    endloop
  endfacet
  facet normal 0.980785281883344 0.1950903145750945 0
    outer loop
      vertex 106.48117869347334 39.08715762197971 4.3999999999999995
      vertex 106.42503681778908 39.36940190196037 4.3999999999999995
      vertex 106.48117869347334 39.08715762197971 5.8999999999999995
    endloop
  endfacet
  facet normal 0.8968727455119095 0.44228868214993894 0
    outer loop
      vertex 106.20525588840246 39.899999998509884 4.3999999999999995
      vertex 106.332534968853 39.641903549432755 5.8999999999999995
      vertex 106.332534968853 39.641903549432755 4.3999999999999995
    endloop
  endfacet
  facet normal 0.9469301251010733 0.3214394782475631 0
    outer loop
      vertex 106.332534968853 39.641903549432755 4.3999999999999995
      vertex 106.42503681778908 39.36940190196037 5.8999999999999995
      vertex 106.42503681778908 39.36940190196037 4.3999999999999995
    endloop
  endfacet
  facet normal 0.555570228747 0.8314696151574067 0
    outer loop
      vertex 105.39999999850988 40.70525588840246 4.3999999999999995
      vertex 105.63927514106035 40.54537735134363 5.8999999999999995
      vertex 105.63927514106035 40.54537735134363 4.3999999999999995
    endloop
  endfacet
  facet normal 0.659345809431069 0.7518398124505568 0
    outer loop
      vertex 105.63927514106035 40.54537735134363 4.3999999999999995
      vertex 105.85563492029905 40.35563492029905 5.8999999999999995
      vertex 105.85563492029905 40.35563492029905 4.3999999999999995
    endloop
  endfacet
  facet normal 0.7518398124505568 0.659345809431069 0
    outer loop
      vertex 105.85563492029905 40.35563492029905 4.3999999999999995
      vertex 106.04537735134363 40.13927514106035 5.8999999999999995
      vertex 106.04537735134363 40.13927514106035 4.3999999999999995
    endloop
  endfacet
  facet normal -0.7518398011950406 -0.6593458222655256 0
    outer loop
      vertex 102.74436508119106 37.24436508119106 4.3999999999999995
      vertex 102.74436508119106 37.24436508119106 5.8999999999999995
      vertex 102.55462265014648 37.46072485297918 5.8999999999999995
    endloop
  endfacet
  facet normal -0.6593458222655256 -0.7518398011950406 0
    outer loop
      vertex 102.96072485297918 37.054622650146484 4.3999999999999995
      vertex 102.96072485297918 37.054622650146484 5.8999999999999995
      vertex 102.74436508119106 37.24436508119106 5.8999999999999995
    endloop
  endfacet
  facet normal -0.5555702167871907 -0.8314696231486958 0
    outer loop
      vertex 103.20000000298023 36.894744113087654 4.3999999999999995
      vertex 103.20000000298023 36.894744113087654 5.8999999999999995
      vertex 102.96072485297918 37.054622650146484 5.8999999999999995
    endloop
  endfacet
  facet normal -0.4422887029756846 -0.8968727352417882 0
    outer loop
      vertex 103.45809645205736 36.76746502518654 4.3999999999999995
      vertex 103.45809645205736 36.76746502518654 5.8999999999999995
      vertex 103.20000000298023 36.894744113087654 5.8999999999999995
    endloop
  endfacet
  facet normal -0.3214394550322369 -0.9469301329816148 0
    outer loop
      vertex 103.73059809952974 36.67496318370104 4.3999999999999995
      vertex 103.73059809952974 36.67496318370104 5.8999999999999995
      vertex 103.45809645205736 36.76746502518654 5.8999999999999995
    endloop
  endfacet
  facet normal -0.1950903145750945 -0.980785281883344 0
    outer loop
      vertex 104.0128423795104 36.61882130801678 4.3999999999999995
      vertex 104.0128423795104 36.61882130801678 5.8999999999999995
      vertex 103.73059809952974 36.67496318370104 5.8999999999999995
    endloop
  endfacet
  facet normal -0.06540313580888876 -0.9978589228074098 0
    outer loop
      vertex 104.29999999701977 36.600000001490116 4.3999999999999995
      vertex 104.29999999701977 36.600000001490116 5.8999999999999995
      vertex 104.0128423795104 36.61882130801678 5.8999999999999995
    endloop
  endfacet
  facet normal 0 0 1
    outer loop
      vertex 102.55462265014648 37.46072485297918 5.8999999999999995
      vertex 102.74436508119106 37.24436508119106 5.8999999999999995
      vertex 101.375 38.95804869002748 5.8999999999999995
    endloop
  endfacet
  facet normal 0 0 1
    outer loop
      vertex 102.74436508119106 37.24436508119106 5.8999999999999995
      vertex 102.96072485297918 37.054622650146484 5.8999999999999995
      vertex 101.375 38.95804869002748 5.8999999999999995
    endloop
  endfacet
  facet normal 0 0 1
    outer loop
      vertex 103.20000000298023 36.894744113087654 5.8999999999999995
      vertex 101.375 39.5 5.8999999999999995
      vertex 101.375 38.95804869002748 5.8999999999999995
    endloop
  endfacet
  facet normal 0 0 1
    outer loop
      vertex 103.45809645205736 36.76746502518654 5.8999999999999995
      vertex 101.09870029032439 39.9 5.8999999999999995
      vertex 101.375 39.5 5.8999999999999995
    endloop
  endfacet
  facet normal 0 0 1
    outer loop
      vertex 103.34737205583711 39.349999999999994 5.8999999999999995
      vertex 102.59999999701978 39.9 5.8999999999999995
      vertex 101.09870029032439 39.9 5.8999999999999995
    endloop
  endfacet
  facet normal 0 0 1
    outer loop
      vertex 102.96072485297918 37.054622650146484 5.8999999999999995
      vertex 103.20000000298023 36.894744113087654 5.8999999999999995
      vertex 101.375 38.95804869002748 5.8999999999999995
    endloop
  endfacet
  facet normal 0 0 1
    outer loop
      vertex 103.20000000298023 36.894744113087654 5.8999999999999995
      vertex 103.45809645205736 36.76746502518654 5.8999999999999995
      vertex 101.375 39.5 5.8999999999999995
    endloop
  endfacet
  facet normal 0 0 1
    outer loop
      vertex 103.45809645205736 36.76746502518654 5.8999999999999995
      vertex 103.73059809952974 36.67496318370104 5.8999999999999995
      vertex 101.09870029032439 39.9 5.8999999999999995
    endloop
  endfacet
  facet normal 0 0 1
    outer loop
      vertex 103.73059809952974 36.67496318370104 5.8999999999999995
      vertex 104.0128423795104 36.61882130801678 5.8999999999999995
      vertex 101.09870029032439 39.9 5.8999999999999995
    endloop
  endfacet
  facet normal 0 0 1
    outer loop
      vertex 104.58715762197971 36.61882130801678 5.8999999999999995
      vertex 103.42731132567964 38.13036242809041 5.8999999999999995
      vertex 101.09870029032439 39.9 5.8999999999999995
    endloop
  endfacet
  facet normal 0 0 1
    outer loop
      vertex 101.09870029032439 39.9 5.8999999999999995
      vertex 103.42731132567964 38.13036242809041 5.8999999999999995
      vertex 103.34737205583711 38.25 5.8999999999999995
    endloop
  endfacet
  facet normal 0 0 1
    outer loop
      vertex 101.09870029032439 39.9 5.8999999999999995
      vertex 103.28373251423758 38.379048224398396 5.8999999999999995
      vertex 103.23748159108202 38.51529905038723 5.8999999999999995
    endloop
  endfacet
  facet normal 0 0 1
    outer loop
      vertex 103.2094106524888 38.65642118855794 5.8999999999999995
      vertex 101.09870029032439 39.9 5.8999999999999995
      vertex 103.23748159108202 38.51529905038723 5.8999999999999995
    endloop
  endfacet
  facet normal 0 0 1
    outer loop
      vertex 101.09870029032439 39.9 5.8999999999999995
      vertex 103.2094106524888 38.65642118855794 5.8999999999999995
      vertex 103.2 38.8 5.8999999999999995
    endloop
  endfacet
  facet normal 0 0 1
    outer loop
      vertex 101.09870029032439 39.9 5.8999999999999995
      vertex 103.34737205583711 38.25 5.8999999999999995
      vertex 103.28373251423758 38.379048224398396 5.8999999999999995
    endloop
  endfacet
  facet normal 0 0 1
    outer loop
      vertex 103.2094106524888 38.94357881144205 5.8999999999999995
      vertex 101.09870029032439 39.9 5.8999999999999995
      vertex 103.2 38.8 5.8999999999999995
    endloop
  endfacet
  facet normal 0 0 1
    outer loop
      vertex 101.09870029032439 39.9 5.8999999999999995
      vertex 103.2094106524888 38.94357881144205 5.8999999999999995
      vertex 103.23748159108202 39.08470094961277 5.8999999999999995
    endloop
  endfacet
  facet normal 0 0 1
    outer loop
      vertex 103.28373251423758 39.2209517756016 5.8999999999999995
      vertex 101.09870029032439 39.9 5.8999999999999995
      vertex 103.23748159108202 39.08470094961277 5.8999999999999995
    endloop
  endfacet
  facet normal 0 0 1
    outer loop
      vertex 103.34737205583711 39.349999999999994 5.8999999999999995
      vertex 101.09870029032439 39.9 5.8999999999999995
      vertex 103.28373251423758 39.2209517756016 5.8999999999999995
    endloop
  endfacet
  facet normal 0 0 1
    outer loop
      vertex 103.34737205583711 39.349999999999994 5.8999999999999995
      vertex 102.65221047699453 39.903422051668166 5.8999999999999995
      vertex 102.59999999701978 39.9 5.8999999999999995
    endloop
  endfacet
  facet normal 0 0 1
    outer loop
      vertex 103.34737205583711 39.349999999999994 5.8999999999999995
      vertex 102.70352761745454 39.91362966746092 5.8999999999999995
      vertex 102.65221047699453 39.903422051668166 5.8999999999999995
    endloop
  endfacet
  facet normal 0 0 1
    outer loop
      vertex 103.42731132567964 39.46963757190959 5.8999999999999995
      vertex 102.75307336747647 39.93044818341732 5.8999999999999995
      vertex 102.70352761745454 39.91362966746092 5.8999999999999995
    endloop
  endfacet
  facet normal 0 0 1
    outer loop
      vertex 103.42731132567964 39.46963757190959 5.8999999999999995
      vertex 102.80000000000001 39.953589835762976 5.8999999999999995
      vertex 102.75307336747647 39.93044818341732 5.8999999999999995
    endloop
  endfacet
  facet normal 0 0 1
    outer loop
      vertex 103.42731132567964 39.46963757190959 5.8999999999999995
      vertex 102.84350456595422 39.982658663392066 5.8999999999999995
      vertex 102.80000000000001 39.953589835762976 5.8999999999999995
    endloop
  endfacet
  facet normal 0 0 1
    outer loop
      vertex 104.0128423795104 36.61882130801678 5.8999999999999995
      vertex 104.29999999701977 36.600000001490116 5.8999999999999995
      vertex 101.09870029032439 39.9 5.8999999999999995
    endloop
  endfacet
  facet normal 0 0 1
    outer loop
      vertex 104.29999999701977 36.600000001490116 5.8999999999999995
      vertex 104.58715762197971 36.61882130801678 5.8999999999999995
      vertex 101.09870029032439 39.9 5.8999999999999995
    endloop
  endfacet
  facet normal 0 0 1
    outer loop
      vertex 103.42731132567964 39.46963757190959 5.8999999999999995
      vertex 102.70352761745454 39.91362966746092 5.8999999999999995
      vertex 103.34737205583711 39.349999999999994 5.8999999999999995
    endloop
  endfacet
  facet normal 0 0 1
    outer loop
      vertex 103.5221825406948 39.5778174593052 5.8999999999999995
      vertex 102.88284270763398 40.01715728789568 5.8999999999999995
      vertex 102.84350456595422 39.982658663392066 5.8999999999999995
    endloop
  endfacet
  facet normal 0 0 1
    outer loop
      vertex 103.5221825406948 39.5778174593052 5.8999999999999995
      vertex 102.9173413321376 40.05649542957544 5.8999999999999995
      vertex 102.88284270763398 40.01715728789568 5.8999999999999995
    endloop
  endfacet
  facet normal 0 0 1
    outer loop
      vertex 102.9173413321376 40.05649542957544 5.8999999999999995
      vertex 103.5221825406948 39.5778174593052 5.8999999999999995
      vertex 102.94641015976669 40.09999999552965 5.8999999999999995
    endloop
  endfacet
  facet normal 0 0 1
    outer loop
      vertex 103.5221825406948 39.5778174593052 5.8999999999999995
      vertex 102.84350456595422 39.982658663392066 5.8999999999999995
      vertex 103.42731132567964 39.46963757190959 5.8999999999999995
    endloop
  endfacet
  facet normal 0 0 1
    outer loop
      vertex 103.75 39.75262794416288 5.8999999999999995
      vertex 102.96955181211234 40.14692662805319 5.8999999999999995
      vertex 102.94641015976669 40.09999999552965 5.8999999999999995
    endloop
  endfacet
  facet normal 0 0 1
    outer loop
      vertex 103.75 39.75262794416288 5.8999999999999995
      vertex 102.98637032806874 40.19647237807512 5.8999999999999995
      vertex 102.96955181211234 40.14692662805319 5.8999999999999995
    endloop
  endfacet
  facet normal 0 0 1
    outer loop
      vertex 103.75 39.75262794416288 5.8999999999999995
      vertex 102.9965779438615 40.247789518535136 5.8999999999999995
      vertex 102.98637032806874 40.19647237807512 5.8999999999999995
    endloop
  endfacet
  facet normal 0 0 1
    outer loop
      vertex 102.94641015976669 40.09999999552965 5.8999999999999995
      vertex 103.5221825406948 39.5778174593052 5.8999999999999995
      vertex 103.63036242809041 39.672688674320355 5.8999999999999995
    endloop
  endfacet
  facet normal 0 0 1
    outer loop
      vertex 103.75 39.75262794416288 5.8999999999999995
      vertex 102.94641015976669 40.09999999552965 5.8999999999999995
      vertex 103.63036242809041 39.672688674320355 5.8999999999999995
    endloop
  endfacet
  facet normal 0 0 1
    outer loop
      vertex 103.8790482243984 39.81626748576241 5.8999999999999995
      vertex 102.9965779438615 40.247789518535136 5.8999999999999995
      vertex 103.75 39.75262794416288 5.8999999999999995
    endloop
  endfacet
  facet normal 0 0 1
    outer loop
      vertex 102.99999999552966 40.29999999850988 5.8999999999999995
      vertex 103.8790482243984 39.81626748576241 5.8999999999999995
      vertex 104.01529905038723 39.86251840891797 5.8999999999999995
    endloop
  endfacet
  facet normal 0 0 1
    outer loop
      vertex 104.58715762197971 36.61882130801678 5.8999999999999995
      vertex 103.5221825406948 38.02218254069479 5.8999999999999995
      vertex 103.42731132567964 38.13036242809041 5.8999999999999995
    endloop
  endfacet
  facet normal 0 0 1
    outer loop
      vertex 104.58715762197971 36.61882130801678 5.8999999999999995
      vertex 103.63036242809041 37.92731132567964 5.8999999999999995
      vertex 103.5221825406948 38.02218254069479 5.8999999999999995
    endloop
  endfacet
  facet normal 0 0 1
    outer loop
      vertex 104.86940190196037 36.67496318370104 5.8999999999999995
      vertex 103.8790482243984 37.783732514237585 5.8999999999999995
      vertex 103.75 37.84737205583711 5.8999999999999995
    endloop
  endfacet
  facet normal 0 0 1
    outer loop
      vertex 104.86940190196037 36.67496318370104 5.8999999999999995
      vertex 103.75 37.84737205583711 5.8999999999999995
      vertex 103.63036242809041 37.92731132567964 5.8999999999999995
    endloop
  endfacet
  facet normal 0 0 1
    outer loop
      vertex 104.15642118855794 39.89058934751119 5.8999999999999995
      vertex 102.99999999552966 40.29999999850988 5.8999999999999995
      vertex 104.01529905038723 39.86251840891797 5.8999999999999995
    endloop
  endfacet
  facet normal 0 0 1
    outer loop
      vertex 102.99999999552966 40.29999999850988 5.8999999999999995
      vertex 104.15642118855794 39.89058934751119 5.8999999999999995
      vertex 104.3 39.9 5.8999999999999995
    endloop
  endfacet
  facet normal 0 0 1
    outer loop
      vertex 104.44357881144205 39.89058934751119 5.8999999999999995
      vertex 102.99999999552966 40.29999999850988 5.8999999999999995
      vertex 104.3 39.9 5.8999999999999995
    endloop
  endfacet
  facet normal 0 0 1
    outer loop
      vertex 103.8790482243984 39.81626748576241 5.8999999999999995
      vertex 102.99999999552966 40.29999999850988 5.8999999999999995
      vertex 102.9965779438615 40.247789518535136 5.8999999999999995
    endloop
  endfacet
  facet normal 0 0 1
    outer loop
      vertex 104.44357881144205 39.89058934751119 5.8999999999999995
      vertex 102.99999999552966 41.4 5.8999999999999995
      vertex 102.99999999552966 40.29999999850988 5.8999999999999995
    endloop
  endfacet
  facet normal 0 0 1
    outer loop
      vertex 102.99999999552966 41.4 5.8999999999999995
      vertex 104.44357881144205 39.89058934751119 5.8999999999999995
      vertex 104.58470094961277 39.86251840891797 5.8999999999999995
    endloop
  endfacet
  facet normal 0 0 1
    outer loop
      vertex 102.99999999552966 41.4 5.8999999999999995
      vertex 104.58470094961277 39.86251840891797 5.8999999999999995
      vertex 104.72095177560159 39.81626748576241 5.8999999999999995
    endloop
  endfacet
  facet normal 0 0 1
    outer loop
      vertex 102.99999999552966 41.4 5.8999999999999995
      vertex 104.72095177560159 39.81626748576241 5.8999999999999995
      vertex 104.85 39.75262794416288 5.8999999999999995
    endloop
  endfacet
  facet normal 0.06540313411920033 -0.9978589229181578 0
    outer loop
      vertex 104.58715762197971 36.61882130801678 4.3999999999999995
      vertex 104.58715762197971 36.61882130801678 5.8999999999999995
      vertex 104.29999999701977 36.600000001490116 5.8999999999999995
    endloop
  endfacet
  facet normal 0.1950903145750945 -0.980785281883344 0
    outer loop
      vertex 104.86940190196037 36.67496318370104 4.3999999999999995
      vertex 104.86940190196037 36.67496318370104 5.8999999999999995
      vertex 104.58715762197971 36.61882130801678 5.8999999999999995
    endloop
  endfacet
  facet normal 0.3214394550322369 -0.9469301329816148 0
    outer loop
      vertex 105.14190354943275 36.76746502518654 4.3999999999999995
      vertex 105.14190354943275 36.76746502518654 5.8999999999999995
      vertex 104.86940190196037 36.67496318370104 5.8999999999999995
    endloop
  endfacet
  facet normal 0.4422887029756846 -0.8968727352417882 0
    outer loop
      vertex 105.39999999850988 36.894744113087654 4.3999999999999995
      vertex 105.39999999850988 36.894744113087654 5.8999999999999995
      vertex 105.14190354943275 36.76746502518654 5.8999999999999995
    endloop
  endfacet
  facet normal 0.5241805215035301 0.851607175214187 0
    outer loop
      vertex 105.39999999850988 40.70525588840246 4.3999999999999995
      vertex 104.27128756814865 41.4 5.8999999999999995
      vertex 105.39999999850988 40.70525588840246 5.8999999999999995
    endloop
  endfacet
  facet normal 0.555570228747 -0.8314696151574067 0
    outer loop
      vertex 105.63927514106035 37.054622650146484 4.3999999999999995
      vertex 105.63927514106035 37.054622650146484 5.8999999999999995
      vertex 105.39999999850988 36.894744113087654 5.8999999999999995
    endloop
  endfacet
  facet normal 0.659345809431069 -0.7518398124505568 0
    outer loop
      vertex 105.85563492029905 37.24436508119106 4.3999999999999995
      vertex 105.85563492029905 37.24436508119106 5.8999999999999995
      vertex 105.63927514106035 37.054622650146484 5.8999999999999995
    endloop
  endfacet
  facet normal 0.7518398011950406 -0.6593458222655256 0
    outer loop
      vertex 106.04537735134363 37.46072485297918 4.3999999999999995
      vertex 106.04537735134363 37.46072485297918 5.8999999999999995
      vertex 105.85563492029905 37.24436508119106 5.8999999999999995
    endloop
  endfacet
  facet normal 0.8314696231486958 -0.5555702167871907 0
    outer loop
      vertex 106.20525588840246 37.70000000298023 4.3999999999999995
      vertex 106.20525588840246 37.70000000298023 5.8999999999999995
      vertex 106.04537735134363 37.46072485297918 5.8999999999999995
    endloop
  endfacet
  facet normal 0.8968727455119095 -0.44228868214993894 0
    outer loop
      vertex 106.332534968853 37.95809645205736 4.3999999999999995
      vertex 106.332534968853 37.95809645205736 5.8999999999999995
      vertex 106.20525588840246 37.70000000298023 5.8999999999999995
    endloop
  endfacet
  facet normal 0.9469301251010733 -0.3214394782475631 0
    outer loop
      vertex 106.42503681778908 38.23059809952974 4.3999999999999995
      vertex 106.42503681778908 38.23059809952974 5.8999999999999995
      vertex 106.332534968853 37.95809645205736 5.8999999999999995
    endloop
  endfacet
  facet normal 0.8314696151574067 0.555570228747 0
    outer loop
      vertex 106.04537735134363 40.13927514106035 4.3999999999999995
      vertex 106.04537735134363 40.13927514106035 5.8999999999999995
      vertex 106.20525588840246 39.899999998509884 5.8999999999999995
    endloop
  endfacet
  facet normal 0.980785281883344 -0.1950903145750945 0
    outer loop
      vertex 106.48117869347334 38.5128423795104 4.3999999999999995
      vertex 106.48117869347334 38.5128423795104 5.8999999999999995
      vertex 106.42503681778908 38.23059809952974 5.8999999999999995
    endloop
  endfacet
  facet normal 0.9978589228074098 -0.06540313580888876 0
    outer loop
      vertex 106.5 38.79999999701977 4.3999999999999995
      vertex 106.5 38.79999999701977 5.8999999999999995
      vertex 106.48117869347334 38.5128423795104 5.8999999999999995
    endloop
  endfacet
  facet normal 0.9978589229181578 0.06540313411920033 0
    outer loop
      vertex 106.48117869347334 39.08715762197971 4.3999999999999995
      vertex 106.48117869347334 39.08715762197971 5.8999999999999995
      vertex 106.5 38.79999999701977 5.8999999999999995
    endloop
  endfacet
  facet normal 0.8968727455119095 0.44228868214993894 0
    outer loop
      vertex 106.20525588840246 39.899999998509884 4.3999999999999995
      vertex 106.20525588840246 39.899999998509884 5.8999999999999995
      vertex 106.332534968853 39.641903549432755 5.8999999999999995
    endloop
  endfacet
  facet normal 0.9469301251010733 0.3214394782475631 0
    outer loop
      vertex 106.332534968853 39.641903549432755 4.3999999999999995
      vertex 106.332534968853 39.641903549432755 5.8999999999999995
      vertex 106.42503681778908 39.36940190196037 5.8999999999999995
    endloop
  endfacet
  facet normal 0.980785281883344 0.1950903145750945 0
    outer loop
      vertex 106.42503681778908 39.36940190196037 4.3999999999999995
      vertex 106.42503681778908 39.36940190196037 5.8999999999999995
      vertex 106.48117869347334 39.08715762197971 5.8999999999999995
    endloop
  endfacet
  facet normal 0.555570228747 0.8314696151574067 0
    outer loop
      vertex 105.39999999850988 40.70525588840246 4.3999999999999995
      vertex 105.39999999850988 40.70525588840246 5.8999999999999995
      vertex 105.63927514106035 40.54537735134363 5.8999999999999995
    endloop
  endfacet
  facet normal 0.659345809431069 0.7518398124505568 0
    outer loop
      vertex 105.63927514106035 40.54537735134363 4.3999999999999995
      vertex 105.63927514106035 40.54537735134363 5.8999999999999995
      vertex 105.85563492029905 40.35563492029905 5.8999999999999995
    endloop
  endfacet
  facet normal 0.7518398124505568 0.659345809431069 0
    outer loop
      vertex 105.85563492029905 40.35563492029905 4.3999999999999995
      vertex 105.85563492029905 40.35563492029905 5.8999999999999995
      vertex 106.04537735134363 40.13927514106035 5.8999999999999995
    endloop
  endfacet
  facet normal 0 0 1
    outer loop
      vertex 104.86940190196037 36.67496318370104 5.8999999999999995
      vertex 104.01529905038723 37.73748159108202 5.8999999999999995
      vertex 103.8790482243984 37.783732514237585 5.8999999999999995
    endloop
  endfacet
  facet normal 0 0 1
    outer loop
      vertex 104.86940190196037 36.67496318370104 5.8999999999999995
      vertex 104.15642118855794 37.709410652488806 5.8999999999999995
      vertex 104.01529905038723 37.73748159108202 5.8999999999999995
    endloop
  endfacet
  facet normal 0 0 1
    outer loop
      vertex 104.58715762197971 36.61882130801678 5.8999999999999995
      vertex 104.86940190196037 36.67496318370104 5.8999999999999995
      vertex 103.63036242809041 37.92731132567964 5.8999999999999995
    endloop
  endfacet
  facet normal 0 0 1
    outer loop
      vertex 105.14190354943275 36.76746502518654 5.8999999999999995
      vertex 104.3 37.699999999999996 5.8999999999999995
      vertex 104.15642118855794 37.709410652488806 5.8999999999999995
    endloop
  endfacet
  facet normal 0 0 1
    outer loop
      vertex 105.14190354943275 36.76746502518654 5.8999999999999995
      vertex 104.44357881144205 37.709410652488806 5.8999999999999995
      vertex 104.3 37.699999999999996 5.8999999999999995
    endloop
  endfacet
  facet normal 0 0 1
    outer loop
      vertex 104.86940190196037 36.67496318370104 5.8999999999999995
      vertex 105.14190354943275 36.76746502518654 5.8999999999999995
      vertex 104.15642118855794 37.709410652488806 5.8999999999999995
    endloop
  endfacet
  facet normal 0 0 1
    outer loop
      vertex 105.39999999850988 36.894744113087654 5.8999999999999995
      vertex 104.58470094961277 37.73748159108202 5.8999999999999995
      vertex 104.44357881144205 37.709410652488806 5.8999999999999995
    endloop
  endfacet
  facet normal 0 0 1
    outer loop
      vertex 105.14190354943275 36.76746502518654 5.8999999999999995
      vertex 105.39999999850988 36.894744113087654 5.8999999999999995
      vertex 104.44357881144205 37.709410652488806 5.8999999999999995
    endloop
  endfacet
  facet normal 0 0 1
    outer loop
      vertex 105.39999999850988 36.894744113087654 5.8999999999999995
      vertex 104.72095177560159 37.783732514237585 5.8999999999999995
      vertex 104.58470094961277 37.73748159108202 5.8999999999999995
    endloop
  endfacet
  facet normal 0 0 1
    outer loop
      vertex 105.63927514106035 37.054622650146484 5.8999999999999995
      vertex 104.85 37.84737205583711 5.8999999999999995
      vertex 104.72095177560159 37.783732514237585 5.8999999999999995
    endloop
  endfacet
  facet normal 0 0 1
    outer loop
      vertex 105.39999999850988 36.894744113087654 5.8999999999999995
      vertex 105.63927514106035 37.054622650146484 5.8999999999999995
      vertex 104.72095177560159 37.783732514237585 5.8999999999999995
    endloop
  endfacet
  facet normal 0 0 1
    outer loop
      vertex 105.63927514106035 37.054622650146484 5.8999999999999995
      vertex 104.96963757190959 37.92731132567964 5.8999999999999995
      vertex 104.85 37.84737205583711 5.8999999999999995
    endloop
  endfacet
  facet normal 0 0 1
    outer loop
      vertex 105.85563492029905 37.24436508119106 5.8999999999999995
      vertex 105.0778174593052 38.02218254069479 5.8999999999999995
      vertex 104.96963757190959 37.92731132567964 5.8999999999999995
    endloop
  endfacet
  facet normal 0 0 1
    outer loop
      vertex 106.48117869347334 39.08715762197971 5.8999999999999995
      vertex 106.42503681778908 39.36940190196037 5.8999999999999995
      vertex 102.99999999552966 41.4 5.8999999999999995
    endloop
  endfacet
  facet normal 0 0 1
    outer loop
      vertex 105.39999999850988 40.70525588840246 5.8999999999999995
      vertex 104.27128756814865 41.4 5.8999999999999995
      vertex 102.99999999552966 41.4 5.8999999999999995
    endloop
  endfacet
  facet normal 0 0 1
    outer loop
      vertex 106.48117869347334 39.08715762197971 5.8999999999999995
      vertex 102.99999999552966 41.4 5.8999999999999995
      vertex 104.85 39.75262794416288 5.8999999999999995
    endloop
  endfacet
  facet normal 0 0 1
    outer loop
      vertex 105.39999999850988 40.70525588840246 5.8999999999999995
      vertex 102.99999999552966 41.4 5.8999999999999995
      vertex 105.63927514106035 40.54537735134363 5.8999999999999995
    endloop
  endfacet
  facet normal 0 0 1
    outer loop
      vertex 105.63927514106035 40.54537735134363 5.8999999999999995
      vertex 102.99999999552966 41.4 5.8999999999999995
      vertex 105.85563492029905 40.35563492029905 5.8999999999999995
    endloop
  endfacet
  facet normal 0 0 1
    outer loop
      vertex 105.85563492029905 40.35563492029905 5.8999999999999995
      vertex 102.99999999552966 41.4 5.8999999999999995
      vertex 106.04537735134363 40.13927514106035 5.8999999999999995
    endloop
  endfacet
  facet normal 0 0 1
    outer loop
      vertex 106.20525588840246 39.899999998509884 5.8999999999999995
      vertex 106.04537735134363 40.13927514106035 5.8999999999999995
      vertex 102.99999999552966 41.4 5.8999999999999995
    endloop
  endfacet
  facet normal 0 0 1
    outer loop
      vertex 106.20525588840246 39.899999998509884 5.8999999999999995
      vertex 102.99999999552966 41.4 5.8999999999999995
      vertex 106.332534968853 39.641903549432755 5.8999999999999995
    endloop
  endfacet
  facet normal 0 0 1
    outer loop
      vertex 106.332534968853 39.641903549432755 5.8999999999999995
      vertex 102.99999999552966 41.4 5.8999999999999995
      vertex 106.42503681778908 39.36940190196037 5.8999999999999995
    endloop
  endfacet
  facet normal 0 0 1
    outer loop
      vertex 105.63927514106035 37.054622650146484 5.8999999999999995
      vertex 105.85563492029905 37.24436508119106 5.8999999999999995
      vertex 104.96963757190959 37.92731132567964 5.8999999999999995
    endloop
  endfacet
  facet normal 0 0 1
    outer loop
      vertex 106.04537735134363 37.46072485297918 5.8999999999999995
      vertex 105.17268867432036 38.13036242809041 5.8999999999999995
      vertex 105.0778174593052 38.02218254069479 5.8999999999999995
    endloop
  endfacet
  facet normal 0 0 1
    outer loop
      vertex 106.20525588840246 37.70000000298023 5.8999999999999995
      vertex 105.25262794416288 38.25 5.8999999999999995
      vertex 105.17268867432036 38.13036242809041 5.8999999999999995
    endloop
  endfacet
  facet normal 0 0 1
    outer loop
      vertex 106.332534968853 37.95809645205736 5.8999999999999995
      vertex 105.31626748576241 38.379048224398396 5.8999999999999995
      vertex 105.25262794416288 38.25 5.8999999999999995
    endloop
  endfacet
  facet normal 0 0 1
    outer loop
      vertex 105.85563492029905 37.24436508119106 5.8999999999999995
      vertex 106.04537735134363 37.46072485297918 5.8999999999999995
      vertex 105.0778174593052 38.02218254069479 5.8999999999999995
    endloop
  endfacet
  facet normal 0 0 1
    outer loop
      vertex 106.332534968853 37.95809645205736 5.8999999999999995
      vertex 105.36251840891798 38.51529905038723 5.8999999999999995
      vertex 105.31626748576241 38.379048224398396 5.8999999999999995
    endloop
  endfacet
  facet normal 0 0 1
    outer loop
      vertex 106.04537735134363 37.46072485297918 5.8999999999999995
      vertex 106.20525588840246 37.70000000298023 5.8999999999999995
      vertex 105.17268867432036 38.13036242809041 5.8999999999999995
    endloop
  endfacet
  facet normal 0 0 1
    outer loop
      vertex 106.48117869347334 39.08715762197971 5.8999999999999995
      vertex 104.85 39.75262794416288 5.8999999999999995
      vertex 104.96963757190959 39.672688674320355 5.8999999999999995
    endloop
  endfacet
  facet normal 0 0 1
    outer loop
      vertex 106.48117869347334 39.08715762197971 5.8999999999999995
      vertex 104.96963757190959 39.672688674320355 5.8999999999999995
      vertex 105.0778174593052 39.5778174593052 5.8999999999999995
    endloop
  endfacet
  facet normal 0 0 1
    outer loop
      vertex 106.48117869347334 39.08715762197971 5.8999999999999995
      vertex 105.0778174593052 39.5778174593052 5.8999999999999995
      vertex 105.17268867432036 39.46963757190959 5.8999999999999995
    endloop
  endfacet
  facet normal 0 0 1
    outer loop
      vertex 106.5 38.79999999701977 5.8999999999999995
      vertex 105.17268867432036 39.46963757190959 5.8999999999999995
      vertex 105.25262794416288 39.349999999999994 5.8999999999999995
    endloop
  endfacet
  facet normal 0 0 1
    outer loop
      vertex 106.42503681778908 38.23059809952974 5.8999999999999995
      vertex 105.3905893475112 38.65642118855794 5.8999999999999995
      vertex 105.36251840891798 38.51529905038723 5.8999999999999995
    endloop
  endfacet
  facet normal 0 0 1
    outer loop
      vertex 106.42503681778908 38.23059809952974 5.8999999999999995
      vertex 105.39999999999999 38.8 5.8999999999999995
      vertex 105.3905893475112 38.65642118855794 5.8999999999999995
    endloop
  endfacet
  facet normal 0 0 1
    outer loop
      vertex 106.48117869347334 38.5128423795104 5.8999999999999995
      vertex 105.3905893475112 38.94357881144205 5.8999999999999995
      vertex 105.39999999999999 38.8 5.8999999999999995
    endloop
  endfacet
  facet normal 0 0 1
    outer loop
      vertex 106.5 38.79999999701977 5.8999999999999995
      vertex 105.25262794416288 39.349999999999994 5.8999999999999995
      vertex 105.31626748576241 39.2209517756016 5.8999999999999995
    endloop
  endfacet
  facet normal 0 0 1
    outer loop
      vertex 106.48117869347334 38.5128423795104 5.8999999999999995
      vertex 105.36251840891798 39.08470094961277 5.8999999999999995
      vertex 105.3905893475112 38.94357881144205 5.8999999999999995
    endloop
  endfacet
  facet normal 0 0 1
    outer loop
      vertex 106.5 38.79999999701977 5.8999999999999995
      vertex 105.31626748576241 39.2209517756016 5.8999999999999995
      vertex 105.36251840891798 39.08470094961277 5.8999999999999995
    endloop
  endfacet
  facet normal 0 0 1
    outer loop
      vertex 106.20525588840246 37.70000000298023 5.8999999999999995
      vertex 106.332534968853 37.95809645205736 5.8999999999999995
      vertex 105.25262794416288 38.25 5.8999999999999995
    endloop
  endfacet
  facet normal 0 0 1
    outer loop
      vertex 106.332534968853 37.95809645205736 5.8999999999999995
      vertex 106.42503681778908 38.23059809952974 5.8999999999999995
      vertex 105.36251840891798 38.51529905038723 5.8999999999999995
    endloop
  endfacet
  facet normal 0 0 1
    outer loop
      vertex 106.5 38.79999999701977 5.8999999999999995
      vertex 106.48117869347334 39.08715762197971 5.8999999999999995
      vertex 105.17268867432036 39.46963757190959 5.8999999999999995
    endloop
  endfacet
  facet normal 0 0 1
    outer loop
      vertex 106.42503681778908 38.23059809952974 5.8999999999999995
      vertex 106.48117869347334 38.5128423795104 5.8999999999999995
      vertex 105.39999999999999 38.8 5.8999999999999995
    endloop
  endfacet
  facet normal 0 0 1
    outer loop
      vertex 106.48117869347334 38.5128423795104 5.8999999999999995
      vertex 106.5 38.79999999701977 5.8999999999999995
      vertex 105.36251840891798 39.08470094961277 5.8999999999999995
    endloop
  endfacet
  facet normal 0 0 -1
    outer loop
      vertex 100.64999999999999 60.599999999999994 4.3999999999999995
      vertex 102.82207681674771 60.72207681674772 4.3999999999999995
      vertex 102.96127874735727 60.599999999999994 4.3999999999999995
    endloop
  endfacet
  facet normal 0 0 -1
    outer loop
      vertex 100.42450556904078 61.68720265477896 4.3999999999999995
      vertex 102.64181296895565 60.927628339962965 4.3999999999999995
      vertex 102.82207681674771 60.72207681674772 4.3999999999999995
    endloop
  endfacet
  facet normal 0 0 -1
    outer loop
      vertex 100.42450556904078 61.68720265477896 4.3999999999999995
      vertex 102.74436508119106 63.75563491880894 4.3999999999999995
      vertex 102.64181296895565 63.47237166003704 4.3999999999999995
    endloop
  endfacet
  facet normal 0 0 -1
    outer loop
      vertex 102.74436508119106 63.75563491880894 4.3999999999999995
      vertex 102.82207681674771 63.67792318325228 4.3999999999999995
      vertex 102.64181296895565 63.47237166003704 4.3999999999999995
    endloop
  endfacet
  facet normal 0 0 -1
    outer loop
      vertex 102.74436508119106 63.75563491880894 4.3999999999999995
      vertex 102.96072485297918 63.945377349853516 4.3999999999999995
      vertex 102.82207681674771 63.67792318325228 4.3999999999999995
    endloop
  endfacet
  facet normal 0 0 -1
    outer loop
      vertex 102.96072485297918 63.945377349853516 4.3999999999999995
      vertex 103.02762833996296 63.85818703104435 4.3999999999999995
      vertex 102.82207681674771 63.67792318325228 4.3999999999999995
    endloop
  endfacet
  facet normal 0 0 -1
    outer loop
      vertex 102.96072485297918 63.945377349853516 4.3999999999999995
      vertex 103.20000000298023 64.10525588691235 4.3999999999999995
      vertex 103.02762833996296 63.85818703104435 4.3999999999999995
    endloop
  endfacet
  facet normal 0 0 -1
    outer loop
      vertex 103.20000000298023 64.10525588691235 4.3999999999999995
      vertex 103.2549504950495 64.01007883899896 4.3999999999999995
      vertex 103.02762833996296 63.85818703104435 4.3999999999999995
    endloop
  endfacet
  facet normal 0 0 -1
    outer loop
      vertex 103.20000000298023 64.10525588691235 4.3999999999999995
      vertex 103.45809645205736 64.23253497481346 4.3999999999999995
      vertex 103.2549504950495 64.01007883899896 4.3999999999999995
    endloop
  endfacet
  facet normal 0 0 -1
    outer loop
      vertex 103.45809645205736 64.23253497481346 4.3999999999999995
      vertex 103.5001537369082 64.13099969616964 4.3999999999999995
      vertex 103.2549504950495 64.01007883899896 4.3999999999999995
    endloop
  endfacet
  facet normal 0 0 -1
    outer loop
      vertex 103.45809645205736 64.23253497481346 4.3999999999999995
      vertex 103.73059809952974 64.32503681629896 4.3999999999999995
      vertex 103.5001537369082 64.13099969616964 4.3999999999999995
    endloop
  endfacet
  facet normal 0 0 -1
    outer loop
      vertex 103.73059809952974 64.32503681629896 4.3999999999999995
      vertex 103.7590425700877 64.21888061316459 4.3999999999999995
      vertex 103.5001537369082 64.13099969616964 4.3999999999999995
    endloop
  endfacet
  facet normal 0 0 -1
    outer loop
      vertex 103.73059809952974 64.32503681629896 4.3999999999999995
      vertex 104.0128423795104 64.38117869198322 4.3999999999999995
      vertex 103.7590425700877 64.21888061316459 4.3999999999999995
    endloop
  endfacet
  facet normal 0 0 -1
    outer loop
      vertex 104.0128423795104 64.38117869198322 4.3999999999999995
      vertex 104.02718733487471 64.27221792312884 4.3999999999999995
      vertex 103.7590425700877 64.21888061316459 4.3999999999999995
    endloop
  endfacet
  facet normal 0 0 -1
    outer loop
      vertex 104.0128423795104 64.38117869198322 4.3999999999999995
      vertex 104.29999999701977 64.39999999850988 4.3999999999999995
      vertex 104.02718733487471 64.27221792312884 4.3999999999999995
    endloop
  endfacet
  facet normal 0 0 -1
    outer loop
      vertex 104.29999999701977 64.39999999850988 4.3999999999999995
      vertex 104.3 64.29009900990098 4.3999999999999995
      vertex 104.02718733487471 64.27221792312884 4.3999999999999995
    endloop
  endfacet
  facet normal -0.6655016543114315 0.7463963746621146 0
    outer loop
      vertex 100.42450556904078 61.68720265477896 4.3999999999999995
      vertex 102.74436508119106 63.75563491880894 5.8999999999999995
      vertex 102.74436508119106 63.75563491880894 4.3999999999999995
    endloop
  endfacet
  facet normal -0.6593458222655256 0.7518398011950406 0
    outer loop
      vertex 102.74436508119106 63.75563491880894 4.3999999999999995
      vertex 102.96072485297918 63.945377349853516 5.8999999999999995
      vertex 102.96072485297918 63.945377349853516 4.3999999999999995
    endloop
  endfacet
  facet normal -0.5555702167871907 0.8314696231486958 0
    outer loop
      vertex 102.96072485297918 63.945377349853516 4.3999999999999995
      vertex 103.20000000298023 64.10525588691235 5.8999999999999995
      vertex 103.20000000298023 64.10525588691235 4.3999999999999995
    endloop
  endfacet
  facet normal -0.4422887029756846 0.8968727352417882 0
    outer loop
      vertex 103.20000000298023 64.10525588691235 4.3999999999999995
      vertex 103.45809645205736 64.23253497481346 5.8999999999999995
      vertex 103.45809645205736 64.23253497481346 4.3999999999999995
    endloop
  endfacet
  facet normal -0.3214394550322369 0.9469301329816148 0
    outer loop
      vertex 103.45809645205736 64.23253497481346 4.3999999999999995
      vertex 103.73059809952974 64.32503681629896 5.8999999999999995
      vertex 103.73059809952974 64.32503681629896 4.3999999999999995
    endloop
  endfacet
  facet normal -0.1950903145750945 0.980785281883344 0
    outer loop
      vertex 103.73059809952974 64.32503681629896 4.3999999999999995
      vertex 104.0128423795104 64.38117869198322 5.8999999999999995
      vertex 104.0128423795104 64.38117869198322 4.3999999999999995
    endloop
  endfacet
  facet normal -0.06540313580888876 0.9978589228074098 0
    outer loop
      vertex 104.0128423795104 64.38117869198322 4.3999999999999995
      vertex 104.29999999701977 64.39999999850988 5.8999999999999995
      vertex 104.29999999701977 64.39999999850988 4.3999999999999995
    endloop
  endfacet
  facet normal 0 0 -1
    outer loop
      vertex 104.57281266512528 60.12778207687117 4.3999999999999995
      vertex 104.55 59.969043175464186 4.3999999999999995
      vertex 104.55 60.126286855802825 4.3999999999999995
    endloop
  endfacet
  facet normal 0 0 -1
    outer loop
      vertex 104.57281266512528 60.12778207687117 4.3999999999999995
      vertex 104.8409574299123 60.18111938683542 4.3999999999999995
      vertex 104.55 59.969043175464186 4.3999999999999995
    endloop
  endfacet
  facet normal 0 0 -1
    outer loop
      vertex 104.86940190196037 60.07496318221092 4.3999999999999995
      vertex 104.55 59.969043175464186 4.3999999999999995
      vertex 104.8409574299123 60.18111938683542 4.3999999999999995
    endloop
  endfacet
  facet normal 0 0 -1
    outer loop
      vertex 104.86940190196037 60.07496318221092 4.3999999999999995
      vertex 104.8409574299123 60.18111938683542 4.3999999999999995
      vertex 105.09984626309179 60.26900030383037 4.3999999999999995
    endloop
  endfacet
  facet normal 0 0 -1
    outer loop
      vertex 104.86940190196037 60.07496318221092 4.3999999999999995
      vertex 105.09984626309179 60.26900030383037 4.3999999999999995
      vertex 105.14190354943275 60.167465031147 4.3999999999999995
    endloop
  endfacet
  facet normal 0 0 -1
    outer loop
      vertex 105.14190354943275 60.167465031147 4.3999999999999995
      vertex 105.09984626309179 60.26900030383037 4.3999999999999995
      vertex 105.3450495049505 60.38992116100105 4.3999999999999995
    endloop
  endfacet
  facet normal 0 0 -1
    outer loop
      vertex 105.14190354943275 60.167465031147 4.3999999999999995
      vertex 105.3450495049505 60.38992116100105 4.3999999999999995
      vertex 105.39999999850988 60.29474411159754 4.3999999999999995
    endloop
  endfacet
  facet normal 0 0 -1
    outer loop
      vertex 104.29999999701977 64.39999999850988 4.3999999999999995
      vertex 104.57281266512528 64.27221792312884 4.3999999999999995
      vertex 104.3 64.29009900990098 4.3999999999999995
    endloop
  endfacet
  facet normal 0 0 -1
    outer loop
      vertex 104.29999999701977 64.39999999850988 4.3999999999999995
      vertex 104.58715762197971 64.38117869198322 4.3999999999999995
      vertex 104.57281266512528 64.27221792312884 4.3999999999999995
    endloop
  endfacet
  facet normal 0 0 -1
    outer loop
      vertex 104.58715762197971 64.38117869198322 4.3999999999999995
      vertex 104.8409574299123 64.21888061316459 4.3999999999999995
      vertex 104.57281266512528 64.27221792312884 4.3999999999999995
    endloop
  endfacet
  facet normal 0 0 -1
    outer loop
      vertex 104.58715762197971 64.38117869198322 4.3999999999999995
      vertex 105.09984626309179 64.13099969616964 4.3999999999999995
      vertex 104.8409574299123 64.21888061316459 4.3999999999999995
    endloop
  endfacet
  facet normal 0 0 -1
    outer loop
      vertex 104.58715762197971 64.38117869198322 4.3999999999999995
      vertex 104.86940190196037 64.32503681629896 4.3999999999999995
      vertex 105.63927514106035 63.945377349853516 4.3999999999999995
    endloop
  endfacet
  facet normal 0 0 -1
    outer loop
      vertex 104.58715762197971 64.38117869198322 4.3999999999999995
      vertex 105.63927514106035 63.945377349853516 4.3999999999999995
      vertex 105.09984626309179 64.13099969616964 4.3999999999999995
    endloop
  endfacet
  facet normal 0 0 -1
    outer loop
      vertex 104.86940190196037 64.32503681629896 4.3999999999999995
      vertex 105.14190354943275 64.23253497481346 4.3999999999999995
      vertex 105.39999999850988 64.10525588691235 4.3999999999999995
    endloop
  endfacet
  facet normal 0 0 -1
    outer loop
      vertex 104.86940190196037 64.32503681629896 4.3999999999999995
      vertex 105.39999999850988 64.10525588691235 4.3999999999999995
      vertex 105.63927514106035 63.945377349853516 4.3999999999999995
    endloop
  endfacet
  facet normal 0 0 -1
    outer loop
      vertex 105.39999999850988 60.29474411159754 4.3999999999999995
      vertex 105.3450495049505 60.38992116100105 4.3999999999999995
      vertex 105.57237166003704 60.541812968955654 4.3999999999999995
    endloop
  endfacet
  facet normal 0 0 -1
    outer loop
      vertex 105.39999999850988 60.29474411159754 4.3999999999999995
      vertex 105.57237166003704 60.541812968955654 4.3999999999999995
      vertex 105.63927514106035 60.45462264865637 4.3999999999999995
    endloop
  endfacet
  facet normal 0 0 -1
    outer loop
      vertex 105.63927514106035 60.45462264865637 4.3999999999999995
      vertex 105.57237166003704 60.541812968955654 4.3999999999999995
      vertex 105.77792318325228 60.72207681674772 4.3999999999999995
    endloop
  endfacet
  facet normal 0 0 -1
    outer loop
      vertex 105.63927514106035 60.45462264865637 4.3999999999999995
      vertex 105.77792318325228 60.72207681674772 4.3999999999999995
      vertex 105.85563492029905 60.64436507970095 4.3999999999999995
    endloop
  endfacet
  facet normal 0 0 -1
    outer loop
      vertex 105.85563492029905 60.64436507970095 4.3999999999999995
      vertex 105.77792318325228 60.72207681674772 4.3999999999999995
      vertex 105.95818703104435 60.927628339962965 4.3999999999999995
    endloop
  endfacet
  facet normal 0 0 -1
    outer loop
      vertex 105.85563492029905 60.64436507970095 4.3999999999999995
      vertex 105.95818703104435 60.927628339962965 4.3999999999999995
      vertex 106.04537735134363 60.86072485893965 4.3999999999999995
    endloop
  endfacet
  facet normal 0 0 -1
    outer loop
      vertex 105.63927514106035 63.945377349853516 4.3999999999999995
      vertex 105.3450495049505 64.01007883899896 4.3999999999999995
      vertex 105.09984626309179 64.13099969616964 4.3999999999999995
    endloop
  endfacet
  facet normal 0 0 -1
    outer loop
      vertex 105.85563492029905 63.75563491880894 4.3999999999999995
      vertex 105.57237166003704 63.85818703104435 4.3999999999999995
      vertex 105.3450495049505 64.01007883899896 4.3999999999999995
    endloop
  endfacet
  facet normal 0 0 -1
    outer loop
      vertex 105.63927514106035 63.945377349853516 4.3999999999999995
      vertex 105.85563492029905 63.75563491880894 4.3999999999999995
      vertex 105.3450495049505 64.01007883899896 4.3999999999999995
    endloop
  endfacet
  facet normal 0 0 -1
    outer loop
      vertex 105.85563492029905 63.75563491880894 4.3999999999999995
      vertex 105.77792318325228 63.67792318325228 4.3999999999999995
      vertex 105.57237166003704 63.85818703104435 4.3999999999999995
    endloop
  endfacet
  facet normal 0 0 -1
    outer loop
      vertex 106.04537735134363 63.53927514702082 4.3999999999999995
      vertex 105.95818703104435 63.47237166003704 4.3999999999999995
      vertex 105.77792318325228 63.67792318325228 4.3999999999999995
    endloop
  endfacet
  facet normal 0 0 -1
    outer loop
      vertex 105.85563492029905 63.75563491880894 4.3999999999999995
      vertex 106.04537735134363 63.53927514702082 4.3999999999999995
      vertex 105.77792318325228 63.67792318325228 4.3999999999999995
    endloop
  endfacet
  facet normal 0 0 -1
    outer loop
      vertex 106.04537735134363 60.86072485893965 4.3999999999999995
      vertex 105.95818703104435 60.927628339962965 4.3999999999999995
      vertex 106.11007883899896 61.15495049504951 4.3999999999999995
    endloop
  endfacet
  facet normal 0 0 -1
    outer loop
      vertex 106.04537735134363 60.86072485893965 4.3999999999999995
      vertex 106.11007883899896 61.15495049504951 4.3999999999999995
      vertex 106.20525588840246 61.100000001490116 4.3999999999999995
    endloop
  endfacet
  facet normal 0 0 -1
    outer loop
      vertex 106.20525588840246 61.100000001490116 4.3999999999999995
      vertex 106.11007883899896 61.15495049504951 4.3999999999999995
      vertex 106.23099969616963 61.400153736908216 4.3999999999999995
    endloop
  endfacet
  facet normal 0 0 -1
    outer loop
      vertex 106.20525588840246 61.100000001490116 4.3999999999999995
      vertex 106.23099969616963 61.400153736908216 4.3999999999999995
      vertex 106.332534968853 61.358096450567245 4.3999999999999995
    endloop
  endfacet
  facet normal 0 0 -1
    outer loop
      vertex 106.332534968853 61.358096450567245 4.3999999999999995
      vertex 106.23099969616963 61.400153736908216 4.3999999999999995
      vertex 106.31888061316458 61.6590425700877 4.3999999999999995
    endloop
  endfacet
  facet normal 0 0 -1
    outer loop
      vertex 106.332534968853 61.358096450567245 4.3999999999999995
      vertex 106.31888061316458 61.6590425700877 4.3999999999999995
      vertex 106.42503681778908 61.63059809803963 4.3999999999999995
    endloop
  endfacet
  facet normal 0 0 -1
    outer loop
      vertex 106.42503681778908 61.63059809803963 4.3999999999999995
      vertex 106.31888061316458 61.6590425700877 4.3999999999999995
      vertex 106.37221792312883 61.92718733487473 4.3999999999999995
    endloop
  endfacet
  facet normal 0 0 -1
    outer loop
      vertex 106.42503681778908 61.63059809803963 4.3999999999999995
      vertex 106.37221792312883 61.92718733487473 4.3999999999999995
      vertex 106.48117869347334 61.91284237802029 4.3999999999999995
    endloop
  endfacet
  facet normal 0 0 -1
    outer loop
      vertex 106.48117869347334 61.91284237802029 4.3999999999999995
      vertex 106.37221792312883 61.92718733487473 4.3999999999999995
      vertex 106.39009900990098 62.2 4.3999999999999995
    endloop
  endfacet
  facet normal 0 0 -1
    outer loop
      vertex 106.48117869347334 61.91284237802029 4.3999999999999995
      vertex 106.39009900990098 62.2 4.3999999999999995
      vertex 106.5 62.20000000298023 4.3999999999999995
    endloop
  endfacet
  facet normal 0 0 -1
    outer loop
      vertex 106.5 62.20000000298023 4.3999999999999995
      vertex 106.39009900990098 62.2 4.3999999999999995
      vertex 106.37221792312883 62.472812665125275 4.3999999999999995
    endloop
  endfacet
  facet normal 0 0 -1
    outer loop
      vertex 106.48117869347334 62.4871576204896 4.3999999999999995
      vertex 106.37221792312883 62.472812665125275 4.3999999999999995
      vertex 106.31888061316458 62.74095742991231 4.3999999999999995
    endloop
  endfacet
  facet normal 0 0 -1
    outer loop
      vertex 106.5 62.20000000298023 4.3999999999999995
      vertex 106.37221792312883 62.472812665125275 4.3999999999999995
      vertex 106.48117869347334 62.4871576204896 4.3999999999999995
    endloop
  endfacet
  facet normal 0 0 -1
    outer loop
      vertex 106.20525588840246 63.29999999701977 4.3999999999999995
      vertex 105.95818703104435 63.47237166003704 4.3999999999999995
      vertex 106.04537735134363 63.53927514702082 4.3999999999999995
    endloop
  endfacet
  facet normal 0 0 -1
    outer loop
      vertex 106.20525588840246 63.29999999701977 4.3999999999999995
      vertex 106.11007883899896 63.245049504950494 4.3999999999999995
      vertex 105.95818703104435 63.47237166003704 4.3999999999999995
    endloop
  endfacet
  facet normal 0 0 -1
    outer loop
      vertex 106.332534968853 63.04190354794264 4.3999999999999995
      vertex 106.23099969616963 62.99984626309179 4.3999999999999995
      vertex 106.11007883899896 63.245049504950494 4.3999999999999995
    endloop
  endfacet
  facet normal 0 0 -1
    outer loop
      vertex 106.42503681778908 62.76940190047026 4.3999999999999995
      vertex 106.31888061316458 62.74095742991231 4.3999999999999995
      vertex 106.23099969616963 62.99984626309179 4.3999999999999995
    endloop
  endfacet
  facet normal 0 0 -1
    outer loop
      vertex 106.332534968853 63.04190354794264 4.3999999999999995
      vertex 106.42503681778908 62.76940190047026 4.3999999999999995
      vertex 106.23099969616963 62.99984626309179 4.3999999999999995
    endloop
  endfacet
  facet normal 0 0 -1
    outer loop
      vertex 106.20525588840246 63.29999999701977 4.3999999999999995
      vertex 106.332534968853 63.04190354794264 4.3999999999999995
      vertex 106.11007883899896 63.245049504950494 4.3999999999999995
    endloop
  endfacet
  facet normal 0 0 -1
    outer loop
      vertex 106.48117869347334 62.4871576204896 4.3999999999999995
      vertex 106.31888061316458 62.74095742991231 4.3999999999999995
      vertex 106.42503681778908 62.76940190047026 4.3999999999999995
    endloop
  endfacet
  facet normal 0.3147636302988895 -0.9491700885726774 0
    outer loop
      vertex 104.86940190196037 60.07496318221092 4.3999999999999995
      vertex 104.86940190196037 60.07496318221092 5.8999999999999995
      vertex 104.55 59.969043175464186 4.3999999999999995
    endloop
  endfacet
  facet normal 0.3214394782475631 -0.9469301251010733 0
    outer loop
      vertex 104.86940190196037 60.07496318221092 4.3999999999999995
      vertex 105.14190354943275 60.167465031147 4.3999999999999995
      vertex 104.86940190196037 60.07496318221092 5.8999999999999995
    endloop
  endfacet
  facet normal 0.44228868214993894 -0.8968727455119095 0
    outer loop
      vertex 105.14190354943275 60.167465031147 4.3999999999999995
      vertex 105.39999999850988 60.29474411159754 4.3999999999999995
      vertex 105.14190354943275 60.167465031147 5.8999999999999995
    endloop
  endfacet
  facet normal 0.06540313411920033 0.9978589229181578 0
    outer loop
      vertex 104.29999999701977 64.39999999850988 4.3999999999999995
      vertex 104.58715762197971 64.38117869198322 5.8999999999999995
      vertex 104.58715762197971 64.38117869198322 4.3999999999999995
    endloop
  endfacet
  facet normal 0.1950903145750945 0.980785281883344 0
    outer loop
      vertex 104.58715762197971 64.38117869198322 4.3999999999999995
      vertex 104.86940190196037 64.32503681629896 5.8999999999999995
      vertex 104.86940190196037 64.32503681629896 4.3999999999999995
    endloop
  endfacet
  facet normal 0.3214394550322369 0.9469301329816148 0
    outer loop
      vertex 104.86940190196037 64.32503681629896 4.3999999999999995
      vertex 105.14190354943275 64.23253497481346 5.8999999999999995
      vertex 105.14190354943275 64.23253497481346 4.3999999999999995
    endloop
  endfacet
  facet normal 0.4422887029756846 0.8968727352417882 0
    outer loop
      vertex 105.14190354943275 64.23253497481346 4.3999999999999995
      vertex 105.39999999850988 64.10525588691235 5.8999999999999995
      vertex 105.39999999850988 64.10525588691235 4.3999999999999995
    endloop
  endfacet
  facet normal 0.555570228747 -0.8314696151574067 0
    outer loop
      vertex 105.39999999850988 60.29474411159754 4.3999999999999995
      vertex 105.63927514106035 60.45462264865637 4.3999999999999995
      vertex 105.39999999850988 60.29474411159754 5.8999999999999995
    endloop
  endfacet
  facet normal 0.659345809431069 -0.7518398124505568 0
    outer loop
      vertex 105.63927514106035 60.45462264865637 4.3999999999999995
      vertex 105.85563492029905 60.64436507970095 4.3999999999999995
      vertex 105.63927514106035 60.45462264865637 5.8999999999999995
    endloop
  endfacet
  facet normal 0.7518398124505568 -0.659345809431069 0
    outer loop
      vertex 105.85563492029905 60.64436507970095 4.3999999999999995
      vertex 106.04537735134363 60.86072485893965 4.3999999999999995
      vertex 105.85563492029905 60.64436507970095 5.8999999999999995
    endloop
  endfacet
  facet normal 0.555570228747 0.8314696151574067 0
    outer loop
      vertex 105.39999999850988 64.10525588691235 4.3999999999999995
      vertex 105.63927514106035 63.945377349853516 5.8999999999999995
      vertex 105.63927514106035 63.945377349853516 4.3999999999999995
    endloop
  endfacet
  facet normal 0.659345809431069 0.7518398124505568 0
    outer loop
      vertex 105.63927514106035 63.945377349853516 4.3999999999999995
      vertex 105.85563492029905 63.75563491880894 5.8999999999999995
      vertex 105.85563492029905 63.75563491880894 4.3999999999999995
    endloop
  endfacet
  facet normal 0.8314696151574067 -0.555570228747 0
    outer loop
      vertex 106.04537735134363 60.86072485893965 4.3999999999999995
      vertex 106.20525588840246 61.100000001490116 4.3999999999999995
      vertex 106.04537735134363 60.86072485893965 5.8999999999999995
    endloop
  endfacet
  facet normal 0.8968727455119095 -0.44228868214993894 0
    outer loop
      vertex 106.20525588840246 61.100000001490116 4.3999999999999995
      vertex 106.332534968853 61.358096450567245 4.3999999999999995
      vertex 106.20525588840246 61.100000001490116 5.8999999999999995
    endloop
  endfacet
  facet normal 0.9469301251010733 -0.3214394782475631 0
    outer loop
      vertex 106.332534968853 61.358096450567245 4.3999999999999995
      vertex 106.42503681778908 61.63059809803963 4.3999999999999995
      vertex 106.332534968853 61.358096450567245 5.8999999999999995
    endloop
  endfacet
  facet normal 0.980785281883344 -0.1950903145750945 0
    outer loop
      vertex 106.42503681778908 61.63059809803963 4.3999999999999995
      vertex 106.48117869347334 61.91284237802029 4.3999999999999995
      vertex 106.42503681778908 61.63059809803963 5.8999999999999995
    endloop
  endfacet
  facet normal 0.9978589229181578 -0.06540313411920033 0
    outer loop
      vertex 106.48117869347334 61.91284237802029 4.3999999999999995
      vertex 106.5 62.20000000298023 4.3999999999999995
      vertex 106.48117869347334 61.91284237802029 5.8999999999999995
    endloop
  endfacet
  facet normal 0.9978589228074098 0.06540313580888876 0
    outer loop
      vertex 106.5 62.20000000298023 4.3999999999999995
      vertex 106.48117869347334 62.4871576204896 4.3999999999999995
      vertex 106.5 62.20000000298023 5.8999999999999995
    endloop
  endfacet
  facet normal 0.980785281883344 0.1950903145750945 0
    outer loop
      vertex 106.48117869347334 62.4871576204896 4.3999999999999995
      vertex 106.42503681778908 62.76940190047026 4.3999999999999995
      vertex 106.48117869347334 62.4871576204896 5.8999999999999995
    endloop
  endfacet
  facet normal 0.8314696231486958 0.5555702167871907 0
    outer loop
      vertex 106.20525588840246 63.29999999701977 4.3999999999999995
      vertex 106.04537735134363 63.53927514702082 4.3999999999999995
      vertex 106.20525588840246 63.29999999701977 5.8999999999999995
    endloop
  endfacet
  facet normal 0.7518398011950406 0.6593458222655256 0
    outer loop
      vertex 105.85563492029905 63.75563491880894 4.3999999999999995
      vertex 106.04537735134363 63.53927514702082 5.8999999999999995
      vertex 106.04537735134363 63.53927514702082 4.3999999999999995
    endloop
  endfacet
  facet normal 0.8968727455119095 0.44228868214993894 0
    outer loop
      vertex 106.20525588840246 63.29999999701977 4.3999999999999995
      vertex 106.332534968853 63.04190354794264 5.8999999999999995
      vertex 106.332534968853 63.04190354794264 4.3999999999999995
    endloop
  endfacet
  facet normal 0.9469301251010733 0.3214394782475631 0
    outer loop
      vertex 106.332534968853 63.04190354794264 4.3999999999999995
      vertex 106.42503681778908 62.76940190047026 5.8999999999999995
      vertex 106.42503681778908 62.76940190047026 4.3999999999999995
    endloop
  endfacet
  facet normal -0.6593458222655256 0.7518398011950406 0
    outer loop
      vertex 102.74436508119106 63.75563491880894 4.3999999999999995
      vertex 102.74436508119106 63.75563491880894 5.8999999999999995
      vertex 102.96072485297918 63.945377349853516 5.8999999999999995
    endloop
  endfacet
  facet normal -0.5555702167871907 0.8314696231486958 0
    outer loop
      vertex 102.96072485297918 63.945377349853516 4.3999999999999995
      vertex 102.96072485297918 63.945377349853516 5.8999999999999995
      vertex 103.20000000298023 64.10525588691235 5.8999999999999995
    endloop
  endfacet
  facet normal -0.4422887029756846 0.8968727352417882 0
    outer loop
      vertex 103.20000000298023 64.10525588691235 4.3999999999999995
      vertex 103.20000000298023 64.10525588691235 5.8999999999999995
      vertex 103.45809645205736 64.23253497481346 5.8999999999999995
    endloop
  endfacet
  facet normal -0.3214394550322369 0.9469301329816148 0
    outer loop
      vertex 103.45809645205736 64.23253497481346 4.3999999999999995
      vertex 103.45809645205736 64.23253497481346 5.8999999999999995
      vertex 103.73059809952974 64.32503681629896 5.8999999999999995
    endloop
  endfacet
  facet normal -0.1950903145750945 0.980785281883344 0
    outer loop
      vertex 103.73059809952974 64.32503681629896 4.3999999999999995
      vertex 103.73059809952974 64.32503681629896 5.8999999999999995
      vertex 104.0128423795104 64.38117869198322 5.8999999999999995
    endloop
  endfacet
  facet normal -0.06540313580888876 0.9978589228074098 0
    outer loop
      vertex 104.0128423795104 64.38117869198322 4.3999999999999995
      vertex 104.0128423795104 64.38117869198322 5.8999999999999995
      vertex 104.29999999701977 64.39999999850988 5.8999999999999995
    endloop
  endfacet
  facet normal 0 0 1
    outer loop
      vertex 102.74436508119106 63.75563491880894 5.8999999999999995
      vertex 100.8874802888586 62.1 5.8999999999999995
      vertex 102.59999999701978 62.1 5.8999999999999995
    endloop
  endfacet
  facet normal 0 0 1
    outer loop
      vertex 102.74436508119106 63.75563491880894 5.8999999999999995
      vertex 102.59999999701978 62.1 5.8999999999999995
      vertex 102.65221047699453 62.096577948331834 5.8999999999999995
    endloop
  endfacet
  facet normal 0 0 1
    outer loop
      vertex 102.74436508119106 63.75563491880894 5.8999999999999995
      vertex 102.65221047699453 62.096577948331834 5.8999999999999995
      vertex 102.70352761745454 62.08637033253908 5.8999999999999995
    endloop
  endfacet
  facet normal 0 0 1
    outer loop
      vertex 102.74436508119106 63.75563491880894 5.8999999999999995
      vertex 102.70352761745454 62.08637033253908 5.8999999999999995
      vertex 102.75307336747647 62.06955181658268 5.8999999999999995
    endloop
  endfacet
  facet normal 0 0 1
    outer loop
      vertex 102.74436508119106 63.75563491880894 5.8999999999999995
      vertex 102.75307336747647 62.06955181658268 5.8999999999999995
      vertex 102.80000000000001 62.046410164237024 5.8999999999999995
    endloop
  endfacet
  facet normal 0 0 1
    outer loop
      vertex 102.74436508119106 63.75563491880894 5.8999999999999995
      vertex 102.80000000000001 62.046410164237024 5.8999999999999995
      vertex 102.84350456595422 62.017341336607934 5.8999999999999995
    endloop
  endfacet
  facet normal 0 0 1
    outer loop
      vertex 102.74436508119106 63.75563491880894 5.8999999999999995
      vertex 102.84350456595422 62.017341336607934 5.8999999999999995
      vertex 102.88284270763398 61.98284271210432 5.8999999999999995
    endloop
  endfacet
  facet normal 0 0 1
    outer loop
      vertex 103.2094106524888 62.05642118855795 5.8999999999999995
      vertex 102.9173413321376 61.94350457042456 5.8999999999999995
      vertex 102.94641015976669 61.90000000447035 5.8999999999999995
    endloop
  endfacet
  facet normal 0 0 1
    outer loop
      vertex 103.23748159108202 61.91529905038723 5.8999999999999995
      vertex 102.96955181211234 61.85307337194681 5.8999999999999995
      vertex 102.98637032806874 61.80352762192488 5.8999999999999995
    endloop
  endfacet
  facet normal 0 0 1
    outer loop
      vertex 103.2094106524888 62.05642118855795 5.8999999999999995
      vertex 102.94641015976669 61.90000000447035 5.8999999999999995
      vertex 102.96955181211234 61.85307337194681 5.8999999999999995
    endloop
  endfacet
  facet normal 0 0 1
    outer loop
      vertex 103.2 62.2 5.8999999999999995
      vertex 102.88284270763398 61.98284271210432 5.8999999999999995
      vertex 102.9173413321376 61.94350457042456 5.8999999999999995
    endloop
  endfacet
  facet normal 0 0 1
    outer loop
      vertex 102.74436508119106 63.75563491880894 5.8999999999999995
      vertex 102.88284270763398 61.98284271210432 5.8999999999999995
      vertex 103.2 62.2 5.8999999999999995
    endloop
  endfacet
  facet normal 0 0 1
    outer loop
      vertex 102.74436508119106 63.75563491880894 5.8999999999999995
      vertex 103.2 62.2 5.8999999999999995
      vertex 103.2094106524888 62.34357881144206 5.8999999999999995
    endloop
  endfacet
  facet normal 0 0 1
    outer loop
      vertex 102.74436508119106 63.75563491880894 5.8999999999999995
      vertex 103.2094106524888 62.34357881144206 5.8999999999999995
      vertex 103.23748159108202 62.48470094961277 5.8999999999999995
    endloop
  endfacet
  facet normal 0 0 1
    outer loop
      vertex 102.99999999552966 60.599999999999994 5.8999999999999995
      vertex 104.55 60.599999999999994 5.8999999999999995
      vertex 104.15642118855794 61.10941065248881 5.8999999999999995
    endloop
  endfacet
  facet normal 0 0 1
    outer loop
      vertex 103.28373251423758 61.7790482243984 5.8999999999999995
      vertex 102.99999999552966 60.599999999999994 5.8999999999999995
      vertex 103.34737205583711 61.650000000000006 5.8999999999999995
    endloop
  endfacet
  facet normal 0 0 1
    outer loop
      vertex 102.99999999552966 61.70000000149012 5.8999999999999995
      vertex 102.99999999552966 60.599999999999994 5.8999999999999995
      vertex 103.28373251423758 61.7790482243984 5.8999999999999995
    endloop
  endfacet
  facet normal 0 0 1
    outer loop
      vertex 103.28373251423758 61.7790482243984 5.8999999999999995
      vertex 102.9965779438615 61.752210481464864 5.8999999999999995
      vertex 102.99999999552966 61.70000000149012 5.8999999999999995
    endloop
  endfacet
  facet normal 0 0 1
    outer loop
      vertex 102.9965779438615 61.752210481464864 5.8999999999999995
      vertex 103.28373251423758 61.7790482243984 5.8999999999999995
      vertex 102.98637032806874 61.80352762192488 5.8999999999999995
    endloop
  endfacet
  facet normal 0 0 1
    outer loop
      vertex 103.34737205583711 61.650000000000006 5.8999999999999995
      vertex 102.99999999552966 60.599999999999994 5.8999999999999995
      vertex 103.42731132567964 61.53036242809041 5.8999999999999995
    endloop
  endfacet
  facet normal 0 0 1
    outer loop
      vertex 102.99999999552966 60.599999999999994 5.8999999999999995
      vertex 103.5221825406948 61.4221825406948 5.8999999999999995
      vertex 103.42731132567964 61.53036242809041 5.8999999999999995
    endloop
  endfacet
  facet normal 0 0 1
    outer loop
      vertex 103.2094106524888 62.05642118855795 5.8999999999999995
      vertex 102.96955181211234 61.85307337194681 5.8999999999999995
      vertex 103.23748159108202 61.91529905038723 5.8999999999999995
    endloop
  endfacet
  facet normal 0 0 1
    outer loop
      vertex 103.2 62.2 5.8999999999999995
      vertex 102.9173413321376 61.94350457042456 5.8999999999999995
      vertex 103.2094106524888 62.05642118855795 5.8999999999999995
    endloop
  endfacet
  facet normal 0 0 1
    outer loop
      vertex 103.23748159108202 61.91529905038723 5.8999999999999995
      vertex 102.98637032806874 61.80352762192488 5.8999999999999995
      vertex 103.28373251423758 61.7790482243984 5.8999999999999995
    endloop
  endfacet
  facet normal 0 0 1
    outer loop
      vertex 102.99999999552966 60.599999999999994 5.8999999999999995
      vertex 103.63036242809041 61.327311325679645 5.8999999999999995
      vertex 103.5221825406948 61.4221825406948 5.8999999999999995
    endloop
  endfacet
  facet normal 0 0 1
    outer loop
      vertex 102.99999999552966 60.599999999999994 5.8999999999999995
      vertex 103.75 61.24737205583712 5.8999999999999995
      vertex 103.63036242809041 61.327311325679645 5.8999999999999995
    endloop
  endfacet
  facet normal 0 0 1
    outer loop
      vertex 102.99999999552966 60.599999999999994 5.8999999999999995
      vertex 103.8790482243984 61.18373251423759 5.8999999999999995
      vertex 103.75 61.24737205583712 5.8999999999999995
    endloop
  endfacet
  facet normal 0 0 1
    outer loop
      vertex 102.99999999552966 60.599999999999994 5.8999999999999995
      vertex 104.01529905038723 61.13748159108203 5.8999999999999995
      vertex 103.8790482243984 61.18373251423759 5.8999999999999995
    endloop
  endfacet
  facet normal 0 0 1
    outer loop
      vertex 102.74436508119106 63.75563491880894 5.8999999999999995
      vertex 103.23748159108202 62.48470094961277 5.8999999999999995
      vertex 103.28373251423758 62.620951775601604 5.8999999999999995
    endloop
  endfacet
  facet normal 0 0 1
    outer loop
      vertex 102.74436508119106 63.75563491880894 5.8999999999999995
      vertex 103.28373251423758 62.620951775601604 5.8999999999999995
      vertex 103.34737205583711 62.75 5.8999999999999995
    endloop
  endfacet
  facet normal 0 0 1
    outer loop
      vertex 102.74436508119106 63.75563491880894 5.8999999999999995
      vertex 103.34737205583711 62.75 5.8999999999999995
      vertex 103.42731132567964 62.86963757190959 5.8999999999999995
    endloop
  endfacet
  facet normal 0 0 1
    outer loop
      vertex 102.74436508119106 63.75563491880894 5.8999999999999995
      vertex 103.42731132567964 62.86963757190959 5.8999999999999995
      vertex 103.5221825406948 62.97781745930521 5.8999999999999995
    endloop
  endfacet
  facet normal 0 0 1
    outer loop
      vertex 102.74436508119106 63.75563491880894 5.8999999999999995
      vertex 103.5221825406948 62.97781745930521 5.8999999999999995
      vertex 103.63036242809041 63.07268867432036 5.8999999999999995
    endloop
  endfacet
  facet normal 0 0 1
    outer loop
      vertex 102.74436508119106 63.75563491880894 5.8999999999999995
      vertex 103.63036242809041 63.07268867432036 5.8999999999999995
      vertex 102.96072485297918 63.945377349853516 5.8999999999999995
    endloop
  endfacet
  facet normal 0 0 1
    outer loop
      vertex 102.96072485297918 63.945377349853516 5.8999999999999995
      vertex 103.75 63.15262794416289 5.8999999999999995
      vertex 103.20000000298023 64.10525588691235 5.8999999999999995
    endloop
  endfacet
  facet normal 0 0 1
    outer loop
      vertex 102.96072485297918 63.945377349853516 5.8999999999999995
      vertex 103.63036242809041 63.07268867432036 5.8999999999999995
      vertex 103.75 63.15262794416289 5.8999999999999995
    endloop
  endfacet
  facet normal 0 0 1
    outer loop
      vertex 103.20000000298023 64.10525588691235 5.8999999999999995
      vertex 103.75 63.15262794416289 5.8999999999999995
      vertex 103.8790482243984 63.216267485762415 5.8999999999999995
    endloop
  endfacet
  facet normal 0 0 1
    outer loop
      vertex 102.99999999552966 60.599999999999994 5.8999999999999995
      vertex 104.15642118855794 61.10941065248881 5.8999999999999995
      vertex 104.01529905038723 61.13748159108203 5.8999999999999995
    endloop
  endfacet
  facet normal 0 0 1
    outer loop
      vertex 103.20000000298023 64.10525588691235 5.8999999999999995
      vertex 103.8790482243984 63.216267485762415 5.8999999999999995
      vertex 104.01529905038723 63.26251840891798 5.8999999999999995
    endloop
  endfacet
  facet normal 0 0 1
    outer loop
      vertex 103.20000000298023 64.10525588691235 5.8999999999999995
      vertex 104.01529905038723 63.26251840891798 5.8999999999999995
      vertex 104.15642118855794 63.290589347511194 5.8999999999999995
    endloop
  endfacet
  facet normal 0 0 1
    outer loop
      vertex 103.20000000298023 64.10525588691235 5.8999999999999995
      vertex 104.15642118855794 63.290589347511194 5.8999999999999995
      vertex 104.3 63.300000000000004 5.8999999999999995
    endloop
  endfacet
  facet normal 0 0 1
    outer loop
      vertex 103.20000000298023 64.10525588691235 5.8999999999999995
      vertex 104.58470094961277 63.26251840891798 5.8999999999999995
      vertex 104.72095177560159 63.216267485762415 5.8999999999999995
    endloop
  endfacet
  facet normal 0 0 1
    outer loop
      vertex 103.20000000298023 64.10525588691235 5.8999999999999995
      vertex 104.3 63.300000000000004 5.8999999999999995
      vertex 104.44357881144205 63.290589347511194 5.8999999999999995
    endloop
  endfacet
  facet normal 0 0 1
    outer loop
      vertex 103.20000000298023 64.10525588691235 5.8999999999999995
      vertex 104.44357881144205 63.290589347511194 5.8999999999999995
      vertex 104.58470094961277 63.26251840891798 5.8999999999999995
    endloop
  endfacet
  facet normal 0.3147636302988895 -0.9491700885726774 0
    outer loop
      vertex 104.86940190196037 60.07496318221092 5.8999999999999995
      vertex 104.55 59.969043175464186 5.8999999999999995
      vertex 104.55 59.969043175464186 4.3999999999999995
    endloop
  endfacet
  facet normal 0.3214394782475631 -0.9469301251010733 0
    outer loop
      vertex 105.14190354943275 60.167465031147 4.3999999999999995
      vertex 105.14190354943275 60.167465031147 5.8999999999999995
      vertex 104.86940190196037 60.07496318221092 5.8999999999999995
    endloop
  endfacet
  facet normal 0.44228868214993894 -0.8968727455119095 0
    outer loop
      vertex 105.39999999850988 60.29474411159754 4.3999999999999995
      vertex 105.39999999850988 60.29474411159754 5.8999999999999995
      vertex 105.14190354943275 60.167465031147 5.8999999999999995
    endloop
  endfacet
  facet normal 0.06540313411920033 0.9978589229181578 0
    outer loop
      vertex 104.29999999701977 64.39999999850988 4.3999999999999995
      vertex 104.29999999701977 64.39999999850988 5.8999999999999995
      vertex 104.58715762197971 64.38117869198322 5.8999999999999995
    endloop
  endfacet
  facet normal 0.1950903145750945 0.980785281883344 0
    outer loop
      vertex 104.58715762197971 64.38117869198322 4.3999999999999995
      vertex 104.58715762197971 64.38117869198322 5.8999999999999995
      vertex 104.86940190196037 64.32503681629896 5.8999999999999995
    endloop
  endfacet
  facet normal 0.3214394550322369 0.9469301329816148 0
    outer loop
      vertex 104.86940190196037 64.32503681629896 4.3999999999999995
      vertex 104.86940190196037 64.32503681629896 5.8999999999999995
      vertex 105.14190354943275 64.23253497481346 5.8999999999999995
    endloop
  endfacet
  facet normal 0.4422887029756846 0.8968727352417882 0
    outer loop
      vertex 105.14190354943275 64.23253497481346 4.3999999999999995
      vertex 105.14190354943275 64.23253497481346 5.8999999999999995
      vertex 105.39999999850988 64.10525588691235 5.8999999999999995
    endloop
  endfacet
  facet normal 0.555570228747 -0.8314696151574067 0
    outer loop
      vertex 105.63927514106035 60.45462264865637 4.3999999999999995
      vertex 105.63927514106035 60.45462264865637 5.8999999999999995
      vertex 105.39999999850988 60.29474411159754 5.8999999999999995
    endloop
  endfacet
  facet normal 0.659345809431069 -0.7518398124505568 0
    outer loop
      vertex 105.85563492029905 60.64436507970095 4.3999999999999995
      vertex 105.85563492029905 60.64436507970095 5.8999999999999995
      vertex 105.63927514106035 60.45462264865637 5.8999999999999995
    endloop
  endfacet
  facet normal 0.7518398124505568 -0.659345809431069 0
    outer loop
      vertex 106.04537735134363 60.86072485893965 4.3999999999999995
      vertex 106.04537735134363 60.86072485893965 5.8999999999999995
      vertex 105.85563492029905 60.64436507970095 5.8999999999999995
    endloop
  endfacet
  facet normal 0.555570228747 0.8314696151574067 0
    outer loop
      vertex 105.39999999850988 64.10525588691235 4.3999999999999995
      vertex 105.39999999850988 64.10525588691235 5.8999999999999995
      vertex 105.63927514106035 63.945377349853516 5.8999999999999995
    endloop
  endfacet
  facet normal 0.659345809431069 0.7518398124505568 0
    outer loop
      vertex 105.63927514106035 63.945377349853516 4.3999999999999995
      vertex 105.63927514106035 63.945377349853516 5.8999999999999995
      vertex 105.85563492029905 63.75563491880894 5.8999999999999995
    endloop
  endfacet
  facet normal 0.7518398011950406 0.6593458222655256 0
    outer loop
      vertex 105.85563492029905 63.75563491880894 4.3999999999999995
      vertex 105.85563492029905 63.75563491880894 5.8999999999999995
      vertex 106.04537735134363 63.53927514702082 5.8999999999999995
    endloop
  endfacet
  facet normal 0.8314696151574067 -0.555570228747 0
    outer loop
      vertex 106.20525588840246 61.100000001490116 4.3999999999999995
      vertex 106.20525588840246 61.100000001490116 5.8999999999999995
      vertex 106.04537735134363 60.86072485893965 5.8999999999999995
    endloop
  endfacet
  facet normal 0.8968727455119095 -0.44228868214993894 0
    outer loop
      vertex 106.332534968853 61.358096450567245 4.3999999999999995
      vertex 106.332534968853 61.358096450567245 5.8999999999999995
      vertex 106.20525588840246 61.100000001490116 5.8999999999999995
    endloop
  endfacet
  facet normal 0.9469301251010733 -0.3214394782475631 0
    outer loop
      vertex 106.42503681778908 61.63059809803963 4.3999999999999995
      vertex 106.42503681778908 61.63059809803963 5.8999999999999995
      vertex 106.332534968853 61.358096450567245 5.8999999999999995
    endloop
  endfacet
  facet normal 0.980785281883344 -0.1950903145750945 0
    outer loop
      vertex 106.48117869347334 61.91284237802029 4.3999999999999995
      vertex 106.48117869347334 61.91284237802029 5.8999999999999995
      vertex 106.42503681778908 61.63059809803963 5.8999999999999995
    endloop
  endfacet
  facet normal 0.9978589229181578 -0.06540313411920033 0
    outer loop
      vertex 106.5 62.20000000298023 4.3999999999999995
      vertex 106.5 62.20000000298023 5.8999999999999995
      vertex 106.48117869347334 61.91284237802029 5.8999999999999995
    endloop
  endfacet
  facet normal 0.9978589228074098 0.06540313580888876 0
    outer loop
      vertex 106.48117869347334 62.4871576204896 4.3999999999999995
      vertex 106.48117869347334 62.4871576204896 5.8999999999999995
      vertex 106.5 62.20000000298023 5.8999999999999995
    endloop
  endfacet
  facet normal 0.8314696231486958 0.5555702167871907 0
    outer loop
      vertex 106.04537735134363 63.53927514702082 4.3999999999999995
      vertex 106.04537735134363 63.53927514702082 5.8999999999999995
      vertex 106.20525588840246 63.29999999701977 5.8999999999999995
    endloop
  endfacet
  facet normal 0.8968727455119095 0.44228868214993894 0
    outer loop
      vertex 106.20525588840246 63.29999999701977 4.3999999999999995
      vertex 106.20525588840246 63.29999999701977 5.8999999999999995
      vertex 106.332534968853 63.04190354794264 5.8999999999999995
    endloop
  endfacet
  facet normal 0.9469301251010733 0.3214394782475631 0
    outer loop
      vertex 106.332534968853 63.04190354794264 4.3999999999999995
      vertex 106.332534968853 63.04190354794264 5.8999999999999995
      vertex 106.42503681778908 62.76940190047026 5.8999999999999995
    endloop
  endfacet
  facet normal 0.980785281883344 0.1950903145750945 0
    outer loop
      vertex 106.42503681778908 62.76940190047026 4.3999999999999995
      vertex 106.42503681778908 62.76940190047026 5.8999999999999995
      vertex 106.48117869347334 62.4871576204896 5.8999999999999995
    endloop
  endfacet
  facet normal 0 0 1
    outer loop
      vertex 104.86940190196037 60.07496318221092 5.8999999999999995
      vertex 104.44357881144205 61.10941065248881 5.8999999999999995
      vertex 104.3 61.1 5.8999999999999995
    endloop
  endfacet
  facet normal 0 0 1
    outer loop
      vertex 104.86940190196037 60.07496318221092 5.8999999999999995
      vertex 104.3 61.1 5.8999999999999995
      vertex 104.55 60.599999999999994 5.8999999999999995
    endloop
  endfacet
  facet normal 0 0 1
    outer loop
      vertex 104.86940190196037 60.07496318221092 5.8999999999999995
      vertex 104.55 60.599999999999994 5.8999999999999995
      vertex 104.55 59.969043175464186 5.8999999999999995
    endloop
  endfacet
  facet normal 0 0 1
    outer loop
      vertex 105.14190354943275 60.167465031147 5.8999999999999995
      vertex 104.58470094961277 61.13748159108203 5.8999999999999995
      vertex 104.44357881144205 61.10941065248881 5.8999999999999995
    endloop
  endfacet
  facet normal 0 0 1
    outer loop
      vertex 104.86940190196037 60.07496318221092 5.8999999999999995
      vertex 105.14190354943275 60.167465031147 5.8999999999999995
      vertex 104.44357881144205 61.10941065248881 5.8999999999999995
    endloop
  endfacet
  facet normal 0 0 1
    outer loop
      vertex 105.39999999850988 60.29474411159754 5.8999999999999995
      vertex 104.72095177560159 61.18373251423759 5.8999999999999995
      vertex 104.58470094961277 61.13748159108203 5.8999999999999995
    endloop
  endfacet
  facet normal 0 0 1
    outer loop
      vertex 105.39999999850988 60.29474411159754 5.8999999999999995
      vertex 104.85 61.24737205583712 5.8999999999999995
      vertex 104.72095177560159 61.18373251423759 5.8999999999999995
    endloop
  endfacet
  facet normal 0 0 1
    outer loop
      vertex 105.14190354943275 60.167465031147 5.8999999999999995
      vertex 105.39999999850988 60.29474411159754 5.8999999999999995
      vertex 104.58470094961277 61.13748159108203 5.8999999999999995
    endloop
  endfacet
  facet normal 0 0 1
    outer loop
      vertex 105.39999999850988 60.29474411159754 5.8999999999999995
      vertex 105.63927514106035 60.45462264865637 5.8999999999999995
      vertex 104.85 61.24737205583712 5.8999999999999995
    endloop
  endfacet
  facet normal 0 0 1
    outer loop
      vertex 104.3 61.1 5.8999999999999995
      vertex 104.15642118855794 61.10941065248881 5.8999999999999995
      vertex 104.55 60.599999999999994 5.8999999999999995
    endloop
  endfacet
  facet normal 0 0 1
    outer loop
      vertex 103.20000000298023 64.10525588691235 5.8999999999999995
      vertex 104.72095177560159 63.216267485762415 5.8999999999999995
      vertex 104.85 63.15262794416289 5.8999999999999995
    endloop
  endfacet
  facet normal 0 0 1
    outer loop
      vertex 103.20000000298023 64.10525588691235 5.8999999999999995
      vertex 106.332534968853 63.04190354794264 5.8999999999999995
      vertex 103.45809645205736 64.23253497481346 5.8999999999999995
    endloop
  endfacet
  facet normal 0 0 1
    outer loop
      vertex 103.45809645205736 64.23253497481346 5.8999999999999995
      vertex 106.332534968853 63.04190354794264 5.8999999999999995
      vertex 103.73059809952974 64.32503681629896 5.8999999999999995
    endloop
  endfacet
  facet normal 0 0 1
    outer loop
      vertex 103.73059809952974 64.32503681629896 5.8999999999999995
      vertex 106.20525588840246 63.29999999701977 5.8999999999999995
      vertex 104.0128423795104 64.38117869198322 5.8999999999999995
    endloop
  endfacet
  facet normal 0 0 1
    outer loop
      vertex 104.0128423795104 64.38117869198322 5.8999999999999995
      vertex 105.85563492029905 63.75563491880894 5.8999999999999995
      vertex 104.29999999701977 64.39999999850988 5.8999999999999995
    endloop
  endfacet
  facet normal 0 0 1
    outer loop
      vertex 105.63927514106035 60.45462264865637 5.8999999999999995
      vertex 104.96963757190959 61.327311325679645 5.8999999999999995
      vertex 104.85 61.24737205583712 5.8999999999999995
    endloop
  endfacet
  facet normal 0 0 1
    outer loop
      vertex 105.85563492029905 60.64436507970095 5.8999999999999995
      vertex 105.0778174593052 61.4221825406948 5.8999999999999995
      vertex 104.96963757190959 61.327311325679645 5.8999999999999995
    endloop
  endfacet
  facet normal 0 0 1
    outer loop
      vertex 103.20000000298023 64.10525588691235 5.8999999999999995
      vertex 104.85 63.15262794416289 5.8999999999999995
      vertex 106.5 62.20000000298023 5.8999999999999995
    endloop
  endfacet
  facet normal 0 0 1
    outer loop
      vertex 104.29999999701977 64.39999999850988 5.8999999999999995
      vertex 105.85563492029905 63.75563491880894 5.8999999999999995
      vertex 104.58715762197971 64.38117869198322 5.8999999999999995
    endloop
  endfacet
  facet normal 0 0 1
    outer loop
      vertex 104.58715762197971 64.38117869198322 5.8999999999999995
      vertex 105.63927514106035 63.945377349853516 5.8999999999999995
      vertex 104.86940190196037 64.32503681629896 5.8999999999999995
    endloop
  endfacet
  facet normal 0 0 1
    outer loop
      vertex 103.20000000298023 64.10525588691235 5.8999999999999995
      vertex 106.42503681778908 62.76940190047026 5.8999999999999995
      vertex 106.332534968853 63.04190354794264 5.8999999999999995
    endloop
  endfacet
  facet normal 0 0 1
    outer loop
      vertex 104.86940190196037 64.32503681629896 5.8999999999999995
      vertex 105.39999999850988 64.10525588691235 5.8999999999999995
      vertex 105.14190354943275 64.23253497481346 5.8999999999999995
    endloop
  endfacet
  facet normal 0 0 1
    outer loop
      vertex 104.0128423795104 64.38117869198322 5.8999999999999995
      vertex 106.04537735134363 63.53927514702082 5.8999999999999995
      vertex 105.85563492029905 63.75563491880894 5.8999999999999995
    endloop
  endfacet
  facet normal 0 0 1
    outer loop
      vertex 104.86940190196037 64.32503681629896 5.8999999999999995
      vertex 105.63927514106035 63.945377349853516 5.8999999999999995
      vertex 105.39999999850988 64.10525588691235 5.8999999999999995
    endloop
  endfacet
  facet normal 0 0 1
    outer loop
      vertex 105.63927514106035 60.45462264865637 5.8999999999999995
      vertex 105.85563492029905 60.64436507970095 5.8999999999999995
      vertex 104.96963757190959 61.327311325679645 5.8999999999999995
    endloop
  endfacet
  facet normal 0 0 1
    outer loop
      vertex 105.85563492029905 60.64436507970095 5.8999999999999995
      vertex 105.17268867432036 61.53036242809041 5.8999999999999995
      vertex 105.0778174593052 61.4221825406948 5.8999999999999995
    endloop
  endfacet
  facet normal 0 0 1
    outer loop
      vertex 106.04537735134363 60.86072485893965 5.8999999999999995
      vertex 105.25262794416288 61.650000000000006 5.8999999999999995
      vertex 105.17268867432036 61.53036242809041 5.8999999999999995
    endloop
  endfacet
  facet normal 0 0 1
    outer loop
      vertex 106.20525588840246 61.100000001490116 5.8999999999999995
      vertex 105.31626748576241 61.7790482243984 5.8999999999999995
      vertex 105.25262794416288 61.650000000000006 5.8999999999999995
    endloop
  endfacet
  facet normal 0 0 1
    outer loop
      vertex 106.20525588840246 61.100000001490116 5.8999999999999995
      vertex 105.36251840891798 61.91529905038723 5.8999999999999995
      vertex 105.31626748576241 61.7790482243984 5.8999999999999995
    endloop
  endfacet
  facet normal 0 0 1
    outer loop
      vertex 106.5 62.20000000298023 5.8999999999999995
      vertex 105.17268867432036 62.86963757190959 5.8999999999999995
      vertex 105.25262794416288 62.75 5.8999999999999995
    endloop
  endfacet
  facet normal 0 0 1
    outer loop
      vertex 105.85563492029905 60.64436507970095 5.8999999999999995
      vertex 106.04537735134363 60.86072485893965 5.8999999999999995
      vertex 105.17268867432036 61.53036242809041 5.8999999999999995
    endloop
  endfacet
  facet normal 0 0 1
    outer loop
      vertex 106.332534968853 61.358096450567245 5.8999999999999995
      vertex 105.3905893475112 62.05642118855795 5.8999999999999995
      vertex 105.36251840891798 61.91529905038723 5.8999999999999995
    endloop
  endfacet
  facet normal 0 0 1
    outer loop
      vertex 106.04537735134363 60.86072485893965 5.8999999999999995
      vertex 106.20525588840246 61.100000001490116 5.8999999999999995
      vertex 105.25262794416288 61.650000000000006 5.8999999999999995
    endloop
  endfacet
  facet normal 0 0 1
    outer loop
      vertex 106.42503681778908 61.63059809803963 5.8999999999999995
      vertex 105.39999999999999 62.2 5.8999999999999995
      vertex 105.3905893475112 62.05642118855795 5.8999999999999995
    endloop
  endfacet
  facet normal 0 0 1
    outer loop
      vertex 106.42503681778908 61.63059809803963 5.8999999999999995
      vertex 105.3905893475112 62.34357881144206 5.8999999999999995
      vertex 105.39999999999999 62.2 5.8999999999999995
    endloop
  endfacet
  facet normal 0 0 1
    outer loop
      vertex 106.5 62.20000000298023 5.8999999999999995
      vertex 105.25262794416288 62.75 5.8999999999999995
      vertex 105.31626748576241 62.620951775601604 5.8999999999999995
    endloop
  endfacet
  facet normal 0 0 1
    outer loop
      vertex 106.48117869347334 61.91284237802029 5.8999999999999995
      vertex 105.36251840891798 62.48470094961277 5.8999999999999995
      vertex 105.3905893475112 62.34357881144206 5.8999999999999995
    endloop
  endfacet
  facet normal 0 0 1
    outer loop
      vertex 106.48117869347334 61.91284237802029 5.8999999999999995
      vertex 105.31626748576241 62.620951775601604 5.8999999999999995
      vertex 105.36251840891798 62.48470094961277 5.8999999999999995
    endloop
  endfacet
  facet normal 0 0 1
    outer loop
      vertex 103.20000000298023 64.10525588691235 5.8999999999999995
      vertex 106.5 62.20000000298023 5.8999999999999995
      vertex 106.48117869347334 62.4871576204896 5.8999999999999995
    endloop
  endfacet
  facet normal 0 0 1
    outer loop
      vertex 106.5 62.20000000298023 5.8999999999999995
      vertex 104.85 63.15262794416289 5.8999999999999995
      vertex 104.96963757190959 63.07268867432036 5.8999999999999995
    endloop
  endfacet
  facet normal 0 0 1
    outer loop
      vertex 103.20000000298023 64.10525588691235 5.8999999999999995
      vertex 106.48117869347334 62.4871576204896 5.8999999999999995
      vertex 106.42503681778908 62.76940190047026 5.8999999999999995
    endloop
  endfacet
  facet normal 0 0 1
    outer loop
      vertex 106.5 62.20000000298023 5.8999999999999995
      vertex 104.96963757190959 63.07268867432036 5.8999999999999995
      vertex 105.0778174593052 62.97781745930521 5.8999999999999995
    endloop
  endfacet
  facet normal 0 0 1
    outer loop
      vertex 106.5 62.20000000298023 5.8999999999999995
      vertex 105.0778174593052 62.97781745930521 5.8999999999999995
      vertex 105.17268867432036 62.86963757190959 5.8999999999999995
    endloop
  endfacet
  facet normal 0 0 1
    outer loop
      vertex 103.73059809952974 64.32503681629896 5.8999999999999995
      vertex 106.332534968853 63.04190354794264 5.8999999999999995
      vertex 106.20525588840246 63.29999999701977 5.8999999999999995
    endloop
  endfacet
  facet normal 0 0 1
    outer loop
      vertex 104.0128423795104 64.38117869198322 5.8999999999999995
      vertex 106.20525588840246 63.29999999701977 5.8999999999999995
      vertex 106.04537735134363 63.53927514702082 5.8999999999999995
    endloop
  endfacet
  facet normal 0 0 1
    outer loop
      vertex 104.58715762197971 64.38117869198322 5.8999999999999995
      vertex 105.85563492029905 63.75563491880894 5.8999999999999995
      vertex 105.63927514106035 63.945377349853516 5.8999999999999995
    endloop
  endfacet
  facet normal 0 0 1
    outer loop
      vertex 106.20525588840246 61.100000001490116 5.8999999999999995
      vertex 106.332534968853 61.358096450567245 5.8999999999999995
      vertex 105.36251840891798 61.91529905038723 5.8999999999999995
    endloop
  endfacet
  facet normal 0 0 1
    outer loop
      vertex 106.332534968853 61.358096450567245 5.8999999999999995
      vertex 106.42503681778908 61.63059809803963 5.8999999999999995
      vertex 105.3905893475112 62.05642118855795 5.8999999999999995
    endloop
  endfacet
  facet normal 0 0 1
    outer loop
      vertex 106.42503681778908 61.63059809803963 5.8999999999999995
      vertex 106.48117869347334 61.91284237802029 5.8999999999999995
      vertex 105.3905893475112 62.34357881144206 5.8999999999999995
    endloop
  endfacet
  facet normal 0 0 1
    outer loop
      vertex 106.48117869347334 61.91284237802029 5.8999999999999995
      vertex 106.5 62.20000000298023 5.8999999999999995
      vertex 105.31626748576241 62.620951775601604 5.8999999999999995
    endloop
  endfacet
  facet normal 0 -1 0
    outer loop
      vertex 100.94803956251681 39.5 4.3999999999999995
      vertex 101.375 39.5 4.3999999999999995
      vertex 101.375 39.5 5.8999999999999995
    endloop
  endfacet
  facet normal -1 0 0
    outer loop
      vertex 101.375 39.5 4.3999999999999995
      vertex 101.375 38.95804869002748 4.3999999999999995
      vertex 101.375 38.95804869002748 5.8999999999999995
    endloop
  endfacet
  facet normal 0 -1 0
    outer loop
      vertex 100.94803956251681 39.5 4.3999999999999995
      vertex 101.375 39.5 5.8999999999999995
      vertex 100.94803956251681 39.5 5.8999999999999995
    endloop
  endfacet
  facet normal -1 0 0
    outer loop
      vertex 101.375 38.95804869002748 5.8999999999999995
      vertex 101.375 39.5 5.8999999999999995
      vertex 101.375 39.5 4.3999999999999995
    endloop
  endfacet
endsolid OpenSCAD_Model
