solid OpenSCAD_Model
  facet normal 0.44228866189520233 0.8968727555004398 0
    outer loop
      vertex 99.99999999552966 9.953589835762978 6.35
      vertex 99.99999999552966 9.953589835762978 8
      vertex 100.0469266280532 9.93044818341732 6.35
    endloop
  endfacet
  facet normal 0.321439467066198 0.9469301288966354 0
    outer loop
      vertex 100.0469266280532 9.93044818341732 6.35
      vertex 100.0469266280532 9.93044818341732 8
      vertex 100.09647237807513 9.913629667460919 6.35
    endloop
  endfacet
  facet normal 0.9469301288966354 0.321439467066198 0
    outer loop
      vertex 99.81362966746093 10.196472378075123 6.35
      vertex 99.81362966746093 10.196472378075123 8
      vertex 99.83044818341733 10.146926628053189 6.35
    endloop
  endfacet
  facet normal 0.9807852734670754 0.19509035688653095 0
    outer loop
      vertex 99.80342205166818 10.247789518535138 6.35
      vertex 99.80342205166818 10.247789518535138 8
      vertex 99.81362966746093 10.196472378075123 6.35
    endloop
  endfacet
  facet normal 0.9978589282087154 0.06540305340084418 1.1533316878093122e-17
    outer loop
      vertex 99.80342205166818 10.247789518535138 6.35
      vertex 99.80062737613918 10.290428077181181 6.35
      vertex 99.80000000000001 10.299999998509884 8
    endloop
  endfacet
  facet normal 0.8968727555004398 0.44228866189520233 0
    outer loop
      vertex 99.83044818341733 10.146926628053189 6.35
      vertex 99.83044818341733 10.146926628053189 8
      vertex 99.85358983576299 10.099999995529652 6.35
    endloop
  endfacet
  facet normal 0.7518398060332859 0.6593458167485641 -2.0563904644718235e-15
    outer loop
      vertex 99.88898341121774 10.049283436934154 6.35
      vertex 99.88265866339208 10.056495429575444 8
      vertex 99.91715728789569 10.01715728789568 6.35
    endloop
  endfacet
  facet normal 0.321439467066198 0.9469301288966354 0
    outer loop
      vertex 100.09647237807513 9.913629667460919 6.35
      vertex 100.0469266280532 9.93044818341732 8
      vertex 100.09647237807513 9.913629667460919 8
    endloop
  endfacet
  facet normal 0.8968727555004398 0.44228866189520233 0
    outer loop
      vertex 99.85358983576299 10.099999995529652 6.35
      vertex 99.83044818341733 10.146926628053189 8
      vertex 99.85358983576299 10.099999995529652 8
    endloop
  endfacet
  facet normal 0.7518398060333286 0.6593458167485153 0
    outer loop
      vertex 99.91715728789569 10.01715728789568 6.35
      vertex 99.88265866339208 10.056495429575444 8
      vertex 99.91715728789569 10.01715728789568 8
    endloop
  endfacet
  facet normal 0.5555703123844806 0.8314695592726234 0
    outer loop
      vertex 99.95649542957545 9.982658663392067 6.35
      vertex 99.95649542957545 9.982658663392067 8
      vertex 99.99999999552966 9.953589835762978 6.35
    endloop
  endfacet
  facet normal 0.19509035688653095 0.9807852734670754 0
    outer loop
      vertex 100.09647237807513 9.913629667460919 6.35
      vertex 100.09647237807513 9.913629667460919 8
      vertex 100.14778951853515 9.903422051668167 6.35
    endloop
  endfacet
  facet normal 0.06540305340084454 0.9978589282087154 0
    outer loop
      vertex 100.14778951853515 9.903422051668167 6.35
      vertex 100.14778951853515 9.903422051668167 8
      vertex 100.1999999985099 9.9 6.35
    endloop
  endfacet
  facet normal 0.9978589282087152 0.06540305340084615 0
    outer loop
      vertex 99.80062737613918 10.290428077181181 6.35
      vertex 99.80000000000001 10.299999998509884 6.35
      vertex 99.80000000000001 10.299999998509884 8
    endloop
  endfacet
  facet normal 0.8314695592726234 0.5555703123844806 0
    outer loop
      vertex 99.85358983576299 10.099999995529652 6.35
      vertex 99.85358983576299 10.099999995529652 8
      vertex 99.88265866339208 10.056495429575444 6.35
    endloop
  endfacet
  facet normal 0.751839806033519 0.6593458167482982 0
    outer loop
      vertex 99.88265866339208 10.056495429575444 6.35
      vertex 99.88265866339208 10.056495429575444 8
      vertex 99.88898341121774 10.049283436934154 6.35
    endloop
  endfacet
  facet normal 0.6593458167485153 0.7518398060333286 0
    outer loop
      vertex 99.95649542957545 9.982658663392067 6.35
      vertex 99.91715728789569 10.01715728789568 6.35
      vertex 99.91715728789569 10.01715728789568 8
    endloop
  endfacet
  facet normal 0.6593458167485153 0.7518398060333286 0
    outer loop
      vertex 99.95649542957545 9.982658663392067 6.35
      vertex 99.91715728789569 10.01715728789568 8
      vertex 99.95649542957545 9.982658663392067 8
    endloop
  endfacet
  facet normal 0.5555703123844806 0.8314695592726234 0
    outer loop
      vertex 99.99999999552966 9.953589835762978 6.35
      vertex 99.95649542957545 9.982658663392067 8
      vertex 99.99999999552966 9.953589835762978 8
    endloop
  endfacet
  facet normal 0.44228866189520233 0.8968727555004398 0
    outer loop
      vertex 100.0469266280532 9.93044818341732 6.35
      vertex 99.99999999552966 9.953589835762978 8
      vertex 100.0469266280532 9.93044818341732 8
    endloop
  endfacet
  facet normal 0.19509035688653095 0.9807852734670754 0
    outer loop
      vertex 100.14778951853515 9.903422051668167 6.35
      vertex 100.09647237807513 9.913629667460919 8
      vertex 100.14778951853515 9.903422051668167 8
    endloop
  endfacet
  facet normal 0.9978589282087154 0.06540305340084454 0
    outer loop
      vertex 99.80342205166818 10.247789518535138 6.35
      vertex 99.80000000000001 10.299999998509884 8
      vertex 99.80342205166818 10.247789518535138 8
    endloop
  endfacet
  facet normal 0.9807852734670754 0.19509035688653095 0
    outer loop
      vertex 99.81362966746093 10.196472378075123 6.35
      vertex 99.80342205166818 10.247789518535138 8
      vertex 99.81362966746093 10.196472378075123 8
    endloop
  endfacet
  facet normal 0.9469301288966354 0.321439467066198 0
    outer loop
      vertex 99.83044818341733 10.146926628053189 6.35
      vertex 99.81362966746093 10.196472378075123 8
      vertex 99.83044818341733 10.146926628053189 8
    endloop
  endfacet
  facet normal 0.8314695592726234 0.5555703123844806 0
    outer loop
      vertex 99.88265866339208 10.056495429575444 6.35
      vertex 99.85358983576299 10.099999995529652 8
      vertex 99.88265866339208 10.056495429575444 8
    endloop
  endfacet
  facet normal 1 0 0
    outer loop
      vertex 99.80000000000001 10.299999998509884 6.35
      vertex 99.80000000000001 13.500000001490116 8
      vertex 99.80000000000001 10.299999998509884 8
    endloop
  endfacet
  facet normal 0 1 0
    outer loop
      vertex 100.1999999985099 9.9 6.35
      vertex 100.1999999985099 9.9 8
      vertex 102.18534983778507 9.9 6.35
    endloop
  endfacet
  facet normal 0.06540305340084454 0.9978589282087154 0
    outer loop
      vertex 100.1999999985099 9.9 6.35
      vertex 100.14778951853515 9.903422051668167 8
      vertex 100.1999999985099 9.9 8
    endloop
  endfacet
  facet normal 1 0 0
    outer loop
      vertex 99.80000000000001 10.299999998509884 6.35
      vertex 99.80000000000001 13.500000001490116 6.35
      vertex 99.80000000000001 13.500000001490116 8
    endloop
  endfacet
  facet normal 0.9978589282087154 -0.06540305340084454 0
    outer loop
      vertex 99.80000000000001 13.500000001490116 6.35
      vertex 99.80342205166818 13.552210481464863 6.35
      vertex 99.80342205166818 13.552210481464863 8
    endloop
  endfacet
  facet normal 0.9807852734670754 -0.19509035688653095 0
    outer loop
      vertex 99.80342205166818 13.552210481464863 6.35
      vertex 99.81362966746093 13.603527621924878 6.35
      vertex 99.81362966746093 13.603527621924878 8
    endloop
  endfacet
  facet normal 0.9469301288966354 -0.321439467066198 0
    outer loop
      vertex 99.81362966746093 13.603527621924878 6.35
      vertex 99.83044818341733 13.653073371946812 6.35
      vertex 99.83044818341733 13.653073371946812 8
    endloop
  endfacet
  facet normal 0.8968727555004398 -0.44228866189520233 0
    outer loop
      vertex 99.83044818341733 13.653073371946812 6.35
      vertex 99.85358983576299 13.700000004470349 6.35
      vertex 99.85358983576299 13.700000004470349 8
    endloop
  endfacet
  facet normal 0.8314695592726234 -0.5555703123844806 0
    outer loop
      vertex 99.85358983576299 13.700000004470349 6.35
      vertex 99.88265866339208 13.743504570424557 6.35
      vertex 99.88265866339208 13.743504570424557 8
    endloop
  endfacet
  facet normal 0.7518398060333259 -0.6593458167485183 0
    outer loop
      vertex 99.88265866339208 13.743504570424557 6.35
      vertex 99.9 13.76327857493096 6.35
      vertex 99.9 13.76327857493096 8
    endloop
  endfacet
  facet normal 0.9978589282087154 -0.06540305340084454 0
    outer loop
      vertex 99.80000000000001 13.500000001490116 6.35
      vertex 99.80342205166818 13.552210481464863 8
      vertex 99.80000000000001 13.500000001490116 8
    endloop
  endfacet
  facet normal 0.9807852734670754 -0.19509035688653095 0
    outer loop
      vertex 99.80342205166818 13.552210481464863 6.35
      vertex 99.81362966746093 13.603527621924878 8
      vertex 99.80342205166818 13.552210481464863 8
    endloop
  endfacet
  facet normal 0.9469301288966354 -0.321439467066198 0
    outer loop
      vertex 99.81362966746093 13.603527621924878 6.35
      vertex 99.83044818341733 13.653073371946812 8
      vertex 99.81362966746093 13.603527621924878 8
    endloop
  endfacet
  facet normal 0.8968727555004398 -0.44228866189520233 0
    outer loop
      vertex 99.83044818341733 13.653073371946812 6.35
      vertex 99.85358983576299 13.700000004470349 8
      vertex 99.83044818341733 13.653073371946812 8
    endloop
  endfacet
  facet normal 0.8314695592726234 -0.5555703123844806 0
    outer loop
      vertex 99.85358983576299 13.700000004470349 6.35
      vertex 99.88265866339208 13.743504570424557 8
      vertex 99.85358983576299 13.700000004470349 8
    endloop
  endfacet
  facet normal 0.7518398060333259 -0.6593458167485183 0
    outer loop
      vertex 99.88265866339208 13.743504570424557 6.35
      vertex 99.9 13.76327857493096 8
      vertex 99.88265866339208 13.743504570424557 8
    endloop
  endfacet
  facet normal 0 1 0
    outer loop
      vertex 102.18534983778507 9.9 5.8999999999999995
      vertex 102.18534983778507 9.9 6.35
      vertex 103.09999999701978 9.9 5.8999999999999995
    endloop
  endfacet
  facet normal 0 1 0
    outer loop
      vertex 102.18534983778507 9.9 6.35
      vertex 103.09999999701978 9.9 8
      vertex 103.09999999701978 9.9 5.8999999999999995
    endloop
  endfacet
  facet normal 0 1 0
    outer loop
      vertex 102.18534983778507 9.9 6.35
      vertex 100.1999999985099 9.9 8
      vertex 103.09999999701978 9.9 8
    endloop
  endfacet
  facet normal 0 0 -1
    outer loop
      vertex 99.95649542957545 9.982658663392067 8
      vertex 100.09759721003027 9.985669054338334 8
      vertex 99.99999999552966 9.953589835762978 8
    endloop
  endfacet
  facet normal 0 0 -1
    outer loop
      vertex 99.99999999552966 9.953589835762978 8
      vertex 100.12102826915074 9.955864094321491 8
      vertex 100.0469266280532 9.93044818341732 8
    endloop
  endfacet
  facet normal 0 0 -1
    outer loop
      vertex 99.81362966746093 10.196472378075123 8
      vertex 100.06294863444965 10.203474224630002 8
      vertex 99.83044818341733 10.146926628053189 8
    endloop
  endfacet
  facet normal 0 0 -1
    outer loop
      vertex 99.85358983576299 10.099999995529652 8
      vertex 100.05787471315274 10.105424999567617 8
      vertex 99.88265866339208 10.056495429575444 8
    endloop
  endfacet
  facet normal 0 0 -1
    outer loop
      vertex 100.1999999985099 9.9 8
      vertex 100.21056583954729 9.903968411100971 8
      vertex 102.19255243959384 9.921218180714199 8
    endloop
  endfacet
  facet normal 0 0 -1
    outer loop
      vertex 99.80000000000001 13.500000001490116 8
      vertex 99.80342205166818 13.552210481464863 8
      vertex 99.81744950731178 13.545940815413012 8
    endloop
  endfacet
  facet normal 0 0 -1
    outer loop
      vertex 99.80342205166818 13.552210481464863 8
      vertex 99.81362966746093 13.603527621924878 8
      vertex 99.8245863415085 13.598464376720683 8
    endloop
  endfacet
  facet normal 0 0 -1
    outer loop
      vertex 99.81362966746093 13.603527621924878 8
      vertex 99.83044818341733 13.653073371946812 8
      vertex 99.8383705977992 13.649288557232236 8
    endloop
  endfacet
  facet normal 0 0 -1
    outer loop
      vertex 99.83044818341733 13.653073371946812 8
      vertex 99.85358983576299 13.700000004470349 8
      vertex 99.85852625105329 13.697563211253103 8
    endloop
  endfacet
  facet normal 0 0 -1
    outer loop
      vertex 99.85358983576299 13.700000004470349 8
      vertex 99.88265866339208 13.743504570424557 8
      vertex 99.88472491231786 13.742451548608654 8
    endloop
  endfacet
  facet normal 0 0 -1
    outer loop
      vertex 100.1999999985099 9.9 8
      vertex 102.19255243959384 9.921218180714199 8
      vertex 103.25307336747647 9.93044818341732 8
    endloop
  endfacet
  facet normal 0 0 -1
    outer loop
      vertex 100.1999999985099 9.9 8
      vertex 103.20352761745454 9.913629667460919 8
      vertex 103.09999999701978 9.9 8
    endloop
  endfacet
  facet normal 0 0 -1
    outer loop
      vertex 100.1999999985099 9.9 8
      vertex 103.25307336747647 9.93044818341732 8
      vertex 103.20352761745454 9.913629667460919 8
    endloop
  endfacet
  facet normal 0 0 -1
    outer loop
      vertex 101.27499373233606 10.237513166373962 8
      vertex 102.60566779673192 10.697480976617083 8
      vertex 102.32921484719135 10.267119796668815 8
    endloop
  endfacet
  facet normal 0 0 -1
    outer loop
      vertex 101.99202657529153 10.109675900917786 8
      vertex 102.27109686814673 10.149268193517313 8
      vertex 102.25880838042397 10.116401888386577 8
    endloop
  endfacet
  facet normal 0 0 -1
    outer loop
      vertex 102.19255243959384 9.921218180714199 8
      vertex 103.30000000000001 9.953589835762978 8
      vertex 103.25307336747647 9.93044818341732 8
    endloop
  endfacet
  facet normal 0 0 -1
    outer loop
      vertex 102.19255243959384 9.921218180714199 8
      vertex 102.25880838042397 10.116401888386577 8
      vertex 103.46955181211234 10.146926628053189 8
    endloop
  endfacet
  facet normal 0 0 -1
    outer loop
      vertex 102.25880838042397 10.116401888386577 8
      vertex 102.27109686814673 10.149268193517313 8
      vertex 103.46955181211234 10.146926628053189 8
    endloop
  endfacet
  facet normal 0 0 -1
    outer loop
      vertex 102.27109686814673 10.149268193517313 8
      vertex 102.32921484719135 10.267119796668815 8
      vertex 103.49999999552966 10.299999998509884 8
    endloop
  endfacet
  facet normal 0 0 -1
    outer loop
      vertex 102.32921484719135 10.267119796668815 8
      vertex 102.60566779673192 10.697480976617083 8
      vertex 103.49999999552966 10.299999998509884 8
    endloop
  endfacet
  facet normal 0 0 -1
    outer loop
      vertex 102.3972195547038 10.790124639942015 8
      vertex 103.49999999552966 11.9 8
      vertex 102.60566779673192 10.697480976617083 8
    endloop
  endfacet
  facet normal 0 0 -1
    outer loop
      vertex 102.3972195547038 10.790124639942015 8
      vertex 101.58151805327898 11.9 8
      vertex 103.49999999552966 11.9 8
    endloop
  endfacet
  facet normal -0.06540305340084454 0.9978589282087154 0
    outer loop
      vertex 103.09999999701978 9.9 5.8999999999999995
      vertex 103.09999999701978 9.9 8
      vertex 103.15221047699453 9.903422051668167 5.8999999999999995
    endloop
  endfacet
  facet normal -0.19509035688653092 0.9807852734670754 0
    outer loop
      vertex 103.15221047699453 9.903422051668167 5.8999999999999995
      vertex 103.15221047699453 9.903422051668167 8
      vertex 103.20352761745454 9.913629667460919 5.8999999999999995
    endloop
  endfacet
  facet normal -0.321439467066198 0.9469301288966354 0
    outer loop
      vertex 103.20352761745454 9.913629667460919 5.8999999999999995
      vertex 103.20352761745454 9.913629667460919 8
      vertex 103.25307336747647 9.93044818341732 5.8999999999999995
    endloop
  endfacet
  facet normal -0.44228866189520233 0.8968727555004397 0
    outer loop
      vertex 103.25307336747647 9.93044818341732 5.8999999999999995
      vertex 103.25307336747647 9.93044818341732 8
      vertex 103.30000000000001 9.953589835762978 5.8999999999999995
    endloop
  endfacet
  facet normal -0.5555703123844806 0.8314695592726233 0
    outer loop
      vertex 103.30000000000001 9.953589835762978 5.8999999999999995
      vertex 103.30000000000001 9.953589835762978 8
      vertex 103.34350456595422 9.982658663392067 5.8999999999999995
    endloop
  endfacet
  facet normal -0.6593458167485153 0.7518398060333286 0
    outer loop
      vertex 103.34350456595422 9.982658663392067 5.8999999999999995
      vertex 103.34350456595422 9.982658663392067 8
      vertex 103.38284270763398 10.01715728789568 5.8999999999999995
    endloop
  endfacet
  facet normal -0.7518398060333286 0.6593458167485153 0
    outer loop
      vertex 103.38284270763398 10.01715728789568 5.8999999999999995
      vertex 103.38284270763398 10.01715728789568 8
      vertex 103.4173413321376 10.056495429575444 5.8999999999999995
    endloop
  endfacet
  facet normal -0.8314695592726233 0.5555703123844806 0
    outer loop
      vertex 103.4173413321376 10.056495429575444 5.8999999999999995
      vertex 103.4173413321376 10.056495429575444 8
      vertex 103.44641015976669 10.099999995529652 5.8999999999999995
    endloop
  endfacet
  facet normal -0.8968727555004397 0.44228866189520233 0
    outer loop
      vertex 103.44641015976669 10.099999995529652 5.8999999999999995
      vertex 103.44641015976669 10.099999995529652 8
      vertex 103.46955181211234 10.146926628053189 5.8999999999999995
    endloop
  endfacet
  facet normal -0.9469301288966354 0.321439467066198 0
    outer loop
      vertex 103.46955181211234 10.146926628053189 5.8999999999999995
      vertex 103.46955181211234 10.146926628053189 8
      vertex 103.48637032806874 10.196472378075123 5.8999999999999995
    endloop
  endfacet
  facet normal -0.9807852734670754 0.19509035688653092 0
    outer loop
      vertex 103.48637032806874 10.196472378075123 5.8999999999999995
      vertex 103.48637032806874 10.196472378075123 8
      vertex 103.4965779438615 10.247789518535138 5.8999999999999995
    endloop
  endfacet
  facet normal -0.9978589282087154 0.06540305340084454 0
    outer loop
      vertex 103.4965779438615 10.247789518535138 5.8999999999999995
      vertex 103.4965779438615 10.247789518535138 8
      vertex 103.49999999552966 10.299999998509884 5.8999999999999995
    endloop
  endfacet
  facet normal -1 0 0
    outer loop
      vertex 103.49999999552966 10.299999998509884 5.8999999999999995
      vertex 103.49999999552966 10.299999998509884 8
      vertex 103.49999999552966 11.346759308924783 5.8999999999999995
    endloop
  endfacet
  facet normal -1 0 0
    outer loop
      vertex 103.49999999552966 11.346759308924783 5.8999999999999995
      vertex 103.49999999552966 10.299999998509884 8
      vertex 103.49999999552966 11.346759308924783 6.35
    endloop
  endfacet
  facet normal -0.06540305340084454 0.9978589282087154 0
    outer loop
      vertex 103.15221047699453 9.903422051668167 5.8999999999999995
      vertex 103.09999999701978 9.9 8
      vertex 103.15221047699453 9.903422051668167 8
    endloop
  endfacet
  facet normal -0.19509035688653092 0.9807852734670754 0
    outer loop
      vertex 103.20352761745454 9.913629667460919 5.8999999999999995
      vertex 103.15221047699453 9.903422051668167 8
      vertex 103.20352761745454 9.913629667460919 8
    endloop
  endfacet
  facet normal -0.321439467066198 0.9469301288966354 0
    outer loop
      vertex 103.25307336747647 9.93044818341732 5.8999999999999995
      vertex 103.20352761745454 9.913629667460919 8
      vertex 103.25307336747647 9.93044818341732 8
    endloop
  endfacet
  facet normal -0.44228866189520233 0.8968727555004397 0
    outer loop
      vertex 103.30000000000001 9.953589835762978 5.8999999999999995
      vertex 103.25307336747647 9.93044818341732 8
      vertex 103.30000000000001 9.953589835762978 8
    endloop
  endfacet
  facet normal -0.5555703123844806 0.8314695592726233 0
    outer loop
      vertex 103.34350456595422 9.982658663392067 5.8999999999999995
      vertex 103.30000000000001 9.953589835762978 8
      vertex 103.34350456595422 9.982658663392067 8
    endloop
  endfacet
  facet normal -0.6593458167485153 0.7518398060333286 0
    outer loop
      vertex 103.38284270763398 10.01715728789568 5.8999999999999995
      vertex 103.34350456595422 9.982658663392067 8
      vertex 103.38284270763398 10.01715728789568 8
    endloop
  endfacet
  facet normal -1 0 0
    outer loop
      vertex 103.49999999552966 11.346759308924783 6.35
      vertex 103.49999999552966 10.299999998509884 8
      vertex 103.49999999552966 11.9 6.35
    endloop
  endfacet
  facet normal -0.7518398060333286 0.6593458167485153 0
    outer loop
      vertex 103.4173413321376 10.056495429575444 5.8999999999999995
      vertex 103.38284270763398 10.01715728789568 8
      vertex 103.4173413321376 10.056495429575444 8
    endloop
  endfacet
  facet normal -0.8314695592726233 0.5555703123844806 0
    outer loop
      vertex 103.44641015976669 10.099999995529652 5.8999999999999995
      vertex 103.4173413321376 10.056495429575444 8
      vertex 103.44641015976669 10.099999995529652 8
    endloop
  endfacet
  facet normal -0.8968727555004397 0.44228866189520233 0
    outer loop
      vertex 103.46955181211234 10.146926628053189 5.8999999999999995
      vertex 103.44641015976669 10.099999995529652 8
      vertex 103.46955181211234 10.146926628053189 8
    endloop
  endfacet
  facet normal -0.9469301288966354 0.321439467066198 0
    outer loop
      vertex 103.48637032806874 10.196472378075123 5.8999999999999995
      vertex 103.46955181211234 10.146926628053189 8
      vertex 103.48637032806874 10.196472378075123 8
    endloop
  endfacet
  facet normal -0.9807852734670754 0.19509035688653092 0
    outer loop
      vertex 103.4965779438615 10.247789518535138 5.8999999999999995
      vertex 103.48637032806874 10.196472378075123 8
      vertex 103.4965779438615 10.247789518535138 8
    endloop
  endfacet
  facet normal -0.9978589282087154 0.06540305340084454 0
    outer loop
      vertex 103.49999999552966 10.299999998509884 5.8999999999999995
      vertex 103.4965779438615 10.247789518535138 8
      vertex 103.49999999552966 10.299999998509884 8
    endloop
  endfacet
  facet normal -1 0 0
    outer loop
      vertex 103.49999999552966 11.9 6.35
      vertex 103.49999999552966 10.299999998509884 8
      vertex 103.49999999552966 11.9 8
    endloop
  endfacet
  facet normal 0 0 -1
    outer loop
      vertex 102.19255243959384 9.921218180714199 8
      vertex 103.34350456595422 9.982658663392067 8
      vertex 103.30000000000001 9.953589835762978 8
    endloop
  endfacet
  facet normal 0 0 -1
    outer loop
      vertex 102.19255243959384 9.921218180714199 8
      vertex 103.38284270763398 10.01715728789568 8
      vertex 103.34350456595422 9.982658663392067 8
    endloop
  endfacet
  facet normal 0 0 -1
    outer loop
      vertex 102.19255243959384 9.921218180714199 8
      vertex 103.4173413321376 10.056495429575444 8
      vertex 103.38284270763398 10.01715728789568 8
    endloop
  endfacet
  facet normal 0 0 -1
    outer loop
      vertex 103.09999999701978 9.9 8
      vertex 103.20352761745454 9.913629667460919 8
      vertex 103.15221047699453 9.903422051668167 8
    endloop
  endfacet
  facet normal 0 0 -1
    outer loop
      vertex 102.19255243959384 9.921218180714199 8
      vertex 103.44641015976669 10.099999995529652 8
      vertex 103.4173413321376 10.056495429575444 8
    endloop
  endfacet
  facet normal 0 0 -1
    outer loop
      vertex 102.19255243959384 9.921218180714199 8
      vertex 103.46955181211234 10.146926628053189 8
      vertex 103.44641015976669 10.099999995529652 8
    endloop
  endfacet
  facet normal 0 0 -1
    outer loop
      vertex 102.27109686814673 10.149268193517313 8
      vertex 103.48637032806874 10.196472378075123 8
      vertex 103.46955181211234 10.146926628053189 8
    endloop
  endfacet
  facet normal 0 0 -1
    outer loop
      vertex 102.27109686814673 10.149268193517313 8
      vertex 103.4965779438615 10.247789518535138 8
      vertex 103.48637032806874 10.196472378075123 8
    endloop
  endfacet
  facet normal 0 0 -1
    outer loop
      vertex 102.27109686814673 10.149268193517313 8
      vertex 103.49999999552966 10.299999998509884 8
      vertex 103.4965779438615 10.247789518535138 8
    endloop
  endfacet
  facet normal 0 0 -1
    outer loop
      vertex 102.60566779673192 10.697480976617083 8
      vertex 103.49999999552966 11.9 8
      vertex 103.49999999552966 10.299999998509884 8
    endloop
  endfacet
  facet normal 0.9807852734670754 0.19509035688653095 0
    outer loop
      vertex 99.81362966746093 21.39647237807512 6.35
      vertex 99.80342205166818 21.447789518535135 6.35
      vertex 99.80342205166818 21.447789518535135 8
    endloop
  endfacet
  facet normal 0.9469301288966354 0.321439467066198 0
    outer loop
      vertex 99.81362966746093 21.39647237807512 6.35
      vertex 99.81362966746093 21.39647237807512 8
      vertex 99.83044818341733 21.346926628053186 6.35
    endloop
  endfacet
  facet normal 0.9978589282087154 0.06540305340084454 0
    outer loop
      vertex 99.80342205166818 21.447789518535135 6.35
      vertex 99.80000000000001 21.49999999850988 6.35
      vertex 99.80000000000001 21.49999999850988 8
    endloop
  endfacet
  facet normal 0.8968727555004398 0.44228866189520233 0
    outer loop
      vertex 99.83044818341733 21.346926628053186 6.35
      vertex 99.83044818341733 21.346926628053186 8
      vertex 99.85358983576299 21.29999999552965 6.35
    endloop
  endfacet
  facet normal 0.8968727555004398 0.44228866189520233 0
    outer loop
      vertex 99.85358983576299 21.29999999552965 6.35
      vertex 99.83044818341733 21.346926628053186 8
      vertex 99.85358983576299 21.29999999552965 8
    endloop
  endfacet
  facet normal 0.6593458167485153 -0.7518398060333286 0
    outer loop
      vertex 99.91715728789569 24.98284271210432 6.35
      vertex 99.95649542957545 25.01734133660793 8
      vertex 99.91715728789569 24.98284271210432 8
    endloop
  endfacet
  facet normal 0.7518398060333259 0.6593458167485183 0
    outer loop
      vertex 99.9 21.23672142506904 6.35
      vertex 99.88265866339208 21.25649542957544 6.35
      vertex 99.9 21.23672142506904 8
    endloop
  endfacet
  facet normal 0.8314695592726234 0.5555703123844806 0
    outer loop
      vertex 99.85358983576299 21.29999999552965 6.35
      vertex 99.85358983576299 21.29999999552965 8
      vertex 99.88265866339208 21.25649542957544 6.35
    endloop
  endfacet
  facet normal 0.7518398060333259 0.6593458167485183 0
    outer loop
      vertex 99.88265866339208 21.25649542957544 6.35
      vertex 99.88265866339208 21.25649542957544 8
      vertex 99.9 21.23672142506904 8
    endloop
  endfacet
  facet normal 0.9807852734670754 0.19509035688653095 0
    outer loop
      vertex 99.81362966746093 21.39647237807512 6.35
      vertex 99.80342205166818 21.447789518535135 8
      vertex 99.81362966746093 21.39647237807512 8
    endloop
  endfacet
  facet normal 0.9978589282087154 0.06540305340084454 0
    outer loop
      vertex 99.80342205166818 21.447789518535135 6.35
      vertex 99.80000000000001 21.49999999850988 8
      vertex 99.80342205166818 21.447789518535135 8
    endloop
  endfacet
  facet normal 0.9469301288966354 0.321439467066198 0
    outer loop
      vertex 99.83044818341733 21.346926628053186 6.35
      vertex 99.81362966746093 21.39647237807512 8
      vertex 99.83044818341733 21.346926628053186 8
    endloop
  endfacet
  facet normal 0.8314695592726234 0.5555703123844806 0
    outer loop
      vertex 99.88265866339208 21.25649542957544 6.35
      vertex 99.85358983576299 21.29999999552965 8
      vertex 99.88265866339208 21.25649542957544 8
    endloop
  endfacet
  facet normal 1 0 0
    outer loop
      vertex 99.80000000000001 21.49999999850988 6.35
      vertex 99.80000000000001 24.700000001490114 8
      vertex 99.80000000000001 21.49999999850988 8
    endloop
  endfacet
  facet normal 1 0 0
    outer loop
      vertex 99.80000000000001 21.49999999850988 6.35
      vertex 99.80000000000001 24.700000001490114 6.35
      vertex 99.80000000000001 24.700000001490114 8
    endloop
  endfacet
  facet normal 0.9978589282087154 -0.06540305340084454 0
    outer loop
      vertex 99.80000000000001 24.700000001490114 6.35
      vertex 99.80342205166818 24.75221048146486 6.35
      vertex 99.80342205166818 24.75221048146486 8
    endloop
  endfacet
  facet normal 0.9807852734670754 -0.19509035688653095 0
    outer loop
      vertex 99.80342205166818 24.75221048146486 6.35
      vertex 99.81362966746093 24.803527621924875 6.35
      vertex 99.81362966746093 24.803527621924875 8
    endloop
  endfacet
  facet normal 0.9469301288966354 -0.321439467066198 0
    outer loop
      vertex 99.81362966746093 24.803527621924875 6.35
      vertex 99.83044818341733 24.85307337194681 6.35
      vertex 99.83044818341733 24.85307337194681 8
    endloop
  endfacet
  facet normal 0.8968727555004398 -0.44228866189520233 0
    outer loop
      vertex 99.83044818341733 24.85307337194681 6.35
      vertex 99.85358983576299 24.900000004470346 6.35
      vertex 99.85358983576299 24.900000004470346 8
    endloop
  endfacet
  facet normal 0.8314695592726234 -0.5555703123844806 0
    outer loop
      vertex 99.85358983576299 24.900000004470346 6.35
      vertex 99.88265866339208 24.943504570424555 6.35
      vertex 99.88265866339208 24.943504570424555 8
    endloop
  endfacet
  facet normal 0.7518398060333286 -0.6593458167485153 0
    outer loop
      vertex 99.88265866339208 24.943504570424555 6.35
      vertex 99.91715728789569 24.98284271210432 6.35
      vertex 99.91715728789569 24.98284271210432 8
    endloop
  endfacet
  facet normal 0.6593458167485153 -0.7518398060333286 0
    outer loop
      vertex 99.91715728789569 24.98284271210432 6.35
      vertex 99.95649542957545 25.01734133660793 6.35
      vertex 99.95649542957545 25.01734133660793 8
    endloop
  endfacet
  facet normal 0.5555703123844806 -0.8314695592726234 0
    outer loop
      vertex 99.95649542957545 25.01734133660793 6.35
      vertex 99.99999999552966 25.04641016423702 6.35
      vertex 99.99999999552966 25.04641016423702 8
    endloop
  endfacet
  facet normal 0.44228866189520233 -0.8968727555004398 0
    outer loop
      vertex 99.99999999552966 25.04641016423702 6.35
      vertex 100.0469266280532 25.069551816582678 6.35
      vertex 100.0469266280532 25.069551816582678 8
    endloop
  endfacet
  facet normal 0.321439467066198 -0.9469301288966354 0
    outer loop
      vertex 100.0469266280532 25.069551816582678 6.35
      vertex 100.09647237807513 25.08637033253908 6.35
      vertex 100.09647237807513 25.08637033253908 8
    endloop
  endfacet
  facet normal 0.19509035688653095 -0.9807852734670754 0
    outer loop
      vertex 100.09647237807513 25.08637033253908 6.35
      vertex 100.14778951853515 25.09657794833183 6.35
      vertex 100.14778951853515 25.09657794833183 8
    endloop
  endfacet
  facet normal 0.9978589282087154 -0.06540305340084454 0
    outer loop
      vertex 99.80000000000001 24.700000001490114 6.35
      vertex 99.80342205166818 24.75221048146486 8
      vertex 99.80000000000001 24.700000001490114 8
    endloop
  endfacet
  facet normal 0.9807852734670754 -0.19509035688653095 0
    outer loop
      vertex 99.80342205166818 24.75221048146486 6.35
      vertex 99.81362966746093 24.803527621924875 8
      vertex 99.80342205166818 24.75221048146486 8
    endloop
  endfacet
  facet normal 0.9469301288966354 -0.321439467066198 0
    outer loop
      vertex 99.81362966746093 24.803527621924875 6.35
      vertex 99.83044818341733 24.85307337194681 8
      vertex 99.81362966746093 24.803527621924875 8
    endloop
  endfacet
  facet normal 0.8968727555004398 -0.44228866189520233 0
    outer loop
      vertex 99.83044818341733 24.85307337194681 6.35
      vertex 99.85358983576299 24.900000004470346 8
      vertex 99.83044818341733 24.85307337194681 8
    endloop
  endfacet
  facet normal 0.8314695592726234 -0.5555703123844806 0
    outer loop
      vertex 99.85358983576299 24.900000004470346 6.35
      vertex 99.88265866339208 24.943504570424555 8
      vertex 99.85358983576299 24.900000004470346 8
    endloop
  endfacet
  facet normal 0.7518398060333286 -0.6593458167485153 0
    outer loop
      vertex 99.88265866339208 24.943504570424555 6.35
      vertex 99.91715728789569 24.98284271210432 8
      vertex 99.88265866339208 24.943504570424555 8
    endloop
  endfacet
  facet normal 0.5555703123844806 -0.8314695592726234 0
    outer loop
      vertex 99.95649542957545 25.01734133660793 6.35
      vertex 99.99999999552966 25.04641016423702 8
      vertex 99.95649542957545 25.01734133660793 8
    endloop
  endfacet
  facet normal 0.44228866189520233 -0.8968727555004398 0
    outer loop
      vertex 99.99999999552966 25.04641016423702 6.35
      vertex 100.0469266280532 25.069551816582678 8
      vertex 99.99999999552966 25.04641016423702 8
    endloop
  endfacet
  facet normal 0.321439467066198 -0.9469301288966354 0
    outer loop
      vertex 100.0469266280532 25.069551816582678 6.35
      vertex 100.09647237807513 25.08637033253908 8
      vertex 100.0469266280532 25.069551816582678 8
    endloop
  endfacet
  facet normal 0.19509035688653095 -0.9807852734670754 0
    outer loop
      vertex 100.09647237807513 25.08637033253908 6.35
      vertex 100.14778951853515 25.09657794833183 8
      vertex 100.09647237807513 25.08637033253908 8
    endloop
  endfacet
  facet normal 0.06540305340084454 -0.9978589282087154 0
    outer loop
      vertex 100.14778951853515 25.09657794833183 6.35
      vertex 100.1999999985099 25.099999999999998 8
      vertex 100.14778951853515 25.09657794833183 8
    endloop
  endfacet
  facet normal 0.06540305340084454 -0.9978589282087154 0
    outer loop
      vertex 100.14778951853515 25.09657794833183 6.35
      vertex 100.1999999985099 25.099999999999998 6.35
      vertex 100.1999999985099 25.099999999999998 8
    endloop
  endfacet
  facet normal 0 -1 0
    outer loop
      vertex 100.1999999985099 25.099999999999998 6.35
      vertex 102.18534983778507 25.099999999999998 6.35
      vertex 100.1999999985099 25.099999999999998 8
    endloop
  endfacet
  facet normal 0 -1 0
    outer loop
      vertex 102.18534983778507 25.099999999999998 5.8999999999999995
      vertex 103.09999999701978 25.099999999999998 5.8999999999999995
      vertex 103.09999999701978 25.099999999999998 8
    endloop
  endfacet
  facet normal 0 -1 0
    outer loop
      vertex 102.18534983778507 25.099999999999998 5.8999999999999995
      vertex 103.09999999701978 25.099999999999998 8
      vertex 102.18534983778507 25.099999999999998 6.35
    endloop
  endfacet
  facet normal 0 -1 0
    outer loop
      vertex 102.18534983778507 25.099999999999998 6.35
      vertex 103.09999999701978 25.099999999999998 8
      vertex 100.1999999985099 25.099999999999998 8
    endloop
  endfacet
  facet normal 0 0 -1
    outer loop
      vertex 99.85396818105309 21.314673969109784 8
      vertex 99.88265866339208 21.25649542957544 8
      vertex 99.85358983576299 21.29999999552965 8
    endloop
  endfacet
  facet normal 0 0 -1
    outer loop
      vertex 99.9 21.23672142506904 8
      vertex 99.88265866339208 21.25649542957544 8
      vertex 99.882825725259 21.274255266788195 8
    endloop
  endfacet
  facet normal 0 0 -1
    outer loop
      vertex 99.80000000000001 24.700000001490114 8
      vertex 99.80342205166818 24.75221048146486 8
      vertex 99.82529984868313 24.70105537100341 8
    endloop
  endfacet
  facet normal 0 0 -1
    outer loop
      vertex 99.80342205166818 24.75221048146486 8
      vertex 99.81362966746093 24.803527621924875 8
      vertex 99.83490582014365 24.753487721737773 8
    endloop
  endfacet
  facet normal 0 0 -1
    outer loop
      vertex 99.81362966746093 24.803527621924875 8
      vertex 99.83044818341733 24.85307337194681 8
      vertex 99.85076032131498 24.80496986706153 8
    endloop
  endfacet
  facet normal 0 0 -1
    outer loop
      vertex 99.83044818341733 24.85307337194681 8
      vertex 99.85358983576299 24.900000004470346 8
      vertex 99.87260478182473 24.854613356855953 8
    endloop
  endfacet
  facet normal 0 0 -1
    outer loop
      vertex 99.85358983576299 24.900000004470346 8
      vertex 99.88265866339208 24.943504570424555 8
      vertex 99.90007816633045 24.90156308066543 8
    endloop
  endfacet
  facet normal 0 0 -1
    outer loop
      vertex 99.88265866339208 24.943504570424555 8
      vertex 99.91715728789569 24.98284271210432 8
      vertex 99.93272241290441 24.945012128307887 8
    endloop
  endfacet
  facet normal 0 0 -1
    outer loop
      vertex 99.95649542957545 25.01734133660793 8
      vertex 99.99999999552966 25.04641016423702 8
      vertex 100.0112498671016 25.01850536690591 8
    endloop
  endfacet
  facet normal 0 0 -1
    outer loop
      vertex 99.99999999552966 25.04641016423702 8
      vertex 100.0469266280532 25.069551816582678 8
      vertex 100.05580312409994 25.047298277300023 8
    endloop
  endfacet
  facet normal 0 0 -1
    outer loop
      vertex 100.0469266280532 25.069551816582678 8
      vertex 100.09647237807513 25.08637033253908 8
      vertex 100.10288896340201 25.07010992680318 8
    endloop
  endfacet
  facet normal 0 0 -1
    outer loop
      vertex 100.09647237807513 25.08637033253908 8
      vertex 100.14778951853515 25.09657794833183 8
      vertex 100.1999999985099 25.099999999999998 8
    endloop
  endfacet
  facet normal 0 0 -1
    outer loop
      vertex 102.76208400315585 23.41909880819572 8
      vertex 101.33657297526939 24.743152948588985 8
      vertex 101.7192071231273 24.753898804078105 8
    endloop
  endfacet
  facet normal 0 0 -1
    outer loop
      vertex 101.43591409678194 24.81843776892739 8
      vertex 102.1936608285374 24.86673190226271 8
      vertex 102.26390050638938 24.86859719224815 8
    endloop
  endfacet
  facet normal 0 0 -1
    outer loop
      vertex 100.1999999985099 25.099999999999998 8
      vertex 103.09999999701978 25.099999999999998 8
      vertex 102.18675660238657 25.095855805120213 8
    endloop
  endfacet
  facet normal 0 0 -1
    outer loop
      vertex 101.43591409678194 24.81843776892739 8
      vertex 103.44641015976669 24.900000004470346 8
      vertex 101.7192071231273 24.753898804078105 8
    endloop
  endfacet
  facet normal 0 0 -1
    outer loop
      vertex 101.43591409678194 24.81843776892739 8
      vertex 102.26390050638938 24.86859719224815 8
      vertex 103.44641015976669 24.900000004470346 8
    endloop
  endfacet
  facet normal 0 0 -1
    outer loop
      vertex 102.76208400315585 23.41909880819572 8
      vertex 101.7192071231273 24.753898804078105 8
      vertex 103.49999999552966 23.1 8
    endloop
  endfacet
  facet normal 0 0 -1
    outer loop
      vertex 101.7192071231273 24.753898804078105 8
      vertex 103.49556154575308 23.65474734175463 8
      vertex 103.49999999552966 23.1 8
    endloop
  endfacet
  facet normal 0 0 -1
    outer loop
      vertex 101.7192071231273 24.753898804078105 8
      vertex 103.48637032806874 24.803527621924875 8
      vertex 103.49556154575308 23.65474734175463 8
    endloop
  endfacet
  facet normal 0 0 -1
    outer loop
      vertex 101.7192071231273 24.753898804078105 8
      vertex 103.46955181211234 24.85307337194681 8
      vertex 103.48637032806874 24.803527621924875 8
    endloop
  endfacet
  facet normal 0 0 -1
    outer loop
      vertex 101.7192071231273 24.753898804078105 8
      vertex 103.44641015976669 24.900000004470346 8
      vertex 103.46955181211234 24.85307337194681 8
    endloop
  endfacet
  facet normal 0 0 -1
    outer loop
      vertex 102.26390050638938 24.86859719224815 8
      vertex 102.18675660238657 25.095855805120213 8
      vertex 103.09999999701978 25.099999999999998 8
    endloop
  endfacet
  facet normal 0 0 -1
    outer loop
      vertex 102.26390050638938 24.86859719224815 8
      vertex 103.09999999701978 25.099999999999998 8
      vertex 103.15221047699453 25.09657794833183 8
    endloop
  endfacet
  facet normal 0 0 -1
    outer loop
      vertex 102.26390050638938 24.86859719224815 8
      vertex 103.15221047699453 25.09657794833183 8
      vertex 103.20352761745454 25.08637033253908 8
    endloop
  endfacet
  facet normal 0 0 -1
    outer loop
      vertex 102.26390050638938 24.86859719224815 8
      vertex 103.20352761745454 25.08637033253908 8
      vertex 103.25307336747647 25.069551816582678 8
    endloop
  endfacet
  facet normal -1 0 0
    outer loop
      vertex 103.49999999552966 23.1 6.35
      vertex 103.49999999552966 23.1 8
      vertex 103.49999999552966 23.653240691075215 6.35
    endloop
  endfacet
  facet normal -1 0 0
    outer loop
      vertex 103.49999999552966 23.653240691075215 5.8999999999999995
      vertex 103.49999999552966 23.653240691075215 6.35
      vertex 103.49999999552966 24.700000001490114 5.8999999999999995
    endloop
  endfacet
  facet normal -0.6593458167485153 -0.7518398060333286 0
    outer loop
      vertex 103.38284270763398 24.98284271210432 5.8999999999999995
      vertex 103.38284270763398 24.98284271210432 8
      vertex 103.34350456595422 25.01734133660793 5.8999999999999995
    endloop
  endfacet
  facet normal -0.06540305340084454 -0.9978589282087154 0
    outer loop
      vertex 103.09999999701978 25.099999999999998 5.8999999999999995
      vertex 103.15221047699453 25.09657794833183 5.8999999999999995
      vertex 103.15221047699453 25.09657794833183 8
    endloop
  endfacet
  facet normal -0.19509035688653092 -0.9807852734670754 0
    outer loop
      vertex 103.15221047699453 25.09657794833183 5.8999999999999995
      vertex 103.20352761745454 25.08637033253908 5.8999999999999995
      vertex 103.20352761745454 25.08637033253908 8
    endloop
  endfacet
  facet normal -0.321439467066198 -0.9469301288966354 0
    outer loop
      vertex 103.20352761745454 25.08637033253908 5.8999999999999995
      vertex 103.25307336747647 25.069551816582678 5.8999999999999995
      vertex 103.25307336747647 25.069551816582678 8
    endloop
  endfacet
  facet normal -0.44228866189520233 -0.8968727555004397 0
    outer loop
      vertex 103.25307336747647 25.069551816582678 5.8999999999999995
      vertex 103.30000000000001 25.04641016423702 5.8999999999999995
      vertex 103.30000000000001 25.04641016423702 8
    endloop
  endfacet
  facet normal -0.5555703123844806 -0.8314695592726233 0
    outer loop
      vertex 103.30000000000001 25.04641016423702 5.8999999999999995
      vertex 103.34350456595422 25.01734133660793 5.8999999999999995
      vertex 103.34350456595422 25.01734133660793 8
    endloop
  endfacet
  facet normal -0.7518398060333286 -0.6593458167485153 0
    outer loop
      vertex 103.38284270763398 24.98284271210432 5.8999999999999995
      vertex 103.4173413321376 24.943504570424555 5.8999999999999995
      vertex 103.4173413321376 24.943504570424555 8
    endloop
  endfacet
  facet normal -0.8314695592726233 -0.5555703123844806 0
    outer loop
      vertex 103.4173413321376 24.943504570424555 5.8999999999999995
      vertex 103.44641015976669 24.900000004470346 5.8999999999999995
      vertex 103.44641015976669 24.900000004470346 8
    endloop
  endfacet
  facet normal -0.9978589282087154 -0.06540305340084454 0
    outer loop
      vertex 103.4965779438615 24.75221048146486 5.8999999999999995
      vertex 103.49999999552966 24.700000001490114 5.8999999999999995
      vertex 103.49999999552966 24.700000001490114 8
    endloop
  endfacet
  facet normal -0.9807852734670754 -0.19509035688653092 0
    outer loop
      vertex 103.4965779438615 24.75221048146486 5.8999999999999995
      vertex 103.4965779438615 24.75221048146486 8
      vertex 103.48637032806874 24.803527621924875 5.8999999999999995
    endloop
  endfacet
  facet normal -0.8968727555004397 -0.44228866189520233 0
    outer loop
      vertex 103.44641015976669 24.900000004470346 5.8999999999999995
      vertex 103.46955181211234 24.85307337194681 5.8999999999999995
      vertex 103.46955181211234 24.85307337194681 8
    endloop
  endfacet
  facet normal -0.9469301288966354 -0.321439467066198 0
    outer loop
      vertex 103.48637032806874 24.803527621924875 5.8999999999999995
      vertex 103.48637032806874 24.803527621924875 8
      vertex 103.46955181211234 24.85307337194681 5.8999999999999995
    endloop
  endfacet
  facet normal -1 0 0
    outer loop
      vertex 103.49999999552966 24.700000001490114 5.8999999999999995
      vertex 103.49999999552966 23.653240691075215 6.35
      vertex 103.49999999552966 24.700000001490114 8
    endloop
  endfacet
  facet normal -0.06540305340084454 -0.9978589282087154 0
    outer loop
      vertex 103.09999999701978 25.099999999999998 5.8999999999999995
      vertex 103.15221047699453 25.09657794833183 8
      vertex 103.09999999701978 25.099999999999998 8
    endloop
  endfacet
  facet normal -0.19509035688653092 -0.9807852734670754 0
    outer loop
      vertex 103.15221047699453 25.09657794833183 5.8999999999999995
      vertex 103.20352761745454 25.08637033253908 8
      vertex 103.15221047699453 25.09657794833183 8
    endloop
  endfacet
  facet normal -0.321439467066198 -0.9469301288966354 0
    outer loop
      vertex 103.20352761745454 25.08637033253908 5.8999999999999995
      vertex 103.25307336747647 25.069551816582678 8
      vertex 103.20352761745454 25.08637033253908 8
    endloop
  endfacet
  facet normal -0.44228866189520233 -0.8968727555004397 0
    outer loop
      vertex 103.25307336747647 25.069551816582678 5.8999999999999995
      vertex 103.30000000000001 25.04641016423702 8
      vertex 103.25307336747647 25.069551816582678 8
    endloop
  endfacet
  facet normal -0.5555703123844806 -0.8314695592726233 0
    outer loop
      vertex 103.30000000000001 25.04641016423702 5.8999999999999995
      vertex 103.34350456595422 25.01734133660793 8
      vertex 103.30000000000001 25.04641016423702 8
    endloop
  endfacet
  facet normal -0.6593458167485153 -0.7518398060333286 0
    outer loop
      vertex 103.34350456595422 25.01734133660793 5.8999999999999995
      vertex 103.38284270763398 24.98284271210432 8
      vertex 103.34350456595422 25.01734133660793 8
    endloop
  endfacet
  facet normal -0.7518398060333286 -0.6593458167485153 0
    outer loop
      vertex 103.38284270763398 24.98284271210432 5.8999999999999995
      vertex 103.4173413321376 24.943504570424555 8
      vertex 103.38284270763398 24.98284271210432 8
    endloop
  endfacet
  facet normal -0.8314695592726233 -0.5555703123844806 0
    outer loop
      vertex 103.4173413321376 24.943504570424555 5.8999999999999995
      vertex 103.44641015976669 24.900000004470346 8
      vertex 103.4173413321376 24.943504570424555 8
    endloop
  endfacet
  facet normal -0.9978589282087154 -0.06540305340084454 0
    outer loop
      vertex 103.4965779438615 24.75221048146486 5.8999999999999995
      vertex 103.49999999552966 24.700000001490114 8
      vertex 103.4965779438615 24.75221048146486 8
    endloop
  endfacet
  facet normal -0.9807852734670754 -0.19509035688653092 0
    outer loop
      vertex 103.48637032806874 24.803527621924875 5.8999999999999995
      vertex 103.4965779438615 24.75221048146486 8
      vertex 103.48637032806874 24.803527621924875 8
    endloop
  endfacet
  facet normal -0.8968727555004397 -0.44228866189520233 0
    outer loop
      vertex 103.44641015976669 24.900000004470346 5.8999999999999995
      vertex 103.46955181211234 24.85307337194681 8
      vertex 103.44641015976669 24.900000004470346 8
    endloop
  endfacet
  facet normal -0.9469301288966354 -0.321439467066198 0
    outer loop
      vertex 103.46955181211234 24.85307337194681 5.8999999999999995
      vertex 103.48637032806874 24.803527621924875 8
      vertex 103.46955181211234 24.85307337194681 8
    endloop
  endfacet
  facet normal -1 0 0
    outer loop
      vertex 103.49999999552966 23.653240691075215 6.35
      vertex 103.49999999552966 23.1 8
      vertex 103.49999999552966 24.700000001490114 8
    endloop
  endfacet
  facet normal 0 0 -1
    outer loop
      vertex 102.26390050638938 24.86859719224815 8
      vertex 103.25307336747647 25.069551816582678 8
      vertex 103.30000000000001 25.04641016423702 8
    endloop
  endfacet
  facet normal 0 0 -1
    outer loop
      vertex 102.26390050638938 24.86859719224815 8
      vertex 103.30000000000001 25.04641016423702 8
      vertex 103.34350456595422 25.01734133660793 8
    endloop
  endfacet
  facet normal 0 0 -1
    outer loop
      vertex 102.26390050638938 24.86859719224815 8
      vertex 103.34350456595422 25.01734133660793 8
      vertex 103.38284270763398 24.98284271210432 8
    endloop
  endfacet
  facet normal 0 0 -1
    outer loop
      vertex 102.26390050638938 24.86859719224815 8
      vertex 103.38284270763398 24.98284271210432 8
      vertex 103.4173413321376 24.943504570424555 8
    endloop
  endfacet
  facet normal 0 0 -1
    outer loop
      vertex 102.26390050638938 24.86859719224815 8
      vertex 103.4173413321376 24.943504570424555 8
      vertex 103.44641015976669 24.900000004470346 8
    endloop
  endfacet
  facet normal 0 0 -1
    outer loop
      vertex 103.49556154575308 23.65474734175463 8
      vertex 103.4965779438615 24.75221048146486 8
      vertex 103.49885331944668 23.65362993515512 8
    endloop
  endfacet
  facet normal 0 0 -1
    outer loop
      vertex 103.49999999552966 23.1 8
      vertex 103.49885331944668 23.65362993515512 8
      vertex 103.49999999552966 24.700000001490114 8
    endloop
  endfacet
  facet normal 0 0 -1
    outer loop
      vertex 103.49885331944668 23.65362993515512 8
      vertex 103.4965779438615 24.75221048146486 8
      vertex 103.49999999552966 24.700000001490114 8
    endloop
  endfacet
  facet normal 0 0 -1
    outer loop
      vertex 103.49556154575308 23.65474734175463 8
      vertex 103.48637032806874 24.803527621924875 8
      vertex 103.4965779438615 24.75221048146486 8
    endloop
  endfacet
  facet normal 0 0 -1
    outer loop
      vertex 99.27044450491667 9.944708570837975 6.35
      vertex 99.99999999552966 9.953589835762978 6.35
      vertex 99.29567228257656 9.870389938354492 6.35
    endloop
  endfacet
  facet normal 0 0 -1
    outer loop
      vertex 99.27044450491667 9.944708570837975 6.35
      vertex 99.25513308495283 10.021684288978577 6.35
      vertex 99.80000000000001 10.299999998509884 6.35
    endloop
  endfacet
  facet normal 0 0 -1
    outer loop
      vertex 99.25513308495283 10.021684288978577 6.35
      vertex 99.25 10.100000001490116 6.35
      vertex 99.80000000000001 10.299999998509884 6.35
    endloop
  endfacet
  facet normal 0 0 -1
    outer loop
      vertex 99.27044450491667 9.944708570837975 6.35
      vertex 99.83044818341733 10.146926628053189 6.35
      vertex 99.85358983576299 10.099999995529652 6.35
    endloop
  endfacet
  facet normal 0 0 -1
    outer loop
      vertex 99.27044450491667 9.944708570837975 6.35
      vertex 99.80342205166818 10.247789518535138 6.35
      vertex 99.81362966746093 10.196472378075123 6.35
    endloop
  endfacet
  facet normal 0 0 -1
    outer loop
      vertex 99.27044450491667 9.944708570837975 6.35
      vertex 99.80062737613918 10.290428077181181 6.35
      vertex 99.80342205166818 10.247789518535138 6.35
    endloop
  endfacet
  facet normal 0 0 -1
    outer loop
      vertex 99.27044450491667 9.944708570837975 6.35
      vertex 99.80000000000001 10.299999998509884 6.35
      vertex 99.80062737613918 10.290428077181181 6.35
    endloop
  endfacet
  facet normal 0 0 -1
    outer loop
      vertex 99.27044450491667 9.944708570837975 6.35
      vertex 99.81362966746093 10.196472378075123 6.35
      vertex 99.83044818341733 10.146926628053189 6.35
    endloop
  endfacet
  facet normal 0 0 -1
    outer loop
      vertex 99.27044450491667 9.944708570837975 6.35
      vertex 99.85358983576299 10.099999995529652 6.35
      vertex 99.88265866339208 10.056495429575444 6.35
    endloop
  endfacet
  facet normal 0 0 -1
    outer loop
      vertex 99.27044450491667 9.944708570837975 6.35
      vertex 99.88265866339208 10.056495429575444 6.35
      vertex 99.88898341121774 10.049283436934154 6.35
    endloop
  endfacet
  facet normal 0 0 -1
    outer loop
      vertex 99.27044450491667 9.944708570837975 6.35
      vertex 99.88898341121774 10.049283436934154 6.35
      vertex 99.91715728789569 10.01715728789568 6.35
    endloop
  endfacet
  facet normal 0 0 -1
    outer loop
      vertex 99.27044450491667 9.944708570837975 6.35
      vertex 99.91715728789569 10.01715728789568 6.35
      vertex 99.95649542957545 9.982658663392067 6.35
    endloop
  endfacet
  facet normal 0 0 -1
    outer loop
      vertex 99.27044450491667 9.944708570837975 6.35
      vertex 99.95649542957545 9.982658663392067 6.35
      vertex 99.99999999552966 9.953589835762978 6.35
    endloop
  endfacet
  facet normal 0 0 -1
    outer loop
      vertex 99.29567228257656 9.870389938354492 6.35
      vertex 99.99999999552966 9.953589835762978 6.35
      vertex 100.0469266280532 9.93044818341732 6.35
    endloop
  endfacet
  facet normal 0 0 -1
    outer loop
      vertex 99.29567228257656 9.870389938354492 6.35
      vertex 100.0469266280532 9.93044818341732 6.35
      vertex 100.09647237807513 9.913629667460919 6.35
    endloop
  endfacet
  facet normal 0 0 -1
    outer loop
      vertex 99.29567228257656 9.870389938354492 6.35
      vertex 100.09647237807513 9.913629667460919 6.35
      vertex 100.14778951853515 9.903422051668167 6.35
    endloop
  endfacet
  facet normal 0 0 -1
    outer loop
      vertex 99.29567228257656 9.870389938354492 6.35
      vertex 100.14778951853515 9.903422051668167 6.35
      vertex 100.1999999985099 9.9 6.35
    endloop
  endfacet
  facet normal 0 0 -1
    outer loop
      vertex 99.29567228257656 9.870389938354492 6.35
      vertex 102.18534983778507 9.9 6.35
      vertex 99.33038476109505 9.800000004470348 6.35
    endloop
  endfacet
  facet normal 0 0 -1
    outer loop
      vertex 99.33038476109505 9.800000004470348 6.35
      vertex 102.17496318216405 9.869401899225547 6.35
      vertex 99.3739879950881 9.734743140637875 6.35
    endloop
  endfacet
  facet normal 0 0 -1
    outer loop
      vertex 99.3739879950881 9.734743140637875 6.35
      vertex 102.17496318216405 9.869401899225547 6.35
      vertex 99.42573593556881 9.67573593556881 6.35
    endloop
  endfacet
  facet normal 0 0 -1
    outer loop
      vertex 99.42573593556881 9.67573593556881 6.35
      vertex 102.17496318216405 9.869401899225547 6.35
      vertex 99.48474314063787 9.6239879950881 6.35
    endloop
  endfacet
  facet normal 0 0 -1
    outer loop
      vertex 99.62038993835449 9.545672282576561 6.35
      vertex 102.11882130497762 9.587157622884114 6.35
      vertex 99.69470857083797 9.520444504916668 6.35
    endloop
  endfacet
  facet normal 0 0 -1
    outer loop
      vertex 99.48474314063787 9.6239879950881 6.35
      vertex 102.17496318216405 9.869401899225547 6.35
      vertex 99.55000000447035 9.580384761095047 6.35
    endloop
  endfacet
  facet normal 0 0 -1
    outer loop
      vertex 99.55000000447035 9.580384761095047 6.35
      vertex 102.17496318216405 9.869401899225547 6.35
      vertex 99.62038993835449 9.545672282576561 6.35
    endloop
  endfacet
  facet normal 0 0 -1
    outer loop
      vertex 99.69470857083797 9.520444504916668 6.35
      vertex 102.11882130497762 9.587157622884114 6.35
      vertex 99.77168428897858 9.505133084952831 6.35
    endloop
  endfacet
  facet normal 0 0 -1
    outer loop
      vertex 99.77168428897858 9.505133084952831 6.35
      vertex 102.11882130497762 9.587157622884114 6.35
      vertex 99.85000000149012 9.5 6.35
    endloop
  endfacet
  facet normal 0 0 -1
    outer loop
      vertex 99.29567228257656 9.870389938354492 6.35
      vertex 100.1999999985099 9.9 6.35
      vertex 102.18534983778507 9.9 6.35
    endloop
  endfacet
  facet normal -0.9807852861623684 -0.19509029306298437 0
    outer loop
      vertex 99.27044450491667 9.944708570837975 6.35
      vertex 99.25513308495283 10.021684288978577 8
      vertex 99.25513308495283 10.021684288978577 6.35
    endloop
  endfacet
  facet normal -0.8968727183595742 -0.4422887372094249 0
    outer loop
      vertex 99.29567228257656 9.870389938354492 6.35
      vertex 99.33038476109505 9.800000004470348 6.35
      vertex 99.29567228257656 9.870389938354492 8
    endloop
  endfacet
  facet normal -0.9469301242576151 -0.3214394807323106 0
    outer loop
      vertex 99.27044450491667 9.944708570837975 6.35
      vertex 99.29567228257656 9.870389938354492 6.35
      vertex 99.27044450491667 9.944708570837975 8
    endloop
  endfacet
  facet normal -0.8314696617280483 -0.5555701590491026 0
    outer loop
      vertex 99.33038476109505 9.800000004470348 6.35
      vertex 99.3739879950881 9.734743140637875 6.35
      vertex 99.33038476109505 9.800000004470348 8
    endloop
  endfacet
  facet normal -0.7518397412332603 -0.6593458906388241 0
    outer loop
      vertex 99.3739879950881 9.734743140637875 6.35
      vertex 99.42573593556881 9.67573593556881 6.35
      vertex 99.3739879950881 9.734743140637875 8
    endloop
  endfacet
  facet normal -0.6593458906388241 -0.7518397412332603 0
    outer loop
      vertex 99.42573593556881 9.67573593556881 6.35
      vertex 99.48474314063787 9.6239879950881 6.35
      vertex 99.42573593556881 9.67573593556881 8
    endloop
  endfacet
  facet normal -0.5555701590491026 -0.8314696617280483 0
    outer loop
      vertex 99.48474314063787 9.6239879950881 6.35
      vertex 99.55000000447035 9.580384761095047 6.35
      vertex 99.48474314063787 9.6239879950881 8
    endloop
  endfacet
  facet normal -0.4422887372094249 -0.8968727183595742 0
    outer loop
      vertex 99.55000000447035 9.580384761095047 6.35
      vertex 99.62038993835449 9.545672282576561 6.35
      vertex 99.55000000447035 9.580384761095047 8
    endloop
  endfacet
  facet normal -0.3214394807323106 -0.9469301242576151 0
    outer loop
      vertex 99.62038993835449 9.545672282576561 6.35
      vertex 99.69470857083797 9.520444504916668 6.35
      vertex 99.62038993835449 9.545672282576561 8
    endloop
  endfacet
  facet normal -0.9978589216071184 -0.065403154121789 0
    outer loop
      vertex 99.25513308495283 10.021684288978577 6.35
      vertex 99.25 10.100000001490116 8
      vertex 99.25 10.100000001490116 6.35
    endloop
  endfacet
  facet normal -0.19509029306298437 -0.9807852861623684 0
    outer loop
      vertex 99.69470857083797 9.520444504916668 6.35
      vertex 99.77168428897858 9.505133084952831 6.35
      vertex 99.69470857083797 9.520444504916668 8
    endloop
  endfacet
  facet normal -0.065403154121789 -0.9978589216071184 0
    outer loop
      vertex 99.77168428897858 9.505133084952831 6.35
      vertex 99.85000000149012 9.5 6.35
      vertex 99.77168428897858 9.505133084952831 8
    endloop
  endfacet
  facet normal -0.9807852861623684 -0.19509029306298437 0
    outer loop
      vertex 99.27044450491667 9.944708570837975 6.35
      vertex 99.27044450491667 9.944708570837975 8
      vertex 99.25513308495283 10.021684288978577 8
    endloop
  endfacet
  facet normal -0.9469301242576151 -0.3214394807323106 0
    outer loop
      vertex 99.29567228257656 9.870389938354492 6.35
      vertex 99.29567228257656 9.870389938354492 8
      vertex 99.27044450491667 9.944708570837975 8
    endloop
  endfacet
  facet normal -0.8314696617280483 -0.5555701590491026 0
    outer loop
      vertex 99.3739879950881 9.734743140637875 6.35
      vertex 99.3739879950881 9.734743140637875 8
      vertex 99.33038476109505 9.800000004470348 8
    endloop
  endfacet
  facet normal -0.8968727183595742 -0.4422887372094249 0
    outer loop
      vertex 99.33038476109505 9.800000004470348 6.35
      vertex 99.33038476109505 9.800000004470348 8
      vertex 99.29567228257656 9.870389938354492 8
    endloop
  endfacet
  facet normal -0.7518397412332603 -0.6593458906388241 0
    outer loop
      vertex 99.42573593556881 9.67573593556881 6.35
      vertex 99.42573593556881 9.67573593556881 8
      vertex 99.3739879950881 9.734743140637875 8
    endloop
  endfacet
  facet normal -0.6593458906388241 -0.7518397412332603 0
    outer loop
      vertex 99.48474314063787 9.6239879950881 6.35
      vertex 99.48474314063787 9.6239879950881 8
      vertex 99.42573593556881 9.67573593556881 8
    endloop
  endfacet
  facet normal -0.5555701590491026 -0.8314696617280483 0
    outer loop
      vertex 99.55000000447035 9.580384761095047 6.35
      vertex 99.55000000447035 9.580384761095047 8
      vertex 99.48474314063787 9.6239879950881 8
    endloop
  endfacet
  facet normal -0.4422887372094249 -0.8968727183595742 0
    outer loop
      vertex 99.62038993835449 9.545672282576561 6.35
      vertex 99.62038993835449 9.545672282576561 8
      vertex 99.55000000447035 9.580384761095047 8
    endloop
  endfacet
  facet normal -0.3214394807323106 -0.9469301242576151 0
    outer loop
      vertex 99.69470857083797 9.520444504916668 6.35
      vertex 99.69470857083797 9.520444504916668 8
      vertex 99.62038993835449 9.545672282576561 8
    endloop
  endfacet
  facet normal -0.9978589216071184 -0.065403154121789 0
    outer loop
      vertex 99.25513308495283 10.021684288978577 6.35
      vertex 99.25513308495283 10.021684288978577 8
      vertex 99.25 10.100000001490116 8
    endloop
  endfacet
  facet normal -0.19509029306298437 -0.9807852861623684 0
    outer loop
      vertex 99.77168428897858 9.505133084952831 6.35
      vertex 99.77168428897858 9.505133084952831 8
      vertex 99.69470857083797 9.520444504916668 8
    endloop
  endfacet
  facet normal -0.065403154121789 -0.9978589216071184 0
    outer loop
      vertex 99.85000000149012 9.5 6.35
      vertex 99.85000000149012 9.5 8
      vertex 99.77168428897858 9.505133084952831 8
    endloop
  endfacet
  facet normal 0 -1 0
    outer loop
      vertex 99.85000000149012 9.5 6.35
      vertex 102.11310869256305 9.5 6.35
      vertex 99.85000000149012 9.5 8
    endloop
  endfacet
  facet normal 0 0 -1
    outer loop
      vertex 99.25 10.100000001490116 6.35
      vertex 99.3 14.2 6.35
      vertex 99.80000000000001 10.299999998509884 6.35
    endloop
  endfacet
  facet normal 0 0 -1
    outer loop
      vertex 99.80000000000001 10.299999998509884 6.35
      vertex 99.3 14.2 6.35
      vertex 99.80000000000001 13.500000001490116 6.35
    endloop
  endfacet
  facet normal 0 0 -1
    outer loop
      vertex 99.3 14.2 6.35
      vertex 99.80342205166818 13.552210481464863 6.35
      vertex 99.80000000000001 13.500000001490116 6.35
    endloop
  endfacet
  facet normal 0 0 -1
    outer loop
      vertex 99.3 14.2 6.35
      vertex 99.81362966746093 13.603527621924878 6.35
      vertex 99.80342205166818 13.552210481464863 6.35
    endloop
  endfacet
  facet normal 0 0 -1
    outer loop
      vertex 99.3 14.2 6.35
      vertex 99.83044818341733 13.653073371946812 6.35
      vertex 99.81362966746093 13.603527621924878 6.35
    endloop
  endfacet
  facet normal 0 0 -1
    outer loop
      vertex 99.3 14.2 6.35
      vertex 99.9 14.2 6.35
      vertex 99.83044818341733 13.653073371946812 6.35
    endloop
  endfacet
  facet normal 0 0 -1
    outer loop
      vertex 99.83044818341733 13.653073371946812 6.35
      vertex 99.9 14.2 6.35
      vertex 99.85358983576299 13.700000004470349 6.35
    endloop
  endfacet
  facet normal 0 0 -1
    outer loop
      vertex 99.85358983576299 13.700000004470349 6.35
      vertex 99.9 14.2 6.35
      vertex 99.88265866339208 13.743504570424557 6.35
    endloop
  endfacet
  facet normal 0 0 -1
    outer loop
      vertex 99.88265866339208 13.743504570424557 6.35
      vertex 99.9 14.2 6.35
      vertex 99.9 13.76327857493096 6.35
    endloop
  endfacet
  facet normal 0 0 -1
    outer loop
      vertex 99.25 10.100000001490116 6.35
      vertex 99.25 24.899999998509884 6.35
      vertex 99.3 14.2 6.35
    endloop
  endfacet
  facet normal 0 0 -1
    outer loop
      vertex 99.33038476109505 9.800000004470348 6.35
      vertex 102.18534983778507 9.9 6.35
      vertex 102.17496318216405 9.869401899225547 6.35
    endloop
  endfacet
  facet normal 0 0 -1
    outer loop
      vertex 99.62038993835449 9.545672282576561 6.35
      vertex 102.17496318216405 9.869401899225547 6.35
      vertex 102.11882130497762 9.587157622884114 6.35
    endloop
  endfacet
  facet normal 0 0 -1
    outer loop
      vertex 99.85000000149012 9.5 6.35
      vertex 102.11882130497762 9.587157622884114 6.35
      vertex 102.11310869256305 9.5 6.35
    endloop
  endfacet
  facet normal 0 -1 0
    outer loop
      vertex 102.11310869256305 9.5 6.35
      vertex 102.11310869256305 9.5 8
      vertex 99.85000000149012 9.5 8
    endloop
  endfacet
  facet normal -0.9807852861623684 -0.19509029306298437 0
    outer loop
      vertex 99.27044450491667 9.944708570837975 9.2
      vertex 99.25513308495283 10.021684288978577 9.35
      vertex 99.25513308495283 10.021684288978577 9.2
    endloop
  endfacet
  facet normal -0.8968727183595743 -0.44228873720942496 0
    outer loop
      vertex 99.29567228257656 9.870389938354492 9.2
      vertex 99.33038476109505 9.800000004470348 9.2
      vertex 99.29567228257656 9.870389938354492 9.35
    endloop
  endfacet
  facet normal -0.9469301242576151 -0.3214394807323106 0
    outer loop
      vertex 99.27044450491667 9.944708570837975 9.2
      vertex 99.29567228257656 9.870389938354492 9.2
      vertex 99.27044450491667 9.944708570837975 9.35
    endloop
  endfacet
  facet normal -0.8314696617280481 -0.5555701590491025 0
    outer loop
      vertex 99.33038476109505 9.800000004470348 9.2
      vertex 99.3739879950881 9.734743140637875 9.2
      vertex 99.33038476109505 9.800000004470348 9.35
    endloop
  endfacet
  facet normal -0.7518397412332603 -0.6593458906388242 0
    outer loop
      vertex 99.3739879950881 9.734743140637875 9.2
      vertex 99.42573593556881 9.67573593556881 9.2
      vertex 99.3739879950881 9.734743140637875 9.35
    endloop
  endfacet
  facet normal -0.6593458906388242 -0.7518397412332603 0
    outer loop
      vertex 99.42573593556881 9.67573593556881 9.2
      vertex 99.48474314063787 9.6239879950881 9.2
      vertex 99.42573593556881 9.67573593556881 9.35
    endloop
  endfacet
  facet normal -0.5555701590491025 -0.8314696617280481 0
    outer loop
      vertex 99.48474314063787 9.6239879950881 9.2
      vertex 99.55000000447035 9.580384761095047 9.2
      vertex 99.48474314063787 9.6239879950881 9.35
    endloop
  endfacet
  facet normal -0.44228873720942496 -0.8968727183595743 0
    outer loop
      vertex 99.55000000447035 9.580384761095047 9.2
      vertex 99.62038993835449 9.545672282576561 9.2
      vertex 99.55000000447035 9.580384761095047 9.35
    endloop
  endfacet
  facet normal -0.3214394807323106 -0.9469301242576151 0
    outer loop
      vertex 99.62038993835449 9.545672282576561 9.2
      vertex 99.69470857083797 9.520444504916668 9.2
      vertex 99.62038993835449 9.545672282576561 9.35
    endloop
  endfacet
  facet normal -0.9978589216071186 -0.06540315412178903 0
    outer loop
      vertex 99.25513308495283 10.021684288978577 9.2
      vertex 99.25 10.100000001490116 9.35
      vertex 99.25 10.100000001490116 9.2
    endloop
  endfacet
  facet normal -0.19509029306298437 -0.9807852861623684 0
    outer loop
      vertex 99.69470857083797 9.520444504916668 9.2
      vertex 99.77168428897858 9.505133084952831 9.2
      vertex 99.69470857083797 9.520444504916668 9.35
    endloop
  endfacet
  facet normal -0.06540315412178903 -0.9978589216071186 0
    outer loop
      vertex 99.77168428897858 9.505133084952831 9.2
      vertex 99.85000000149012 9.5 9.2
      vertex 99.77168428897858 9.505133084952831 9.35
    endloop
  endfacet
  facet normal -0.9807852861623684 -0.19509029306298437 0
    outer loop
      vertex 99.27044450491667 9.944708570837975 9.2
      vertex 99.27044450491667 9.944708570837975 9.35
      vertex 99.25513308495283 10.021684288978577 9.35
    endloop
  endfacet
  facet normal -0.9469301242576151 -0.3214394807323106 0
    outer loop
      vertex 99.29567228257656 9.870389938354492 9.2
      vertex 99.29567228257656 9.870389938354492 9.35
      vertex 99.27044450491667 9.944708570837975 9.35
    endloop
  endfacet
  facet normal -0.8314696617280481 -0.5555701590491025 0
    outer loop
      vertex 99.3739879950881 9.734743140637875 9.2
      vertex 99.3739879950881 9.734743140637875 9.35
      vertex 99.33038476109505 9.800000004470348 9.35
    endloop
  endfacet
  facet normal -0.8968727183595743 -0.44228873720942496 0
    outer loop
      vertex 99.33038476109505 9.800000004470348 9.2
      vertex 99.33038476109505 9.800000004470348 9.35
      vertex 99.29567228257656 9.870389938354492 9.35
    endloop
  endfacet
  facet normal -0.7518397412332603 -0.6593458906388242 0
    outer loop
      vertex 99.42573593556881 9.67573593556881 9.2
      vertex 99.42573593556881 9.67573593556881 9.35
      vertex 99.3739879950881 9.734743140637875 9.35
    endloop
  endfacet
  facet normal -0.6593458906388242 -0.7518397412332603 0
    outer loop
      vertex 99.48474314063787 9.6239879950881 9.2
      vertex 99.48474314063787 9.6239879950881 9.35
      vertex 99.42573593556881 9.67573593556881 9.35
    endloop
  endfacet
  facet normal -0.5555701590491025 -0.8314696617280481 0
    outer loop
      vertex 99.55000000447035 9.580384761095047 9.2
      vertex 99.55000000447035 9.580384761095047 9.35
      vertex 99.48474314063787 9.6239879950881 9.35
    endloop
  endfacet
  facet normal -0.44228873720942496 -0.8968727183595743 0
    outer loop
      vertex 99.62038993835449 9.545672282576561 9.2
      vertex 99.62038993835449 9.545672282576561 9.35
      vertex 99.55000000447035 9.580384761095047 9.35
    endloop
  endfacet
  facet normal -0.3214394807323106 -0.9469301242576151 0
    outer loop
      vertex 99.69470857083797 9.520444504916668 9.2
      vertex 99.69470857083797 9.520444504916668 9.35
      vertex 99.62038993835449 9.545672282576561 9.35
    endloop
  endfacet
  facet normal -0.9978589216071186 -0.06540315412178903 0
    outer loop
      vertex 99.25513308495283 10.021684288978577 9.2
      vertex 99.25513308495283 10.021684288978577 9.35
      vertex 99.25 10.100000001490116 9.35
    endloop
  endfacet
  facet normal 0 0 1
    outer loop
      vertex 99.27044450491667 9.944708570837975 9.35
      vertex 99.9 11.9 9.35
      vertex 99.25513308495283 10.021684288978577 9.35
    endloop
  endfacet
  facet normal 0 0 1
    outer loop
      vertex 99.25513308495283 10.021684288978577 9.35
      vertex 99.9 11.9 9.35
      vertex 99.25 10.100000001490116 9.35
    endloop
  endfacet
  facet normal -0.19509029306298437 -0.9807852861623684 0
    outer loop
      vertex 99.69470857083797 9.520444504916668 9.35
      vertex 99.77168428897858 9.505133084952831 9.2
      vertex 99.77168428897858 9.505133084952831 9.35
    endloop
  endfacet
  facet normal -0.06540315412178903 -0.9978589216071186 0
    outer loop
      vertex 99.85000000149012 9.5 9.2
      vertex 99.85000000149012 9.5 9.35
      vertex 99.77168428897858 9.505133084952831 9.35
    endloop
  endfacet
  facet normal 0 0 1
    outer loop
      vertex 99.33038476109505 9.800000004470348 9.35
      vertex 99.3739879950881 9.734743140637875 9.35
      vertex 102.11882130497762 9.587157622884114 9.35
    endloop
  endfacet
  facet normal 0 0 1
    outer loop
      vertex 99.27044450491667 9.944708570837975 9.35
      vertex 99.29567228257656 9.870389938354492 9.35
      vertex 102.17496318216405 9.869401899225547 9.35
    endloop
  endfacet
  facet normal 0 0 1
    outer loop
      vertex 99.29567228257656 9.870389938354492 9.35
      vertex 99.33038476109505 9.800000004470348 9.35
      vertex 102.17496318216405 9.869401899225547 9.35
    endloop
  endfacet
  facet normal 0 0 1
    outer loop
      vertex 99.48474314063787 9.6239879950881 9.35
      vertex 99.55000000447035 9.580384761095047 9.35
      vertex 102.11882130497762 9.587157622884114 9.35
    endloop
  endfacet
  facet normal 0 0 1
    outer loop
      vertex 99.3739879950881 9.734743140637875 9.35
      vertex 99.42573593556881 9.67573593556881 9.35
      vertex 102.11882130497762 9.587157622884114 9.35
    endloop
  endfacet
  facet normal 0 0 1
    outer loop
      vertex 99.42573593556881 9.67573593556881 9.35
      vertex 99.48474314063787 9.6239879950881 9.35
      vertex 102.11882130497762 9.587157622884114 9.35
    endloop
  endfacet
  facet normal 0 0 1
    outer loop
      vertex 99.55000000447035 9.580384761095047 9.35
      vertex 99.62038993835449 9.545672282576561 9.35
      vertex 102.11882130497762 9.587157622884114 9.35
    endloop
  endfacet
  facet normal 0 0 1
    outer loop
      vertex 99.62038993835449 9.545672282576561 9.35
      vertex 99.69470857083797 9.520444504916668 9.35
      vertex 102.11310869256305 9.5 9.35
    endloop
  endfacet
  facet normal 0 -1 0
    outer loop
      vertex 99.85000000149012 9.5 9.2
      vertex 102.11310869256305 9.5 9.35
      vertex 99.85000000149012 9.5 9.35
    endloop
  endfacet
  facet normal 0 0 1
    outer loop
      vertex 99.69470857083797 9.520444504916668 9.35
      vertex 99.77168428897858 9.505133084952831 9.35
      vertex 102.11310869256305 9.5 9.35
    endloop
  endfacet
  facet normal 0 0 1
    outer loop
      vertex 99.77168428897858 9.505133084952831 9.35
      vertex 99.85000000149012 9.5 9.35
      vertex 102.11310869256305 9.5 9.35
    endloop
  endfacet
  facet normal 0 0 1
    outer loop
      vertex 99.27044450491667 9.944708570837975 9.35
      vertex 102.17496318216405 9.869401899225547 9.35
      vertex 99.9 11.9 9.35
    endloop
  endfacet
  facet normal -1 0 0
    outer loop
      vertex 99.25 10.100000001490116 6.35
      vertex 99.25 10.100000001490116 8
      vertex 99.25 24.899999998509884 9.35
    endloop
  endfacet
  facet normal -1 0 0
    outer loop
      vertex 99.25 10.100000001490116 8
      vertex 99.25 10.100000001490116 9.2
      vertex 99.25 24.899999998509884 9.35
    endloop
  endfacet
  facet normal -1 0 0
    outer loop
      vertex 99.25 10.100000001490116 9.2
      vertex 99.25 10.100000001490116 9.35
      vertex 99.25 24.899999998509884 9.35
    endloop
  endfacet
  facet normal 0 0 1
    outer loop
      vertex 99.25 10.100000001490116 9.35
      vertex 99.9 11.9 9.35
      vertex 99.25 24.899999998509884 9.35
    endloop
  endfacet
  facet normal 0 -1 0
    outer loop
      vertex 99.85000000149012 9.5 9.2
      vertex 102.11310869256305 9.5 9.2
      vertex 102.11310869256305 9.5 9.35
    endloop
  endfacet
  facet normal 0 0 1
    outer loop
      vertex 99.62038993835449 9.545672282576561 9.35
      vertex 102.11310869256305 9.5 9.35
      vertex 102.11882130497762 9.587157622884114 9.35
    endloop
  endfacet
  facet normal 0 0 1
    outer loop
      vertex 99.33038476109505 9.800000004470348 9.35
      vertex 102.11882130497762 9.587157622884114 9.35
      vertex 102.17496318216405 9.869401899225547 9.35
    endloop
  endfacet
  facet normal 0 0 1
    outer loop
      vertex 99.9 11.9 9.35
      vertex 102.17496318216405 9.869401899225547 9.35
      vertex 102.26746502847517 10.141903551203198 9.35
    endloop
  endfacet
  facet normal 0 0 1
    outer loop
      vertex 99.9 11.9 9.35
      vertex 102.26746502847517 10.141903551203198 9.35
      vertex 102.39474411167423 10.4 9.35
    endloop
  endfacet
  facet normal 0 0 1
    outer loop
      vertex 99.9 11.9 9.35
      vertex 102.39474411167423 10.4 9.35
      vertex 102.55462265135928 10.639275143819185 9.35
    endloop
  endfacet
  facet normal 0 0 1
    outer loop
      vertex 99.9 11.9 9.35
      vertex 102.55462265135928 10.639275143819185 9.35
      vertex 102.74436508138959 10.855634918610406 9.35
    endloop
  endfacet
  facet normal 0 0 1
    outer loop
      vertex 102.74436508138959 10.855634918610406 9.35
      vertex 102.77224318625913 10.880083360413838 9.35
      vertex 102.77224318625913 11.9 9.35
    endloop
  endfacet
  facet normal 0 0 1
    outer loop
      vertex 99.9 11.9 9.35
      vertex 102.74436508138959 10.855634918610406 9.35
      vertex 102.77224318625913 11.9 9.35
    endloop
  endfacet
  facet normal 0 0 -1
    outer loop
      vertex 99.3 14.2 6.35
      vertex 99.25 24.899999998509884 6.35
      vertex 99.3 20.799999999999997 6.35
    endloop
  endfacet
  facet normal 0 0 -1
    outer loop
      vertex 99.3 20.799999999999997 6.35
      vertex 99.80000000000001 21.49999999850988 6.35
      vertex 99.80342205166818 21.447789518535135 6.35
    endloop
  endfacet
  facet normal 0 0 -1
    outer loop
      vertex 99.3 20.799999999999997 6.35
      vertex 99.81362966746093 21.39647237807512 6.35
      vertex 99.83044818341733 21.346926628053186 6.35
    endloop
  endfacet
  facet normal 0 0 -1
    outer loop
      vertex 99.3 20.799999999999997 6.35
      vertex 99.80342205166818 21.447789518535135 6.35
      vertex 99.81362966746093 21.39647237807512 6.35
    endloop
  endfacet
  facet normal 0 0 -1
    outer loop
      vertex 99.3 20.799999999999997 6.35
      vertex 99.9 21.23672142506904 6.35
      vertex 99.9 20.799999999999997 6.35
    endloop
  endfacet
  facet normal 0 0 -1
    outer loop
      vertex 99.3 20.799999999999997 6.35
      vertex 99.83044818341733 21.346926628053186 6.35
      vertex 99.85358983576299 21.29999999552965 6.35
    endloop
  endfacet
  facet normal 0 0 -1
    outer loop
      vertex 99.3 20.799999999999997 6.35
      vertex 99.85358983576299 21.29999999552965 6.35
      vertex 99.88265866339208 21.25649542957544 6.35
    endloop
  endfacet
  facet normal 0 0 -1
    outer loop
      vertex 99.3 20.799999999999997 6.35
      vertex 99.88265866339208 21.25649542957544 6.35
      vertex 99.9 21.23672142506904 6.35
    endloop
  endfacet
  facet normal 0 0 -1
    outer loop
      vertex 99.3 20.799999999999997 6.35
      vertex 99.25 24.899999998509884 6.35
      vertex 99.80000000000001 21.49999999850988 6.35
    endloop
  endfacet
  facet normal -1 0 0
    outer loop
      vertex 99.25 10.100000001490116 6.35
      vertex 99.25 24.899999998509884 8
      vertex 99.25 24.899999998509884 6.35
    endloop
  endfacet
  facet normal 0 0 -1
    outer loop
      vertex 99.25 24.899999998509884 6.35
      vertex 99.25513308495283 24.978315711021423 6.35
      vertex 99.85358983576299 24.900000004470346 6.35
    endloop
  endfacet
  facet normal 0 0 -1
    outer loop
      vertex 99.80000000000001 21.49999999850988 6.35
      vertex 99.25 24.899999998509884 6.35
      vertex 99.80000000000001 24.700000001490114 6.35
    endloop
  endfacet
  facet normal 0 0 -1
    outer loop
      vertex 99.25 24.899999998509884 6.35
      vertex 99.80342205166818 24.75221048146486 6.35
      vertex 99.80000000000001 24.700000001490114 6.35
    endloop
  endfacet
  facet normal 0 0 -1
    outer loop
      vertex 99.25 24.899999998509884 6.35
      vertex 99.81362966746093 24.803527621924875 6.35
      vertex 99.80342205166818 24.75221048146486 6.35
    endloop
  endfacet
  facet normal 0 0 -1
    outer loop
      vertex 99.25 24.899999998509884 6.35
      vertex 99.83044818341733 24.85307337194681 6.35
      vertex 99.81362966746093 24.803527621924875 6.35
    endloop
  endfacet
  facet normal 0 0 -1
    outer loop
      vertex 99.25 24.899999998509884 6.35
      vertex 99.85358983576299 24.900000004470346 6.35
      vertex 99.83044818341733 24.85307337194681 6.35
    endloop
  endfacet
  facet normal 0 0 -1
    outer loop
      vertex 99.25513308495283 24.978315711021423 6.35
      vertex 99.88265866339208 24.943504570424555 6.35
      vertex 99.85358983576299 24.900000004470346 6.35
    endloop
  endfacet
  facet normal 0 0 -1
    outer loop
      vertex 99.25513308495283 24.978315711021423 6.35
      vertex 99.91715728789569 24.98284271210432 6.35
      vertex 99.88265866339208 24.943504570424555 6.35
    endloop
  endfacet
  facet normal 0 0 -1
    outer loop
      vertex 99.25513308495283 24.978315711021423 6.35
      vertex 99.27044450491667 25.055291429162025 6.35
      vertex 99.91715728789569 24.98284271210432 6.35
    endloop
  endfacet
  facet normal 0 0 -1
    outer loop
      vertex 99.27044450491667 25.055291429162025 6.35
      vertex 99.29567228257656 25.129610061645508 6.35
      vertex 100.0469266280532 25.069551816582678 6.35
    endloop
  endfacet
  facet normal 0 0 -1
    outer loop
      vertex 99.27044450491667 25.055291429162025 6.35
      vertex 99.95649542957545 25.01734133660793 6.35
      vertex 99.91715728789569 24.98284271210432 6.35
    endloop
  endfacet
  facet normal 0 0 -1
    outer loop
      vertex 99.27044450491667 25.055291429162025 6.35
      vertex 99.99999999552966 25.04641016423702 6.35
      vertex 99.95649542957545 25.01734133660793 6.35
    endloop
  endfacet
  facet normal 0 0 -1
    outer loop
      vertex 99.27044450491667 25.055291429162025 6.35
      vertex 100.0469266280532 25.069551816582678 6.35
      vertex 99.99999999552966 25.04641016423702 6.35
    endloop
  endfacet
  facet normal 0 0 -1
    outer loop
      vertex 99.29567228257656 25.129610061645508 6.35
      vertex 100.09647237807513 25.08637033253908 6.35
      vertex 100.0469266280532 25.069551816582678 6.35
    endloop
  endfacet
  facet normal 0 0 -1
    outer loop
      vertex 99.69470857083797 25.479555495083332 6.35
      vertex 99.77168428897858 25.49486691504717 6.35
      vertex 99.85000000149012 25.5 6.35
    endloop
  endfacet
  facet normal 0 0 -1
    outer loop
      vertex 99.29567228257656 25.129610061645508 6.35
      vertex 100.14778951853515 25.09657794833183 6.35
      vertex 100.09647237807513 25.08637033253908 6.35
    endloop
  endfacet
  facet normal 0 0 -1
    outer loop
      vertex 99.29567228257656 25.129610061645508 6.35
      vertex 100.1999999985099 25.099999999999998 6.35
      vertex 100.14778951853515 25.09657794833183 6.35
    endloop
  endfacet
  facet normal 0 0 -1
    outer loop
      vertex 99.29567228257656 25.129610061645508 6.35
      vertex 99.33038476109505 25.19999999552965 6.35
      vertex 102.11882130497762 25.412842377115886 6.35
    endloop
  endfacet
  facet normal 0 0 -1
    outer loop
      vertex 99.33038476109505 25.19999999552965 6.35
      vertex 99.3739879950881 25.265256859362125 6.35
      vertex 102.11882130497762 25.412842377115886 6.35
    endloop
  endfacet
  facet normal 0 0 -1
    outer loop
      vertex 99.3739879950881 25.265256859362125 6.35
      vertex 99.42573593556881 25.32426406443119 6.35
      vertex 102.11882130497762 25.412842377115886 6.35
    endloop
  endfacet
  facet normal 0 0 -1
    outer loop
      vertex 99.42573593556881 25.32426406443119 6.35
      vertex 99.48474314063787 25.3760120049119 6.35
      vertex 102.11882130497762 25.412842377115886 6.35
    endloop
  endfacet
  facet normal 0 0 -1
    outer loop
      vertex 99.48474314063787 25.3760120049119 6.35
      vertex 99.55000000447035 25.419615238904953 6.35
      vertex 102.11310869256305 25.5 6.35
    endloop
  endfacet
  facet normal 0 0 -1
    outer loop
      vertex 99.55000000447035 25.419615238904953 6.35
      vertex 99.62038993835449 25.45432771742344 6.35
      vertex 102.11310869256305 25.5 6.35
    endloop
  endfacet
  facet normal 0 0 -1
    outer loop
      vertex 99.62038993835449 25.45432771742344 6.35
      vertex 99.69470857083797 25.479555495083332 6.35
      vertex 102.11310869256305 25.5 6.35
    endloop
  endfacet
  facet normal 0 0 -1
    outer loop
      vertex 99.29567228257656 25.129610061645508 6.35
      vertex 102.11882130497762 25.412842377115886 6.35
      vertex 100.1999999985099 25.099999999999998 6.35
    endloop
  endfacet
  facet normal 0 0 -1
    outer loop
      vertex 99.69470857083797 25.479555495083332 6.35
      vertex 99.85000000149012 25.5 6.35
      vertex 102.11310869256305 25.5 6.35
    endloop
  endfacet
  facet normal -0.9978589216071184 0.065403154121789 0
    outer loop
      vertex 99.25 24.899999998509884 6.35
      vertex 99.25513308495283 24.978315711021423 8
      vertex 99.25513308495283 24.978315711021423 6.35
    endloop
  endfacet
  facet normal -0.9807852861623684 0.19509029306298437 0
    outer loop
      vertex 99.25513308495283 24.978315711021423 6.35
      vertex 99.27044450491667 25.055291429162025 8
      vertex 99.27044450491667 25.055291429162025 6.35
    endloop
  endfacet
  facet normal -0.9469301242576151 0.3214394807323106 0
    outer loop
      vertex 99.27044450491667 25.055291429162025 6.35
      vertex 99.29567228257656 25.129610061645508 8
      vertex 99.29567228257656 25.129610061645508 6.35
    endloop
  endfacet
  facet normal -0.8968727183595742 0.4422887372094249 0
    outer loop
      vertex 99.29567228257656 25.129610061645508 6.35
      vertex 99.33038476109505 25.19999999552965 8
      vertex 99.33038476109505 25.19999999552965 6.35
    endloop
  endfacet
  facet normal -0.8314696617280483 0.5555701590491026 0
    outer loop
      vertex 99.33038476109505 25.19999999552965 6.35
      vertex 99.3739879950881 25.265256859362125 8
      vertex 99.3739879950881 25.265256859362125 6.35
    endloop
  endfacet
  facet normal -0.7518397412332603 0.6593458906388241 0
    outer loop
      vertex 99.3739879950881 25.265256859362125 6.35
      vertex 99.42573593556881 25.32426406443119 8
      vertex 99.42573593556881 25.32426406443119 6.35
    endloop
  endfacet
  facet normal -0.6593458906388241 0.7518397412332603 0
    outer loop
      vertex 99.42573593556881 25.32426406443119 6.35
      vertex 99.48474314063787 25.3760120049119 8
      vertex 99.48474314063787 25.3760120049119 6.35
    endloop
  endfacet
  facet normal -0.5555701590491026 0.8314696617280483 0
    outer loop
      vertex 99.48474314063787 25.3760120049119 6.35
      vertex 99.55000000447035 25.419615238904953 8
      vertex 99.55000000447035 25.419615238904953 6.35
    endloop
  endfacet
  facet normal -0.4422887372094249 0.8968727183595742 0
    outer loop
      vertex 99.55000000447035 25.419615238904953 6.35
      vertex 99.62038993835449 25.45432771742344 8
      vertex 99.62038993835449 25.45432771742344 6.35
    endloop
  endfacet
  facet normal -0.3214394807323106 0.9469301242576151 0
    outer loop
      vertex 99.62038993835449 25.45432771742344 6.35
      vertex 99.69470857083797 25.479555495083332 8
      vertex 99.69470857083797 25.479555495083332 6.35
    endloop
  endfacet
  facet normal -0.19509029306298437 0.9807852861623684 0
    outer loop
      vertex 99.69470857083797 25.479555495083332 6.35
      vertex 99.77168428897858 25.49486691504717 8
      vertex 99.77168428897858 25.49486691504717 6.35
    endloop
  endfacet
  facet normal -0.065403154121789 0.9978589216071184 0
    outer loop
      vertex 99.77168428897858 25.49486691504717 6.35
      vertex 99.85000000149012 25.5 8
      vertex 99.85000000149012 25.5 6.35
    endloop
  endfacet
  facet normal -0.9978589216071184 0.065403154121789 0
    outer loop
      vertex 99.25 24.899999998509884 6.35
      vertex 99.25 24.899999998509884 8
      vertex 99.25513308495283 24.978315711021423 8
    endloop
  endfacet
  facet normal -0.9807852861623684 0.19509029306298437 0
    outer loop
      vertex 99.25513308495283 24.978315711021423 6.35
      vertex 99.25513308495283 24.978315711021423 8
      vertex 99.27044450491667 25.055291429162025 8
    endloop
  endfacet
  facet normal -0.9469301242576151 0.3214394807323106 0
    outer loop
      vertex 99.27044450491667 25.055291429162025 6.35
      vertex 99.27044450491667 25.055291429162025 8
      vertex 99.29567228257656 25.129610061645508 8
    endloop
  endfacet
  facet normal -0.8968727183595742 0.4422887372094249 0
    outer loop
      vertex 99.29567228257656 25.129610061645508 6.35
      vertex 99.29567228257656 25.129610061645508 8
      vertex 99.33038476109505 25.19999999552965 8
    endloop
  endfacet
  facet normal -0.8314696617280483 0.5555701590491026 0
    outer loop
      vertex 99.33038476109505 25.19999999552965 6.35
      vertex 99.33038476109505 25.19999999552965 8
      vertex 99.3739879950881 25.265256859362125 8
    endloop
  endfacet
  facet normal -0.7518397412332603 0.6593458906388241 0
    outer loop
      vertex 99.3739879950881 25.265256859362125 6.35
      vertex 99.3739879950881 25.265256859362125 8
      vertex 99.42573593556881 25.32426406443119 8
    endloop
  endfacet
  facet normal -0.6593458906388241 0.7518397412332603 0
    outer loop
      vertex 99.42573593556881 25.32426406443119 6.35
      vertex 99.42573593556881 25.32426406443119 8
      vertex 99.48474314063787 25.3760120049119 8
    endloop
  endfacet
  facet normal -0.5555701590491026 0.8314696617280483 0
    outer loop
      vertex 99.48474314063787 25.3760120049119 6.35
      vertex 99.48474314063787 25.3760120049119 8
      vertex 99.55000000447035 25.419615238904953 8
    endloop
  endfacet
  facet normal -0.4422887372094249 0.8968727183595742 0
    outer loop
      vertex 99.55000000447035 25.419615238904953 6.35
      vertex 99.55000000447035 25.419615238904953 8
      vertex 99.62038993835449 25.45432771742344 8
    endloop
  endfacet
  facet normal -0.3214394807323106 0.9469301242576151 0
    outer loop
      vertex 99.62038993835449 25.45432771742344 6.35
      vertex 99.62038993835449 25.45432771742344 8
      vertex 99.69470857083797 25.479555495083332 8
    endloop
  endfacet
  facet normal -0.19509029306298437 0.9807852861623684 0
    outer loop
      vertex 99.69470857083797 25.479555495083332 6.35
      vertex 99.69470857083797 25.479555495083332 8
      vertex 99.77168428897858 25.49486691504717 8
    endloop
  endfacet
  facet normal -0.065403154121789 0.9978589216071184 0
    outer loop
      vertex 99.77168428897858 25.49486691504717 6.35
      vertex 99.77168428897858 25.49486691504717 8
      vertex 99.85000000149012 25.5 8
    endloop
  endfacet
  facet normal 0 1 0
    outer loop
      vertex 99.85000000149012 25.5 6.35
      vertex 99.85000000149012 25.5 8
      vertex 102.11310869256305 25.5 6.35
    endloop
  endfacet
  facet normal 0 0 -1
    outer loop
      vertex 99.48474314063787 25.3760120049119 6.35
      vertex 102.11310869256305 25.5 6.35
      vertex 102.11882130497762 25.412842377115886 6.35
    endloop
  endfacet
  facet normal 0 0 -1
    outer loop
      vertex 100.1999999985099 25.099999999999998 6.35
      vertex 102.17496318216405 25.130598100774453 6.35
      vertex 102.18534983778507 25.099999999999998 6.35
    endloop
  endfacet
  facet normal 0 0 -1
    outer loop
      vertex 100.1999999985099 25.099999999999998 6.35
      vertex 102.11882130497762 25.412842377115886 6.35
      vertex 102.17496318216405 25.130598100774453 6.35
    endloop
  endfacet
  facet normal 0 1 0
    outer loop
      vertex 102.11310869256305 25.5 6.35
      vertex 99.85000000149012 25.5 8
      vertex 102.11310869256305 25.5 8
    endloop
  endfacet
  facet normal -1 0 0
    outer loop
      vertex 99.25 10.100000001490116 6.35
      vertex 99.25 24.899999998509884 9.2
      vertex 99.25 24.899999998509884 8
    endloop
  endfacet
  facet normal -1 0 0
    outer loop
      vertex 99.25 10.100000001490116 6.35
      vertex 99.25 24.899999998509884 9.35
      vertex 99.25 24.899999998509884 9.2
    endloop
  endfacet
  facet normal 0 0 1
    outer loop
      vertex 99.9 11.9 9.35
      vertex 99.9 23.1 9.35
      vertex 99.25 24.899999998509884 9.35
    endloop
  endfacet
  facet normal -0.9978589216071186 0.06540315412178903 0
    outer loop
      vertex 99.25 24.899999998509884 9.2
      vertex 99.25513308495283 24.978315711021423 9.35
      vertex 99.25513308495283 24.978315711021423 9.2
    endloop
  endfacet
  facet normal -0.9807852861623684 0.19509029306298437 0
    outer loop
      vertex 99.25513308495283 24.978315711021423 9.2
      vertex 99.27044450491667 25.055291429162025 9.35
      vertex 99.27044450491667 25.055291429162025 9.2
    endloop
  endfacet
  facet normal -0.9469301242576151 0.3214394807323106 0
    outer loop
      vertex 99.27044450491667 25.055291429162025 9.2
      vertex 99.29567228257656 25.129610061645508 9.35
      vertex 99.29567228257656 25.129610061645508 9.2
    endloop
  endfacet
  facet normal -0.8968727183595743 0.44228873720942496 0
    outer loop
      vertex 99.29567228257656 25.129610061645508 9.2
      vertex 99.33038476109505 25.19999999552965 9.35
      vertex 99.33038476109505 25.19999999552965 9.2
    endloop
  endfacet
  facet normal -0.8314696617280481 0.5555701590491025 0
    outer loop
      vertex 99.33038476109505 25.19999999552965 9.2
      vertex 99.3739879950881 25.265256859362125 9.35
      vertex 99.3739879950881 25.265256859362125 9.2
    endloop
  endfacet
  facet normal -0.7518397412332603 0.6593458906388242 0
    outer loop
      vertex 99.3739879950881 25.265256859362125 9.2
      vertex 99.42573593556881 25.32426406443119 9.35
      vertex 99.42573593556881 25.32426406443119 9.2
    endloop
  endfacet
  facet normal -0.6593458906388242 0.7518397412332603 0
    outer loop
      vertex 99.42573593556881 25.32426406443119 9.2
      vertex 99.48474314063787 25.3760120049119 9.35
      vertex 99.48474314063787 25.3760120049119 9.2
    endloop
  endfacet
  facet normal -0.5555701590491025 0.8314696617280481 0
    outer loop
      vertex 99.48474314063787 25.3760120049119 9.2
      vertex 99.55000000447035 25.419615238904953 9.35
      vertex 99.55000000447035 25.419615238904953 9.2
    endloop
  endfacet
  facet normal -0.44228873720942496 0.8968727183595743 0
    outer loop
      vertex 99.55000000447035 25.419615238904953 9.2
      vertex 99.62038993835449 25.45432771742344 9.35
      vertex 99.62038993835449 25.45432771742344 9.2
    endloop
  endfacet
  facet normal -0.3214394807323106 0.9469301242576151 0
    outer loop
      vertex 99.62038993835449 25.45432771742344 9.2
      vertex 99.69470857083797 25.479555495083332 9.35
      vertex 99.69470857083797 25.479555495083332 9.2
    endloop
  endfacet
  facet normal -0.19509029306298437 0.9807852861623684 0
    outer loop
      vertex 99.69470857083797 25.479555495083332 9.2
      vertex 99.77168428897858 25.49486691504717 9.35
      vertex 99.77168428897858 25.49486691504717 9.2
    endloop
  endfacet
  facet normal -0.06540315412178903 0.9978589216071186 0
    outer loop
      vertex 99.77168428897858 25.49486691504717 9.2
      vertex 99.85000000149012 25.5 9.35
      vertex 99.85000000149012 25.5 9.2
    endloop
  endfacet
  facet normal -0.9978589216071186 0.06540315412178903 0
    outer loop
      vertex 99.25 24.899999998509884 9.2
      vertex 99.25 24.899999998509884 9.35
      vertex 99.25513308495283 24.978315711021423 9.35
    endloop
  endfacet
  facet normal -0.9807852861623684 0.19509029306298437 0
    outer loop
      vertex 99.25513308495283 24.978315711021423 9.2
      vertex 99.25513308495283 24.978315711021423 9.35
      vertex 99.27044450491667 25.055291429162025 9.35
    endloop
  endfacet
  facet normal -0.9469301242576151 0.3214394807323106 0
    outer loop
      vertex 99.27044450491667 25.055291429162025 9.2
      vertex 99.27044450491667 25.055291429162025 9.35
      vertex 99.29567228257656 25.129610061645508 9.35
    endloop
  endfacet
  facet normal -0.8968727183595743 0.44228873720942496 0
    outer loop
      vertex 99.29567228257656 25.129610061645508 9.2
      vertex 99.29567228257656 25.129610061645508 9.35
      vertex 99.33038476109505 25.19999999552965 9.35
    endloop
  endfacet
  facet normal -0.8314696617280481 0.5555701590491025 0
    outer loop
      vertex 99.33038476109505 25.19999999552965 9.2
      vertex 99.33038476109505 25.19999999552965 9.35
      vertex 99.3739879950881 25.265256859362125 9.35
    endloop
  endfacet
  facet normal -0.7518397412332603 0.6593458906388242 0
    outer loop
      vertex 99.3739879950881 25.265256859362125 9.2
      vertex 99.3739879950881 25.265256859362125 9.35
      vertex 99.42573593556881 25.32426406443119 9.35
    endloop
  endfacet
  facet normal -0.6593458906388242 0.7518397412332603 0
    outer loop
      vertex 99.42573593556881 25.32426406443119 9.2
      vertex 99.42573593556881 25.32426406443119 9.35
      vertex 99.48474314063787 25.3760120049119 9.35
    endloop
  endfacet
  facet normal -0.5555701590491025 0.8314696617280481 0
    outer loop
      vertex 99.48474314063787 25.3760120049119 9.2
      vertex 99.48474314063787 25.3760120049119 9.35
      vertex 99.55000000447035 25.419615238904953 9.35
    endloop
  endfacet
  facet normal -0.44228873720942496 0.8968727183595743 0
    outer loop
      vertex 99.55000000447035 25.419615238904953 9.2
      vertex 99.55000000447035 25.419615238904953 9.35
      vertex 99.62038993835449 25.45432771742344 9.35
    endloop
  endfacet
  facet normal -0.3214394807323106 0.9469301242576151 0
    outer loop
      vertex 99.62038993835449 25.45432771742344 9.2
      vertex 99.62038993835449 25.45432771742344 9.35
      vertex 99.69470857083797 25.479555495083332 9.35
    endloop
  endfacet
  facet normal -0.19509029306298437 0.9807852861623684 0
    outer loop
      vertex 99.69470857083797 25.479555495083332 9.2
      vertex 99.69470857083797 25.479555495083332 9.35
      vertex 99.77168428897858 25.49486691504717 9.35
    endloop
  endfacet
  facet normal -0.06540315412178903 0.9978589216071186 0
    outer loop
      vertex 99.77168428897858 25.49486691504717 9.2
      vertex 99.77168428897858 25.49486691504717 9.35
      vertex 99.85000000149012 25.5 9.35
    endloop
  endfacet
  facet normal 0 0 1
    outer loop
      vertex 99.69470857083797 25.479555495083332 9.35
      vertex 99.85000000149012 25.5 9.35
      vertex 99.77168428897858 25.49486691504717 9.35
    endloop
  endfacet
  facet normal 0 0 1
    outer loop
      vertex 99.25 24.899999998509884 9.35
      vertex 102.26746502847517 24.8580964487968 9.35
      vertex 99.25513308495283 24.978315711021423 9.35
    endloop
  endfacet
  facet normal 0 0 1
    outer loop
      vertex 99.25513308495283 24.978315711021423 9.35
      vertex 102.26746502847517 24.8580964487968 9.35
      vertex 99.27044450491667 25.055291429162025 9.35
    endloop
  endfacet
  facet normal 0 0 1
    outer loop
      vertex 99.27044450491667 25.055291429162025 9.35
      vertex 102.17496318216405 25.130598100774453 9.35
      vertex 99.29567228257656 25.129610061645508 9.35
    endloop
  endfacet
  facet normal 0 0 1
    outer loop
      vertex 99.29567228257656 25.129610061645508 9.35
      vertex 102.17496318216405 25.130598100774453 9.35
      vertex 99.33038476109505 25.19999999552965 9.35
    endloop
  endfacet
  facet normal 0 0 1
    outer loop
      vertex 99.33038476109505 25.19999999552965 9.35
      vertex 102.17496318216405 25.130598100774453 9.35
      vertex 99.3739879950881 25.265256859362125 9.35
    endloop
  endfacet
  facet normal 0 0 1
    outer loop
      vertex 99.3739879950881 25.265256859362125 9.35
      vertex 102.17496318216405 25.130598100774453 9.35
      vertex 99.42573593556881 25.32426406443119 9.35
    endloop
  endfacet
  facet normal 0 0 1
    outer loop
      vertex 99.42573593556881 25.32426406443119 9.35
      vertex 102.17496318216405 25.130598100774453 9.35
      vertex 99.48474314063787 25.3760120049119 9.35
    endloop
  endfacet
  facet normal 0 0 1
    outer loop
      vertex 99.48474314063787 25.3760120049119 9.35
      vertex 102.11882130497762 25.412842377115886 9.35
      vertex 99.55000000447035 25.419615238904953 9.35
    endloop
  endfacet
  facet normal 0 0 1
    outer loop
      vertex 99.55000000447035 25.419615238904953 9.35
      vertex 102.11882130497762 25.412842377115886 9.35
      vertex 99.62038993835449 25.45432771742344 9.35
    endloop
  endfacet
  facet normal 0 0 1
    outer loop
      vertex 99.62038993835449 25.45432771742344 9.35
      vertex 102.11882130497762 25.412842377115886 9.35
      vertex 99.69470857083797 25.479555495083332 9.35
    endloop
  endfacet
  facet normal 0 1 0
    outer loop
      vertex 99.85000000149012 25.5 9.2
      vertex 99.85000000149012 25.5 9.35
      vertex 102.11310869256305 25.5 9.35
    endloop
  endfacet
  facet normal 0 0 1
    outer loop
      vertex 99.69470857083797 25.479555495083332 9.35
      vertex 102.11882130497762 25.412842377115886 9.35
      vertex 99.85000000149012 25.5 9.35
    endloop
  endfacet
  facet normal 0 0 1
    outer loop
      vertex 99.9 23.1 9.35
      vertex 102.77224318625913 24.11991663958616 9.35
      vertex 99.25 24.899999998509884 9.35
    endloop
  endfacet
  facet normal 0 0 1
    outer loop
      vertex 99.9 23.1 9.35
      vertex 102.77224318625913 23.1 9.35
      vertex 102.77224318625913 24.11991663958616 9.35
    endloop
  endfacet
  facet normal 0 1 0
    outer loop
      vertex 99.85000000149012 25.5 9.2
      vertex 102.11310869256305 25.5 9.35
      vertex 102.11310869256305 25.5 9.2
    endloop
  endfacet
  facet normal 0 0 1
    outer loop
      vertex 99.25 24.899999998509884 9.35
      vertex 102.39474411167423 24.599999999999998 9.35
      vertex 102.26746502847517 24.8580964487968 9.35
    endloop
  endfacet
  facet normal 0 0 1
    outer loop
      vertex 99.25 24.899999998509884 9.35
      vertex 102.55462265135928 24.360724856180813 9.35
      vertex 102.39474411167423 24.599999999999998 9.35
    endloop
  endfacet
  facet normal 0 0 1
    outer loop
      vertex 99.25 24.899999998509884 9.35
      vertex 102.74436508138959 24.144365081389594 9.35
      vertex 102.55462265135928 24.360724856180813 9.35
    endloop
  endfacet
  facet normal 0 0 1
    outer loop
      vertex 99.27044450491667 25.055291429162025 9.35
      vertex 102.26746502847517 24.8580964487968 9.35
      vertex 102.17496318216405 25.130598100774453 9.35
    endloop
  endfacet
  facet normal 0 0 1
    outer loop
      vertex 99.48474314063787 25.3760120049119 9.35
      vertex 102.17496318216405 25.130598100774453 9.35
      vertex 102.11882130497762 25.412842377115886 9.35
    endloop
  endfacet
  facet normal 0 0 1
    outer loop
      vertex 99.85000000149012 25.5 9.35
      vertex 102.11882130497762 25.412842377115886 9.35
      vertex 102.11310869256305 25.5 9.35
    endloop
  endfacet
  facet normal 0 0 1
    outer loop
      vertex 99.25 24.899999998509884 9.35
      vertex 102.77224318625913 24.11991663958616 9.35
      vertex 102.74436508138959 24.144365081389594 9.35
    endloop
  endfacet
  facet normal 0 0 -1
    outer loop
      vertex 103.5004207618754 9.5 6.35
      vertex 103.50311119331151 9.51352571220958 6.35
      vertex 105.06220061432181 9.6157138317012 6.35
    endloop
  endfacet
  facet normal 0 0 -1
    outer loop
      vertex 103.50311119331151 9.51352571220958 6.35
      vertex 103.53779938567818 9.6157138317012 6.35
      vertex 105.01447095812216 9.7125 6.35
    endloop
  endfacet
  facet normal 0 0 -1
    outer loop
      vertex 103.53779938567818 9.6157138317012 6.35
      vertex 103.58552904187783 9.7125 6.35
      vertex 104.95451650574027 9.802228178932195 6.35
    endloop
  endfacet
  facet normal 0 0 -1
    outer loop
      vertex 103.58552904187783 9.7125 6.35
      vertex 103.64548349425972 9.802228178932195 6.35
      vertex 104.8833630944789 9.883363094478902 6.35
    endloop
  endfacet
  facet normal 0 0 -1
    outer loop
      vertex 103.64548349425972 9.802228178932195 6.35
      vertex 103.7166369055211 9.883363094478902 6.35
      vertex 104.8022281789322 9.95451650574027 6.35
    endloop
  endfacet
  facet normal 0 0 -1
    outer loop
      vertex 103.7166369055211 9.883363094478902 6.35
      vertex 103.7977718210678 9.95451650574027 6.35
      vertex 104.71249999999999 10.014470958122162 6.35
    endloop
  endfacet
  facet normal 0 0 -1
    outer loop
      vertex 103.7977718210678 9.95451650574027 6.35
      vertex 103.8875 10.014470958122162 6.35
      vertex 104.71249999999999 10.014470958122162 6.35
    endloop
  endfacet
  facet normal 0 0 -1
    outer loop
      vertex 103.8875 10.014470958122162 6.35
      vertex 103.9842861682988 10.062200614321812 6.35
      vertex 104.6157138317012 10.062200614321812 6.35
    endloop
  endfacet
  facet normal 0 0 -1
    outer loop
      vertex 103.9842861682988 10.062200614321812 6.35
      vertex 104.08647428779042 10.096888806688481 6.35
      vertex 104.51352571220957 10.096888806688481 6.35
    endloop
  endfacet
  facet normal 0 0 -1
    outer loop
      vertex 104.08647428779042 10.096888806688481 6.35
      vertex 104.19231589141846 10.117942010633394 6.35
      vertex 104.40768410858153 10.117942010633394 6.35
    endloop
  endfacet
  facet normal 0 0 -1
    outer loop
      vertex 104.19231589141846 10.117942010633394 6.35
      vertex 104.3 10.125 6.35
      vertex 104.40768410858153 10.117942010633394 6.35
    endloop
  endfacet
  facet normal 0 0 -1
    outer loop
      vertex 103.7166369055211 9.883363094478902 6.35
      vertex 104.71249999999999 10.014470958122162 6.35
      vertex 104.8022281789322 9.95451650574027 6.35
    endloop
  endfacet
  facet normal 0 0 -1
    outer loop
      vertex 103.50311119331151 9.51352571220958 6.35
      vertex 105.01447095812216 9.7125 6.35
      vertex 105.06220061432181 9.6157138317012 6.35
    endloop
  endfacet
  facet normal 0 0 -1
    outer loop
      vertex 103.58552904187783 9.7125 6.35
      vertex 104.8833630944789 9.883363094478902 6.35
      vertex 104.95451650574027 9.802228178932195 6.35
    endloop
  endfacet
  facet normal 0 0 -1
    outer loop
      vertex 103.64548349425972 9.802228178932195 6.35
      vertex 104.8022281789322 9.95451650574027 6.35
      vertex 104.8833630944789 9.883363094478902 6.35
    endloop
  endfacet
  facet normal 0 0 -1
    outer loop
      vertex 103.53779938567818 9.6157138317012 6.35
      vertex 104.95451650574027 9.802228178932195 6.35
      vertex 105.01447095812216 9.7125 6.35
    endloop
  endfacet
  facet normal 0 0 -1
    outer loop
      vertex 103.5004207618754 9.5 6.35
      vertex 105.06220061432181 9.6157138317012 6.35
      vertex 105.09688880668848 9.51352571220958 6.35
    endloop
  endfacet
  facet normal 0 0 -1
    outer loop
      vertex 103.5004207618754 9.5 6.35
      vertex 105.09688880668848 9.51352571220958 6.35
      vertex 105.09957923812459 9.5 6.35
    endloop
  endfacet
  facet normal 0 0 -1
    outer loop
      vertex 104.08647428779042 10.096888806688481 6.35
      vertex 104.40768410858153 10.117942010633394 6.35
      vertex 104.51352571220957 10.096888806688481 6.35
    endloop
  endfacet
  facet normal 0 0 -1
    outer loop
      vertex 103.9842861682988 10.062200614321812 6.35
      vertex 104.51352571220957 10.096888806688481 6.35
      vertex 104.6157138317012 10.062200614321812 6.35
    endloop
  endfacet
  facet normal 0 0 -1
    outer loop
      vertex 103.8875 10.014470958122162 6.35
      vertex 104.6157138317012 10.062200614321812 6.35
      vertex 104.71249999999999 10.014470958122162 6.35
    endloop
  endfacet
  facet normal 0 -1 0
    outer loop
      vertex 103.5004207618754 9.5 6.35
      vertex 105.09957923812459 9.5 6.35
      vertex 103.5004207618754 9.5 7.6499999999999995
    endloop
  endfacet
  facet normal 0 -1 0
    outer loop
      vertex 103.5004207618754 9.5 7.6499999999999995
      vertex 105.09957923812459 9.5 6.35
      vertex 105.09957923812459 9.5 7.6499999999999995
    endloop
  endfacet
  facet normal 0 0 -1
    outer loop
      vertex 103.49999999552966 11.346759308924783 6.35
      vertex 103.49999999552966 11.9 6.35
      vertex 103.73059810077446 11.425036817835952 6.35
    endloop
  endfacet
  facet normal 0 0 -1
    outer loop
      vertex 103.73059810077446 11.425036817835952 6.35
      vertex 103.49999999552966 11.9 6.35
      vertex 104.01284237711589 11.481178695022383 6.35
    endloop
  endfacet
  facet normal 0 0 -1
    outer loop
      vertex 104.01284237711589 11.481178695022383 6.35
      vertex 103.49999999552966 11.9 6.35
      vertex 104.3 11.5 6.35
    endloop
  endfacet
  facet normal 0 0 -1
    outer loop
      vertex 103.49999999552966 11.9 6.35
      vertex 105.30000000000001 11.9 6.35
      vertex 104.3 11.5 6.35
    endloop
  endfacet
  facet normal 0 0 -1
    outer loop
      vertex 104.5871576228841 11.481178695022383 6.35
      vertex 104.3 11.5 6.35
      vertex 105.30000000000001 11.9 6.35
    endloop
  endfacet
  facet normal 0 0 -1
    outer loop
      vertex 105.1419035512032 11.332534971524831 6.35
      vertex 105.30000000000001 11.9 6.35
      vertex 105.39999999999999 11.205255888325766 6.35
    endloop
  endfacet
  facet normal 0 0 -1
    outer loop
      vertex 105.39999999999999 11.205255888325766 6.35
      vertex 105.30000000000001 11.9 6.35
      vertex 105.63927514381918 11.045377348640718 6.35
    endloop
  endfacet
  facet normal 0 0 -1
    outer loop
      vertex 105.63927514381918 11.045377348640718 6.35
      vertex 105.30000000000001 11.9 6.35
      vertex 105.8556349186104 10.855634918610406 6.35
    endloop
  endfacet
  facet normal 0 0 -1
    outer loop
      vertex 105.8556349186104 10.855634918610406 6.35
      vertex 105.30000000000001 11.9 6.35
      vertex 106 10.691018093094996 6.35
    endloop
  endfacet
  facet normal 0 0 -1
    outer loop
      vertex 104.5871576228841 11.481178695022383 6.35
      vertex 105.30000000000001 11.9 6.35
      vertex 104.86940189922554 11.425036817835952 6.35
    endloop
  endfacet
  facet normal 0 0 -1
    outer loop
      vertex 104.86940189922554 11.425036817835952 6.35
      vertex 105.30000000000001 11.9 6.35
      vertex 105.1419035512032 11.332534971524831 6.35
    endloop
  endfacet
  facet normal 0 0 -1
    outer loop
      vertex 105.30000000000001 11.9 6.35
      vertex 105.30000000000001 14.2 6.35
      vertex 105.89999999999999 14.2 6.35
    endloop
  endfacet
  facet normal 0 0 -1
    outer loop
      vertex 106 10.691018093094996 6.35
      vertex 105.30000000000001 11.9 6.35
      vertex 105.89999999999999 14.2 6.35
    endloop
  endfacet
  facet normal 0 0 -1
    outer loop
      vertex 106 10.691018093094996 6.35
      vertex 105.89999999999999 14.2 6.35
      vertex 105.89999999999999 20.799999999999997 6.35
    endloop
  endfacet
  facet normal 0 0 -1
    outer loop
      vertex 103.49999999552966 23.1 6.35
      vertex 103.49999999552966 23.653240691075215 6.35
      vertex 103.73059810077446 23.574963182164048 6.35
    endloop
  endfacet
  facet normal 0 0 -1
    outer loop
      vertex 103.49999999552966 23.1 6.35
      vertex 103.73059810077446 23.574963182164048 6.35
      vertex 104.01284237711589 23.518821304977617 6.35
    endloop
  endfacet
  facet normal 0 0 -1
    outer loop
      vertex 103.49999999552966 23.1 6.35
      vertex 104.01284237711589 23.518821304977617 6.35
      vertex 104.3 23.5 6.35
    endloop
  endfacet
  facet normal 0 0 -1
    outer loop
      vertex 103.49999999552966 23.1 6.35
      vertex 104.3 23.5 6.35
      vertex 105.30000000000001 23.1 6.35
    endloop
  endfacet
  facet normal 0 0 -1
    outer loop
      vertex 104.3 23.5 6.35
      vertex 104.5871576228841 23.518821304977617 6.35
      vertex 105.30000000000001 23.1 6.35
    endloop
  endfacet
  facet normal 0 0 -1
    outer loop
      vertex 103.8875 24.985529041877836 6.35
      vertex 104.8022281789322 25.04548349425973 6.35
      vertex 103.9842861682988 24.937799385678186 6.35
    endloop
  endfacet
  facet normal 0 0 -1
    outer loop
      vertex 103.9842861682988 24.937799385678186 6.35
      vertex 104.71249999999999 24.985529041877836 6.35
      vertex 104.08647428779042 24.903111193311517 6.35
    endloop
  endfacet
  facet normal 0 0 -1
    outer loop
      vertex 104.19231589141846 24.882057989366604 6.35
      vertex 104.40768410858153 24.882057989366604 6.35
      vertex 104.3 24.875 6.35
    endloop
  endfacet
  facet normal 0 0 -1
    outer loop
      vertex 104.08647428779042 24.903111193311517 6.35
      vertex 104.6157138317012 24.937799385678186 6.35
      vertex 104.19231589141846 24.882057989366604 6.35
    endloop
  endfacet
  facet normal 0 0 -1
    outer loop
      vertex 103.50311119331151 25.48647428779042 6.35
      vertex 103.5004207618754 25.5 6.35
      vertex 105.09957923812459 25.5 6.35
    endloop
  endfacet
  facet normal 0 0 -1
    outer loop
      vertex 103.50311119331151 25.48647428779042 6.35
      vertex 105.09957923812459 25.5 6.35
      vertex 103.53779938567818 25.3842861682988 6.35
    endloop
  endfacet
  facet normal 0 0 -1
    outer loop
      vertex 103.58552904187783 25.287499999999998 6.35
      vertex 103.53779938567818 25.3842861682988 6.35
      vertex 105.09688880668848 25.48647428779042 6.35
    endloop
  endfacet
  facet normal 0 0 -1
    outer loop
      vertex 103.58552904187783 25.287499999999998 6.35
      vertex 105.06220061432181 25.3842861682988 6.35
      vertex 103.64548349425972 25.197771821067803 6.35
    endloop
  endfacet
  facet normal 0 0 -1
    outer loop
      vertex 103.64548349425972 25.197771821067803 6.35
      vertex 105.01447095812216 25.287499999999998 6.35
      vertex 103.7166369055211 25.116636905521098 6.35
    endloop
  endfacet
  facet normal 0 0 -1
    outer loop
      vertex 103.7166369055211 25.116636905521098 6.35
      vertex 104.95451650574027 25.197771821067803 6.35
      vertex 103.7977718210678 25.04548349425973 6.35
    endloop
  endfacet
  facet normal 0 0 -1
    outer loop
      vertex 103.7977718210678 25.04548349425973 6.35
      vertex 104.8833630944789 25.116636905521098 6.35
      vertex 103.8875 24.985529041877836 6.35
    endloop
  endfacet
  facet normal 0 0 -1
    outer loop
      vertex 104.19231589141846 24.882057989366604 6.35
      vertex 104.51352571220957 24.903111193311517 6.35
      vertex 104.40768410858153 24.882057989366604 6.35
    endloop
  endfacet
  facet normal 0 0 -1
    outer loop
      vertex 104.19231589141846 24.882057989366604 6.35
      vertex 104.6157138317012 24.937799385678186 6.35
      vertex 104.51352571220957 24.903111193311517 6.35
    endloop
  endfacet
  facet normal 0 0 -1
    outer loop
      vertex 104.08647428779042 24.903111193311517 6.35
      vertex 104.71249999999999 24.985529041877836 6.35
      vertex 104.6157138317012 24.937799385678186 6.35
    endloop
  endfacet
  facet normal 0 0 -1
    outer loop
      vertex 103.9842861682988 24.937799385678186 6.35
      vertex 104.8022281789322 25.04548349425973 6.35
      vertex 104.71249999999999 24.985529041877836 6.35
    endloop
  endfacet
  facet normal 0 0 -1
    outer loop
      vertex 103.8875 24.985529041877836 6.35
      vertex 104.8833630944789 25.116636905521098 6.35
      vertex 104.8022281789322 25.04548349425973 6.35
    endloop
  endfacet
  facet normal 0 0 -1
    outer loop
      vertex 103.7977718210678 25.04548349425973 6.35
      vertex 104.95451650574027 25.197771821067803 6.35
      vertex 104.8833630944789 25.116636905521098 6.35
    endloop
  endfacet
  facet normal 0 0 -1
    outer loop
      vertex 103.7166369055211 25.116636905521098 6.35
      vertex 105.01447095812216 25.287499999999998 6.35
      vertex 104.95451650574027 25.197771821067803 6.35
    endloop
  endfacet
  facet normal 0 0 -1
    outer loop
      vertex 103.64548349425972 25.197771821067803 6.35
      vertex 105.06220061432181 25.3842861682988 6.35
      vertex 105.01447095812216 25.287499999999998 6.35
    endloop
  endfacet
  facet normal 0 0 -1
    outer loop
      vertex 103.58552904187783 25.287499999999998 6.35
      vertex 105.09688880668848 25.48647428779042 6.35
      vertex 105.06220061432181 25.3842861682988 6.35
    endloop
  endfacet
  facet normal 0 0 -1
    outer loop
      vertex 103.53779938567818 25.3842861682988 6.35
      vertex 105.09957923812459 25.5 6.35
      vertex 105.09688880668848 25.48647428779042 6.35
    endloop
  endfacet
  facet normal 0 1 0
    outer loop
      vertex 103.5004207618754 25.5 6.35
      vertex 105.09957923812459 25.5 7.6499999999999995
      vertex 105.09957923812459 25.5 6.35
    endloop
  endfacet
  facet normal 0 1 0
    outer loop
      vertex 103.5004207618754 25.5 6.35
      vertex 103.5004207618754 25.5 7.6499999999999995
      vertex 105.09957923812459 25.5 7.6499999999999995
    endloop
  endfacet
  facet normal 0 0 -1
    outer loop
      vertex 104.5871576228841 23.518821304977617 6.35
      vertex 104.86940189922554 23.574963182164048 6.35
      vertex 105.30000000000001 23.1 6.35
    endloop
  endfacet
  facet normal 0 0 -1
    outer loop
      vertex 105.30000000000001 23.1 6.35
      vertex 104.86940189922554 23.574963182164048 6.35
      vertex 105.1419035512032 23.667465028475167 6.35
    endloop
  endfacet
  facet normal 0 0 -1
    outer loop
      vertex 105.30000000000001 20.799999999999997 6.35
      vertex 105.30000000000001 23.1 6.35
      vertex 105.89999999999999 20.799999999999997 6.35
    endloop
  endfacet
  facet normal 0 0 -1
    outer loop
      vertex 106 10.691018093094996 6.35
      vertex 105.89999999999999 20.799999999999997 6.35
      vertex 106 24.308981906905004 6.35
    endloop
  endfacet
  facet normal 0 0 -1
    outer loop
      vertex 105.30000000000001 23.1 6.35
      vertex 106 24.308981906905004 6.35
      vertex 105.89999999999999 20.799999999999997 6.35
    endloop
  endfacet
  facet normal 0 0 -1
    outer loop
      vertex 105.30000000000001 23.1 6.35
      vertex 105.1419035512032 23.667465028475167 6.35
      vertex 105.39999999999999 23.794744111674234 6.35
    endloop
  endfacet
  facet normal 0 0 -1
    outer loop
      vertex 105.30000000000001 23.1 6.35
      vertex 105.39999999999999 23.794744111674234 6.35
      vertex 105.63927514381918 23.95462265135928 6.35
    endloop
  endfacet
  facet normal 0 0 -1
    outer loop
      vertex 105.30000000000001 23.1 6.35
      vertex 105.63927514381918 23.95462265135928 6.35
      vertex 105.8556349186104 24.144365081389594 6.35
    endloop
  endfacet
  facet normal 0 0 -1
    outer loop
      vertex 105.30000000000001 23.1 6.35
      vertex 105.8556349186104 24.144365081389594 6.35
      vertex 106 24.308981906905004 6.35
    endloop
  endfacet
  facet normal 1 0 0
    outer loop
      vertex 99.9 13.76327857493096 6.35
      vertex 99.9 14.2 6.871179775482974
      vertex 99.9 14.2 7
    endloop
  endfacet
  facet normal 1 0 0
    outer loop
      vertex 99.9 13.76327857493096 6.35
      vertex 99.9 14.2 7
      vertex 99.9 14.147345567213906 7.120567551220481
    endloop
  endfacet
  facet normal 1 0 0
    outer loop
      vertex 99.9 14.2 7
      vertex 99.9 16.844866647669175 7.562070474786775
      vertex 99.9 14.147345567213906 7.120567551220481
    endloop
  endfacet
  facet normal 1 0 0
    outer loop
      vertex 99.9 14.2 7
      vertex 99.9 20.406338886164807 7
      vertex 99.9 16.844866647669175 7.562070474786775
    endloop
  endfacet
  facet normal 1 0 0
    outer loop
      vertex 99.9 16.844866647669175 7.562070474786775
      vertex 99.9 20.447890302883245 7.050038885419327
      vertex 99.9 19.365311429972387 7.4
    endloop
  endfacet
  facet normal 1 0 0
    outer loop
      vertex 99.9 16.844866647669175 7.562070474786775
      vertex 99.9 20.406338886164807 7
      vertex 99.9 20.447890302883245 7.050038885419327
    endloop
  endfacet
  facet normal 0 1 0
    outer loop
      vertex 105.30000000000001 11.9 6.35
      vertex 103.49999999552966 11.9 8
      vertex 105.11051177620011 11.9 8
    endloop
  endfacet
  facet normal -1 0 0
    outer loop
      vertex 105.30000000000001 11.9 6.35
      vertex 105.30000000000001 14.2 7
      vertex 105.30000000000001 14.2 6.35
    endloop
  endfacet
  facet normal -1 0 0
    outer loop
      vertex 105.30000000000001 11.9 6.35
      vertex 105.30000000000001 11.9 7.890598922967902
      vertex 105.30000000000001 14.2 7
    endloop
  endfacet
  facet normal 0 1 0
    outer loop
      vertex 105.30000000000001 11.9 6.35
      vertex 105.11051177620011 11.9 8
      vertex 105.30000000000001 11.9 7.890598922967902
    endloop
  endfacet
  facet normal -1 0 0
    outer loop
      vertex 105.30000000000001 14.2 7
      vertex 105.30000000000001 11.9 7.890598922967902
      vertex 105.30000000000001 20.799999999999997 7
    endloop
  endfacet
  facet normal 0 -1 0
    outer loop
      vertex 105.30000000000001 23.1 6.35
      vertex 105.11051177620011 23.1 8
      vertex 103.49999999552966 23.1 8
    endloop
  endfacet
  facet normal -1 0 0
    outer loop
      vertex 105.30000000000001 20.799999999999997 6.35
      vertex 105.30000000000001 20.799999999999997 7
      vertex 105.30000000000001 23.1 6.35
    endloop
  endfacet
  facet normal -1 0 0
    outer loop
      vertex 105.30000000000001 20.799999999999997 7
      vertex 105.30000000000001 11.9 7.890598922967902
      vertex 105.30000000000001 23.1 7.890598922967902
    endloop
  endfacet
  facet normal -1 0 0
    outer loop
      vertex 105.30000000000001 23.1 6.35
      vertex 105.30000000000001 20.799999999999997 7
      vertex 105.30000000000001 23.1 7.890598922967902
    endloop
  endfacet
  facet normal 0 -1 0
    outer loop
      vertex 105.30000000000001 23.1 6.35
      vertex 105.30000000000001 23.1 7.890598922967902
      vertex 105.11051177620011 23.1 8
    endloop
  endfacet
  facet normal 0 1 0
    outer loop
      vertex 99.3 14.2 6.35
      vertex 99.3 14.2 7
      vertex 99.9 14.2 6.35
    endloop
  endfacet
  facet normal 0 1 0
    outer loop
      vertex 99.9 14.2 6.35
      vertex 99.3 14.2 7
      vertex 99.9 14.2 6.871179775482974
    endloop
  endfacet
  facet normal 1 0 0
    outer loop
      vertex 99.3 14.2 6.35
      vertex 99.3 20.799999999999997 7
      vertex 99.3 14.2 7
    endloop
  endfacet
  facet normal 0 1 0
    outer loop
      vertex 99.9 14.2 6.871179775482974
      vertex 99.3 14.2 7
      vertex 99.9 14.2 7
    endloop
  endfacet
  facet normal 0 0 -1
    outer loop
      vertex 99.3 14.2 7
      vertex 99.9 20.406338886164807 7
      vertex 99.9 14.2 7
    endloop
  endfacet
  facet normal 1 0 0
    outer loop
      vertex 99.3 14.2 6.35
      vertex 99.3 20.799999999999997 6.35
      vertex 99.3 20.799999999999997 7
    endloop
  endfacet
  facet normal 0 -1 0
    outer loop
      vertex 99.3 20.799999999999997 6.35
      vertex 99.9 20.799999999999997 6.35
      vertex 99.9 20.799999999999997 7
    endloop
  endfacet
  facet normal 0 -1 0
    outer loop
      vertex 99.3 20.799999999999997 6.35
      vertex 99.9 20.799999999999997 7
      vertex 99.3 20.799999999999997 7
    endloop
  endfacet
  facet normal 0 0 -1
    outer loop
      vertex 99.3 14.2 7
      vertex 99.3 20.799999999999997 7
      vertex 99.9 20.799999999999997 7
    endloop
  endfacet
  facet normal 0 0 -1
    outer loop
      vertex 99.3 14.2 7
      vertex 99.9 20.799999999999997 7
      vertex 99.9 20.406338886164807 7
    endloop
  endfacet
  facet normal 0 1 0
    outer loop
      vertex 105.30000000000001 14.2 6.35
      vertex 105.30000000000001 14.2 7
      vertex 105.89999999999999 14.2 6.35
    endloop
  endfacet
  facet normal 0 1 0
    outer loop
      vertex 105.89999999999999 14.2 6.35
      vertex 105.30000000000001 14.2 7
      vertex 105.89999999999999 14.2 7
    endloop
  endfacet
  facet normal -1 0 0
    outer loop
      vertex 105.89999999999999 14.2 6.35
      vertex 105.89999999999999 14.2 7
      vertex 105.89999999999999 20.799999999999997 6.35
    endloop
  endfacet
  facet normal 0 0 -1
    outer loop
      vertex 105.30000000000001 14.2 7
      vertex 105.89999999999999 20.799999999999997 7
      vertex 105.89999999999999 14.2 7
    endloop
  endfacet
  facet normal 0 -1 0
    outer loop
      vertex 105.30000000000001 20.799999999999997 6.35
      vertex 105.89999999999999 20.799999999999997 7
      vertex 105.30000000000001 20.799999999999997 7
    endloop
  endfacet
  facet normal -1 0 0
    outer loop
      vertex 105.89999999999999 14.2 7
      vertex 105.89999999999999 20.799999999999997 7
      vertex 105.89999999999999 20.799999999999997 6.35
    endloop
  endfacet
  facet normal 0 -1 0
    outer loop
      vertex 105.30000000000001 20.799999999999997 6.35
      vertex 105.89999999999999 20.799999999999997 6.35
      vertex 105.89999999999999 20.799999999999997 7
    endloop
  endfacet
  facet normal 0 0 -1
    outer loop
      vertex 105.30000000000001 14.2 7
      vertex 105.30000000000001 20.799999999999997 7
      vertex 105.89999999999999 20.799999999999997 7
    endloop
  endfacet
  facet normal -0.8968727415327016 -0.44228869021897443 0
    outer loop
      vertex 102.26746502847517 8.458096448796804 5.8999999999999995
      vertex 102.39474411167423 8.200000000000001 5.8999999999999995
      vertex 102.26746502847517 8.458096448796804 8
    endloop
  endfacet
  facet normal -0.8314696123025374 -0.5555702330196142 0
    outer loop
      vertex 102.39474411167423 8.200000000000001 5.8999999999999995
      vertex 102.55462265135928 7.960724856180815 5.8999999999999995
      vertex 102.39474411167423 8.200000000000001 8
    endloop
  endfacet
  facet normal -0.7518398074789874 -0.6593458151000575 0
    outer loop
      vertex 102.55462265135928 7.960724856180815 5.8999999999999995
      vertex 102.74436508138959 7.744365081389596 5.8999999999999995
      vertex 102.55462265135928 7.960724856180815 8
    endloop
  endfacet
  facet normal -0.6593458151000512 -0.751839807478993 0
    outer loop
      vertex 102.74436508138959 7.744365081389596 5.8999999999999995
      vertex 102.96072485618082 7.554622651359283 5.8999999999999995
      vertex 102.74436508138959 7.744365081389596 8
    endloop
  endfacet
  facet normal 0 0 -1
    outer loop
      vertex 102.11882130497762 9.012842377115888 5.8999999999999995
      vertex 102.17496318216405 9.869401899225547 5.8999999999999995
      vertex 102.17496318216405 8.730598100774454 5.8999999999999995
    endloop
  endfacet
  facet normal 0 0 -1
    outer loop
      vertex 102.11882130497762 9.012842377115888 5.8999999999999995
      vertex 102.1 9.3 5.8999999999999995
      vertex 102.11882130497762 9.587157622884114 5.8999999999999995
    endloop
  endfacet
  facet normal 0 0 -1
    outer loop
      vertex 102.11882130497762 9.012842377115888 5.8999999999999995
      vertex 102.11882130497762 9.587157622884114 5.8999999999999995
      vertex 102.17496318216405 9.869401899225547 5.8999999999999995
    endloop
  endfacet
  facet normal -0.9978589232386026 0.06540312923015641 0
    outer loop
      vertex 102.1 9.3 5.8999999999999995
      vertex 102.11882130497762 9.587157622884114 6.35
      vertex 102.11882130497762 9.587157622884114 5.8999999999999995
    endloop
  endfacet
  facet normal -0.9807852804032298 0.19509032201613147 0
    outer loop
      vertex 102.11882130497762 9.587157622884114 5.8999999999999995
      vertex 102.17496318216405 9.869401899225547 6.35
      vertex 102.17496318216405 9.869401899225547 5.8999999999999995
    endloop
  endfacet
  facet normal -0.946930129495102 0.3214394653031723 0
    outer loop
      vertex 102.17496318216405 9.869401899225547 5.8999999999999995
      vertex 102.18534983778507 9.9 6.35
      vertex 102.18534983778507 9.9 5.8999999999999995
    endloop
  endfacet
  facet normal -0.9978589232386033 0.06540312923014545 7.0284725249620904e-15
    outer loop
      vertex 102.1 9.3 5.8999999999999995
      vertex 102.11310869256305 9.5 6.35
      vertex 102.11882130497762 9.587157622884114 6.35
    endloop
  endfacet
  facet normal -0.9807852804032298 0.19509032201613147 0
    outer loop
      vertex 102.11882130497762 9.587157622884114 5.8999999999999995
      vertex 102.11882130497762 9.587157622884114 6.35
      vertex 102.17496318216405 9.869401899225547 6.35
    endloop
  endfacet
  facet normal -0.946930129495102 0.3214394653031723 0
    outer loop
      vertex 102.17496318216405 9.869401899225547 5.8999999999999995
      vertex 102.17496318216405 9.869401899225547 6.35
      vertex 102.18534983778507 9.9 6.35
    endloop
  endfacet
  facet normal 0 0 -1
    outer loop
      vertex 102.26746502847517 8.458096448796804 5.8999999999999995
      vertex 102.17496318216405 8.730598100774454 5.8999999999999995
      vertex 103.09999999701978 9.9 5.8999999999999995
    endloop
  endfacet
  facet normal 0 0 -1
    outer loop
      vertex 102.26746502847517 8.458096448796804 5.8999999999999995
      vertex 103.09999999701978 9.9 5.8999999999999995
      vertex 102.39474411167423 8.200000000000001 5.8999999999999995
    endloop
  endfacet
  facet normal 0 0 -1
    outer loop
      vertex 102.39474411167423 8.200000000000001 5.8999999999999995
      vertex 103.09999999701978 9.9 5.8999999999999995
      vertex 102.55462265135928 7.960724856180815 5.8999999999999995
    endloop
  endfacet
  facet normal 0 0 -1
    outer loop
      vertex 102.17496318216405 8.730598100774454 5.8999999999999995
      vertex 102.17496318216405 9.869401899225547 5.8999999999999995
      vertex 103.09999999701978 9.9 5.8999999999999995
    endloop
  endfacet
  facet normal 0 0 -1
    outer loop
      vertex 102.17496318216405 9.869401899225547 5.8999999999999995
      vertex 102.18534983778507 9.9 5.8999999999999995
      vertex 103.09999999701978 9.9 5.8999999999999995
    endloop
  endfacet
  facet normal 0 0 -1
    outer loop
      vertex 102.55462265135928 7.960724856180815 5.8999999999999995
      vertex 103.09999999701978 9.9 5.8999999999999995
      vertex 102.74436508138959 7.744365081389596 5.8999999999999995
    endloop
  endfacet
  facet normal -0.9978589232386026 -0.06540312923015641 0
    outer loop
      vertex 102.11882130497762 9.012842377115888 5.8999999999999995
      vertex 102.1 9.3 8
      vertex 102.1 9.3 5.8999999999999995
    endloop
  endfacet
  facet normal -0.9469301294951016 -0.32143946530317385 0
    outer loop
      vertex 102.26746502847517 8.458096448796804 5.8999999999999995
      vertex 102.17496318216405 8.730598100774454 8
      vertex 102.17496318216405 8.730598100774454 5.8999999999999995
    endloop
  endfacet
  facet normal -0.9807852804032298 -0.19509032201613147 0
    outer loop
      vertex 102.11882130497762 9.012842377115888 5.8999999999999995
      vertex 102.17496318216405 8.730598100774454 5.8999999999999995
      vertex 102.11882130497762 9.012842377115888 8
    endloop
  endfacet
  facet normal -0.9978589232386023 0.06540312923016121 0
    outer loop
      vertex 102.1 9.3 5.8999999999999995
      vertex 102.11310869256305 9.5 8
      vertex 102.11310869256305 9.5 6.35
    endloop
  endfacet
  facet normal -0.8968727415327016 -0.44228869021897443 0
    outer loop
      vertex 102.39474411167423 8.200000000000001 5.8999999999999995
      vertex 102.39474411167423 8.200000000000001 8
      vertex 102.26746502847517 8.458096448796804 8
    endloop
  endfacet
  facet normal -0.8314696123025374 -0.5555702330196142 0
    outer loop
      vertex 102.55462265135928 7.960724856180815 5.8999999999999995
      vertex 102.55462265135928 7.960724856180815 8
      vertex 102.39474411167423 8.200000000000001 8
    endloop
  endfacet
  facet normal -0.7518398074789874 -0.6593458151000575 0
    outer loop
      vertex 102.74436508138959 7.744365081389596 5.8999999999999995
      vertex 102.74436508138959 7.744365081389596 8
      vertex 102.55462265135928 7.960724856180815 8
    endloop
  endfacet
  facet normal -0.6593458151000512 -0.751839807478993 0
    outer loop
      vertex 102.74436508138959 7.744365081389596 8
      vertex 102.96072485618082 7.554622651359283 5.8999999999999995
      vertex 102.96072485618082 7.554622651359283 8
    endloop
  endfacet
  facet normal -0.9978589232386026 -0.06540312923015641 0
    outer loop
      vertex 102.11882130497762 9.012842377115888 5.8999999999999995
      vertex 102.11882130497762 9.012842377115888 8
      vertex 102.1 9.3 8
    endloop
  endfacet
  facet normal -0.9807852804032298 -0.19509032201613147 0
    outer loop
      vertex 102.17496318216405 8.730598100774454 5.8999999999999995
      vertex 102.17496318216405 8.730598100774454 8
      vertex 102.11882130497762 9.012842377115888 8
    endloop
  endfacet
  facet normal -0.9978589232386025 0.06540312923016121 0
    outer loop
      vertex 102.1 9.3 5.8999999999999995
      vertex 102.1 9.3 8
      vertex 102.11310869256305 9.5 8
    endloop
  endfacet
  facet normal -0.9469301294951016 -0.32143946530317385 0
    outer loop
      vertex 102.26746502847517 8.458096448796804 5.8999999999999995
      vertex 102.26746502847517 8.458096448796804 8
      vertex 102.17496318216405 8.730598100774454 8
    endloop
  endfacet
  facet normal -0.6593458151000512 -0.7518398074789929 0
    outer loop
      vertex 102.74436508138959 7.744365081389596 9.2
      vertex 102.96072485618082 7.554622651359283 9.2
      vertex 102.74436508138959 7.744365081389596 9.366095431352834
    endloop
  endfacet
  facet normal -0.8968727415327015 -0.44228869021897443 0
    outer loop
      vertex 102.26746502847517 8.458096448796804 9.2
      vertex 102.39474411167423 8.200000000000001 9.2
      vertex 102.26746502847517 8.458096448796804 9.641433805312136
    endloop
  endfacet
  facet normal -0.8314696123025371 -0.5555702330196142 0
    outer loop
      vertex 102.39474411167423 8.200000000000001 9.2
      vertex 102.55462265135928 7.960724856180815 9.2
      vertex 102.39474411167423 8.200000000000001 9.567949192356247
    endloop
  endfacet
  facet normal -0.8968727415327016 -0.4422886902189744 0
    outer loop
      vertex 102.39474411167423 8.200000000000001 9.2
      vertex 102.39474411167423 8.200000000000001 9.567949192356247
      vertex 102.26746502847517 8.458096448796804 9.641433805312136
    endloop
  endfacet
  facet normal -0.7518398074789874 -0.6593458151000575 0
    outer loop
      vertex 102.55462265135928 7.960724856180815 9.2
      vertex 102.74436508138959 7.744365081389596 9.2
      vertex 102.55462265135928 7.960724856180815 9.475643274420502
    endloop
  endfacet
  facet normal -0.7518398074789875 -0.6593458151000575 0
    outer loop
      vertex 102.74436508138959 7.744365081389596 9.2
      vertex 102.74436508138959 7.744365081389596 9.366095431352834
      vertex 102.55462265135928 7.960724856180815 9.475643274420502
    endloop
  endfacet
  facet normal -0.8314696123025371 -0.5555702330196142 0
    outer loop
      vertex 102.55462265135928 7.960724856180815 9.2
      vertex 102.55462265135928 7.960724856180815 9.475643274420502
      vertex 102.39474411167423 8.200000000000001 9.567949192356247
    endloop
  endfacet
  facet normal -0.6593458151000512 -0.751839807478993 0
    outer loop
      vertex 102.96072485618082 7.554622651359283 9.2
      vertex 102.96072485618082 7.554622651359283 9.241180057120513
      vertex 102.74436508138959 7.744365081389596 9.366095431352834
    endloop
  endfacet
  facet normal -0.9978589232386024 0.0654031292301612 0
    outer loop
      vertex 102.1 9.3 9.2
      vertex 102.11310869256305 9.5 9.35
      vertex 102.11310869256305 9.5 9.2
    endloop
  endfacet
  facet normal -0.9469301294951016 -0.32143946530317385 0
    outer loop
      vertex 102.26746502847517 8.458096448796804 9.2
      vertex 102.17496318216405 8.730598100774454 9.694839771186729
      vertex 102.17496318216405 8.730598100774454 9.2
    endloop
  endfacet
  facet normal -0.9807852804032299 -0.19509032201613147 0
    outer loop
      vertex 102.11882130497762 9.012842377115888 9.2
      vertex 102.17496318216405 8.730598100774454 9.2
      vertex 102.11882130497762 9.012842377115888 9.727253299096967
    endloop
  endfacet
  facet normal -0.9978589232386025 -0.06540312923015641 0
    outer loop
      vertex 102.11882130497762 9.012842377115888 9.2
      vertex 102.1 9.3 9.738119784593582
      vertex 102.1 9.3 9.2
    endloop
  endfacet
  facet normal -0.9978589232386024 0.0654031292301612 0
    outer loop
      vertex 102.1 9.3 9.2
      vertex 102.1 9.3 9.738119784593582
      vertex 102.11310869256305 9.5 9.35
    endloop
  endfacet
  facet normal -0.9978589232386033 0.06540312923014545 0
    outer loop
      vertex 102.11310869256305 9.5 9.35
      vertex 102.11882130497762 9.587157622884114 9.727253299096967
      vertex 102.11882130497762 9.587157622884114 9.35
    endloop
  endfacet
  facet normal -0.9807852804032299 0.1950903220161315 0
    outer loop
      vertex 102.11882130497762 9.587157622884114 9.35
      vertex 102.17496318216405 9.869401899225547 9.694839771186729
      vertex 102.17496318216405 9.869401899225547 9.35
    endloop
  endfacet
  facet normal -0.9978589232386026 -0.06540312923015643 0
    outer loop
      vertex 102.11882130497762 9.012842377115888 9.2
      vertex 102.11882130497762 9.012842377115888 9.727253299096967
      vertex 102.1 9.3 9.738119784593582
    endloop
  endfacet
  facet normal -0.9807852804032299 -0.19509032201613147 0
    outer loop
      vertex 102.17496318216405 8.730598100774454 9.2
      vertex 102.17496318216405 8.730598100774454 9.694839771186729
      vertex 102.11882130497762 9.012842377115888 9.727253299096967
    endloop
  endfacet
  facet normal -0.9978589232386026 0.06540312923015633 -2.522580767282127e-15
    outer loop
      vertex 102.11310869256305 9.5 9.35
      vertex 102.1 9.3 9.738119784593582
      vertex 102.11882130497762 9.587157622884114 9.727253299096967
    endloop
  endfacet
  facet normal -0.9807852804032299 0.19509032201613147 0
    outer loop
      vertex 102.11882130497762 9.587157622884114 9.35
      vertex 102.11882130497762 9.587157622884114 9.727253299096967
      vertex 102.17496318216405 9.869401899225547 9.694839771186729
    endloop
  endfacet
  facet normal -0.9469301294951014 0.3214394653031738 0
    outer loop
      vertex 102.17496318216405 9.869401899225547 9.35
      vertex 102.17496318216405 9.869401899225547 9.694839771186729
      vertex 102.26746502847517 10.141903551203198 9.641433805312136
    endloop
  endfacet
  facet normal -0.9469301294951016 -0.32143946530317385 0
    outer loop
      vertex 102.26746502847517 8.458096448796804 9.2
      vertex 102.26746502847517 8.458096448796804 9.641433805312136
      vertex 102.17496318216405 8.730598100774454 9.694839771186729
    endloop
  endfacet
  facet normal -0.9469301294951015 0.32143946530317385 0
    outer loop
      vertex 102.17496318216405 9.869401899225547 9.35
      vertex 102.26746502847517 10.141903551203198 9.641433805312136
      vertex 102.26746502847517 10.141903551203198 9.35
    endloop
  endfacet
  facet normal -0.8968727415327016 0.44228869021897443 0
    outer loop
      vertex 102.26746502847517 10.141903551203198 9.35
      vertex 102.39474411167423 10.4 9.567949192356247
      vertex 102.39474411167423 10.4 9.35
    endloop
  endfacet
  facet normal -0.8314696123025362 0.5555702330196156 0
    outer loop
      vertex 102.39474411167423 10.4 9.35
      vertex 102.39474411167423 10.4 9.567949192356247
      vertex 102.55462265135928 10.639275143819185 9.475643274420502
    endloop
  endfacet
  facet normal -0.8968727415327015 0.44228869021897443 0
    outer loop
      vertex 102.26746502847517 10.141903551203198 9.35
      vertex 102.26746502847517 10.141903551203198 9.641433805312136
      vertex 102.39474411167423 10.4 9.567949192356247
    endloop
  endfacet
  facet normal -0.8314696123025362 0.5555702330196156 0
    outer loop
      vertex 102.39474411167423 10.4 9.35
      vertex 102.55462265135928 10.639275143819185 9.475643274420502
      vertex 102.55462265135928 10.639275143819185 9.35
    endloop
  endfacet
  facet normal -0.7518398074789887 0.659345815100056 0
    outer loop
      vertex 102.55462265135928 10.639275143819185 9.35
      vertex 102.55462265135928 10.639275143819185 9.475643274420502
      vertex 102.74436508138959 10.855634918610406 9.366095431352834
    endloop
  endfacet
  facet normal -0.7518398074789887 0.659345815100056 0
    outer loop
      vertex 102.55462265135928 10.639275143819185 9.35
      vertex 102.74436508138959 10.855634918610406 9.366095431352834
      vertex 102.74436508138959 10.855634918610406 9.35
    endloop
  endfacet
  facet normal -0.6593458151000546 0.7518398074789899 0
    outer loop
      vertex 102.74436508138959 10.855634918610406 9.35
      vertex 102.74436508138959 10.855634918610406 9.366095431352834
      vertex 102.77224318625913 10.880083360413838 9.35
    endloop
  endfacet
  facet normal 0 0 -1
    outer loop
      vertex 102.74436508138959 7.744365081389596 5.8999999999999995
      vertex 103.09999999701978 9.9 5.8999999999999995
      vertex 102.96072485618082 7.554622651359283 5.8999999999999995
    endloop
  endfacet
  facet normal 0 0 -1
    outer loop
      vertex 102.96072485618082 7.554622651359283 5.8999999999999995
      vertex 103.20352761745454 9.913629667460919 5.8999999999999995
      vertex 103.2 7.394744111674235 5.8999999999999995
    endloop
  endfacet
  facet normal 0 0 -1
    outer loop
      vertex 103.2 7.394744111674235 5.8999999999999995
      vertex 103.44641015976669 10.099999995529652 5.8999999999999995
      vertex 103.4580964487968 7.26746502847517 5.8999999999999995
    endloop
  endfacet
  facet normal 0 0 -1
    outer loop
      vertex 103.4580964487968 7.26746502847517 5.8999999999999995
      vertex 103.53779938567818 8.984286168298802 5.8999999999999995
      vertex 103.58552904187783 8.887500000000001 5.8999999999999995
    endloop
  endfacet
  facet normal 0 0 -1
    outer loop
      vertex 103.4580964487968 7.26746502847517 5.8999999999999995
      vertex 103.50311119331151 9.086474287790422 5.8999999999999995
      vertex 103.53779938567818 8.984286168298802 5.8999999999999995
    endloop
  endfacet
  facet normal 0 0 -1
    outer loop
      vertex 103.4580964487968 7.26746502847517 5.8999999999999995
      vertex 103.64548349425972 8.797771821067807 5.8999999999999995
      vertex 103.7166369055211 8.7166369055211 5.8999999999999995
    endloop
  endfacet
  facet normal 0 0 -1
    outer loop
      vertex 103.4580964487968 7.26746502847517 5.8999999999999995
      vertex 103.58552904187783 8.887500000000001 5.8999999999999995
      vertex 103.64548349425972 8.797771821067807 5.8999999999999995
    endloop
  endfacet
  facet normal 0 0 -1
    outer loop
      vertex 103.4580964487968 7.26746502847517 5.8999999999999995
      vertex 103.7977718210678 8.645483494259732 5.8999999999999995
      vertex 103.73059810077446 7.17496318216405 5.8999999999999995
    endloop
  endfacet
  facet normal 0 0 -1
    outer loop
      vertex 103.4580964487968 7.26746502847517 5.8999999999999995
      vertex 103.7166369055211 8.7166369055211 5.8999999999999995
      vertex 103.7977718210678 8.645483494259732 5.8999999999999995
    endloop
  endfacet
  facet normal 0 0 -1
    outer loop
      vertex 103.73059810077446 7.17496318216405 5.8999999999999995
      vertex 103.7977718210678 8.645483494259732 5.8999999999999995
      vertex 103.8875 8.58552904187784 5.8999999999999995
    endloop
  endfacet
  facet normal -0.5555702330196028 -0.8314696123025449 0
    outer loop
      vertex 102.96072485618082 7.554622651359283 5.8999999999999995
      vertex 103.2 7.394744111674235 5.8999999999999995
      vertex 102.96072485618082 7.554622651359283 8
    endloop
  endfacet
  facet normal -0.44228869021901396 -0.8968727415326821 0
    outer loop
      vertex 103.2 7.394744111674235 5.8999999999999995
      vertex 103.4580964487968 7.26746502847517 5.8999999999999995
      vertex 103.2 7.394744111674235 8
    endloop
  endfacet
  facet normal -0.32143946530315237 -0.9469301294951087 0
    outer loop
      vertex 103.4580964487968 7.26746502847517 5.8999999999999995
      vertex 103.73059810077446 7.17496318216405 5.8999999999999995
      vertex 103.4580964487968 7.26746502847517 8
    endloop
  endfacet
  facet normal -0.1950903220161279 -0.9807852804032304 0
    outer loop
      vertex 103.73059810077446 7.17496318216405 5.8999999999999995
      vertex 104.01284237711589 7.118821304977618 5.8999999999999995
      vertex 103.73059810077446 7.17496318216405 8
    endloop
  endfacet
  facet normal 0 0 -1
    outer loop
      vertex 102.96072485618082 7.554622651359283 5.8999999999999995
      vertex 103.09999999701978 9.9 5.8999999999999995
      vertex 103.15221047699453 9.903422051668167 5.8999999999999995
    endloop
  endfacet
  facet normal 0 0 -1
    outer loop
      vertex 102.96072485618082 7.554622651359283 5.8999999999999995
      vertex 103.15221047699453 9.903422051668167 5.8999999999999995
      vertex 103.20352761745454 9.913629667460919 5.8999999999999995
    endloop
  endfacet
  facet normal 0 0 -1
    outer loop
      vertex 103.2 7.394744111674235 5.8999999999999995
      vertex 103.20352761745454 9.913629667460919 5.8999999999999995
      vertex 103.25307336747647 9.93044818341732 5.8999999999999995
    endloop
  endfacet
  facet normal 0 0 -1
    outer loop
      vertex 103.2 7.394744111674235 5.8999999999999995
      vertex 103.25307336747647 9.93044818341732 5.8999999999999995
      vertex 103.30000000000001 9.953589835762978 5.8999999999999995
    endloop
  endfacet
  facet normal 0 0 -1
    outer loop
      vertex 103.2 7.394744111674235 5.8999999999999995
      vertex 103.30000000000001 9.953589835762978 5.8999999999999995
      vertex 103.34350456595422 9.982658663392067 5.8999999999999995
    endloop
  endfacet
  facet normal 0 0 -1
    outer loop
      vertex 103.2 7.394744111674235 5.8999999999999995
      vertex 103.34350456595422 9.982658663392067 5.8999999999999995
      vertex 103.38284270763398 10.01715728789568 5.8999999999999995
    endloop
  endfacet
  facet normal 0 0 -1
    outer loop
      vertex 103.2 7.394744111674235 5.8999999999999995
      vertex 103.38284270763398 10.01715728789568 5.8999999999999995
      vertex 103.4173413321376 10.056495429575444 5.8999999999999995
    endloop
  endfacet
  facet normal 0 0 -1
    outer loop
      vertex 103.2 7.394744111674235 5.8999999999999995
      vertex 103.4173413321376 10.056495429575444 5.8999999999999995
      vertex 103.44641015976669 10.099999995529652 5.8999999999999995
    endloop
  endfacet
  facet normal 0 0 -1
    outer loop
      vertex 103.4580964487968 7.26746502847517 5.8999999999999995
      vertex 103.48205798936661 9.192315891418458 5.8999999999999995
      vertex 103.50311119331151 9.086474287790422 5.8999999999999995
    endloop
  endfacet
  facet normal 0 0 -1
    outer loop
      vertex 103.4580964487968 7.26746502847517 5.8999999999999995
      vertex 103.475 9.3 5.8999999999999995
      vertex 103.48205798936661 9.192315891418458 5.8999999999999995
    endloop
  endfacet
  facet normal 0 0 -1
    outer loop
      vertex 103.4580964487968 7.26746502847517 5.8999999999999995
      vertex 103.46955181211234 10.146926628053189 5.8999999999999995
      vertex 103.475 9.3 5.8999999999999995
    endloop
  endfacet
  facet normal 0 0 -1
    outer loop
      vertex 103.4580964487968 7.26746502847517 5.8999999999999995
      vertex 103.44641015976669 10.099999995529652 5.8999999999999995
      vertex 103.46955181211234 10.146926628053189 5.8999999999999995
    endloop
  endfacet
  facet normal 0 0 -1
    outer loop
      vertex 103.475 9.3 5.8999999999999995
      vertex 103.46955181211234 10.146926628053189 5.8999999999999995
      vertex 103.48205798936661 9.407684108581543 5.8999999999999995
    endloop
  endfacet
  facet normal 0 0 -1
    outer loop
      vertex 103.48205798936661 9.407684108581543 5.8999999999999995
      vertex 103.48637032806874 10.196472378075123 5.8999999999999995
      vertex 103.50311119331151 9.51352571220958 5.8999999999999995
    endloop
  endfacet
  facet normal 0 0 -1
    outer loop
      vertex 103.48205798936661 9.407684108581543 5.8999999999999995
      vertex 103.46955181211234 10.146926628053189 5.8999999999999995
      vertex 103.48637032806874 10.196472378075123 5.8999999999999995
    endloop
  endfacet
  facet normal 0 0 -1
    outer loop
      vertex 103.50311119331151 9.51352571220958 5.8999999999999995
      vertex 103.48637032806874 10.196472378075123 5.8999999999999995
      vertex 103.53779938567818 9.6157138317012 5.8999999999999995
    endloop
  endfacet
  facet normal 0 0 -1
    outer loop
      vertex 103.53779938567818 9.6157138317012 5.8999999999999995
      vertex 103.48637032806874 10.196472378075123 5.8999999999999995
      vertex 103.4965779438615 10.247789518535138 5.8999999999999995
    endloop
  endfacet
  facet normal 0 0 -1
    outer loop
      vertex 103.53779938567818 9.6157138317012 5.8999999999999995
      vertex 103.4965779438615 10.247789518535138 5.8999999999999995
      vertex 103.49999999552966 10.299999998509884 5.8999999999999995
    endloop
  endfacet
  facet normal 0 0 -1
    outer loop
      vertex 103.53779938567818 9.6157138317012 5.8999999999999995
      vertex 103.49999999552966 11.346759308924783 5.8999999999999995
      vertex 103.58552904187783 9.7125 5.8999999999999995
    endloop
  endfacet
  facet normal 0 0 -1
    outer loop
      vertex 103.53779938567818 9.6157138317012 5.8999999999999995
      vertex 103.49999999552966 10.299999998509884 5.8999999999999995
      vertex 103.49999999552966 11.346759308924783 5.8999999999999995
    endloop
  endfacet
  facet normal 0 0 -1
    outer loop
      vertex 103.58552904187783 9.7125 5.8999999999999995
      vertex 103.49999999552966 11.346759308924783 5.8999999999999995
      vertex 103.73059810077446 11.425036817835952 5.8999999999999995
    endloop
  endfacet
  facet normal -0.3214394653031564 0.9469301294951074 0
    outer loop
      vertex 103.49999999552966 11.346759308924783 5.8999999999999995
      vertex 103.49999999552966 11.346759308924783 6.35
      vertex 103.73059810077446 11.425036817835952 5.8999999999999995
    endloop
  endfacet
  facet normal 0 0 -1
    outer loop
      vertex 103.58552904187783 9.7125 5.8999999999999995
      vertex 103.73059810077446 11.425036817835952 5.8999999999999995
      vertex 103.64548349425972 9.802228178932195 5.8999999999999995
    endloop
  endfacet
  facet normal 0 0 -1
    outer loop
      vertex 103.64548349425972 9.802228178932195 5.8999999999999995
      vertex 103.73059810077446 11.425036817835952 5.8999999999999995
      vertex 103.7166369055211 9.883363094478902 5.8999999999999995
    endloop
  endfacet
  facet normal 0 0 -1
    outer loop
      vertex 103.7166369055211 9.883363094478902 5.8999999999999995
      vertex 103.73059810077446 11.425036817835952 5.8999999999999995
      vertex 103.7977718210678 9.95451650574027 5.8999999999999995
    endloop
  endfacet
  facet normal 0 0 -1
    outer loop
      vertex 103.7977718210678 9.95451650574027 5.8999999999999995
      vertex 103.73059810077446 11.425036817835952 5.8999999999999995
      vertex 103.8875 10.014470958122162 5.8999999999999995
    endloop
  endfacet
  facet normal -0.3214394653031564 0.9469301294951074 0
    outer loop
      vertex 103.73059810077446 11.425036817835952 5.8999999999999995
      vertex 103.49999999552966 11.346759308924783 6.35
      vertex 103.73059810077446 11.425036817835952 6.35
    endloop
  endfacet
  facet normal -0.19509032201612198 0.9807852804032319 0
    outer loop
      vertex 103.73059810077446 11.425036817835952 5.8999999999999995
      vertex 103.73059810077446 11.425036817835952 6.35
      vertex 104.01284237711589 11.481178695022383 6.35
    endloop
  endfacet
  facet normal 0 0 -1
    outer loop
      vertex 103.73059810077446 7.17496318216405 5.8999999999999995
      vertex 104.08647428779042 8.50311119331152 5.8999999999999995
      vertex 104.01284237711589 7.118821304977618 5.8999999999999995
    endloop
  endfacet
  facet normal 0 0 -1
    outer loop
      vertex 103.73059810077446 7.17496318216405 5.8999999999999995
      vertex 103.8875 8.58552904187784 5.8999999999999995
      vertex 103.9842861682988 8.53779938567819 5.8999999999999995
    endloop
  endfacet
  facet normal 0 0 -1
    outer loop
      vertex 103.73059810077446 7.17496318216405 5.8999999999999995
      vertex 103.9842861682988 8.53779938567819 5.8999999999999995
      vertex 104.08647428779042 8.50311119331152 5.8999999999999995
    endloop
  endfacet
  facet normal 0 0 -1
    outer loop
      vertex 104.01284237711589 7.118821304977618 5.8999999999999995
      vertex 104.19231589141846 8.482057989366607 5.8999999999999995
      vertex 104.3 7.1000000000000005 5.8999999999999995
    endloop
  endfacet
  facet normal 0 0 -1
    outer loop
      vertex 104.01284237711589 7.118821304977618 5.8999999999999995
      vertex 104.08647428779042 8.50311119331152 5.8999999999999995
      vertex 104.19231589141846 8.482057989366607 5.8999999999999995
    endloop
  endfacet
  facet normal 0 0 -1
    outer loop
      vertex 104.3 7.1000000000000005 5.8999999999999995
      vertex 104.19231589141846 8.482057989366607 5.8999999999999995
      vertex 104.3 8.475000000000001 5.8999999999999995
    endloop
  endfacet
  facet normal 0 0 -1
    outer loop
      vertex 104.3 7.1000000000000005 5.8999999999999995
      vertex 104.40768410858153 8.482057989366607 5.8999999999999995
      vertex 104.5871576228841 7.118821304977618 5.8999999999999995
    endloop
  endfacet
  facet normal 0 0 -1
    outer loop
      vertex 104.3 7.1000000000000005 5.8999999999999995
      vertex 104.3 8.475000000000001 5.8999999999999995
      vertex 104.40768410858153 8.482057989366607 5.8999999999999995
    endloop
  endfacet
  facet normal 0 0 -1
    outer loop
      vertex 104.40768410858153 8.482057989366607 5.8999999999999995
      vertex 104.51352571220957 8.50311119331152 5.8999999999999995
      vertex 104.5871576228841 7.118821304977618 5.8999999999999995
    endloop
  endfacet
  facet normal 0 0 -1
    outer loop
      vertex 104.5871576228841 7.118821304977618 5.8999999999999995
      vertex 104.71249999999999 8.58552904187784 5.8999999999999995
      vertex 104.86940189922554 7.17496318216405 5.8999999999999995
    endloop
  endfacet
  facet normal 0 0 -1
    outer loop
      vertex 104.5871576228841 7.118821304977618 5.8999999999999995
      vertex 104.51352571220957 8.50311119331152 5.8999999999999995
      vertex 104.6157138317012 8.53779938567819 5.8999999999999995
    endloop
  endfacet
  facet normal 0 0 -1
    outer loop
      vertex 104.5871576228841 7.118821304977618 5.8999999999999995
      vertex 104.6157138317012 8.53779938567819 5.8999999999999995
      vertex 104.71249999999999 8.58552904187784 5.8999999999999995
    endloop
  endfacet
  facet normal -0.06540312923014492 -0.9978589232386034 0
    outer loop
      vertex 104.01284237711589 7.118821304977618 5.8999999999999995
      vertex 104.3 7.1000000000000005 5.8999999999999995
      vertex 104.01284237711589 7.118821304977618 8
    endloop
  endfacet
  facet normal 0.06540312923014492 -0.9978589232386034 0
    outer loop
      vertex 104.3 7.1000000000000005 5.8999999999999995
      vertex 104.5871576228841 7.118821304977618 5.8999999999999995
      vertex 104.3 7.1000000000000005 8
    endloop
  endfacet
  facet normal 0.1950903220161279 -0.9807852804032304 0
    outer loop
      vertex 104.5871576228841 7.118821304977618 5.8999999999999995
      vertex 104.86940189922554 7.17496318216405 5.8999999999999995
      vertex 104.5871576228841 7.118821304977618 8
    endloop
  endfacet
  facet normal 0 0 -1
    outer loop
      vertex 103.8875 10.014470958122162 5.8999999999999995
      vertex 104.01284237711589 11.481178695022383 5.8999999999999995
      vertex 103.9842861682988 10.062200614321812 5.8999999999999995
    endloop
  endfacet
  facet normal 0 0 -1
    outer loop
      vertex 103.9842861682988 10.062200614321812 5.8999999999999995
      vertex 104.01284237711589 11.481178695022383 5.8999999999999995
      vertex 104.08647428779042 10.096888806688481 5.8999999999999995
    endloop
  endfacet
  facet normal 0 0 -1
    outer loop
      vertex 103.73059810077446 11.425036817835952 5.8999999999999995
      vertex 104.01284237711589 11.481178695022383 5.8999999999999995
      vertex 103.8875 10.014470958122162 5.8999999999999995
    endloop
  endfacet
  facet normal -0.19509032201612198 0.9807852804032319 0
    outer loop
      vertex 103.73059810077446 11.425036817835952 5.8999999999999995
      vertex 104.01284237711589 11.481178695022383 6.35
      vertex 104.01284237711589 11.481178695022383 5.8999999999999995
    endloop
  endfacet
  facet normal 0 0 -1
    outer loop
      vertex 104.01284237711589 11.481178695022383 5.8999999999999995
      vertex 104.19231589141846 10.117942010633394 5.8999999999999995
      vertex 104.08647428779042 10.096888806688481 5.8999999999999995
    endloop
  endfacet
  facet normal 0 0 -1
    outer loop
      vertex 104.19231589141846 10.117942010633394 5.8999999999999995
      vertex 104.3 11.5 5.8999999999999995
      vertex 104.3 10.125 5.8999999999999995
    endloop
  endfacet
  facet normal 0 0 -1
    outer loop
      vertex 104.01284237711589 11.481178695022383 5.8999999999999995
      vertex 104.3 11.5 5.8999999999999995
      vertex 104.19231589141846 10.117942010633394 5.8999999999999995
    endloop
  endfacet
  facet normal -0.06540312923014494 0.9978589232386035 0
    outer loop
      vertex 104.01284237711589 11.481178695022383 5.8999999999999995
      vertex 104.3 11.5 6.35
      vertex 104.3 11.5 5.8999999999999995
    endloop
  endfacet
  facet normal -0.06540312923014494 0.9978589232386035 0
    outer loop
      vertex 104.01284237711589 11.481178695022383 5.8999999999999995
      vertex 104.01284237711589 11.481178695022383 6.35
      vertex 104.3 11.5 6.35
    endloop
  endfacet
  facet normal 0 0 -1
    outer loop
      vertex 104.3 10.125 5.8999999999999995
      vertex 104.3 11.5 5.8999999999999995
      vertex 104.40768410858153 10.117942010633394 5.8999999999999995
    endloop
  endfacet
  facet normal 0 0 -1
    outer loop
      vertex 104.40768410858153 10.117942010633394 5.8999999999999995
      vertex 104.5871576228841 11.481178695022383 5.8999999999999995
      vertex 104.51352571220957 10.096888806688481 5.8999999999999995
    endloop
  endfacet
  facet normal 0 0 -1
    outer loop
      vertex 104.40768410858153 10.117942010633394 5.8999999999999995
      vertex 104.3 11.5 5.8999999999999995
      vertex 104.5871576228841 11.481178695022383 5.8999999999999995
    endloop
  endfacet
  facet normal 0.06540312923014494 0.9978589232386035 0
    outer loop
      vertex 104.5871576228841 11.481178695022383 5.8999999999999995
      vertex 104.3 11.5 5.8999999999999995
      vertex 104.5871576228841 11.481178695022383 6.35
    endloop
  endfacet
  facet normal 0 0 -1
    outer loop
      vertex 104.51352571220957 10.096888806688481 5.8999999999999995
      vertex 104.86940189922554 11.425036817835952 5.8999999999999995
      vertex 104.6157138317012 10.062200614321812 5.8999999999999995
    endloop
  endfacet
  facet normal 0 0 -1
    outer loop
      vertex 104.6157138317012 10.062200614321812 5.8999999999999995
      vertex 104.86940189922554 11.425036817835952 5.8999999999999995
      vertex 104.71249999999999 10.014470958122162 5.8999999999999995
    endloop
  endfacet
  facet normal 0 0 -1
    outer loop
      vertex 104.51352571220957 10.096888806688481 5.8999999999999995
      vertex 104.5871576228841 11.481178695022383 5.8999999999999995
      vertex 104.86940189922554 11.425036817835952 5.8999999999999995
    endloop
  endfacet
  facet normal 0.06540312923014494 0.9978589232386035 0
    outer loop
      vertex 104.5871576228841 11.481178695022383 6.35
      vertex 104.3 11.5 5.8999999999999995
      vertex 104.3 11.5 6.35
    endloop
  endfacet
  facet normal 0.19509032201612198 0.9807852804032319 0
    outer loop
      vertex 104.5871576228841 11.481178695022383 5.8999999999999995
      vertex 104.5871576228841 11.481178695022383 6.35
      vertex 104.86940189922554 11.425036817835952 6.35
    endloop
  endfacet
  facet normal -0.5555702330196028 -0.8314696123025449 0
    outer loop
      vertex 103.2 7.394744111674235 5.8999999999999995
      vertex 103.2 7.394744111674235 8
      vertex 102.96072485618082 7.554622651359283 8
    endloop
  endfacet
  facet normal -0.44228869021901396 -0.8968727415326821 0
    outer loop
      vertex 103.4580964487968 7.26746502847517 5.8999999999999995
      vertex 103.4580964487968 7.26746502847517 8
      vertex 103.2 7.394744111674235 8
    endloop
  endfacet
  facet normal -0.32143946530315237 -0.9469301294951087 0
    outer loop
      vertex 103.73059810077446 7.17496318216405 5.8999999999999995
      vertex 103.73059810077446 7.17496318216405 8
      vertex 103.4580964487968 7.26746502847517 8
    endloop
  endfacet
  facet normal -0.1950903220161279 -0.9807852804032304 0
    outer loop
      vertex 104.01284237711589 7.118821304977618 5.8999999999999995
      vertex 104.01284237711589 7.118821304977618 8
      vertex 103.73059810077446 7.17496318216405 8
    endloop
  endfacet
  facet normal -0.06540312923014492 -0.9978589232386034 0
    outer loop
      vertex 104.3 7.1000000000000005 5.8999999999999995
      vertex 104.3 7.1000000000000005 8
      vertex 104.01284237711589 7.118821304977618 8
    endloop
  endfacet
  facet normal 0.06540312923014492 -0.9978589232386034 0
    outer loop
      vertex 104.5871576228841 7.118821304977618 5.8999999999999995
      vertex 104.5871576228841 7.118821304977618 8
      vertex 104.3 7.1000000000000005 8
    endloop
  endfacet
  facet normal 0 0 -1
    outer loop
      vertex 104.71249999999999 8.58552904187784 5.8999999999999995
      vertex 104.8022281789322 8.645483494259732 5.8999999999999995
      vertex 104.86940189922554 7.17496318216405 5.8999999999999995
    endloop
  endfacet
  facet normal 0 0 -1
    outer loop
      vertex 104.86940189922554 7.17496318216405 5.8999999999999995
      vertex 104.8022281789322 8.645483494259732 5.8999999999999995
      vertex 104.8833630944789 8.7166369055211 5.8999999999999995
    endloop
  endfacet
  facet normal 0 0 -1
    outer loop
      vertex 104.86940189922554 7.17496318216405 5.8999999999999995
      vertex 104.8833630944789 8.7166369055211 5.8999999999999995
      vertex 104.95451650574027 8.797771821067807 5.8999999999999995
    endloop
  endfacet
  facet normal 0 0 -1
    outer loop
      vertex 104.86940189922554 7.17496318216405 5.8999999999999995
      vertex 104.95451650574027 8.797771821067807 5.8999999999999995
      vertex 105.01447095812216 8.887500000000001 5.8999999999999995
    endloop
  endfacet
  facet normal 0 0 -1
    outer loop
      vertex 104.86940189922554 7.17496318216405 5.8999999999999995
      vertex 105.01447095812216 8.887500000000001 5.8999999999999995
      vertex 105.1419035512032 7.26746502847517 5.8999999999999995
    endloop
  endfacet
  facet normal 0 0 -1
    outer loop
      vertex 105.1419035512032 7.26746502847517 5.8999999999999995
      vertex 105.01447095812216 8.887500000000001 5.8999999999999995
      vertex 105.06220061432181 8.984286168298802 5.8999999999999995
    endloop
  endfacet
  facet normal 0 0 -1
    outer loop
      vertex 105.1419035512032 7.26746502847517 5.8999999999999995
      vertex 105.06220061432181 8.984286168298802 5.8999999999999995
      vertex 105.09688880668848 9.086474287790422 5.8999999999999995
    endloop
  endfacet
  facet normal 0.32143946530315237 -0.9469301294951087 0
    outer loop
      vertex 104.86940189922554 7.17496318216405 5.8999999999999995
      vertex 105.1419035512032 7.26746502847517 5.8999999999999995
      vertex 104.86940189922554 7.17496318216405 8
    endloop
  endfacet
  facet normal 0.4422886902190139 -0.896872741532682 0
    outer loop
      vertex 105.1419035512032 7.26746502847517 5.8999999999999995
      vertex 105.39999999999999 7.394744111674235 5.8999999999999995
      vertex 105.1419035512032 7.26746502847517 7.981875950249479
    endloop
  endfacet
  facet normal 0.5555702330196028 -0.8314696123025449 0
    outer loop
      vertex 105.39999999999999 7.394744111674235 5.8999999999999995
      vertex 105.63927514381918 7.554622651359283 5.8999999999999995
      vertex 105.39999999999999 7.394744111674235 7.832863896042111
    endloop
  endfacet
  facet normal 0 0 -1
    outer loop
      vertex 105.1419035512032 7.26746502847517 5.8999999999999995
      vertex 105.09688880668848 9.086474287790422 5.8999999999999995
      vertex 105.11794201063339 9.192315891418458 5.8999999999999995
    endloop
  endfacet
  facet normal 0 0 -1
    outer loop
      vertex 105.1419035512032 7.26746502847517 5.8999999999999995
      vertex 105.11794201063339 9.192315891418458 5.8999999999999995
      vertex 105.125 9.3 5.8999999999999995
    endloop
  endfacet
  facet normal 0 0 -1
    outer loop
      vertex 105.1419035512032 7.26746502847517 5.8999999999999995
      vertex 105.125 9.3 5.8999999999999995
      vertex 105.1419035512032 11.332534971524831 5.8999999999999995
    endloop
  endfacet
  facet normal 0 0 -1
    outer loop
      vertex 104.71249999999999 10.014470958122162 5.8999999999999995
      vertex 104.86940189922554 11.425036817835952 5.8999999999999995
      vertex 104.8022281789322 9.95451650574027 5.8999999999999995
    endloop
  endfacet
  facet normal 0 0 -1
    outer loop
      vertex 104.8022281789322 9.95451650574027 5.8999999999999995
      vertex 105.1419035512032 11.332534971524831 5.8999999999999995
      vertex 104.8833630944789 9.883363094478902 5.8999999999999995
    endloop
  endfacet
  facet normal 0 0 -1
    outer loop
      vertex 104.8022281789322 9.95451650574027 5.8999999999999995
      vertex 104.86940189922554 11.425036817835952 5.8999999999999995
      vertex 105.1419035512032 11.332534971524831 5.8999999999999995
    endloop
  endfacet
  facet normal 0.19509032201612198 0.9807852804032319 0
    outer loop
      vertex 104.5871576228841 11.481178695022383 5.8999999999999995
      vertex 104.86940189922554 11.425036817835952 6.35
      vertex 104.86940189922554 11.425036817835952 5.8999999999999995
    endloop
  endfacet
  facet normal 0 0 -1
    outer loop
      vertex 104.8833630944789 9.883363094478902 5.8999999999999995
      vertex 105.1419035512032 11.332534971524831 5.8999999999999995
      vertex 104.95451650574027 9.802228178932195 5.8999999999999995
    endloop
  endfacet
  facet normal 0 0 -1
    outer loop
      vertex 104.95451650574027 9.802228178932195 5.8999999999999995
      vertex 105.1419035512032 11.332534971524831 5.8999999999999995
      vertex 105.01447095812216 9.7125 5.8999999999999995
    endloop
  endfacet
  facet normal 0 0 -1
    outer loop
      vertex 105.06220061432181 9.6157138317012 5.8999999999999995
      vertex 105.1419035512032 11.332534971524831 5.8999999999999995
      vertex 105.09688880668848 9.51352571220958 5.8999999999999995
    endloop
  endfacet
  facet normal 0 0 -1
    outer loop
      vertex 105.06220061432181 9.6157138317012 5.8999999999999995
      vertex 105.01447095812216 9.7125 5.8999999999999995
      vertex 105.1419035512032 11.332534971524831 5.8999999999999995
    endloop
  endfacet
  facet normal 0 0 -1
    outer loop
      vertex 105.09688880668848 9.51352571220958 5.8999999999999995
      vertex 105.1419035512032 11.332534971524831 5.8999999999999995
      vertex 105.11794201063339 9.407684108581543 5.8999999999999995
    endloop
  endfacet
  facet normal 0 0 -1
    outer loop
      vertex 105.125 9.3 5.8999999999999995
      vertex 105.11794201063339 9.407684108581543 5.8999999999999995
      vertex 105.1419035512032 11.332534971524831 5.8999999999999995
    endloop
  endfacet
  facet normal 0.3214394653031552 0.9469301294951079 0
    outer loop
      vertex 104.86940189922554 11.425036817835952 5.8999999999999995
      vertex 105.1419035512032 11.332534971524831 6.35
      vertex 105.1419035512032 11.332534971524831 5.8999999999999995
    endloop
  endfacet
  facet normal 0.3214394653031552 0.9469301294951079 0
    outer loop
      vertex 104.86940189922554 11.425036817835952 5.8999999999999995
      vertex 104.86940189922554 11.425036817835952 6.35
      vertex 105.1419035512032 11.332534971524831 6.35
    endloop
  endfacet
  facet normal 0 0 -1
    outer loop
      vertex 105.1419035512032 7.26746502847517 5.8999999999999995
      vertex 105.39999999999999 11.205255888325766 5.8999999999999995
      vertex 105.39999999999999 7.394744111674235 5.8999999999999995
    endloop
  endfacet
  facet normal 0 0 -1
    outer loop
      vertex 105.1419035512032 7.26746502847517 5.8999999999999995
      vertex 105.1419035512032 11.332534971524831 5.8999999999999995
      vertex 105.39999999999999 11.205255888325766 5.8999999999999995
    endloop
  endfacet
  facet normal 0 0 -1
    outer loop
      vertex 105.39999999999999 7.394744111674235 5.8999999999999995
      vertex 105.63927514381918 11.045377348640718 5.8999999999999995
      vertex 105.63927514381918 7.554622651359283 5.8999999999999995
    endloop
  endfacet
  facet normal 0 0 -1
    outer loop
      vertex 105.39999999999999 7.394744111674235 5.8999999999999995
      vertex 105.39999999999999 11.205255888325766 5.8999999999999995
      vertex 105.63927514381918 11.045377348640718 5.8999999999999995
    endloop
  endfacet
  facet normal 0.4422886902190139 0.896872741532682 0
    outer loop
      vertex 105.1419035512032 11.332534971524831 5.8999999999999995
      vertex 105.39999999999999 11.205255888325766 6.35
      vertex 105.39999999999999 11.205255888325766 5.8999999999999995
    endloop
  endfacet
  facet normal 0.5555702330196028 0.8314696123025449 0
    outer loop
      vertex 105.39999999999999 11.205255888325766 5.8999999999999995
      vertex 105.63927514381918 11.045377348640718 6.35
      vertex 105.63927514381918 11.045377348640718 5.8999999999999995
    endloop
  endfacet
  facet normal 0.4422886902190139 0.896872741532682 0
    outer loop
      vertex 105.1419035512032 11.332534971524831 5.8999999999999995
      vertex 105.1419035512032 11.332534971524831 6.35
      vertex 105.39999999999999 11.205255888325766 6.35
    endloop
  endfacet
  facet normal 0.5555702330196028 0.8314696123025449 0
    outer loop
      vertex 105.39999999999999 11.205255888325766 5.8999999999999995
      vertex 105.39999999999999 11.205255888325766 6.35
      vertex 105.63927514381918 11.045377348640718 6.35
    endloop
  endfacet
  facet normal 0.6593458151000511 -0.7518398074789929 0
    outer loop
      vertex 105.63927514381918 7.554622651359283 5.8999999999999995
      vertex 105.8556349186104 7.744365081389596 5.8999999999999995
      vertex 105.63927514381918 7.554622651359283 7.694718327331353
    endloop
  endfacet
  facet normal 0.7518398074789877 -0.6593458151000571 0
    outer loop
      vertex 105.8556349186104 7.744365081389596 5.8999999999999995
      vertex 106 7.908981906905004 5.9
      vertex 106 7.908981906905004 7.486453734487293
    endloop
  endfacet
  facet normal 0 0 -1
    outer loop
      vertex 105.63927514381918 7.554622651359283 5.8999999999999995
      vertex 105.8556349186104 10.855634918610406 5.8999999999999995
      vertex 105.8556349186104 7.744365081389596 5.8999999999999995
    endloop
  endfacet
  facet normal 0 0 -1
    outer loop
      vertex 105.63927514381918 7.554622651359283 5.8999999999999995
      vertex 105.63927514381918 11.045377348640718 5.8999999999999995
      vertex 105.8556349186104 10.855634918610406 5.8999999999999995
    endloop
  endfacet
  facet normal 6.152307823685019e-15 0 -1
    outer loop
      vertex 105.8556349186104 7.744365081389596 5.8999999999999995
      vertex 105.8556349186104 10.855634918610406 5.8999999999999995
      vertex 106 10.691018093094996 5.9
    endloop
  endfacet
  facet normal 6.271155154317285e-15 -1.0422631165401233e-16 -1
    outer loop
      vertex 105.8556349186104 7.744365081389596 5.8999999999999995
      vertex 106.04537734864071 10.639275143819185 5.9
      vertex 106 7.908981906905004 5.9
    endloop
  endfacet
  facet normal 0 0 -1
    outer loop
      vertex 106 7.908981906905004 5.9
      vertex 106.04537734864071 10.639275143819185 5.9
      vertex 106.04537734864071 7.960724856180815 5.9
    endloop
  endfacet
  facet normal 3.255176942265191e-16 2.854713561243228e-16 -1
    outer loop
      vertex 105.8556349186104 7.744365081389596 5.8999999999999995
      vertex 106 10.691018093094996 5.9
      vertex 106.04537734864071 10.639275143819185 5.9
    endloop
  endfacet
  facet normal -5.555332325712758e-15 0 -1
    outer loop
      vertex 106.04537734864071 7.960724856180815 5.9
      vertex 106.04537734864071 10.639275143819185 5.9
      vertex 106.20525588832577 10.4 5.8999999999999995
    endloop
  endfacet
  facet normal 0.6593458151000511 0.7518398074789929 0
    outer loop
      vertex 105.63927514381918 11.045377348640718 5.8999999999999995
      vertex 105.8556349186104 10.855634918610406 6.35
      vertex 105.8556349186104 10.855634918610406 5.8999999999999995
    endloop
  endfacet
  facet normal 0.7518398074789896 0.6593458151000551 0
    outer loop
      vertex 105.8556349186104 10.855634918610406 5.8999999999999995
      vertex 105.8556349186104 10.855634918610406 6.35
      vertex 106 10.691018093094996 5.9
    endloop
  endfacet
  facet normal 0.6593458151000511 0.7518398074789929 0
    outer loop
      vertex 105.63927514381918 11.045377348640718 5.8999999999999995
      vertex 105.63927514381918 11.045377348640718 6.35
      vertex 105.8556349186104 10.855634918610406 6.35
    endloop
  endfacet
  facet normal 0.7518398074789896 0.6593458151000551 0
    outer loop
      vertex 106 10.691018093094996 5.9
      vertex 105.8556349186104 10.855634918610406 6.35
      vertex 106 10.691018093094996 6.35
    endloop
  endfacet
  facet normal 6.042058823628608e-16 -4.0371746350005706e-16 -1
    outer loop
      vertex 106.04537734864071 7.960724856180815 5.9
      vertex 106.20525588832577 10.4 5.8999999999999995
      vertex 106.20525588832577 8.200000000000001 5.9
    endloop
  endfacet
  facet normal 1.0696282642791073e-15 -5.274822860830049e-16 -1
    outer loop
      vertex 106.20525588832577 8.200000000000001 5.9
      vertex 106.33253497152482 10.141903551203198 5.8999999999999995
      vertex 106.33253497152482 8.458096448796804 5.9
    endloop
  endfacet
  facet normal -8.186580310580841e-16 -4.0371746350005706e-16 -1
    outer loop
      vertex 106.20525588832577 8.200000000000001 5.9
      vertex 106.20525588832577 10.4 5.8999999999999995
      vertex 106.33253497152482 10.141903551203198 5.8999999999999995
    endloop
  endfacet
  facet normal 8.047824503412571e-15 -5.27482286083005e-16 -1
    outer loop
      vertex 106.33253497152482 8.458096448796804 5.9
      vertex 106.33253497152482 10.141903551203198 5.8999999999999995
      vertex 106.42503681783595 9.869401899225547 5.9
    endloop
  endfacet
  facet normal 0 0 -1
    outer loop
      vertex 106.33253497152482 8.458096448796804 5.9
      vertex 106.42503681783595 9.869401899225547 5.9
      vertex 106.42503681783595 8.730598100774454 5.9
    endloop
  endfacet
  facet normal 0 0 -1
    outer loop
      vertex 106.42503681783595 8.730598100774454 5.9
      vertex 106.48117869502238 9.587157622884114 5.9
      vertex 106.48117869502238 9.012842377115888 5.9
    endloop
  endfacet
  facet normal 0 0 -1
    outer loop
      vertex 106.42503681783595 8.730598100774454 5.9
      vertex 106.42503681783595 9.869401899225547 5.9
      vertex 106.48117869502238 9.587157622884114 5.9
    endloop
  endfacet
  facet normal 0 0 -1
    outer loop
      vertex 106.48117869502238 9.012842377115888 5.9
      vertex 106.48117869502238 9.587157622884114 5.9
      vertex 106.5 9.3 5.9
    endloop
  endfacet
  facet normal 0.1950903220161279 -0.9807852804032304 0
    outer loop
      vertex 104.86940189922554 7.17496318216405 5.8999999999999995
      vertex 104.86940189922554 7.17496318216405 8
      vertex 104.5871576228841 7.118821304977618 8
    endloop
  endfacet
  facet normal 0.32143946530315237 -0.9469301294951088 0
    outer loop
      vertex 105.1419035512032 7.26746502847517 5.8999999999999995
      vertex 105.1419035512032 7.26746502847517 7.981875950249479
      vertex 104.86940189922554 7.17496318216405 8
    endloop
  endfacet
  facet normal 0.4422886902190139 -0.896872741532682 0
    outer loop
      vertex 105.39999999999999 7.394744111674235 5.8999999999999995
      vertex 105.39999999999999 7.394744111674235 7.832863896042111
      vertex 105.1419035512032 7.26746502847517 7.981875950249479
    endloop
  endfacet
  facet normal 0.5555702330196027 -0.8314696123025448 0
    outer loop
      vertex 105.63927514381918 7.554622651359283 5.8999999999999995
      vertex 105.63927514381918 7.554622651359283 7.694718327331353
      vertex 105.39999999999999 7.394744111674235 7.832863896042111
    endloop
  endfacet
  facet normal 0.6593458151000511 -0.7518398074789929 0
    outer loop
      vertex 105.8556349186104 7.744365081389596 5.8999999999999995
      vertex 105.8556349186104 7.744365081389596 7.569802953099032
      vertex 105.63927514381918 7.554622651359283 7.694718327331353
    endloop
  endfacet
  facet normal 0.7518398074789877 -0.6593458151000571 0
    outer loop
      vertex 105.8556349186104 7.744365081389596 5.8999999999999995
      vertex 106 7.908981906905004 7.486453734487293
      vertex 105.8556349186104 7.744365081389596 7.569802953099032
    endloop
  endfacet
  facet normal -0.5555702330195891 -0.831469612302554 0
    outer loop
      vertex 102.96072485618082 7.554622651359283 9.2
      vertex 103.03205080736369 7.506964174449616 9.2
      vertex 102.96072485618082 7.554622651359283 9.241180057120513
    endloop
  endfacet
  facet normal 0.3214394653031483 -0.9469301294951101 -6.841468503294855e-14
    outer loop
      vertex 104.86940189922554 7.17496318216405 8
      vertex 105.1419035512032 7.26746502847517 7.981875950249479
      vertex 105.11051177620011 7.256808956757091 8
    endloop
  endfacet
  facet normal 0 0 -1
    outer loop
      vertex 102.11882130497762 25.412842377115886 5.8999999999999995
      vertex 102.1 25.7 5.8999999999999995
      vertex 102.11882130497762 25.987157622884112 5.8999999999999995
    endloop
  endfacet
  facet normal 0 0 -1
    outer loop
      vertex 102.11882130497762 25.412842377115886 5.8999999999999995
      vertex 102.17496318216405 26.269401899225546 5.8999999999999995
      vertex 102.17496318216405 25.130598100774453 5.8999999999999995
    endloop
  endfacet
  facet normal 0 0 -1
    outer loop
      vertex 102.17496318216405 25.130598100774453 5.8999999999999995
      vertex 102.26746502847517 26.541903551203198 5.8999999999999995
      vertex 102.18534983778507 25.099999999999998 5.8999999999999995
    endloop
  endfacet
  facet normal -0.9978589232386026 -0.06540312923015641 2.1332707508489775e-15
    outer loop
      vertex 102.11882130497762 25.412842377115886 5.8999999999999995
      vertex 102.11310869256305 25.5 6.35
      vertex 102.1 25.7 5.8999999999999995
    endloop
  endfacet
  facet normal -0.9807852804032298 -0.19509032201613147 0
    outer loop
      vertex 102.11882130497762 25.412842377115886 5.8999999999999995
      vertex 102.17496318216405 25.130598100774453 5.8999999999999995
      vertex 102.11882130497762 25.412842377115886 6.35
    endloop
  endfacet
  facet normal -0.9469301294951077 -0.32143946530315554 0
    outer loop
      vertex 102.17496318216405 25.130598100774453 5.8999999999999995
      vertex 102.18534983778507 25.099999999999998 5.8999999999999995
      vertex 102.18534983778507 25.099999999999998 6.35
    endloop
  endfacet
  facet normal 0 0 -1
    outer loop
      vertex 102.11882130497762 25.412842377115886 5.8999999999999995
      vertex 102.11882130497762 25.987157622884112 5.8999999999999995
      vertex 102.17496318216405 26.269401899225546 5.8999999999999995
    endloop
  endfacet
  facet normal 0 0 -1
    outer loop
      vertex 102.17496318216405 25.130598100774453 5.8999999999999995
      vertex 102.17496318216405 26.269401899225546 5.8999999999999995
      vertex 102.26746502847517 26.541903551203198 5.8999999999999995
    endloop
  endfacet
  facet normal 0 0 -1
    outer loop
      vertex 102.18534983778507 25.099999999999998 5.8999999999999995
      vertex 102.26746502847517 26.541903551203198 5.8999999999999995
      vertex 102.39474411167423 26.8 5.8999999999999995
    endloop
  endfacet
  facet normal 0 0 -1
    outer loop
      vertex 102.18534983778507 25.099999999999998 5.8999999999999995
      vertex 102.39474411167423 26.8 5.8999999999999995
      vertex 102.55462265135928 27.039275143819186 5.8999999999999995
    endloop
  endfacet
  facet normal -0.9978589232386035 -0.06540312923014546 0
    outer loop
      vertex 102.11882130497762 25.412842377115886 5.8999999999999995
      vertex 102.11882130497762 25.412842377115886 6.35
      vertex 102.11310869256305 25.5 6.35
    endloop
  endfacet
  facet normal -0.9469301294951077 -0.32143946530315554 0
    outer loop
      vertex 102.17496318216405 25.130598100774453 5.8999999999999995
      vertex 102.18534983778507 25.099999999999998 6.35
      vertex 102.17496318216405 25.130598100774453 6.35
    endloop
  endfacet
  facet normal -0.9807852804032298 -0.19509032201613147 0
    outer loop
      vertex 102.17496318216405 25.130598100774453 5.8999999999999995
      vertex 102.17496318216405 25.130598100774453 6.35
      vertex 102.11882130497762 25.412842377115886 6.35
    endloop
  endfacet
  facet normal 0 0 -1
    outer loop
      vertex 102.18534983778507 25.099999999999998 5.8999999999999995
      vertex 102.55462265135928 27.039275143819186 5.8999999999999995
      vertex 102.74436508138959 27.255634918610404 5.8999999999999995
    endloop
  endfacet
  facet normal 0 0 -1
    outer loop
      vertex 102.18534983778507 25.099999999999998 5.8999999999999995
      vertex 103.2 27.605255888325765 5.8999999999999995
      vertex 103.09999999701978 25.099999999999998 5.8999999999999995
    endloop
  endfacet
  facet normal -0.9978589232386026 0.06540312923015641 0
    outer loop
      vertex 102.1 25.7 5.8999999999999995
      vertex 102.11882130497762 25.987157622884112 8
      vertex 102.11882130497762 25.987157622884112 5.8999999999999995
    endloop
  endfacet
  facet normal -0.9807852804032298 0.19509032201613147 0
    outer loop
      vertex 102.11882130497762 25.987157622884112 5.8999999999999995
      vertex 102.17496318216405 26.269401899225546 8
      vertex 102.17496318216405 26.269401899225546 5.8999999999999995
    endloop
  endfacet
  facet normal -0.946930129495102 0.32143946530317197 0
    outer loop
      vertex 102.17496318216405 26.269401899225546 5.8999999999999995
      vertex 102.26746502847517 26.541903551203198 8
      vertex 102.26746502847517 26.541903551203198 5.8999999999999995
    endloop
  endfacet
  facet normal -0.9978589232386025 -0.06540312923016121 0
    outer loop
      vertex 102.1 25.7 5.8999999999999995
      vertex 102.11310869256305 25.5 6.35
      vertex 102.1 25.7 8
    endloop
  endfacet
  facet normal 0 0 -1
    outer loop
      vertex 102.18534983778507 25.099999999999998 5.8999999999999995
      vertex 102.74436508138959 27.255634918610404 5.8999999999999995
      vertex 102.96072485618082 27.44537734864072 5.8999999999999995
    endloop
  endfacet
  facet normal 0 0 -1
    outer loop
      vertex 102.18534983778507 25.099999999999998 5.8999999999999995
      vertex 102.96072485618082 27.44537734864072 5.8999999999999995
      vertex 103.2 27.605255888325765 5.8999999999999995
    endloop
  endfacet
  facet normal -0.8968727415327016 0.44228869021897443 0
    outer loop
      vertex 102.26746502847517 26.541903551203198 5.8999999999999995
      vertex 102.39474411167423 26.8 8
      vertex 102.39474411167423 26.8 5.8999999999999995
    endloop
  endfacet
  facet normal -0.8314696123025364 0.5555702330196156 0
    outer loop
      vertex 102.39474411167423 26.8 5.8999999999999995
      vertex 102.55462265135928 27.039275143819186 8
      vertex 102.55462265135928 27.039275143819186 5.8999999999999995
    endloop
  endfacet
  facet normal -0.751839807478986 0.6593458151000591 0
    outer loop
      vertex 102.55462265135928 27.039275143819186 5.8999999999999995
      vertex 102.74436508138959 27.255634918610404 8
      vertex 102.74436508138959 27.255634918610404 5.8999999999999995
    endloop
  endfacet
  facet normal -0.6593458151000546 0.7518398074789899 0
    outer loop
      vertex 102.74436508138959 27.255634918610404 5.8999999999999995
      vertex 102.96072485618082 27.44537734864072 8
      vertex 102.96072485618082 27.44537734864072 5.8999999999999995
    endloop
  endfacet
  facet normal -0.9978589232386026 0.06540312923015641 0
    outer loop
      vertex 102.1 25.7 5.8999999999999995
      vertex 102.1 25.7 8
      vertex 102.11882130497762 25.987157622884112 8
    endloop
  endfacet
  facet normal -0.9807852804032298 0.19509032201613147 0
    outer loop
      vertex 102.11882130497762 25.987157622884112 5.8999999999999995
      vertex 102.11882130497762 25.987157622884112 8
      vertex 102.17496318216405 26.269401899225546 8
    endloop
  endfacet
  facet normal -0.946930129495102 0.32143946530317197 0
    outer loop
      vertex 102.17496318216405 26.269401899225546 5.8999999999999995
      vertex 102.17496318216405 26.269401899225546 8
      vertex 102.26746502847517 26.541903551203198 8
    endloop
  endfacet
  facet normal -0.9978589232386023 -0.0654031292301612 0
    outer loop
      vertex 102.11310869256305 25.5 6.35
      vertex 102.11310869256305 25.5 8
      vertex 102.1 25.7 8
    endloop
  endfacet
  facet normal -0.8968727415327016 0.44228869021897443 0
    outer loop
      vertex 102.26746502847517 26.541903551203198 5.8999999999999995
      vertex 102.26746502847517 26.541903551203198 8
      vertex 102.39474411167423 26.8 8
    endloop
  endfacet
  facet normal -0.8314696123025364 0.5555702330196156 0
    outer loop
      vertex 102.39474411167423 26.8 5.8999999999999995
      vertex 102.39474411167423 26.8 8
      vertex 102.55462265135928 27.039275143819186 8
    endloop
  endfacet
  facet normal -0.751839807478986 0.6593458151000591 0
    outer loop
      vertex 102.55462265135928 27.039275143819186 5.8999999999999995
      vertex 102.55462265135928 27.039275143819186 8
      vertex 102.74436508138959 27.255634918610404 8
    endloop
  endfacet
  facet normal -0.6593458151000546 0.7518398074789899 0
    outer loop
      vertex 102.74436508138959 27.255634918610404 5.8999999999999995
      vertex 102.74436508138959 27.255634918610404 8
      vertex 102.96072485618082 27.44537734864072 8
    endloop
  endfacet
  facet normal -0.8968727415327015 -0.44228869021897443 0
    outer loop
      vertex 102.26746502847517 24.8580964487968 9.35
      vertex 102.39474411167423 24.599999999999998 9.35
      vertex 102.26746502847517 24.8580964487968 9.641433805312136
    endloop
  endfacet
  facet normal -0.8314696123025362 -0.5555702330196156 0
    outer loop
      vertex 102.39474411167423 24.599999999999998 9.35
      vertex 102.55462265135928 24.360724856180813 9.35
      vertex 102.39474411167423 24.599999999999998 9.567949192356247
    endloop
  endfacet
  facet normal -0.9469301294951021 -0.32143946530317197 0
    outer loop
      vertex 102.26746502847517 24.8580964487968 9.35
      vertex 102.26746502847517 24.8580964487968 9.641433805312136
      vertex 102.17496318216405 25.130598100774453 9.694839771186729
    endloop
  endfacet
  facet normal -0.8968727415327016 -0.44228869021897443 0
    outer loop
      vertex 102.39474411167423 24.599999999999998 9.35
      vertex 102.39474411167423 24.599999999999998 9.567949192356247
      vertex 102.26746502847517 24.8580964487968 9.641433805312136
    endloop
  endfacet
  facet normal -0.9978589232386024 -0.0654031292301612 0
    outer loop
      vertex 102.11310869256305 25.5 9.2
      vertex 102.1 25.7 9.738119784593582
      vertex 102.1 25.7 9.2
    endloop
  endfacet
  facet normal -0.9978589232386024 -0.0654031292301612 0
    outer loop
      vertex 102.11310869256305 25.5 9.2
      vertex 102.11310869256305 25.5 9.35
      vertex 102.1 25.7 9.738119784593582
    endloop
  endfacet
  facet normal -0.9978589232386035 -0.06540312923014546 -8.149063154677527e-15
    outer loop
      vertex 102.11882130497762 25.412842377115886 9.35
      vertex 102.1 25.7 9.738119784593582
      vertex 102.11310869256305 25.5 9.35
    endloop
  endfacet
  facet normal -0.9807852804032299 -0.19509032201613147 0
    outer loop
      vertex 102.11882130497762 25.412842377115886 9.35
      vertex 102.17496318216405 25.130598100774453 9.35
      vertex 102.11882130497762 25.412842377115886 9.727253299096967
    endloop
  endfacet
  facet normal -0.9469301294951021 -0.32143946530317197 0
    outer loop
      vertex 102.26746502847517 24.8580964487968 9.35
      vertex 102.17496318216405 25.130598100774453 9.694839771186729
      vertex 102.17496318216405 25.130598100774453 9.35
    endloop
  endfacet
  facet normal -0.9978589232386026 0.06540312923015643 0
    outer loop
      vertex 102.1 25.7 9.2
      vertex 102.11882130497762 25.987157622884112 9.727253299096967
      vertex 102.11882130497762 25.987157622884112 9.2
    endloop
  endfacet
  facet normal -0.9807852804032299 0.19509032201613147 0
    outer loop
      vertex 102.11882130497762 25.987157622884112 9.2
      vertex 102.17496318216405 26.269401899225546 9.694839771186729
      vertex 102.17496318216405 26.269401899225546 9.2
    endloop
  endfacet
  facet normal -0.946930129495102 0.32143946530317197 0
    outer loop
      vertex 102.17496318216405 26.269401899225546 9.2
      vertex 102.26746502847517 26.541903551203198 9.641433805312136
      vertex 102.26746502847517 26.541903551203198 9.2
    endloop
  endfacet
  facet normal -0.9978589232386026 -0.06540312923015643 0
    outer loop
      vertex 102.11882130497762 25.412842377115886 9.35
      vertex 102.11882130497762 25.412842377115886 9.727253299096967
      vertex 102.1 25.7 9.738119784593582
    endloop
  endfacet
  facet normal -0.9807852804032299 -0.1950903220161315 0
    outer loop
      vertex 102.17496318216405 25.130598100774453 9.35
      vertex 102.17496318216405 25.130598100774453 9.694839771186729
      vertex 102.11882130497762 25.412842377115886 9.727253299096967
    endloop
  endfacet
  facet normal -0.9978589232386025 0.06540312923015641 0
    outer loop
      vertex 102.1 25.7 9.2
      vertex 102.1 25.7 9.738119784593582
      vertex 102.11882130497762 25.987157622884112 9.727253299096967
    endloop
  endfacet
  facet normal -0.9807852804032299 0.19509032201613147 0
    outer loop
      vertex 102.11882130497762 25.987157622884112 9.2
      vertex 102.11882130497762 25.987157622884112 9.727253299096967
      vertex 102.17496318216405 26.269401899225546 9.694839771186729
    endloop
  endfacet
  facet normal -0.9469301294951022 0.321439465303172 0
    outer loop
      vertex 102.17496318216405 26.269401899225546 9.2
      vertex 102.17496318216405 26.269401899225546 9.694839771186729
      vertex 102.26746502847517 26.541903551203198 9.641433805312136
    endloop
  endfacet
  facet normal -0.751839807478986 -0.6593458151000591 0
    outer loop
      vertex 102.74436508138959 24.144365081389594 9.35
      vertex 102.74436508138959 24.144365081389594 9.366095431352834
      vertex 102.55462265135928 24.360724856180813 9.475643274420502
    endloop
  endfacet
  facet normal -0.8314696123025362 -0.5555702330196156 0
    outer loop
      vertex 102.55462265135928 24.360724856180813 9.35
      vertex 102.55462265135928 24.360724856180813 9.475643274420502
      vertex 102.39474411167423 24.599999999999998 9.567949192356247
    endloop
  endfacet
  facet normal -0.751839807478986 -0.659345815100059 0
    outer loop
      vertex 102.55462265135928 24.360724856180813 9.35
      vertex 102.74436508138959 24.144365081389594 9.35
      vertex 102.55462265135928 24.360724856180813 9.475643274420502
    endloop
  endfacet
  facet normal -0.6593458151000546 -0.7518398074789899 0
    outer loop
      vertex 102.74436508138959 24.144365081389594 9.35
      vertex 102.77224318625913 24.11991663958616 9.35
      vertex 102.74436508138959 24.144365081389594 9.366095431352834
    endloop
  endfacet
  facet normal -0.751839807478986 0.659345815100059 0
    outer loop
      vertex 102.55462265135928 27.039275143819186 9.2
      vertex 102.74436508138959 27.255634918610404 9.366095431352834
      vertex 102.74436508138959 27.255634918610404 9.2
    endloop
  endfacet
  facet normal -0.6593458151000546 0.7518398074789899 0
    outer loop
      vertex 102.74436508138959 27.255634918610404 9.2
      vertex 102.96072485618082 27.44537734864072 9.241180057120513
      vertex 102.96072485618082 27.44537734864072 9.2
    endloop
  endfacet
  facet normal -0.8968727415327016 0.4422886902189744 0
    outer loop
      vertex 102.26746502847517 26.541903551203198 9.2
      vertex 102.39474411167423 26.8 9.567949192356247
      vertex 102.39474411167423 26.8 9.2
    endloop
  endfacet
  facet normal -0.8968727415327015 0.44228869021897443 0
    outer loop
      vertex 102.26746502847517 26.541903551203198 9.2
      vertex 102.26746502847517 26.541903551203198 9.641433805312136
      vertex 102.39474411167423 26.8 9.567949192356247
    endloop
  endfacet
  facet normal -0.8314696123025364 0.5555702330196157 0
    outer loop
      vertex 102.39474411167423 26.8 9.2
      vertex 102.39474411167423 26.8 9.567949192356247
      vertex 102.55462265135928 27.039275143819186 9.475643274420502
    endloop
  endfacet
  facet normal -0.8314696123025362 0.5555702330196156 0
    outer loop
      vertex 102.39474411167423 26.8 9.2
      vertex 102.55462265135928 27.039275143819186 9.475643274420502
      vertex 102.55462265135928 27.039275143819186 9.2
    endloop
  endfacet
  facet normal -0.751839807478986 0.6593458151000591 0
    outer loop
      vertex 102.55462265135928 27.039275143819186 9.2
      vertex 102.55462265135928 27.039275143819186 9.475643274420502
      vertex 102.74436508138959 27.255634918610404 9.366095431352834
    endloop
  endfacet
  facet normal -0.6593458151000545 0.7518398074789899 0
    outer loop
      vertex 102.74436508138959 27.255634918610404 9.2
      vertex 102.74436508138959 27.255634918610404 9.366095431352834
      vertex 102.96072485618082 27.44537734864072 9.241180057120513
    endloop
  endfacet
  facet normal 0 0 -1
    outer loop
      vertex 103.09999999701978 25.099999999999998 5.8999999999999995
      vertex 103.2 27.605255888325765 5.8999999999999995
      vertex 103.15221047699453 25.09657794833183 5.8999999999999995
    endloop
  endfacet
  facet normal 0 0 -1
    outer loop
      vertex 103.15221047699453 25.09657794833183 5.8999999999999995
      vertex 103.2 27.605255888325765 5.8999999999999995
      vertex 103.20352761745454 25.08637033253908 5.8999999999999995
    endloop
  endfacet
  facet normal 0 0 -1
    outer loop
      vertex 103.20352761745454 25.08637033253908 5.8999999999999995
      vertex 103.2 27.605255888325765 5.8999999999999995
      vertex 103.25307336747647 25.069551816582678 5.8999999999999995
    endloop
  endfacet
  facet normal 0 0 -1
    outer loop
      vertex 103.30000000000001 25.04641016423702 5.8999999999999995
      vertex 103.4580964487968 27.73253497152483 5.8999999999999995
      vertex 103.34350456595422 25.01734133660793 5.8999999999999995
    endloop
  endfacet
  facet normal 0 0 -1
    outer loop
      vertex 103.25307336747647 25.069551816582678 5.8999999999999995
      vertex 103.4580964487968 27.73253497152483 5.8999999999999995
      vertex 103.30000000000001 25.04641016423702 5.8999999999999995
    endloop
  endfacet
  facet normal 0 0 -1
    outer loop
      vertex 103.49999999552966 23.653240691075215 5.8999999999999995
      vertex 103.49999999552966 24.700000001490114 5.8999999999999995
      vertex 103.73059810077446 23.574963182164048 5.8999999999999995
    endloop
  endfacet
  facet normal -0.32143946530314993 -0.9469301294951097 0
    outer loop
      vertex 103.49999999552966 23.653240691075215 5.8999999999999995
      vertex 103.73059810077446 23.574963182164048 5.8999999999999995
      vertex 103.49999999552966 23.653240691075215 6.35
    endloop
  endfacet
  facet normal 0 0 -1
    outer loop
      vertex 103.4965779438615 24.75221048146486 5.8999999999999995
      vertex 103.53779938567818 25.3842861682988 5.8999999999999995
      vertex 103.49999999552966 24.700000001490114 5.8999999999999995
    endloop
  endfacet
  facet normal 0 0 -1
    outer loop
      vertex 103.4965779438615 24.75221048146486 5.8999999999999995
      vertex 103.48637032806874 24.803527621924875 5.8999999999999995
      vertex 103.53779938567818 25.3842861682988 5.8999999999999995
    endloop
  endfacet
  facet normal -0.19509032201612198 -0.9807852804032319 0
    outer loop
      vertex 103.73059810077446 23.574963182164048 5.8999999999999995
      vertex 104.01284237711589 23.518821304977617 5.8999999999999995
      vertex 103.73059810077446 23.574963182164048 6.35
    endloop
  endfacet
  facet normal 0 0 -1
    outer loop
      vertex 103.49999999552966 24.700000001490114 5.8999999999999995
      vertex 103.7977718210678 25.04548349425973 5.8999999999999995
      vertex 103.73059810077446 23.574963182164048 5.8999999999999995
    endloop
  endfacet
  facet normal 0 0 -1
    outer loop
      vertex 103.49999999552966 24.700000001490114 5.8999999999999995
      vertex 103.7166369055211 25.116636905521098 5.8999999999999995
      vertex 103.7977718210678 25.04548349425973 5.8999999999999995
    endloop
  endfacet
  facet normal 0 0 -1
    outer loop
      vertex 103.73059810077446 23.574963182164048 5.8999999999999995
      vertex 103.7977718210678 25.04548349425973 5.8999999999999995
      vertex 103.8875 24.985529041877836 5.8999999999999995
    endloop
  endfacet
  facet normal -0.32143946530314993 -0.9469301294951097 0
    outer loop
      vertex 103.73059810077446 23.574963182164048 5.8999999999999995
      vertex 103.73059810077446 23.574963182164048 6.35
      vertex 103.49999999552966 23.653240691075215 6.35
    endloop
  endfacet
  facet normal 0 0 -1
    outer loop
      vertex 103.44641015976669 24.900000004470346 5.8999999999999995
      vertex 103.48205798936661 25.59231589141846 5.8999999999999995
      vertex 103.46955181211234 24.85307337194681 5.8999999999999995
    endloop
  endfacet
  facet normal 0 0 -1
    outer loop
      vertex 103.48637032806874 24.803527621924875 5.8999999999999995
      vertex 103.46955181211234 24.85307337194681 5.8999999999999995
      vertex 103.53779938567818 25.3842861682988 5.8999999999999995
    endloop
  endfacet
  facet normal 0 0 -1
    outer loop
      vertex 103.46955181211234 24.85307337194681 5.8999999999999995
      vertex 103.48205798936661 25.59231589141846 5.8999999999999995
      vertex 103.50311119331151 25.48647428779042 5.8999999999999995
    endloop
  endfacet
  facet normal 0 0 -1
    outer loop
      vertex 103.44641015976669 24.900000004470346 5.8999999999999995
      vertex 103.475 25.7 5.8999999999999995
      vertex 103.48205798936661 25.59231589141846 5.8999999999999995
    endloop
  endfacet
  facet normal 0 0 -1
    outer loop
      vertex 103.49999999552966 24.700000001490114 5.8999999999999995
      vertex 103.53779938567818 25.3842861682988 5.8999999999999995
      vertex 103.58552904187783 25.287499999999998 5.8999999999999995
    endloop
  endfacet
  facet normal 0 0 -1
    outer loop
      vertex 103.46955181211234 24.85307337194681 5.8999999999999995
      vertex 103.50311119331151 25.48647428779042 5.8999999999999995
      vertex 103.53779938567818 25.3842861682988 5.8999999999999995
    endloop
  endfacet
  facet normal 0 0 -1
    outer loop
      vertex 103.49999999552966 24.700000001490114 5.8999999999999995
      vertex 103.58552904187783 25.287499999999998 5.8999999999999995
      vertex 103.64548349425972 25.197771821067803 5.8999999999999995
    endloop
  endfacet
  facet normal 0 0 -1
    outer loop
      vertex 103.38284270763398 24.98284271210432 5.8999999999999995
      vertex 103.34350456595422 25.01734133660793 5.8999999999999995
      vertex 103.4580964487968 27.73253497152483 5.8999999999999995
    endloop
  endfacet
  facet normal 0 0 -1
    outer loop
      vertex 103.38284270763398 24.98284271210432 5.8999999999999995
      vertex 103.4580964487968 27.73253497152483 5.8999999999999995
      vertex 103.4173413321376 24.943504570424555 5.8999999999999995
    endloop
  endfacet
  facet normal 0 0 -1
    outer loop
      vertex 103.4173413321376 24.943504570424555 5.8999999999999995
      vertex 103.4580964487968 27.73253497152483 5.8999999999999995
      vertex 103.44641015976669 24.900000004470346 5.8999999999999995
    endloop
  endfacet
  facet normal 0 0 -1
    outer loop
      vertex 103.44641015976669 24.900000004470346 5.8999999999999995
      vertex 103.4580964487968 27.73253497152483 5.8999999999999995
      vertex 103.475 25.7 5.8999999999999995
    endloop
  endfacet
  facet normal 0 0 -1
    outer loop
      vertex 103.475 25.7 5.8999999999999995
      vertex 103.4580964487968 27.73253497152483 5.8999999999999995
      vertex 103.48205798936661 25.80768410858154 5.8999999999999995
    endloop
  endfacet
  facet normal 0 0 -1
    outer loop
      vertex 103.48205798936661 25.80768410858154 5.8999999999999995
      vertex 103.4580964487968 27.73253497152483 5.8999999999999995
      vertex 103.50311119331151 25.91352571220958 5.8999999999999995
    endloop
  endfacet
  facet normal 0 0 -1
    outer loop
      vertex 103.49999999552966 24.700000001490114 5.8999999999999995
      vertex 103.64548349425972 25.197771821067803 5.8999999999999995
      vertex 103.7166369055211 25.116636905521098 5.8999999999999995
    endloop
  endfacet
  facet normal 0 0 -1
    outer loop
      vertex 103.25307336747647 25.069551816582678 5.8999999999999995
      vertex 103.2 27.605255888325765 5.8999999999999995
      vertex 103.4580964487968 27.73253497152483 5.8999999999999995
    endloop
  endfacet
  facet normal 0 0 -1
    outer loop
      vertex 103.50311119331151 25.91352571220958 5.8999999999999995
      vertex 103.4580964487968 27.73253497152483 5.8999999999999995
      vertex 103.53779938567818 26.0157138317012 5.8999999999999995
    endloop
  endfacet
  facet normal 0 0 -1
    outer loop
      vertex 103.53779938567818 26.0157138317012 5.8999999999999995
      vertex 103.4580964487968 27.73253497152483 5.8999999999999995
      vertex 103.58552904187783 26.1125 5.8999999999999995
    endloop
  endfacet
  facet normal 0 0 -1
    outer loop
      vertex 103.58552904187783 26.1125 5.8999999999999995
      vertex 103.4580964487968 27.73253497152483 5.8999999999999995
      vertex 103.73059810077446 27.82503681783595 5.8999999999999995
    endloop
  endfacet
  facet normal 0 0 -1
    outer loop
      vertex 103.58552904187783 26.1125 5.8999999999999995
      vertex 103.73059810077446 27.82503681783595 5.8999999999999995
      vertex 103.64548349425972 26.202228178932195 5.8999999999999995
    endloop
  endfacet
  facet normal 0 0 -1
    outer loop
      vertex 103.64548349425972 26.202228178932195 5.8999999999999995
      vertex 103.73059810077446 27.82503681783595 5.8999999999999995
      vertex 103.7166369055211 26.2833630944789 5.8999999999999995
    endloop
  endfacet
  facet normal 0 0 -1
    outer loop
      vertex 103.7166369055211 26.2833630944789 5.8999999999999995
      vertex 103.73059810077446 27.82503681783595 5.8999999999999995
      vertex 103.7977718210678 26.354516505740268 5.8999999999999995
    endloop
  endfacet
  facet normal 0 0 -1
    outer loop
      vertex 103.7977718210678 26.354516505740268 5.8999999999999995
      vertex 103.73059810077446 27.82503681783595 5.8999999999999995
      vertex 103.8875 26.414470958122163 5.8999999999999995
    endloop
  endfacet
  facet normal -0.5555702330195986 0.8314696123025478 0
    outer loop
      vertex 102.96072485618082 27.44537734864072 5.8999999999999995
      vertex 103.2 27.605255888325765 8
      vertex 103.2 27.605255888325765 5.8999999999999995
    endloop
  endfacet
  facet normal -0.442288690219019 0.8968727415326797 0
    outer loop
      vertex 103.2 27.605255888325765 5.8999999999999995
      vertex 103.4580964487968 27.73253497152483 8
      vertex 103.4580964487968 27.73253497152483 5.8999999999999995
    endloop
  endfacet
  facet normal -0.32143946530314965 0.9469301294951098 0
    outer loop
      vertex 103.4580964487968 27.73253497152483 5.8999999999999995
      vertex 103.73059810077446 27.82503681783595 8
      vertex 103.73059810077446 27.82503681783595 5.8999999999999995
    endloop
  endfacet
  facet normal 0 0 -1
    outer loop
      vertex 103.73059810077446 23.574963182164048 5.8999999999999995
      vertex 104.08647428779042 24.903111193311517 5.8999999999999995
      vertex 104.01284237711589 23.518821304977617 5.8999999999999995
    endloop
  endfacet
  facet normal 0 0 -1
    outer loop
      vertex 103.73059810077446 23.574963182164048 5.8999999999999995
      vertex 103.8875 24.985529041877836 5.8999999999999995
      vertex 103.9842861682988 24.937799385678186 5.8999999999999995
    endloop
  endfacet
  facet normal 0 0 -1
    outer loop
      vertex 103.73059810077446 23.574963182164048 5.8999999999999995
      vertex 103.9842861682988 24.937799385678186 5.8999999999999995
      vertex 104.08647428779042 24.903111193311517 5.8999999999999995
    endloop
  endfacet
  facet normal 0 0 -1
    outer loop
      vertex 104.01284237711589 23.518821304977617 5.8999999999999995
      vertex 104.19231589141846 24.882057989366604 5.8999999999999995
      vertex 104.3 23.5 5.8999999999999995
    endloop
  endfacet
  facet normal -0.06540312923014494 -0.9978589232386035 0
    outer loop
      vertex 104.01284237711589 23.518821304977617 5.8999999999999995
      vertex 104.3 23.5 5.8999999999999995
      vertex 104.01284237711589 23.518821304977617 6.35
    endloop
  endfacet
  facet normal 0 0 -1
    outer loop
      vertex 104.01284237711589 23.518821304977617 5.8999999999999995
      vertex 104.08647428779042 24.903111193311517 5.8999999999999995
      vertex 104.19231589141846 24.882057989366604 5.8999999999999995
    endloop
  endfacet
  facet normal 0 0 -1
    outer loop
      vertex 104.3 23.5 5.8999999999999995
      vertex 104.19231589141846 24.882057989366604 5.8999999999999995
      vertex 104.3 24.875 5.8999999999999995
    endloop
  endfacet
  facet normal -0.19509032201612198 -0.9807852804032319 0
    outer loop
      vertex 103.73059810077446 23.574963182164048 6.35
      vertex 104.01284237711589 23.518821304977617 5.8999999999999995
      vertex 104.01284237711589 23.518821304977617 6.35
    endloop
  endfacet
  facet normal -0.06540312923014494 -0.9978589232386035 0
    outer loop
      vertex 104.3 23.5 5.8999999999999995
      vertex 104.3 23.5 6.35
      vertex 104.01284237711589 23.518821304977617 6.35
    endloop
  endfacet
  facet normal 0 0 -1
    outer loop
      vertex 104.3 23.5 5.8999999999999995
      vertex 104.40768410858153 24.882057989366604 5.8999999999999995
      vertex 104.5871576228841 23.518821304977617 5.8999999999999995
    endloop
  endfacet
  facet normal 0.06540312923014494 -0.9978589232386035 0
    outer loop
      vertex 104.3 23.5 5.8999999999999995
      vertex 104.5871576228841 23.518821304977617 5.8999999999999995
      vertex 104.3 23.5 6.35
    endloop
  endfacet
  facet normal 0 0 -1
    outer loop
      vertex 104.3 23.5 5.8999999999999995
      vertex 104.3 24.875 5.8999999999999995
      vertex 104.40768410858153 24.882057989366604 5.8999999999999995
    endloop
  endfacet
  facet normal 0 0 -1
    outer loop
      vertex 104.40768410858153 24.882057989366604 5.8999999999999995
      vertex 104.51352571220957 24.903111193311517 5.8999999999999995
      vertex 104.5871576228841 23.518821304977617 5.8999999999999995
    endloop
  endfacet
  facet normal 0 0 -1
    outer loop
      vertex 104.5871576228841 23.518821304977617 5.8999999999999995
      vertex 104.71249999999999 24.985529041877836 5.8999999999999995
      vertex 104.86940189922554 23.574963182164048 5.8999999999999995
    endloop
  endfacet
  facet normal 0.19509032201612198 -0.9807852804032319 0
    outer loop
      vertex 104.5871576228841 23.518821304977617 5.8999999999999995
      vertex 104.86940189922554 23.574963182164048 5.8999999999999995
      vertex 104.5871576228841 23.518821304977617 6.35
    endloop
  endfacet
  facet normal 0 0 -1
    outer loop
      vertex 104.51352571220957 24.903111193311517 5.8999999999999995
      vertex 104.6157138317012 24.937799385678186 5.8999999999999995
      vertex 104.5871576228841 23.518821304977617 5.8999999999999995
    endloop
  endfacet
  facet normal 0 0 -1
    outer loop
      vertex 104.5871576228841 23.518821304977617 5.8999999999999995
      vertex 104.6157138317012 24.937799385678186 5.8999999999999995
      vertex 104.71249999999999 24.985529041877836 5.8999999999999995
    endloop
  endfacet
  facet normal 0.06540312923014494 -0.9978589232386035 0
    outer loop
      vertex 104.3 23.5 6.35
      vertex 104.5871576228841 23.518821304977617 5.8999999999999995
      vertex 104.5871576228841 23.518821304977617 6.35
    endloop
  endfacet
  facet normal 0 0 -1
    outer loop
      vertex 103.8875 26.414470958122163 5.8999999999999995
      vertex 104.01284237711589 27.88117869502238 5.8999999999999995
      vertex 103.9842861682988 26.462200614321812 5.8999999999999995
    endloop
  endfacet
  facet normal 0 0 -1
    outer loop
      vertex 103.9842861682988 26.462200614321812 5.8999999999999995
      vertex 104.01284237711589 27.88117869502238 5.8999999999999995
      vertex 104.08647428779042 26.49688880668848 5.8999999999999995
    endloop
  endfacet
  facet normal 0 0 -1
    outer loop
      vertex 103.73059810077446 27.82503681783595 5.8999999999999995
      vertex 104.01284237711589 27.88117869502238 5.8999999999999995
      vertex 103.8875 26.414470958122163 5.8999999999999995
    endloop
  endfacet
  facet normal 0 0 -1
    outer loop
      vertex 104.08647428779042 26.49688880668848 5.8999999999999995
      vertex 104.01284237711589 27.88117869502238 5.8999999999999995
      vertex 104.19231589141846 26.517942010633394 5.8999999999999995
    endloop
  endfacet
  facet normal 0 0 -1
    outer loop
      vertex 104.19231589141846 26.517942010633394 5.8999999999999995
      vertex 104.3 27.9 5.8999999999999995
      vertex 104.3 26.525 5.8999999999999995
    endloop
  endfacet
  facet normal 0 0 -1
    outer loop
      vertex 104.01284237711589 27.88117869502238 5.8999999999999995
      vertex 104.3 27.9 5.8999999999999995
      vertex 104.19231589141846 26.517942010633394 5.8999999999999995
    endloop
  endfacet
  facet normal 0 0 -1
    outer loop
      vertex 104.3 26.525 5.8999999999999995
      vertex 104.3 27.9 5.8999999999999995
      vertex 104.40768410858153 26.517942010633394 5.8999999999999995
    endloop
  endfacet
  facet normal 0 0 -1
    outer loop
      vertex 104.51352571220957 26.49688880668848 5.8999999999999995
      vertex 104.40768410858153 26.517942010633394 5.8999999999999995
      vertex 104.5871576228841 27.88117869502238 5.8999999999999995
    endloop
  endfacet
  facet normal 0 0 -1
    outer loop
      vertex 104.3 27.9 5.8999999999999995
      vertex 104.5871576228841 27.88117869502238 5.8999999999999995
      vertex 104.40768410858153 26.517942010633394 5.8999999999999995
    endloop
  endfacet
  facet normal 0 0 -1
    outer loop
      vertex 104.51352571220957 26.49688880668848 5.8999999999999995
      vertex 104.86940189922554 27.82503681783595 5.8999999999999995
      vertex 104.6157138317012 26.462200614321812 5.8999999999999995
    endloop
  endfacet
  facet normal 0 0 -1
    outer loop
      vertex 104.6157138317012 26.462200614321812 5.8999999999999995
      vertex 104.86940189922554 27.82503681783595 5.8999999999999995
      vertex 104.71249999999999 26.414470958122163 5.8999999999999995
    endloop
  endfacet
  facet normal 0 0 -1
    outer loop
      vertex 104.51352571220957 26.49688880668848 5.8999999999999995
      vertex 104.5871576228841 27.88117869502238 5.8999999999999995
      vertex 104.86940189922554 27.82503681783595 5.8999999999999995
    endloop
  endfacet
  facet normal -0.19509032201612198 0.9807852804032317 0
    outer loop
      vertex 103.73059810077446 27.82503681783595 5.8999999999999995
      vertex 104.01284237711589 27.88117869502238 8
      vertex 104.01284237711589 27.88117869502238 5.8999999999999995
    endloop
  endfacet
  facet normal -0.06540312923014492 0.9978589232386034 0
    outer loop
      vertex 104.01284237711589 27.88117869502238 5.8999999999999995
      vertex 104.3 27.9 8
      vertex 104.3 27.9 5.8999999999999995
    endloop
  endfacet
  facet normal 0.06540312923014492 0.9978589232386034 0
    outer loop
      vertex 104.3 27.9 5.8999999999999995
      vertex 104.5871576228841 27.88117869502238 8
      vertex 104.5871576228841 27.88117869502238 5.8999999999999995
    endloop
  endfacet
  facet normal -0.5555702330195986 0.8314696123025478 0
    outer loop
      vertex 102.96072485618082 27.44537734864072 5.8999999999999995
      vertex 102.96072485618082 27.44537734864072 8
      vertex 103.2 27.605255888325765 8
    endloop
  endfacet
  facet normal -0.442288690219019 0.8968727415326797 0
    outer loop
      vertex 103.2 27.605255888325765 5.8999999999999995
      vertex 103.2 27.605255888325765 8
      vertex 103.4580964487968 27.73253497152483 8
    endloop
  endfacet
  facet normal -0.32143946530314965 0.9469301294951098 0
    outer loop
      vertex 103.4580964487968 27.73253497152483 5.8999999999999995
      vertex 103.4580964487968 27.73253497152483 8
      vertex 103.73059810077446 27.82503681783595 8
    endloop
  endfacet
  facet normal -0.19509032201612198 0.9807852804032317 0
    outer loop
      vertex 103.73059810077446 27.82503681783595 5.8999999999999995
      vertex 103.73059810077446 27.82503681783595 8
      vertex 104.01284237711589 27.88117869502238 8
    endloop
  endfacet
  facet normal -0.06540312923014492 0.9978589232386034 0
    outer loop
      vertex 104.01284237711589 27.88117869502238 5.8999999999999995
      vertex 104.01284237711589 27.88117869502238 8
      vertex 104.3 27.9 8
    endloop
  endfacet
  facet normal 0.06540312923014492 0.9978589232386034 0
    outer loop
      vertex 104.3 27.9 5.8999999999999995
      vertex 104.3 27.9 8
      vertex 104.5871576228841 27.88117869502238 8
    endloop
  endfacet
  facet normal 0.19509032201612198 0.9807852804032317 0
    outer loop
      vertex 104.5871576228841 27.88117869502238 5.8999999999999995
      vertex 104.5871576228841 27.88117869502238 8
      vertex 104.86940189922554 27.82503681783595 8
    endloop
  endfacet
  facet normal 0.3214394653031496 -0.9469301294951097 0
    outer loop
      vertex 104.86940189922554 23.574963182164048 5.8999999999999995
      vertex 105.1419035512032 23.667465028475167 5.8999999999999995
      vertex 104.86940189922554 23.574963182164048 6.35
    endloop
  endfacet
  facet normal 0 0 -1
    outer loop
      vertex 104.71249999999999 24.985529041877836 5.8999999999999995
      vertex 104.8022281789322 25.04548349425973 5.8999999999999995
      vertex 104.86940189922554 23.574963182164048 5.8999999999999995
    endloop
  endfacet
  facet normal 0 0 -1
    outer loop
      vertex 104.86940189922554 23.574963182164048 5.8999999999999995
      vertex 104.8022281789322 25.04548349425973 5.8999999999999995
      vertex 104.8833630944789 25.116636905521098 5.8999999999999995
    endloop
  endfacet
  facet normal 0 0 -1
    outer loop
      vertex 104.86940189922554 23.574963182164048 5.8999999999999995
      vertex 104.8833630944789 25.116636905521098 5.8999999999999995
      vertex 104.95451650574027 25.197771821067803 5.8999999999999995
    endloop
  endfacet
  facet normal 0 0 -1
    outer loop
      vertex 104.86940189922554 23.574963182164048 5.8999999999999995
      vertex 104.95451650574027 25.197771821067803 5.8999999999999995
      vertex 105.01447095812216 25.287499999999998 5.8999999999999995
    endloop
  endfacet
  facet normal 0 0 -1
    outer loop
      vertex 104.86940189922554 23.574963182164048 5.8999999999999995
      vertex 105.01447095812216 25.287499999999998 5.8999999999999995
      vertex 105.1419035512032 23.667465028475167 5.8999999999999995
    endloop
  endfacet
  facet normal 0 0 -1
    outer loop
      vertex 105.1419035512032 23.667465028475167 5.8999999999999995
      vertex 105.01447095812216 25.287499999999998 5.8999999999999995
      vertex 105.06220061432181 25.3842861682988 5.8999999999999995
    endloop
  endfacet
  facet normal 0 0 -1
    outer loop
      vertex 105.1419035512032 23.667465028475167 5.8999999999999995
      vertex 105.06220061432181 25.3842861682988 5.8999999999999995
      vertex 105.09688880668848 25.48647428779042 5.8999999999999995
    endloop
  endfacet
  facet normal 0 0 -1
    outer loop
      vertex 105.1419035512032 23.667465028475167 5.8999999999999995
      vertex 105.09688880668848 25.48647428779042 5.8999999999999995
      vertex 105.11794201063339 25.59231589141846 5.8999999999999995
    endloop
  endfacet
  facet normal 0 0 -1
    outer loop
      vertex 105.1419035512032 23.667465028475167 5.8999999999999995
      vertex 105.11794201063339 25.59231589141846 5.8999999999999995
      vertex 105.125 25.7 5.8999999999999995
    endloop
  endfacet
  facet normal 0.19509032201612198 -0.9807852804032319 0
    outer loop
      vertex 104.5871576228841 23.518821304977617 6.35
      vertex 104.86940189922554 23.574963182164048 5.8999999999999995
      vertex 104.86940189922554 23.574963182164048 6.35
    endloop
  endfacet
  facet normal 0.3214394653031496 -0.9469301294951097 0
    outer loop
      vertex 105.1419035512032 23.667465028475167 5.8999999999999995
      vertex 105.1419035512032 23.667465028475167 6.35
      vertex 104.86940189922554 23.574963182164048 6.35
    endloop
  endfacet
  facet normal 0 0 -1
    outer loop
      vertex 105.1419035512032 23.667465028475167 5.8999999999999995
      vertex 105.125 25.7 5.8999999999999995
      vertex 105.1419035512032 27.73253497152483 5.8999999999999995
    endloop
  endfacet
  facet normal 0 0 -1
    outer loop
      vertex 105.09688880668848 25.91352571220958 5.8999999999999995
      vertex 105.1419035512032 27.73253497152483 5.8999999999999995
      vertex 105.11794201063339 25.80768410858154 5.8999999999999995
    endloop
  endfacet
  facet normal 0 0 -1
    outer loop
      vertex 105.125 25.7 5.8999999999999995
      vertex 105.11794201063339 25.80768410858154 5.8999999999999995
      vertex 105.1419035512032 27.73253497152483 5.8999999999999995
    endloop
  endfacet
  facet normal 0.4422886902190189 -0.8968727415326795 0
    outer loop
      vertex 105.1419035512032 23.667465028475167 5.8999999999999995
      vertex 105.39999999999999 23.794744111674234 5.8999999999999995
      vertex 105.1419035512032 23.667465028475167 6.35
    endloop
  endfacet
  facet normal 0.5555702330195985 -0.8314696123025478 0
    outer loop
      vertex 105.39999999999999 23.794744111674234 5.8999999999999995
      vertex 105.63927514381918 23.95462265135928 5.8999999999999995
      vertex 105.39999999999999 23.794744111674234 6.35
    endloop
  endfacet
  facet normal 0.4422886902190189 -0.8968727415326795 0
    outer loop
      vertex 105.1419035512032 23.667465028475167 6.35
      vertex 105.39999999999999 23.794744111674234 5.8999999999999995
      vertex 105.39999999999999 23.794744111674234 6.35
    endloop
  endfacet
  facet normal 0.5555702330195985 -0.8314696123025478 0
    outer loop
      vertex 105.63927514381918 23.95462265135928 5.8999999999999995
      vertex 105.63927514381918 23.95462265135928 6.35
      vertex 105.39999999999999 23.794744111674234 6.35
    endloop
  endfacet
  facet normal 0 0 -1
    outer loop
      vertex 105.1419035512032 23.667465028475167 5.8999999999999995
      vertex 105.39999999999999 27.605255888325765 5.8999999999999995
      vertex 105.39999999999999 23.794744111674234 5.8999999999999995
    endloop
  endfacet
  facet normal 0 0 -1
    outer loop
      vertex 105.1419035512032 23.667465028475167 5.8999999999999995
      vertex 105.1419035512032 27.73253497152483 5.8999999999999995
      vertex 105.39999999999999 27.605255888325765 5.8999999999999995
    endloop
  endfacet
  facet normal 0 0 -1
    outer loop
      vertex 105.39999999999999 23.794744111674234 5.8999999999999995
      vertex 105.63927514381918 27.44537734864072 5.8999999999999995
      vertex 105.63927514381918 23.95462265135928 5.8999999999999995
    endloop
  endfacet
  facet normal 0 0 -1
    outer loop
      vertex 105.39999999999999 23.794744111674234 5.8999999999999995
      vertex 105.39999999999999 27.605255888325765 5.8999999999999995
      vertex 105.63927514381918 27.44537734864072 5.8999999999999995
    endloop
  endfacet
  facet normal 0 0 -1
    outer loop
      vertex 104.71249999999999 26.414470958122163 5.8999999999999995
      vertex 104.86940189922554 27.82503681783595 5.8999999999999995
      vertex 104.8022281789322 26.354516505740268 5.8999999999999995
    endloop
  endfacet
  facet normal 0 0 -1
    outer loop
      vertex 104.8022281789322 26.354516505740268 5.8999999999999995
      vertex 105.1419035512032 27.73253497152483 5.8999999999999995
      vertex 104.8833630944789 26.2833630944789 5.8999999999999995
    endloop
  endfacet
  facet normal 0 0 -1
    outer loop
      vertex 104.8022281789322 26.354516505740268 5.8999999999999995
      vertex 104.86940189922554 27.82503681783595 5.8999999999999995
      vertex 105.1419035512032 27.73253497152483 5.8999999999999995
    endloop
  endfacet
  facet normal 0 0 -1
    outer loop
      vertex 104.95451650574027 26.202228178932195 5.8999999999999995
      vertex 105.1419035512032 27.73253497152483 5.8999999999999995
      vertex 105.01447095812216 26.1125 5.8999999999999995
    endloop
  endfacet
  facet normal 0 0 -1
    outer loop
      vertex 104.8833630944789 26.2833630944789 5.8999999999999995
      vertex 105.1419035512032 27.73253497152483 5.8999999999999995
      vertex 104.95451650574027 26.202228178932195 5.8999999999999995
    endloop
  endfacet
  facet normal 0 0 -1
    outer loop
      vertex 105.01447095812216 26.1125 5.8999999999999995
      vertex 105.1419035512032 27.73253497152483 5.8999999999999995
      vertex 105.06220061432181 26.0157138317012 5.8999999999999995
    endloop
  endfacet
  facet normal 0 0 -1
    outer loop
      vertex 105.09688880668848 25.91352571220958 5.8999999999999995
      vertex 105.06220061432181 26.0157138317012 5.8999999999999995
      vertex 105.1419035512032 27.73253497152483 5.8999999999999995
    endloop
  endfacet
  facet normal 0.19509032201612198 0.9807852804032317 0
    outer loop
      vertex 104.5871576228841 27.88117869502238 5.8999999999999995
      vertex 104.86940189922554 27.82503681783595 8
      vertex 104.86940189922554 27.82503681783595 5.8999999999999995
    endloop
  endfacet
  facet normal 0.32143946530314965 0.9469301294951097 0
    outer loop
      vertex 104.86940189922554 27.82503681783595 5.8999999999999995
      vertex 105.1419035512032 27.73253497152483 7.981875950249479
      vertex 105.1419035512032 27.73253497152483 5.8999999999999995
    endloop
  endfacet
  facet normal 0.44228869021901895 0.8968727415326797 0
    outer loop
      vertex 105.1419035512032 27.73253497152483 5.8999999999999995
      vertex 105.39999999999999 27.605255888325765 7.832863896042111
      vertex 105.39999999999999 27.605255888325765 5.8999999999999995
    endloop
  endfacet
  facet normal 0.5555702330195985 0.8314696123025477 0
    outer loop
      vertex 105.39999999999999 27.605255888325765 5.8999999999999995
      vertex 105.63927514381918 27.44537734864072 7.694718327331353
      vertex 105.63927514381918 27.44537734864072 5.8999999999999995
    endloop
  endfacet
  facet normal 0.6593458151000547 -0.75183980747899 0
    outer loop
      vertex 105.63927514381918 23.95462265135928 5.8999999999999995
      vertex 105.8556349186104 24.144365081389594 5.8999999999999995
      vertex 105.63927514381918 23.95462265135928 6.35
    endloop
  endfacet
  facet normal 0.7518398074789896 -0.6593458151000551 0
    outer loop
      vertex 105.8556349186104 24.144365081389594 5.8999999999999995
      vertex 106 24.308981906905004 5.9
      vertex 106 24.308981906905004 6.35
    endloop
  endfacet
  facet normal 0.6593458151000547 -0.75183980747899 0
    outer loop
      vertex 105.63927514381918 23.95462265135928 6.35
      vertex 105.8556349186104 24.144365081389594 5.8999999999999995
      vertex 105.8556349186104 24.144365081389594 6.35
    endloop
  endfacet
  facet normal 0.7518398074789896 -0.6593458151000551 0
    outer loop
      vertex 105.8556349186104 24.144365081389594 5.8999999999999995
      vertex 106 24.308981906905004 6.35
      vertex 105.8556349186104 24.144365081389594 6.35
    endloop
  endfacet
  facet normal 0 0 -1
    outer loop
      vertex 105.63927514381918 23.95462265135928 5.8999999999999995
      vertex 105.8556349186104 27.255634918610404 5.8999999999999995
      vertex 105.8556349186104 24.144365081389594 5.8999999999999995
    endloop
  endfacet
  facet normal 0 0 -1
    outer loop
      vertex 105.63927514381918 23.95462265135928 5.8999999999999995
      vertex 105.63927514381918 27.44537734864072 5.8999999999999995
      vertex 105.8556349186104 27.255634918610404 5.8999999999999995
    endloop
  endfacet
  facet normal 6.152307823685019e-15 0 -1
    outer loop
      vertex 105.8556349186104 24.144365081389594 5.8999999999999995
      vertex 105.8556349186104 27.255634918610404 5.8999999999999995
      vertex 106 27.091018093094995 5.9
    endloop
  endfacet
  facet normal 6.271155154317285e-15 -1.042263116540123e-16 -1
    outer loop
      vertex 105.8556349186104 24.144365081389594 5.8999999999999995
      vertex 106.04537734864071 27.039275143819186 5.9
      vertex 106 24.308981906905004 5.9
    endloop
  endfacet
  facet normal 0 0 -1
    outer loop
      vertex 106 24.308981906905004 5.9
      vertex 106.04537734864071 27.039275143819186 5.9
      vertex 106.04537734864071 24.360724856180813 5.9
    endloop
  endfacet
  facet normal 3.2551769422650855e-16 2.8547135612432335e-16 -1
    outer loop
      vertex 105.8556349186104 24.144365081389594 5.8999999999999995
      vertex 106 27.091018093094995 5.9
      vertex 106.04537734864071 27.039275143819186 5.9
    endloop
  endfacet
  facet normal 0 0 -1
    outer loop
      vertex 106.04537734864071 24.360724856180813 5.9
      vertex 106.04537734864071 27.039275143819186 5.9
      vertex 106.20525588832577 26.8 5.9
    endloop
  endfacet
  facet normal 0 0 -1
    outer loop
      vertex 106.04537734864071 24.360724856180813 5.9
      vertex 106.20525588832577 26.8 5.9
      vertex 106.20525588832577 24.599999999999998 5.9
    endloop
  endfacet
  facet normal 0 0 -1
    outer loop
      vertex 106.20525588832577 24.599999999999998 5.9
      vertex 106.33253497152482 26.541903551203198 5.9
      vertex 106.33253497152482 24.8580964487968 5.9
    endloop
  endfacet
  facet normal 0 0 -1
    outer loop
      vertex 106.20525588832577 24.599999999999998 5.9
      vertex 106.20525588832577 26.8 5.9
      vertex 106.33253497152482 26.541903551203198 5.9
    endloop
  endfacet
  facet normal 0 0 -1
    outer loop
      vertex 106.33253497152482 24.8580964487968 5.9
      vertex 106.33253497152482 26.541903551203198 5.9
      vertex 106.42503681783595 26.269401899225546 5.9
    endloop
  endfacet
  facet normal 0 0 -1
    outer loop
      vertex 106.33253497152482 24.8580964487968 5.9
      vertex 106.42503681783595 26.269401899225546 5.9
      vertex 106.42503681783595 25.130598100774453 5.9
    endloop
  endfacet
  facet normal 0 0 -1
    outer loop
      vertex 106.42503681783595 25.130598100774453 5.9
      vertex 106.48117869502238 25.987157622884112 5.9
      vertex 106.48117869502238 25.412842377115886 5.9
    endloop
  endfacet
  facet normal 0 0 -1
    outer loop
      vertex 106.48117869502238 25.412842377115886 5.9
      vertex 106.48117869502238 25.987157622884112 5.9
      vertex 106.5 25.7 5.9
    endloop
  endfacet
  facet normal 0 0 -1
    outer loop
      vertex 106.42503681783595 25.130598100774453 5.9
      vertex 106.42503681783595 26.269401899225546 5.9
      vertex 106.48117869502238 25.987157622884112 5.9
    endloop
  endfacet
  facet normal 0.6593458151000546 0.7518398074789898 0
    outer loop
      vertex 105.63927514381918 27.44537734864072 5.8999999999999995
      vertex 105.8556349186104 27.255634918610404 7.569802953099032
      vertex 105.8556349186104 27.255634918610404 5.8999999999999995
    endloop
  endfacet
  facet normal 0.7518398074789895 0.6593458151000552 0
    outer loop
      vertex 105.8556349186104 27.255634918610404 5.8999999999999995
      vertex 106 27.091018093094995 7.486453734487293
      vertex 106 27.091018093094995 5.9
    endloop
  endfacet
  facet normal 0.32143946530314965 0.9469301294951098 0
    outer loop
      vertex 104.86940189922554 27.82503681783595 5.8999999999999995
      vertex 104.86940189922554 27.82503681783595 8
      vertex 105.1419035512032 27.73253497152483 7.981875950249479
    endloop
  endfacet
  facet normal 0.44228869021901895 0.8968727415326797 0
    outer loop
      vertex 105.1419035512032 27.73253497152483 5.8999999999999995
      vertex 105.1419035512032 27.73253497152483 7.981875950249479
      vertex 105.39999999999999 27.605255888325765 7.832863896042111
    endloop
  endfacet
  facet normal 0.5555702330195986 0.8314696123025478 0
    outer loop
      vertex 105.39999999999999 27.605255888325765 5.8999999999999995
      vertex 105.39999999999999 27.605255888325765 7.832863896042111
      vertex 105.63927514381918 27.44537734864072 7.694718327331353
    endloop
  endfacet
  facet normal 0.7518398074789895 0.6593458151000551 0
    outer loop
      vertex 105.8556349186104 27.255634918610404 5.8999999999999995
      vertex 105.8556349186104 27.255634918610404 7.569802953099032
      vertex 106 27.091018093094995 7.486453734487293
    endloop
  endfacet
  facet normal 0.6593458151000546 0.7518398074789899 0
    outer loop
      vertex 105.63927514381918 27.44537734864072 5.8999999999999995
      vertex 105.63927514381918 27.44537734864072 7.694718327331353
      vertex 105.8556349186104 27.255634918610404 7.569802953099032
    endloop
  endfacet
  facet normal -0.5555702330195891 0.831469612302554 0
    outer loop
      vertex 102.96072485618082 27.44537734864072 9.2
      vertex 102.96072485618082 27.44537734864072 9.241180057120513
      vertex 103.03205080736369 27.493035825550386 9.2
    endloop
  endfacet
  facet normal 0.3214394653031515 0.946930129495109 3.082419875110865e-14
    outer loop
      vertex 104.86940189922554 27.82503681783595 8
      vertex 105.11051177620011 27.74319104324291 8
      vertex 105.1419035512032 27.73253497152483 7.981875950249479
    endloop
  endfacet
  facet normal 0.9807852804032483 -0.19509032201603885 1.1797177025103368e-14
    outer loop
      vertex 103.48205798936661 9.407684108581543 5.8999999999999995
      vertex 103.50311119331151 9.51352571220958 5.8999999999999995
      vertex 103.5004207618754 9.5 6.35
    endloop
  endfacet
  facet normal 0.9469301294950976 -0.3214394653031855 0
    outer loop
      vertex 103.50311119331151 9.51352571220958 5.8999999999999995
      vertex 103.53779938567818 9.6157138317012 5.8999999999999995
      vertex 103.50311119331151 9.51352571220958 6.35
    endloop
  endfacet
  facet normal 0.8968727415326876 -0.4422886902190025 0
    outer loop
      vertex 103.53779938567818 9.6157138317012 5.8999999999999995
      vertex 103.58552904187783 9.7125 5.8999999999999995
      vertex 103.53779938567818 9.6157138317012 6.35
    endloop
  endfacet
  facet normal 0.8314696123025668 -0.5555702330195702 0
    outer loop
      vertex 103.58552904187783 9.7125 5.8999999999999995
      vertex 103.64548349425972 9.802228178932195 5.8999999999999995
      vertex 103.58552904187783 9.7125 6.35
    endloop
  endfacet
  facet normal 0.7518398074789306 -0.6593458151001221 0
    outer loop
      vertex 103.64548349425972 9.802228178932195 5.8999999999999995
      vertex 103.7166369055211 9.883363094478902 5.8999999999999995
      vertex 103.64548349425972 9.802228178932195 6.35
    endloop
  endfacet
  facet normal 0.6593458151001071 -0.7518398074789439 0
    outer loop
      vertex 103.7166369055211 9.883363094478902 5.8999999999999995
      vertex 103.7977718210678 9.95451650574027 5.8999999999999995
      vertex 103.7166369055211 9.883363094478902 6.35
    endloop
  endfacet
  facet normal 0.5555702330195587 -0.8314696123025743 0
    outer loop
      vertex 103.7977718210678 9.95451650574027 5.8999999999999995
      vertex 103.8875 10.014470958122162 5.8999999999999995
      vertex 103.7977718210678 9.95451650574027 6.35
    endloop
  endfacet
  facet normal 0.9807852804031731 -0.19509032201641643 0
    outer loop
      vertex 103.50311119331151 9.51352571220958 5.8999999999999995
      vertex 103.50311119331151 9.51352571220958 6.35
      vertex 103.5004207618754 9.5 6.35
    endloop
  endfacet
  facet normal 0.9469301294950976 -0.3214394653031855 0
    outer loop
      vertex 103.53779938567818 9.6157138317012 5.8999999999999995
      vertex 103.53779938567818 9.6157138317012 6.35
      vertex 103.50311119331151 9.51352571220958 6.35
    endloop
  endfacet
  facet normal 0.8968727415326876 -0.4422886902190025 0
    outer loop
      vertex 103.58552904187783 9.7125 5.8999999999999995
      vertex 103.58552904187783 9.7125 6.35
      vertex 103.53779938567818 9.6157138317012 6.35
    endloop
  endfacet
  facet normal 0.8314696123025668 -0.5555702330195702 0
    outer loop
      vertex 103.64548349425972 9.802228178932195 5.8999999999999995
      vertex 103.64548349425972 9.802228178932195 6.35
      vertex 103.58552904187783 9.7125 6.35
    endloop
  endfacet
  facet normal 0.7518398074789306 -0.6593458151001221 0
    outer loop
      vertex 103.7166369055211 9.883363094478902 5.8999999999999995
      vertex 103.7166369055211 9.883363094478902 6.35
      vertex 103.64548349425972 9.802228178932195 6.35
    endloop
  endfacet
  facet normal 0.6593458151001071 -0.7518398074789439 0
    outer loop
      vertex 103.7977718210678 9.95451650574027 5.8999999999999995
      vertex 103.7977718210678 9.95451650574027 6.35
      vertex 103.7166369055211 9.883363094478902 6.35
    endloop
  endfacet
  facet normal 0.9807852804032483 0.19509032201603882 0
    outer loop
      vertex 103.48205798936661 9.192315891418458 5.8999999999999995
      vertex 103.48205798936661 9.192315891418458 7.6499999999999995
      vertex 103.50311119331151 9.086474287790422 5.8999999999999995
    endloop
  endfacet
  facet normal 0.8314696123025667 0.5555702330195701 0
    outer loop
      vertex 103.58552904187783 8.887500000000001 5.8999999999999995
      vertex 103.58552904187783 8.887500000000001 7.6499999999999995
      vertex 103.64548349425972 8.797771821067807 5.8999999999999995
    endloop
  endfacet
  facet normal 0.9469301294950975 0.32143946530318546 0
    outer loop
      vertex 103.53779938567818 8.984286168298802 5.8999999999999995
      vertex 103.50311119331151 9.086474287790422 5.8999999999999995
      vertex 103.50311119331151 9.086474287790422 7.6499999999999995
    endloop
  endfacet
  facet normal 0.8968727415326876 0.4422886902190025 0
    outer loop
      vertex 103.53779938567818 8.984286168298802 5.8999999999999995
      vertex 103.53779938567818 8.984286168298802 7.6499999999999995
      vertex 103.58552904187783 8.887500000000001 5.8999999999999995
    endloop
  endfacet
  facet normal 0.9978589232385985 0.06540312923022172 0
    outer loop
      vertex 103.48205798936661 9.192315891418458 5.8999999999999995
      vertex 103.475 9.3 5.8999999999999995
      vertex 103.475 9.3 7.6499999999999995
    endloop
  endfacet
  facet normal 0.9978589232385985 -0.06540312923022172 0
    outer loop
      vertex 103.475 9.3 5.8999999999999995
      vertex 103.48205798936661 9.407684108581543 5.8999999999999995
      vertex 103.48205798936661 9.407684108581543 7.6499999999999995
    endloop
  endfacet
  facet normal 0.7518398074789308 0.6593458151001221 0
    outer loop
      vertex 103.64548349425972 8.797771821067807 5.8999999999999995
      vertex 103.64548349425972 8.797771821067807 7.6499999999999995
      vertex 103.7166369055211 8.7166369055211 5.8999999999999995
    endloop
  endfacet
  facet normal 0.659345815100107 0.7518398074789439 0
    outer loop
      vertex 103.7166369055211 8.7166369055211 5.8999999999999995
      vertex 103.7166369055211 8.7166369055211 7.6499999999999995
      vertex 103.7977718210678 8.645483494259732 5.8999999999999995
    endloop
  endfacet
  facet normal 0.5555702330195587 0.8314696123025743 0
    outer loop
      vertex 103.7977718210678 8.645483494259732 5.8999999999999995
      vertex 103.7977718210678 8.645483494259732 7.6499999999999995
      vertex 103.8875 8.58552904187784 5.8999999999999995
    endloop
  endfacet
  facet normal 0.9807852804032592 -0.19509032201598348 0
    outer loop
      vertex 103.48205798936661 9.407684108581543 5.8999999999999995
      vertex 103.5004207618754 9.5 6.35
      vertex 103.5004207618754 9.5 7.6499999999999995
    endloop
  endfacet
  facet normal 0.19509032201613383 0.9807852804032293 0
    outer loop
      vertex 104.19231589141846 8.482057989366607 5.8999999999999995
      vertex 104.08647428779042 8.50311119331152 5.8999999999999995
      vertex 104.08647428779042 8.50311119331152 7.6499999999999995
    endloop
  endfacet
  facet normal 0.06540312923014298 0.9978589232386035 0
    outer loop
      vertex 104.19231589141846 8.482057989366607 5.8999999999999995
      vertex 104.19231589141846 8.482057989366607 7.6499999999999995
      vertex 104.3 8.475000000000001 5.8999999999999995
    endloop
  endfacet
  facet normal -0.06540312923014298 0.9978589232386035 0
    outer loop
      vertex 104.3 8.475000000000001 5.8999999999999995
      vertex 104.3 8.475000000000001 7.6499999999999995
      vertex 104.40768410858153 8.482057989366607 5.8999999999999995
    endloop
  endfacet
  facet normal -0.19509032201613383 0.9807852804032293 0
    outer loop
      vertex 104.40768410858153 8.482057989366607 5.8999999999999995
      vertex 104.40768410858153 8.482057989366607 7.6499999999999995
      vertex 104.51352571220957 8.50311119331152 5.8999999999999995
    endloop
  endfacet
  facet normal 0.5555702330195587 -0.8314696123025743 0
    outer loop
      vertex 103.7977718210678 9.95451650574027 6.35
      vertex 103.8875 10.014470958122162 5.8999999999999995
      vertex 103.8875 10.014470958122162 6.35
    endloop
  endfacet
  facet normal 0.4422886902190352 -0.8968727415326716 0
    outer loop
      vertex 103.8875 10.014470958122162 5.8999999999999995
      vertex 103.9842861682988 10.062200614321812 5.8999999999999995
      vertex 103.8875 10.014470958122162 6.35
    endloop
  endfacet
  facet normal 0.3214394653031309 -0.946930129495116 0
    outer loop
      vertex 103.9842861682988 10.062200614321812 5.8999999999999995
      vertex 104.08647428779042 10.096888806688481 5.8999999999999995
      vertex 103.9842861682988 10.062200614321812 6.35
    endloop
  endfacet
  facet normal 0.19509032201613385 -0.9807852804032294 0
    outer loop
      vertex 104.08647428779042 10.096888806688481 5.8999999999999995
      vertex 104.19231589141846 10.117942010633394 5.8999999999999995
      vertex 104.08647428779042 10.096888806688481 6.35
    endloop
  endfacet
  facet normal 0.06540312923014299 -0.9978589232386036 0
    outer loop
      vertex 104.19231589141846 10.117942010633394 5.8999999999999995
      vertex 104.3 10.125 5.8999999999999995
      vertex 104.19231589141846 10.117942010633394 6.35
    endloop
  endfacet
  facet normal 0.4422886902190352 -0.8968727415326716 0
    outer loop
      vertex 103.9842861682988 10.062200614321812 5.8999999999999995
      vertex 103.9842861682988 10.062200614321812 6.35
      vertex 103.8875 10.014470958122162 6.35
    endloop
  endfacet
  facet normal 0.3214394653031309 -0.946930129495116 0
    outer loop
      vertex 104.08647428779042 10.096888806688481 5.8999999999999995
      vertex 104.08647428779042 10.096888806688481 6.35
      vertex 103.9842861682988 10.062200614321812 6.35
    endloop
  endfacet
  facet normal 0.19509032201613385 -0.9807852804032294 0
    outer loop
      vertex 104.19231589141846 10.117942010633394 5.8999999999999995
      vertex 104.19231589141846 10.117942010633394 6.35
      vertex 104.08647428779042 10.096888806688481 6.35
    endloop
  endfacet
  facet normal 0.06540312923014299 -0.9978589232386036 0
    outer loop
      vertex 104.3 10.125 5.8999999999999995
      vertex 104.3 10.125 6.35
      vertex 104.19231589141846 10.117942010633394 6.35
    endloop
  endfacet
  facet normal -0.5555702330195587 -0.8314696123025743 0
    outer loop
      vertex 104.71249999999999 10.014470958122162 5.8999999999999995
      vertex 104.8022281789322 9.95451650574027 5.8999999999999995
      vertex 104.71249999999999 10.014470958122162 6.35
    endloop
  endfacet
  facet normal -0.06540312923014299 -0.9978589232386036 0
    outer loop
      vertex 104.3 10.125 5.8999999999999995
      vertex 104.40768410858153 10.117942010633394 5.8999999999999995
      vertex 104.3 10.125 6.35
    endloop
  endfacet
  facet normal -0.19509032201613385 -0.9807852804032294 0
    outer loop
      vertex 104.40768410858153 10.117942010633394 5.8999999999999995
      vertex 104.51352571220957 10.096888806688481 5.8999999999999995
      vertex 104.40768410858153 10.117942010633394 6.35
    endloop
  endfacet
  facet normal -0.3214394653031309 -0.946930129495116 0
    outer loop
      vertex 104.51352571220957 10.096888806688481 5.8999999999999995
      vertex 104.6157138317012 10.062200614321812 5.8999999999999995
      vertex 104.51352571220957 10.096888806688481 6.35
    endloop
  endfacet
  facet normal -0.4422886902190352 -0.8968727415326716 0
    outer loop
      vertex 104.6157138317012 10.062200614321812 5.8999999999999995
      vertex 104.71249999999999 10.014470958122162 5.8999999999999995
      vertex 104.6157138317012 10.062200614321812 6.35
    endloop
  endfacet
  facet normal -0.06540312923014299 -0.9978589232386036 0
    outer loop
      vertex 104.3 10.125 6.35
      vertex 104.40768410858153 10.117942010633394 5.8999999999999995
      vertex 104.40768410858153 10.117942010633394 6.35
    endloop
  endfacet
  facet normal -0.19509032201613385 -0.9807852804032294 0
    outer loop
      vertex 104.51352571220957 10.096888806688481 5.8999999999999995
      vertex 104.51352571220957 10.096888806688481 6.35
      vertex 104.40768410858153 10.117942010633394 6.35
    endloop
  endfacet
  facet normal -0.3214394653031309 -0.946930129495116 0
    outer loop
      vertex 104.6157138317012 10.062200614321812 5.8999999999999995
      vertex 104.6157138317012 10.062200614321812 6.35
      vertex 104.51352571220957 10.096888806688481 6.35
    endloop
  endfacet
  facet normal -0.4422886902190352 -0.8968727415326716 0
    outer loop
      vertex 104.71249999999999 10.014470958122162 5.8999999999999995
      vertex 104.71249999999999 10.014470958122162 6.35
      vertex 104.6157138317012 10.062200614321812 6.35
    endloop
  endfacet
  facet normal 0.4422886902190352 0.8968727415326716 0
    outer loop
      vertex 103.8875 8.58552904187784 5.8999999999999995
      vertex 103.8875 8.58552904187784 7.6499999999999995
      vertex 103.9842861682988 8.53779938567819 5.8999999999999995
    endloop
  endfacet
  facet normal 0.3214394653031309 0.9469301294951161 0
    outer loop
      vertex 103.9842861682988 8.53779938567819 5.8999999999999995
      vertex 103.9842861682988 8.53779938567819 7.6499999999999995
      vertex 104.08647428779042 8.50311119331152 5.8999999999999995
    endloop
  endfacet
  facet normal -0.3214394653031309 0.9469301294951161 0
    outer loop
      vertex 104.51352571220957 8.50311119331152 5.8999999999999995
      vertex 104.51352571220957 8.50311119331152 7.6499999999999995
      vertex 104.6157138317012 8.53779938567819 5.8999999999999995
    endloop
  endfacet
  facet normal -0.4422886902190352 0.8968727415326716 0
    outer loop
      vertex 104.6157138317012 8.53779938567819 5.8999999999999995
      vertex 104.6157138317012 8.53779938567819 7.6499999999999995
      vertex 104.71249999999999 8.58552904187784 5.8999999999999995
    endloop
  endfacet
  facet normal -0.5555702330195587 0.8314696123025743 0
    outer loop
      vertex 104.71249999999999 8.58552904187784 5.8999999999999995
      vertex 104.71249999999999 8.58552904187784 7.6499999999999995
      vertex 104.8022281789322 8.645483494259732 5.8999999999999995
    endloop
  endfacet
  facet normal 0.9807852804032483 0.19509032201603882 0
    outer loop
      vertex 103.50311119331151 9.086474287790422 5.8999999999999995
      vertex 103.48205798936661 9.192315891418458 7.6499999999999995
      vertex 103.50311119331151 9.086474287790422 7.6499999999999995
    endloop
  endfacet
  facet normal 0.9978589232385985 0.06540312923022172 0
    outer loop
      vertex 103.48205798936661 9.192315891418458 5.8999999999999995
      vertex 103.475 9.3 7.6499999999999995
      vertex 103.48205798936661 9.192315891418458 7.6499999999999995
    endloop
  endfacet
  facet normal 0.9469301294950975 0.32143946530318546 0
    outer loop
      vertex 103.53779938567818 8.984286168298802 5.8999999999999995
      vertex 103.50311119331151 9.086474287790422 7.6499999999999995
      vertex 103.53779938567818 8.984286168298802 7.6499999999999995
    endloop
  endfacet
  facet normal 0.8968727415326876 0.4422886902190025 0
    outer loop
      vertex 103.58552904187783 8.887500000000001 5.8999999999999995
      vertex 103.53779938567818 8.984286168298802 7.6499999999999995
      vertex 103.58552904187783 8.887500000000001 7.6499999999999995
    endloop
  endfacet
  facet normal 0.9978589232385985 -0.06540312923022172 0
    outer loop
      vertex 103.475 9.3 5.8999999999999995
      vertex 103.48205798936661 9.407684108581543 7.6499999999999995
      vertex 103.475 9.3 7.6499999999999995
    endloop
  endfacet
  facet normal 0.9807852804032592 -0.19509032201598348 0
    outer loop
      vertex 103.48205798936661 9.407684108581543 5.8999999999999995
      vertex 103.5004207618754 9.5 7.6499999999999995
      vertex 103.48205798936661 9.407684108581543 7.6499999999999995
    endloop
  endfacet
  facet normal 0.8314696123025667 0.5555702330195701 0
    outer loop
      vertex 103.64548349425972 8.797771821067807 5.8999999999999995
      vertex 103.58552904187783 8.887500000000001 7.6499999999999995
      vertex 103.64548349425972 8.797771821067807 7.6499999999999995
    endloop
  endfacet
  facet normal 0.7518398074789308 0.6593458151001221 0
    outer loop
      vertex 103.7166369055211 8.7166369055211 5.8999999999999995
      vertex 103.64548349425972 8.797771821067807 7.6499999999999995
      vertex 103.7166369055211 8.7166369055211 7.6499999999999995
    endloop
  endfacet
  facet normal 0.659345815100107 0.7518398074789439 0
    outer loop
      vertex 103.7977718210678 8.645483494259732 5.8999999999999995
      vertex 103.7166369055211 8.7166369055211 7.6499999999999995
      vertex 103.7977718210678 8.645483494259732 7.6499999999999995
    endloop
  endfacet
  facet normal 0 0 -1
    outer loop
      vertex 103.48205798936661 9.192315891418458 7.6499999999999995
      vertex 103.48205798936661 9.407684108581543 7.6499999999999995
      vertex 103.50311119331151 9.086474287790422 7.6499999999999995
    endloop
  endfacet
  facet normal 0 0 -1
    outer loop
      vertex 103.48205798936661 9.192315891418458 7.6499999999999995
      vertex 103.475 9.3 7.6499999999999995
      vertex 103.48205798936661 9.407684108581543 7.6499999999999995
    endloop
  endfacet
  facet normal 0.19509032201613383 0.9807852804032293 0
    outer loop
      vertex 104.19231589141846 8.482057989366607 5.8999999999999995
      vertex 104.08647428779042 8.50311119331152 7.6499999999999995
      vertex 104.19231589141846 8.482057989366607 7.6499999999999995
    endloop
  endfacet
  facet normal 0.06540312923014298 0.9978589232386035 0
    outer loop
      vertex 104.3 8.475000000000001 5.8999999999999995
      vertex 104.19231589141846 8.482057989366607 7.6499999999999995
      vertex 104.3 8.475000000000001 7.6499999999999995
    endloop
  endfacet
  facet normal -0.06540312923014298 0.9978589232386035 0
    outer loop
      vertex 104.40768410858153 8.482057989366607 5.8999999999999995
      vertex 104.3 8.475000000000001 7.6499999999999995
      vertex 104.40768410858153 8.482057989366607 7.6499999999999995
    endloop
  endfacet
  facet normal -0.19509032201613383 0.9807852804032293 0
    outer loop
      vertex 104.51352571220957 8.50311119331152 5.8999999999999995
      vertex 104.40768410858153 8.482057989366607 7.6499999999999995
      vertex 104.51352571220957 8.50311119331152 7.6499999999999995
    endloop
  endfacet
  facet normal 0.5555702330195587 0.8314696123025743 0
    outer loop
      vertex 103.8875 8.58552904187784 5.8999999999999995
      vertex 103.7977718210678 8.645483494259732 7.6499999999999995
      vertex 103.8875 8.58552904187784 7.6499999999999995
    endloop
  endfacet
  facet normal 0.4422886902190352 0.8968727415326716 0
    outer loop
      vertex 103.9842861682988 8.53779938567819 5.8999999999999995
      vertex 103.8875 8.58552904187784 7.6499999999999995
      vertex 103.9842861682988 8.53779938567819 7.6499999999999995
    endloop
  endfacet
  facet normal 0.3214394653031309 0.9469301294951161 0
    outer loop
      vertex 104.08647428779042 8.50311119331152 5.8999999999999995
      vertex 103.9842861682988 8.53779938567819 7.6499999999999995
      vertex 104.08647428779042 8.50311119331152 7.6499999999999995
    endloop
  endfacet
  facet normal -0.3214394653031309 0.9469301294951161 0
    outer loop
      vertex 104.6157138317012 8.53779938567819 5.8999999999999995
      vertex 104.51352571220957 8.50311119331152 7.6499999999999995
      vertex 104.6157138317012 8.53779938567819 7.6499999999999995
    endloop
  endfacet
  facet normal -0.4422886902190352 0.8968727415326716 0
    outer loop
      vertex 104.71249999999999 8.58552904187784 5.8999999999999995
      vertex 104.6157138317012 8.53779938567819 7.6499999999999995
      vertex 104.71249999999999 8.58552904187784 7.6499999999999995
    endloop
  endfacet
  facet normal 0 0 -1
    outer loop
      vertex 103.53779938567818 8.984286168298802 7.6499999999999995
      vertex 103.50311119331151 9.086474287790422 7.6499999999999995
      vertex 105.09957923812459 9.5 7.6499999999999995
    endloop
  endfacet
  facet normal 0 0 -1
    outer loop
      vertex 103.50311119331151 9.086474287790422 7.6499999999999995
      vertex 103.48205798936661 9.407684108581543 7.6499999999999995
      vertex 105.09957923812459 9.5 7.6499999999999995
    endloop
  endfacet
  facet normal 0 0 -1
    outer loop
      vertex 103.48205798936661 9.407684108581543 7.6499999999999995
      vertex 103.5004207618754 9.5 7.6499999999999995
      vertex 105.09957923812459 9.5 7.6499999999999995
    endloop
  endfacet
  facet normal 0 0 -1
    outer loop
      vertex 103.58552904187783 8.887500000000001 7.6499999999999995
      vertex 105.09957923812459 9.5 7.6499999999999995
      vertex 103.64548349425972 8.797771821067807 7.6499999999999995
    endloop
  endfacet
  facet normal 0 0 -1
    outer loop
      vertex 103.53779938567818 8.984286168298802 7.6499999999999995
      vertex 105.09957923812459 9.5 7.6499999999999995
      vertex 103.58552904187783 8.887500000000001 7.6499999999999995
    endloop
  endfacet
  facet normal 0 0 -1
    outer loop
      vertex 103.64548349425972 8.797771821067807 7.6499999999999995
      vertex 105.09957923812459 9.5 7.6499999999999995
      vertex 103.7166369055211 8.7166369055211 7.6499999999999995
    endloop
  endfacet
  facet normal 0 0 -1
    outer loop
      vertex 103.7166369055211 8.7166369055211 7.6499999999999995
      vertex 105.09957923812459 9.5 7.6499999999999995
      vertex 103.7977718210678 8.645483494259732 7.6499999999999995
    endloop
  endfacet
  facet normal 0 0 -1
    outer loop
      vertex 103.7977718210678 8.645483494259732 7.6499999999999995
      vertex 105.09957923812459 9.5 7.6499999999999995
      vertex 103.8875 8.58552904187784 7.6499999999999995
    endloop
  endfacet
  facet normal 0 0 -1
    outer loop
      vertex 103.8875 8.58552904187784 7.6499999999999995
      vertex 105.09957923812459 9.5 7.6499999999999995
      vertex 103.9842861682988 8.53779938567819 7.6499999999999995
    endloop
  endfacet
  facet normal 0 0 -1
    outer loop
      vertex 103.9842861682988 8.53779938567819 7.6499999999999995
      vertex 105.09957923812459 9.5 7.6499999999999995
      vertex 104.08647428779042 8.50311119331152 7.6499999999999995
    endloop
  endfacet
  facet normal 0 0 -1
    outer loop
      vertex 104.19231589141846 8.482057989366607 7.6499999999999995
      vertex 104.08647428779042 8.50311119331152 7.6499999999999995
      vertex 105.09957923812459 9.5 7.6499999999999995
    endloop
  endfacet
  facet normal 0 0 -1
    outer loop
      vertex 104.19231589141846 8.482057989366607 7.6499999999999995
      vertex 105.09957923812459 9.5 7.6499999999999995
      vertex 104.3 8.475000000000001 7.6499999999999995
    endloop
  endfacet
  facet normal 0 0 -1
    outer loop
      vertex 104.3 8.475000000000001 7.6499999999999995
      vertex 105.09957923812459 9.5 7.6499999999999995
      vertex 104.40768410858153 8.482057989366607 7.6499999999999995
    endloop
  endfacet
  facet normal 0 0 -1
    outer loop
      vertex 104.40768410858153 8.482057989366607 7.6499999999999995
      vertex 105.09957923812459 9.5 7.6499999999999995
      vertex 104.51352571220957 8.50311119331152 7.6499999999999995
    endloop
  endfacet
  facet normal 0 0 -1
    outer loop
      vertex 104.51352571220957 8.50311119331152 7.6499999999999995
      vertex 105.09957923812459 9.5 7.6499999999999995
      vertex 104.6157138317012 8.53779938567819 7.6499999999999995
    endloop
  endfacet
  facet normal -0.6593458151001071 -0.7518398074789439 0
    outer loop
      vertex 104.8022281789322 9.95451650574027 5.8999999999999995
      vertex 104.8833630944789 9.883363094478902 5.8999999999999995
      vertex 104.8022281789322 9.95451650574027 6.35
    endloop
  endfacet
  facet normal -0.7518398074789306 -0.6593458151001221 0
    outer loop
      vertex 104.8833630944789 9.883363094478902 5.8999999999999995
      vertex 104.95451650574027 9.802228178932195 5.8999999999999995
      vertex 104.8833630944789 9.883363094478902 6.35
    endloop
  endfacet
  facet normal -0.8314696123025668 -0.5555702330195702 0
    outer loop
      vertex 104.95451650574027 9.802228178932195 5.8999999999999995
      vertex 105.01447095812216 9.7125 5.8999999999999995
      vertex 104.95451650574027 9.802228178932195 6.35
    endloop
  endfacet
  facet normal -0.9469301294950976 -0.3214394653031855 0
    outer loop
      vertex 105.06220061432181 9.6157138317012 5.8999999999999995
      vertex 105.09688880668848 9.51352571220958 5.8999999999999995
      vertex 105.06220061432181 9.6157138317012 6.35
    endloop
  endfacet
  facet normal -0.8968727415326876 -0.4422886902190025 0
    outer loop
      vertex 105.06220061432181 9.6157138317012 5.8999999999999995
      vertex 105.01447095812216 9.7125 6.35
      vertex 105.01447095812216 9.7125 5.8999999999999995
    endloop
  endfacet
  facet normal -0.5555702330195587 -0.8314696123025743 0
    outer loop
      vertex 104.71249999999999 10.014470958122162 6.35
      vertex 104.8022281789322 9.95451650574027 5.8999999999999995
      vertex 104.8022281789322 9.95451650574027 6.35
    endloop
  endfacet
  facet normal -0.6593458151001071 -0.7518398074789439 0
    outer loop
      vertex 104.8833630944789 9.883363094478902 5.8999999999999995
      vertex 104.8833630944789 9.883363094478902 6.35
      vertex 104.8022281789322 9.95451650574027 6.35
    endloop
  endfacet
  facet normal -0.7518398074789306 -0.6593458151001221 0
    outer loop
      vertex 104.95451650574027 9.802228178932195 5.8999999999999995
      vertex 104.95451650574027 9.802228178932195 6.35
      vertex 104.8833630944789 9.883363094478902 6.35
    endloop
  endfacet
  facet normal -0.9807852804031731 -0.19509032201641643 0
    outer loop
      vertex 105.09688880668848 9.51352571220958 5.8999999999999995
      vertex 105.09957923812459 9.5 6.35
      vertex 105.09688880668848 9.51352571220958 6.35
    endloop
  endfacet
  facet normal -0.9469301294950976 -0.3214394653031855 0
    outer loop
      vertex 105.09688880668848 9.51352571220958 5.8999999999999995
      vertex 105.09688880668848 9.51352571220958 6.35
      vertex 105.06220061432181 9.6157138317012 6.35
    endloop
  endfacet
  facet normal -0.8314696123025668 -0.5555702330195702 0
    outer loop
      vertex 105.01447095812216 9.7125 5.8999999999999995
      vertex 105.01447095812216 9.7125 6.35
      vertex 104.95451650574027 9.802228178932195 6.35
    endloop
  endfacet
  facet normal -0.8968727415326876 -0.4422886902190025 0
    outer loop
      vertex 105.06220061432181 9.6157138317012 5.8999999999999995
      vertex 105.06220061432181 9.6157138317012 6.35
      vertex 105.01447095812216 9.7125 6.35
    endloop
  endfacet
  facet normal -0.659345815100107 0.7518398074789439 0
    outer loop
      vertex 104.8022281789322 8.645483494259732 5.8999999999999995
      vertex 104.8022281789322 8.645483494259732 7.6499999999999995
      vertex 104.8833630944789 8.7166369055211 5.8999999999999995
    endloop
  endfacet
  facet normal -0.7518398074789308 0.6593458151001221 0
    outer loop
      vertex 104.8833630944789 8.7166369055211 5.8999999999999995
      vertex 104.8833630944789 8.7166369055211 7.6499999999999995
      vertex 104.95451650574027 8.797771821067807 5.8999999999999995
    endloop
  endfacet
  facet normal -0.8314696123025667 0.5555702330195701 0
    outer loop
      vertex 104.95451650574027 8.797771821067807 5.8999999999999995
      vertex 104.95451650574027 8.797771821067807 7.6499999999999995
      vertex 105.01447095812216 8.887500000000001 5.8999999999999995
    endloop
  endfacet
  facet normal -0.8968727415326876 0.4422886902190025 0
    outer loop
      vertex 105.01447095812216 8.887500000000001 5.8999999999999995
      vertex 105.01447095812216 8.887500000000001 7.6499999999999995
      vertex 105.06220061432181 8.984286168298802 5.8999999999999995
    endloop
  endfacet
  facet normal -0.9469301294950975 0.32143946530318546 0
    outer loop
      vertex 105.06220061432181 8.984286168298802 5.8999999999999995
      vertex 105.06220061432181 8.984286168298802 7.6499999999999995
      vertex 105.09688880668848 9.086474287790422 5.8999999999999995
    endloop
  endfacet
  facet normal -0.9807852804032483 0.19509032201603882 0
    outer loop
      vertex 105.09688880668848 9.086474287790422 5.8999999999999995
      vertex 105.09688880668848 9.086474287790422 7.6499999999999995
      vertex 105.11794201063339 9.192315891418458 5.8999999999999995
    endloop
  endfacet
  facet normal -0.9978589232385985 0.06540312923022172 0
    outer loop
      vertex 105.11794201063339 9.192315891418458 5.8999999999999995
      vertex 105.11794201063339 9.192315891418458 7.6499999999999995
      vertex 105.125 9.3 5.8999999999999995
    endloop
  endfacet
  facet normal -0.9978589232385985 -0.06540312923022172 0
    outer loop
      vertex 105.125 9.3 5.8999999999999995
      vertex 105.125 9.3 7.6499999999999995
      vertex 105.11794201063339 9.407684108581543 5.8999999999999995
    endloop
  endfacet
  facet normal -0.9807852804032483 -0.19509032201603882 0
    outer loop
      vertex 105.09688880668848 9.51352571220958 5.8999999999999995
      vertex 105.11794201063339 9.407684108581543 5.8999999999999995
      vertex 105.11794201063339 9.407684108581543 7.6499999999999995
    endloop
  endfacet
  facet normal -0.9807852804033225 -0.19509032201566576 2.345662347627341e-14
    outer loop
      vertex 105.09688880668848 9.51352571220958 5.8999999999999995
      vertex 105.11794201063339 9.407684108581543 7.6499999999999995
      vertex 105.09957923812459 9.5 6.35
    endloop
  endfacet
  facet normal -0.5555702330195587 0.8314696123025743 0
    outer loop
      vertex 104.71249999999999 8.58552904187784 7.6499999999999995
      vertex 104.8022281789322 8.645483494259732 7.6499999999999995
      vertex 104.8022281789322 8.645483494259732 5.8999999999999995
    endloop
  endfacet
  facet normal -0.659345815100107 0.7518398074789439 0
    outer loop
      vertex 104.8833630944789 8.7166369055211 5.8999999999999995
      vertex 104.8022281789322 8.645483494259732 7.6499999999999995
      vertex 104.8833630944789 8.7166369055211 7.6499999999999995
    endloop
  endfacet
  facet normal -0.7518398074789308 0.6593458151001221 0
    outer loop
      vertex 104.95451650574027 8.797771821067807 5.8999999999999995
      vertex 104.8833630944789 8.7166369055211 7.6499999999999995
      vertex 104.95451650574027 8.797771821067807 7.6499999999999995
    endloop
  endfacet
  facet normal -0.8314696123025667 0.5555702330195701 0
    outer loop
      vertex 105.01447095812216 8.887500000000001 5.8999999999999995
      vertex 104.95451650574027 8.797771821067807 7.6499999999999995
      vertex 105.01447095812216 8.887500000000001 7.6499999999999995
    endloop
  endfacet
  facet normal -0.8968727415326876 0.4422886902190025 0
    outer loop
      vertex 105.06220061432181 8.984286168298802 5.8999999999999995
      vertex 105.01447095812216 8.887500000000001 7.6499999999999995
      vertex 105.06220061432181 8.984286168298802 7.6499999999999995
    endloop
  endfacet
  facet normal -0.9469301294950975 0.32143946530318546 0
    outer loop
      vertex 105.09688880668848 9.086474287790422 5.8999999999999995
      vertex 105.06220061432181 8.984286168298802 7.6499999999999995
      vertex 105.09688880668848 9.086474287790422 7.6499999999999995
    endloop
  endfacet
  facet normal -0.9807852804032483 0.19509032201603882 0
    outer loop
      vertex 105.11794201063339 9.192315891418458 5.8999999999999995
      vertex 105.09688880668848 9.086474287790422 7.6499999999999995
      vertex 105.11794201063339 9.192315891418458 7.6499999999999995
    endloop
  endfacet
  facet normal -0.9978589232385985 0.06540312923022172 0
    outer loop
      vertex 105.125 9.3 5.8999999999999995
      vertex 105.11794201063339 9.192315891418458 7.6499999999999995
      vertex 105.125 9.3 7.6499999999999995
    endloop
  endfacet
  facet normal -0.9978589232385985 -0.06540312923022172 0
    outer loop
      vertex 105.11794201063339 9.407684108581543 5.8999999999999995
      vertex 105.125 9.3 7.6499999999999995
      vertex 105.11794201063339 9.407684108581543 7.6499999999999995
    endloop
  endfacet
  facet normal -0.9807852804032592 -0.19509032201598348 0
    outer loop
      vertex 105.09957923812459 9.5 6.35
      vertex 105.11794201063339 9.407684108581543 7.6499999999999995
      vertex 105.09957923812459 9.5 7.6499999999999995
    endloop
  endfacet
  facet normal 0 0 -1
    outer loop
      vertex 104.6157138317012 8.53779938567819 7.6499999999999995
      vertex 105.09957923812459 9.5 7.6499999999999995
      vertex 104.71249999999999 8.58552904187784 7.6499999999999995
    endloop
  endfacet
  facet normal 0 0 -1
    outer loop
      vertex 104.71249999999999 8.58552904187784 7.6499999999999995
      vertex 105.09957923812459 9.5 7.6499999999999995
      vertex 104.8022281789322 8.645483494259732 7.6499999999999995
    endloop
  endfacet
  facet normal 0 0 -1
    outer loop
      vertex 104.8022281789322 8.645483494259732 7.6499999999999995
      vertex 105.09957923812459 9.5 7.6499999999999995
      vertex 104.8833630944789 8.7166369055211 7.6499999999999995
    endloop
  endfacet
  facet normal 0 0 -1
    outer loop
      vertex 104.8833630944789 8.7166369055211 7.6499999999999995
      vertex 105.09957923812459 9.5 7.6499999999999995
      vertex 104.95451650574027 8.797771821067807 7.6499999999999995
    endloop
  endfacet
  facet normal 0 0 -1
    outer loop
      vertex 104.95451650574027 8.797771821067807 7.6499999999999995
      vertex 105.09957923812459 9.5 7.6499999999999995
      vertex 105.01447095812216 8.887500000000001 7.6499999999999995
    endloop
  endfacet
  facet normal 0 0 -1
    outer loop
      vertex 105.01447095812216 8.887500000000001 7.6499999999999995
      vertex 105.09957923812459 9.5 7.6499999999999995
      vertex 105.06220061432181 8.984286168298802 7.6499999999999995
    endloop
  endfacet
  facet normal 0 0 -1
    outer loop
      vertex 105.06220061432181 8.984286168298802 7.6499999999999995
      vertex 105.09957923812459 9.5 7.6499999999999995
      vertex 105.09688880668848 9.086474287790422 7.6499999999999995
    endloop
  endfacet
  facet normal 0 0 -1
    outer loop
      vertex 105.09688880668848 9.086474287790422 7.6499999999999995
      vertex 105.09957923812459 9.5 7.6499999999999995
      vertex 105.11794201063339 9.192315891418458 7.6499999999999995
    endloop
  endfacet
  facet normal 0 0 -1
    outer loop
      vertex 105.11794201063339 9.192315891418458 7.6499999999999995
      vertex 105.11794201063339 9.407684108581543 7.6499999999999995
      vertex 105.125 9.3 7.6499999999999995
    endloop
  endfacet
  facet normal 0 0 -1
    outer loop
      vertex 105.11794201063339 9.192315891418458 7.6499999999999995
      vertex 105.09957923812459 9.5 7.6499999999999995
      vertex 105.11794201063339 9.407684108581543 7.6499999999999995
    endloop
  endfacet
  facet normal 0.8968727415326908 0.44228869021899603 0
    outer loop
      vertex 103.58552904187783 25.287499999999998 5.8999999999999995
      vertex 103.53779938567818 25.3842861682988 5.8999999999999995
      vertex 103.58552904187783 25.287499999999998 6.35
    endloop
  endfacet
  facet normal 0.9469301294950958 0.32143946530319045 0
    outer loop
      vertex 103.50311119331151 25.48647428779042 5.8999999999999995
      vertex 103.53779938567818 25.3842861682988 6.35
      vertex 103.53779938567818 25.3842861682988 5.8999999999999995
    endloop
  endfacet
  facet normal 0.8314696123025668 0.5555702330195702 0
    outer loop
      vertex 103.58552904187783 25.287499999999998 5.8999999999999995
      vertex 103.64548349425972 25.197771821067803 6.35
      vertex 103.64548349425972 25.197771821067803 5.8999999999999995
    endloop
  endfacet
  facet normal 0.7518398074789235 0.6593458151001304 0
    outer loop
      vertex 103.64548349425972 25.197771821067803 5.8999999999999995
      vertex 103.7166369055211 25.116636905521098 6.35
      vertex 103.7166369055211 25.116636905521098 5.8999999999999995
    endloop
  endfacet
  facet normal 0.6593458151001071 0.7518398074789439 0
    outer loop
      vertex 103.7166369055211 25.116636905521098 5.8999999999999995
      vertex 103.7977718210678 25.04548349425973 6.35
      vertex 103.7977718210678 25.04548349425973 5.8999999999999995
    endloop
  endfacet
  facet normal 0.8968727415326908 0.44228869021899603 0
    outer loop
      vertex 103.53779938567818 25.3842861682988 5.8999999999999995
      vertex 103.53779938567818 25.3842861682988 6.35
      vertex 103.58552904187783 25.287499999999998 6.35
    endloop
  endfacet
  facet normal 0.8314696123025668 0.5555702330195702 0
    outer loop
      vertex 103.58552904187783 25.287499999999998 5.8999999999999995
      vertex 103.58552904187783 25.287499999999998 6.35
      vertex 103.64548349425972 25.197771821067803 6.35
    endloop
  endfacet
  facet normal 0.9469301294950958 0.32143946530319045 0
    outer loop
      vertex 103.50311119331151 25.48647428779042 5.8999999999999995
      vertex 103.50311119331151 25.48647428779042 6.35
      vertex 103.53779938567818 25.3842861682988 6.35
    endloop
  endfacet
  facet normal 0.980785280403178 0.19509032201639182 0
    outer loop
      vertex 103.50311119331151 25.48647428779042 5.8999999999999995
      vertex 103.5004207618754 25.5 6.35
      vertex 103.50311119331151 25.48647428779042 6.35
    endloop
  endfacet
  facet normal 0.7518398074789235 0.6593458151001304 0
    outer loop
      vertex 103.64548349425972 25.197771821067803 5.8999999999999995
      vertex 103.64548349425972 25.197771821067803 6.35
      vertex 103.7166369055211 25.116636905521098 6.35
    endloop
  endfacet
  facet normal 0.6593458151001071 0.7518398074789439 0
    outer loop
      vertex 103.7166369055211 25.116636905521098 5.8999999999999995
      vertex 103.7166369055211 25.116636905521098 6.35
      vertex 103.7977718210678 25.04548349425973 6.35
    endloop
  endfacet
  facet normal 0.55557023301957 0.8314696123025668 0
    outer loop
      vertex 103.7977718210678 25.04548349425973 5.8999999999999995
      vertex 103.7977718210678 25.04548349425973 6.35
      vertex 103.8875 24.985529041877836 6.35
    endloop
  endfacet
  facet normal 0.9807852804032496 0.19509032201603255 0
    outer loop
      vertex 103.48205798936661 25.59231589141846 5.8999999999999995
      vertex 103.48205798936661 25.59231589141846 7.6499999999999995
      vertex 103.50311119331151 25.48647428779042 5.8999999999999995
    endloop
  endfacet
  facet normal 0.9978589232385983 0.06540312923022279 0
    outer loop
      vertex 103.48205798936661 25.59231589141846 5.8999999999999995
      vertex 103.475 25.7 5.8999999999999995
      vertex 103.475 25.7 7.6499999999999995
    endloop
  endfacet
  facet normal 0.9978589232385983 -0.06540312923022279 0
    outer loop
      vertex 103.475 25.7 5.8999999999999995
      vertex 103.48205798936661 25.80768410858154 5.8999999999999995
      vertex 103.48205798936661 25.80768410858154 7.6499999999999995
    endloop
  endfacet
  facet normal 0.9807852804032496 -0.19509032201603255 0
    outer loop
      vertex 103.48205798936661 25.80768410858154 5.8999999999999995
      vertex 103.50311119331151 25.91352571220958 5.8999999999999995
      vertex 103.50311119331151 25.91352571220958 7.6499999999999995
    endloop
  endfacet
  facet normal 0.9469301294950958 -0.32143946530319045 0
    outer loop
      vertex 103.50311119331151 25.91352571220958 5.8999999999999995
      vertex 103.53779938567818 26.0157138317012 5.8999999999999995
      vertex 103.53779938567818 26.0157138317012 7.6499999999999995
    endloop
  endfacet
  facet normal 0.8968727415326908 -0.44228869021899603 0
    outer loop
      vertex 103.53779938567818 26.0157138317012 5.8999999999999995
      vertex 103.58552904187783 26.1125 5.8999999999999995
      vertex 103.58552904187783 26.1125 7.6499999999999995
    endloop
  endfacet
  facet normal 0.8314696123025667 -0.5555702330195701 0
    outer loop
      vertex 103.58552904187783 26.1125 5.8999999999999995
      vertex 103.64548349425972 26.202228178932195 5.8999999999999995
      vertex 103.64548349425972 26.202228178932195 7.6499999999999995
    endloop
  endfacet
  facet normal 0.7518398074789235 -0.6593458151001302 0
    outer loop
      vertex 103.64548349425972 26.202228178932195 5.8999999999999995
      vertex 103.7166369055211 26.2833630944789 5.8999999999999995
      vertex 103.7166369055211 26.2833630944789 7.6499999999999995
    endloop
  endfacet
  facet normal 0.659345815100107 -0.7518398074789439 0
    outer loop
      vertex 103.7166369055211 26.2833630944789 5.8999999999999995
      vertex 103.7977718210678 26.354516505740268 5.8999999999999995
      vertex 103.7977718210678 26.354516505740268 7.6499999999999995
    endloop
  endfacet
  facet normal 0.9807852804033201 0.19509032201567764 2.2315970262764405e-14
    outer loop
      vertex 103.50311119331151 25.48647428779042 5.8999999999999995
      vertex 103.48205798936661 25.59231589141846 7.6499999999999995
      vertex 103.5004207618754 25.5 6.35
    endloop
  endfacet
  facet normal 0.4422886902190352 0.8968727415326716 0
    outer loop
      vertex 103.8875 24.985529041877836 5.8999999999999995
      vertex 103.9842861682988 24.937799385678186 6.35
      vertex 103.9842861682988 24.937799385678186 5.8999999999999995
    endloop
  endfacet
  facet normal 0.3214394653031309 0.946930129495116 0
    outer loop
      vertex 103.9842861682988 24.937799385678186 5.8999999999999995
      vertex 104.08647428779042 24.903111193311517 6.35
      vertex 104.08647428779042 24.903111193311517 5.8999999999999995
    endloop
  endfacet
  facet normal 0.19509032201613385 0.9807852804032294 0
    outer loop
      vertex 104.08647428779042 24.903111193311517 5.8999999999999995
      vertex 104.19231589141846 24.882057989366604 6.35
      vertex 104.19231589141846 24.882057989366604 5.8999999999999995
    endloop
  endfacet
  facet normal 0.06540312923012659 0.9978589232386046 0
    outer loop
      vertex 104.19231589141846 24.882057989366604 5.8999999999999995
      vertex 104.3 24.875 6.35
      vertex 104.3 24.875 5.8999999999999995
    endloop
  endfacet
  facet normal 0.4422886902190352 0.8968727415326716 0
    outer loop
      vertex 103.8875 24.985529041877836 5.8999999999999995
      vertex 103.8875 24.985529041877836 6.35
      vertex 103.9842861682988 24.937799385678186 6.35
    endloop
  endfacet
  facet normal 0.3214394653031309 0.946930129495116 0
    outer loop
      vertex 103.9842861682988 24.937799385678186 5.8999999999999995
      vertex 103.9842861682988 24.937799385678186 6.35
      vertex 104.08647428779042 24.903111193311517 6.35
    endloop
  endfacet
  facet normal 0.19509032201613385 0.9807852804032294 0
    outer loop
      vertex 104.08647428779042 24.903111193311517 5.8999999999999995
      vertex 104.08647428779042 24.903111193311517 6.35
      vertex 104.19231589141846 24.882057989366604 6.35
    endloop
  endfacet
  facet normal 0.06540312923012659 0.9978589232386046 0
    outer loop
      vertex 104.19231589141846 24.882057989366604 5.8999999999999995
      vertex 104.19231589141846 24.882057989366604 6.35
      vertex 104.3 24.875 6.35
    endloop
  endfacet
  facet normal 0.55557023301957 0.8314696123025668 0
    outer loop
      vertex 103.7977718210678 25.04548349425973 5.8999999999999995
      vertex 103.8875 24.985529041877836 6.35
      vertex 103.8875 24.985529041877836 5.8999999999999995
    endloop
  endfacet
  facet normal -0.06540312923012659 0.9978589232386046 0
    outer loop
      vertex 104.3 24.875 5.8999999999999995
      vertex 104.40768410858153 24.882057989366604 6.35
      vertex 104.40768410858153 24.882057989366604 5.8999999999999995
    endloop
  endfacet
  facet normal -0.19509032201613385 0.9807852804032294 0
    outer loop
      vertex 104.40768410858153 24.882057989366604 5.8999999999999995
      vertex 104.51352571220957 24.903111193311517 6.35
      vertex 104.51352571220957 24.903111193311517 5.8999999999999995
    endloop
  endfacet
  facet normal -0.3214394653031309 0.946930129495116 0
    outer loop
      vertex 104.51352571220957 24.903111193311517 5.8999999999999995
      vertex 104.6157138317012 24.937799385678186 6.35
      vertex 104.6157138317012 24.937799385678186 5.8999999999999995
    endloop
  endfacet
  facet normal -0.4422886902190352 0.8968727415326716 0
    outer loop
      vertex 104.6157138317012 24.937799385678186 5.8999999999999995
      vertex 104.71249999999999 24.985529041877836 6.35
      vertex 104.71249999999999 24.985529041877836 5.8999999999999995
    endloop
  endfacet
  facet normal -0.06540312923012659 0.9978589232386046 0
    outer loop
      vertex 104.3 24.875 5.8999999999999995
      vertex 104.3 24.875 6.35
      vertex 104.40768410858153 24.882057989366604 6.35
    endloop
  endfacet
  facet normal -0.19509032201613385 0.9807852804032294 0
    outer loop
      vertex 104.40768410858153 24.882057989366604 5.8999999999999995
      vertex 104.40768410858153 24.882057989366604 6.35
      vertex 104.51352571220957 24.903111193311517 6.35
    endloop
  endfacet
  facet normal -0.3214394653031309 0.946930129495116 0
    outer loop
      vertex 104.51352571220957 24.903111193311517 5.8999999999999995
      vertex 104.51352571220957 24.903111193311517 6.35
      vertex 104.6157138317012 24.937799385678186 6.35
    endloop
  endfacet
  facet normal -0.4422886902190352 0.8968727415326716 0
    outer loop
      vertex 104.6157138317012 24.937799385678186 5.8999999999999995
      vertex 104.6157138317012 24.937799385678186 6.35
      vertex 104.71249999999999 24.985529041877836 6.35
    endloop
  endfacet
  facet normal -0.55557023301957 0.8314696123025668 0
    outer loop
      vertex 104.71249999999999 24.985529041877836 5.8999999999999995
      vertex 104.71249999999999 24.985529041877836 6.35
      vertex 104.8022281789322 25.04548349425973 6.35
    endloop
  endfacet
  facet normal 0.55557023301957 -0.8314696123025668 0
    outer loop
      vertex 103.7977718210678 26.354516505740268 5.8999999999999995
      vertex 103.8875 26.414470958122163 5.8999999999999995
      vertex 103.8875 26.414470958122163 7.6499999999999995
    endloop
  endfacet
  facet normal 0.4422886902190352 -0.8968727415326716 0
    outer loop
      vertex 103.8875 26.414470958122163 5.8999999999999995
      vertex 103.9842861682988 26.462200614321812 5.8999999999999995
      vertex 103.9842861682988 26.462200614321812 7.6499999999999995
    endloop
  endfacet
  facet normal 0.3214394653031309 -0.9469301294951161 0
    outer loop
      vertex 103.9842861682988 26.462200614321812 5.8999999999999995
      vertex 104.08647428779042 26.49688880668848 5.8999999999999995
      vertex 104.08647428779042 26.49688880668848 7.6499999999999995
    endloop
  endfacet
  facet normal -0.3214394653031309 -0.9469301294951161 0
    outer loop
      vertex 104.51352571220957 26.49688880668848 5.8999999999999995
      vertex 104.6157138317012 26.462200614321812 5.8999999999999995
      vertex 104.6157138317012 26.462200614321812 7.6499999999999995
    endloop
  endfacet
  facet normal -0.4422886902190352 -0.8968727415326716 0
    outer loop
      vertex 104.6157138317012 26.462200614321812 5.8999999999999995
      vertex 104.71249999999999 26.414470958122163 5.8999999999999995
      vertex 104.71249999999999 26.414470958122163 7.6499999999999995
    endloop
  endfacet
  facet normal 0.19509032201613383 -0.9807852804032293 0
    outer loop
      vertex 104.08647428779042 26.49688880668848 5.8999999999999995
      vertex 104.19231589141846 26.517942010633394 5.8999999999999995
      vertex 104.19231589141846 26.517942010633394 7.6499999999999995
    endloop
  endfacet
  facet normal 0.06540312923012659 -0.9978589232386045 0
    outer loop
      vertex 104.19231589141846 26.517942010633394 5.8999999999999995
      vertex 104.3 26.525 5.8999999999999995
      vertex 104.3 26.525 7.6499999999999995
    endloop
  endfacet
  facet normal -0.06540312923012659 -0.9978589232386045 0
    outer loop
      vertex 104.3 26.525 5.8999999999999995
      vertex 104.40768410858153 26.517942010633394 5.8999999999999995
      vertex 104.40768410858153 26.517942010633394 7.6499999999999995
    endloop
  endfacet
  facet normal -0.19509032201613383 -0.9807852804032293 0
    outer loop
      vertex 104.51352571220957 26.49688880668848 5.8999999999999995
      vertex 104.51352571220957 26.49688880668848 7.6499999999999995
      vertex 104.40768410858153 26.517942010633394 5.8999999999999995
    endloop
  endfacet
  facet normal 0.9978589232385983 0.06540312923022279 0
    outer loop
      vertex 103.48205798936661 25.59231589141846 5.8999999999999995
      vertex 103.475 25.7 7.6499999999999995
      vertex 103.48205798936661 25.59231589141846 7.6499999999999995
    endloop
  endfacet
  facet normal 0.9978589232385983 -0.06540312923022279 0
    outer loop
      vertex 103.475 25.7 5.8999999999999995
      vertex 103.48205798936661 25.80768410858154 7.6499999999999995
      vertex 103.475 25.7 7.6499999999999995
    endloop
  endfacet
  facet normal 0.9807852804032496 -0.19509032201603255 0
    outer loop
      vertex 103.48205798936661 25.80768410858154 5.8999999999999995
      vertex 103.50311119331151 25.91352571220958 7.6499999999999995
      vertex 103.48205798936661 25.80768410858154 7.6499999999999995
    endloop
  endfacet
  facet normal 0.9469301294950958 -0.32143946530319045 0
    outer loop
      vertex 103.50311119331151 25.91352571220958 5.8999999999999995
      vertex 103.53779938567818 26.0157138317012 7.6499999999999995
      vertex 103.50311119331151 25.91352571220958 7.6499999999999995
    endloop
  endfacet
  facet normal 0.8968727415326908 -0.44228869021899603 0
    outer loop
      vertex 103.53779938567818 26.0157138317012 5.8999999999999995
      vertex 103.58552904187783 26.1125 7.6499999999999995
      vertex 103.53779938567818 26.0157138317012 7.6499999999999995
    endloop
  endfacet
  facet normal 0.8314696123025667 -0.5555702330195701 0
    outer loop
      vertex 103.58552904187783 26.1125 5.8999999999999995
      vertex 103.64548349425972 26.202228178932195 7.6499999999999995
      vertex 103.58552904187783 26.1125 7.6499999999999995
    endloop
  endfacet
  facet normal 0.7518398074789235 -0.6593458151001302 0
    outer loop
      vertex 103.64548349425972 26.202228178932195 5.8999999999999995
      vertex 103.7166369055211 26.2833630944789 7.6499999999999995
      vertex 103.64548349425972 26.202228178932195 7.6499999999999995
    endloop
  endfacet
  facet normal 0.659345815100107 -0.7518398074789439 0
    outer loop
      vertex 103.7166369055211 26.2833630944789 5.8999999999999995
      vertex 103.7977718210678 26.354516505740268 7.6499999999999995
      vertex 103.7166369055211 26.2833630944789 7.6499999999999995
    endloop
  endfacet
  facet normal 0.55557023301957 -0.8314696123025668 0
    outer loop
      vertex 103.7977718210678 26.354516505740268 5.8999999999999995
      vertex 103.8875 26.414470958122163 7.6499999999999995
      vertex 103.7977718210678 26.354516505740268 7.6499999999999995
    endloop
  endfacet
  facet normal 0.98078528040326 0.1950903220159799 0
    outer loop
      vertex 103.5004207618754 25.5 6.35
      vertex 103.48205798936661 25.59231589141846 7.6499999999999995
      vertex 103.5004207618754 25.5 7.6499999999999995
    endloop
  endfacet
  facet normal 0 0 -1
    outer loop
      vertex 103.48205798936661 25.59231589141846 7.6499999999999995
      vertex 103.48205798936661 25.80768410858154 7.6499999999999995
      vertex 103.5004207618754 25.5 7.6499999999999995
    endloop
  endfacet
  facet normal 0 0 -1
    outer loop
      vertex 103.48205798936661 25.59231589141846 7.6499999999999995
      vertex 103.475 25.7 7.6499999999999995
      vertex 103.48205798936661 25.80768410858154 7.6499999999999995
    endloop
  endfacet
  facet normal 0 0 -1
    outer loop
      vertex 103.5004207618754 25.5 7.6499999999999995
      vertex 103.48205798936661 25.80768410858154 7.6499999999999995
      vertex 103.50311119331151 25.91352571220958 7.6499999999999995
    endloop
  endfacet
  facet normal 0 0 -1
    outer loop
      vertex 103.5004207618754 25.5 7.6499999999999995
      vertex 103.50311119331151 25.91352571220958 7.6499999999999995
      vertex 103.53779938567818 26.0157138317012 7.6499999999999995
    endloop
  endfacet
  facet normal 0 0 -1
    outer loop
      vertex 103.5004207618754 25.5 7.6499999999999995
      vertex 103.53779938567818 26.0157138317012 7.6499999999999995
      vertex 103.58552904187783 26.1125 7.6499999999999995
    endloop
  endfacet
  facet normal 0 0 -1
    outer loop
      vertex 103.5004207618754 25.5 7.6499999999999995
      vertex 103.58552904187783 26.1125 7.6499999999999995
      vertex 103.64548349425972 26.202228178932195 7.6499999999999995
    endloop
  endfacet
  facet normal 0 0 -1
    outer loop
      vertex 103.5004207618754 25.5 7.6499999999999995
      vertex 103.64548349425972 26.202228178932195 7.6499999999999995
      vertex 103.7166369055211 26.2833630944789 7.6499999999999995
    endloop
  endfacet
  facet normal 0 0 -1
    outer loop
      vertex 103.5004207618754 25.5 7.6499999999999995
      vertex 103.7166369055211 26.2833630944789 7.6499999999999995
      vertex 103.7977718210678 26.354516505740268 7.6499999999999995
    endloop
  endfacet
  facet normal 0 0 -1
    outer loop
      vertex 103.5004207618754 25.5 7.6499999999999995
      vertex 103.7977718210678 26.354516505740268 7.6499999999999995
      vertex 103.8875 26.414470958122163 7.6499999999999995
    endloop
  endfacet
  facet normal 0 0 -1
    outer loop
      vertex 103.5004207618754 25.5 7.6499999999999995
      vertex 103.8875 26.414470958122163 7.6499999999999995
      vertex 103.9842861682988 26.462200614321812 7.6499999999999995
    endloop
  endfacet
  facet normal 0.4422886902190352 -0.8968727415326716 0
    outer loop
      vertex 103.8875 26.414470958122163 5.8999999999999995
      vertex 103.9842861682988 26.462200614321812 7.6499999999999995
      vertex 103.8875 26.414470958122163 7.6499999999999995
    endloop
  endfacet
  facet normal 0.3214394653031309 -0.9469301294951161 0
    outer loop
      vertex 103.9842861682988 26.462200614321812 5.8999999999999995
      vertex 104.08647428779042 26.49688880668848 7.6499999999999995
      vertex 103.9842861682988 26.462200614321812 7.6499999999999995
    endloop
  endfacet
  facet normal -0.3214394653031309 -0.9469301294951161 0
    outer loop
      vertex 104.51352571220957 26.49688880668848 5.8999999999999995
      vertex 104.6157138317012 26.462200614321812 7.6499999999999995
      vertex 104.51352571220957 26.49688880668848 7.6499999999999995
    endloop
  endfacet
  facet normal -0.4422886902190352 -0.8968727415326716 0
    outer loop
      vertex 104.6157138317012 26.462200614321812 5.8999999999999995
      vertex 104.71249999999999 26.414470958122163 7.6499999999999995
      vertex 104.6157138317012 26.462200614321812 7.6499999999999995
    endloop
  endfacet
  facet normal -0.55557023301957 -0.8314696123025668 0
    outer loop
      vertex 104.71249999999999 26.414470958122163 5.8999999999999995
      vertex 104.8022281789322 26.354516505740268 7.6499999999999995
      vertex 104.71249999999999 26.414470958122163 7.6499999999999995
    endloop
  endfacet
  facet normal 0 0 -1
    outer loop
      vertex 103.5004207618754 25.5 7.6499999999999995
      vertex 103.9842861682988 26.462200614321812 7.6499999999999995
      vertex 104.08647428779042 26.49688880668848 7.6499999999999995
    endloop
  endfacet
  facet normal 0 0 -1
    outer loop
      vertex 103.5004207618754 25.5 7.6499999999999995
      vertex 104.08647428779042 26.49688880668848 7.6499999999999995
      vertex 104.19231589141846 26.517942010633394 7.6499999999999995
    endloop
  endfacet
  facet normal 0 0 -1
    outer loop
      vertex 103.5004207618754 25.5 7.6499999999999995
      vertex 104.19231589141846 26.517942010633394 7.6499999999999995
      vertex 104.3 26.525 7.6499999999999995
    endloop
  endfacet
  facet normal 0 0 -1
    outer loop
      vertex 103.5004207618754 25.5 7.6499999999999995
      vertex 104.3 26.525 7.6499999999999995
      vertex 104.40768410858153 26.517942010633394 7.6499999999999995
    endloop
  endfacet
  facet normal 0 0 -1
    outer loop
      vertex 103.5004207618754 25.5 7.6499999999999995
      vertex 104.40768410858153 26.517942010633394 7.6499999999999995
      vertex 104.51352571220957 26.49688880668848 7.6499999999999995
    endloop
  endfacet
  facet normal 0 0 -1
    outer loop
      vertex 103.5004207618754 25.5 7.6499999999999995
      vertex 104.51352571220957 26.49688880668848 7.6499999999999995
      vertex 104.6157138317012 26.462200614321812 7.6499999999999995
    endloop
  endfacet
  facet normal 0 0 -1
    outer loop
      vertex 103.5004207618754 25.5 7.6499999999999995
      vertex 104.6157138317012 26.462200614321812 7.6499999999999995
      vertex 104.71249999999999 26.414470958122163 7.6499999999999995
    endloop
  endfacet
  facet normal 0 0 -1
    outer loop
      vertex 103.5004207618754 25.5 7.6499999999999995
      vertex 104.71249999999999 26.414470958122163 7.6499999999999995
      vertex 104.8022281789322 26.354516505740268 7.6499999999999995
    endloop
  endfacet
  facet normal 0 0 -1
    outer loop
      vertex 103.5004207618754 25.5 7.6499999999999995
      vertex 104.8022281789322 26.354516505740268 7.6499999999999995
      vertex 104.8833630944789 26.2833630944789 7.6499999999999995
    endloop
  endfacet
  facet normal 0 0 -1
    outer loop
      vertex 103.5004207618754 25.5 7.6499999999999995
      vertex 104.8833630944789 26.2833630944789 7.6499999999999995
      vertex 104.95451650574027 26.202228178932195 7.6499999999999995
    endloop
  endfacet
  facet normal 0 0 -1
    outer loop
      vertex 103.5004207618754 25.5 7.6499999999999995
      vertex 105.01447095812216 26.1125 7.6499999999999995
      vertex 105.06220061432181 26.0157138317012 7.6499999999999995
    endloop
  endfacet
  facet normal 0 0 -1
    outer loop
      vertex 103.5004207618754 25.5 7.6499999999999995
      vertex 104.95451650574027 26.202228178932195 7.6499999999999995
      vertex 105.01447095812216 26.1125 7.6499999999999995
    endloop
  endfacet
  facet normal 0 0 -1
    outer loop
      vertex 103.5004207618754 25.5 7.6499999999999995
      vertex 105.11794201063339 25.59231589141846 7.6499999999999995
      vertex 105.09957923812459 25.5 7.6499999999999995
    endloop
  endfacet
  facet normal 0 0 -1
    outer loop
      vertex 103.5004207618754 25.5 7.6499999999999995
      vertex 105.09688880668848 25.91352571220958 7.6499999999999995
      vertex 105.11794201063339 25.59231589141846 7.6499999999999995
    endloop
  endfacet
  facet normal 0 0 -1
    outer loop
      vertex 103.5004207618754 25.5 7.6499999999999995
      vertex 105.06220061432181 26.0157138317012 7.6499999999999995
      vertex 105.09688880668848 25.91352571220958 7.6499999999999995
    endloop
  endfacet
  facet normal 0.19509032201613383 -0.9807852804032293 0
    outer loop
      vertex 104.08647428779042 26.49688880668848 5.8999999999999995
      vertex 104.19231589141846 26.517942010633394 7.6499999999999995
      vertex 104.08647428779042 26.49688880668848 7.6499999999999995
    endloop
  endfacet
  facet normal 0.06540312923012659 -0.9978589232386045 0
    outer loop
      vertex 104.19231589141846 26.517942010633394 5.8999999999999995
      vertex 104.3 26.525 7.6499999999999995
      vertex 104.19231589141846 26.517942010633394 7.6499999999999995
    endloop
  endfacet
  facet normal -0.06540312923012659 -0.9978589232386045 0
    outer loop
      vertex 104.3 26.525 5.8999999999999995
      vertex 104.40768410858153 26.517942010633394 7.6499999999999995
      vertex 104.3 26.525 7.6499999999999995
    endloop
  endfacet
  facet normal -0.19509032201613383 -0.9807852804032293 0
    outer loop
      vertex 104.40768410858153 26.517942010633394 5.8999999999999995
      vertex 104.51352571220957 26.49688880668848 7.6499999999999995
      vertex 104.40768410858153 26.517942010633394 7.6499999999999995
    endloop
  endfacet
  facet normal -0.55557023301957 0.8314696123025668 0
    outer loop
      vertex 104.71249999999999 24.985529041877836 5.8999999999999995
      vertex 104.8022281789322 25.04548349425973 6.35
      vertex 104.8022281789322 25.04548349425973 5.8999999999999995
    endloop
  endfacet
  facet normal -0.6593458151001071 0.7518398074789439 0
    outer loop
      vertex 104.8022281789322 25.04548349425973 5.8999999999999995
      vertex 104.8833630944789 25.116636905521098 6.35
      vertex 104.8833630944789 25.116636905521098 5.8999999999999995
    endloop
  endfacet
  facet normal -0.7518398074789235 0.6593458151001304 0
    outer loop
      vertex 104.8833630944789 25.116636905521098 5.8999999999999995
      vertex 104.95451650574027 25.197771821067803 6.35
      vertex 104.95451650574027 25.197771821067803 5.8999999999999995
    endloop
  endfacet
  facet normal -0.8314696123025668 0.5555702330195702 0
    outer loop
      vertex 104.95451650574027 25.197771821067803 5.8999999999999995
      vertex 105.01447095812216 25.287499999999998 6.35
      vertex 105.01447095812216 25.287499999999998 5.8999999999999995
    endloop
  endfacet
  facet normal -0.8968727415326908 0.44228869021899603 0
    outer loop
      vertex 105.01447095812216 25.287499999999998 5.8999999999999995
      vertex 105.06220061432181 25.3842861682988 6.35
      vertex 105.06220061432181 25.3842861682988 5.8999999999999995
    endloop
  endfacet
  facet normal -0.9469301294950958 0.32143946530319045 0
    outer loop
      vertex 105.06220061432181 25.3842861682988 5.8999999999999995
      vertex 105.09688880668848 25.48647428779042 6.35
      vertex 105.09688880668848 25.48647428779042 5.8999999999999995
    endloop
  endfacet
  facet normal -0.9807852804032495 0.19509032201603255 1.1225625677936755e-14
    outer loop
      vertex 105.09688880668848 25.48647428779042 5.8999999999999995
      vertex 105.09957923812459 25.5 6.35
      vertex 105.11794201063339 25.59231589141846 5.8999999999999995
    endloop
  endfacet
  facet normal -0.6593458151001071 0.7518398074789439 0
    outer loop
      vertex 104.8022281789322 25.04548349425973 5.8999999999999995
      vertex 104.8022281789322 25.04548349425973 6.35
      vertex 104.8833630944789 25.116636905521098 6.35
    endloop
  endfacet
  facet normal -0.7518398074789235 0.6593458151001304 0
    outer loop
      vertex 104.8833630944789 25.116636905521098 5.8999999999999995
      vertex 104.8833630944789 25.116636905521098 6.35
      vertex 104.95451650574027 25.197771821067803 6.35
    endloop
  endfacet
  facet normal -0.8314696123025668 0.5555702330195702 0
    outer loop
      vertex 104.95451650574027 25.197771821067803 5.8999999999999995
      vertex 104.95451650574027 25.197771821067803 6.35
      vertex 105.01447095812216 25.287499999999998 6.35
    endloop
  endfacet
  facet normal -0.8968727415326908 0.44228869021899603 0
    outer loop
      vertex 105.01447095812216 25.287499999999998 5.8999999999999995
      vertex 105.01447095812216 25.287499999999998 6.35
      vertex 105.06220061432181 25.3842861682988 6.35
    endloop
  endfacet
  facet normal -0.9469301294950958 0.32143946530319045 0
    outer loop
      vertex 105.06220061432181 25.3842861682988 5.8999999999999995
      vertex 105.06220061432181 25.3842861682988 6.35
      vertex 105.09688880668848 25.48647428779042 6.35
    endloop
  endfacet
  facet normal -0.980785280403178 0.19509032201639182 0
    outer loop
      vertex 105.09688880668848 25.48647428779042 5.8999999999999995
      vertex 105.09688880668848 25.48647428779042 6.35
      vertex 105.09957923812459 25.5 6.35
    endloop
  endfacet
  facet normal -0.55557023301957 -0.8314696123025668 0
    outer loop
      vertex 104.71249999999999 26.414470958122163 5.8999999999999995
      vertex 104.8022281789322 26.354516505740268 5.8999999999999995
      vertex 104.8022281789322 26.354516505740268 7.6499999999999995
    endloop
  endfacet
  facet normal -0.659345815100107 -0.7518398074789439 0
    outer loop
      vertex 104.8022281789322 26.354516505740268 5.8999999999999995
      vertex 104.8833630944789 26.2833630944789 5.8999999999999995
      vertex 104.8833630944789 26.2833630944789 7.6499999999999995
    endloop
  endfacet
  facet normal -0.7518398074789235 -0.6593458151001302 0
    outer loop
      vertex 104.8833630944789 26.2833630944789 5.8999999999999995
      vertex 104.95451650574027 26.202228178932195 5.8999999999999995
      vertex 104.95451650574027 26.202228178932195 7.6499999999999995
    endloop
  endfacet
  facet normal -0.9978589232385983 0.06540312923022279 0
    outer loop
      vertex 105.11794201063339 25.59231589141846 5.8999999999999995
      vertex 105.11794201063339 25.59231589141846 7.6499999999999995
      vertex 105.125 25.7 5.8999999999999995
    endloop
  endfacet
  facet normal -0.9978589232385983 -0.06540312923022279 0
    outer loop
      vertex 105.125 25.7 5.8999999999999995
      vertex 105.125 25.7 7.6499999999999995
      vertex 105.11794201063339 25.80768410858154 5.8999999999999995
    endloop
  endfacet
  facet normal -0.8968727415326908 -0.44228869021899603 0
    outer loop
      vertex 105.01447095812216 26.1125 5.8999999999999995
      vertex 105.06220061432181 26.0157138317012 5.8999999999999995
      vertex 105.06220061432181 26.0157138317012 7.6499999999999995
    endloop
  endfacet
  facet normal -0.9469301294950958 -0.32143946530319045 0
    outer loop
      vertex 105.09688880668848 25.91352571220958 5.8999999999999995
      vertex 105.09688880668848 25.91352571220958 7.6499999999999995
      vertex 105.06220061432181 26.0157138317012 5.8999999999999995
    endloop
  endfacet
  facet normal -0.8314696123025667 -0.5555702330195701 0
    outer loop
      vertex 104.95451650574027 26.202228178932195 5.8999999999999995
      vertex 105.01447095812216 26.1125 5.8999999999999995
      vertex 105.01447095812216 26.1125 7.6499999999999995
    endloop
  endfacet
  facet normal -0.9807852804032496 -0.19509032201603255 0
    outer loop
      vertex 105.09688880668848 25.91352571220958 5.8999999999999995
      vertex 105.11794201063339 25.80768410858154 5.8999999999999995
      vertex 105.11794201063339 25.80768410858154 7.6499999999999995
    endloop
  endfacet
  facet normal -0.98078528040326 0.1950903220159799 0
    outer loop
      vertex 105.11794201063339 25.59231589141846 5.8999999999999995
      vertex 105.09957923812459 25.5 6.35
      vertex 105.09957923812459 25.5 7.6499999999999995
    endloop
  endfacet
  facet normal -0.659345815100107 -0.7518398074789439 0
    outer loop
      vertex 104.8022281789322 26.354516505740268 5.8999999999999995
      vertex 104.8833630944789 26.2833630944789 7.6499999999999995
      vertex 104.8022281789322 26.354516505740268 7.6499999999999995
    endloop
  endfacet
  facet normal -0.7518398074789235 -0.6593458151001302 0
    outer loop
      vertex 104.8833630944789 26.2833630944789 5.8999999999999995
      vertex 104.95451650574027 26.202228178932195 7.6499999999999995
      vertex 104.8833630944789 26.2833630944789 7.6499999999999995
    endloop
  endfacet
  facet normal -0.8314696123025667 -0.5555702330195701 0
    outer loop
      vertex 104.95451650574027 26.202228178932195 5.8999999999999995
      vertex 105.01447095812216 26.1125 7.6499999999999995
      vertex 104.95451650574027 26.202228178932195 7.6499999999999995
    endloop
  endfacet
  facet normal -0.98078528040326 0.1950903220159799 0
    outer loop
      vertex 105.11794201063339 25.59231589141846 5.8999999999999995
      vertex 105.09957923812459 25.5 7.6499999999999995
      vertex 105.11794201063339 25.59231589141846 7.6499999999999995
    endloop
  endfacet
  facet normal -0.9978589232385983 0.06540312923022279 0
    outer loop
      vertex 105.125 25.7 5.8999999999999995
      vertex 105.11794201063339 25.59231589141846 7.6499999999999995
      vertex 105.125 25.7 7.6499999999999995
    endloop
  endfacet
  facet normal -0.8968727415326908 -0.44228869021899603 0
    outer loop
      vertex 105.01447095812216 26.1125 5.8999999999999995
      vertex 105.06220061432181 26.0157138317012 7.6499999999999995
      vertex 105.01447095812216 26.1125 7.6499999999999995
    endloop
  endfacet
  facet normal -0.9807852804032496 -0.19509032201603255 0
    outer loop
      vertex 105.09688880668848 25.91352571220958 5.8999999999999995
      vertex 105.11794201063339 25.80768410858154 7.6499999999999995
      vertex 105.09688880668848 25.91352571220958 7.6499999999999995
    endloop
  endfacet
  facet normal -0.9469301294950958 -0.32143946530319045 0
    outer loop
      vertex 105.06220061432181 26.0157138317012 5.8999999999999995
      vertex 105.09688880668848 25.91352571220958 7.6499999999999995
      vertex 105.06220061432181 26.0157138317012 7.6499999999999995
    endloop
  endfacet
  facet normal -0.9978589232385983 -0.06540312923022279 0
    outer loop
      vertex 105.11794201063339 25.80768410858154 5.8999999999999995
      vertex 105.125 25.7 7.6499999999999995
      vertex 105.11794201063339 25.80768410858154 7.6499999999999995
    endloop
  endfacet
  facet normal 0 0 -1
    outer loop
      vertex 105.11794201063339 25.59231589141846 7.6499999999999995
      vertex 105.11794201063339 25.80768410858154 7.6499999999999995
      vertex 105.125 25.7 7.6499999999999995
    endloop
  endfacet
  facet normal 0 0 -1
    outer loop
      vertex 105.11794201063339 25.59231589141846 7.6499999999999995
      vertex 105.09688880668848 25.91352571220958 7.6499999999999995
      vertex 105.11794201063339 25.80768410858154 7.6499999999999995
    endloop
  endfacet
  facet normal 0 0 -1
    outer loop
      vertex 99.25 5.5 8
      vertex 99.25513308495283 10.021684288978577 8
      vertex 99.27044450491667 9.944708570837975 8
    endloop
  endfacet
  facet normal 0 0 -1
    outer loop
      vertex 99.25 5.5 8
      vertex 99.27044450491667 9.944708570837975 8
      vertex 99.29567228257656 9.870389938354492 8
    endloop
  endfacet
  facet normal 0 0 -1
    outer loop
      vertex 99.25 5.5 8
      vertex 99.29567228257656 9.870389938354492 8
      vertex 99.33038476109505 9.800000004470348 8
    endloop
  endfacet
  facet normal 0 0 -1
    outer loop
      vertex 99.25 5.5 8
      vertex 99.3739879950881 9.734743140637875 8
      vertex 99.42573593556881 9.67573593556881 8
    endloop
  endfacet
  facet normal 0 0 -1
    outer loop
      vertex 99.25 5.5 8
      vertex 99.33038476109505 9.800000004470348 8
      vertex 99.3739879950881 9.734743140637875 8
    endloop
  endfacet
  facet normal 0 0 -1
    outer loop
      vertex 99.25 5.5 8
      vertex 99.42573593556881 9.67573593556881 8
      vertex 99.48474314063787 9.6239879950881 8
    endloop
  endfacet
  facet normal 0 0 -1
    outer loop
      vertex 99.25 5.5 8
      vertex 99.48474314063787 9.6239879950881 8
      vertex 99.55000000447035 9.580384761095047 8
    endloop
  endfacet
  facet normal 0 0 -1
    outer loop
      vertex 99.25 5.5 8
      vertex 99.55000000447035 9.580384761095047 8
      vertex 99.62038993835449 9.545672282576561 8
    endloop
  endfacet
  facet normal 0 0 -1
    outer loop
      vertex 99.25 5.5 8
      vertex 99.62038993835449 9.545672282576561 8
      vertex 99.69470857083797 9.520444504916668 8
    endloop
  endfacet
  facet normal 0 0 -1
    outer loop
      vertex 99.25 5.5 8
      vertex 99.69470857083797 9.520444504916668 8
      vertex 99.77168428897858 9.505133084952831 8
    endloop
  endfacet
  facet normal 0 0 -1
    outer loop
      vertex 99.25 5.5 8
      vertex 99.77168428897858 9.505133084952831 8
      vertex 99.85000000149012 9.5 8
    endloop
  endfacet
  facet normal 0 0 -1
    outer loop
      vertex 99.25 5.5 8
      vertex 99.25 10.100000001490116 8
      vertex 99.25513308495283 10.021684288978577 8
    endloop
  endfacet
  facet normal 0 0 -1
    outer loop
      vertex 99.99999999552966 9.953589835762978 8
      vertex 100.09759721003027 9.985669054338334 8
      vertex 100.12102826915074 9.955864094321491 8
    endloop
  endfacet
  facet normal 0 0 -1
    outer loop
      vertex 100.0469266280532 9.93044818341732 8
      vertex 100.12102826915074 9.955864094321491 8
      vertex 100.09647237807513 9.913629667460919 8
    endloop
  endfacet
  facet normal 0 0 -1
    outer loop
      vertex 99.83044818341733 10.146926628053189 8
      vertex 100.06294863444965 10.203474224630002 8
      vertex 99.85358983576299 10.099999995529652 8
    endloop
  endfacet
  facet normal 0 0 -1
    outer loop
      vertex 99.88265866339208 10.056495429575444 8
      vertex 100.05787471315274 10.105424999567617 8
      vertex 99.91715728789569 10.01715728789568 8
    endloop
  endfacet
  facet normal 0 0 -1
    outer loop
      vertex 99.95649542957545 9.982658663392067 8
      vertex 99.91715728789569 10.01715728789568 8
      vertex 100.05787471315274 10.105424999567617 8
    endloop
  endfacet
  facet normal 0 0 -1
    outer loop
      vertex 99.85358983576299 10.099999995529652 8
      vertex 100.06294863444965 10.203474224630002 8
      vertex 100.05787471315274 10.105424999567617 8
    endloop
  endfacet
  facet normal -1 0 0
    outer loop
      vertex 99.25 5.5 8
      vertex 99.25 10.100000001490116 9.2
      vertex 99.25 10.100000001490116 8
    endloop
  endfacet
  facet normal 0 0 -1
    outer loop
      vertex 99.25 5.5 8
      vertex 99.85000000149012 9.5 8
      vertex 102.11882130497762 9.012842377115888 8
    endloop
  endfacet
  facet normal 0 0 -1
    outer loop
      vertex 99.80000000000001 10.299999998509884 8
      vertex 99.9 11.9 8
      vertex 101.58151805327898 11.9 8
    endloop
  endfacet
  facet normal 0 0 -1
    outer loop
      vertex 99.80342205166818 10.247789518535138 8
      vertex 99.80000000000001 10.299999998509884 8
      vertex 102.3972195547038 10.790124639942015 8
    endloop
  endfacet
  facet normal 0 0 -1
    outer loop
      vertex 99.80342205166818 10.247789518535138 8
      vertex 102.3972195547038 10.790124639942015 8
      vertex 99.81362966746093 10.196472378075123 8
    endloop
  endfacet
  facet normal 0 0 -1
    outer loop
      vertex 99.95649542957545 9.982658663392067 8
      vertex 102.3972195547038 10.790124639942015 8
      vertex 100.09759721003027 9.985669054338334 8
    endloop
  endfacet
  facet normal 0 0 -1
    outer loop
      vertex 99.95649542957545 9.982658663392067 8
      vertex 100.05787471315274 10.105424999567617 8
      vertex 102.3972195547038 10.790124639942015 8
    endloop
  endfacet
  facet normal 0 0 -1
    outer loop
      vertex 100.05787471315274 10.105424999567617 8
      vertex 100.06294863444965 10.203474224630002 8
      vertex 102.3972195547038 10.790124639942015 8
    endloop
  endfacet
  facet normal 0 0 -1
    outer loop
      vertex 99.81362966746093 10.196472378075123 8
      vertex 102.3972195547038 10.790124639942015 8
      vertex 100.06294863444965 10.203474224630002 8
    endloop
  endfacet
  facet normal 0 0 -1
    outer loop
      vertex 100.09647237807513 9.913629667460919 8
      vertex 100.12102826915074 9.955864094321491 8
      vertex 102.3972195547038 10.790124639942015 8
    endloop
  endfacet
  facet normal 0 0 -1
    outer loop
      vertex 100.09759721003027 9.985669054338334 8
      vertex 102.3972195547038 10.790124639942015 8
      vertex 100.12102826915074 9.955864094321491 8
    endloop
  endfacet
  facet normal 0 0 -1
    outer loop
      vertex 100.09647237807513 9.913629667460919 8
      vertex 102.3972195547038 10.790124639942015 8
      vertex 100.14778951853515 9.903422051668167 8
    endloop
  endfacet
  facet normal 0 0 -1
    outer loop
      vertex 100.14778951853515 9.903422051668167 8
      vertex 102.3972195547038 10.790124639942015 8
      vertex 100.1999999985099 9.9 8
    endloop
  endfacet
  facet normal 0 0 -1
    outer loop
      vertex 100.1999999985099 9.9 8
      vertex 102.3972195547038 10.790124639942015 8
      vertex 100.21056583954729 9.903968411100971 8
    endloop
  endfacet
  facet normal -1 0 0
    outer loop
      vertex 99.25 5.5 8
      vertex 99.25 5.5 9.2
      vertex 99.25 10.100000001490116 9.2
    endloop
  endfacet
  facet normal 0 0 1
    outer loop
      vertex 99.25 5.5 9.2
      vertex 99.27044450491667 9.944708570837975 9.2
      vertex 99.25513308495283 10.021684288978577 9.2
    endloop
  endfacet
  facet normal 0 0 1
    outer loop
      vertex 99.25 5.5 9.2
      vertex 99.29567228257656 9.870389938354492 9.2
      vertex 99.27044450491667 9.944708570837975 9.2
    endloop
  endfacet
  facet normal 0 0 1
    outer loop
      vertex 99.25 5.5 9.2
      vertex 99.33038476109505 9.800000004470348 9.2
      vertex 99.29567228257656 9.870389938354492 9.2
    endloop
  endfacet
  facet normal 0 0 1
    outer loop
      vertex 99.25 5.5 9.2
      vertex 99.42573593556881 9.67573593556881 9.2
      vertex 99.3739879950881 9.734743140637875 9.2
    endloop
  endfacet
  facet normal 0 0 1
    outer loop
      vertex 99.25 5.5 9.2
      vertex 99.3739879950881 9.734743140637875 9.2
      vertex 99.33038476109505 9.800000004470348 9.2
    endloop
  endfacet
  facet normal 0 0 1
    outer loop
      vertex 99.25 5.5 9.2
      vertex 99.48474314063787 9.6239879950881 9.2
      vertex 99.42573593556881 9.67573593556881 9.2
    endloop
  endfacet
  facet normal 0 0 1
    outer loop
      vertex 99.25 5.5 9.2
      vertex 99.55000000447035 9.580384761095047 9.2
      vertex 99.48474314063787 9.6239879950881 9.2
    endloop
  endfacet
  facet normal 0 0 1
    outer loop
      vertex 99.25 5.5 9.2
      vertex 99.62038993835449 9.545672282576561 9.2
      vertex 99.55000000447035 9.580384761095047 9.2
    endloop
  endfacet
  facet normal 0 0 1
    outer loop
      vertex 99.25 5.5 9.2
      vertex 99.69470857083797 9.520444504916668 9.2
      vertex 99.62038993835449 9.545672282576561 9.2
    endloop
  endfacet
  facet normal 0 0 1
    outer loop
      vertex 99.25 5.5 9.2
      vertex 99.77168428897858 9.505133084952831 9.2
      vertex 99.69470857083797 9.520444504916668 9.2
    endloop
  endfacet
  facet normal 0 0 1
    outer loop
      vertex 99.25 5.5 9.2
      vertex 99.85000000149012 9.5 9.2
      vertex 99.77168428897858 9.505133084952831 9.2
    endloop
  endfacet
  facet normal 0 0 1
    outer loop
      vertex 99.25 5.5 9.2
      vertex 99.25513308495283 10.021684288978577 9.2
      vertex 99.25 10.100000001490116 9.2
    endloop
  endfacet
  facet normal 0 -1 0
    outer loop
      vertex 99.25 5.5 8
      vertex 103.03205080736369 5.5 9.2
      vertex 99.25 5.5 9.2
    endloop
  endfacet
  facet normal 0 0 1
    outer loop
      vertex 99.25 5.5 9.2
      vertex 102.11882130497762 9.012842377115888 9.2
      vertex 99.85000000149012 9.5 9.2
    endloop
  endfacet
  facet normal 0 0 -1
    outer loop
      vertex 99.80000000000001 10.299999998509884 8
      vertex 99.80000000000001 13.500000001490116 8
      vertex 99.9 11.9 8
    endloop
  endfacet
  facet normal 0 0 -1
    outer loop
      vertex 99.9 11.9 8
      vertex 99.80000000000001 13.500000001490116 8
      vertex 99.81744950731178 13.545940815413012 8
    endloop
  endfacet
  facet normal 0 0 -1
    outer loop
      vertex 99.80342205166818 13.552210481464863 8
      vertex 99.8245863415085 13.598464376720683 8
      vertex 99.81744950731178 13.545940815413012 8
    endloop
  endfacet
  facet normal 0 0 -1
    outer loop
      vertex 99.9 11.9 8
      vertex 99.81744950731178 13.545940815413012 8
      vertex 99.8245863415085 13.598464376720683 8
    endloop
  endfacet
  facet normal 0 0 -1
    outer loop
      vertex 99.9 11.9 8
      vertex 99.8245863415085 13.598464376720683 8
      vertex 99.8383705977992 13.649288557232236 8
    endloop
  endfacet
  facet normal 0 0 -1
    outer loop
      vertex 99.9 11.9 8
      vertex 99.8383705977992 13.649288557232236 8
      vertex 99.85852625105329 13.697563211253103 8
    endloop
  endfacet
  facet normal 0 0 -1
    outer loop
      vertex 99.9 11.9 8
      vertex 99.85852625105329 13.697563211253103 8
      vertex 99.88472491231786 13.742451548608654 8
    endloop
  endfacet
  facet normal 0 0 -1
    outer loop
      vertex 99.9 11.9 8
      vertex 99.88472491231786 13.742451548608654 8
      vertex 99.9 13.76327857493096 8
    endloop
  endfacet
  facet normal 0 0 -1
    outer loop
      vertex 99.81362966746093 13.603527621924878 8
      vertex 99.8383705977992 13.649288557232236 8
      vertex 99.8245863415085 13.598464376720683 8
    endloop
  endfacet
  facet normal 0 0 -1
    outer loop
      vertex 99.83044818341733 13.653073371946812 8
      vertex 99.85852625105329 13.697563211253103 8
      vertex 99.8383705977992 13.649288557232236 8
    endloop
  endfacet
  facet normal 0 0 -1
    outer loop
      vertex 99.85852625105329 13.697563211253103 8
      vertex 99.85358983576299 13.700000004470349 8
      vertex 99.88472491231786 13.742451548608654 8
    endloop
  endfacet
  facet normal 0 0 -1
    outer loop
      vertex 99.88472491231786 13.742451548608654 8
      vertex 99.88265866339208 13.743504570424557 8
      vertex 99.9 13.76327857493096 8
    endloop
  endfacet
  facet normal 0 0 -1
    outer loop
      vertex 99.25 5.5 8
      vertex 102.11882130497762 9.012842377115888 8
      vertex 102.17496318216405 8.730598100774454 8
    endloop
  endfacet
  facet normal 0 0 -1
    outer loop
      vertex 99.25 5.5 8
      vertex 102.17496318216405 8.730598100774454 8
      vertex 102.26746502847517 8.458096448796804 8
    endloop
  endfacet
  facet normal 0 0 -1
    outer loop
      vertex 99.25 5.5 8
      vertex 102.26746502847517 8.458096448796804 8
      vertex 102.39474411167423 8.200000000000001 8
    endloop
  endfacet
  facet normal 0 0 -1
    outer loop
      vertex 99.25 5.5 8
      vertex 102.39474411167423 8.200000000000001 8
      vertex 102.55462265135928 7.960724856180815 8
    endloop
  endfacet
  facet normal 0 0 -1
    outer loop
      vertex 99.25 5.5 8
      vertex 102.55462265135928 7.960724856180815 8
      vertex 102.74436508138959 7.744365081389596 8
    endloop
  endfacet
  facet normal 0 0 -1
    outer loop
      vertex 99.25 5.5 8
      vertex 102.74436508138959 7.744365081389596 8
      vertex 102.96072485618082 7.554622651359283 8
    endloop
  endfacet
  facet normal 0 0 -1
    outer loop
      vertex 99.25 5.5 8
      vertex 102.96072485618082 7.554622651359283 8
      vertex 103.2 7.394744111674235 8
    endloop
  endfacet
  facet normal 0 0 -1
    outer loop
      vertex 99.25 5.5 8
      vertex 103.2 7.394744111674235 8
      vertex 103.4580964487968 7.26746502847517 8
    endloop
  endfacet
  facet normal 0 0 -1
    outer loop
      vertex 99.85000000149012 9.5 8
      vertex 102.1 9.3 8
      vertex 102.11882130497762 9.012842377115888 8
    endloop
  endfacet
  facet normal 0 0 -1
    outer loop
      vertex 99.85000000149012 9.5 8
      vertex 102.11310869256305 9.5 8
      vertex 102.1 9.3 8
    endloop
  endfacet
  facet normal 0 0 -1
    outer loop
      vertex 100.21056583954729 9.903968411100971 8
      vertex 101.99202657529153 10.109675900917786 8
      vertex 102.19255243959384 9.921218180714199 8
    endloop
  endfacet
  facet normal 0 0 -1
    outer loop
      vertex 100.21056583954729 9.903968411100971 8
      vertex 101.27499373233606 10.237513166373962 8
      vertex 102.32921484719135 10.267119796668815 8
    endloop
  endfacet
  facet normal 0 0 -1
    outer loop
      vertex 100.21056583954729 9.903968411100971 8
      vertex 102.3972195547038 10.790124639942015 8
      vertex 101.27499373233606 10.237513166373962 8
    endloop
  endfacet
  facet normal 0 0 -1
    outer loop
      vertex 99.80000000000001 10.299999998509884 8
      vertex 101.58151805327898 11.9 8
      vertex 102.3972195547038 10.790124639942015 8
    endloop
  endfacet
  facet normal 0 0 -1
    outer loop
      vertex 100.21056583954729 9.903968411100971 8
      vertex 102.32921484719135 10.267119796668815 8
      vertex 101.99202657529153 10.109675900917786 8
    endloop
  endfacet
  facet normal 0 0 -1
    outer loop
      vertex 99.25 5.5 8
      vertex 103.4580964487968 7.26746502847517 8
      vertex 103.73059810077446 7.17496318216405 8
    endloop
  endfacet
  facet normal 0 0 -1
    outer loop
      vertex 99.25 5.5 8
      vertex 103.73059810077446 7.17496318216405 8
      vertex 104.01284237711589 7.118821304977618 8
    endloop
  endfacet
  facet normal 0 0 -1
    outer loop
      vertex 99.25 5.5 8
      vertex 104.01284237711589 7.118821304977618 8
      vertex 104.3 7.1000000000000005 8
    endloop
  endfacet
  facet normal 0 0 -1
    outer loop
      vertex 99.25 5.5 8
      vertex 104.3 7.1000000000000005 8
      vertex 105.11051177620011 5.5 8
    endloop
  endfacet
  facet normal 0 -1 0
    outer loop
      vertex 99.25 5.5 8
      vertex 105.11051177620011 5.5 8
      vertex 103.03205080736369 5.5 9.2
    endloop
  endfacet
  facet normal 0 0 -1
    outer loop
      vertex 101.27499373233606 10.237513166373962 8
      vertex 102.3972195547038 10.790124639942015 8
      vertex 102.60566779673192 10.697480976617083 8
    endloop
  endfacet
  facet normal 0 0 -1
    outer loop
      vertex 101.99202657529153 10.109675900917786 8
      vertex 102.25880838042397 10.116401888386577 8
      vertex 102.19255243959384 9.921218180714199 8
    endloop
  endfacet
  facet normal 0 0 -1
    outer loop
      vertex 101.99202657529153 10.109675900917786 8
      vertex 102.32921484719135 10.267119796668815 8
      vertex 102.27109686814673 10.149268193517313 8
    endloop
  endfacet
  facet normal 0 0 1
    outer loop
      vertex 99.25 5.5 9.2
      vertex 102.17496318216405 8.730598100774454 9.2
      vertex 102.11882130497762 9.012842377115888 9.2
    endloop
  endfacet
  facet normal 0 0 1
    outer loop
      vertex 99.25 5.5 9.2
      vertex 102.26746502847517 8.458096448796804 9.2
      vertex 102.17496318216405 8.730598100774454 9.2
    endloop
  endfacet
  facet normal 0 0 1
    outer loop
      vertex 99.25 5.5 9.2
      vertex 102.39474411167423 8.200000000000001 9.2
      vertex 102.26746502847517 8.458096448796804 9.2
    endloop
  endfacet
  facet normal 0 0 1
    outer loop
      vertex 99.25 5.5 9.2
      vertex 102.55462265135928 7.960724856180815 9.2
      vertex 102.39474411167423 8.200000000000001 9.2
    endloop
  endfacet
  facet normal 0 0 1
    outer loop
      vertex 99.25 5.5 9.2
      vertex 102.74436508138959 7.744365081389596 9.2
      vertex 102.55462265135928 7.960724856180815 9.2
    endloop
  endfacet
  facet normal 0 0 1
    outer loop
      vertex 99.25 5.5 9.2
      vertex 103.03205080736369 5.5 9.2
      vertex 103.03205080736369 7.506964174449616 9.2
    endloop
  endfacet
  facet normal 0 0 1
    outer loop
      vertex 99.25 5.5 9.2
      vertex 102.96072485618082 7.554622651359283 9.2
      vertex 102.74436508138959 7.744365081389596 9.2
    endloop
  endfacet
  facet normal 0 0 1
    outer loop
      vertex 99.25 5.5 9.2
      vertex 103.03205080736369 7.506964174449616 9.2
      vertex 102.96072485618082 7.554622651359283 9.2
    endloop
  endfacet
  facet normal 0 0 1
    outer loop
      vertex 99.85000000149012 9.5 9.2
      vertex 102.11882130497762 9.012842377115888 9.2
      vertex 102.1 9.3 9.2
    endloop
  endfacet
  facet normal 0 0 1
    outer loop
      vertex 99.85000000149012 9.5 9.2
      vertex 102.1 9.3 9.2
      vertex 102.11310869256305 9.5 9.2
    endloop
  endfacet
  facet normal 0 0 -1
    outer loop
      vertex 99.83044818341733 21.346926628053186 8
      vertex 99.85396818105309 21.314673969109784 8
      vertex 99.85358983576299 21.29999999552965 8
    endloop
  endfacet
  facet normal 0 0 -1
    outer loop
      vertex 99.81362966746093 21.39647237807512 8
      vertex 99.882825725259 21.274255266788195 8
      vertex 99.85396818105309 21.314673969109784 8
    endloop
  endfacet
  facet normal 0 0 -1
    outer loop
      vertex 99.81362966746093 21.39647237807512 8
      vertex 99.85396818105309 21.314673969109784 8
      vertex 99.83044818341733 21.346926628053186 8
    endloop
  endfacet
  facet normal 0 0 -1
    outer loop
      vertex 99.81362966746093 21.39647237807512 8
      vertex 99.80342205166818 21.447789518535135 8
      vertex 99.882825725259 21.274255266788195 8
    endloop
  endfacet
  facet normal 0 0 -1
    outer loop
      vertex 99.80342205166818 21.447789518535135 8
      vertex 99.80000000000001 21.49999999850988 8
      vertex 99.882825725259 21.274255266788195 8
    endloop
  endfacet
  facet normal 0 0 -1
    outer loop
      vertex 99.9 21.23672142506904 8
      vertex 99.882825725259 21.274255266788195 8
      vertex 99.80000000000001 21.49999999850988 8
    endloop
  endfacet
  facet normal 0 0 -1
    outer loop
      vertex 99.85396818105309 21.314673969109784 8
      vertex 99.882825725259 21.274255266788195 8
      vertex 99.88265866339208 21.25649542957544 8
    endloop
  endfacet
  facet normal 0 0 -1
    outer loop
      vertex 99.9 21.23672142506904 8
      vertex 99.80000000000001 21.49999999850988 8
      vertex 99.9 23.1 8
    endloop
  endfacet
  facet normal 0 0 -1
    outer loop
      vertex 99.80000000000001 21.49999999850988 8
      vertex 99.80000000000001 24.700000001490114 8
      vertex 99.9 23.1 8
    endloop
  endfacet
  facet normal 0 0 -1
    outer loop
      vertex 99.25 24.899999998509884 8
      vertex 99.25 29.5 8
      vertex 99.25513308495283 24.978315711021423 8
    endloop
  endfacet
  facet normal 0 0 -1
    outer loop
      vertex 99.9 23.1 8
      vertex 99.80000000000001 24.700000001490114 8
      vertex 99.82529984868313 24.70105537100341 8
    endloop
  endfacet
  facet normal 0 0 -1
    outer loop
      vertex 99.9 23.1 8
      vertex 99.82529984868313 24.70105537100341 8
      vertex 99.83490582014365 24.753487721737773 8
    endloop
  endfacet
  facet normal 0 0 -1
    outer loop
      vertex 99.9 23.1 8
      vertex 99.83490582014365 24.753487721737773 8
      vertex 99.85076032131498 24.80496986706153 8
    endloop
  endfacet
  facet normal 0 0 -1
    outer loop
      vertex 99.80342205166818 24.75221048146486 8
      vertex 99.83490582014365 24.753487721737773 8
      vertex 99.82529984868313 24.70105537100341 8
    endloop
  endfacet
  facet normal 0 0 -1
    outer loop
      vertex 99.9 23.1 8
      vertex 99.85076032131498 24.80496986706153 8
      vertex 99.87260478182473 24.854613356855953 8
    endloop
  endfacet
  facet normal 0 0 -1
    outer loop
      vertex 99.9 23.1 8
      vertex 99.87260478182473 24.854613356855953 8
      vertex 99.90007816633045 24.90156308066543 8
    endloop
  endfacet
  facet normal 0 0 -1
    outer loop
      vertex 99.9 23.1 8
      vertex 99.90007816633045 24.90156308066543 8
      vertex 99.93272241290441 24.945012128307887 8
    endloop
  endfacet
  facet normal 0 0 -1
    outer loop
      vertex 99.81362966746093 24.803527621924875 8
      vertex 99.85076032131498 24.80496986706153 8
      vertex 99.83490582014365 24.753487721737773 8
    endloop
  endfacet
  facet normal 0 0 -1
    outer loop
      vertex 99.85076032131498 24.80496986706153 8
      vertex 99.83044818341733 24.85307337194681 8
      vertex 99.87260478182473 24.854613356855953 8
    endloop
  endfacet
  facet normal 0 0 -1
    outer loop
      vertex 99.85358983576299 24.900000004470346 8
      vertex 99.90007816633045 24.90156308066543 8
      vertex 99.87260478182473 24.854613356855953 8
    endloop
  endfacet
  facet normal 0 0 -1
    outer loop
      vertex 99.90007816633045 24.90156308066543 8
      vertex 99.88265866339208 24.943504570424555 8
      vertex 99.93272241290441 24.945012128307887 8
    endloop
  endfacet
  facet normal 0 0 -1
    outer loop
      vertex 99.99999999552966 25.04641016423702 8
      vertex 100.05580312409994 25.047298277300023 8
      vertex 100.0112498671016 25.01850536690591 8
    endloop
  endfacet
  facet normal 0 0 -1
    outer loop
      vertex 100.0469266280532 25.069551816582678 8
      vertex 100.10288896340201 25.07010992680318 8
      vertex 100.05580312409994 25.047298277300023 8
    endloop
  endfacet
  facet normal 0 0 -1
    outer loop
      vertex 100.09647237807513 25.08637033253908 8
      vertex 100.1999999985099 25.099999999999998 8
      vertex 100.10288896340201 25.07010992680318 8
    endloop
  endfacet
  facet normal 0 0 -1
    outer loop
      vertex 99.25513308495283 24.978315711021423 8
      vertex 99.25 29.5 8
      vertex 99.27044450491667 25.055291429162025 8
    endloop
  endfacet
  facet normal 0 0 -1
    outer loop
      vertex 99.27044450491667 25.055291429162025 8
      vertex 99.25 29.5 8
      vertex 99.29567228257656 25.129610061645508 8
    endloop
  endfacet
  facet normal 0 0 -1
    outer loop
      vertex 99.29567228257656 25.129610061645508 8
      vertex 99.25 29.5 8
      vertex 99.33038476109505 25.19999999552965 8
    endloop
  endfacet
  facet normal 0 0 -1
    outer loop
      vertex 99.33038476109505 25.19999999552965 8
      vertex 99.25 29.5 8
      vertex 99.3739879950881 25.265256859362125 8
    endloop
  endfacet
  facet normal 0 0 -1
    outer loop
      vertex 99.3739879950881 25.265256859362125 8
      vertex 99.25 29.5 8
      vertex 99.42573593556881 25.32426406443119 8
    endloop
  endfacet
  facet normal 0 0 -1
    outer loop
      vertex 99.42573593556881 25.32426406443119 8
      vertex 99.25 29.5 8
      vertex 99.48474314063787 25.3760120049119 8
    endloop
  endfacet
  facet normal 0 0 -1
    outer loop
      vertex 99.48474314063787 25.3760120049119 8
      vertex 99.25 29.5 8
      vertex 99.55000000447035 25.419615238904953 8
    endloop
  endfacet
  facet normal 0 0 -1
    outer loop
      vertex 99.55000000447035 25.419615238904953 8
      vertex 99.25 29.5 8
      vertex 99.62038993835449 25.45432771742344 8
    endloop
  endfacet
  facet normal 0 0 -1
    outer loop
      vertex 99.62038993835449 25.45432771742344 8
      vertex 99.25 29.5 8
      vertex 99.69470857083797 25.479555495083332 8
    endloop
  endfacet
  facet normal 0 0 -1
    outer loop
      vertex 99.69470857083797 25.479555495083332 8
      vertex 99.25 29.5 8
      vertex 99.77168428897858 25.49486691504717 8
    endloop
  endfacet
  facet normal 0 0 -1
    outer loop
      vertex 99.77168428897858 25.49486691504717 8
      vertex 99.25 29.5 8
      vertex 99.85000000149012 25.5 8
    endloop
  endfacet
  facet normal -1 0 0
    outer loop
      vertex 99.25 24.899999998509884 8
      vertex 99.25 29.5 9.2
      vertex 99.25 29.5 8
    endloop
  endfacet
  facet normal 0 0 -1
    outer loop
      vertex 99.9 23.1 8
      vertex 99.93272241290441 24.945012128307887 8
      vertex 100.73754716348404 23.1 8
    endloop
  endfacet
  facet normal 0 0 -1
    outer loop
      vertex 100.73754716348404 23.1 8
      vertex 99.93272241290441 24.945012128307887 8
      vertex 99.91715728789569 24.98284271210432 8
    endloop
  endfacet
  facet normal 0 0 -1
    outer loop
      vertex 100.73754716348404 23.1 8
      vertex 99.91715728789569 24.98284271210432 8
      vertex 99.95649542957545 25.01734133660793 8
    endloop
  endfacet
  facet normal 0 0 -1
    outer loop
      vertex 100.73754716348404 23.1 8
      vertex 99.95649542957545 25.01734133660793 8
      vertex 100.0112498671016 25.01850536690591 8
    endloop
  endfacet
  facet normal 0 0 -1
    outer loop
      vertex 100.73754716348404 23.1 8
      vertex 100.0112498671016 25.01850536690591 8
      vertex 100.05580312409994 25.047298277300023 8
    endloop
  endfacet
  facet normal 0 0 -1
    outer loop
      vertex 100.73754716348404 23.1 8
      vertex 100.05580312409994 25.047298277300023 8
      vertex 100.10288896340201 25.07010992680318 8
    endloop
  endfacet
  facet normal 0 0 -1
    outer loop
      vertex 100.73754716348404 23.1 8
      vertex 100.10288896340201 25.07010992680318 8
      vertex 100.1999999985099 25.099999999999998 8
    endloop
  endfacet
  facet normal 0 0 -1
    outer loop
      vertex 100.73754716348404 23.1 8
      vertex 100.1999999985099 25.099999999999998 8
      vertex 101.33657297526939 24.743152948588985 8
    endloop
  endfacet
  facet normal 0 0 -1
    outer loop
      vertex 100.1999999985099 25.099999999999998 8
      vertex 101.43591409678194 24.81843776892739 8
      vertex 101.33657297526939 24.743152948588985 8
    endloop
  endfacet
  facet normal 0 0 -1
    outer loop
      vertex 99.85000000149012 25.5 8
      vertex 99.25 29.5 8
      vertex 102.11882130497762 25.987157622884112 8
    endloop
  endfacet
  facet normal -1 0 0
    outer loop
      vertex 99.25 24.899999998509884 8
      vertex 99.25 24.899999998509884 9.2
      vertex 99.25 29.5 9.2
    endloop
  endfacet
  facet normal 0 0 1
    outer loop
      vertex 99.25 24.899999998509884 9.2
      vertex 99.25513308495283 24.978315711021423 9.2
      vertex 99.25 29.5 9.2
    endloop
  endfacet
  facet normal 0 0 1
    outer loop
      vertex 99.25513308495283 24.978315711021423 9.2
      vertex 99.27044450491667 25.055291429162025 9.2
      vertex 99.25 29.5 9.2
    endloop
  endfacet
  facet normal 0 0 1
    outer loop
      vertex 99.27044450491667 25.055291429162025 9.2
      vertex 99.29567228257656 25.129610061645508 9.2
      vertex 99.25 29.5 9.2
    endloop
  endfacet
  facet normal 0 0 1
    outer loop
      vertex 99.29567228257656 25.129610061645508 9.2
      vertex 99.33038476109505 25.19999999552965 9.2
      vertex 99.25 29.5 9.2
    endloop
  endfacet
  facet normal 0 0 1
    outer loop
      vertex 99.33038476109505 25.19999999552965 9.2
      vertex 99.3739879950881 25.265256859362125 9.2
      vertex 99.25 29.5 9.2
    endloop
  endfacet
  facet normal 0 0 1
    outer loop
      vertex 99.3739879950881 25.265256859362125 9.2
      vertex 99.42573593556881 25.32426406443119 9.2
      vertex 99.25 29.5 9.2
    endloop
  endfacet
  facet normal 0 0 1
    outer loop
      vertex 99.42573593556881 25.32426406443119 9.2
      vertex 99.48474314063787 25.3760120049119 9.2
      vertex 99.25 29.5 9.2
    endloop
  endfacet
  facet normal 0 0 1
    outer loop
      vertex 99.48474314063787 25.3760120049119 9.2
      vertex 99.55000000447035 25.419615238904953 9.2
      vertex 99.25 29.5 9.2
    endloop
  endfacet
  facet normal 0 0 1
    outer loop
      vertex 99.55000000447035 25.419615238904953 9.2
      vertex 99.62038993835449 25.45432771742344 9.2
      vertex 99.25 29.5 9.2
    endloop
  endfacet
  facet normal 0 0 1
    outer loop
      vertex 99.62038993835449 25.45432771742344 9.2
      vertex 99.69470857083797 25.479555495083332 9.2
      vertex 99.25 29.5 9.2
    endloop
  endfacet
  facet normal 0 0 1
    outer loop
      vertex 99.69470857083797 25.479555495083332 9.2
      vertex 99.77168428897858 25.49486691504717 9.2
      vertex 99.25 29.5 9.2
    endloop
  endfacet
  facet normal 0 0 1
    outer loop
      vertex 99.77168428897858 25.49486691504717 9.2
      vertex 99.85000000149012 25.5 9.2
      vertex 99.25 29.5 9.2
    endloop
  endfacet
  facet normal 0 0 1
    outer loop
      vertex 99.85000000149012 25.5 9.2
      vertex 102.11310869256305 25.5 9.2
      vertex 99.25 29.5 9.2
    endloop
  endfacet
  facet normal 0 0 -1
    outer loop
      vertex 100.73754716348404 23.1 8
      vertex 102.76208400315585 23.41909880819572 8
      vertex 103.49999999552966 23.1 8
    endloop
  endfacet
  facet normal 0 0 -1
    outer loop
      vertex 100.1999999985099 25.099999999999998 8
      vertex 102.1936608285374 24.86673190226271 8
      vertex 101.43591409678194 24.81843776892739 8
    endloop
  endfacet
  facet normal 0 0 -1
    outer loop
      vertex 101.33657297526939 24.743152948588985 8
      vertex 101.43591409678194 24.81843776892739 8
      vertex 101.7192071231273 24.753898804078105 8
    endloop
  endfacet
  facet normal 0 0 -1
    outer loop
      vertex 99.85000000149012 25.5 8
      vertex 102.1 25.7 8
      vertex 102.11310869256305 25.5 8
    endloop
  endfacet
  facet normal 0 0 -1
    outer loop
      vertex 99.85000000149012 25.5 8
      vertex 102.11882130497762 25.987157622884112 8
      vertex 102.1 25.7 8
    endloop
  endfacet
  facet normal 0 0 -1
    outer loop
      vertex 100.73754716348404 23.1 8
      vertex 101.33657297526939 24.743152948588985 8
      vertex 102.76208400315585 23.41909880819572 8
    endloop
  endfacet
  facet normal 0 0 -1
    outer loop
      vertex 100.1999999985099 25.099999999999998 8
      vertex 102.26390050638938 24.86859719224815 8
      vertex 102.1936608285374 24.86673190226271 8
    endloop
  endfacet
  facet normal 0 0 -1
    outer loop
      vertex 100.1999999985099 25.099999999999998 8
      vertex 102.18675660238657 25.095855805120213 8
      vertex 102.26390050638938 24.86859719224815 8
    endloop
  endfacet
  facet normal 0 0 -1
    outer loop
      vertex 99.25 29.5 8
      vertex 102.17496318216405 26.269401899225546 8
      vertex 102.11882130497762 25.987157622884112 8
    endloop
  endfacet
  facet normal 0 0 -1
    outer loop
      vertex 99.25 29.5 8
      vertex 102.26746502847517 26.541903551203198 8
      vertex 102.17496318216405 26.269401899225546 8
    endloop
  endfacet
  facet normal 0 0 -1
    outer loop
      vertex 99.25 29.5 8
      vertex 102.39474411167423 26.8 8
      vertex 102.26746502847517 26.541903551203198 8
    endloop
  endfacet
  facet normal 0 0 -1
    outer loop
      vertex 99.25 29.5 8
      vertex 102.55462265135928 27.039275143819186 8
      vertex 102.39474411167423 26.8 8
    endloop
  endfacet
  facet normal 0 0 -1
    outer loop
      vertex 99.25 29.5 8
      vertex 102.74436508138959 27.255634918610404 8
      vertex 102.55462265135928 27.039275143819186 8
    endloop
  endfacet
  facet normal 0 0 -1
    outer loop
      vertex 99.25 29.5 8
      vertex 102.96072485618082 27.44537734864072 8
      vertex 102.74436508138959 27.255634918610404 8
    endloop
  endfacet
  facet normal 0 0 -1
    outer loop
      vertex 99.25 29.5 8
      vertex 103.2 27.605255888325765 8
      vertex 102.96072485618082 27.44537734864072 8
    endloop
  endfacet
  facet normal 0 0 -1
    outer loop
      vertex 99.25 29.5 8
      vertex 103.4580964487968 27.73253497152483 8
      vertex 103.2 27.605255888325765 8
    endloop
  endfacet
  facet normal 0 1 0
    outer loop
      vertex 99.25 29.5 8
      vertex 99.25 29.5 9.2
      vertex 105.11051177620011 29.5 8
    endloop
  endfacet
  facet normal 0 0 -1
    outer loop
      vertex 99.25 29.5 8
      vertex 103.73059810077446 27.82503681783595 8
      vertex 103.4580964487968 27.73253497152483 8
    endloop
  endfacet
  facet normal 0 0 -1
    outer loop
      vertex 99.25 29.5 8
      vertex 104.01284237711589 27.88117869502238 8
      vertex 103.73059810077446 27.82503681783595 8
    endloop
  endfacet
  facet normal 0 0 -1
    outer loop
      vertex 99.25 29.5 8
      vertex 104.3 27.9 8
      vertex 104.01284237711589 27.88117869502238 8
    endloop
  endfacet
  facet normal 0 0 -1
    outer loop
      vertex 99.25 29.5 8
      vertex 104.5871576228841 27.88117869502238 8
      vertex 104.3 27.9 8
    endloop
  endfacet
  facet normal 0 0 1
    outer loop
      vertex 99.25 29.5 9.2
      vertex 102.11310869256305 25.5 9.2
      vertex 102.1 25.7 9.2
    endloop
  endfacet
  facet normal 0 0 1
    outer loop
      vertex 99.25 29.5 9.2
      vertex 102.1 25.7 9.2
      vertex 102.11882130497762 25.987157622884112 9.2
    endloop
  endfacet
  facet normal 0 0 1
    outer loop
      vertex 99.25 29.5 9.2
      vertex 102.11882130497762 25.987157622884112 9.2
      vertex 102.17496318216405 26.269401899225546 9.2
    endloop
  endfacet
  facet normal 0 0 1
    outer loop
      vertex 99.25 29.5 9.2
      vertex 102.17496318216405 26.269401899225546 9.2
      vertex 102.26746502847517 26.541903551203198 9.2
    endloop
  endfacet
  facet normal 0 0 1
    outer loop
      vertex 99.25 29.5 9.2
      vertex 102.26746502847517 26.541903551203198 9.2
      vertex 102.39474411167423 26.8 9.2
    endloop
  endfacet
  facet normal 0 0 1
    outer loop
      vertex 99.25 29.5 9.2
      vertex 102.39474411167423 26.8 9.2
      vertex 102.55462265135928 27.039275143819186 9.2
    endloop
  endfacet
  facet normal 0 0 1
    outer loop
      vertex 99.25 29.5 9.2
      vertex 102.55462265135928 27.039275143819186 9.2
      vertex 102.74436508138959 27.255634918610404 9.2
    endloop
  endfacet
  facet normal 0 0 1
    outer loop
      vertex 99.25 29.5 9.2
      vertex 102.74436508138959 27.255634918610404 9.2
      vertex 102.96072485618082 27.44537734864072 9.2
    endloop
  endfacet
  facet normal 0 0 1
    outer loop
      vertex 99.25 29.5 9.2
      vertex 102.96072485618082 27.44537734864072 9.2
      vertex 103.03205080736369 29.5 9.2
    endloop
  endfacet
  facet normal 0 1 0
    outer loop
      vertex 99.25 29.5 9.2
      vertex 103.03205080736369 29.5 9.2
      vertex 105.11051177620011 29.5 8
    endloop
  endfacet
  facet normal 0 0 -1
    outer loop
      vertex 104.3 7.1000000000000005 8
      vertex 104.5871576228841 7.118821304977618 8
      vertex 105.11051177620011 5.5 8
    endloop
  endfacet
  facet normal 0 0 -1
    outer loop
      vertex 104.5871576228841 7.118821304977618 8
      vertex 104.86940189922554 7.17496318216405 8
      vertex 105.11051177620011 5.5 8
    endloop
  endfacet
  facet normal 0 0 -1
    outer loop
      vertex 104.86940189922554 7.17496318216405 8
      vertex 105.11051177620011 7.256808956757091 8
      vertex 105.11051177620011 5.5 8
    endloop
  endfacet
  facet normal 0 0 -1
    outer loop
      vertex 103.49999999552966 23.1 8
      vertex 103.49556154575308 23.65474734175463 8
      vertex 103.49885331944668 23.65362993515512 8
    endloop
  endfacet
  facet normal 0 0 -1
    outer loop
      vertex 99.25 29.5 8
      vertex 105.11051177620011 29.5 8
      vertex 104.5871576228841 27.88117869502238 8
    endloop
  endfacet
  facet normal 0 0 1
    outer loop
      vertex 102.96072485618082 27.44537734864072 9.2
      vertex 103.03205080736369 27.493035825550386 9.2
      vertex 103.03205080736369 29.5 9.2
    endloop
  endfacet
  facet normal 0 0 -1
    outer loop
      vertex 104.5871576228841 27.88117869502238 8
      vertex 105.11051177620011 29.5 8
      vertex 104.86940189922554 27.82503681783595 8
    endloop
  endfacet
  facet normal 0 0 -1
    outer loop
      vertex 104.86940189922554 27.82503681783595 8
      vertex 105.11051177620011 29.5 8
      vertex 105.11051177620011 27.74319104324291 8
    endloop
  endfacet
  facet normal 0 0 -1
    outer loop
      vertex 106 5.5 5.9
      vertex 106 7.908981906905004 5.9
      vertex 106.04537734864071 7.960724856180815 5.9
    endloop
  endfacet
  facet normal 0 0 -1
    outer loop
      vertex 106 5.5 5.9
      vertex 106.04537734864071 7.960724856180815 5.9
      vertex 106.6 5.5 5.9
    endloop
  endfacet
  facet normal 0 -1 0
    outer loop
      vertex 106 5.5 5.9
      vertex 106.6 5.5 5.9
      vertex 106.6 5.5 7.140043572932483
    endloop
  endfacet
  facet normal 0 0 -1
    outer loop
      vertex 106.04537734864071 7.960724856180815 5.9
      vertex 106.20525588832577 8.200000000000001 5.9
      vertex 106.6 5.5 5.9
    endloop
  endfacet
  facet normal 0 0 -1
    outer loop
      vertex 106.6 5.5 5.9
      vertex 106.20525588832577 8.200000000000001 5.9
      vertex 106.33253497152482 8.458096448796804 5.9
    endloop
  endfacet
  facet normal 0 0 -1
    outer loop
      vertex 106.6 5.5 5.9
      vertex 106.33253497152482 8.458096448796804 5.9
      vertex 106.42503681783595 8.730598100774454 5.9
    endloop
  endfacet
  facet normal 0 0 -1
    outer loop
      vertex 106.6 5.5 5.9
      vertex 106.42503681783595 8.730598100774454 5.9
      vertex 106.48117869502238 9.012842377115888 5.9
    endloop
  endfacet
  facet normal 0 0 -1
    outer loop
      vertex 106.6 5.5 5.9
      vertex 106.48117869502238 9.012842377115888 5.9
      vertex 106.5 9.3 5.9
    endloop
  endfacet
  facet normal -1 0 0
    outer loop
      vertex 106 5.5 5.9
      vertex 106 7.908981906905004 7.486453734487293
      vertex 106 7.908981906905004 5.9
    endloop
  endfacet
  facet normal 0 -1 0
    outer loop
      vertex 106 5.5 5.9
      vertex 106.6 5.5 7.140043572932483
      vertex 106 5.5 7.486453734487293
    endloop
  endfacet
  facet normal -1 0 0
    outer loop
      vertex 106 5.5 5.9
      vertex 106 5.5 7.486453734487293
      vertex 106 7.908981906905004 7.486453734487293
    endloop
  endfacet
  facet normal 1 0 0
    outer loop
      vertex 106.6 5.5 5.9
      vertex 106.6 29.5 5.9
      vertex 106.6 5.5 7.140043572932483
    endloop
  endfacet
  facet normal 0 0 -1
    outer loop
      vertex 106 10.691018093094996 5.9
      vertex 106.04537734864071 24.360724856180813 5.9
      vertex 106.04537734864071 10.639275143819185 5.9
    endloop
  endfacet
  facet normal -5.555332325712757e-15 0 -1
    outer loop
      vertex 106.04537734864071 10.639275143819185 5.9
      vertex 106.04537734864071 24.360724856180813 5.9
      vertex 106.20525588832577 10.4 5.8999999999999995
    endloop
  endfacet
  facet normal -1 0 0
    outer loop
      vertex 106 10.691018093094996 5.9
      vertex 106 10.691018093094996 6.35
      vertex 106 24.308981906905004 6.35
    endloop
  endfacet
  facet normal 0 0 -1
    outer loop
      vertex 106.6 5.5 5.9
      vertex 106.5 9.3 5.9
      vertex 106.6 29.5 5.9
    endloop
  endfacet
  facet normal 9.050280741060579e-17 4.4631045517528894e-17 -1
    outer loop
      vertex 106.20525588832577 10.4 5.8999999999999995
      vertex 106.6 29.5 5.9
      vertex 106.33253497152482 10.141903551203198 5.8999999999999995
    endloop
  endfacet
  facet normal 9.356082046415013e-15 -8.338869142067144e-17 -1
    outer loop
      vertex 106.42503681783595 9.869401899225547 5.9
      vertex 106.33253497152482 10.141903551203198 5.8999999999999995
      vertex 106.6 29.5 5.9
    endloop
  endfacet
  facet normal 0 0 -1
    outer loop
      vertex 106.48117869502238 9.587157622884114 5.9
      vertex 106.6 29.5 5.9
      vertex 106.5 9.3 5.9
    endloop
  endfacet
  facet normal 0 0 -1
    outer loop
      vertex 106.48117869502238 9.587157622884114 5.9
      vertex 106.42503681783595 9.869401899225547 5.9
      vertex 106.6 29.5 5.9
    endloop
  endfacet
  facet normal 0 0 -1
    outer loop
      vertex 106 10.691018093094996 5.9
      vertex 106 24.308981906905004 5.9
      vertex 106.04537734864071 24.360724856180813 5.9
    endloop
  endfacet
  facet normal -1 0 0
    outer loop
      vertex 106 10.691018093094996 5.9
      vertex 106 24.308981906905004 6.35
      vertex 106 24.308981906905004 5.9
    endloop
  endfacet
  facet normal -9.36093620562175e-17 6.254777603522009e-17 -1
    outer loop
      vertex 106.20525588832577 10.4 5.8999999999999995
      vertex 106.04537734864071 24.360724856180813 5.9
      vertex 106.20525588832577 24.599999999999998 5.9
    endloop
  endfacet
  facet normal -1.2683434283998486e-16 6.25477760352201e-17 -1
    outer loop
      vertex 106.20525588832577 10.4 5.8999999999999995
      vertex 106.20525588832577 24.599999999999998 5.9
      vertex 106.33253497152482 24.8580964487968 5.9
    endloop
  endfacet
  facet normal -1.8578871198957427e-16 6.306676953360439e-17 -1
    outer loop
      vertex 106.20525588832577 10.4 5.8999999999999995
      vertex 106.33253497152482 24.8580964487968 5.9
      vertex 106.42503681783595 25.130598100774453 5.9
    endloop
  endfacet
  facet normal -3.2770275593125767e-16 6.518413097912584e-17 -1
    outer loop
      vertex 106.20525588832577 10.4 5.8999999999999995
      vertex 106.42503681783595 25.130598100774453 5.9
      vertex 106.48117869502238 25.412842377115886 5.9
    endloop
  endfacet
  facet normal -1.2543637340339255e-15 8.221534275845283e-17 -1
    outer loop
      vertex 106.20525588832577 10.4 5.8999999999999995
      vertex 106.48117869502238 25.412842377115886 5.9
      vertex 106.5 25.7 5.9
    endloop
  endfacet
  facet normal -8.232452222200659e-15 2.1664347953158383e-16 -1
    outer loop
      vertex 106.20525588832577 10.4 5.8999999999999995
      vertex 106.5 25.7 5.9
      vertex 106.6 29.5 5.9
    endloop
  endfacet
  facet normal 1 0 0
    outer loop
      vertex 106.6 29.5 5.9
      vertex 106.6 29.5 7.140043572932483
      vertex 106.6 5.5 7.140043572932483
    endloop
  endfacet
  facet normal 0 0 -1
    outer loop
      vertex 106 27.091018093094995 5.9
      vertex 106.6 29.5 5.9
      vertex 106.04537734864071 27.039275143819186 5.9
    endloop
  endfacet
  facet normal 0 0 -1
    outer loop
      vertex 106.04537734864071 27.039275143819186 5.9
      vertex 106.6 29.5 5.9
      vertex 106.20525588832577 26.8 5.9
    endloop
  endfacet
  facet normal 0 0 -1
    outer loop
      vertex 106.5 25.7 5.9
      vertex 106.48117869502238 25.987157622884112 5.9
      vertex 106.6 29.5 5.9
    endloop
  endfacet
  facet normal 0 0 -1
    outer loop
      vertex 106.20525588832577 26.8 5.9
      vertex 106.6 29.5 5.9
      vertex 106.33253497152482 26.541903551203198 5.9
    endloop
  endfacet
  facet normal 0 0 -1
    outer loop
      vertex 106.42503681783595 26.269401899225546 5.9
      vertex 106.33253497152482 26.541903551203198 5.9
      vertex 106.6 29.5 5.9
    endloop
  endfacet
  facet normal 0 0 -1
    outer loop
      vertex 106.48117869502238 25.987157622884112 5.9
      vertex 106.42503681783595 26.269401899225546 5.9
      vertex 106.6 29.5 5.9
    endloop
  endfacet
  facet normal 0 0 -1
    outer loop
      vertex 106 27.091018093094995 5.9
      vertex 106 29.5 5.9
      vertex 106.6 29.5 5.9
    endloop
  endfacet
  facet normal 0 1 0
    outer loop
      vertex 106 29.5 5.9
      vertex 106.6 29.5 7.140043572932483
      vertex 106.6 29.5 5.9
    endloop
  endfacet
  facet normal -1 0 0
    outer loop
      vertex 106 27.091018093094995 5.9
      vertex 106 29.5 7.486453734487293
      vertex 106 29.5 5.9
    endloop
  endfacet
  facet normal 0 1 0
    outer loop
      vertex 106 29.5 5.9
      vertex 106 29.5 7.486453734487293
      vertex 106.6 29.5 7.140043572932483
    endloop
  endfacet
  facet normal -1 0 0
    outer loop
      vertex 106 27.091018093094995 5.9
      vertex 106 27.091018093094995 7.486453734487293
      vertex 106 29.5 7.486453734487293
    endloop
  endfacet
  facet normal 1 0 0
    outer loop
      vertex 99.9 13.76327857493096 6.35
      vertex 99.9 14.2 6.35
      vertex 99.9 14.2 6.871179775482974
    endloop
  endfacet
  facet normal 1 0 0
    outer loop
      vertex 99.9 13.76327857493096 6.35
      vertex 99.9 14.147345567213906 7.120567551220481
      vertex 99.9 13.76327857493096 8
    endloop
  endfacet
  facet normal 1 0 0
    outer loop
      vertex 99.9 14.147345567213906 7.120567551220481
      vertex 99.9 23.1 9.35
      vertex 99.9 13.76327857493096 8
    endloop
  endfacet
  facet normal 1 0 0
    outer loop
      vertex 99.9 11.9 8
      vertex 99.9 13.76327857493096 8
      vertex 99.9 23.1 9.35
    endloop
  endfacet
  facet normal 0 1 0
    outer loop
      vertex 99.9 11.9 8
      vertex 99.9 11.9 9.35
      vertex 101.58151805327898 11.9 8
    endloop
  endfacet
  facet normal 1 0 0
    outer loop
      vertex 99.9 11.9 8
      vertex 99.9 23.1 9.35
      vertex 99.9 11.9 9.35
    endloop
  endfacet
  facet normal 0 1 0
    outer loop
      vertex 99.9 11.9 9.35
      vertex 103.49999999552966 11.9 8
      vertex 101.58151805327898 11.9 8
    endloop
  endfacet
  facet normal 0 1 0
    outer loop
      vertex 99.9 11.9 9.35
      vertex 105.11051177620011 11.9 8
      vertex 103.49999999552966 11.9 8
    endloop
  endfacet
  facet normal 0 1 0
    outer loop
      vertex 99.9 11.9 9.35
      vertex 102.77224318625913 11.9 9.35
      vertex 105.11051177620011 11.9 8
    endloop
  endfacet
  facet normal 1 0 0
    outer loop
      vertex 99.9 20.799999999999997 6.35
      vertex 99.9 21.23672142506904 6.35
      vertex 99.9 20.799999999999997 7
    endloop
  endfacet
  facet normal 1 0 0
    outer loop
      vertex 99.9 20.447890302883245 7.050038885419327
      vertex 99.9 21.23672142506904 8
      vertex 99.9 19.365311429972387 7.4
    endloop
  endfacet
  facet normal 1 0 0
    outer loop
      vertex 99.9 20.406338886164807 7
      vertex 99.9 20.799999999999997 7
      vertex 99.9 20.447890302883245 7.050038885419327
    endloop
  endfacet
  facet normal 1 0 0
    outer loop
      vertex 99.9 21.23672142506904 6.35
      vertex 99.9 21.23672142506904 8
      vertex 99.9 20.799999999999997 7
    endloop
  endfacet
  facet normal 1 0 0
    outer loop
      vertex 99.9 20.447890302883245 7.050038885419327
      vertex 99.9 20.799999999999997 7
      vertex 99.9 21.23672142506904 8
    endloop
  endfacet
  facet normal 1 0 0
    outer loop
      vertex 99.9 14.147345567213906 7.120567551220481
      vertex 99.9 16.844866647669175 7.562070474786775
      vertex 99.9 23.1 9.35
    endloop
  endfacet
  facet normal 1 0 0
    outer loop
      vertex 99.9 16.844866647669175 7.562070474786775
      vertex 99.9 19.365311429972387 7.4
      vertex 99.9 23.1 9.35
    endloop
  endfacet
  facet normal 1 0 0
    outer loop
      vertex 99.9 19.365311429972387 7.4
      vertex 99.9 21.23672142506904 8
      vertex 99.9 23.1 9.35
    endloop
  endfacet
  facet normal 1 0 0
    outer loop
      vertex 99.9 21.23672142506904 8
      vertex 99.9 23.1 8
      vertex 99.9 23.1 9.35
    endloop
  endfacet
  facet normal 0 -1 0
    outer loop
      vertex 99.9 23.1 8
      vertex 100.73754716348404 23.1 8
      vertex 99.9 23.1 9.35
    endloop
  endfacet
  facet normal 0 -1 0
    outer loop
      vertex 100.73754716348404 23.1 8
      vertex 103.49999999552966 23.1 8
      vertex 102.77224318625913 23.1 9.35
    endloop
  endfacet
  facet normal 0 -1 0
    outer loop
      vertex 100.73754716348404 23.1 8
      vertex 102.77224318625913 23.1 9.35
      vertex 99.9 23.1 9.35
    endloop
  endfacet
  facet normal 0 1 0
    outer loop
      vertex 103.49999999552966 11.9 6.35
      vertex 103.49999999552966 11.9 8
      vertex 105.30000000000001 11.9 6.35
    endloop
  endfacet
  facet normal 0 -1 0
    outer loop
      vertex 103.49999999552966 23.1 6.35
      vertex 105.30000000000001 23.1 6.35
      vertex 103.49999999552966 23.1 8
    endloop
  endfacet
  facet normal 0 -1 0
    outer loop
      vertex 103.49999999552966 23.1 8
      vertex 105.11051177620011 23.1 8
      vertex 102.77224318625913 23.1 9.35
    endloop
  endfacet
  facet normal 0.5000000000444328 1.954744790685337e-15 0.8660254037587853
    outer loop
      vertex 105.11051177620011 11.9 8
      vertex 106 7.908981906905004 7.486453734487293
      vertex 105.30000000000001 11.9 7.890598922967902
    endloop
  endfacet
  facet normal 0.5000000000444256 2.7148084586376657e-16 0.8660254037587896
    outer loop
      vertex 106 7.908981906905004 7.486453734487293
      vertex 106.6 5.5 7.140043572932483
      vertex 105.30000000000001 11.9 7.890598922967902
    endloop
  endfacet
  facet normal 0.5000000000444248 0 0.86602540375879
    outer loop
      vertex 106 7.908981906905004 7.486453734487293
      vertex 106 5.5 7.486453734487293
      vertex 106.6 5.5 7.140043572932483
    endloop
  endfacet
  facet normal 0.5000000000444247 0 0.8660254037587901
    outer loop
      vertex 105.30000000000001 11.9 7.890598922967902
      vertex 106.6 5.5 7.140043572932483
      vertex 105.30000000000001 23.1 7.890598922967902
    endloop
  endfacet
  facet normal 0.5000000000444248 0 0.8660254037587901
    outer loop
      vertex 103.03205080736369 7.506964174449616 9.2
      vertex 105.11051177620011 5.5 8
      vertex 105.11051177620011 7.256808956757091 8
    endloop
  endfacet
  facet normal 0.5000000000444591 2.7736817773002642e-14 0.8660254037587702
    outer loop
      vertex 102.77224318625913 10.880083360413838 9.35
      vertex 105.11051177620011 7.256808956757091 8
      vertex 105.1419035512032 7.26746502847517 7.981875950249479
    endloop
  endfacet
  facet normal 0.5000000000444244 -6.133475788859087e-16 0.8660254037587902
    outer loop
      vertex 102.77224318625913 10.880083360413838 9.35
      vertex 105.39999999999999 7.394744111674235 7.832863896042111
      vertex 105.63927514381918 7.554622651359283 7.694718327331353
    endloop
  endfacet
  facet normal 0.5000000000444248 6.087764201077824e-16 0.8660254037587899
    outer loop
      vertex 102.77224318625913 10.880083360413838 9.35
      vertex 105.63927514381918 7.554622651359283 7.694718327331353
      vertex 105.8556349186104 7.744365081389596 7.569802953099032
    endloop
  endfacet
  facet normal 0.5000000000444246 -4.507262434381399e-16 0.8660254037587901
    outer loop
      vertex 102.77224318625913 10.880083360413838 9.35
      vertex 106 7.908981906905004 7.486453734487293
      vertex 105.11051177620011 11.9 8
    endloop
  endfacet
  facet normal 0.5000000000444256 3.1166024889928875e-16 0.8660254037587896
    outer loop
      vertex 102.77224318625913 10.880083360413838 9.35
      vertex 105.1419035512032 7.26746502847517 7.981875950249479
      vertex 105.39999999999999 7.394744111674235 7.832863896042111
    endloop
  endfacet
  facet normal 0.5000000000444239 -1.0597071565590234e-15 0.8660254037587906
    outer loop
      vertex 102.39474411167423 8.200000000000001 9.567949192356247
      vertex 102.55462265135928 7.960724856180815 9.475643274420502
      vertex 105.11051177620011 7.256808956757091 8
    endloop
  endfacet
  facet normal 0.5000000000444248 7.090565628716509e-16 0.8660254037587899
    outer loop
      vertex 102.11882130497762 9.012842377115888 9.727253299096967
      vertex 102.17496318216405 8.730598100774454 9.694839771186729
      vertex 105.11051177620011 7.256808956757091 8
    endloop
  endfacet
  facet normal 0.5000000000444241 -2.482816233531669e-16 0.8660254037587904
    outer loop
      vertex 102.26746502847517 8.458096448796804 9.641433805312136
      vertex 102.39474411167423 8.200000000000001 9.567949192356247
      vertex 105.11051177620011 7.256808956757091 8
    endloop
  endfacet
  facet normal 0.5000000000444224 -5.7229857338997444e-15 0.8660254037587914
    outer loop
      vertex 102.17496318216405 8.730598100774454 9.694839771186729
      vertex 102.26746502847517 8.458096448796804 9.641433805312136
      vertex 105.11051177620011 7.256808956757091 8
    endloop
  endfacet
  facet normal 0.5000000000444248 0 0.86602540375879
    outer loop
      vertex 103.03205080736369 5.5 9.2
      vertex 105.11051177620011 5.5 8
      vertex 103.03205080736369 7.506964174449616 9.2
    endloop
  endfacet
  facet normal 0.5000000000444242 -1.2596892970247333e-15 0.8660254037587902
    outer loop
      vertex 102.74436508138959 7.744365081389596 9.366095431352834
      vertex 102.96072485618082 7.554622651359283 9.241180057120513
      vertex 105.11051177620011 7.256808956757091 8
    endloop
  endfacet
  facet normal 0.5000000000444251 4.928570672609013e-15 0.8660254037587898
    outer loop
      vertex 102.55462265135928 7.960724856180815 9.475643274420502
      vertex 102.74436508138959 7.744365081389596 9.366095431352834
      vertex 105.11051177620011 7.256808956757091 8
    endloop
  endfacet
  facet normal 0.5000000000444282 3.744052792254472e-14 0.8660254037587879
    outer loop
      vertex 102.96072485618082 7.554622651359283 9.241180057120513
      vertex 103.03205080736369 7.506964174449616 9.2
      vertex 105.11051177620011 7.256808956757091 8
    endloop
  endfacet
  facet normal 0.5000000000444245 4.5890334201519e-16 0.8660254037587901
    outer loop
      vertex 102.39474411167423 10.4 9.567949192356247
      vertex 105.11051177620011 7.256808956757091 8
      vertex 102.55462265135928 10.639275143819185 9.475643274420502
    endloop
  endfacet
  facet normal 0.5000000000444265 4.328515039145475e-15 0.8660254037587891
    outer loop
      vertex 102.1 9.3 9.738119784593582
      vertex 102.11882130497762 9.012842377115888 9.727253299096967
      vertex 105.11051177620011 7.256808956757091 8
    endloop
  endfacet
  facet normal 0.5000000000444221 -3.959821599358187e-15 0.8660254037587914
    outer loop
      vertex 102.1 9.3 9.738119784593582
      vertex 105.11051177620011 7.256808956757091 8
      vertex 102.11882130497762 9.587157622884114 9.727253299096967
    endloop
  endfacet
  facet normal 0.5000000000444241 -5.299291048295016e-16 0.8660254037587903
    outer loop
      vertex 102.17496318216405 9.869401899225547 9.694839771186729
      vertex 102.11882130497762 9.587157622884114 9.727253299096967
      vertex 105.11051177620011 7.256808956757091 8
    endloop
  endfacet
  facet normal 0.5000000000444269 3.646130309726649e-15 0.8660254037587887
    outer loop
      vertex 102.17496318216405 9.869401899225547 9.694839771186729
      vertex 105.11051177620011 7.256808956757091 8
      vertex 102.26746502847517 10.141903551203198 9.641433805312136
    endloop
  endfacet
  facet normal 0.5000000000444244 1.309929051780544e-16 0.8660254037587903
    outer loop
      vertex 102.39474411167423 10.4 9.567949192356247
      vertex 102.26746502847517 10.141903551203198 9.641433805312136
      vertex 105.11051177620011 7.256808956757091 8
    endloop
  endfacet
  facet normal 0.5000000000444224 -1.7301673982366846e-15 0.8660254037587913
    outer loop
      vertex 102.74436508138959 10.855634918610406 9.366095431352834
      vertex 102.55462265135928 10.639275143819185 9.475643274420502
      vertex 105.11051177620011 7.256808956757091 8
    endloop
  endfacet
  facet normal 0.5000000000444239 -3.4191639345299895e-16 0.8660254037587904
    outer loop
      vertex 102.77224318625913 10.880083360413838 9.35
      vertex 102.74436508138959 10.855634918610406 9.366095431352834
      vertex 105.11051177620011 7.256808956757091 8
    endloop
  endfacet
  facet normal 0.5000000000444244 0 0.8660254037587902
    outer loop
      vertex 102.77224318625913 10.880083360413838 9.35
      vertex 105.11051177620011 11.9 8
      vertex 102.77224318625913 11.9 9.35
    endloop
  endfacet
  facet normal 0.5000000000444252 0 0.8660254037587898
    outer loop
      vertex 102.77224318625913 10.880083360413838 9.35
      vertex 105.8556349186104 7.744365081389596 7.569802953099032
      vertex 106 7.908981906905004 7.486453734487293
    endloop
  endfacet
  facet normal 0.5000000000444244 -3.723390066955446e-17 0.8660254037587903
    outer loop
      vertex 105.30000000000001 23.1 7.890598922967902
      vertex 106.6 5.5 7.140043572932483
      vertex 105.63927514381918 27.44537734864072 7.694718327331353
    endloop
  endfacet
  facet normal 0.5000000000444248 0 0.86602540375879
    outer loop
      vertex 106.6 5.5 7.140043572932483
      vertex 105.8556349186104 27.255634918610404 7.569802953099032
      vertex 105.63927514381918 27.44537734864072 7.694718327331353
    endloop
  endfacet
  facet normal 0.5000000000444249 1.5927958618515707e-17 0.8660254037587899
    outer loop
      vertex 106.6 5.5 7.140043572932483
      vertex 106 27.091018093094995 7.486453734487293
      vertex 105.8556349186104 27.255634918610404 7.569802953099032
    endloop
  endfacet
  facet normal 0.5000000000444248 0 0.8660254037587899
    outer loop
      vertex 106.6 5.5 7.140043572932483
      vertex 106.6 29.5 7.140043572932483
      vertex 106 29.5 7.486453734487293
    endloop
  endfacet
  facet normal 0.5000000000444249 0 0.8660254037587898
    outer loop
      vertex 106.6 5.5 7.140043572932483
      vertex 106 29.5 7.486453734487293
      vertex 106 27.091018093094995 7.486453734487293
    endloop
  endfacet
  facet normal 0.5000000000444244 0 0.8660254037587902
    outer loop
      vertex 102.77224318625913 24.11991663958616 9.35
      vertex 102.77224318625913 23.1 9.35
      vertex 105.11051177620011 23.1 8
    endloop
  endfacet
  facet normal 0.5000000000444245 3.5400221438192145e-16 0.8660254037587902
    outer loop
      vertex 102.77224318625913 24.11991663958616 9.35
      vertex 105.11051177620011 23.1 8
      vertex 105.1419035512032 27.73253497152483 7.981875950249479
    endloop
  endfacet
  facet normal 0.5000000000444351 -1.133707242415271e-13 0.8660254037587841
    outer loop
      vertex 105.1419035512032 27.73253497152483 7.981875950249479
      vertex 105.11051177620011 27.74319104324291 8
      vertex 103.03205080736369 27.493035825550386 9.2
    endloop
  endfacet
  facet normal 0.5000000000444249 0 0.8660254037587901
    outer loop
      vertex 105.11051177620011 27.74319104324291 8
      vertex 105.11051177620011 29.5 8
      vertex 103.03205080736369 29.5 9.2
    endloop
  endfacet
  facet normal 0.5000000000444248 -2.075464341353628e-16 0.86602540375879
    outer loop
      vertex 102.39474411167423 24.599999999999998 9.567949192356247
      vertex 102.55462265135928 24.360724856180813 9.475643274420502
      vertex 105.1419035512032 27.73253497152483 7.981875950249479
    endloop
  endfacet
  facet normal 0.5000000000444245 6.232405661078253e-16 0.8660254037587902
    outer loop
      vertex 102.11882130497762 25.412842377115886 9.727253299096967
      vertex 102.17496318216405 25.130598100774453 9.694839771186729
      vertex 105.1419035512032 27.73253497152483 7.981875950249479
    endloop
  endfacet
  facet normal 0.5000000000444226 4.000632657297046e-15 0.8660254037587912
    outer loop
      vertex 102.1 25.7 9.738119784593582
      vertex 102.11882130497762 25.412842377115886 9.727253299096967
      vertex 105.1419035512032 27.73253497152483 7.981875950249479
    endloop
  endfacet
  facet normal 0.5000000000444268 -4.367095134630789e-15 0.8660254037587888
    outer loop
      vertex 102.11882130497762 25.987157622884112 9.727253299096967
      vertex 102.1 25.7 9.738119784593582
      vertex 105.1419035512032 27.73253497152483 7.981875950249479
    endloop
  endfacet
  facet normal 0.5000000000444246 6.509759784610525e-17 0.8660254037587901
    outer loop
      vertex 102.26746502847517 24.8580964487968 9.641433805312136
      vertex 102.39474411167423 24.599999999999998 9.567949192356247
      vertex 105.1419035512032 27.73253497152483 7.981875950249479
    endloop
  endfacet
  facet normal 0.5000000000444272 -3.505276243870736e-15 0.8660254037587884
    outer loop
      vertex 102.26746502847517 24.8580964487968 9.641433805312136
      vertex 105.1419035512032 27.73253497152483 7.981875950249479
      vertex 102.17496318216405 25.130598100774453 9.694839771186729
    endloop
  endfacet
  facet normal 0.5000000000444227 2.0038226070364036e-15 0.8660254037587911
    outer loop
      vertex 102.55462265135928 24.360724856180813 9.475643274420502
      vertex 102.74436508138959 24.144365081389594 9.366095431352834
      vertex 105.1419035512032 27.73253497152483 7.981875950249479
    endloop
  endfacet
  facet normal 0.5000000000444241 6.439270766375683e-16 0.8660254037587903
    outer loop
      vertex 102.77224318625913 24.11991663958616 9.35
      vertex 105.1419035512032 27.73253497152483 7.981875950249479
      vertex 102.74436508138959 24.144365081389594 9.366095431352834
    endloop
  endfacet
  facet normal 0.5000000000444246 4.729515003893628e-16 0.8660254037587901
    outer loop
      vertex 102.55462265135928 27.039275143819186 9.475643274420502
      vertex 102.39474411167423 26.8 9.567949192356247
      vertex 105.1419035512032 27.73253497152483 7.981875950249479
    endloop
  endfacet
  facet normal 0.5000000000444252 -8.274816396439944e-16 0.8660254037587897
    outer loop
      vertex 102.17496318216405 26.269401899225546 9.694839771186729
      vertex 102.11882130497762 25.987157622884112 9.727253299096967
      vertex 105.1419035512032 27.73253497152483 7.981875950249479
    endloop
  endfacet
  facet normal 0.5000000000444229 5.4633384000125615e-15 0.866025403758791
    outer loop
      vertex 102.26746502847517 26.541903551203198 9.641433805312136
      vertex 102.17496318216405 26.269401899225546 9.694839771186729
      vertex 105.1419035512032 27.73253497152483 7.981875950249479
    endloop
  endfacet
  facet normal 0.5000000000444247 -1.2215183288684187e-16 0.8660254037587901
    outer loop
      vertex 102.39474411167423 26.8 9.567949192356247
      vertex 102.26746502847517 26.541903551203198 9.641433805312136
      vertex 105.1419035512032 27.73253497152483 7.981875950249479
    endloop
  endfacet
  facet normal 0.5000000000444258 -5.6129463746128686e-15 0.8660254037587893
    outer loop
      vertex 102.74436508138959 27.255634918610404 9.366095431352834
      vertex 102.55462265135928 27.039275143819186 9.475643274420502
      vertex 105.1419035512032 27.73253497152483 7.981875950249479
    endloop
  endfacet
  facet normal 0.5000000000444282 -3.686049257861966e-14 0.866025403758788
    outer loop
      vertex 105.1419035512032 27.73253497152483 7.981875950249479
      vertex 103.03205080736369 27.493035825550386 9.2
      vertex 102.96072485618082 27.44537734864072 9.241180057120513
    endloop
  endfacet
  facet normal 0.5000000000444249 1.3667781023834676e-16 0.8660254037587899
    outer loop
      vertex 102.96072485618082 27.44537734864072 9.241180057120513
      vertex 102.74436508138959 27.255634918610404 9.366095431352834
      vertex 105.1419035512032 27.73253497152483 7.981875950249479
    endloop
  endfacet
  facet normal 0.5000000000444248 0 0.8660254037587901
    outer loop
      vertex 103.03205080736369 27.493035825550386 9.2
      vertex 105.11051177620011 27.74319104324291 8
      vertex 103.03205080736369 29.5 9.2
    endloop
  endfacet
  facet normal 0.5000000000444257 3.45637102614288e-16 0.8660254037587894
    outer loop
      vertex 105.39999999999999 27.605255888325765 7.832863896042111
      vertex 105.1419035512032 27.73253497152483 7.981875950249479
      vertex 105.11051177620011 23.1 8
    endloop
  endfacet
  facet normal 0.5000000000444329 -9.268615767500798e-16 0.8660254037587853
    outer loop
      vertex 105.30000000000001 23.1 7.890598922967902
      vertex 105.63927514381918 27.44537734864072 7.694718327331353
      vertex 105.11051177620011 23.1 8
    endloop
  endfacet
  facet normal 0.5000000000444242 4.703591167756565e-16 0.8660254037587904
    outer loop
      vertex 105.39999999999999 27.605255888325765 7.832863896042111
      vertex 105.11051177620011 23.1 8
      vertex 105.63927514381918 27.44537734864072 7.694718327331353
    endloop
  endfacet
endsolid OpenSCAD_Model
