solid OpenSCAD_Model
  facet normal 1 0 0
    outer loop
      vertex 100.64999999999999 45.199999999999996 4.3999999999999995
      vertex 100.64999999999999 46.835098892929395 4.3999999999999995
      vertex 100.64999999999999 46.835098892929395 5.8999999999999995
    endloop
  endfacet
  facet normal 0 1 0
    outer loop
      vertex 100.64999999999999 45.199999999999996 4.3999999999999995
      vertex 100.64999999999999 45.199999999999996 5.8999999999999995
      vertex 104.27128756712852 45.199999999999996 4.3999999999999995
    endloop
  endfacet
  facet normal 1 0 0
    outer loop
      vertex 100.64999999999999 46.835098892929395 5.8999999999999995
      vertex 100.64999999999999 45.199999999999996 5.8999999999999995
      vertex 100.64999999999999 45.199999999999996 4.3999999999999995
    endloop
  endfacet
  facet normal 0 1 0
    outer loop
      vertex 104.27128756712852 45.199999999999996 4.3999999999999995
      vertex 100.64999999999999 45.199999999999996 5.8999999999999995
      vertex 104.27128756712852 45.199999999999996 5.8999999999999995
    endloop
  endfacet
  facet normal 1 0 0
    outer loop
      vertex 100.64999999999999 57.76490110823797 4.3999999999999995
      vertex 100.64999999999999 59.39999999999999 4.3999999999999995
      vertex 100.64999999999999 59.39999999999999 5.8999999999999995
    endloop
  endfacet
  facet normal 1 0 0
    outer loop
      vertex 100.64999999999999 57.76490110823797 4.3999999999999995
      vertex 100.64999999999999 59.39999999999999 5.8999999999999995
      vertex 100.64999999999999 57.76490110823797 5.8999999999999995
    endloop
  endfacet
  facet normal 0 -1 0
    outer loop
      vertex 104.27128757299045 59.39999999999999 5.8999999999999995
      vertex 100.64999999999999 59.39999999999999 5.8999999999999995
      vertex 100.64999999999999 59.39999999999999 4.3999999999999995
    endloop
  endfacet
  facet normal 0 -1 0
    outer loop
      vertex 100.64999999999999 59.39999999999999 4.3999999999999995
      vertex 104.27128757299045 59.39999999999999 4.3999999999999995
      vertex 104.27128757299045 59.39999999999999 5.8999999999999995
    endloop
  endfacet
  facet normal 0 0 1
    outer loop
      vertex 97.34373150168358 58.64558963987875 5.55
      vertex 97.29999999701977 60.70000000298023 5.55
      vertex 97.29999999701977 58.616369182658325 5.55
    endloop
  endfacet
  facet normal -0.5555702330195915 0.8314696123025523 0
    outer loop
      vertex 97.34373150168358 58.64558963987875 5.55
      vertex 97.29999999701977 58.616369182658325 5.55
      vertex 97.34373150168358 58.64558963987875 5.8999999999999995
    endloop
  endfacet
  facet normal -0.6593458151000692 0.7518398074789772 0
    outer loop
      vertex 97.34373150168358 58.64558963987875 5.55
      vertex 97.34373150168358 58.64558963987875 5.8999999999999995
      vertex 97.7223611075682 58.97763889243179 5.55
    endloop
  endfacet
  facet normal -0.7518398074789763 0.6593458151000701 0
    outer loop
      vertex 97.7223611075682 58.97763889243179 5.55
      vertex 97.7223611075682 58.97763889243179 5.8999999999999995
      vertex 98.05441036012125 59.356268498316425 5.55
    endloop
  endfacet
  facet normal 0 0 1
    outer loop
      vertex 97.34373150168358 58.64558963987875 5.55
      vertex 98.71761049783096 60.70000000298023 5.55
      vertex 97.29999999701977 60.70000000298023 5.55
    endloop
  endfacet
  facet normal 0 0 1
    outer loop
      vertex 97.34373150168358 58.64558963987875 5.55
      vertex 97.7223611075682 58.97763889243179 5.55
      vertex 98.71761049783096 60.70000000298023 5.55
    endloop
  endfacet
  facet normal 0 0 1
    outer loop
      vertex 97.7223611075682 58.97763889243179 5.55
      vertex 98.05441036012125 59.356268498316425 5.55
      vertex 98.71761049783096 60.70000000298023 5.55
    endloop
  endfacet
  facet normal -0.8314696123025406 0.5555702330196091 0
    outer loop
      vertex 98.05441036012125 59.356268498316425 5.55
      vertex 98.05441036012125 59.356268498316425 5.8999999999999995
      vertex 98.3341978045701 59.775000000000006 5.55
    endloop
  endfacet
  facet normal 0 0 1
    outer loop
      vertex 98.05441036012125 59.356268498316425 5.55
      vertex 98.3341978045701 59.775000000000006 5.55
      vertex 98.71761049783096 60.70000000298023 5.55
    endloop
  endfacet
  facet normal -0.8968727415326957 0.44228869021898654 0
    outer loop
      vertex 98.3341978045701 59.775000000000006 5.55
      vertex 98.3341978045701 59.775000000000006 5.8999999999999995
      vertex 98.55693620016845 60.22666878539441 5.55
    endloop
  endfacet
  facet normal -0.5555702330195915 0.8314696123025523 0
    outer loop
      vertex 97.29999999701977 58.616369182658325 5.8999999999999995
      vertex 97.34373150168358 58.64558963987875 5.8999999999999995
      vertex 97.29999999701977 58.616369182658325 5.55
    endloop
  endfacet
  facet normal -0.6593458151000692 0.7518398074789772 0
    outer loop
      vertex 97.7223611075682 58.97763889243179 5.55
      vertex 97.34373150168358 58.64558963987875 5.8999999999999995
      vertex 97.7223611075682 58.97763889243179 5.8999999999999995
    endloop
  endfacet
  facet normal -0.7518398074789763 0.6593458151000701 0
    outer loop
      vertex 98.05441036012125 59.356268498316425 5.55
      vertex 97.7223611075682 58.97763889243179 5.8999999999999995
      vertex 98.05441036012125 59.356268498316425 5.8999999999999995
    endloop
  endfacet
  facet normal -0.8314696123025406 0.5555702330196091 0
    outer loop
      vertex 98.3341978045701 59.775000000000006 5.55
      vertex 98.05441036012125 59.356268498316425 5.8999999999999995
      vertex 98.3341978045701 59.775000000000006 5.8999999999999995
    endloop
  endfacet
  facet normal 0 0 1
    outer loop
      vertex 98.3341978045701 59.775000000000006 5.55
      vertex 98.55693620016845 60.22666878539441 5.55
      vertex 98.71761049783096 60.70000000298023 5.55
    endloop
  endfacet
  facet normal -0.9469301294950965 0.3214394653031886 0
    outer loop
      vertex 98.55693620016845 60.22666878539441 5.55
      vertex 98.71761049783096 60.70000000298023 5.8999999999999995
      vertex 98.71761049783096 60.70000000298023 5.55
    endloop
  endfacet
  facet normal -0.8968727415326957 0.44228869021898654 0
    outer loop
      vertex 98.55693620016845 60.22666878539441 5.55
      vertex 98.3341978045701 59.775000000000006 5.8999999999999995
      vertex 98.55693620016845 60.22666878539441 5.8999999999999995
    endloop
  endfacet
  facet normal -0.9469301294950965 0.3214394653031886 0
    outer loop
      vertex 98.55693620016845 60.22666878539441 5.55
      vertex 98.55693620016845 60.22666878539441 5.8999999999999995
      vertex 98.71761049783096 60.70000000298023 5.8999999999999995
    endloop
  endfacet
  facet normal 0.6593458151000651 0.7518398074789806 0
    outer loop
      vertex 103.63036242809041 41.727311325679636 5.3999999999999995
      vertex 103.5221825406948 41.82218254069479 5.3999999999999995
      vertex 103.5221825406948 41.82218254069479 5.8999999999999995
    endloop
  endfacet
  facet normal 0.8968727415326944 0.44228869021898914 0
    outer loop
      vertex 103.34737205583711 42.05 5.3999999999999995
      vertex 103.28373251423758 42.17904822439839 5.3999999999999995
      vertex 103.28373251423758 42.17904822439839 5.8999999999999995
    endloop
  endfacet
  facet normal 0.9807852804032294 0.19509032201613385 0
    outer loop
      vertex 103.23748159108202 42.315299050387225 5.3999999999999995
      vertex 103.2094106524888 42.45642118855794 5.3999999999999995
      vertex 103.2094106524888 42.45642118855794 5.8999999999999995
    endloop
  endfacet
  facet normal 0.9469301294950909 0.32143946530320494 0
    outer loop
      vertex 103.23748159108202 42.315299050387225 5.3999999999999995
      vertex 103.23748159108202 42.315299050387225 5.8999999999999995
      vertex 103.28373251423758 42.17904822439839 5.3999999999999995
    endloop
  endfacet
  facet normal 0.9978589232386091 0.06540312923005889 0
    outer loop
      vertex 103.2094106524888 42.45642118855794 5.3999999999999995
      vertex 103.2 42.599999999999994 5.3999999999999995
      vertex 103.2 42.599999999999994 5.8999999999999995
    endloop
  endfacet
  facet normal 0.9978589232386091 -0.06540312923005889 0
    outer loop
      vertex 103.2 42.599999999999994 5.3999999999999995
      vertex 103.2094106524888 42.74357881144205 5.3999999999999995
      vertex 103.2094106524888 42.74357881144205 5.8999999999999995
    endloop
  endfacet
  facet normal 0.9807852804032294 -0.19509032201613385 0
    outer loop
      vertex 103.2094106524888 42.74357881144205 5.3999999999999995
      vertex 103.23748159108202 42.884700949612764 5.3999999999999995
      vertex 103.23748159108202 42.884700949612764 5.8999999999999995
    endloop
  endfacet
  facet normal 0.9469301294950909 -0.32143946530320494 0
    outer loop
      vertex 103.23748159108202 42.884700949612764 5.3999999999999995
      vertex 103.28373251423758 43.020951775601596 5.3999999999999995
      vertex 103.28373251423758 43.020951775601596 5.8999999999999995
    endloop
  endfacet
  facet normal 0.8968727415326944 -0.44228869021898914 0
    outer loop
      vertex 103.28373251423758 43.020951775601596 5.3999999999999995
      vertex 103.34737205583711 43.14999999999999 5.3999999999999995
      vertex 103.34737205583711 43.14999999999999 5.8999999999999995
    endloop
  endfacet
  facet normal 0.8314696123025362 0.5555702330196156 0
    outer loop
      vertex 103.34737205583711 42.05 5.3999999999999995
      vertex 103.34737205583711 42.05 5.8999999999999995
      vertex 103.42731132567964 41.930362428090405 5.3999999999999995
    endloop
  endfacet
  facet normal 0.7518398074789776 0.6593458151000686 0
    outer loop
      vertex 103.5221825406948 41.82218254069479 5.3999999999999995
      vertex 103.42731132567964 41.930362428090405 5.3999999999999995
      vertex 103.42731132567964 41.930362428090405 5.8999999999999995
    endloop
  endfacet
  facet normal 0.8314696123025362 -0.5555702330196156 0
    outer loop
      vertex 103.34737205583711 43.14999999999999 5.3999999999999995
      vertex 103.42731132567964 43.269637571909584 5.3999999999999995
      vertex 103.42731132567964 43.269637571909584 5.8999999999999995
    endloop
  endfacet
  facet normal 0.7518398074789776 -0.6593458151000686 0
    outer loop
      vertex 103.42731132567964 43.269637571909584 5.3999999999999995
      vertex 103.5221825406948 43.3778174593052 5.3999999999999995
      vertex 103.5221825406948 43.3778174593052 5.8999999999999995
    endloop
  endfacet
  facet normal 0.5555702330196156 0.8314696123025362 0
    outer loop
      vertex 103.63036242809041 41.727311325679636 5.3999999999999995
      vertex 103.63036242809041 41.727311325679636 5.8999999999999995
      vertex 103.75 41.64737205583711 5.3999999999999995
    endloop
  endfacet
  facet normal 0.4422886902189695 0.8968727415327039 0
    outer loop
      vertex 103.8790482243984 41.58373251423758 5.3999999999999995
      vertex 103.75 41.64737205583711 5.3999999999999995
      vertex 103.75 41.64737205583711 5.8999999999999995
    endloop
  endfacet
  facet normal 0.3214394653031757 0.9469301294951007 0
    outer loop
      vertex 103.8790482243984 41.58373251423758 5.3999999999999995
      vertex 103.8790482243984 41.58373251423758 5.8999999999999995
      vertex 104.01529905038723 41.53748159108202 5.3999999999999995
    endloop
  endfacet
  facet normal 0.19509032201613385 0.9807852804032294 0
    outer loop
      vertex 104.01529905038723 41.53748159108202 5.3999999999999995
      vertex 104.01529905038723 41.53748159108202 5.8999999999999995
      vertex 104.15642118855794 41.5094106524888 5.3999999999999995
    endloop
  endfacet
  facet normal 0.7518398074789776 0.6593458151000686 0
    outer loop
      vertex 103.5221825406948 41.82218254069479 5.3999999999999995
      vertex 103.42731132567964 41.930362428090405 5.8999999999999995
      vertex 103.5221825406948 41.82218254069479 5.8999999999999995
    endloop
  endfacet
  facet normal 0.6593458151000651 0.7518398074789806 0
    outer loop
      vertex 103.63036242809041 41.727311325679636 5.3999999999999995
      vertex 103.5221825406948 41.82218254069479 5.8999999999999995
      vertex 103.63036242809041 41.727311325679636 5.8999999999999995
    endloop
  endfacet
  facet normal 0.9469301294950909 0.32143946530320494 0
    outer loop
      vertex 103.28373251423758 42.17904822439839 5.3999999999999995
      vertex 103.23748159108202 42.315299050387225 5.8999999999999995
      vertex 103.28373251423758 42.17904822439839 5.8999999999999995
    endloop
  endfacet
  facet normal 0.8968727415326944 0.44228869021898914 0
    outer loop
      vertex 103.34737205583711 42.05 5.3999999999999995
      vertex 103.28373251423758 42.17904822439839 5.8999999999999995
      vertex 103.34737205583711 42.05 5.8999999999999995
    endloop
  endfacet
  facet normal 0.9807852804032294 0.19509032201613385 0
    outer loop
      vertex 103.23748159108202 42.315299050387225 5.3999999999999995
      vertex 103.2094106524888 42.45642118855794 5.8999999999999995
      vertex 103.23748159108202 42.315299050387225 5.8999999999999995
    endloop
  endfacet
  facet normal 0.9978589232386091 0.06540312923005889 0
    outer loop
      vertex 103.2094106524888 42.45642118855794 5.3999999999999995
      vertex 103.2 42.599999999999994 5.8999999999999995
      vertex 103.2094106524888 42.45642118855794 5.8999999999999995
    endloop
  endfacet
  facet normal 0.9978589232386091 -0.06540312923005889 0
    outer loop
      vertex 103.2 42.599999999999994 5.3999999999999995
      vertex 103.2094106524888 42.74357881144205 5.8999999999999995
      vertex 103.2 42.599999999999994 5.8999999999999995
    endloop
  endfacet
  facet normal 0.9807852804032294 -0.19509032201613385 0
    outer loop
      vertex 103.2094106524888 42.74357881144205 5.3999999999999995
      vertex 103.23748159108202 42.884700949612764 5.8999999999999995
      vertex 103.2094106524888 42.74357881144205 5.8999999999999995
    endloop
  endfacet
  facet normal 0.9469301294950909 -0.32143946530320494 0
    outer loop
      vertex 103.23748159108202 42.884700949612764 5.3999999999999995
      vertex 103.28373251423758 43.020951775601596 5.8999999999999995
      vertex 103.23748159108202 42.884700949612764 5.8999999999999995
    endloop
  endfacet
  facet normal 0.8968727415326944 -0.44228869021898914 0
    outer loop
      vertex 103.28373251423758 43.020951775601596 5.3999999999999995
      vertex 103.34737205583711 43.14999999999999 5.8999999999999995
      vertex 103.28373251423758 43.020951775601596 5.8999999999999995
    endloop
  endfacet
  facet normal 0.8314696123025362 0.5555702330196156 0
    outer loop
      vertex 103.42731132567964 41.930362428090405 5.3999999999999995
      vertex 103.34737205583711 42.05 5.8999999999999995
      vertex 103.42731132567964 41.930362428090405 5.8999999999999995
    endloop
  endfacet
  facet normal 0.8314696123025362 -0.5555702330196156 0
    outer loop
      vertex 103.34737205583711 43.14999999999999 5.3999999999999995
      vertex 103.42731132567964 43.269637571909584 5.8999999999999995
      vertex 103.34737205583711 43.14999999999999 5.8999999999999995
    endloop
  endfacet
  facet normal 0.7518398074789776 -0.6593458151000686 0
    outer loop
      vertex 103.42731132567964 43.269637571909584 5.3999999999999995
      vertex 103.5221825406948 43.3778174593052 5.8999999999999995
      vertex 103.42731132567964 43.269637571909584 5.8999999999999995
    endloop
  endfacet
  facet normal 0.5555702330196156 0.8314696123025362 0
    outer loop
      vertex 103.75 41.64737205583711 5.3999999999999995
      vertex 103.63036242809041 41.727311325679636 5.8999999999999995
      vertex 103.75 41.64737205583711 5.8999999999999995
    endloop
  endfacet
  facet normal 0.4422886902189695 0.8968727415327039 0
    outer loop
      vertex 103.8790482243984 41.58373251423758 5.3999999999999995
      vertex 103.75 41.64737205583711 5.8999999999999995
      vertex 103.8790482243984 41.58373251423758 5.8999999999999995
    endloop
  endfacet
  facet normal 0.3214394653031757 0.9469301294951007 0
    outer loop
      vertex 104.01529905038723 41.53748159108202 5.3999999999999995
      vertex 103.8790482243984 41.58373251423758 5.8999999999999995
      vertex 104.01529905038723 41.53748159108202 5.8999999999999995
    endloop
  endfacet
  facet normal 0.19509032201613385 0.9807852804032294 0
    outer loop
      vertex 104.15642118855794 41.5094106524888 5.3999999999999995
      vertex 104.01529905038723 41.53748159108202 5.8999999999999995
      vertex 104.15642118855794 41.5094106524888 5.8999999999999995
    endloop
  endfacet
  facet normal 0.6593458151000651 -0.7518398074789806 0
    outer loop
      vertex 103.5221825406948 43.3778174593052 5.3999999999999995
      vertex 103.63036242809041 43.47268867432035 5.3999999999999995
      vertex 103.63036242809041 43.47268867432035 5.8999999999999995
    endloop
  endfacet
  facet normal 0.5555702330196156 -0.8314696123025362 0
    outer loop
      vertex 103.63036242809041 43.47268867432035 5.3999999999999995
      vertex 103.75 43.55262794416288 5.3999999999999995
      vertex 103.75 43.55262794416288 5.8999999999999995
    endloop
  endfacet
  facet normal 0.4422886902189695 -0.8968727415327039 0
    outer loop
      vertex 103.75 43.55262794416288 5.3999999999999995
      vertex 103.8790482243984 43.61626748576241 5.3999999999999995
      vertex 103.8790482243984 43.61626748576241 5.8999999999999995
    endloop
  endfacet
  facet normal 0.3214394653031757 -0.9469301294951007 0
    outer loop
      vertex 103.8790482243984 43.61626748576241 5.3999999999999995
      vertex 104.01529905038723 43.66251840891797 5.3999999999999995
      vertex 104.01529905038723 43.66251840891797 5.8999999999999995
    endloop
  endfacet
  facet normal 0.19509032201613385 -0.9807852804032294 0
    outer loop
      vertex 104.01529905038723 43.66251840891797 5.3999999999999995
      vertex 104.15642118855794 43.690589347511185 5.3999999999999995
      vertex 104.15642118855794 43.690589347511185 5.8999999999999995
    endloop
  endfacet
  facet normal 0.6593458151000651 -0.7518398074789806 0
    outer loop
      vertex 103.5221825406948 43.3778174593052 5.3999999999999995
      vertex 103.63036242809041 43.47268867432035 5.8999999999999995
      vertex 103.5221825406948 43.3778174593052 5.8999999999999995
    endloop
  endfacet
  facet normal 0.5555702330196156 -0.8314696123025362 0
    outer loop
      vertex 103.63036242809041 43.47268867432035 5.3999999999999995
      vertex 103.75 43.55262794416288 5.8999999999999995
      vertex 103.63036242809041 43.47268867432035 5.8999999999999995
    endloop
  endfacet
  facet normal 0.4422886902189695 -0.8968727415327039 0
    outer loop
      vertex 103.75 43.55262794416288 5.3999999999999995
      vertex 103.8790482243984 43.61626748576241 5.8999999999999995
      vertex 103.75 43.55262794416288 5.8999999999999995
    endloop
  endfacet
  facet normal 0.3214394653031757 -0.9469301294951007 0
    outer loop
      vertex 103.8790482243984 43.61626748576241 5.3999999999999995
      vertex 104.01529905038723 43.66251840891797 5.8999999999999995
      vertex 103.8790482243984 43.61626748576241 5.8999999999999995
    endloop
  endfacet
  facet normal 0.19509032201613385 -0.9807852804032294 0
    outer loop
      vertex 104.01529905038723 43.66251840891797 5.3999999999999995
      vertex 104.15642118855794 43.690589347511185 5.8999999999999995
      vertex 104.01529905038723 43.66251840891797 5.8999999999999995
    endloop
  endfacet
  facet normal 0.06540312923015723 0.9978589232386026 0
    outer loop
      vertex 104.15642118855794 41.5094106524888 5.3999999999999995
      vertex 104.15642118855794 41.5094106524888 5.8999999999999995
      vertex 104.3 41.49999999999999 5.3999999999999995
    endloop
  endfacet
  facet normal -0.06540312923015723 0.9978589232386026 0
    outer loop
      vertex 104.3 41.49999999999999 5.3999999999999995
      vertex 104.3 41.49999999999999 5.8999999999999995
      vertex 104.44357881144205 41.5094106524888 5.3999999999999995
    endloop
  endfacet
  facet normal -0.19509032201613385 0.9807852804032294 0
    outer loop
      vertex 104.44357881144205 41.5094106524888 5.3999999999999995
      vertex 104.44357881144205 41.5094106524888 5.8999999999999995
      vertex 104.58470094961277 41.53748159108202 5.3999999999999995
    endloop
  endfacet
  facet normal -0.3214394653031757 0.9469301294951007 0
    outer loop
      vertex 104.58470094961277 41.53748159108202 5.3999999999999995
      vertex 104.58470094961277 41.53748159108202 5.8999999999999995
      vertex 104.72095177560159 41.58373251423758 5.3999999999999995
    endloop
  endfacet
  facet normal -0.4422886902189695 0.8968727415327039 0
    outer loop
      vertex 104.72095177560159 41.58373251423758 5.3999999999999995
      vertex 104.72095177560159 41.58373251423758 5.8999999999999995
      vertex 104.85 41.64737205583711 5.3999999999999995
    endloop
  endfacet
  facet normal -0.5555702330196156 0.8314696123025362 0
    outer loop
      vertex 104.85 41.64737205583711 5.3999999999999995
      vertex 104.85 41.64737205583711 5.8999999999999995
      vertex 104.96963757190959 41.727311325679636 5.3999999999999995
    endloop
  endfacet
  facet normal -0.6593458151000651 0.7518398074789806 0
    outer loop
      vertex 104.96963757190959 41.727311325679636 5.3999999999999995
      vertex 104.96963757190959 41.727311325679636 5.8999999999999995
      vertex 105.0778174593052 41.82218254069479 5.3999999999999995
    endloop
  endfacet
  facet normal -0.7518398074789776 0.6593458151000686 0
    outer loop
      vertex 105.0778174593052 41.82218254069479 5.3999999999999995
      vertex 105.0778174593052 41.82218254069479 5.8999999999999995
      vertex 105.17268867432036 41.930362428090405 5.3999999999999995
    endloop
  endfacet
  facet normal -0.8314696123025362 0.5555702330196156 0
    outer loop
      vertex 105.17268867432036 41.930362428090405 5.3999999999999995
      vertex 105.17268867432036 41.930362428090405 5.8999999999999995
      vertex 105.25262794416288 42.05 5.3999999999999995
    endloop
  endfacet
  facet normal -0.8968727415326944 0.44228869021898914 0
    outer loop
      vertex 105.25262794416288 42.05 5.3999999999999995
      vertex 105.25262794416288 42.05 5.8999999999999995
      vertex 105.31626748576241 42.17904822439839 5.3999999999999995
    endloop
  endfacet
  facet normal -0.9469301294950909 0.32143946530320494 0
    outer loop
      vertex 105.31626748576241 42.17904822439839 5.3999999999999995
      vertex 105.31626748576241 42.17904822439839 5.8999999999999995
      vertex 105.36251840891798 42.315299050387225 5.3999999999999995
    endloop
  endfacet
  facet normal -0.7518398074789776 -0.6593458151000686 0
    outer loop
      vertex 105.0778174593052 43.3778174593052 5.3999999999999995
      vertex 105.17268867432036 43.269637571909584 5.3999999999999995
      vertex 105.17268867432036 43.269637571909584 5.8999999999999995
    endloop
  endfacet
  facet normal -0.9469301294950909 -0.32143946530320494 0
    outer loop
      vertex 105.36251840891798 42.884700949612764 5.3999999999999995
      vertex 105.36251840891798 42.884700949612764 5.8999999999999995
      vertex 105.31626748576241 43.020951775601596 5.3999999999999995
    endloop
  endfacet
  facet normal -0.8314696123025362 -0.5555702330196156 0
    outer loop
      vertex 105.25262794416288 43.14999999999999 5.3999999999999995
      vertex 105.25262794416288 43.14999999999999 5.8999999999999995
      vertex 105.17268867432036 43.269637571909584 5.3999999999999995
    endloop
  endfacet
  facet normal -0.8968727415326944 -0.44228869021898914 0
    outer loop
      vertex 105.31626748576241 43.020951775601596 5.3999999999999995
      vertex 105.31626748576241 43.020951775601596 5.8999999999999995
      vertex 105.25262794416288 43.14999999999999 5.3999999999999995
    endloop
  endfacet
  facet normal 0.06540312923015723 0.9978589232386026 0
    outer loop
      vertex 104.3 41.49999999999999 5.3999999999999995
      vertex 104.15642118855794 41.5094106524888 5.8999999999999995
      vertex 104.3 41.49999999999999 5.8999999999999995
    endloop
  endfacet
  facet normal -0.06540312923015723 0.9978589232386026 0
    outer loop
      vertex 104.44357881144205 41.5094106524888 5.3999999999999995
      vertex 104.3 41.49999999999999 5.8999999999999995
      vertex 104.44357881144205 41.5094106524888 5.8999999999999995
    endloop
  endfacet
  facet normal -0.19509032201613385 0.9807852804032294 0
    outer loop
      vertex 104.58470094961277 41.53748159108202 5.3999999999999995
      vertex 104.44357881144205 41.5094106524888 5.8999999999999995
      vertex 104.58470094961277 41.53748159108202 5.8999999999999995
    endloop
  endfacet
  facet normal -0.3214394653031757 0.9469301294951007 0
    outer loop
      vertex 104.72095177560159 41.58373251423758 5.3999999999999995
      vertex 104.58470094961277 41.53748159108202 5.8999999999999995
      vertex 104.72095177560159 41.58373251423758 5.8999999999999995
    endloop
  endfacet
  facet normal -0.4422886902189695 0.8968727415327039 0
    outer loop
      vertex 104.85 41.64737205583711 5.3999999999999995
      vertex 104.72095177560159 41.58373251423758 5.8999999999999995
      vertex 104.85 41.64737205583711 5.8999999999999995
    endloop
  endfacet
  facet normal -0.5555702330196156 0.8314696123025362 0
    outer loop
      vertex 104.96963757190959 41.727311325679636 5.3999999999999995
      vertex 104.85 41.64737205583711 5.8999999999999995
      vertex 104.96963757190959 41.727311325679636 5.8999999999999995
    endloop
  endfacet
  facet normal -0.6593458151000651 0.7518398074789806 0
    outer loop
      vertex 105.0778174593052 41.82218254069479 5.3999999999999995
      vertex 104.96963757190959 41.727311325679636 5.8999999999999995
      vertex 105.0778174593052 41.82218254069479 5.8999999999999995
    endloop
  endfacet
  facet normal -0.7518398074789776 0.6593458151000686 0
    outer loop
      vertex 105.17268867432036 41.930362428090405 5.3999999999999995
      vertex 105.0778174593052 41.82218254069479 5.8999999999999995
      vertex 105.17268867432036 41.930362428090405 5.8999999999999995
    endloop
  endfacet
  facet normal -0.8314696123025362 0.5555702330196156 0
    outer loop
      vertex 105.25262794416288 42.05 5.3999999999999995
      vertex 105.17268867432036 41.930362428090405 5.8999999999999995
      vertex 105.25262794416288 42.05 5.8999999999999995
    endloop
  endfacet
  facet normal -0.8968727415326944 0.44228869021898914 0
    outer loop
      vertex 105.31626748576241 42.17904822439839 5.3999999999999995
      vertex 105.25262794416288 42.05 5.8999999999999995
      vertex 105.31626748576241 42.17904822439839 5.8999999999999995
    endloop
  endfacet
  facet normal -0.9469301294950909 0.32143946530320494 0
    outer loop
      vertex 105.36251840891798 42.315299050387225 5.3999999999999995
      vertex 105.31626748576241 42.17904822439839 5.8999999999999995
      vertex 105.36251840891798 42.315299050387225 5.8999999999999995
    endloop
  endfacet
  facet normal -0.7518398074789776 -0.6593458151000686 0
    outer loop
      vertex 105.0778174593052 43.3778174593052 5.3999999999999995
      vertex 105.17268867432036 43.269637571909584 5.8999999999999995
      vertex 105.0778174593052 43.3778174593052 5.8999999999999995
    endloop
  endfacet
  facet normal -0.8314696123025362 -0.5555702330196156 0
    outer loop
      vertex 105.17268867432036 43.269637571909584 5.3999999999999995
      vertex 105.25262794416288 43.14999999999999 5.8999999999999995
      vertex 105.17268867432036 43.269637571909584 5.8999999999999995
    endloop
  endfacet
  facet normal -0.9469301294950909 -0.32143946530320494 0
    outer loop
      vertex 105.31626748576241 43.020951775601596 5.3999999999999995
      vertex 105.36251840891798 42.884700949612764 5.8999999999999995
      vertex 105.31626748576241 43.020951775601596 5.8999999999999995
    endloop
  endfacet
  facet normal -0.8968727415326944 -0.44228869021898914 0
    outer loop
      vertex 105.25262794416288 43.14999999999999 5.3999999999999995
      vertex 105.31626748576241 43.020951775601596 5.8999999999999995
      vertex 105.25262794416288 43.14999999999999 5.8999999999999995
    endloop
  endfacet
  facet normal 0.06540312923015723 -0.9978589232386026 0
    outer loop
      vertex 104.15642118855794 43.690589347511185 5.3999999999999995
      vertex 104.3 43.699999999999996 5.3999999999999995
      vertex 104.3 43.699999999999996 5.8999999999999995
    endloop
  endfacet
  facet normal -0.06540312923015723 -0.9978589232386026 0
    outer loop
      vertex 104.3 43.699999999999996 5.3999999999999995
      vertex 104.44357881144205 43.690589347511185 5.3999999999999995
      vertex 104.44357881144205 43.690589347511185 5.8999999999999995
    endloop
  endfacet
  facet normal -0.19509032201613385 -0.9807852804032294 0
    outer loop
      vertex 104.44357881144205 43.690589347511185 5.3999999999999995
      vertex 104.58470094961277 43.66251840891797 5.3999999999999995
      vertex 104.58470094961277 43.66251840891797 5.8999999999999995
    endloop
  endfacet
  facet normal -0.3214394653031757 -0.9469301294951007 0
    outer loop
      vertex 104.72095177560159 43.61626748576241 5.3999999999999995
      vertex 104.72095177560159 43.61626748576241 5.8999999999999995
      vertex 104.58470094961277 43.66251840891797 5.3999999999999995
    endloop
  endfacet
  facet normal -0.4422886902189695 -0.8968727415327039 0
    outer loop
      vertex 104.72095177560159 43.61626748576241 5.3999999999999995
      vertex 104.85 43.55262794416288 5.3999999999999995
      vertex 104.85 43.55262794416288 5.8999999999999995
    endloop
  endfacet
  facet normal -0.5555702330196156 -0.8314696123025362 0
    outer loop
      vertex 104.85 43.55262794416288 5.3999999999999995
      vertex 104.96963757190959 43.47268867432035 5.3999999999999995
      vertex 104.96963757190959 43.47268867432035 5.8999999999999995
    endloop
  endfacet
  facet normal -0.6593458151000651 -0.7518398074789806 0
    outer loop
      vertex 104.96963757190959 43.47268867432035 5.3999999999999995
      vertex 105.0778174593052 43.3778174593052 5.3999999999999995
      vertex 105.0778174593052 43.3778174593052 5.8999999999999995
    endloop
  endfacet
  facet normal 0.06540312923015723 -0.9978589232386026 0
    outer loop
      vertex 104.15642118855794 43.690589347511185 5.3999999999999995
      vertex 104.3 43.699999999999996 5.8999999999999995
      vertex 104.15642118855794 43.690589347511185 5.8999999999999995
    endloop
  endfacet
  facet normal -0.06540312923015723 -0.9978589232386026 0
    outer loop
      vertex 104.3 43.699999999999996 5.3999999999999995
      vertex 104.44357881144205 43.690589347511185 5.8999999999999995
      vertex 104.3 43.699999999999996 5.8999999999999995
    endloop
  endfacet
  facet normal -0.19509032201613385 -0.9807852804032294 0
    outer loop
      vertex 104.44357881144205 43.690589347511185 5.3999999999999995
      vertex 104.58470094961277 43.66251840891797 5.8999999999999995
      vertex 104.44357881144205 43.690589347511185 5.8999999999999995
    endloop
  endfacet
  facet normal -0.3214394653031757 -0.9469301294951007 0
    outer loop
      vertex 104.58470094961277 43.66251840891797 5.3999999999999995
      vertex 104.72095177560159 43.61626748576241 5.8999999999999995
      vertex 104.58470094961277 43.66251840891797 5.8999999999999995
    endloop
  endfacet
  facet normal -0.4422886902189695 -0.8968727415327039 0
    outer loop
      vertex 104.72095177560159 43.61626748576241 5.3999999999999995
      vertex 104.85 43.55262794416288 5.8999999999999995
      vertex 104.72095177560159 43.61626748576241 5.8999999999999995
    endloop
  endfacet
  facet normal -0.5555702330196156 -0.8314696123025362 0
    outer loop
      vertex 104.85 43.55262794416288 5.3999999999999995
      vertex 104.96963757190959 43.47268867432035 5.8999999999999995
      vertex 104.85 43.55262794416288 5.8999999999999995
    endloop
  endfacet
  facet normal -0.6593458151000651 -0.7518398074789806 0
    outer loop
      vertex 104.96963757190959 43.47268867432035 5.3999999999999995
      vertex 105.0778174593052 43.3778174593052 5.8999999999999995
      vertex 104.96963757190959 43.47268867432035 5.8999999999999995
    endloop
  endfacet
  facet normal -0.9807852804032294 0.19509032201613385 0
    outer loop
      vertex 105.36251840891798 42.315299050387225 5.3999999999999995
      vertex 105.36251840891798 42.315299050387225 5.8999999999999995
      vertex 105.3905893475112 42.45642118855794 5.3999999999999995
    endloop
  endfacet
  facet normal -0.9978589232386091 0.06540312923005889 0
    outer loop
      vertex 105.3905893475112 42.45642118855794 5.3999999999999995
      vertex 105.3905893475112 42.45642118855794 5.8999999999999995
      vertex 105.39999999999999 42.599999999999994 5.3999999999999995
    endloop
  endfacet
  facet normal -0.9807852804032294 -0.19509032201613385 0
    outer loop
      vertex 105.3905893475112 42.74357881144205 5.3999999999999995
      vertex 105.3905893475112 42.74357881144205 5.8999999999999995
      vertex 105.36251840891798 42.884700949612764 5.3999999999999995
    endloop
  endfacet
  facet normal -0.9978589232386091 -0.06540312923005889 0
    outer loop
      vertex 105.39999999999999 42.599999999999994 5.3999999999999995
      vertex 105.39999999999999 42.599999999999994 5.8999999999999995
      vertex 105.3905893475112 42.74357881144205 5.3999999999999995
    endloop
  endfacet
  facet normal -0.9807852804032294 0.19509032201613385 0
    outer loop
      vertex 105.3905893475112 42.45642118855794 5.3999999999999995
      vertex 105.36251840891798 42.315299050387225 5.8999999999999995
      vertex 105.3905893475112 42.45642118855794 5.8999999999999995
    endloop
  endfacet
  facet normal -0.9978589232386091 0.06540312923005889 0
    outer loop
      vertex 105.39999999999999 42.599999999999994 5.3999999999999995
      vertex 105.3905893475112 42.45642118855794 5.8999999999999995
      vertex 105.39999999999999 42.599999999999994 5.8999999999999995
    endloop
  endfacet
  facet normal -0.9978589232386091 -0.06540312923005889 0
    outer loop
      vertex 105.3905893475112 42.74357881144205 5.3999999999999995
      vertex 105.39999999999999 42.599999999999994 5.8999999999999995
      vertex 105.3905893475112 42.74357881144205 5.8999999999999995
    endloop
  endfacet
  facet normal -0.9807852804032294 -0.19509032201613385 0
    outer loop
      vertex 105.36251840891798 42.884700949612764 5.3999999999999995
      vertex 105.3905893475112 42.74357881144205 5.8999999999999995
      vertex 105.36251840891798 42.884700949612764 5.8999999999999995
    endloop
  endfacet
  facet normal 0.6380079081513663 0.3146306816766637 -0.7028182149631551
    outer loop
      vertex 103.28373251423758 42.17904822439839 5.3999999999999995
      vertex 102.48992116100104 41.5549504950495 4.3999999999999995
      vertex 102.36900030383036 41.80015373690821 4.3999999999999995
    endloop
  endfacet
  facet normal 0.5914821172176781 0.39521571543614115 -0.7028182149631526
    outer loop
      vertex 103.34737205583711 42.05 5.3999999999999995
      vertex 102.64181296895565 41.327628339962956 4.3999999999999995
      vertex 102.48992116100104 41.5549504950495 4.3999999999999995
    endloop
  endfacet
  facet normal 0.5348359032685881 0.4690384987299869 -0.7028182149631534
    outer loop
      vertex 103.42731132567964 41.930362428090405 5.3999999999999995
      vertex 102.82207681674771 41.122076816747715 4.3999999999999995
      vertex 102.64181296895565 41.327628339962956 4.3999999999999995
    endloop
  endfacet
  facet normal 0.7098463971127869 0.046525790933654214 -0.7028182149631534
    outer loop
      vertex 103.2 42.599999999999994 5.3999999999999995
      vertex 102.22778207687116 42.32718733487472 4.3999999999999995
      vertex 102.20990099009902 42.599999999999994 4.3999999999999995
    endloop
  endfacet
  facet normal 0.6977007284515829 0.13878130361881347 -0.7028182149631532
    outer loop
      vertex 103.2094106524888 42.45642118855794 5.3999999999999995
      vertex 102.28111938683541 42.05904257008769 4.3999999999999995
      vertex 102.22778207687116 42.32718733487472 4.3999999999999995
    endloop
  endfacet
  facet normal 0.6736172068873846 0.2286622297215797 -0.702818214963154
    outer loop
      vertex 103.23748159108202 42.315299050387225 5.3999999999999995
      vertex 102.36900030383036 41.80015373690821 4.3999999999999995
      vertex 102.28111938683541 42.05904257008769 4.3999999999999995
    endloop
  endfacet
  facet normal 0.7098463971127884 -0.04652579093365432 -0.7028182149631519
    outer loop
      vertex 103.2094106524888 42.74357881144205 5.3999999999999995
      vertex 102.20990099009902 42.599999999999994 4.3999999999999995
      vertex 102.22778207687116 42.87281266512527 4.3999999999999995
    endloop
  endfacet
  facet normal 0.6977007284515826 -0.1387813036188134 -0.7028182149631537
    outer loop
      vertex 103.23748159108202 42.884700949612764 5.3999999999999995
      vertex 102.22778207687116 42.87281266512527 4.3999999999999995
      vertex 102.28111938683541 43.1409574299123 4.3999999999999995
    endloop
  endfacet
  facet normal 0.6736172068873826 -0.22866222972157904 -0.702818214963156
    outer loop
      vertex 103.28373251423758 43.020951775601596 5.3999999999999995
      vertex 102.28111938683541 43.1409574299123 4.3999999999999995
      vertex 102.36900030383036 43.39984626309178 4.3999999999999995
    endloop
  endfacet
  facet normal 0.6380079081513679 -0.31463068167666447 -0.7028182149631532
    outer loop
      vertex 103.34737205583711 43.14999999999999 5.3999999999999995
      vertex 102.36900030383036 43.39984626309178 4.3999999999999995
      vertex 102.48992116100104 43.645049504950485 4.3999999999999995
    endloop
  endfacet
  facet normal 0.5914821172176778 -0.39521571543614104 -0.7028182149631528
    outer loop
      vertex 103.42731132567964 43.269637571909584 5.3999999999999995
      vertex 102.48992116100104 43.645049504950485 4.3999999999999995
      vertex 102.64181296895565 43.87237166003703 4.3999999999999995
    endloop
  endfacet
  facet normal 0.5348359032685867 -0.4690384987299856 -0.7028182149631556
    outer loop
      vertex 103.5221825406948 43.3778174593052 5.3999999999999995
      vertex 102.64181296895565 43.87237166003703 4.3999999999999995
      vertex 102.82207681674771 44.077923183252274 4.3999999999999995
    endloop
  endfacet
  facet normal 0.4690384987299872 0.5348359032685859 -0.702818214963155
    outer loop
      vertex 103.5221825406948 41.82218254069479 5.3999999999999995
      vertex 103.02762833996296 40.941812968955645 4.3999999999999995
      vertex 102.82207681674771 41.122076816747715 4.3999999999999995
    endloop
  endfacet
  facet normal 0.39521571543613687 0.5914821172176808 -0.7028182149631526
    outer loop
      vertex 103.63036242809041 41.727311325679636 5.3999999999999995
      vertex 103.2549504950495 40.78992116100104 4.3999999999999995
      vertex 103.02762833996296 40.941812968955645 4.3999999999999995
    endloop
  endfacet
  facet normal 0.31463068167667957 0.6380079081513611 -0.7028182149631527
    outer loop
      vertex 103.75 41.64737205583711 5.3999999999999995
      vertex 103.5001537369082 40.66900030383036 4.3999999999999995
      vertex 103.2549504950495 40.78992116100104 4.3999999999999995
    endloop
  endfacet
  facet normal 0.22866222972156738 0.6736172068873852 -0.7028182149631573
    outer loop
      vertex 103.8790482243984 41.58373251423758 5.3999999999999995
      vertex 103.7590425700877 40.58111938683541 4.3999999999999995
      vertex 103.5001537369082 40.66900030383036 4.3999999999999995
    endloop
  endfacet
  facet normal 0.13878130361882357 0.6977007284515783 -0.7028182149631561
    outer loop
      vertex 104.01529905038723 41.53748159108202 5.3999999999999995
      vertex 104.02718733487471 40.52778207687116 4.3999999999999995
      vertex 103.7590425700877 40.58111938683541 4.3999999999999995
    endloop
  endfacet
  facet normal 0.046525790933670104 0.7098463971127842 -0.7028182149631554
    outer loop
      vertex 104.15642118855794 41.5094106524888 5.3999999999999995
      vertex 104.3 40.509900990099005 4.3999999999999995
      vertex 104.02718733487471 40.52778207687116 4.3999999999999995
    endloop
  endfacet
  facet normal 0.4690384987299883 -0.5348359032685871 -0.7028182149631534
    outer loop
      vertex 103.63036242809041 43.47268867432035 5.3999999999999995
      vertex 102.82207681674771 44.077923183252274 4.3999999999999995
      vertex 103.02762833996296 44.25818703104434 4.3999999999999995
    endloop
  endfacet
  facet normal 0.39521571543613726 -0.5914821172176814 -0.702818214963152
    outer loop
      vertex 103.75 43.55262794416288 5.3999999999999995
      vertex 103.02762833996296 44.25818703104434 4.3999999999999995
      vertex 103.2549504950495 44.41007883899895 4.3999999999999995
    endloop
  endfacet
  facet normal 0.3146306816766778 -0.6380079081513574 -0.7028182149631567
    outer loop
      vertex 103.8790482243984 43.61626748576241 5.3999999999999995
      vertex 103.2549504950495 44.41007883899895 4.3999999999999995
      vertex 103.5001537369082 44.53099969616963 4.3999999999999995
    endloop
  endfacet
  facet normal 0.2286622297215678 -0.6736172068873865 -0.7028182149631559
    outer loop
      vertex 104.01529905038723 43.66251840891797 5.3999999999999995
      vertex 103.5001537369082 44.53099969616963 4.3999999999999995
      vertex 103.7590425700877 44.61888061316458 4.3999999999999995
    endloop
  endfacet
  facet normal 0.13878130361882351 -0.6977007284515779 -0.7028182149631564
    outer loop
      vertex 104.15642118855794 43.690589347511185 5.3999999999999995
      vertex 103.7590425700877 44.61888061316458 4.3999999999999995
      vertex 104.02718733487471 44.67221792312883 4.3999999999999995
    endloop
  endfacet
  facet normal 0.7098463971127906 0.046525790933632884 -0.7028182149631513
    outer loop
      vertex 103.2094106524888 42.45642118855794 5.3999999999999995
      vertex 102.22778207687116 42.32718733487472 4.3999999999999995
      vertex 103.2 42.599999999999994 5.3999999999999995
    endloop
  endfacet
  facet normal 0.6736172068873728 0.22866222972160488 -0.702818214963157
    outer loop
      vertex 103.23748159108202 42.315299050387225 5.3999999999999995
      vertex 103.28373251423758 42.17904822439839 5.3999999999999995
      vertex 102.36900030383036 41.80015373690821 4.3999999999999995
    endloop
  endfacet
  facet normal 0.6380079081513796 0.3146306816766425 -0.7028182149631524
    outer loop
      vertex 103.34737205583711 42.05 5.3999999999999995
      vertex 102.48992116100104 41.5549504950495 4.3999999999999995
      vertex 103.28373251423758 42.17904822439839 5.3999999999999995
    endloop
  endfacet
  facet normal 0.697700728451581 0.13878130361882002 -0.702818214963154
    outer loop
      vertex 103.23748159108202 42.315299050387225 5.3999999999999995
      vertex 102.28111938683541 42.05904257008769 4.3999999999999995
      vertex 103.2094106524888 42.45642118855794 5.3999999999999995
    endloop
  endfacet
  facet normal 0.7098463971127876 -0.04652579093363268 -0.7028182149631542
    outer loop
      vertex 103.2 42.599999999999994 5.3999999999999995
      vertex 102.20990099009902 42.599999999999994 4.3999999999999995
      vertex 103.2094106524888 42.74357881144205 5.3999999999999995
    endloop
  endfacet
  facet normal 0.697700728451582 -0.1387813036188202 -0.702818214963153
    outer loop
      vertex 103.2094106524888 42.74357881144205 5.3999999999999995
      vertex 102.22778207687116 42.87281266512527 4.3999999999999995
      vertex 103.23748159108202 42.884700949612764 5.3999999999999995
    endloop
  endfacet
  facet normal 0.6736172068873765 -0.2286622297216061 -0.702818214963153
    outer loop
      vertex 103.23748159108202 42.884700949612764 5.3999999999999995
      vertex 102.28111938683541 43.1409574299123 4.3999999999999995
      vertex 103.28373251423758 43.020951775601596 5.3999999999999995
    endloop
  endfacet
  facet normal 0.6380079081513765 -0.314630681676641 -0.702818214963156
    outer loop
      vertex 103.28373251423758 43.020951775601596 5.3999999999999995
      vertex 102.36900030383036 43.39984626309178 4.3999999999999995
      vertex 103.34737205583711 43.14999999999999 5.3999999999999995
    endloop
  endfacet
  facet normal 0.591482117217676 0.39521571543614364 -0.7028182149631528
    outer loop
      vertex 103.34737205583711 42.05 5.3999999999999995
      vertex 103.42731132567964 41.930362428090405 5.3999999999999995
      vertex 102.64181296895565 41.327628339962956 4.3999999999999995
    endloop
  endfacet
  facet normal 0.5348359032685684 0.4690384987300051 -0.7028182149631563
    outer loop
      vertex 103.5221825406948 41.82218254069479 5.3999999999999995
      vertex 102.82207681674771 41.122076816747715 4.3999999999999995
      vertex 103.42731132567964 41.930362428090405 5.3999999999999995
    endloop
  endfacet
  facet normal 0.469038498730005 0.5348359032685733 -0.7028182149631528
    outer loop
      vertex 103.63036242809041 41.727311325679636 5.3999999999999995
      vertex 103.02762833996296 40.941812968955645 4.3999999999999995
      vertex 103.5221825406948 41.82218254069479 5.3999999999999995
    endloop
  endfacet
  facet normal 0.39521571543614425 0.5914821172176769 -0.7028182149631516
    outer loop
      vertex 103.63036242809041 41.727311325679636 5.3999999999999995
      vertex 103.75 41.64737205583711 5.3999999999999995
      vertex 103.2549504950495 40.78992116100104 4.3999999999999995
    endloop
  endfacet
  facet normal 0.5914821172176764 -0.3952157154361439 -0.7028182149631524
    outer loop
      vertex 103.34737205583711 43.14999999999999 5.3999999999999995
      vertex 102.48992116100104 43.645049504950485 4.3999999999999995
      vertex 103.42731132567964 43.269637571909584 5.3999999999999995
    endloop
  endfacet
  facet normal 0.31463068167662583 0.6380079081513809 -0.7028182149631587
    outer loop
      vertex 103.8790482243984 41.58373251423758 5.3999999999999995
      vertex 103.5001537369082 40.66900030383036 4.3999999999999995
      vertex 103.75 41.64737205583711 5.3999999999999995
    endloop
  endfacet
  facet normal 0.22866222972158454 0.6736172068873812 -0.7028182149631553
    outer loop
      vertex 103.8790482243984 41.58373251423758 5.3999999999999995
      vertex 104.01529905038723 41.53748159108202 5.3999999999999995
      vertex 103.7590425700877 40.58111938683541 4.3999999999999995
    endloop
  endfacet
  facet normal 0.13878130361881952 0.6977007284515786 -0.7028182149631564
    outer loop
      vertex 104.01529905038723 41.53748159108202 5.3999999999999995
      vertex 104.15642118855794 41.5094106524888 5.3999999999999995
      vertex 104.02718733487471 40.52778207687116 4.3999999999999995
    endloop
  endfacet
  facet normal 0.5348359032685712 -0.46903849873000747 -0.7028182149631527
    outer loop
      vertex 103.42731132567964 43.269637571909584 5.3999999999999995
      vertex 102.64181296895565 43.87237166003703 4.3999999999999995
      vertex 103.5221825406948 43.3778174593052 5.3999999999999995
    endloop
  endfacet
  facet normal 0.46903849873000303 -0.5348359032685711 -0.7028182149631558
    outer loop
      vertex 103.5221825406948 43.3778174593052 5.3999999999999995
      vertex 102.82207681674771 44.077923183252274 4.3999999999999995
      vertex 103.63036242809041 43.47268867432035 5.3999999999999995
    endloop
  endfacet
  facet normal 0.39521571543614364 -0.591482117217676 -0.7028182149631528
    outer loop
      vertex 103.63036242809041 43.47268867432035 5.3999999999999995
      vertex 103.02762833996296 44.25818703104434 4.3999999999999995
      vertex 103.75 43.55262794416288 5.3999999999999995
    endloop
  endfacet
  facet normal 0.31463068167662933 -0.638007908151388 -0.7028182149631508
    outer loop
      vertex 103.75 43.55262794416288 5.3999999999999995
      vertex 103.2549504950495 44.41007883899895 4.3999999999999995
      vertex 103.8790482243984 43.61626748576241 5.3999999999999995
    endloop
  endfacet
  facet normal 0.22866222972158376 -0.673617206887379 -0.7028182149631578
    outer loop
      vertex 103.8790482243984 43.61626748576241 5.3999999999999995
      vertex 103.5001537369082 44.53099969616963 4.3999999999999995
      vertex 104.01529905038723 43.66251840891797 5.3999999999999995
    endloop
  endfacet
  facet normal 0.13878130361881963 -0.6977007284515792 -0.7028182149631559
    outer loop
      vertex 104.01529905038723 43.66251840891797 5.3999999999999995
      vertex 103.7590425700877 44.61888061316458 4.3999999999999995
      vertex 104.15642118855794 43.690589347511185 5.3999999999999995
    endloop
  endfacet
  facet normal 0.0465257909337025 -0.7098463971127809 -0.7028182149631564
    outer loop
      vertex 104.15642118855794 43.690589347511185 5.3999999999999995
      vertex 104.02718733487471 44.67221792312883 4.3999999999999995
      vertex 104.3 43.699999999999996 5.3999999999999995
    endloop
  endfacet
  facet normal -0.04652579093367025 0.7098463971127864 -0.7028182149631529
    outer loop
      vertex 104.3 41.49999999999999 5.3999999999999995
      vertex 104.57281266512528 40.52778207687116 4.3999999999999995
      vertex 104.3 40.509900990099005 4.3999999999999995
    endloop
  endfacet
  facet normal -0.13878130361882351 0.6977007284515779 -0.7028182149631564
    outer loop
      vertex 104.44357881144205 41.5094106524888 5.3999999999999995
      vertex 104.8409574299123 40.58111938683541 4.3999999999999995
      vertex 104.57281266512528 40.52778207687116 4.3999999999999995
    endloop
  endfacet
  facet normal -0.2286622297215678 0.6736172068873865 -0.7028182149631559
    outer loop
      vertex 104.58470094961277 41.53748159108202 5.3999999999999995
      vertex 105.09984626309179 40.66900030383036 4.3999999999999995
      vertex 104.8409574299123 40.58111938683541 4.3999999999999995
    endloop
  endfacet
  facet normal -0.3146306816766778 0.6380079081513574 -0.7028182149631567
    outer loop
      vertex 104.72095177560159 41.58373251423758 5.3999999999999995
      vertex 105.3450495049505 40.78992116100104 4.3999999999999995
      vertex 105.09984626309179 40.66900030383036 4.3999999999999995
    endloop
  endfacet
  facet normal -0.39521571543613726 0.5914821172176814 -0.702818214963152
    outer loop
      vertex 104.85 41.64737205583711 5.3999999999999995
      vertex 105.57237166003704 40.941812968955645 4.3999999999999995
      vertex 105.3450495049505 40.78992116100104 4.3999999999999995
    endloop
  endfacet
  facet normal 0.04652579093367025 -0.7098463971127864 -0.7028182149631529
    outer loop
      vertex 104.3 43.699999999999996 5.3999999999999995
      vertex 104.02718733487471 44.67221792312883 4.3999999999999995
      vertex 104.3 44.69009900990098 4.3999999999999995
    endloop
  endfacet
  facet normal -0.046525790933670104 -0.7098463971127842 -0.7028182149631554
    outer loop
      vertex 104.44357881144205 43.690589347511185 5.3999999999999995
      vertex 104.3 44.69009900990098 4.3999999999999995
      vertex 104.57281266512528 44.67221792312883 4.3999999999999995
    endloop
  endfacet
  facet normal -0.13878130361882357 -0.6977007284515783 -0.7028182149631561
    outer loop
      vertex 104.58470094961277 43.66251840891797 5.3999999999999995
      vertex 104.57281266512528 44.67221792312883 4.3999999999999995
      vertex 104.8409574299123 44.61888061316458 4.3999999999999995
    endloop
  endfacet
  facet normal -0.22866222972156738 -0.6736172068873852 -0.7028182149631573
    outer loop
      vertex 104.72095177560159 43.61626748576241 5.3999999999999995
      vertex 104.8409574299123 44.61888061316458 4.3999999999999995
      vertex 105.09984626309179 44.53099969616963 4.3999999999999995
    endloop
  endfacet
  facet normal -0.39521571543613687 -0.5914821172176808 -0.7028182149631526
    outer loop
      vertex 104.96963757190959 43.47268867432035 5.3999999999999995
      vertex 105.3450495049505 44.41007883899895 4.3999999999999995
      vertex 105.57237166003704 44.25818703104434 4.3999999999999995
    endloop
  endfacet
  facet normal -0.31463068167667957 -0.6380079081513611 -0.7028182149631527
    outer loop
      vertex 104.85 43.55262794416288 5.3999999999999995
      vertex 105.09984626309179 44.53099969616963 4.3999999999999995
      vertex 105.3450495049505 44.41007883899895 4.3999999999999995
    endloop
  endfacet
  facet normal -0.4690384987300071 0.5348359032685716 -0.7028182149631527
    outer loop
      vertex 104.96963757190959 41.727311325679636 5.3999999999999995
      vertex 105.77792318325227 41.122076816747715 4.3999999999999995
      vertex 105.57237166003704 40.941812968955645 4.3999999999999995
    endloop
  endfacet
  facet normal -0.5348359032685706 0.4690384987300084 -0.7028182149631526
    outer loop
      vertex 105.0778174593052 41.82218254069479 5.3999999999999995
      vertex 105.95818703104435 41.327628339962956 4.3999999999999995
      vertex 105.77792318325227 41.122076816747715 4.3999999999999995
    endloop
  endfacet
  facet normal -0.5914821172176778 0.39521571543614104 -0.7028182149631528
    outer loop
      vertex 105.17268867432036 41.930362428090405 5.3999999999999995
      vertex 106.11007883899896 41.5549504950495 4.3999999999999995
      vertex 105.95818703104435 41.327628339962956 4.3999999999999995
    endloop
  endfacet
  facet normal -0.6380079081513679 0.31463068167666447 -0.7028182149631532
    outer loop
      vertex 105.25262794416288 42.05 5.3999999999999995
      vertex 106.23099969616963 41.80015373690821 4.3999999999999995
      vertex 106.11007883899896 41.5549504950495 4.3999999999999995
    endloop
  endfacet
  facet normal -0.6380079081513708 -0.31463068167665675 -0.7028182149631542
    outer loop
      vertex 105.31626748576241 43.020951775601596 5.3999999999999995
      vertex 106.11007883899896 43.645049504950485 4.3999999999999995
      vertex 106.23099969616963 43.399846263091774 4.3999999999999995
    endloop
  endfacet
  facet normal -0.6736172068873826 0.22866222972157904 -0.702818214963156
    outer loop
      vertex 105.31626748576241 42.17904822439839 5.3999999999999995
      vertex 106.31888061316458 42.05904257008769 4.3999999999999995
      vertex 106.23099969616963 41.80015373690821 4.3999999999999995
    endloop
  endfacet
  facet normal -0.6977007284515826 0.1387813036188134 -0.7028182149631537
    outer loop
      vertex 105.36251840891798 42.315299050387225 5.3999999999999995
      vertex 106.37221792312883 42.32718733487472 4.3999999999999995
      vertex 106.31888061316458 42.05904257008769 4.3999999999999995
    endloop
  endfacet
  facet normal -0.7098463971127884 0.04652579093365432 -0.7028182149631519
    outer loop
      vertex 105.3905893475112 42.45642118855794 5.3999999999999995
      vertex 106.39009900990098 42.599999999999994 4.3999999999999995
      vertex 106.37221792312883 42.32718733487472 4.3999999999999995
    endloop
  endfacet
  facet normal -0.7098463971127869 -0.046525790933654214 -0.7028182149631534
    outer loop
      vertex 105.39999999999999 42.599999999999994 5.3999999999999995
      vertex 106.37221792312883 42.87281266512527 4.3999999999999995
      vertex 106.39009900990098 42.599999999999994 4.3999999999999995
    endloop
  endfacet
  facet normal -0.6977007284515829 -0.13878130361881347 -0.7028182149631532
    outer loop
      vertex 105.3905893475112 42.74357881144205 5.3999999999999995
      vertex 106.31888061316458 43.1409574299123 4.3999999999999995
      vertex 106.37221792312883 42.87281266512527 4.3999999999999995
    endloop
  endfacet
  facet normal -0.6736172068873828 -0.22866222972158537 -0.7028182149631539
    outer loop
      vertex 105.36251840891798 42.884700949612764 5.3999999999999995
      vertex 106.23099969616963 43.399846263091774 4.3999999999999995
      vertex 106.31888061316458 43.1409574299123 4.3999999999999995
    endloop
  endfacet
  facet normal -0.4690384987299872 -0.5348359032685859 -0.702818214963155
    outer loop
      vertex 105.0778174593052 43.3778174593052 5.3999999999999995
      vertex 105.57237166003704 44.25818703104434 4.3999999999999995
      vertex 105.77792318325228 44.077923183252274 4.3999999999999995
    endloop
  endfacet
  facet normal -0.5348359032685881 -0.4690384987299869 -0.7028182149631534
    outer loop
      vertex 105.17268867432036 43.269637571909584 5.3999999999999995
      vertex 105.77792318325228 44.077923183252274 4.3999999999999995
      vertex 105.95818703104435 43.87237166003703 4.3999999999999995
    endloop
  endfacet
  facet normal -0.5914821172176781 -0.39521571543614115 -0.7028182149631526
    outer loop
      vertex 105.25262794416288 43.14999999999999 5.3999999999999995
      vertex 105.95818703104435 43.87237166003703 4.3999999999999995
      vertex 106.11007883899896 43.645049504950485 4.3999999999999995
    endloop
  endfacet
  facet normal 0.046525790933702786 0.7098463971127853 -0.7028182149631519
    outer loop
      vertex 104.15642118855794 41.5094106524888 5.3999999999999995
      vertex 104.3 41.49999999999999 5.3999999999999995
      vertex 104.3 40.509900990099005 4.3999999999999995
    endloop
  endfacet
  facet normal -0.0465257909337025 0.7098463971127809 -0.7028182149631564
    outer loop
      vertex 104.3 41.49999999999999 5.3999999999999995
      vertex 104.44357881144205 41.5094106524888 5.3999999999999995
      vertex 104.57281266512528 40.52778207687116 4.3999999999999995
    endloop
  endfacet
  facet normal -0.13878130361881963 0.697700728451579 -0.702818214963156
    outer loop
      vertex 104.44357881144205 41.5094106524888 5.3999999999999995
      vertex 104.58470094961277 41.53748159108202 5.3999999999999995
      vertex 104.8409574299123 40.58111938683541 4.3999999999999995
    endloop
  endfacet
  facet normal -0.22866222972158376 0.673617206887379 -0.7028182149631578
    outer loop
      vertex 104.58470094961277 41.53748159108202 5.3999999999999995
      vertex 104.72095177560159 41.58373251423758 5.3999999999999995
      vertex 105.09984626309179 40.66900030383036 4.3999999999999995
    endloop
  endfacet
  facet normal -0.31463068167662933 0.638007908151388 -0.7028182149631508
    outer loop
      vertex 104.72095177560159 41.58373251423758 5.3999999999999995
      vertex 104.85 41.64737205583711 5.3999999999999995
      vertex 105.3450495049505 40.78992116100104 4.3999999999999995
    endloop
  endfacet
  facet normal -0.39521571543614364 0.591482117217676 -0.7028182149631528
    outer loop
      vertex 104.85 41.64737205583711 5.3999999999999995
      vertex 104.96963757190959 41.727311325679636 5.3999999999999995
      vertex 105.57237166003704 40.941812968955645 4.3999999999999995
    endloop
  endfacet
  facet normal -0.4690384987300053 0.5348359032685737 -0.7028182149631524
    outer loop
      vertex 104.96963757190959 41.727311325679636 5.3999999999999995
      vertex 105.0778174593052 41.82218254069479 5.3999999999999995
      vertex 105.77792318325227 41.122076816747715 4.3999999999999995
    endloop
  endfacet
  facet normal -0.046525790933702786 -0.7098463971127853 -0.7028182149631519
    outer loop
      vertex 104.3 43.699999999999996 5.3999999999999995
      vertex 104.3 44.69009900990098 4.3999999999999995
      vertex 104.44357881144205 43.690589347511185 5.3999999999999995
    endloop
  endfacet
  facet normal -0.13878130361881952 -0.6977007284515786 -0.7028182149631566
    outer loop
      vertex 104.44357881144205 43.690589347511185 5.3999999999999995
      vertex 104.57281266512528 44.67221792312883 4.3999999999999995
      vertex 104.58470094961277 43.66251840891797 5.3999999999999995
    endloop
  endfacet
  facet normal -0.22866222972158454 -0.6736172068873812 -0.7028182149631553
    outer loop
      vertex 104.72095177560159 43.61626748576241 5.3999999999999995
      vertex 104.58470094961277 43.66251840891797 5.3999999999999995
      vertex 104.8409574299123 44.61888061316458 4.3999999999999995
    endloop
  endfacet
  facet normal -0.31463068167662583 -0.6380079081513809 -0.7028182149631587
    outer loop
      vertex 104.72095177560159 43.61626748576241 5.3999999999999995
      vertex 105.09984626309179 44.53099969616963 4.3999999999999995
      vertex 104.85 43.55262794416288 5.3999999999999995
    endloop
  endfacet
  facet normal -0.39521571543614425 -0.5914821172176769 -0.7028182149631516
    outer loop
      vertex 104.85 43.55262794416288 5.3999999999999995
      vertex 105.3450495049505 44.41007883899895 4.3999999999999995
      vertex 104.96963757190959 43.47268867432035 5.3999999999999995
    endloop
  endfacet
  facet normal -0.469038498730005 -0.5348359032685733 -0.7028182149631528
    outer loop
      vertex 104.96963757190959 43.47268867432035 5.3999999999999995
      vertex 105.57237166003704 44.25818703104434 4.3999999999999995
      vertex 105.0778174593052 43.3778174593052 5.3999999999999995
    endloop
  endfacet
  facet normal -0.5348359032685684 -0.4690384987300051 -0.7028182149631563
    outer loop
      vertex 105.0778174593052 43.3778174593052 5.3999999999999995
      vertex 105.77792318325228 44.077923183252274 4.3999999999999995
      vertex 105.17268867432036 43.269637571909584 5.3999999999999995
    endloop
  endfacet
  facet normal -0.5348359032685712 0.46903849873000747 -0.7028182149631527
    outer loop
      vertex 105.0778174593052 41.82218254069479 5.3999999999999995
      vertex 105.17268867432036 41.930362428090405 5.3999999999999995
      vertex 105.95818703104435 41.327628339962956 4.3999999999999995
    endloop
  endfacet
  facet normal -0.5914821172176764 0.3952157154361439 -0.7028182149631524
    outer loop
      vertex 105.17268867432036 41.930362428090405 5.3999999999999995
      vertex 105.25262794416288 42.05 5.3999999999999995
      vertex 106.11007883899896 41.5549504950495 4.3999999999999995
    endloop
  endfacet
  facet normal -0.6380079081513765 0.314630681676641 -0.702818214963156
    outer loop
      vertex 105.25262794416288 42.05 5.3999999999999995
      vertex 105.31626748576241 42.17904822439839 5.3999999999999995
      vertex 106.23099969616963 41.80015373690821 4.3999999999999995
    endloop
  endfacet
  facet normal -0.6380079081513796 -0.3146306816766425 -0.7028182149631524
    outer loop
      vertex 105.31626748576241 43.020951775601596 5.3999999999999995
      vertex 105.25262794416288 43.14999999999999 5.3999999999999995
      vertex 106.11007883899896 43.645049504950485 4.3999999999999995
    endloop
  endfacet
  facet normal -0.6736172068873736 -0.22866222972160513 -0.7028182149631561
    outer loop
      vertex 105.36251840891798 42.884700949612764 5.3999999999999995
      vertex 105.31626748576241 43.020951775601596 5.3999999999999995
      vertex 106.23099969616963 43.399846263091774 4.3999999999999995
    endloop
  endfacet
  facet normal -0.6736172068873765 0.2286622297216061 -0.7028182149631532
    outer loop
      vertex 105.31626748576241 42.17904822439839 5.3999999999999995
      vertex 105.36251840891798 42.315299050387225 5.3999999999999995
      vertex 106.31888061316458 42.05904257008769 4.3999999999999995
    endloop
  endfacet
  facet normal -0.697700728451582 0.1387813036188202 -0.702818214963153
    outer loop
      vertex 105.36251840891798 42.315299050387225 5.3999999999999995
      vertex 105.3905893475112 42.45642118855794 5.3999999999999995
      vertex 106.37221792312883 42.32718733487472 4.3999999999999995
    endloop
  endfacet
  facet normal -0.7098463971127876 0.04652579093363268 -0.7028182149631542
    outer loop
      vertex 105.3905893475112 42.45642118855794 5.3999999999999995
      vertex 105.39999999999999 42.599999999999994 5.3999999999999995
      vertex 106.39009900990098 42.599999999999994 4.3999999999999995
    endloop
  endfacet
  facet normal -0.697700728451581 -0.13878130361882002 -0.7028182149631539
    outer loop
      vertex 105.3905893475112 42.74357881144205 5.3999999999999995
      vertex 105.36251840891798 42.884700949612764 5.3999999999999995
      vertex 106.31888061316458 43.1409574299123 4.3999999999999995
    endloop
  endfacet
  facet normal -0.7098463971127906 -0.046525790933632884 -0.7028182149631511
    outer loop
      vertex 105.39999999999999 42.599999999999994 5.3999999999999995
      vertex 105.3905893475112 42.74357881144205 5.3999999999999995
      vertex 106.37221792312883 42.87281266512527 4.3999999999999995
    endloop
  endfacet
  facet normal -0.591482117217676 -0.39521571543614364 -0.7028182149631528
    outer loop
      vertex 105.25262794416288 43.14999999999999 5.3999999999999995
      vertex 105.17268867432036 43.269637571909584 5.3999999999999995
      vertex 105.95818703104435 43.87237166003703 4.3999999999999995
    endloop
  endfacet
  facet normal 0.6593458151000651 0.7518398074789806 0
    outer loop
      vertex 103.63036242809041 61.12731132567964 5.3999999999999995
      vertex 103.5221825406948 61.222182540694796 5.3999999999999995
      vertex 103.5221825406948 61.222182540694796 5.8999999999999995
    endloop
  endfacet
  facet normal 0.5555702330196156 0.8314696123025362 0
    outer loop
      vertex 103.63036242809041 61.12731132567964 5.3999999999999995
      vertex 103.63036242809041 61.12731132567964 5.8999999999999995
      vertex 103.75 61.047372055837116 5.3999999999999995
    endloop
  endfacet
  facet normal 0.4422886902189695 0.8968727415327039 0
    outer loop
      vertex 103.75 61.047372055837116 5.3999999999999995
      vertex 103.75 61.047372055837116 5.8999999999999995
      vertex 103.8790482243984 60.98373251423759 5.3999999999999995
    endloop
  endfacet
  facet normal 0.3214394653031757 0.9469301294951007 0
    outer loop
      vertex 104.01529905038723 60.937481591082026 5.3999999999999995
      vertex 103.8790482243984 60.98373251423759 5.3999999999999995
      vertex 103.8790482243984 60.98373251423759 5.8999999999999995
    endloop
  endfacet
  facet normal 0.19509032201613385 0.9807852804032294 0
    outer loop
      vertex 104.01529905038723 60.937481591082026 5.3999999999999995
      vertex 104.01529905038723 60.937481591082026 5.8999999999999995
      vertex 104.15642118855794 60.90941065248881 5.3999999999999995
    endloop
  endfacet
  facet normal 0.6593458151000651 0.7518398074789806 0
    outer loop
      vertex 103.63036242809041 61.12731132567964 5.3999999999999995
      vertex 103.5221825406948 61.222182540694796 5.8999999999999995
      vertex 103.63036242809041 61.12731132567964 5.8999999999999995
    endloop
  endfacet
  facet normal 0.5555702330196156 0.8314696123025362 0
    outer loop
      vertex 103.75 61.047372055837116 5.3999999999999995
      vertex 103.63036242809041 61.12731132567964 5.8999999999999995
      vertex 103.75 61.047372055837116 5.8999999999999995
    endloop
  endfacet
  facet normal 0.4422886902189695 0.8968727415327039 0
    outer loop
      vertex 103.8790482243984 60.98373251423759 5.3999999999999995
      vertex 103.75 61.047372055837116 5.8999999999999995
      vertex 103.8790482243984 60.98373251423759 5.8999999999999995
    endloop
  endfacet
  facet normal 0.3214394653031757 0.9469301294951007 0
    outer loop
      vertex 104.01529905038723 60.937481591082026 5.3999999999999995
      vertex 103.8790482243984 60.98373251423759 5.8999999999999995
      vertex 104.01529905038723 60.937481591082026 5.8999999999999995
    endloop
  endfacet
  facet normal 0.19509032201613385 0.9807852804032294 0
    outer loop
      vertex 104.15642118855794 60.90941065248881 5.3999999999999995
      vertex 104.01529905038723 60.937481591082026 5.8999999999999995
      vertex 104.15642118855794 60.90941065248881 5.8999999999999995
    endloop
  endfacet
  facet normal 0.8968727415326944 0.44228869021898914 0
    outer loop
      vertex 103.34737205583711 61.45 5.3999999999999995
      vertex 103.28373251423758 61.5790482243984 5.3999999999999995
      vertex 103.28373251423758 61.5790482243984 5.8999999999999995
    endloop
  endfacet
  facet normal 0.9469301294950909 0.32143946530320494 0
    outer loop
      vertex 103.23748159108202 61.71529905038723 5.3999999999999995
      vertex 103.23748159108202 61.71529905038723 5.8999999999999995
      vertex 103.28373251423758 61.5790482243984 5.3999999999999995
    endloop
  endfacet
  facet normal 0.9807852804032294 0.19509032201613385 0
    outer loop
      vertex 103.23748159108202 61.71529905038723 5.3999999999999995
      vertex 103.2094106524888 61.856421188557945 5.3999999999999995
      vertex 103.2094106524888 61.856421188557945 5.8999999999999995
    endloop
  endfacet
  facet normal 0.9978589232386091 0.06540312923005889 0
    outer loop
      vertex 103.2094106524888 61.856421188557945 5.3999999999999995
      vertex 103.2 62 5.3999999999999995
      vertex 103.2 62 5.8999999999999995
    endloop
  endfacet
  facet normal 0.9978589232386091 -0.06540312923005889 0
    outer loop
      vertex 103.2 62 5.3999999999999995
      vertex 103.2094106524888 62.143578811442055 5.3999999999999995
      vertex 103.2094106524888 62.143578811442055 5.8999999999999995
    endloop
  endfacet
  facet normal 0.9807852804032294 -0.19509032201613385 0
    outer loop
      vertex 103.2094106524888 62.143578811442055 5.3999999999999995
      vertex 103.23748159108202 62.28470094961277 5.3999999999999995
      vertex 103.23748159108202 62.28470094961277 5.8999999999999995
    endloop
  endfacet
  facet normal 0.9469301294950909 -0.32143946530320494 0
    outer loop
      vertex 103.23748159108202 62.28470094961277 5.3999999999999995
      vertex 103.28373251423758 62.4209517756016 5.3999999999999995
      vertex 103.28373251423758 62.4209517756016 5.8999999999999995
    endloop
  endfacet
  facet normal 0.8968727415326944 -0.44228869021898914 0
    outer loop
      vertex 103.28373251423758 62.4209517756016 5.3999999999999995
      vertex 103.34737205583711 62.55 5.3999999999999995
      vertex 103.34737205583711 62.55 5.8999999999999995
    endloop
  endfacet
  facet normal 0.8314696123025362 0.5555702330196156 0
    outer loop
      vertex 103.34737205583711 61.45 5.3999999999999995
      vertex 103.34737205583711 61.45 5.8999999999999995
      vertex 103.42731132567964 61.33036242809041 5.3999999999999995
    endloop
  endfacet
  facet normal 0.7518398074789776 0.6593458151000686 0
    outer loop
      vertex 103.42731132567964 61.33036242809041 5.3999999999999995
      vertex 103.42731132567964 61.33036242809041 5.8999999999999995
      vertex 103.5221825406948 61.222182540694796 5.3999999999999995
    endloop
  endfacet
  facet normal 0.8314696123025362 -0.5555702330196156 0
    outer loop
      vertex 103.34737205583711 62.55 5.3999999999999995
      vertex 103.42731132567964 62.66963757190959 5.3999999999999995
      vertex 103.42731132567964 62.66963757190959 5.8999999999999995
    endloop
  endfacet
  facet normal 0.7518398074789776 -0.6593458151000686 0
    outer loop
      vertex 103.42731132567964 62.66963757190959 5.3999999999999995
      vertex 103.5221825406948 62.777817459305204 5.3999999999999995
      vertex 103.5221825406948 62.777817459305204 5.8999999999999995
    endloop
  endfacet
  facet normal 0.6593458151000651 -0.7518398074789806 0
    outer loop
      vertex 103.5221825406948 62.777817459305204 5.3999999999999995
      vertex 103.63036242809041 62.87268867432036 5.3999999999999995
      vertex 103.63036242809041 62.87268867432036 5.8999999999999995
    endloop
  endfacet
  facet normal 0.5555702330196156 -0.8314696123025362 0
    outer loop
      vertex 103.63036242809041 62.87268867432036 5.3999999999999995
      vertex 103.75 62.952627944162884 5.3999999999999995
      vertex 103.75 62.952627944162884 5.8999999999999995
    endloop
  endfacet
  facet normal 0.4422886902189695 -0.8968727415327039 0
    outer loop
      vertex 103.75 62.952627944162884 5.3999999999999995
      vertex 103.8790482243984 63.01626748576241 5.3999999999999995
      vertex 103.8790482243984 63.01626748576241 5.8999999999999995
    endloop
  endfacet
  facet normal 0.3214394653031757 -0.9469301294951007 0
    outer loop
      vertex 103.8790482243984 63.01626748576241 5.3999999999999995
      vertex 104.01529905038723 63.062518408917974 5.3999999999999995
      vertex 104.01529905038723 63.062518408917974 5.8999999999999995
    endloop
  endfacet
  facet normal 0.19509032201613385 -0.9807852804032294 0
    outer loop
      vertex 104.01529905038723 63.062518408917974 5.3999999999999995
      vertex 104.15642118855794 63.09058934751119 5.3999999999999995
      vertex 104.15642118855794 63.09058934751119 5.8999999999999995
    endloop
  endfacet
  facet normal 0.8968727415326944 0.44228869021898914 0
    outer loop
      vertex 103.34737205583711 61.45 5.3999999999999995
      vertex 103.28373251423758 61.5790482243984 5.8999999999999995
      vertex 103.34737205583711 61.45 5.8999999999999995
    endloop
  endfacet
  facet normal 0.9807852804032294 0.19509032201613385 0
    outer loop
      vertex 103.23748159108202 61.71529905038723 5.3999999999999995
      vertex 103.2094106524888 61.856421188557945 5.8999999999999995
      vertex 103.23748159108202 61.71529905038723 5.8999999999999995
    endloop
  endfacet
  facet normal 0.9978589232386091 0.06540312923005889 0
    outer loop
      vertex 103.2094106524888 61.856421188557945 5.3999999999999995
      vertex 103.2 62 5.8999999999999995
      vertex 103.2094106524888 61.856421188557945 5.8999999999999995
    endloop
  endfacet
  facet normal 0.9469301294950909 0.32143946530320494 0
    outer loop
      vertex 103.28373251423758 61.5790482243984 5.3999999999999995
      vertex 103.23748159108202 61.71529905038723 5.8999999999999995
      vertex 103.28373251423758 61.5790482243984 5.8999999999999995
    endloop
  endfacet
  facet normal 0.9978589232386091 -0.06540312923005889 0
    outer loop
      vertex 103.2 62 5.3999999999999995
      vertex 103.2094106524888 62.143578811442055 5.8999999999999995
      vertex 103.2 62 5.8999999999999995
    endloop
  endfacet
  facet normal 0.9807852804032294 -0.19509032201613385 0
    outer loop
      vertex 103.2094106524888 62.143578811442055 5.3999999999999995
      vertex 103.23748159108202 62.28470094961277 5.8999999999999995
      vertex 103.2094106524888 62.143578811442055 5.8999999999999995
    endloop
  endfacet
  facet normal 0.9469301294950909 -0.32143946530320494 0
    outer loop
      vertex 103.23748159108202 62.28470094961277 5.3999999999999995
      vertex 103.28373251423758 62.4209517756016 5.8999999999999995
      vertex 103.23748159108202 62.28470094961277 5.8999999999999995
    endloop
  endfacet
  facet normal 0.8968727415326944 -0.44228869021898914 0
    outer loop
      vertex 103.28373251423758 62.4209517756016 5.3999999999999995
      vertex 103.34737205583711 62.55 5.8999999999999995
      vertex 103.28373251423758 62.4209517756016 5.8999999999999995
    endloop
  endfacet
  facet normal 0.8314696123025362 0.5555702330196156 0
    outer loop
      vertex 103.42731132567964 61.33036242809041 5.3999999999999995
      vertex 103.34737205583711 61.45 5.8999999999999995
      vertex 103.42731132567964 61.33036242809041 5.8999999999999995
    endloop
  endfacet
  facet normal 0.7518398074789776 0.6593458151000686 0
    outer loop
      vertex 103.5221825406948 61.222182540694796 5.3999999999999995
      vertex 103.42731132567964 61.33036242809041 5.8999999999999995
      vertex 103.5221825406948 61.222182540694796 5.8999999999999995
    endloop
  endfacet
  facet normal 0.8314696123025362 -0.5555702330196156 0
    outer loop
      vertex 103.34737205583711 62.55 5.3999999999999995
      vertex 103.42731132567964 62.66963757190959 5.8999999999999995
      vertex 103.34737205583711 62.55 5.8999999999999995
    endloop
  endfacet
  facet normal 0.7518398074789776 -0.6593458151000686 0
    outer loop
      vertex 103.42731132567964 62.66963757190959 5.3999999999999995
      vertex 103.5221825406948 62.777817459305204 5.8999999999999995
      vertex 103.42731132567964 62.66963757190959 5.8999999999999995
    endloop
  endfacet
  facet normal 0.6593458151000651 -0.7518398074789806 0
    outer loop
      vertex 103.5221825406948 62.777817459305204 5.3999999999999995
      vertex 103.63036242809041 62.87268867432036 5.8999999999999995
      vertex 103.5221825406948 62.777817459305204 5.8999999999999995
    endloop
  endfacet
  facet normal 0.5555702330196156 -0.8314696123025362 0
    outer loop
      vertex 103.63036242809041 62.87268867432036 5.3999999999999995
      vertex 103.75 62.952627944162884 5.8999999999999995
      vertex 103.63036242809041 62.87268867432036 5.8999999999999995
    endloop
  endfacet
  facet normal 0.4422886902189695 -0.8968727415327039 0
    outer loop
      vertex 103.75 62.952627944162884 5.3999999999999995
      vertex 103.8790482243984 63.01626748576241 5.8999999999999995
      vertex 103.75 62.952627944162884 5.8999999999999995
    endloop
  endfacet
  facet normal 0.3214394653031757 -0.9469301294951007 0
    outer loop
      vertex 103.8790482243984 63.01626748576241 5.3999999999999995
      vertex 104.01529905038723 63.062518408917974 5.8999999999999995
      vertex 103.8790482243984 63.01626748576241 5.8999999999999995
    endloop
  endfacet
  facet normal 0.19509032201613385 -0.9807852804032294 0
    outer loop
      vertex 104.01529905038723 63.062518408917974 5.3999999999999995
      vertex 104.15642118855794 63.09058934751119 5.8999999999999995
      vertex 104.01529905038723 63.062518408917974 5.8999999999999995
    endloop
  endfacet
  facet normal 0.06540312923015723 0.9978589232386026 0
    outer loop
      vertex 104.15642118855794 60.90941065248881 5.3999999999999995
      vertex 104.15642118855794 60.90941065248881 5.8999999999999995
      vertex 104.3 60.9 5.3999999999999995
    endloop
  endfacet
  facet normal -0.06540312923015723 0.9978589232386026 0
    outer loop
      vertex 104.3 60.9 5.3999999999999995
      vertex 104.3 60.9 5.8999999999999995
      vertex 104.44357881144205 60.90941065248881 5.3999999999999995
    endloop
  endfacet
  facet normal -0.19509032201613385 0.9807852804032294 0
    outer loop
      vertex 104.44357881144205 60.90941065248881 5.3999999999999995
      vertex 104.44357881144205 60.90941065248881 5.8999999999999995
      vertex 104.58470094961277 60.937481591082026 5.3999999999999995
    endloop
  endfacet
  facet normal -0.3214394653031757 0.9469301294951007 0
    outer loop
      vertex 104.58470094961277 60.937481591082026 5.3999999999999995
      vertex 104.58470094961277 60.937481591082026 5.8999999999999995
      vertex 104.72095177560159 60.98373251423759 5.3999999999999995
    endloop
  endfacet
  facet normal -0.4422886902189695 0.8968727415327039 0
    outer loop
      vertex 104.72095177560159 60.98373251423759 5.3999999999999995
      vertex 104.72095177560159 60.98373251423759 5.8999999999999995
      vertex 104.85 61.047372055837116 5.3999999999999995
    endloop
  endfacet
  facet normal -0.5555702330196156 0.8314696123025362 0
    outer loop
      vertex 104.85 61.047372055837116 5.3999999999999995
      vertex 104.85 61.047372055837116 5.8999999999999995
      vertex 104.96963757190959 61.12731132567964 5.3999999999999995
    endloop
  endfacet
  facet normal -0.6593458151000651 0.7518398074789806 0
    outer loop
      vertex 104.96963757190959 61.12731132567964 5.3999999999999995
      vertex 104.96963757190959 61.12731132567964 5.8999999999999995
      vertex 105.0778174593052 61.222182540694796 5.3999999999999995
    endloop
  endfacet
  facet normal 0.06540312923015723 0.9978589232386026 0
    outer loop
      vertex 104.3 60.9 5.3999999999999995
      vertex 104.15642118855794 60.90941065248881 5.8999999999999995
      vertex 104.3 60.9 5.8999999999999995
    endloop
  endfacet
  facet normal -0.06540312923015723 0.9978589232386026 0
    outer loop
      vertex 104.44357881144205 60.90941065248881 5.3999999999999995
      vertex 104.3 60.9 5.8999999999999995
      vertex 104.44357881144205 60.90941065248881 5.8999999999999995
    endloop
  endfacet
  facet normal -0.19509032201613385 0.9807852804032294 0
    outer loop
      vertex 104.58470094961277 60.937481591082026 5.3999999999999995
      vertex 104.44357881144205 60.90941065248881 5.8999999999999995
      vertex 104.58470094961277 60.937481591082026 5.8999999999999995
    endloop
  endfacet
  facet normal -0.3214394653031757 0.9469301294951007 0
    outer loop
      vertex 104.72095177560159 60.98373251423759 5.3999999999999995
      vertex 104.58470094961277 60.937481591082026 5.8999999999999995
      vertex 104.72095177560159 60.98373251423759 5.8999999999999995
    endloop
  endfacet
  facet normal -0.4422886902189695 0.8968727415327039 0
    outer loop
      vertex 104.85 61.047372055837116 5.3999999999999995
      vertex 104.72095177560159 60.98373251423759 5.8999999999999995
      vertex 104.85 61.047372055837116 5.8999999999999995
    endloop
  endfacet
  facet normal -0.5555702330196156 0.8314696123025362 0
    outer loop
      vertex 104.96963757190959 61.12731132567964 5.3999999999999995
      vertex 104.85 61.047372055837116 5.8999999999999995
      vertex 104.96963757190959 61.12731132567964 5.8999999999999995
    endloop
  endfacet
  facet normal -0.6593458151000651 0.7518398074789806 0
    outer loop
      vertex 105.0778174593052 61.222182540694796 5.3999999999999995
      vertex 104.96963757190959 61.12731132567964 5.8999999999999995
      vertex 105.0778174593052 61.222182540694796 5.8999999999999995
    endloop
  endfacet
  facet normal 0.06540312923015723 -0.9978589232386026 0
    outer loop
      vertex 104.15642118855794 63.09058934751119 5.3999999999999995
      vertex 104.3 63.1 5.3999999999999995
      vertex 104.3 63.1 5.8999999999999995
    endloop
  endfacet
  facet normal -0.06540312923015723 -0.9978589232386026 0
    outer loop
      vertex 104.3 63.1 5.3999999999999995
      vertex 104.44357881144205 63.09058934751119 5.3999999999999995
      vertex 104.44357881144205 63.09058934751119 5.8999999999999995
    endloop
  endfacet
  facet normal -0.19509032201613385 -0.9807852804032294 0
    outer loop
      vertex 104.44357881144205 63.09058934751119 5.3999999999999995
      vertex 104.58470094961277 63.062518408917974 5.3999999999999995
      vertex 104.58470094961277 63.062518408917974 5.8999999999999995
    endloop
  endfacet
  facet normal -0.3214394653031757 -0.9469301294951007 0
    outer loop
      vertex 104.58470094961277 63.062518408917974 5.3999999999999995
      vertex 104.72095177560159 63.01626748576241 5.3999999999999995
      vertex 104.72095177560159 63.01626748576241 5.8999999999999995
    endloop
  endfacet
  facet normal -0.7518398074789776 0.6593458151000686 0
    outer loop
      vertex 105.0778174593052 61.222182540694796 5.3999999999999995
      vertex 105.0778174593052 61.222182540694796 5.8999999999999995
      vertex 105.17268867432036 61.33036242809041 5.3999999999999995
    endloop
  endfacet
  facet normal -0.8314696123025362 0.5555702330196156 0
    outer loop
      vertex 105.17268867432036 61.33036242809041 5.3999999999999995
      vertex 105.17268867432036 61.33036242809041 5.8999999999999995
      vertex 105.25262794416288 61.45 5.3999999999999995
    endloop
  endfacet
  facet normal -0.8968727415326944 0.44228869021898914 0
    outer loop
      vertex 105.25262794416288 61.45 5.3999999999999995
      vertex 105.25262794416288 61.45 5.8999999999999995
      vertex 105.31626748576241 61.5790482243984 5.3999999999999995
    endloop
  endfacet
  facet normal -0.9469301294950909 0.32143946530320494 0
    outer loop
      vertex 105.31626748576241 61.5790482243984 5.3999999999999995
      vertex 105.31626748576241 61.5790482243984 5.8999999999999995
      vertex 105.36251840891798 61.71529905038723 5.3999999999999995
    endloop
  endfacet
  facet normal -0.7518398074789776 -0.6593458151000686 0
    outer loop
      vertex 105.17268867432036 62.66963757190959 5.3999999999999995
      vertex 105.17268867432036 62.66963757190959 5.8999999999999995
      vertex 105.0778174593052 62.777817459305204 5.3999999999999995
    endloop
  endfacet
  facet normal -0.9469301294950909 -0.32143946530320494 0
    outer loop
      vertex 105.36251840891798 62.28470094961277 5.3999999999999995
      vertex 105.36251840891798 62.28470094961277 5.8999999999999995
      vertex 105.31626748576241 62.4209517756016 5.3999999999999995
    endloop
  endfacet
  facet normal -0.8314696123025362 -0.5555702330196156 0
    outer loop
      vertex 105.25262794416288 62.55 5.3999999999999995
      vertex 105.25262794416288 62.55 5.8999999999999995
      vertex 105.17268867432036 62.66963757190959 5.3999999999999995
    endloop
  endfacet
  facet normal -0.8968727415326944 -0.44228869021898914 0
    outer loop
      vertex 105.25262794416288 62.55 5.3999999999999995
      vertex 105.31626748576241 62.4209517756016 5.3999999999999995
      vertex 105.31626748576241 62.4209517756016 5.8999999999999995
    endloop
  endfacet
  facet normal -0.4422886902189695 -0.8968727415327039 0
    outer loop
      vertex 104.72095177560159 63.01626748576241 5.3999999999999995
      vertex 104.85 62.952627944162884 5.3999999999999995
      vertex 104.85 62.952627944162884 5.8999999999999995
    endloop
  endfacet
  facet normal -0.5555702330196156 -0.8314696123025362 0
    outer loop
      vertex 104.85 62.952627944162884 5.3999999999999995
      vertex 104.96963757190959 62.87268867432036 5.3999999999999995
      vertex 104.96963757190959 62.87268867432036 5.8999999999999995
    endloop
  endfacet
  facet normal -0.6593458151000651 -0.7518398074789806 0
    outer loop
      vertex 104.96963757190959 62.87268867432036 5.3999999999999995
      vertex 105.0778174593052 62.777817459305204 5.3999999999999995
      vertex 105.0778174593052 62.777817459305204 5.8999999999999995
    endloop
  endfacet
  facet normal 0.06540312923015723 -0.9978589232386026 0
    outer loop
      vertex 104.15642118855794 63.09058934751119 5.3999999999999995
      vertex 104.3 63.1 5.8999999999999995
      vertex 104.15642118855794 63.09058934751119 5.8999999999999995
    endloop
  endfacet
  facet normal -0.06540312923015723 -0.9978589232386026 0
    outer loop
      vertex 104.3 63.1 5.3999999999999995
      vertex 104.44357881144205 63.09058934751119 5.8999999999999995
      vertex 104.3 63.1 5.8999999999999995
    endloop
  endfacet
  facet normal -0.19509032201613385 -0.9807852804032294 0
    outer loop
      vertex 104.44357881144205 63.09058934751119 5.3999999999999995
      vertex 104.58470094961277 63.062518408917974 5.8999999999999995
      vertex 104.44357881144205 63.09058934751119 5.8999999999999995
    endloop
  endfacet
  facet normal -0.3214394653031757 -0.9469301294951007 0
    outer loop
      vertex 104.58470094961277 63.062518408917974 5.3999999999999995
      vertex 104.72095177560159 63.01626748576241 5.8999999999999995
      vertex 104.58470094961277 63.062518408917974 5.8999999999999995
    endloop
  endfacet
  facet normal -0.4422886902189695 -0.8968727415327039 0
    outer loop
      vertex 104.72095177560159 63.01626748576241 5.3999999999999995
      vertex 104.85 62.952627944162884 5.8999999999999995
      vertex 104.72095177560159 63.01626748576241 5.8999999999999995
    endloop
  endfacet
  facet normal -0.7518398074789776 0.6593458151000686 0
    outer loop
      vertex 105.17268867432036 61.33036242809041 5.3999999999999995
      vertex 105.0778174593052 61.222182540694796 5.8999999999999995
      vertex 105.17268867432036 61.33036242809041 5.8999999999999995
    endloop
  endfacet
  facet normal -0.8314696123025362 0.5555702330196156 0
    outer loop
      vertex 105.25262794416288 61.45 5.3999999999999995
      vertex 105.17268867432036 61.33036242809041 5.8999999999999995
      vertex 105.25262794416288 61.45 5.8999999999999995
    endloop
  endfacet
  facet normal -0.8968727415326944 0.44228869021898914 0
    outer loop
      vertex 105.31626748576241 61.5790482243984 5.3999999999999995
      vertex 105.25262794416288 61.45 5.8999999999999995
      vertex 105.31626748576241 61.5790482243984 5.8999999999999995
    endloop
  endfacet
  facet normal -0.9469301294950909 0.32143946530320494 0
    outer loop
      vertex 105.36251840891798 61.71529905038723 5.3999999999999995
      vertex 105.31626748576241 61.5790482243984 5.8999999999999995
      vertex 105.36251840891798 61.71529905038723 5.8999999999999995
    endloop
  endfacet
  facet normal -0.8314696123025362 -0.5555702330196156 0
    outer loop
      vertex 105.17268867432036 62.66963757190959 5.3999999999999995
      vertex 105.25262794416288 62.55 5.8999999999999995
      vertex 105.17268867432036 62.66963757190959 5.8999999999999995
    endloop
  endfacet
  facet normal -0.8968727415326944 -0.44228869021898914 0
    outer loop
      vertex 105.25262794416288 62.55 5.3999999999999995
      vertex 105.31626748576241 62.4209517756016 5.8999999999999995
      vertex 105.25262794416288 62.55 5.8999999999999995
    endloop
  endfacet
  facet normal -0.9469301294950909 -0.32143946530320494 0
    outer loop
      vertex 105.31626748576241 62.4209517756016 5.3999999999999995
      vertex 105.36251840891798 62.28470094961277 5.8999999999999995
      vertex 105.31626748576241 62.4209517756016 5.8999999999999995
    endloop
  endfacet
  facet normal -0.5555702330196156 -0.8314696123025362 0
    outer loop
      vertex 104.85 62.952627944162884 5.3999999999999995
      vertex 104.96963757190959 62.87268867432036 5.8999999999999995
      vertex 104.85 62.952627944162884 5.8999999999999995
    endloop
  endfacet
  facet normal -0.6593458151000651 -0.7518398074789806 0
    outer loop
      vertex 104.96963757190959 62.87268867432036 5.3999999999999995
      vertex 105.0778174593052 62.777817459305204 5.8999999999999995
      vertex 104.96963757190959 62.87268867432036 5.8999999999999995
    endloop
  endfacet
  facet normal -0.7518398074789776 -0.6593458151000686 0
    outer loop
      vertex 105.0778174593052 62.777817459305204 5.3999999999999995
      vertex 105.17268867432036 62.66963757190959 5.8999999999999995
      vertex 105.0778174593052 62.777817459305204 5.8999999999999995
    endloop
  endfacet
  facet normal -0.9807852804032294 0.19509032201613385 0
    outer loop
      vertex 105.36251840891798 61.71529905038723 5.3999999999999995
      vertex 105.36251840891798 61.71529905038723 5.8999999999999995
      vertex 105.3905893475112 61.856421188557945 5.3999999999999995
    endloop
  endfacet
  facet normal -0.9978589232386091 0.06540312923005889 0
    outer loop
      vertex 105.3905893475112 61.856421188557945 5.3999999999999995
      vertex 105.3905893475112 61.856421188557945 5.8999999999999995
      vertex 105.39999999999999 62 5.3999999999999995
    endloop
  endfacet
  facet normal -0.9978589232386091 -0.06540312923005889 0
    outer loop
      vertex 105.39999999999999 62 5.3999999999999995
      vertex 105.39999999999999 62 5.8999999999999995
      vertex 105.3905893475112 62.143578811442055 5.3999999999999995
    endloop
  endfacet
  facet normal -0.9807852804032294 -0.19509032201613385 0
    outer loop
      vertex 105.3905893475112 62.143578811442055 5.3999999999999995
      vertex 105.3905893475112 62.143578811442055 5.8999999999999995
      vertex 105.36251840891798 62.28470094961277 5.3999999999999995
    endloop
  endfacet
  facet normal -0.9807852804032294 0.19509032201613385 0
    outer loop
      vertex 105.3905893475112 61.856421188557945 5.3999999999999995
      vertex 105.36251840891798 61.71529905038723 5.8999999999999995
      vertex 105.3905893475112 61.856421188557945 5.8999999999999995
    endloop
  endfacet
  facet normal -0.9978589232386091 0.06540312923005889 0
    outer loop
      vertex 105.39999999999999 62 5.3999999999999995
      vertex 105.3905893475112 61.856421188557945 5.8999999999999995
      vertex 105.39999999999999 62 5.8999999999999995
    endloop
  endfacet
  facet normal -0.9978589232386091 -0.06540312923005889 0
    outer loop
      vertex 105.3905893475112 62.143578811442055 5.3999999999999995
      vertex 105.39999999999999 62 5.8999999999999995
      vertex 105.3905893475112 62.143578811442055 5.8999999999999995
    endloop
  endfacet
  facet normal -0.9807852804032294 -0.19509032201613385 0
    outer loop
      vertex 105.36251840891798 62.28470094961277 5.3999999999999995
      vertex 105.3905893475112 62.143578811442055 5.8999999999999995
      vertex 105.36251840891798 62.28470094961277 5.8999999999999995
    endloop
  endfacet
  facet normal 0.5914821172176781 0.39521571543614115 -0.7028182149631526
    outer loop
      vertex 103.34737205583711 61.45 5.3999999999999995
      vertex 102.64181296895565 60.72762833996296 4.3999999999999995
      vertex 102.48992116100104 60.95495049504951 4.3999999999999995
    endloop
  endfacet
  facet normal 0.5348359032685881 0.4690384987299869 -0.7028182149631534
    outer loop
      vertex 103.42731132567964 61.33036242809041 5.3999999999999995
      vertex 102.82207681674771 60.52207681674772 4.3999999999999995
      vertex 102.64181296895565 60.72762833996296 4.3999999999999995
    endloop
  endfacet
  facet normal 0.7098463971127869 0.046525790933654214 -0.7028182149631534
    outer loop
      vertex 103.2 62 5.3999999999999995
      vertex 102.22778207687116 61.72718733487473 4.3999999999999995
      vertex 102.20990099009902 62 4.3999999999999995
    endloop
  endfacet
  facet normal 0.6977007284515829 0.13878130361881347 -0.7028182149631532
    outer loop
      vertex 103.2094106524888 61.856421188557945 5.3999999999999995
      vertex 102.28111938683541 61.459042570087696 4.3999999999999995
      vertex 102.22778207687116 61.72718733487473 4.3999999999999995
    endloop
  endfacet
  facet normal 0.6736172068873846 0.2286622297215797 -0.702818214963154
    outer loop
      vertex 103.23748159108202 61.71529905038723 5.3999999999999995
      vertex 102.36900030383036 61.20015373690821 4.3999999999999995
      vertex 102.28111938683541 61.459042570087696 4.3999999999999995
    endloop
  endfacet
  facet normal 0.6380079081513663 0.3146306816766637 -0.7028182149631551
    outer loop
      vertex 103.28373251423758 61.5790482243984 5.3999999999999995
      vertex 102.48992116100104 60.95495049504951 4.3999999999999995
      vertex 102.36900030383036 61.20015373690821 4.3999999999999995
    endloop
  endfacet
  facet normal 0.7098463971127884 -0.04652579093365432 -0.7028182149631519
    outer loop
      vertex 103.2094106524888 62.143578811442055 5.3999999999999995
      vertex 102.20990099009902 62 4.3999999999999995
      vertex 102.22778207687116 62.27281266512527 4.3999999999999995
    endloop
  endfacet
  facet normal 0.6977007284515826 -0.1387813036188134 -0.7028182149631537
    outer loop
      vertex 103.23748159108202 62.28470094961277 5.3999999999999995
      vertex 102.22778207687116 62.27281266512527 4.3999999999999995
      vertex 102.28111938683541 62.540957429912304 4.3999999999999995
    endloop
  endfacet
  facet normal 0.6736172068873826 -0.22866222972157904 -0.702818214963156
    outer loop
      vertex 103.28373251423758 62.4209517756016 5.3999999999999995
      vertex 102.28111938683541 62.540957429912304 4.3999999999999995
      vertex 102.36900030383036 62.79984626309179 4.3999999999999995
    endloop
  endfacet
  facet normal 0.6380079081513679 -0.31463068167666447 -0.7028182149631532
    outer loop
      vertex 103.34737205583711 62.55 5.3999999999999995
      vertex 102.36900030383036 62.79984626309179 4.3999999999999995
      vertex 102.48992116100104 63.04504950495049 4.3999999999999995
    endloop
  endfacet
  facet normal 0.5914821172176778 -0.39521571543614104 -0.7028182149631528
    outer loop
      vertex 103.42731132567964 62.66963757190959 5.3999999999999995
      vertex 102.48992116100104 63.04504950495049 4.3999999999999995
      vertex 102.64181296895565 63.27237166003704 4.3999999999999995
    endloop
  endfacet
  facet normal 0.5348359032685867 -0.4690384987299856 -0.7028182149631556
    outer loop
      vertex 103.5221825406948 62.777817459305204 5.3999999999999995
      vertex 102.64181296895565 63.27237166003704 4.3999999999999995
      vertex 102.82207681674771 63.47792318325228 4.3999999999999995
    endloop
  endfacet
  facet normal 0.4690384987299872 0.5348359032685859 -0.702818214963155
    outer loop
      vertex 103.5221825406948 61.222182540694796 5.3999999999999995
      vertex 103.02762833996296 60.34181296895565 4.3999999999999995
      vertex 102.82207681674771 60.52207681674772 4.3999999999999995
    endloop
  endfacet
  facet normal 0.39521571543613687 0.5914821172176808 -0.7028182149631526
    outer loop
      vertex 103.63036242809041 61.12731132567964 5.3999999999999995
      vertex 103.2549504950495 60.189921161001045 4.3999999999999995
      vertex 103.02762833996296 60.34181296895565 4.3999999999999995
    endloop
  endfacet
  facet normal 0.31463068167667957 0.6380079081513611 -0.7028182149631527
    outer loop
      vertex 103.75 61.047372055837116 5.3999999999999995
      vertex 103.5001537369082 60.069000303830364 4.3999999999999995
      vertex 103.2549504950495 60.189921161001045 4.3999999999999995
    endloop
  endfacet
  facet normal 0.22866222972156738 0.6736172068873852 -0.7028182149631573
    outer loop
      vertex 103.8790482243984 60.98373251423759 5.3999999999999995
      vertex 103.7590425700877 59.98111938683542 4.3999999999999995
      vertex 103.5001537369082 60.069000303830364 4.3999999999999995
    endloop
  endfacet
  facet normal 0.13878130361882357 0.6977007284515783 -0.7028182149631561
    outer loop
      vertex 104.01529905038723 60.937481591082026 5.3999999999999995
      vertex 104.02718733487471 59.92778207687117 4.3999999999999995
      vertex 103.7590425700877 59.98111938683542 4.3999999999999995
    endloop
  endfacet
  facet normal 0.046525790933670104 0.7098463971127842 -0.7028182149631554
    outer loop
      vertex 104.15642118855794 60.90941065248881 5.3999999999999995
      vertex 104.3 59.90990099009901 4.3999999999999995
      vertex 104.02718733487471 59.92778207687117 4.3999999999999995
    endloop
  endfacet
  facet normal 0.4690384987299883 -0.5348359032685871 -0.7028182149631534
    outer loop
      vertex 103.63036242809041 62.87268867432036 5.3999999999999995
      vertex 102.82207681674771 63.47792318325228 4.3999999999999995
      vertex 103.02762833996296 63.65818703104435 4.3999999999999995
    endloop
  endfacet
  facet normal 0.39521571543613726 -0.5914821172176814 -0.702818214963152
    outer loop
      vertex 103.75 62.952627944162884 5.3999999999999995
      vertex 103.02762833996296 63.65818703104435 4.3999999999999995
      vertex 103.2549504950495 63.810078838998955 4.3999999999999995
    endloop
  endfacet
  facet normal 0.3146306816766778 -0.6380079081513574 -0.7028182149631567
    outer loop
      vertex 103.8790482243984 63.01626748576241 5.3999999999999995
      vertex 103.2549504950495 63.810078838998955 4.3999999999999995
      vertex 103.5001537369082 63.930999696169636 4.3999999999999995
    endloop
  endfacet
  facet normal 0.2286622297215678 -0.6736172068873865 -0.7028182149631559
    outer loop
      vertex 104.01529905038723 63.062518408917974 5.3999999999999995
      vertex 103.5001537369082 63.930999696169636 4.3999999999999995
      vertex 103.7590425700877 64.01888061316458 4.3999999999999995
    endloop
  endfacet
  facet normal 0.13878130361882351 -0.6977007284515779 -0.7028182149631564
    outer loop
      vertex 104.15642118855794 63.09058934751119 5.3999999999999995
      vertex 103.7590425700877 64.01888061316458 4.3999999999999995
      vertex 104.02718733487471 64.07221792312883 4.3999999999999995
    endloop
  endfacet
  facet normal 0.7098463971127906 0.046525790933632884 -0.7028182149631513
    outer loop
      vertex 103.2094106524888 61.856421188557945 5.3999999999999995
      vertex 102.22778207687116 61.72718733487473 4.3999999999999995
      vertex 103.2 62 5.3999999999999995
    endloop
  endfacet
  facet normal 0.6736172068873728 0.22866222972160488 -0.702818214963157
    outer loop
      vertex 103.23748159108202 61.71529905038723 5.3999999999999995
      vertex 103.28373251423758 61.5790482243984 5.3999999999999995
      vertex 102.36900030383036 61.20015373690821 4.3999999999999995
    endloop
  endfacet
  facet normal 0.6380079081513796 0.3146306816766425 -0.7028182149631524
    outer loop
      vertex 103.34737205583711 61.45 5.3999999999999995
      vertex 102.48992116100104 60.95495049504951 4.3999999999999995
      vertex 103.28373251423758 61.5790482243984 5.3999999999999995
    endloop
  endfacet
  facet normal 0.697700728451581 0.13878130361882002 -0.702818214963154
    outer loop
      vertex 103.23748159108202 61.71529905038723 5.3999999999999995
      vertex 102.28111938683541 61.459042570087696 4.3999999999999995
      vertex 103.2094106524888 61.856421188557945 5.3999999999999995
    endloop
  endfacet
  facet normal 0.7098463971127876 -0.04652579093363268 -0.7028182149631542
    outer loop
      vertex 103.2 62 5.3999999999999995
      vertex 102.20990099009902 62 4.3999999999999995
      vertex 103.2094106524888 62.143578811442055 5.3999999999999995
    endloop
  endfacet
  facet normal 0.697700728451582 -0.1387813036188202 -0.702818214963153
    outer loop
      vertex 103.2094106524888 62.143578811442055 5.3999999999999995
      vertex 102.22778207687116 62.27281266512527 4.3999999999999995
      vertex 103.23748159108202 62.28470094961277 5.3999999999999995
    endloop
  endfacet
  facet normal 0.6736172068873765 -0.2286622297216061 -0.702818214963153
    outer loop
      vertex 103.23748159108202 62.28470094961277 5.3999999999999995
      vertex 102.28111938683541 62.540957429912304 4.3999999999999995
      vertex 103.28373251423758 62.4209517756016 5.3999999999999995
    endloop
  endfacet
  facet normal 0.6380079081513765 -0.314630681676641 -0.702818214963156
    outer loop
      vertex 103.28373251423758 62.4209517756016 5.3999999999999995
      vertex 102.36900030383036 62.79984626309179 4.3999999999999995
      vertex 103.34737205583711 62.55 5.3999999999999995
    endloop
  endfacet
  facet normal 0.591482117217676 0.39521571543614364 -0.7028182149631528
    outer loop
      vertex 103.34737205583711 61.45 5.3999999999999995
      vertex 103.42731132567964 61.33036242809041 5.3999999999999995
      vertex 102.64181296895565 60.72762833996296 4.3999999999999995
    endloop
  endfacet
  facet normal 0.5348359032685686 0.46903849873000514 -0.7028182149631563
    outer loop
      vertex 103.42731132567964 61.33036242809041 5.3999999999999995
      vertex 103.5221825406948 61.222182540694796 5.3999999999999995
      vertex 102.82207681674771 60.52207681674772 4.3999999999999995
    endloop
  endfacet
  facet normal 0.469038498730005 0.5348359032685733 -0.7028182149631528
    outer loop
      vertex 103.63036242809041 61.12731132567964 5.3999999999999995
      vertex 103.02762833996296 60.34181296895565 4.3999999999999995
      vertex 103.5221825406948 61.222182540694796 5.3999999999999995
    endloop
  endfacet
  facet normal 0.39521571543614425 0.5914821172176769 -0.7028182149631516
    outer loop
      vertex 103.63036242809041 61.12731132567964 5.3999999999999995
      vertex 103.75 61.047372055837116 5.3999999999999995
      vertex 103.2549504950495 60.189921161001045 4.3999999999999995
    endloop
  endfacet
  facet normal 0.31463068167662583 0.6380079081513809 -0.7028182149631587
    outer loop
      vertex 103.75 61.047372055837116 5.3999999999999995
      vertex 103.8790482243984 60.98373251423759 5.3999999999999995
      vertex 103.5001537369082 60.069000303830364 4.3999999999999995
    endloop
  endfacet
  facet normal 0.22866222972158454 0.6736172068873812 -0.7028182149631553
    outer loop
      vertex 104.01529905038723 60.937481591082026 5.3999999999999995
      vertex 103.7590425700877 59.98111938683542 4.3999999999999995
      vertex 103.8790482243984 60.98373251423759 5.3999999999999995
    endloop
  endfacet
  facet normal 0.13878130361881952 0.6977007284515786 -0.7028182149631564
    outer loop
      vertex 104.01529905038723 60.937481591082026 5.3999999999999995
      vertex 104.15642118855794 60.90941065248881 5.3999999999999995
      vertex 104.02718733487471 59.92778207687117 4.3999999999999995
    endloop
  endfacet
  facet normal 0.5914821172176764 -0.3952157154361439 -0.7028182149631524
    outer loop
      vertex 103.34737205583711 62.55 5.3999999999999995
      vertex 102.48992116100104 63.04504950495049 4.3999999999999995
      vertex 103.42731132567964 62.66963757190959 5.3999999999999995
    endloop
  endfacet
  facet normal 0.5348359032685712 -0.46903849873000747 -0.7028182149631527
    outer loop
      vertex 103.42731132567964 62.66963757190959 5.3999999999999995
      vertex 102.64181296895565 63.27237166003704 4.3999999999999995
      vertex 103.5221825406948 62.777817459305204 5.3999999999999995
    endloop
  endfacet
  facet normal 0.46903849873000303 -0.5348359032685711 -0.7028182149631558
    outer loop
      vertex 103.5221825406948 62.777817459305204 5.3999999999999995
      vertex 102.82207681674771 63.47792318325228 4.3999999999999995
      vertex 103.63036242809041 62.87268867432036 5.3999999999999995
    endloop
  endfacet
  facet normal 0.39521571543614364 -0.591482117217676 -0.7028182149631528
    outer loop
      vertex 103.63036242809041 62.87268867432036 5.3999999999999995
      vertex 103.02762833996296 63.65818703104435 4.3999999999999995
      vertex 103.75 62.952627944162884 5.3999999999999995
    endloop
  endfacet
  facet normal 0.31463068167662933 -0.638007908151388 -0.7028182149631508
    outer loop
      vertex 103.75 62.952627944162884 5.3999999999999995
      vertex 103.2549504950495 63.810078838998955 4.3999999999999995
      vertex 103.8790482243984 63.01626748576241 5.3999999999999995
    endloop
  endfacet
  facet normal 0.22866222972158376 -0.673617206887379 -0.7028182149631578
    outer loop
      vertex 103.8790482243984 63.01626748576241 5.3999999999999995
      vertex 103.5001537369082 63.930999696169636 4.3999999999999995
      vertex 104.01529905038723 63.062518408917974 5.3999999999999995
    endloop
  endfacet
  facet normal 0.13878130361881963 -0.6977007284515792 -0.7028182149631559
    outer loop
      vertex 104.01529905038723 63.062518408917974 5.3999999999999995
      vertex 103.7590425700877 64.01888061316458 4.3999999999999995
      vertex 104.15642118855794 63.09058934751119 5.3999999999999995
    endloop
  endfacet
  facet normal 0.0465257909337025 -0.7098463971127809 -0.7028182149631564
    outer loop
      vertex 104.15642118855794 63.09058934751119 5.3999999999999995
      vertex 104.02718733487471 64.07221792312883 4.3999999999999995
      vertex 104.3 63.1 5.3999999999999995
    endloop
  endfacet
  facet normal -0.04652579093367025 0.7098463971127864 -0.7028182149631529
    outer loop
      vertex 104.3 60.9 5.3999999999999995
      vertex 104.57281266512528 59.92778207687117 4.3999999999999995
      vertex 104.3 59.90990099009901 4.3999999999999995
    endloop
  endfacet
  facet normal -0.13878130361882351 0.6977007284515779 -0.7028182149631564
    outer loop
      vertex 104.44357881144205 60.90941065248881 5.3999999999999995
      vertex 104.8409574299123 59.98111938683542 4.3999999999999995
      vertex 104.57281266512528 59.92778207687117 4.3999999999999995
    endloop
  endfacet
  facet normal -0.2286622297215678 0.6736172068873865 -0.7028182149631559
    outer loop
      vertex 104.58470094961277 60.937481591082026 5.3999999999999995
      vertex 105.09984626309179 60.069000303830364 4.3999999999999995
      vertex 104.8409574299123 59.98111938683542 4.3999999999999995
    endloop
  endfacet
  facet normal -0.3146306816766778 0.6380079081513574 -0.7028182149631567
    outer loop
      vertex 104.72095177560159 60.98373251423759 5.3999999999999995
      vertex 105.3450495049505 60.189921161001045 4.3999999999999995
      vertex 105.09984626309179 60.069000303830364 4.3999999999999995
    endloop
  endfacet
  facet normal -0.39521571543613726 0.5914821172176814 -0.702818214963152
    outer loop
      vertex 104.85 61.047372055837116 5.3999999999999995
      vertex 105.57237166003704 60.34181296895565 4.3999999999999995
      vertex 105.3450495049505 60.189921161001045 4.3999999999999995
    endloop
  endfacet
  facet normal 0.04652579093365197 -0.7098463971127896 -0.702818214963151
    outer loop
      vertex 104.3 63.1 5.3999999999999995
      vertex 104.02718733487471 64.07221792312883 4.3999999999999995
      vertex 104.3 64.09009900990098 4.3999999999999995
    endloop
  endfacet
  facet normal -0.04652579093365172 -0.7098463971127859 -0.7028182149631547
    outer loop
      vertex 104.44357881144205 63.09058934751119 5.3999999999999995
      vertex 104.3 64.09009900990098 4.3999999999999995
      vertex 104.57281266512528 64.07221792312883 4.3999999999999995
    endloop
  endfacet
  facet normal -0.13878130361882357 -0.6977007284515783 -0.7028182149631561
    outer loop
      vertex 104.58470094961277 63.062518408917974 5.3999999999999995
      vertex 104.57281266512528 64.07221792312883 4.3999999999999995
      vertex 104.8409574299123 64.01888061316458 4.3999999999999995
    endloop
  endfacet
  facet normal -0.22866222972156738 -0.6736172068873852 -0.7028182149631573
    outer loop
      vertex 104.72095177560159 63.01626748576241 5.3999999999999995
      vertex 104.8409574299123 64.01888061316458 4.3999999999999995
      vertex 105.09984626309179 63.930999696169636 4.3999999999999995
    endloop
  endfacet
  facet normal -0.39521571543611894 -0.591482117217691 -0.7028182149631541
    outer loop
      vertex 104.96963757190959 62.87268867432036 5.3999999999999995
      vertex 105.34504950495048 63.81007883899896 4.3999999999999995
      vertex 105.57237166003704 63.658187031044356 4.3999999999999995
    endloop
  endfacet
  facet normal -0.31463068167667935 -0.6380079081513611 -0.7028182149631527
    outer loop
      vertex 104.85 62.952627944162884 5.3999999999999995
      vertex 105.09984626309179 63.930999696169636 4.3999999999999995
      vertex 105.34504950495048 63.81007883899896 4.3999999999999995
    endloop
  endfacet
  facet normal -0.4690384987299883 0.5348359032685871 -0.7028182149631534
    outer loop
      vertex 104.96963757190959 61.12731132567964 5.3999999999999995
      vertex 105.77792318325228 60.52207681674772 4.3999999999999995
      vertex 105.57237166003704 60.34181296895565 4.3999999999999995
    endloop
  endfacet
  facet normal -0.5348359032685867 0.4690384987299856 -0.7028182149631556
    outer loop
      vertex 105.0778174593052 61.222182540694796 5.3999999999999995
      vertex 105.95818703104435 60.72762833996296 4.3999999999999995
      vertex 105.77792318325228 60.52207681674772 4.3999999999999995
    endloop
  endfacet
  facet normal -0.5914821172176778 0.39521571543614104 -0.7028182149631528
    outer loop
      vertex 105.17268867432036 61.33036242809041 5.3999999999999995
      vertex 106.11007883899896 60.95495049504951 4.3999999999999995
      vertex 105.95818703104435 60.72762833996296 4.3999999999999995
    endloop
  endfacet
  facet normal -0.6380079081513679 0.31463068167666447 -0.7028182149631532
    outer loop
      vertex 105.25262794416288 61.45 5.3999999999999995
      vertex 106.23099969616963 61.20015373690821 4.3999999999999995
      vertex 106.11007883899896 60.95495049504951 4.3999999999999995
    endloop
  endfacet
  facet normal -0.46903849873001735 -0.5348359032685622 -0.7028182149631531
    outer loop
      vertex 105.0778174593052 62.777817459305204 5.3999999999999995
      vertex 105.57237166003704 63.658187031044356 4.3999999999999995
      vertex 105.77792318325227 63.47792318325228 4.3999999999999995
    endloop
  endfacet
  facet normal -0.5348359032685706 -0.4690384987300084 -0.7028182149631526
    outer loop
      vertex 105.17268867432036 62.66963757190959 5.3999999999999995
      vertex 105.77792318325227 63.47792318325228 4.3999999999999995
      vertex 105.95818703104435 63.27237166003704 4.3999999999999995
    endloop
  endfacet
  facet normal -0.5914821172176781 -0.39521571543614115 -0.7028182149631526
    outer loop
      vertex 105.25262794416288 62.55 5.3999999999999995
      vertex 105.95818703104435 63.27237166003704 4.3999999999999995
      vertex 106.11007883899896 63.04504950495049 4.3999999999999995
    endloop
  endfacet
  facet normal -0.6380079081513663 -0.3146306816766637 -0.7028182149631551
    outer loop
      vertex 105.31626748576241 62.4209517756016 5.3999999999999995
      vertex 106.11007883899896 63.04504950495049 4.3999999999999995
      vertex 106.23099969616963 62.79984626309179 4.3999999999999995
    endloop
  endfacet
  facet normal -0.6736172068873826 0.22866222972157904 -0.702818214963156
    outer loop
      vertex 105.31626748576241 61.5790482243984 5.3999999999999995
      vertex 106.31888061316458 61.459042570087696 4.3999999999999995
      vertex 106.23099969616963 61.20015373690821 4.3999999999999995
    endloop
  endfacet
  facet normal -0.6977007284515826 0.1387813036188134 -0.7028182149631537
    outer loop
      vertex 105.36251840891798 61.71529905038723 5.3999999999999995
      vertex 106.37221792312883 61.72718733487473 4.3999999999999995
      vertex 106.31888061316458 61.459042570087696 4.3999999999999995
    endloop
  endfacet
  facet normal -0.7098463971127884 0.04652579093365432 -0.7028182149631519
    outer loop
      vertex 105.3905893475112 61.856421188557945 5.3999999999999995
      vertex 106.39009900990098 62 4.3999999999999995
      vertex 106.37221792312883 61.72718733487473 4.3999999999999995
    endloop
  endfacet
  facet normal -0.7098463971127869 -0.046525790933654214 -0.7028182149631534
    outer loop
      vertex 105.39999999999999 62 5.3999999999999995
      vertex 106.37221792312883 62.27281266512527 4.3999999999999995
      vertex 106.39009900990098 62 4.3999999999999995
    endloop
  endfacet
  facet normal -0.6977007284515829 -0.13878130361881347 -0.7028182149631532
    outer loop
      vertex 105.3905893475112 62.143578811442055 5.3999999999999995
      vertex 106.31888061316458 62.540957429912304 4.3999999999999995
      vertex 106.37221792312883 62.27281266512527 4.3999999999999995
    endloop
  endfacet
  facet normal -0.6736172068873846 -0.2286622297215797 -0.702818214963154
    outer loop
      vertex 105.36251840891798 62.28470094961277 5.3999999999999995
      vertex 106.23099969616963 62.79984626309179 4.3999999999999995
      vertex 106.31888061316458 62.540957429912304 4.3999999999999995
    endloop
  endfacet
  facet normal 0.046525790933702786 0.7098463971127853 -0.7028182149631519
    outer loop
      vertex 104.15642118855794 60.90941065248881 5.3999999999999995
      vertex 104.3 60.9 5.3999999999999995
      vertex 104.3 59.90990099009901 4.3999999999999995
    endloop
  endfacet
  facet normal -0.0465257909337025 0.7098463971127809 -0.7028182149631564
    outer loop
      vertex 104.3 60.9 5.3999999999999995
      vertex 104.44357881144205 60.90941065248881 5.3999999999999995
      vertex 104.57281266512528 59.92778207687117 4.3999999999999995
    endloop
  endfacet
  facet normal -0.13878130361881963 0.697700728451579 -0.702818214963156
    outer loop
      vertex 104.44357881144205 60.90941065248881 5.3999999999999995
      vertex 104.58470094961277 60.937481591082026 5.3999999999999995
      vertex 104.8409574299123 59.98111938683542 4.3999999999999995
    endloop
  endfacet
  facet normal -0.22866222972158376 0.673617206887379 -0.7028182149631578
    outer loop
      vertex 104.58470094961277 60.937481591082026 5.3999999999999995
      vertex 104.72095177560159 60.98373251423759 5.3999999999999995
      vertex 105.09984626309179 60.069000303830364 4.3999999999999995
    endloop
  endfacet
  facet normal -0.31463068167662933 0.638007908151388 -0.7028182149631508
    outer loop
      vertex 104.72095177560159 60.98373251423759 5.3999999999999995
      vertex 104.85 61.047372055837116 5.3999999999999995
      vertex 105.3450495049505 60.189921161001045 4.3999999999999995
    endloop
  endfacet
  facet normal -0.39521571543614364 0.591482117217676 -0.7028182149631528
    outer loop
      vertex 104.85 61.047372055837116 5.3999999999999995
      vertex 104.96963757190959 61.12731132567964 5.3999999999999995
      vertex 105.57237166003704 60.34181296895565 4.3999999999999995
    endloop
  endfacet
  facet normal -0.46903849873000303 0.5348359032685711 -0.7028182149631558
    outer loop
      vertex 104.96963757190959 61.12731132567964 5.3999999999999995
      vertex 105.0778174593052 61.222182540694796 5.3999999999999995
      vertex 105.77792318325228 60.52207681674772 4.3999999999999995
    endloop
  endfacet
  facet normal -0.04652579093370295 -0.7098463971127879 -0.7028182149631493
    outer loop
      vertex 104.3 63.1 5.3999999999999995
      vertex 104.3 64.09009900990098 4.3999999999999995
      vertex 104.44357881144205 63.09058934751119 5.3999999999999995
    endloop
  endfacet
  facet normal -0.13878130361881952 -0.6977007284515786 -0.7028182149631566
    outer loop
      vertex 104.44357881144205 63.09058934751119 5.3999999999999995
      vertex 104.57281266512528 64.07221792312883 4.3999999999999995
      vertex 104.58470094961277 63.062518408917974 5.3999999999999995
    endloop
  endfacet
  facet normal -0.22866222972158454 -0.6736172068873812 -0.7028182149631553
    outer loop
      vertex 104.58470094961277 63.062518408917974 5.3999999999999995
      vertex 104.8409574299123 64.01888061316458 4.3999999999999995
      vertex 104.72095177560159 63.01626748576241 5.3999999999999995
    endloop
  endfacet
  facet normal -0.31463068167662583 -0.6380079081513809 -0.7028182149631587
    outer loop
      vertex 104.72095177560159 63.01626748576241 5.3999999999999995
      vertex 105.09984626309179 63.930999696169636 4.3999999999999995
      vertex 104.85 62.952627944162884 5.3999999999999995
    endloop
  endfacet
  facet normal -0.3952157154361447 -0.5914821172176775 -0.702818214963151
    outer loop
      vertex 104.85 62.952627944162884 5.3999999999999995
      vertex 105.34504950495048 63.81007883899896 4.3999999999999995
      vertex 104.96963757190959 62.87268867432036 5.3999999999999995
    endloop
  endfacet
  facet normal -0.5348359032685713 -0.4690384987300076 -0.7028182149631526
    outer loop
      vertex 105.17268867432036 62.66963757190959 5.3999999999999995
      vertex 105.0778174593052 62.777817459305204 5.3999999999999995
      vertex 105.77792318325227 63.47792318325228 4.3999999999999995
    endloop
  endfacet
  facet normal -0.46903849873000375 -0.5348359032685719 -0.7028182149631547
    outer loop
      vertex 104.96963757190959 62.87268867432036 5.3999999999999995
      vertex 105.57237166003704 63.658187031044356 4.3999999999999995
      vertex 105.0778174593052 62.777817459305204 5.3999999999999995
    endloop
  endfacet
  facet normal -0.5348359032685712 0.46903849873000747 -0.7028182149631527
    outer loop
      vertex 105.0778174593052 61.222182540694796 5.3999999999999995
      vertex 105.17268867432036 61.33036242809041 5.3999999999999995
      vertex 105.95818703104435 60.72762833996296 4.3999999999999995
    endloop
  endfacet
  facet normal -0.5914821172176764 0.3952157154361439 -0.7028182149631524
    outer loop
      vertex 105.17268867432036 61.33036242809041 5.3999999999999995
      vertex 105.25262794416288 61.45 5.3999999999999995
      vertex 106.11007883899896 60.95495049504951 4.3999999999999995
    endloop
  endfacet
  facet normal -0.6380079081513765 0.314630681676641 -0.702818214963156
    outer loop
      vertex 105.25262794416288 61.45 5.3999999999999995
      vertex 105.31626748576241 61.5790482243984 5.3999999999999995
      vertex 106.23099969616963 61.20015373690821 4.3999999999999995
    endloop
  endfacet
  facet normal -0.6380079081513796 -0.3146306816766425 -0.7028182149631524
    outer loop
      vertex 105.25262794416288 62.55 5.3999999999999995
      vertex 106.11007883899896 63.04504950495049 4.3999999999999995
      vertex 105.31626748576241 62.4209517756016 5.3999999999999995
    endloop
  endfacet
  facet normal -0.6736172068873728 -0.22866222972160488 -0.702818214963157
    outer loop
      vertex 105.36251840891798 62.28470094961277 5.3999999999999995
      vertex 105.31626748576241 62.4209517756016 5.3999999999999995
      vertex 106.23099969616963 62.79984626309179 4.3999999999999995
    endloop
  endfacet
  facet normal -0.6736172068873765 0.2286622297216061 -0.7028182149631532
    outer loop
      vertex 105.31626748576241 61.5790482243984 5.3999999999999995
      vertex 105.36251840891798 61.71529905038723 5.3999999999999995
      vertex 106.31888061316458 61.459042570087696 4.3999999999999995
    endloop
  endfacet
  facet normal -0.697700728451582 0.1387813036188202 -0.702818214963153
    outer loop
      vertex 105.36251840891798 61.71529905038723 5.3999999999999995
      vertex 105.3905893475112 61.856421188557945 5.3999999999999995
      vertex 106.37221792312883 61.72718733487473 4.3999999999999995
    endloop
  endfacet
  facet normal -0.7098463971127876 0.04652579093363268 -0.7028182149631542
    outer loop
      vertex 105.3905893475112 61.856421188557945 5.3999999999999995
      vertex 105.39999999999999 62 5.3999999999999995
      vertex 106.39009900990098 62 4.3999999999999995
    endloop
  endfacet
  facet normal -0.697700728451581 -0.13878130361882002 -0.7028182149631539
    outer loop
      vertex 105.3905893475112 62.143578811442055 5.3999999999999995
      vertex 105.36251840891798 62.28470094961277 5.3999999999999995
      vertex 106.31888061316458 62.540957429912304 4.3999999999999995
    endloop
  endfacet
  facet normal -0.7098463971127906 -0.046525790933632884 -0.7028182149631511
    outer loop
      vertex 105.39999999999999 62 5.3999999999999995
      vertex 105.3905893475112 62.143578811442055 5.3999999999999995
      vertex 106.37221792312883 62.27281266512527 4.3999999999999995
    endloop
  endfacet
  facet normal -0.591482117217676 -0.39521571543614364 -0.7028182149631528
    outer loop
      vertex 105.25262794416288 62.55 5.3999999999999995
      vertex 105.17268867432036 62.66963757190959 5.3999999999999995
      vertex 105.95818703104435 63.27237166003704 4.3999999999999995
    endloop
  endfacet
  facet normal 0 0 -1
    outer loop
      vertex 97.29999999701977 43.899999998509884 4.3999999999999995
      vertex 99 44.4070715084672 4.3999999999999995
      vertex 99 43.899999998509884 4.3999999999999995
    endloop
  endfacet
  facet normal 0 0 -1
    outer loop
      vertex 97.29999999701977 43.899999998509884 4.3999999999999995
      vertex 99 46.492928482592106 4.3999999999999995
      vertex 99 44.4070715084672 4.3999999999999995
    endloop
  endfacet
  facet normal 0 0 -1
    outer loop
      vertex 99 44.4070715084672 4.3999999999999995
      vertex 99 46.492928482592106 4.3999999999999995
      vertex 100.28595952689648 44.14039435982704 4.3999999999999995
    endloop
  endfacet
  facet normal 0 -1 0
    outer loop
      vertex 97.29999999701977 43.899999998509884 4.3999999999999995
      vertex 99 43.899999998509884 4.3999999999999995
      vertex 97.29999999701977 43.899999998509884 5.8999999999999995
    endloop
  endfacet
  facet normal 1 0 0
    outer loop
      vertex 99 43.899999998509884 4.3999999999999995
      vertex 99 44.4070715084672 4.3999999999999995
      vertex 99 43.899999998509884 5.8999999999999995
    endloop
  endfacet
  facet normal -0.2030557759878317 -0.9791671725696177 0
    outer loop
      vertex 99 44.4070715084672 4.3999999999999995
      vertex 100.28595952689648 44.14039435982704 4.3999999999999995
      vertex 99 44.4070715084672 5.8999999999999995
    endloop
  endfacet
  facet normal 0 0 -1
    outer loop
      vertex 97.29999999701977 43.899999998509884 4.3999999999999995
      vertex 99 58.10707151144743 4.3999999999999995
      vertex 99 46.492928482592106 4.3999999999999995
    endloop
  endfacet
  facet normal -0.20305577764215946 0.9791671722265498 0
    outer loop
      vertex 99 46.492928482592106 4.3999999999999995
      vertex 99 46.492928482592106 5.8999999999999995
      vertex 100.64999999999999 46.835098892929395 4.3999999999999995
    endloop
  endfacet
  facet normal 1 0 0
    outer loop
      vertex 99 46.492928482592106 4.3999999999999995
      vertex 99 58.10707151144743 4.3999999999999995
      vertex 99 46.492928482592106 5.8999999999999995
    endloop
  endfacet
  facet normal 0 0 -1
    outer loop
      vertex 99 46.492928482592106 4.3999999999999995
      vertex 100.64999999999999 45.199999999999996 4.3999999999999995
      vertex 100.28595952689648 44.14039435982704 4.3999999999999995
    endloop
  endfacet
  facet normal 0 0 -1
    outer loop
      vertex 99 46.492928482592106 4.3999999999999995
      vertex 100.64999999999999 46.835098892929395 4.3999999999999995
      vertex 100.64999999999999 45.199999999999996 4.3999999999999995
    endloop
  endfacet
  facet normal 0 0 -1
    outer loop
      vertex 100.28595952689648 44.14039435982704 4.3999999999999995
      vertex 102.22778207687116 42.32718733487472 4.3999999999999995
      vertex 102.28111938683541 42.05904257008769 4.3999999999999995
    endloop
  endfacet
  facet normal 0 0 -1
    outer loop
      vertex 100.28595952689648 44.14039435982704 4.3999999999999995
      vertex 102.20990099009902 42.599999999999994 4.3999999999999995
      vertex 102.22778207687116 42.32718733487472 4.3999999999999995
    endloop
  endfacet
  facet normal 0 0 -1
    outer loop
      vertex 100.28595952689648 44.14039435982704 4.3999999999999995
      vertex 102.22778207687116 42.87281266512527 4.3999999999999995
      vertex 102.20990099009902 42.599999999999994 4.3999999999999995
    endloop
  endfacet
  facet normal 0 0 -1
    outer loop
      vertex 100.28595952689648 44.14039435982704 4.3999999999999995
      vertex 102.36900030383036 41.80015373690821 4.3999999999999995
      vertex 102.48992116100104 41.5549504950495 4.3999999999999995
    endloop
  endfacet
  facet normal 0 0 -1
    outer loop
      vertex 100.28595952689648 44.14039435982704 4.3999999999999995
      vertex 102.48992116100104 41.5549504950495 4.3999999999999995
      vertex 102.55462265014648 41.26072485744953 4.3999999999999995
    endloop
  endfacet
  facet normal 0 0 -1
    outer loop
      vertex 100.28595952689648 44.14039435982704 4.3999999999999995
      vertex 102.28111938683541 42.05904257008769 4.3999999999999995
      vertex 102.36900030383036 41.80015373690821 4.3999999999999995
    endloop
  endfacet
  facet normal 0 0 -1
    outer loop
      vertex 100.28595952689648 44.14039435982704 4.3999999999999995
      vertex 102.28111938683541 43.1409574299123 4.3999999999999995
      vertex 102.22778207687116 42.87281266512527 4.3999999999999995
    endloop
  endfacet
  facet normal 0 0 -1
    outer loop
      vertex 100.28595952689648 44.14039435982704 4.3999999999999995
      vertex 102.36900030383036 43.39984626309178 4.3999999999999995
      vertex 102.28111938683541 43.1409574299123 4.3999999999999995
    endloop
  endfacet
  facet normal 0 0 -1
    outer loop
      vertex 100.28595952689648 44.14039435982704 4.3999999999999995
      vertex 102.48992116100104 43.645049504950485 4.3999999999999995
      vertex 102.36900030383036 43.39984626309178 4.3999999999999995
    endloop
  endfacet
  facet normal 0 0 -1
    outer loop
      vertex 100.28595952689648 44.14039435982704 4.3999999999999995
      vertex 102.64181296895565 43.87237166003703 4.3999999999999995
      vertex 102.48992116100104 43.645049504950485 4.3999999999999995
    endloop
  endfacet
  facet normal 0 0 -1
    outer loop
      vertex 100.28595952689648 44.14039435982704 4.3999999999999995
      vertex 100.64999999999999 45.199999999999996 4.3999999999999995
      vertex 104.27128756712852 45.199999999999996 4.3999999999999995
    endloop
  endfacet
  facet normal -0.7855138686614257 -0.6188440531673229 0
    outer loop
      vertex 100.28595952689648 44.14039435982704 4.3999999999999995
      vertex 102.55462265014648 41.26072485744953 4.3999999999999995
      vertex 100.28595952689648 44.14039435982704 5.8999999999999995
    endloop
  endfacet
  facet normal 0 -1 0
    outer loop
      vertex 99 43.899999998509884 4.3999999999999995
      vertex 99 43.899999998509884 5.8999999999999995
      vertex 97.29999999701977 43.899999998509884 5.8999999999999995
    endloop
  endfacet
  facet normal 1 0 0
    outer loop
      vertex 99 44.4070715084672 4.3999999999999995
      vertex 99 44.4070715084672 5.8999999999999995
      vertex 99 43.899999998509884 5.8999999999999995
    endloop
  endfacet
  facet normal 0 0 1
    outer loop
      vertex 97.29999999701977 43.899999998509884 5.8999999999999995
      vertex 99 43.899999998509884 5.8999999999999995
      vertex 99 44.4070715084672 5.8999999999999995
    endloop
  endfacet
  facet normal 0 0 1
    outer loop
      vertex 97.29999999701977 43.899999998509884 5.8999999999999995
      vertex 99 44.4070715084672 5.8999999999999995
      vertex 99 46.492928482592106 5.8999999999999995
    endloop
  endfacet
  facet normal 0 0 1
    outer loop
      vertex 99 44.4070715084672 5.8999999999999995
      vertex 100.28595952689648 44.14039435982704 5.8999999999999995
      vertex 99 46.492928482592106 5.8999999999999995
    endloop
  endfacet
  facet normal -1 0 0
    outer loop
      vertex 97.29999999701977 43.899999998509884 4.3999999999999995
      vertex 97.29999999701977 43.899999998509884 5.8999999999999995
      vertex 97.29999999701977 58.616369182658325 5.55
    endloop
  endfacet
  facet normal 0 0 1
    outer loop
      vertex 97.29999999701977 43.899999998509884 5.8999999999999995
      vertex 99 46.492928482592106 5.8999999999999995
      vertex 99 58.10707151144743 5.8999999999999995
    endloop
  endfacet
  facet normal -0.2030557759878317 -0.9791671725696177 0
    outer loop
      vertex 100.28595952689648 44.14039435982704 4.3999999999999995
      vertex 100.28595952689648 44.14039435982704 5.8999999999999995
      vertex 99 44.4070715084672 5.8999999999999995
    endloop
  endfacet
  facet normal -0.7855138686614257 -0.6188440531673229 0
    outer loop
      vertex 100.28595952689648 44.14039435982704 5.8999999999999995
      vertex 102.55462265014648 41.26072485744953 4.3999999999999995
      vertex 102.55462265014648 41.26072485744953 5.8999999999999995
    endloop
  endfacet
  facet normal 0 0 1
    outer loop
      vertex 99 46.492928482592106 5.8999999999999995
      vertex 100.28595952689648 44.14039435982704 5.8999999999999995
      vertex 100.64999999999999 46.835098892929395 5.8999999999999995
    endloop
  endfacet
  facet normal 0 0 1
    outer loop
      vertex 100.28595952689648 44.14039435982704 5.8999999999999995
      vertex 100.64999999999999 45.199999999999996 5.8999999999999995
      vertex 100.64999999999999 46.835098892929395 5.8999999999999995
    endloop
  endfacet
  facet normal 0 0 1
    outer loop
      vertex 100.28595952689648 44.14039435982704 5.8999999999999995
      vertex 104.27128756712852 45.199999999999996 5.8999999999999995
      vertex 100.64999999999999 45.199999999999996 5.8999999999999995
    endloop
  endfacet
  facet normal -0.20305577764215946 0.9791671722265498 0
    outer loop
      vertex 99 46.492928482592106 5.8999999999999995
      vertex 100.64999999999999 46.835098892929395 5.8999999999999995
      vertex 100.64999999999999 46.835098892929395 4.3999999999999995
    endloop
  endfacet
  facet normal 0 0 -1
    outer loop
      vertex 97.29999999701977 43.899999998509884 4.3999999999999995
      vertex 97.29999999701977 60.70000000298023 4.3999999999999995
      vertex 99 60.19292847812176 4.3999999999999995
    endloop
  endfacet
  facet normal 0 0 -1
    outer loop
      vertex 97.29999999701977 43.899999998509884 4.3999999999999995
      vertex 99 60.19292847812176 4.3999999999999995
      vertex 99 58.10707151144743 4.3999999999999995
    endloop
  endfacet
  facet normal -1 0 0
    outer loop
      vertex 97.29999999701977 43.899999998509884 4.3999999999999995
      vertex 97.29999999701977 58.616369182658325 5.55
      vertex 97.29999999701977 60.70000000298023 4.3999999999999995
    endloop
  endfacet
  facet normal 0 0 -1
    outer loop
      vertex 97.29999999701977 60.70000000298023 4.3999999999999995
      vertex 99 60.70000000298023 4.3999999999999995
      vertex 99 60.19292847812176 4.3999999999999995
    endloop
  endfacet
  facet normal 0 0 -1
    outer loop
      vertex 99 58.10707151144743 4.3999999999999995
      vertex 99 60.19292847812176 4.3999999999999995
      vertex 100.64999999999999 57.76490110823797 4.3999999999999995
    endloop
  endfacet
  facet normal 0 1 0
    outer loop
      vertex 97.29999999701977 60.70000000298023 4.3999999999999995
      vertex 98.71761049783096 60.70000000298023 5.55
      vertex 99 60.70000000298023 4.3999999999999995
    endloop
  endfacet
  facet normal 1 0 0
    outer loop
      vertex 99 60.19292847812176 4.3999999999999995
      vertex 99 60.70000000298023 4.3999999999999995
      vertex 99 60.19292847812176 5.8999999999999995
    endloop
  endfacet
  facet normal -0.20305577358666355 -0.9791671730675625 0
    outer loop
      vertex 99 58.10707151144743 4.3999999999999995
      vertex 100.64999999999999 57.76490110823797 4.3999999999999995
      vertex 100.64999999999999 57.76490110823797 5.8999999999999995
    endloop
  endfacet
  facet normal 0 0 -1
    outer loop
      vertex 99 60.19292847812176 4.3999999999999995
      vertex 100.2859595194459 60.45960562676191 4.3999999999999995
      vertex 100.64999999999999 57.76490110823797 4.3999999999999995
    endloop
  endfacet
  facet normal 0 0 -1
    outer loop
      vertex 100.2859595194459 60.45960562676191 4.3999999999999995
      vertex 100.64999999999999 59.39999999999999 4.3999999999999995
      vertex 100.64999999999999 57.76490110823797 4.3999999999999995
    endloop
  endfacet
  facet normal 0 0 -1
    outer loop
      vertex 100.2859595194459 60.45960562676191 4.3999999999999995
      vertex 103.2549504950495 60.189921161001045 4.3999999999999995
      vertex 100.64999999999999 59.39999999999999 4.3999999999999995
    endloop
  endfacet
  facet normal 0 0 -1
    outer loop
      vertex 100.2859595194459 60.45960562676191 4.3999999999999995
      vertex 102.22778207687116 61.72718733487473 4.3999999999999995
      vertex 102.28111938683541 61.459042570087696 4.3999999999999995
    endloop
  endfacet
  facet normal 0 0 -1
    outer loop
      vertex 100.2859595194459 60.45960562676191 4.3999999999999995
      vertex 102.28111938683541 61.459042570087696 4.3999999999999995
      vertex 102.36900030383036 61.20015373690821 4.3999999999999995
    endloop
  endfacet
  facet normal 0 0 -1
    outer loop
      vertex 100.2859595194459 60.45960562676191 4.3999999999999995
      vertex 102.36900030383036 61.20015373690821 4.3999999999999995
      vertex 102.48992116100104 60.95495049504951 4.3999999999999995
    endloop
  endfacet
  facet normal 0 0 -1
    outer loop
      vertex 100.2859595194459 60.45960562676191 4.3999999999999995
      vertex 102.48992116100104 60.95495049504951 4.3999999999999995
      vertex 102.64181296895565 60.72762833996296 4.3999999999999995
    endloop
  endfacet
  facet normal 0 0 -1
    outer loop
      vertex 100.2859595194459 60.45960562676191 4.3999999999999995
      vertex 102.20990099009902 62 4.3999999999999995
      vertex 102.22778207687116 61.72718733487473 4.3999999999999995
    endloop
  endfacet
  facet normal 0 0 -1
    outer loop
      vertex 100.2859595194459 60.45960562676191 4.3999999999999995
      vertex 102.22778207687116 62.27281266512527 4.3999999999999995
      vertex 102.20990099009902 62 4.3999999999999995
    endloop
  endfacet
  facet normal 0 0 -1
    outer loop
      vertex 100.2859595194459 60.45960562676191 4.3999999999999995
      vertex 102.28111938683541 62.540957429912304 4.3999999999999995
      vertex 102.22778207687116 62.27281266512527 4.3999999999999995
    endloop
  endfacet
  facet normal 0 0 -1
    outer loop
      vertex 100.2859595194459 60.45960562676191 4.3999999999999995
      vertex 102.36900030383036 62.79984626309179 4.3999999999999995
      vertex 102.28111938683541 62.540957429912304 4.3999999999999995
    endloop
  endfacet
  facet normal 0 0 -1
    outer loop
      vertex 100.2859595194459 60.45960562676191 4.3999999999999995
      vertex 102.48992116100104 63.04504950495049 4.3999999999999995
      vertex 102.36900030383036 62.79984626309179 4.3999999999999995
    endloop
  endfacet
  facet normal 0 0 -1
    outer loop
      vertex 100.2859595194459 60.45960562676191 4.3999999999999995
      vertex 102.55462265014648 63.339275144040585 4.3999999999999995
      vertex 102.48992116100104 63.04504950495049 4.3999999999999995
    endloop
  endfacet
  facet normal -0.20305577711578693 0.9791671723357068 0
    outer loop
      vertex 99 60.19292847812176 4.3999999999999995
      vertex 100.2859595194459 60.45960562676191 5.8999999999999995
      vertex 100.2859595194459 60.45960562676191 4.3999999999999995
    endloop
  endfacet
  facet normal -0.7855138692301324 0.6188440524454496 0
    outer loop
      vertex 100.2859595194459 60.45960562676191 4.3999999999999995
      vertex 102.55462265014648 63.339275144040585 5.8999999999999995
      vertex 102.55462265014648 63.339275144040585 4.3999999999999995
    endloop
  endfacet
  facet normal 1 0 0
    outer loop
      vertex 99 46.492928482592106 5.8999999999999995
      vertex 99 58.10707151144743 4.3999999999999995
      vertex 99 58.10707151144743 5.8999999999999995
    endloop
  endfacet
  facet normal -0.20305577358666355 -0.9791671730675625 0
    outer loop
      vertex 99 58.10707151144743 4.3999999999999995
      vertex 100.64999999999999 57.76490110823797 5.8999999999999995
      vertex 99 58.10707151144743 5.8999999999999995
    endloop
  endfacet
  facet normal -1 0 0
    outer loop
      vertex 97.29999999701977 43.899999998509884 5.8999999999999995
      vertex 97.29999999701977 58.616369182658325 5.8999999999999995
      vertex 97.29999999701977 58.616369182658325 5.55
    endloop
  endfacet
  facet normal 0 0 1
    outer loop
      vertex 97.29999999701977 43.899999998509884 5.8999999999999995
      vertex 97.34373150168358 58.64558963987875 5.8999999999999995
      vertex 97.29999999701977 58.616369182658325 5.8999999999999995
    endloop
  endfacet
  facet normal 0 0 1
    outer loop
      vertex 97.29999999701977 43.899999998509884 5.8999999999999995
      vertex 97.7223611075682 58.97763889243179 5.8999999999999995
      vertex 97.34373150168358 58.64558963987875 5.8999999999999995
    endloop
  endfacet
  facet normal 0 0 1
    outer loop
      vertex 97.29999999701977 43.899999998509884 5.8999999999999995
      vertex 98.05441036012125 59.356268498316425 5.8999999999999995
      vertex 97.7223611075682 58.97763889243179 5.8999999999999995
    endloop
  endfacet
  facet normal 0 0 1
    outer loop
      vertex 97.29999999701977 43.899999998509884 5.8999999999999995
      vertex 98.3341978045701 59.775000000000006 5.8999999999999995
      vertex 98.05441036012125 59.356268498316425 5.8999999999999995
    endloop
  endfacet
  facet normal 0 0 1
    outer loop
      vertex 97.29999999701977 43.899999998509884 5.8999999999999995
      vertex 98.55693620016845 60.22666878539441 5.8999999999999995
      vertex 98.3341978045701 59.775000000000006 5.8999999999999995
    endloop
  endfacet
  facet normal 0 0 1
    outer loop
      vertex 97.29999999701977 43.899999998509884 5.8999999999999995
      vertex 99 58.10707151144743 5.8999999999999995
      vertex 99 60.19292847812176 5.8999999999999995
    endloop
  endfacet
  facet normal 0 0 1
    outer loop
      vertex 97.29999999701977 43.899999998509884 5.8999999999999995
      vertex 99 60.19292847812176 5.8999999999999995
      vertex 98.55693620016845 60.22666878539441 5.8999999999999995
    endloop
  endfacet
  facet normal -1 0 0
    outer loop
      vertex 97.29999999701977 60.70000000298023 4.3999999999999995
      vertex 97.29999999701977 58.616369182658325 5.55
      vertex 97.29999999701977 60.70000000298023 5.55
    endloop
  endfacet
  facet normal 0 1 0
    outer loop
      vertex 97.29999999701977 60.70000000298023 4.3999999999999995
      vertex 97.29999999701977 60.70000000298023 5.55
      vertex 98.71761049783096 60.70000000298023 5.55
    endloop
  endfacet
  facet normal 0 1 0
    outer loop
      vertex 99 60.70000000298023 4.3999999999999995
      vertex 98.71761049783096 60.70000000298023 5.55
      vertex 98.71761049783096 60.70000000298023 5.8999999999999995
    endloop
  endfacet
  facet normal 0 1 0
    outer loop
      vertex 99 60.70000000298023 4.3999999999999995
      vertex 98.71761049783096 60.70000000298023 5.8999999999999995
      vertex 99 60.70000000298023 5.8999999999999995
    endloop
  endfacet
  facet normal 1 0 0
    outer loop
      vertex 99 60.70000000298023 4.3999999999999995
      vertex 99 60.70000000298023 5.8999999999999995
      vertex 99 60.19292847812176 5.8999999999999995
    endloop
  endfacet
  facet normal -0.20305577711578693 0.9791671723357068 0
    outer loop
      vertex 99 60.19292847812176 4.3999999999999995
      vertex 99 60.19292847812176 5.8999999999999995
      vertex 100.2859595194459 60.45960562676191 5.8999999999999995
    endloop
  endfacet
  facet normal 0 0 1
    outer loop
      vertex 99 60.19292847812176 5.8999999999999995
      vertex 99 60.70000000298023 5.8999999999999995
      vertex 98.55693620016845 60.22666878539441 5.8999999999999995
    endloop
  endfacet
  facet normal 0 0 1
    outer loop
      vertex 99 60.70000000298023 5.8999999999999995
      vertex 98.71761049783096 60.70000000298023 5.8999999999999995
      vertex 98.55693620016845 60.22666878539441 5.8999999999999995
    endloop
  endfacet
  facet normal 0 0 1
    outer loop
      vertex 99 58.10707151144743 5.8999999999999995
      vertex 100.64999999999999 59.39999999999999 5.8999999999999995
      vertex 99 60.19292847812176 5.8999999999999995
    endloop
  endfacet
  facet normal -0.7855138692301324 0.6188440524454496 0
    outer loop
      vertex 100.2859595194459 60.45960562676191 4.3999999999999995
      vertex 100.2859595194459 60.45960562676191 5.8999999999999995
      vertex 102.55462265014648 63.339275144040585 5.8999999999999995
    endloop
  endfacet
  facet normal 0 0 1
    outer loop
      vertex 99 58.10707151144743 5.8999999999999995
      vertex 100.64999999999999 57.76490110823797 5.8999999999999995
      vertex 100.64999999999999 59.39999999999999 5.8999999999999995
    endloop
  endfacet
  facet normal 0 0 1
    outer loop
      vertex 99 60.19292847812176 5.8999999999999995
      vertex 100.64999999999999 59.39999999999999 5.8999999999999995
      vertex 100.2859595194459 60.45960562676191 5.8999999999999995
    endloop
  endfacet
  facet normal 0 0 1
    outer loop
      vertex 100.2859595194459 60.45960562676191 5.8999999999999995
      vertex 100.64999999999999 59.39999999999999 5.8999999999999995
      vertex 104.27128757299045 59.39999999999999 5.8999999999999995
    endloop
  endfacet
  facet normal 0 0 -1
    outer loop
      vertex 102.74436508119106 41.04436507821083 4.3999999999999995
      vertex 102.55462265014648 41.26072485744953 4.3999999999999995
      vertex 102.82207681674771 41.122076816747715 4.3999999999999995
    endloop
  endfacet
  facet normal 0 0 -1
    outer loop
      vertex 102.55462265014648 41.26072485744953 4.3999999999999995
      vertex 102.48992116100104 41.5549504950495 4.3999999999999995
      vertex 102.64181296895565 41.327628339962956 4.3999999999999995
    endloop
  endfacet
  facet normal 0 0 -1
    outer loop
      vertex 102.55462265014648 41.26072485744953 4.3999999999999995
      vertex 102.64181296895565 41.327628339962956 4.3999999999999995
      vertex 102.82207681674771 41.122076816747715 4.3999999999999995
    endloop
  endfacet
  facet normal 0 0 -1
    outer loop
      vertex 102.74436508119106 41.04436507821083 4.3999999999999995
      vertex 102.82207681674771 41.122076816747715 4.3999999999999995
      vertex 103.02762833996296 40.941812968955645 4.3999999999999995
    endloop
  endfacet
  facet normal 0 0 -1
    outer loop
      vertex 102.74436508119106 41.04436507821083 4.3999999999999995
      vertex 103.02762833996296 40.941812968955645 4.3999999999999995
      vertex 102.96072485297918 40.85462265461683 4.3999999999999995
    endloop
  endfacet
  facet normal 0 0 -1
    outer loop
      vertex 100.28595952689648 44.14039435982704 4.3999999999999995
      vertex 102.82207681674771 44.077923183252274 4.3999999999999995
      vertex 102.64181296895565 43.87237166003703 4.3999999999999995
    endloop
  endfacet
  facet normal 0 0 -1
    outer loop
      vertex 100.28595952689648 44.14039435982704 4.3999999999999995
      vertex 103.02762833996296 44.25818703104434 4.3999999999999995
      vertex 102.82207681674771 44.077923183252274 4.3999999999999995
    endloop
  endfacet
  facet normal 0 0 -1
    outer loop
      vertex 100.28595952689648 44.14039435982704 4.3999999999999995
      vertex 104.27128756712852 45.199999999999996 4.3999999999999995
      vertex 103.02762833996296 44.25818703104434 4.3999999999999995
    endloop
  endfacet
  facet normal 0 0 -1
    outer loop
      vertex 102.96072485297918 40.85462265461683 4.3999999999999995
      vertex 103.02762833996296 40.941812968955645 4.3999999999999995
      vertex 103.2549504950495 40.78992116100104 4.3999999999999995
    endloop
  endfacet
  facet normal 0 0 -1
    outer loop
      vertex 102.96072485297918 40.85462265461683 4.3999999999999995
      vertex 103.2549504950495 40.78992116100104 4.3999999999999995
      vertex 103.20000000298023 40.69474411010742 4.3999999999999995
    endloop
  endfacet
  facet normal 0 0 -1
    outer loop
      vertex 103.20000000298023 40.69474411010742 4.3999999999999995
      vertex 103.2549504950495 40.78992116100104 4.3999999999999995
      vertex 103.5001537369082 40.66900030383036 4.3999999999999995
    endloop
  endfacet
  facet normal 0 0 -1
    outer loop
      vertex 103.20000000298023 40.69474411010742 4.3999999999999995
      vertex 103.5001537369082 40.66900030383036 4.3999999999999995
      vertex 103.45809645205736 40.56746502965689 4.3999999999999995
    endloop
  endfacet
  facet normal 0 0 -1
    outer loop
      vertex 103.45809645205736 40.56746502965689 4.3999999999999995
      vertex 103.5001537369082 40.66900030383036 4.3999999999999995
      vertex 103.7590425700877 40.58111938683541 4.3999999999999995
    endloop
  endfacet
  facet normal 0 0 -1
    outer loop
      vertex 103.45809645205736 40.56746502965689 4.3999999999999995
      vertex 103.7590425700877 40.58111938683541 4.3999999999999995
      vertex 103.73059809952974 40.474963180720806 4.3999999999999995
    endloop
  endfacet
  facet normal 0 0 -1
    outer loop
      vertex 103.73059809952974 40.474963180720806 4.3999999999999995
      vertex 103.7590425700877 40.58111938683541 4.3999999999999995
      vertex 104.02718733487471 40.52778207687116 4.3999999999999995
    endloop
  endfacet
  facet normal 0 0 -1
    outer loop
      vertex 103.73059809952974 40.474963180720806 4.3999999999999995
      vertex 104.02718733487471 40.52778207687116 4.3999999999999995
      vertex 104.0128423795104 40.418821305036545 4.3999999999999995
    endloop
  endfacet
  facet normal 0 0 -1
    outer loop
      vertex 104.0128423795104 40.418821305036545 4.3999999999999995
      vertex 104.02718733487471 40.52778207687116 4.3999999999999995
      vertex 104.3 40.509900990099005 4.3999999999999995
    endloop
  endfacet
  facet normal 0 0 -1
    outer loop
      vertex 104.27128756712852 45.199999999999996 4.3999999999999995
      vertex 103.2549504950495 44.41007883899895 4.3999999999999995
      vertex 103.02762833996296 44.25818703104434 4.3999999999999995
    endloop
  endfacet
  facet normal 0 0 -1
    outer loop
      vertex 104.27128756712852 45.199999999999996 4.3999999999999995
      vertex 103.5001537369082 44.53099969616963 4.3999999999999995
      vertex 103.2549504950495 44.41007883899895 4.3999999999999995
    endloop
  endfacet
  facet normal 0 0 -1
    outer loop
      vertex 104.27128756712852 45.199999999999996 4.3999999999999995
      vertex 103.7590425700877 44.61888061316458 4.3999999999999995
      vertex 103.5001537369082 44.53099969616963 4.3999999999999995
    endloop
  endfacet
  facet normal 0 0 -1
    outer loop
      vertex 104.27128756712852 45.199999999999996 4.3999999999999995
      vertex 104.02718733487471 44.67221792312883 4.3999999999999995
      vertex 103.7590425700877 44.61888061316458 4.3999999999999995
    endloop
  endfacet
  facet normal 0 0 -1
    outer loop
      vertex 104.27128756712852 45.199999999999996 4.3999999999999995
      vertex 104.3 44.69009900990098 4.3999999999999995
      vertex 104.02718733487471 44.67221792312883 4.3999999999999995
    endloop
  endfacet
  facet normal -0.7518398124505568 -0.659345809431069 0
    outer loop
      vertex 102.74436508119106 41.04436507821083 4.3999999999999995
      vertex 102.55462265014648 41.26072485744953 5.8999999999999995
      vertex 102.55462265014648 41.26072485744953 4.3999999999999995
    endloop
  endfacet
  facet normal -0.6593458076306326 -0.7518398140294972 0
    outer loop
      vertex 102.74436508119106 41.04436507821083 4.3999999999999995
      vertex 102.96072485297918 40.85462265461683 4.3999999999999995
      vertex 102.74436508119106 41.04436507821083 5.8999999999999995
    endloop
  endfacet
  facet normal -0.5555702346863104 -0.8314696111888865 0
    outer loop
      vertex 102.96072485297918 40.85462265461683 4.3999999999999995
      vertex 103.20000000298023 40.69474411010742 4.3999999999999995
      vertex 102.96072485297918 40.85462265461683 5.8999999999999995
    endloop
  endfacet
  facet normal -0.44228868214993894 -0.8968727455119095 0
    outer loop
      vertex 103.20000000298023 40.69474411010742 4.3999999999999995
      vertex 103.45809645205736 40.56746502965689 4.3999999999999995
      vertex 103.20000000298023 40.69474411010742 5.8999999999999995
    endloop
  endfacet
  facet normal -0.3214394782475631 -0.9469301251010733 0
    outer loop
      vertex 103.45809645205736 40.56746502965689 4.3999999999999995
      vertex 103.73059809952974 40.474963180720806 4.3999999999999995
      vertex 103.45809645205736 40.56746502965689 5.8999999999999995
    endloop
  endfacet
  facet normal -0.1950903145750945 -0.980785281883344 0
    outer loop
      vertex 103.73059809952974 40.474963180720806 4.3999999999999995
      vertex 104.0128423795104 40.418821305036545 4.3999999999999995
      vertex 103.73059809952974 40.474963180720806 5.8999999999999995
    endloop
  endfacet
  facet normal -0.06540313580888876 -0.9978589228074098 0
    outer loop
      vertex 104.0128423795104 40.418821305036545 4.3999999999999995
      vertex 104.29999999701977 40.399999998509884 4.3999999999999995
      vertex 104.0128423795104 40.418821305036545 5.8999999999999995
    endloop
  endfacet
  facet normal 0 0 -1
    outer loop
      vertex 104.0128423795104 40.418821305036545 4.3999999999999995
      vertex 104.3 40.509900990099005 4.3999999999999995
      vertex 104.29999999701977 40.399999998509884 4.3999999999999995
    endloop
  endfacet
  facet normal 0 0 -1
    outer loop
      vertex 104.29999999701977 40.399999998509884 4.3999999999999995
      vertex 104.3 40.509900990099005 4.3999999999999995
      vertex 104.57281266512528 40.52778207687116 4.3999999999999995
    endloop
  endfacet
  facet normal 0 0 -1
    outer loop
      vertex 104.29999999701977 40.399999998509884 4.3999999999999995
      vertex 104.57281266512528 40.52778207687116 4.3999999999999995
      vertex 104.58715762197971 40.418821305036545 4.3999999999999995
    endloop
  endfacet
  facet normal 0 0 -1
    outer loop
      vertex 104.58715762197971 40.418821305036545 4.3999999999999995
      vertex 104.57281266512528 40.52778207687116 4.3999999999999995
      vertex 104.8409574299123 40.58111938683541 4.3999999999999995
    endloop
  endfacet
  facet normal 0 0 -1
    outer loop
      vertex 104.58715762197971 40.418821305036545 4.3999999999999995
      vertex 104.8409574299123 40.58111938683541 4.3999999999999995
      vertex 104.86940190196037 40.474963180720806 4.3999999999999995
    endloop
  endfacet
  facet normal 0 0 -1
    outer loop
      vertex 104.86940190196037 40.474963180720806 4.3999999999999995
      vertex 104.8409574299123 40.58111938683541 4.3999999999999995
      vertex 105.09984626309179 40.66900030383036 4.3999999999999995
    endloop
  endfacet
  facet normal 0 0 -1
    outer loop
      vertex 104.86940190196037 40.474963180720806 4.3999999999999995
      vertex 105.09984626309179 40.66900030383036 4.3999999999999995
      vertex 105.14190354943275 40.56746502965689 4.3999999999999995
    endloop
  endfacet
  facet normal 0 0 -1
    outer loop
      vertex 105.14190354943275 40.56746502965689 4.3999999999999995
      vertex 105.09984626309179 40.66900030383036 4.3999999999999995
      vertex 105.3450495049505 40.78992116100104 4.3999999999999995
    endloop
  endfacet
  facet normal 0 0 -1
    outer loop
      vertex 105.14190354943275 40.56746502965689 4.3999999999999995
      vertex 105.3450495049505 40.78992116100104 4.3999999999999995
      vertex 105.39999999850988 40.69474411010742 4.3999999999999995
    endloop
  endfacet
  facet normal 0 0 -1
    outer loop
      vertex 104.27128756712852 45.199999999999996 4.3999999999999995
      vertex 104.57281266512528 44.67221792312883 4.3999999999999995
      vertex 104.3 44.69009900990098 4.3999999999999995
    endloop
  endfacet
  facet normal 0 0 -1
    outer loop
      vertex 104.27128756712852 45.199999999999996 4.3999999999999995
      vertex 104.8409574299123 44.61888061316458 4.3999999999999995
      vertex 104.57281266512528 44.67221792312883 4.3999999999999995
    endloop
  endfacet
  facet normal 0 0 -1
    outer loop
      vertex 104.27128756712852 45.199999999999996 4.3999999999999995
      vertex 105.09984626309179 44.53099969616963 4.3999999999999995
      vertex 104.8409574299123 44.61888061316458 4.3999999999999995
    endloop
  endfacet
  facet normal 0 0 -1
    outer loop
      vertex 105.39999999850988 44.50525588542223 4.3999999999999995
      vertex 105.09984626309179 44.53099969616963 4.3999999999999995
      vertex 104.27128756712852 45.199999999999996 4.3999999999999995
    endloop
  endfacet
  facet normal 0 0 -1
    outer loop
      vertex 105.39999999850988 44.50525588542223 4.3999999999999995
      vertex 105.3450495049505 44.41007883899895 4.3999999999999995
      vertex 105.09984626309179 44.53099969616963 4.3999999999999995
    endloop
  endfacet
  facet normal 0 0 -1
    outer loop
      vertex 105.39999999850988 40.69474411010742 4.3999999999999995
      vertex 105.3450495049505 40.78992116100104 4.3999999999999995
      vertex 105.57237166003704 40.941812968955645 4.3999999999999995
    endloop
  endfacet
  facet normal 0 0 -1
    outer loop
      vertex 105.39999999850988 40.69474411010742 4.3999999999999995
      vertex 105.57237166003704 40.941812968955645 4.3999999999999995
      vertex 105.63927514106035 40.85462265461683 4.3999999999999995
    endloop
  endfacet
  facet normal 0 0 -1
    outer loop
      vertex 105.63927514106035 40.85462265461683 4.3999999999999995
      vertex 105.57237166003704 40.941812968955645 4.3999999999999995
      vertex 105.77792318325227 41.122076816747715 4.3999999999999995
    endloop
  endfacet
  facet normal 0 0 -1
    outer loop
      vertex 105.63927514106035 40.85462265461683 4.3999999999999995
      vertex 105.77792318325227 41.122076816747715 4.3999999999999995
      vertex 105.95818703104435 41.327628339962956 4.3999999999999995
    endloop
  endfacet
  facet normal 0 0 -1
    outer loop
      vertex 105.63927514106035 40.85462265461683 4.3999999999999995
      vertex 106.04537735134363 41.26072485744953 4.3999999999999995
      vertex 105.85563492029905 41.04436507821083 4.3999999999999995
    endloop
  endfacet
  facet normal 0 0 -1
    outer loop
      vertex 105.63927514106035 40.85462265461683 4.3999999999999995
      vertex 106.20525588840246 41.5 4.3999999999999995
      vertex 106.04537735134363 41.26072485744953 4.3999999999999995
    endloop
  endfacet
  facet normal 0 0 -1
    outer loop
      vertex 105.63927514106035 40.85462265461683 4.3999999999999995
      vertex 105.95818703104435 41.327628339962956 4.3999999999999995
      vertex 106.332534968853 41.75809644907713 4.3999999999999995
    endloop
  endfacet
  facet normal 0 0 -1
    outer loop
      vertex 105.63927514106035 40.85462265461683 4.3999999999999995
      vertex 106.332534968853 41.75809644907713 4.3999999999999995
      vertex 106.20525588840246 41.5 4.3999999999999995
    endloop
  endfacet
  facet normal 0 0 -1
    outer loop
      vertex 106.332534968853 41.75809644907713 4.3999999999999995
      vertex 105.95818703104435 41.327628339962956 4.3999999999999995
      vertex 106.11007883899896 41.5549504950495 4.3999999999999995
    endloop
  endfacet
  facet normal 0 0 -1
    outer loop
      vertex 106.332534968853 41.75809644907713 4.3999999999999995
      vertex 106.11007883899896 41.5549504950495 4.3999999999999995
      vertex 106.23099969616963 41.80015373690821 4.3999999999999995
    endloop
  endfacet
  facet normal 0 0 -1
    outer loop
      vertex 106.332534968853 41.75809644907713 4.3999999999999995
      vertex 106.23099969616963 41.80015373690821 4.3999999999999995
      vertex 106.42503681778908 42.03059810400009 4.3999999999999995
    endloop
  endfacet
  facet normal 0 0 -1
    outer loop
      vertex 106.42503681778908 42.03059810400009 4.3999999999999995
      vertex 106.23099969616963 41.80015373690821 4.3999999999999995
      vertex 106.31888061316458 42.05904257008769 4.3999999999999995
    endloop
  endfacet
  facet normal 0 0 -1
    outer loop
      vertex 106.48117869347334 42.31284237653017 4.3999999999999995
      vertex 106.31888061316458 42.05904257008769 4.3999999999999995
      vertex 106.37221792312883 42.32718733487472 4.3999999999999995
    endloop
  endfacet
  facet normal 0 0 -1
    outer loop
      vertex 106.42503681778908 42.03059810400009 4.3999999999999995
      vertex 106.31888061316458 42.05904257008769 4.3999999999999995
      vertex 106.48117869347334 42.31284237653017 4.3999999999999995
    endloop
  endfacet
  facet normal 0 0 -1
    outer loop
      vertex 106.48117869347334 42.31284237653017 4.3999999999999995
      vertex 106.37221792312883 42.32718733487472 4.3999999999999995
      vertex 106.39009900990098 42.599999999999994 4.3999999999999995
    endloop
  endfacet
  facet normal 0 0 -1
    outer loop
      vertex 106.48117869347334 42.31284237653017 4.3999999999999995
      vertex 106.39009900990098 42.599999999999994 4.3999999999999995
      vertex 106.5 42.600000001490116 4.3999999999999995
    endloop
  endfacet
  facet normal 0 0 -1
    outer loop
      vertex 106.42503681778908 43.16940189898014 4.3999999999999995
      vertex 106.31888061316458 43.1409574299123 4.3999999999999995
      vertex 106.23099969616963 43.399846263091774 4.3999999999999995
    endloop
  endfacet
  facet normal 0 0 -1
    outer loop
      vertex 106.42503681778908 43.16940189898014 4.3999999999999995
      vertex 106.23099969616963 43.399846263091774 4.3999999999999995
      vertex 106.332534968853 43.4419035539031 4.3999999999999995
    endloop
  endfacet
  facet normal 0 0 -1
    outer loop
      vertex 106.5 42.600000001490116 4.3999999999999995
      vertex 106.39009900990098 42.599999999999994 4.3999999999999995
      vertex 106.37221792312883 42.87281266512527 4.3999999999999995
    endloop
  endfacet
  facet normal 0 0 -1
    outer loop
      vertex 106.48117869347334 42.88715762645006 4.3999999999999995
      vertex 106.37221792312883 42.87281266512527 4.3999999999999995
      vertex 106.31888061316458 43.1409574299123 4.3999999999999995
    endloop
  endfacet
  facet normal 0 0 -1
    outer loop
      vertex 106.5 42.600000001490116 4.3999999999999995
      vertex 106.37221792312883 42.87281266512527 4.3999999999999995
      vertex 106.48117869347334 42.88715762645006 4.3999999999999995
    endloop
  endfacet
  facet normal 0 0 -1
    outer loop
      vertex 106.48117869347334 42.88715762645006 4.3999999999999995
      vertex 106.31888061316458 43.1409574299123 4.3999999999999995
      vertex 106.42503681778908 43.16940189898014 4.3999999999999995
    endloop
  endfacet
  facet normal 0 0 -1
    outer loop
      vertex 105.39999999850988 44.50525588542223 4.3999999999999995
      vertex 105.63927514106035 44.3453773483634 4.3999999999999995
      vertex 105.3450495049505 44.41007883899895 4.3999999999999995
    endloop
  endfacet
  facet normal 0 0 -1
    outer loop
      vertex 105.63927514106035 44.3453773483634 4.3999999999999995
      vertex 105.57237166003704 44.25818703104434 4.3999999999999995
      vertex 105.3450495049505 44.41007883899895 4.3999999999999995
    endloop
  endfacet
  facet normal 0 0 -1
    outer loop
      vertex 105.85563492029905 44.15563491731882 4.3999999999999995
      vertex 106.04537735134363 43.9392751455307 4.3999999999999995
      vertex 105.77792318325228 44.077923183252274 4.3999999999999995
    endloop
  endfacet
  facet normal 0 0 -1
    outer loop
      vertex 105.63927514106035 44.3453773483634 4.3999999999999995
      vertex 105.85563492029905 44.15563491731882 4.3999999999999995
      vertex 105.57237166003704 44.25818703104434 4.3999999999999995
    endloop
  endfacet
  facet normal 0 0 -1
    outer loop
      vertex 105.85563492029905 44.15563491731882 4.3999999999999995
      vertex 105.77792318325228 44.077923183252274 4.3999999999999995
      vertex 105.57237166003704 44.25818703104434 4.3999999999999995
    endloop
  endfacet
  facet normal 0 0 -1
    outer loop
      vertex 106.04537735134363 43.9392751455307 4.3999999999999995
      vertex 105.95818703104435 43.87237166003703 4.3999999999999995
      vertex 105.77792318325228 44.077923183252274 4.3999999999999995
    endloop
  endfacet
  facet normal 0 0 -1
    outer loop
      vertex 106.20525588840246 43.70000000298023 4.3999999999999995
      vertex 106.11007883899896 43.645049504950485 4.3999999999999995
      vertex 105.95818703104435 43.87237166003703 4.3999999999999995
    endloop
  endfacet
  facet normal 0 0 -1
    outer loop
      vertex 106.04537735134363 43.9392751455307 4.3999999999999995
      vertex 106.20525588840246 43.70000000298023 4.3999999999999995
      vertex 105.95818703104435 43.87237166003703 4.3999999999999995
    endloop
  endfacet
  facet normal 0 0 -1
    outer loop
      vertex 106.332534968853 43.4419035539031 4.3999999999999995
      vertex 106.23099969616963 43.399846263091774 4.3999999999999995
      vertex 106.11007883899896 43.645049504950485 4.3999999999999995
    endloop
  endfacet
  facet normal 0 0 -1
    outer loop
      vertex 106.20525588840246 43.70000000298023 4.3999999999999995
      vertex 106.332534968853 43.4419035539031 4.3999999999999995
      vertex 106.11007883899896 43.645049504950485 4.3999999999999995
    endloop
  endfacet
  facet normal 0.06540313411920033 -0.9978589229181578 0
    outer loop
      vertex 104.29999999701977 40.399999998509884 4.3999999999999995
      vertex 104.58715762197971 40.418821305036545 4.3999999999999995
      vertex 104.29999999701977 40.399999998509884 5.8999999999999995
    endloop
  endfacet
  facet normal 0.1950903145750945 -0.980785281883344 0
    outer loop
      vertex 104.58715762197971 40.418821305036545 4.3999999999999995
      vertex 104.86940190196037 40.474963180720806 4.3999999999999995
      vertex 104.58715762197971 40.418821305036545 5.8999999999999995
    endloop
  endfacet
  facet normal 0.3214394782475631 -0.9469301251010733 0
    outer loop
      vertex 104.86940190196037 40.474963180720806 4.3999999999999995
      vertex 105.14190354943275 40.56746502965689 4.3999999999999995
      vertex 104.86940190196037 40.474963180720806 5.8999999999999995
    endloop
  endfacet
  facet normal 0.44228868214993894 -0.8968727455119095 0
    outer loop
      vertex 105.14190354943275 40.56746502965689 4.3999999999999995
      vertex 105.39999999850988 40.69474411010742 4.3999999999999995
      vertex 105.14190354943275 40.56746502965689 5.8999999999999995
    endloop
  endfacet
  facet normal 0.5241805227906868 0.8516071744219175 0
    outer loop
      vertex 105.39999999850988 44.50525588542223 4.3999999999999995
      vertex 104.27128756712852 45.199999999999996 4.3999999999999995
      vertex 104.27128756712852 45.199999999999996 5.8999999999999995
    endloop
  endfacet
  facet normal 0.5555702466461198 -0.8314696031975972 0
    outer loop
      vertex 105.39999999850988 40.69474411010742 4.3999999999999995
      vertex 105.63927514106035 40.85462265461683 4.3999999999999995
      vertex 105.39999999850988 40.69474411010742 5.8999999999999995
    endloop
  endfacet
  facet normal 0.6593457947961759 -0.7518398252850131 0
    outer loop
      vertex 105.63927514106035 40.85462265461683 4.3999999999999995
      vertex 105.85563492029905 41.04436507821083 4.3999999999999995
      vertex 105.63927514106035 40.85462265461683 5.8999999999999995
    endloop
  endfacet
  facet normal 0.7518398124505568 -0.659345809431069 0
    outer loop
      vertex 105.85563492029905 41.04436507821083 4.3999999999999995
      vertex 106.04537735134363 41.26072485744953 4.3999999999999995
      vertex 105.85563492029905 41.04436507821083 5.8999999999999995
    endloop
  endfacet
  facet normal 0.8314696151574067 -0.555570228747 0
    outer loop
      vertex 106.04537735134363 41.26072485744953 4.3999999999999995
      vertex 106.20525588840246 41.5 4.3999999999999995
      vertex 106.04537735134363 41.26072485744953 5.8999999999999995
    endloop
  endfacet
  facet normal 0.8968727455119095 -0.44228868214993894 0
    outer loop
      vertex 106.20525588840246 41.5 4.3999999999999995
      vertex 106.332534968853 41.75809644907713 4.3999999999999995
      vertex 106.20525588840246 41.5 5.8999999999999995
    endloop
  endfacet
  facet normal 0.9469301277761568 -0.3214394703670217 0
    outer loop
      vertex 106.332534968853 41.75809644907713 4.3999999999999995
      vertex 106.42503681778908 42.03059810400009 4.3999999999999995
      vertex 106.332534968853 41.75809644907713 5.8999999999999995
    endloop
  endfacet
  facet normal 0.9807852808979491 -0.1950903195290097 0
    outer loop
      vertex 106.42503681778908 42.03059810400009 4.3999999999999995
      vertex 106.48117869347334 42.31284237653017 4.3999999999999995
      vertex 106.42503681778908 42.03059810400009 5.8999999999999995
    endloop
  endfacet
  facet normal 0.9978589229181578 -0.06540313411920033 0
    outer loop
      vertex 106.48117869347334 42.31284237653017 4.3999999999999995
      vertex 106.5 42.600000001490116 4.3999999999999995
      vertex 106.48117869347334 42.31284237653017 5.8999999999999995
    endloop
  endfacet
  facet normal 0.9978589229181578 0.06540313411920033 0
    outer loop
      vertex 106.5 42.600000001490116 4.3999999999999995
      vertex 106.48117869347334 42.88715762645006 4.3999999999999995
      vertex 106.5 42.600000001490116 5.8999999999999995
    endloop
  endfacet
  facet normal 0.9807852808979491 0.1950903195290097 0
    outer loop
      vertex 106.48117869347334 42.88715762645006 4.3999999999999995
      vertex 106.42503681778908 43.16940189898014 4.3999999999999995
      vertex 106.48117869347334 42.88715762645006 5.8999999999999995
    endloop
  endfacet
  facet normal 0.9469301277761568 0.3214394703670217 0
    outer loop
      vertex 106.42503681778908 43.16940189898014 4.3999999999999995
      vertex 106.332534968853 43.4419035539031 4.3999999999999995
      vertex 106.42503681778908 43.16940189898014 5.8999999999999995
    endloop
  endfacet
  facet normal 0.555570228747 0.8314696151574067 0
    outer loop
      vertex 105.39999999850988 44.50525588542223 4.3999999999999995
      vertex 105.63927514106035 44.3453773483634 5.8999999999999995
      vertex 105.63927514106035 44.3453773483634 4.3999999999999995
    endloop
  endfacet
  facet normal 0.659345809431069 0.7518398124505568 0
    outer loop
      vertex 105.63927514106035 44.3453773483634 4.3999999999999995
      vertex 105.85563492029905 44.15563491731882 5.8999999999999995
      vertex 105.85563492029905 44.15563491731882 4.3999999999999995
    endloop
  endfacet
  facet normal 0.7518398011950406 0.6593458222655256 0
    outer loop
      vertex 105.85563492029905 44.15563491731882 4.3999999999999995
      vertex 106.04537735134363 43.9392751455307 5.8999999999999995
      vertex 106.04537735134363 43.9392751455307 4.3999999999999995
    endloop
  endfacet
  facet normal 0.8314696151574067 0.555570228747 0
    outer loop
      vertex 106.04537735134363 43.9392751455307 4.3999999999999995
      vertex 106.20525588840246 43.70000000298023 5.8999999999999995
      vertex 106.20525588840246 43.70000000298023 4.3999999999999995
    endloop
  endfacet
  facet normal 0.8968727455119095 0.44228868214993894 0
    outer loop
      vertex 106.20525588840246 43.70000000298023 4.3999999999999995
      vertex 106.332534968853 43.4419035539031 5.8999999999999995
      vertex 106.332534968853 43.4419035539031 4.3999999999999995
    endloop
  endfacet
  facet normal -0.7518398124505568 -0.659345809431069 0
    outer loop
      vertex 102.74436508119106 41.04436507821083 4.3999999999999995
      vertex 102.74436508119106 41.04436507821083 5.8999999999999995
      vertex 102.55462265014648 41.26072485744953 5.8999999999999995
    endloop
  endfacet
  facet normal -0.6593458076306326 -0.7518398140294972 0
    outer loop
      vertex 102.96072485297918 40.85462265461683 4.3999999999999995
      vertex 102.96072485297918 40.85462265461683 5.8999999999999995
      vertex 102.74436508119106 41.04436507821083 5.8999999999999995
    endloop
  endfacet
  facet normal -0.5555702346863104 -0.8314696111888865 0
    outer loop
      vertex 103.20000000298023 40.69474411010742 4.3999999999999995
      vertex 103.20000000298023 40.69474411010742 5.8999999999999995
      vertex 102.96072485297918 40.85462265461683 5.8999999999999995
    endloop
  endfacet
  facet normal -0.44228868214993894 -0.8968727455119095 0
    outer loop
      vertex 103.45809645205736 40.56746502965689 4.3999999999999995
      vertex 103.45809645205736 40.56746502965689 5.8999999999999995
      vertex 103.20000000298023 40.69474411010742 5.8999999999999995
    endloop
  endfacet
  facet normal -0.3214394782475631 -0.9469301251010733 0
    outer loop
      vertex 103.73059809952974 40.474963180720806 4.3999999999999995
      vertex 103.73059809952974 40.474963180720806 5.8999999999999995
      vertex 103.45809645205736 40.56746502965689 5.8999999999999995
    endloop
  endfacet
  facet normal -0.1950903145750945 -0.980785281883344 0
    outer loop
      vertex 104.0128423795104 40.418821305036545 4.3999999999999995
      vertex 104.0128423795104 40.418821305036545 5.8999999999999995
      vertex 103.73059809952974 40.474963180720806 5.8999999999999995
    endloop
  endfacet
  facet normal 0 0 1
    outer loop
      vertex 100.28595952689648 44.14039435982704 5.8999999999999995
      vertex 102.55462265014648 41.26072485744953 5.8999999999999995
      vertex 103.28373251423758 42.17904822439839 5.8999999999999995
    endloop
  endfacet
  facet normal 0 0 1
    outer loop
      vertex 100.28595952689648 44.14039435982704 5.8999999999999995
      vertex 103.23748159108202 42.315299050387225 5.8999999999999995
      vertex 103.2094106524888 42.45642118855794 5.8999999999999995
    endloop
  endfacet
  facet normal 0 0 1
    outer loop
      vertex 100.28595952689648 44.14039435982704 5.8999999999999995
      vertex 103.28373251423758 42.17904822439839 5.8999999999999995
      vertex 103.23748159108202 42.315299050387225 5.8999999999999995
    endloop
  endfacet
  facet normal 0 0 1
    outer loop
      vertex 100.28595952689648 44.14039435982704 5.8999999999999995
      vertex 103.2094106524888 42.45642118855794 5.8999999999999995
      vertex 103.2 42.599999999999994 5.8999999999999995
    endloop
  endfacet
  facet normal 0 0 1
    outer loop
      vertex 100.28595952689648 44.14039435982704 5.8999999999999995
      vertex 103.2 42.599999999999994 5.8999999999999995
      vertex 103.2094106524888 42.74357881144205 5.8999999999999995
    endloop
  endfacet
  facet normal 0 0 1
    outer loop
      vertex 100.28595952689648 44.14039435982704 5.8999999999999995
      vertex 103.2094106524888 42.74357881144205 5.8999999999999995
      vertex 103.23748159108202 42.884700949612764 5.8999999999999995
    endloop
  endfacet
  facet normal 0 0 1
    outer loop
      vertex 100.28595952689648 44.14039435982704 5.8999999999999995
      vertex 103.23748159108202 42.884700949612764 5.8999999999999995
      vertex 103.28373251423758 43.020951775601596 5.8999999999999995
    endloop
  endfacet
  facet normal 0 0 1
    outer loop
      vertex 102.74436508119106 41.04436507821083 5.8999999999999995
      vertex 103.34737205583711 42.05 5.8999999999999995
      vertex 102.55462265014648 41.26072485744953 5.8999999999999995
    endloop
  endfacet
  facet normal 0 0 1
    outer loop
      vertex 100.28595952689648 44.14039435982704 5.8999999999999995
      vertex 103.28373251423758 43.020951775601596 5.8999999999999995
      vertex 103.34737205583711 43.14999999999999 5.8999999999999995
    endloop
  endfacet
  facet normal 0 0 1
    outer loop
      vertex 100.28595952689648 44.14039435982704 5.8999999999999995
      vertex 103.34737205583711 43.14999999999999 5.8999999999999995
      vertex 103.42731132567964 43.269637571909584 5.8999999999999995
    endloop
  endfacet
  facet normal 0 0 1
    outer loop
      vertex 100.28595952689648 44.14039435982704 5.8999999999999995
      vertex 103.42731132567964 43.269637571909584 5.8999999999999995
      vertex 103.5221825406948 43.3778174593052 5.8999999999999995
    endloop
  endfacet
  facet normal 0 0 1
    outer loop
      vertex 100.28595952689648 44.14039435982704 5.8999999999999995
      vertex 103.5221825406948 43.3778174593052 5.8999999999999995
      vertex 103.63036242809041 43.47268867432035 5.8999999999999995
    endloop
  endfacet
  facet normal 0 0 1
    outer loop
      vertex 100.28595952689648 44.14039435982704 5.8999999999999995
      vertex 103.63036242809041 43.47268867432035 5.8999999999999995
      vertex 103.75 43.55262794416288 5.8999999999999995
    endloop
  endfacet
  facet normal 0 0 1
    outer loop
      vertex 100.28595952689648 44.14039435982704 5.8999999999999995
      vertex 103.75 43.55262794416288 5.8999999999999995
      vertex 103.8790482243984 43.61626748576241 5.8999999999999995
    endloop
  endfacet
  facet normal 0 0 1
    outer loop
      vertex 100.28595952689648 44.14039435982704 5.8999999999999995
      vertex 103.8790482243984 43.61626748576241 5.8999999999999995
      vertex 104.01529905038723 43.66251840891797 5.8999999999999995
    endloop
  endfacet
  facet normal 0 0 1
    outer loop
      vertex 100.28595952689648 44.14039435982704 5.8999999999999995
      vertex 104.01529905038723 43.66251840891797 5.8999999999999995
      vertex 104.15642118855794 43.690589347511185 5.8999999999999995
    endloop
  endfacet
  facet normal 0 0 1
    outer loop
      vertex 100.28595952689648 44.14039435982704 5.8999999999999995
      vertex 104.15642118855794 43.690589347511185 5.8999999999999995
      vertex 104.3 43.699999999999996 5.8999999999999995
    endloop
  endfacet
  facet normal 0 0 1
    outer loop
      vertex 100.28595952689648 44.14039435982704 5.8999999999999995
      vertex 104.3 43.699999999999996 5.8999999999999995
      vertex 104.44357881144205 43.690589347511185 5.8999999999999995
    endloop
  endfacet
  facet normal 0 0 1
    outer loop
      vertex 102.96072485297918 40.85462265461683 5.8999999999999995
      vertex 103.20000000298023 40.69474411010742 5.8999999999999995
      vertex 103.63036242809041 41.727311325679636 5.8999999999999995
    endloop
  endfacet
  facet normal 0 0 1
    outer loop
      vertex 102.74436508119106 41.04436507821083 5.8999999999999995
      vertex 102.96072485297918 40.85462265461683 5.8999999999999995
      vertex 103.5221825406948 41.82218254069479 5.8999999999999995
    endloop
  endfacet
  facet normal 0 0 1
    outer loop
      vertex 102.55462265014648 41.26072485744953 5.8999999999999995
      vertex 103.34737205583711 42.05 5.8999999999999995
      vertex 103.28373251423758 42.17904822439839 5.8999999999999995
    endloop
  endfacet
  facet normal 0 0 1
    outer loop
      vertex 102.74436508119106 41.04436507821083 5.8999999999999995
      vertex 103.42731132567964 41.930362428090405 5.8999999999999995
      vertex 103.34737205583711 42.05 5.8999999999999995
    endloop
  endfacet
  facet normal 0 0 1
    outer loop
      vertex 102.74436508119106 41.04436507821083 5.8999999999999995
      vertex 103.5221825406948 41.82218254069479 5.8999999999999995
      vertex 103.42731132567964 41.930362428090405 5.8999999999999995
    endloop
  endfacet
  facet normal 0 0 1
    outer loop
      vertex 103.20000000298023 40.69474411010742 5.8999999999999995
      vertex 103.45809645205736 40.56746502965689 5.8999999999999995
      vertex 103.75 41.64737205583711 5.8999999999999995
    endloop
  endfacet
  facet normal 0 0 1
    outer loop
      vertex 102.96072485297918 40.85462265461683 5.8999999999999995
      vertex 103.63036242809041 41.727311325679636 5.8999999999999995
      vertex 103.5221825406948 41.82218254069479 5.8999999999999995
    endloop
  endfacet
  facet normal 0 0 1
    outer loop
      vertex 103.20000000298023 40.69474411010742 5.8999999999999995
      vertex 103.75 41.64737205583711 5.8999999999999995
      vertex 103.63036242809041 41.727311325679636 5.8999999999999995
    endloop
  endfacet
  facet normal 0 0 1
    outer loop
      vertex 103.45809645205736 40.56746502965689 5.8999999999999995
      vertex 103.73059809952974 40.474963180720806 5.8999999999999995
      vertex 103.8790482243984 41.58373251423758 5.8999999999999995
    endloop
  endfacet
  facet normal 0 0 1
    outer loop
      vertex 103.45809645205736 40.56746502965689 5.8999999999999995
      vertex 103.8790482243984 41.58373251423758 5.8999999999999995
      vertex 103.75 41.64737205583711 5.8999999999999995
    endloop
  endfacet
  facet normal 0 0 1
    outer loop
      vertex 103.73059809952974 40.474963180720806 5.8999999999999995
      vertex 104.01529905038723 41.53748159108202 5.8999999999999995
      vertex 103.8790482243984 41.58373251423758 5.8999999999999995
    endloop
  endfacet
  facet normal 0 0 1
    outer loop
      vertex 103.73059809952974 40.474963180720806 5.8999999999999995
      vertex 104.0128423795104 40.418821305036545 5.8999999999999995
      vertex 104.15642118855794 41.5094106524888 5.8999999999999995
    endloop
  endfacet
  facet normal 0 0 1
    outer loop
      vertex 104.0128423795104 40.418821305036545 5.8999999999999995
      vertex 104.3 41.49999999999999 5.8999999999999995
      vertex 104.15642118855794 41.5094106524888 5.8999999999999995
    endloop
  endfacet
  facet normal 0 0 1
    outer loop
      vertex 103.73059809952974 40.474963180720806 5.8999999999999995
      vertex 104.15642118855794 41.5094106524888 5.8999999999999995
      vertex 104.01529905038723 41.53748159108202 5.8999999999999995
    endloop
  endfacet
  facet normal 0 0 1
    outer loop
      vertex 100.28595952689648 44.14039435982704 5.8999999999999995
      vertex 105.39999999850988 44.50525588542223 5.8999999999999995
      vertex 104.27128756712852 45.199999999999996 5.8999999999999995
    endloop
  endfacet
  facet normal 0 0 1
    outer loop
      vertex 100.28595952689648 44.14039435982704 5.8999999999999995
      vertex 104.44357881144205 43.690589347511185 5.8999999999999995
      vertex 105.39999999850988 44.50525588542223 5.8999999999999995
    endloop
  endfacet
  facet normal -0.06540313580888876 -0.9978589228074098 0
    outer loop
      vertex 104.29999999701977 40.399999998509884 4.3999999999999995
      vertex 104.29999999701977 40.399999998509884 5.8999999999999995
      vertex 104.0128423795104 40.418821305036545 5.8999999999999995
    endloop
  endfacet
  facet normal 0.06540313411920033 -0.9978589229181578 0
    outer loop
      vertex 104.58715762197971 40.418821305036545 4.3999999999999995
      vertex 104.58715762197971 40.418821305036545 5.8999999999999995
      vertex 104.29999999701977 40.399999998509884 5.8999999999999995
    endloop
  endfacet
  facet normal 0.1950903145750945 -0.980785281883344 0
    outer loop
      vertex 104.86940190196037 40.474963180720806 4.3999999999999995
      vertex 104.86940190196037 40.474963180720806 5.8999999999999995
      vertex 104.58715762197971 40.418821305036545 5.8999999999999995
    endloop
  endfacet
  facet normal 0.3214394782475631 -0.9469301251010733 0
    outer loop
      vertex 105.14190354943275 40.56746502965689 4.3999999999999995
      vertex 105.14190354943275 40.56746502965689 5.8999999999999995
      vertex 104.86940190196037 40.474963180720806 5.8999999999999995
    endloop
  endfacet
  facet normal 0.44228868214993894 -0.8968727455119095 0
    outer loop
      vertex 105.39999999850988 40.69474411010742 4.3999999999999995
      vertex 105.39999999850988 40.69474411010742 5.8999999999999995
      vertex 105.14190354943275 40.56746502965689 5.8999999999999995
    endloop
  endfacet
  facet normal 0.5241805227906868 0.8516071744219175 0
    outer loop
      vertex 105.39999999850988 44.50525588542223 4.3999999999999995
      vertex 104.27128756712852 45.199999999999996 5.8999999999999995
      vertex 105.39999999850988 44.50525588542223 5.8999999999999995
    endloop
  endfacet
  facet normal 0.5555702466461198 -0.8314696031975972 0
    outer loop
      vertex 105.63927514106035 40.85462265461683 4.3999999999999995
      vertex 105.63927514106035 40.85462265461683 5.8999999999999995
      vertex 105.39999999850988 40.69474411010742 5.8999999999999995
    endloop
  endfacet
  facet normal 0.6593457947961759 -0.7518398252850131 0
    outer loop
      vertex 105.85563492029905 41.04436507821083 4.3999999999999995
      vertex 105.85563492029905 41.04436507821083 5.8999999999999995
      vertex 105.63927514106035 40.85462265461683 5.8999999999999995
    endloop
  endfacet
  facet normal 0.7518398124505568 -0.659345809431069 0
    outer loop
      vertex 106.04537735134363 41.26072485744953 4.3999999999999995
      vertex 106.04537735134363 41.26072485744953 5.8999999999999995
      vertex 105.85563492029905 41.04436507821083 5.8999999999999995
    endloop
  endfacet
  facet normal 0.8314696151574067 -0.555570228747 0
    outer loop
      vertex 106.20525588840246 41.5 4.3999999999999995
      vertex 106.20525588840246 41.5 5.8999999999999995
      vertex 106.04537735134363 41.26072485744953 5.8999999999999995
    endloop
  endfacet
  facet normal 0.8968727455119095 -0.44228868214993894 0
    outer loop
      vertex 106.332534968853 41.75809644907713 4.3999999999999995
      vertex 106.332534968853 41.75809644907713 5.8999999999999995
      vertex 106.20525588840246 41.5 5.8999999999999995
    endloop
  endfacet
  facet normal 0.9469301277761568 -0.3214394703670217 0
    outer loop
      vertex 106.42503681778908 42.03059810400009 4.3999999999999995
      vertex 106.42503681778908 42.03059810400009 5.8999999999999995
      vertex 106.332534968853 41.75809644907713 5.8999999999999995
    endloop
  endfacet
  facet normal 0.9807852808979491 -0.1950903195290097 0
    outer loop
      vertex 106.48117869347334 42.31284237653017 4.3999999999999995
      vertex 106.48117869347334 42.31284237653017 5.8999999999999995
      vertex 106.42503681778908 42.03059810400009 5.8999999999999995
    endloop
  endfacet
  facet normal 0.9978589229181578 -0.06540313411920033 0
    outer loop
      vertex 106.5 42.600000001490116 4.3999999999999995
      vertex 106.5 42.600000001490116 5.8999999999999995
      vertex 106.48117869347334 42.31284237653017 5.8999999999999995
    endloop
  endfacet
  facet normal 0.9978589229181578 0.06540313411920033 0
    outer loop
      vertex 106.48117869347334 42.88715762645006 4.3999999999999995
      vertex 106.48117869347334 42.88715762645006 5.8999999999999995
      vertex 106.5 42.600000001490116 5.8999999999999995
    endloop
  endfacet
  facet normal 0.9469301277761568 0.3214394703670217 0
    outer loop
      vertex 106.332534968853 43.4419035539031 4.3999999999999995
      vertex 106.332534968853 43.4419035539031 5.8999999999999995
      vertex 106.42503681778908 43.16940189898014 5.8999999999999995
    endloop
  endfacet
  facet normal 0.9807852808979491 0.1950903195290097 0
    outer loop
      vertex 106.42503681778908 43.16940189898014 4.3999999999999995
      vertex 106.42503681778908 43.16940189898014 5.8999999999999995
      vertex 106.48117869347334 42.88715762645006 5.8999999999999995
    endloop
  endfacet
  facet normal 0.555570228747 0.8314696151574067 0
    outer loop
      vertex 105.39999999850988 44.50525588542223 4.3999999999999995
      vertex 105.39999999850988 44.50525588542223 5.8999999999999995
      vertex 105.63927514106035 44.3453773483634 5.8999999999999995
    endloop
  endfacet
  facet normal 0.7518398011950406 0.6593458222655256 0
    outer loop
      vertex 105.85563492029905 44.15563491731882 4.3999999999999995
      vertex 105.85563492029905 44.15563491731882 5.8999999999999995
      vertex 106.04537735134363 43.9392751455307 5.8999999999999995
    endloop
  endfacet
  facet normal 0.659345809431069 0.7518398124505568 0
    outer loop
      vertex 105.63927514106035 44.3453773483634 4.3999999999999995
      vertex 105.63927514106035 44.3453773483634 5.8999999999999995
      vertex 105.85563492029905 44.15563491731882 5.8999999999999995
    endloop
  endfacet
  facet normal 0.8314696151574067 0.555570228747 0
    outer loop
      vertex 106.04537735134363 43.9392751455307 4.3999999999999995
      vertex 106.04537735134363 43.9392751455307 5.8999999999999995
      vertex 106.20525588840246 43.70000000298023 5.8999999999999995
    endloop
  endfacet
  facet normal 0.8968727455119095 0.44228868214993894 0
    outer loop
      vertex 106.20525588840246 43.70000000298023 4.3999999999999995
      vertex 106.20525588840246 43.70000000298023 5.8999999999999995
      vertex 106.332534968853 43.4419035539031 5.8999999999999995
    endloop
  endfacet
  facet normal 0 0 1
    outer loop
      vertex 104.0128423795104 40.418821305036545 5.8999999999999995
      vertex 104.29999999701977 40.399999998509884 5.8999999999999995
      vertex 104.3 41.49999999999999 5.8999999999999995
    endloop
  endfacet
  facet normal 0 0 1
    outer loop
      vertex 104.29999999701977 40.399999998509884 5.8999999999999995
      vertex 104.44357881144205 41.5094106524888 5.8999999999999995
      vertex 104.3 41.49999999999999 5.8999999999999995
    endloop
  endfacet
  facet normal 0 0 1
    outer loop
      vertex 104.29999999701977 40.399999998509884 5.8999999999999995
      vertex 104.58470094961277 41.53748159108202 5.8999999999999995
      vertex 104.44357881144205 41.5094106524888 5.8999999999999995
    endloop
  endfacet
  facet normal 0 0 1
    outer loop
      vertex 104.29999999701977 40.399999998509884 5.8999999999999995
      vertex 104.58715762197971 40.418821305036545 5.8999999999999995
      vertex 104.58470094961277 41.53748159108202 5.8999999999999995
    endloop
  endfacet
  facet normal 0 0 1
    outer loop
      vertex 104.58715762197971 40.418821305036545 5.8999999999999995
      vertex 104.86940190196037 40.474963180720806 5.8999999999999995
      vertex 104.72095177560159 41.58373251423758 5.8999999999999995
    endloop
  endfacet
  facet normal 0 0 1
    outer loop
      vertex 104.58715762197971 40.418821305036545 5.8999999999999995
      vertex 104.72095177560159 41.58373251423758 5.8999999999999995
      vertex 104.58470094961277 41.53748159108202 5.8999999999999995
    endloop
  endfacet
  facet normal 0 0 1
    outer loop
      vertex 104.86940190196037 40.474963180720806 5.8999999999999995
      vertex 105.14190354943275 40.56746502965689 5.8999999999999995
      vertex 104.96963757190959 41.727311325679636 5.8999999999999995
    endloop
  endfacet
  facet normal 0 0 1
    outer loop
      vertex 104.86940190196037 40.474963180720806 5.8999999999999995
      vertex 104.85 41.64737205583711 5.8999999999999995
      vertex 104.72095177560159 41.58373251423758 5.8999999999999995
    endloop
  endfacet
  facet normal 0 0 1
    outer loop
      vertex 104.86940190196037 40.474963180720806 5.8999999999999995
      vertex 104.96963757190959 41.727311325679636 5.8999999999999995
      vertex 104.85 41.64737205583711 5.8999999999999995
    endloop
  endfacet
  facet normal 0 0 1
    outer loop
      vertex 105.14190354943275 40.56746502965689 5.8999999999999995
      vertex 105.39999999850988 40.69474411010742 5.8999999999999995
      vertex 105.17268867432036 41.930362428090405 5.8999999999999995
    endloop
  endfacet
  facet normal 0 0 1
    outer loop
      vertex 105.14190354943275 40.56746502965689 5.8999999999999995
      vertex 105.0778174593052 41.82218254069479 5.8999999999999995
      vertex 104.96963757190959 41.727311325679636 5.8999999999999995
    endloop
  endfacet
  facet normal 0 0 1
    outer loop
      vertex 105.14190354943275 40.56746502965689 5.8999999999999995
      vertex 105.17268867432036 41.930362428090405 5.8999999999999995
      vertex 105.0778174593052 41.82218254069479 5.8999999999999995
    endloop
  endfacet
  facet normal 0 0 1
    outer loop
      vertex 105.39999999850988 40.69474411010742 5.8999999999999995
      vertex 105.25262794416288 42.05 5.8999999999999995
      vertex 105.17268867432036 41.930362428090405 5.8999999999999995
    endloop
  endfacet
  facet normal 0 0 1
    outer loop
      vertex 105.39999999850988 40.69474411010742 5.8999999999999995
      vertex 105.31626748576241 42.17904822439839 5.8999999999999995
      vertex 105.25262794416288 42.05 5.8999999999999995
    endloop
  endfacet
  facet normal 0 0 1
    outer loop
      vertex 105.39999999850988 44.50525588542223 5.8999999999999995
      vertex 104.44357881144205 43.690589347511185 5.8999999999999995
      vertex 104.58470094961277 43.66251840891797 5.8999999999999995
    endloop
  endfacet
  facet normal 0 0 1
    outer loop
      vertex 105.39999999850988 44.50525588542223 5.8999999999999995
      vertex 104.58470094961277 43.66251840891797 5.8999999999999995
      vertex 104.72095177560159 43.61626748576241 5.8999999999999995
    endloop
  endfacet
  facet normal 0 0 1
    outer loop
      vertex 105.39999999850988 44.50525588542223 5.8999999999999995
      vertex 104.72095177560159 43.61626748576241 5.8999999999999995
      vertex 104.85 43.55262794416288 5.8999999999999995
    endloop
  endfacet
  facet normal 0 0 1
    outer loop
      vertex 105.39999999850988 44.50525588542223 5.8999999999999995
      vertex 104.85 43.55262794416288 5.8999999999999995
      vertex 104.96963757190959 43.47268867432035 5.8999999999999995
    endloop
  endfacet
  facet normal 0 0 1
    outer loop
      vertex 105.39999999850988 44.50525588542223 5.8999999999999995
      vertex 104.96963757190959 43.47268867432035 5.8999999999999995
      vertex 105.0778174593052 43.3778174593052 5.8999999999999995
    endloop
  endfacet
  facet normal 0 0 1
    outer loop
      vertex 105.39999999850988 44.50525588542223 5.8999999999999995
      vertex 105.0778174593052 43.3778174593052 5.8999999999999995
      vertex 105.17268867432036 43.269637571909584 5.8999999999999995
    endloop
  endfacet
  facet normal 0 0 1
    outer loop
      vertex 105.39999999850988 44.50525588542223 5.8999999999999995
      vertex 105.17268867432036 43.269637571909584 5.8999999999999995
      vertex 105.25262794416288 43.14999999999999 5.8999999999999995
    endloop
  endfacet
  facet normal 0 0 1
    outer loop
      vertex 105.39999999850988 44.50525588542223 5.8999999999999995
      vertex 105.25262794416288 43.14999999999999 5.8999999999999995
      vertex 105.31626748576241 43.020951775601596 5.8999999999999995
    endloop
  endfacet
  facet normal 0 0 1
    outer loop
      vertex 105.39999999850988 40.69474411010742 5.8999999999999995
      vertex 105.63927514106035 40.85462265461683 5.8999999999999995
      vertex 105.3905893475112 42.45642118855794 5.8999999999999995
    endloop
  endfacet
  facet normal 0 0 1
    outer loop
      vertex 105.39999999850988 40.69474411010742 5.8999999999999995
      vertex 105.36251840891798 42.315299050387225 5.8999999999999995
      vertex 105.31626748576241 42.17904822439839 5.8999999999999995
    endloop
  endfacet
  facet normal 0 0 1
    outer loop
      vertex 105.39999999850988 40.69474411010742 5.8999999999999995
      vertex 105.3905893475112 42.45642118855794 5.8999999999999995
      vertex 105.36251840891798 42.315299050387225 5.8999999999999995
    endloop
  endfacet
  facet normal 0 0 1
    outer loop
      vertex 105.63927514106035 40.85462265461683 5.8999999999999995
      vertex 105.85563492029905 41.04436507821083 5.8999999999999995
      vertex 106.04537735134363 41.26072485744953 5.8999999999999995
    endloop
  endfacet
  facet normal 0 0 1
    outer loop
      vertex 105.63927514106035 40.85462265461683 5.8999999999999995
      vertex 105.39999999999999 42.599999999999994 5.8999999999999995
      vertex 105.3905893475112 42.45642118855794 5.8999999999999995
    endloop
  endfacet
  facet normal 0 0 1
    outer loop
      vertex 105.63927514106035 40.85462265461683 5.8999999999999995
      vertex 105.39999999850988 44.50525588542223 5.8999999999999995
      vertex 105.39999999999999 42.599999999999994 5.8999999999999995
    endloop
  endfacet
  facet normal 0 0 1
    outer loop
      vertex 105.39999999850988 44.50525588542223 5.8999999999999995
      vertex 105.3905893475112 42.74357881144205 5.8999999999999995
      vertex 105.39999999999999 42.599999999999994 5.8999999999999995
    endloop
  endfacet
  facet normal 0 0 1
    outer loop
      vertex 105.63927514106035 40.85462265461683 5.8999999999999995
      vertex 105.63927514106035 44.3453773483634 5.8999999999999995
      vertex 105.39999999850988 44.50525588542223 5.8999999999999995
    endloop
  endfacet
  facet normal 0 0 1
    outer loop
      vertex 105.63927514106035 40.85462265461683 5.8999999999999995
      vertex 105.85563492029905 44.15563491731882 5.8999999999999995
      vertex 105.63927514106035 44.3453773483634 5.8999999999999995
    endloop
  endfacet
  facet normal 0 0 1
    outer loop
      vertex 105.63927514106035 40.85462265461683 5.8999999999999995
      vertex 106.04537735134363 43.9392751455307 5.8999999999999995
      vertex 105.85563492029905 44.15563491731882 5.8999999999999995
    endloop
  endfacet
  facet normal 0 0 1
    outer loop
      vertex 105.63927514106035 40.85462265461683 5.8999999999999995
      vertex 106.04537735134363 41.26072485744953 5.8999999999999995
      vertex 106.20525588840246 41.5 5.8999999999999995
    endloop
  endfacet
  facet normal 0 0 1
    outer loop
      vertex 105.63927514106035 40.85462265461683 5.8999999999999995
      vertex 106.20525588840246 41.5 5.8999999999999995
      vertex 106.332534968853 41.75809644907713 5.8999999999999995
    endloop
  endfacet
  facet normal 0 0 1
    outer loop
      vertex 105.63927514106035 40.85462265461683 5.8999999999999995
      vertex 106.332534968853 41.75809644907713 5.8999999999999995
      vertex 106.42503681778908 42.03059810400009 5.8999999999999995
    endloop
  endfacet
  facet normal 0 0 1
    outer loop
      vertex 105.63927514106035 40.85462265461683 5.8999999999999995
      vertex 106.42503681778908 42.03059810400009 5.8999999999999995
      vertex 106.48117869347334 42.31284237653017 5.8999999999999995
    endloop
  endfacet
  facet normal 0 0 1
    outer loop
      vertex 105.63927514106035 40.85462265461683 5.8999999999999995
      vertex 106.48117869347334 42.31284237653017 5.8999999999999995
      vertex 106.5 42.600000001490116 5.8999999999999995
    endloop
  endfacet
  facet normal 0 0 1
    outer loop
      vertex 105.63927514106035 40.85462265461683 5.8999999999999995
      vertex 106.5 42.600000001490116 5.8999999999999995
      vertex 106.48117869347334 42.88715762645006 5.8999999999999995
    endloop
  endfacet
  facet normal 0 0 1
    outer loop
      vertex 105.63927514106035 40.85462265461683 5.8999999999999995
      vertex 106.42503681778908 43.16940189898014 5.8999999999999995
      vertex 106.332534968853 43.4419035539031 5.8999999999999995
    endloop
  endfacet
  facet normal 0 0 1
    outer loop
      vertex 105.63927514106035 40.85462265461683 5.8999999999999995
      vertex 106.48117869347334 42.88715762645006 5.8999999999999995
      vertex 106.42503681778908 43.16940189898014 5.8999999999999995
    endloop
  endfacet
  facet normal 0 0 1
    outer loop
      vertex 105.63927514106035 40.85462265461683 5.8999999999999995
      vertex 106.20525588840246 43.70000000298023 5.8999999999999995
      vertex 106.04537735134363 43.9392751455307 5.8999999999999995
    endloop
  endfacet
  facet normal 0 0 1
    outer loop
      vertex 105.63927514106035 40.85462265461683 5.8999999999999995
      vertex 106.332534968853 43.4419035539031 5.8999999999999995
      vertex 106.20525588840246 43.70000000298023 5.8999999999999995
    endloop
  endfacet
  facet normal 0 0 1
    outer loop
      vertex 105.39999999850988 44.50525588542223 5.8999999999999995
      vertex 105.36251840891798 42.884700949612764 5.8999999999999995
      vertex 105.3905893475112 42.74357881144205 5.8999999999999995
    endloop
  endfacet
  facet normal 0 0 1
    outer loop
      vertex 105.39999999850988 44.50525588542223 5.8999999999999995
      vertex 105.31626748576241 43.020951775601596 5.8999999999999995
      vertex 105.36251840891798 42.884700949612764 5.8999999999999995
    endloop
  endfacet
  facet normal 0 0 -1
    outer loop
      vertex 100.2859595194459 60.45960562676191 4.3999999999999995
      vertex 102.82207681674771 60.52207681674772 4.3999999999999995
      vertex 103.02762833996296 60.34181296895565 4.3999999999999995
    endloop
  endfacet
  facet normal 0 0 -1
    outer loop
      vertex 100.2859595194459 60.45960562676191 4.3999999999999995
      vertex 102.64181296895565 60.72762833996296 4.3999999999999995
      vertex 102.82207681674771 60.52207681674772 4.3999999999999995
    endloop
  endfacet
  facet normal 0 0 -1
    outer loop
      vertex 100.2859595194459 60.45960562676191 4.3999999999999995
      vertex 103.02762833996296 60.34181296895565 4.3999999999999995
      vertex 103.2549504950495 60.189921161001045 4.3999999999999995
    endloop
  endfacet
  facet normal 0 0 -1
    outer loop
      vertex 100.64999999999999 59.39999999999999 4.3999999999999995
      vertex 103.2549504950495 60.189921161001045 4.3999999999999995
      vertex 103.5001537369082 60.069000303830364 4.3999999999999995
    endloop
  endfacet
  facet normal 0 0 -1
    outer loop
      vertex 100.64999999999999 59.39999999999999 4.3999999999999995
      vertex 103.5001537369082 60.069000303830364 4.3999999999999995
      vertex 104.27128757299045 59.39999999999999 4.3999999999999995
    endloop
  endfacet
  facet normal 0 0 -1
    outer loop
      vertex 102.55462265014648 63.339275144040585 4.3999999999999995
      vertex 102.64181296895565 63.27237166003704 4.3999999999999995
      vertex 102.48992116100104 63.04504950495049 4.3999999999999995
    endloop
  endfacet
  facet normal 0 0 -1
    outer loop
      vertex 102.55462265014648 63.339275144040585 4.3999999999999995
      vertex 102.74436508119106 63.555634915828705 4.3999999999999995
      vertex 102.64181296895565 63.27237166003704 4.3999999999999995
    endloop
  endfacet
  facet normal 0 0 -1
    outer loop
      vertex 102.74436508119106 63.555634915828705 4.3999999999999995
      vertex 102.82207681674771 63.47792318325228 4.3999999999999995
      vertex 102.64181296895565 63.27237166003704 4.3999999999999995
    endloop
  endfacet
  facet normal 0 0 -1
    outer loop
      vertex 102.74436508119106 63.555634915828705 4.3999999999999995
      vertex 102.96072485297918 63.74537734687328 4.3999999999999995
      vertex 102.82207681674771 63.47792318325228 4.3999999999999995
    endloop
  endfacet
  facet normal 0 0 -1
    outer loop
      vertex 102.96072485297918 63.74537734687328 4.3999999999999995
      vertex 103.02762833996296 63.65818703104435 4.3999999999999995
      vertex 102.82207681674771 63.47792318325228 4.3999999999999995
    endloop
  endfacet
  facet normal 0 0 -1
    outer loop
      vertex 104.27128757299045 59.39999999999999 4.3999999999999995
      vertex 103.5001537369082 60.069000303830364 4.3999999999999995
      vertex 103.7590425700877 59.98111938683542 4.3999999999999995
    endloop
  endfacet
  facet normal 0 0 -1
    outer loop
      vertex 104.27128757299045 59.39999999999999 4.3999999999999995
      vertex 103.7590425700877 59.98111938683542 4.3999999999999995
      vertex 104.02718733487471 59.92778207687117 4.3999999999999995
    endloop
  endfacet
  facet normal 0 0 -1
    outer loop
      vertex 104.27128757299045 59.39999999999999 4.3999999999999995
      vertex 104.02718733487471 59.92778207687117 4.3999999999999995
      vertex 104.3 59.90990099009901 4.3999999999999995
    endloop
  endfacet
  facet normal 0 0 -1
    outer loop
      vertex 102.96072485297918 63.74537734687328 4.3999999999999995
      vertex 103.20000000298023 63.905255891382694 4.3999999999999995
      vertex 103.02762833996296 63.65818703104435 4.3999999999999995
    endloop
  endfacet
  facet normal 0 0 -1
    outer loop
      vertex 103.20000000298023 63.905255891382694 4.3999999999999995
      vertex 103.2549504950495 63.810078838998955 4.3999999999999995
      vertex 103.02762833996296 63.65818703104435 4.3999999999999995
    endloop
  endfacet
  facet normal 0 0 -1
    outer loop
      vertex 103.20000000298023 63.905255891382694 4.3999999999999995
      vertex 103.45809645205736 64.03253497183323 4.3999999999999995
      vertex 103.2549504950495 63.810078838998955 4.3999999999999995
    endloop
  endfacet
  facet normal 0 0 -1
    outer loop
      vertex 103.45809645205736 64.03253497183323 4.3999999999999995
      vertex 103.5001537369082 63.930999696169636 4.3999999999999995
      vertex 103.2549504950495 63.810078838998955 4.3999999999999995
    endloop
  endfacet
  facet normal 0 0 -1
    outer loop
      vertex 103.45809645205736 64.03253497183323 4.3999999999999995
      vertex 103.73059809952974 64.12503682076931 4.3999999999999995
      vertex 103.5001537369082 63.930999696169636 4.3999999999999995
    endloop
  endfacet
  facet normal 0 0 -1
    outer loop
      vertex 103.73059809952974 64.12503682076931 4.3999999999999995
      vertex 103.7590425700877 64.01888061316458 4.3999999999999995
      vertex 103.5001537369082 63.930999696169636 4.3999999999999995
    endloop
  endfacet
  facet normal 0 0 -1
    outer loop
      vertex 103.73059809952974 64.12503682076931 4.3999999999999995
      vertex 104.0128423795104 64.18117869645357 4.3999999999999995
      vertex 103.7590425700877 64.01888061316458 4.3999999999999995
    endloop
  endfacet
  facet normal 0 0 -1
    outer loop
      vertex 104.0128423795104 64.18117869645357 4.3999999999999995
      vertex 104.02718733487471 64.07221792312883 4.3999999999999995
      vertex 103.7590425700877 64.01888061316458 4.3999999999999995
    endloop
  endfacet
  facet normal 0 0 -1
    outer loop
      vertex 104.0128423795104 64.18117869645357 4.3999999999999995
      vertex 104.29999999701977 64.20000000298023 4.3999999999999995
      vertex 104.02718733487471 64.07221792312883 4.3999999999999995
    endloop
  endfacet
  facet normal -0.7518398011950406 0.6593458222655256 0
    outer loop
      vertex 102.55462265014648 63.339275144040585 4.3999999999999995
      vertex 102.74436508119106 63.555634915828705 5.8999999999999995
      vertex 102.74436508119106 63.555634915828705 4.3999999999999995
    endloop
  endfacet
  facet normal -0.6593458222655256 0.7518398011950406 0
    outer loop
      vertex 102.74436508119106 63.555634915828705 4.3999999999999995
      vertex 102.96072485297918 63.74537734687328 5.8999999999999995
      vertex 102.96072485297918 63.74537734687328 4.3999999999999995
    endloop
  endfacet
  facet normal -0.5555702346863104 0.8314696111888865 0
    outer loop
      vertex 102.96072485297918 63.74537734687328 4.3999999999999995
      vertex 103.20000000298023 63.905255891382694 5.8999999999999995
      vertex 103.20000000298023 63.905255891382694 4.3999999999999995
    endloop
  endfacet
  facet normal -0.44228868214993894 0.8968727455119095 0
    outer loop
      vertex 103.20000000298023 63.905255891382694 4.3999999999999995
      vertex 103.45809645205736 64.03253497183323 5.8999999999999995
      vertex 103.45809645205736 64.03253497183323 4.3999999999999995
    endloop
  endfacet
  facet normal -0.3214394782475631 0.9469301251010733 0
    outer loop
      vertex 103.45809645205736 64.03253497183323 4.3999999999999995
      vertex 103.73059809952974 64.12503682076931 5.8999999999999995
      vertex 103.73059809952974 64.12503682076931 4.3999999999999995
    endloop
  endfacet
  facet normal -0.1950903145750945 0.980785281883344 0
    outer loop
      vertex 103.73059809952974 64.12503682076931 4.3999999999999995
      vertex 104.0128423795104 64.18117869645357 5.8999999999999995
      vertex 104.0128423795104 64.18117869645357 4.3999999999999995
    endloop
  endfacet
  facet normal 0 0 -1
    outer loop
      vertex 104.27128757299045 59.39999999999999 4.3999999999999995
      vertex 104.3 59.90990099009901 4.3999999999999995
      vertex 104.57281266512528 59.92778207687117 4.3999999999999995
    endloop
  endfacet
  facet normal 0 0 -1
    outer loop
      vertex 104.27128757299045 59.39999999999999 4.3999999999999995
      vertex 104.57281266512528 59.92778207687117 4.3999999999999995
      vertex 104.8409574299123 59.98111938683542 4.3999999999999995
    endloop
  endfacet
  facet normal 0 0 -1
    outer loop
      vertex 104.27128757299045 59.39999999999999 4.3999999999999995
      vertex 104.8409574299123 59.98111938683542 4.3999999999999995
      vertex 105.09984626309179 60.069000303830364 4.3999999999999995
    endloop
  endfacet
  facet normal 0 0 -1
    outer loop
      vertex 104.27128757299045 59.39999999999999 4.3999999999999995
      vertex 105.09984626309179 60.069000303830364 4.3999999999999995
      vertex 105.3450495049505 60.189921161001045 4.3999999999999995
    endloop
  endfacet
  facet normal 0 0 -1
    outer loop
      vertex 105.39999999850988 60.094744108617306 4.3999999999999995
      vertex 104.27128757299045 59.39999999999999 4.3999999999999995
      vertex 105.3450495049505 60.189921161001045 4.3999999999999995
    endloop
  endfacet
  facet normal 0 0 -1
    outer loop
      vertex 104.29999999701977 64.20000000298023 4.3999999999999995
      vertex 104.3 64.09009900990098 4.3999999999999995
      vertex 104.02718733487471 64.07221792312883 4.3999999999999995
    endloop
  endfacet
  facet normal 0 0 -1
    outer loop
      vertex 104.29999999701977 64.20000000298023 4.3999999999999995
      vertex 104.58715762197971 64.18117869645357 4.3999999999999995
      vertex 104.3 64.09009900990098 4.3999999999999995
    endloop
  endfacet
  facet normal 0 0 -1
    outer loop
      vertex 104.58715762197971 64.18117869645357 4.3999999999999995
      vertex 104.57281266512528 64.07221792312883 4.3999999999999995
      vertex 104.3 64.09009900990098 4.3999999999999995
    endloop
  endfacet
  facet normal 0 0 -1
    outer loop
      vertex 104.58715762197971 64.18117869645357 4.3999999999999995
      vertex 104.86940190196037 64.12503682076931 4.3999999999999995
      vertex 104.57281266512528 64.07221792312883 4.3999999999999995
    endloop
  endfacet
  facet normal 0 0 -1
    outer loop
      vertex 104.86940190196037 64.12503682076931 4.3999999999999995
      vertex 104.8409574299123 64.01888061316458 4.3999999999999995
      vertex 104.57281266512528 64.07221792312883 4.3999999999999995
    endloop
  endfacet
  facet normal 0 0 -1
    outer loop
      vertex 104.86940190196037 64.12503682076931 4.3999999999999995
      vertex 105.14190354943275 64.03253497183323 4.3999999999999995
      vertex 104.8409574299123 64.01888061316458 4.3999999999999995
    endloop
  endfacet
  facet normal 0 0 -1
    outer loop
      vertex 105.14190354943275 64.03253497183323 4.3999999999999995
      vertex 105.09984626309179 63.930999696169636 4.3999999999999995
      vertex 104.8409574299123 64.01888061316458 4.3999999999999995
    endloop
  endfacet
  facet normal 0 0 -1
    outer loop
      vertex 105.14190354943275 64.03253497183323 4.3999999999999995
      vertex 105.39999999850988 63.905255891382694 4.3999999999999995
      vertex 105.09984626309179 63.930999696169636 4.3999999999999995
    endloop
  endfacet
  facet normal 0 0 -1
    outer loop
      vertex 105.39999999850988 63.905255891382694 4.3999999999999995
      vertex 105.34504950495048 63.81007883899896 4.3999999999999995
      vertex 105.09984626309179 63.930999696169636 4.3999999999999995
    endloop
  endfacet
  facet normal 0 0 -1
    outer loop
      vertex 105.39999999850988 60.094744108617306 4.3999999999999995
      vertex 105.3450495049505 60.189921161001045 4.3999999999999995
      vertex 105.57237166003704 60.34181296895565 4.3999999999999995
    endloop
  endfacet
  facet normal 0 0 -1
    outer loop
      vertex 105.39999999850988 60.094744108617306 4.3999999999999995
      vertex 105.57237166003704 60.34181296895565 4.3999999999999995
      vertex 105.63927514106035 60.25462265312672 4.3999999999999995
    endloop
  endfacet
  facet normal 0 0 -1
    outer loop
      vertex 105.63927514106035 60.25462265312672 4.3999999999999995
      vertex 105.57237166003704 60.34181296895565 4.3999999999999995
      vertex 105.77792318325228 60.52207681674772 4.3999999999999995
    endloop
  endfacet
  facet normal 0 0 -1
    outer loop
      vertex 105.63927514106035 60.25462265312672 4.3999999999999995
      vertex 105.77792318325228 60.52207681674772 4.3999999999999995
      vertex 105.85563492029905 60.444365084171295 4.3999999999999995
    endloop
  endfacet
  facet normal 0 0 -1
    outer loop
      vertex 105.85563492029905 60.444365084171295 4.3999999999999995
      vertex 105.77792318325228 60.52207681674772 4.3999999999999995
      vertex 105.95818703104435 60.72762833996296 4.3999999999999995
    endloop
  endfacet
  facet normal 0 0 -1
    outer loop
      vertex 105.85563492029905 60.444365084171295 4.3999999999999995
      vertex 105.95818703104435 60.72762833996296 4.3999999999999995
      vertex 106.04537735134363 60.660724855959415 4.3999999999999995
    endloop
  endfacet
  facet normal 0 0 -1
    outer loop
      vertex 106.04537735134363 60.660724855959415 4.3999999999999995
      vertex 105.95818703104435 60.72762833996296 4.3999999999999995
      vertex 106.11007883899896 60.95495049504951 4.3999999999999995
    endloop
  endfacet
  facet normal 0 0 -1
    outer loop
      vertex 106.04537735134363 60.660724855959415 4.3999999999999995
      vertex 106.11007883899896 60.95495049504951 4.3999999999999995
      vertex 106.20525588840246 60.899999998509884 4.3999999999999995
    endloop
  endfacet
  facet normal 0 0 -1
    outer loop
      vertex 106.20525588840246 60.899999998509884 4.3999999999999995
      vertex 106.11007883899896 60.95495049504951 4.3999999999999995
      vertex 106.23099969616963 61.20015373690821 4.3999999999999995
    endloop
  endfacet
  facet normal 0 0 -1
    outer loop
      vertex 106.20525588840246 60.899999998509884 4.3999999999999995
      vertex 106.23099969616963 61.20015373690821 4.3999999999999995
      vertex 106.332534968853 61.15809644758701 4.3999999999999995
    endloop
  endfacet
  facet normal 0 0 -1
    outer loop
      vertex 105.39999999850988 63.905255891382694 4.3999999999999995
      vertex 105.63927514106035 63.74537734687328 4.3999999999999995
      vertex 105.34504950495048 63.81007883899896 4.3999999999999995
    endloop
  endfacet
  facet normal 0 0 -1
    outer loop
      vertex 105.63927514106035 63.74537734687328 4.3999999999999995
      vertex 105.57237166003704 63.658187031044356 4.3999999999999995
      vertex 105.34504950495048 63.81007883899896 4.3999999999999995
    endloop
  endfacet
  facet normal 0 0 -1
    outer loop
      vertex 105.63927514106035 63.74537734687328 4.3999999999999995
      vertex 105.77792318325227 63.47792318325228 4.3999999999999995
      vertex 105.57237166003704 63.658187031044356 4.3999999999999995
    endloop
  endfacet
  facet normal 0 0 -1
    outer loop
      vertex 105.63927514106035 63.74537734687328 4.3999999999999995
      vertex 105.95818703104435 63.27237166003704 4.3999999999999995
      vertex 105.77792318325227 63.47792318325228 4.3999999999999995
    endloop
  endfacet
  facet normal 0 0 -1
    outer loop
      vertex 106.332534968853 61.15809644758701 4.3999999999999995
      vertex 106.23099969616963 61.20015373690821 4.3999999999999995
      vertex 106.31888061316458 61.459042570087696 4.3999999999999995
    endloop
  endfacet
  facet normal 0 0 -1
    outer loop
      vertex 106.332534968853 61.15809644758701 4.3999999999999995
      vertex 106.31888061316458 61.459042570087696 4.3999999999999995
      vertex 106.42503681778908 61.430598102509975 4.3999999999999995
    endloop
  endfacet
  facet normal 0 0 -1
    outer loop
      vertex 106.42503681778908 61.430598102509975 4.3999999999999995
      vertex 106.31888061316458 61.459042570087696 4.3999999999999995
      vertex 106.37221792312883 61.72718733487473 4.3999999999999995
    endloop
  endfacet
  facet normal 0 0 -1
    outer loop
      vertex 106.42503681778908 61.430598102509975 4.3999999999999995
      vertex 106.37221792312883 61.72718733487473 4.3999999999999995
      vertex 106.48117869347334 61.712842375040054 4.3999999999999995
    endloop
  endfacet
  facet normal 0 0 -1
    outer loop
      vertex 106.48117869347334 61.712842375040054 4.3999999999999995
      vertex 106.37221792312883 61.72718733487473 4.3999999999999995
      vertex 106.39009900990098 62 4.3999999999999995
    endloop
  endfacet
  facet normal 0 0 -1
    outer loop
      vertex 106.48117869347334 61.712842375040054 4.3999999999999995
      vertex 106.39009900990098 62 4.3999999999999995
      vertex 106.5 62 4.3999999999999995
    endloop
  endfacet
  facet normal 0 0 -1
    outer loop
      vertex 106.48117869347334 62.287157624959946 4.3999999999999995
      vertex 106.31888061316458 62.540957429912304 4.3999999999999995
      vertex 106.23099969616963 62.79984626309179 4.3999999999999995
    endloop
  endfacet
  facet normal 0 0 -1
    outer loop
      vertex 106.5 62 4.3999999999999995
      vertex 106.39009900990098 62 4.3999999999999995
      vertex 106.37221792312883 62.27281266512527 4.3999999999999995
    endloop
  endfacet
  facet normal 0 0 -1
    outer loop
      vertex 106.5 62 4.3999999999999995
      vertex 106.37221792312883 62.27281266512527 4.3999999999999995
      vertex 106.48117869347334 62.287157624959946 4.3999999999999995
    endloop
  endfacet
  facet normal 0 0 -1
    outer loop
      vertex 106.48117869347334 62.287157624959946 4.3999999999999995
      vertex 106.37221792312883 62.27281266512527 4.3999999999999995
      vertex 106.31888061316458 62.540957429912304 4.3999999999999995
    endloop
  endfacet
  facet normal 0 0 -1
    outer loop
      vertex 106.48117869347334 62.287157624959946 4.3999999999999995
      vertex 106.23099969616963 62.79984626309179 4.3999999999999995
      vertex 106.42503681778908 62.569401897490025 4.3999999999999995
    endloop
  endfacet
  facet normal 0 0 -1
    outer loop
      vertex 105.63927514106035 63.74537734687328 4.3999999999999995
      vertex 105.85563492029905 63.555634915828705 4.3999999999999995
      vertex 106.332534968853 62.84190355241299 4.3999999999999995
    endloop
  endfacet
  facet normal 0 0 -1
    outer loop
      vertex 105.63927514106035 63.74537734687328 4.3999999999999995
      vertex 106.332534968853 62.84190355241299 4.3999999999999995
      vertex 105.95818703104435 63.27237166003704 4.3999999999999995
    endloop
  endfacet
  facet normal 0 0 -1
    outer loop
      vertex 105.85563492029905 63.555634915828705 4.3999999999999995
      vertex 106.04537735134363 63.339275144040585 4.3999999999999995
      vertex 106.20525588840246 63.100000001490116 4.3999999999999995
    endloop
  endfacet
  facet normal 0 0 -1
    outer loop
      vertex 106.332534968853 62.84190355241299 4.3999999999999995
      vertex 106.11007883899896 63.04504950495049 4.3999999999999995
      vertex 105.95818703104435 63.27237166003704 4.3999999999999995
    endloop
  endfacet
  facet normal 0 0 -1
    outer loop
      vertex 105.85563492029905 63.555634915828705 4.3999999999999995
      vertex 106.20525588840246 63.100000001490116 4.3999999999999995
      vertex 106.332534968853 62.84190355241299 4.3999999999999995
    endloop
  endfacet
  facet normal 0 0 -1
    outer loop
      vertex 106.42503681778908 62.569401897490025 4.3999999999999995
      vertex 106.23099969616963 62.79984626309179 4.3999999999999995
      vertex 106.11007883899896 63.04504950495049 4.3999999999999995
    endloop
  endfacet
  facet normal 0 0 -1
    outer loop
      vertex 106.42503681778908 62.569401897490025 4.3999999999999995
      vertex 106.11007883899896 63.04504950495049 4.3999999999999995
      vertex 106.332534968853 62.84190355241299 4.3999999999999995
    endloop
  endfacet
  facet normal 0.5241805215035273 -0.8516071752141887 0
    outer loop
      vertex 105.39999999850988 60.094744108617306 4.3999999999999995
      vertex 105.39999999850988 60.094744108617306 5.8999999999999995
      vertex 104.27128757299045 59.39999999999999 4.3999999999999995
    endloop
  endfacet
  facet normal -0.06540313580888876 0.9978589228074098 0
    outer loop
      vertex 104.0128423795104 64.18117869645357 4.3999999999999995
      vertex 104.29999999701977 64.20000000298023 5.8999999999999995
      vertex 104.29999999701977 64.20000000298023 4.3999999999999995
    endloop
  endfacet
  facet normal 0.06540313411920033 0.9978589229181578 0
    outer loop
      vertex 104.29999999701977 64.20000000298023 4.3999999999999995
      vertex 104.58715762197971 64.18117869645357 5.8999999999999995
      vertex 104.58715762197971 64.18117869645357 4.3999999999999995
    endloop
  endfacet
  facet normal 0.1950903145750945 0.980785281883344 0
    outer loop
      vertex 104.58715762197971 64.18117869645357 4.3999999999999995
      vertex 104.86940190196037 64.12503682076931 5.8999999999999995
      vertex 104.86940190196037 64.12503682076931 4.3999999999999995
    endloop
  endfacet
  facet normal 0.3214394782475631 0.9469301251010733 0
    outer loop
      vertex 104.86940190196037 64.12503682076931 4.3999999999999995
      vertex 105.14190354943275 64.03253497183323 5.8999999999999995
      vertex 105.14190354943275 64.03253497183323 4.3999999999999995
    endloop
  endfacet
  facet normal 0.44228868214993894 0.8968727455119095 0
    outer loop
      vertex 105.14190354943275 64.03253497183323 4.3999999999999995
      vertex 105.39999999850988 63.905255891382694 5.8999999999999995
      vertex 105.39999999850988 63.905255891382694 4.3999999999999995
    endloop
  endfacet
  facet normal 0.5555702466461198 -0.8314696031975972 0
    outer loop
      vertex 105.39999999850988 60.094744108617306 4.3999999999999995
      vertex 105.63927514106035 60.25462265312672 4.3999999999999995
      vertex 105.39999999850988 60.094744108617306 5.8999999999999995
    endloop
  endfacet
  facet normal 0.659345809431069 -0.7518398124505568 0
    outer loop
      vertex 105.63927514106035 60.25462265312672 4.3999999999999995
      vertex 105.85563492029905 60.444365084171295 4.3999999999999995
      vertex 105.63927514106035 60.25462265312672 5.8999999999999995
    endloop
  endfacet
  facet normal 0.7518398011950406 -0.6593458222655256 0
    outer loop
      vertex 105.85563492029905 60.444365084171295 4.3999999999999995
      vertex 106.04537735134363 60.660724855959415 4.3999999999999995
      vertex 105.85563492029905 60.444365084171295 5.8999999999999995
    endloop
  endfacet
  facet normal 0.8314696151574067 -0.555570228747 0
    outer loop
      vertex 106.04537735134363 60.660724855959415 4.3999999999999995
      vertex 106.20525588840246 60.899999998509884 4.3999999999999995
      vertex 106.04537735134363 60.660724855959415 5.8999999999999995
    endloop
  endfacet
  facet normal 0.8968727455119095 -0.44228868214993894 0
    outer loop
      vertex 106.20525588840246 60.899999998509884 4.3999999999999995
      vertex 106.332534968853 61.15809644758701 4.3999999999999995
      vertex 106.20525588840246 60.899999998509884 5.8999999999999995
    endloop
  endfacet
  facet normal 0.5555702466461198 0.8314696031975972 0
    outer loop
      vertex 105.39999999850988 63.905255891382694 4.3999999999999995
      vertex 105.63927514106035 63.74537734687328 5.8999999999999995
      vertex 105.63927514106035 63.74537734687328 4.3999999999999995
    endloop
  endfacet
  facet normal 0.659345809431069 0.7518398124505568 0
    outer loop
      vertex 105.63927514106035 63.74537734687328 4.3999999999999995
      vertex 105.85563492029905 63.555634915828705 5.8999999999999995
      vertex 105.85563492029905 63.555634915828705 4.3999999999999995
    endloop
  endfacet
  facet normal 0.9469301277761568 -0.3214394703670217 0
    outer loop
      vertex 106.332534968853 61.15809644758701 4.3999999999999995
      vertex 106.42503681778908 61.430598102509975 4.3999999999999995
      vertex 106.332534968853 61.15809644758701 5.8999999999999995
    endloop
  endfacet
  facet normal 0.9807852808979491 -0.1950903195290097 0
    outer loop
      vertex 106.42503681778908 61.430598102509975 4.3999999999999995
      vertex 106.48117869347334 61.712842375040054 4.3999999999999995
      vertex 106.42503681778908 61.430598102509975 5.8999999999999995
    endloop
  endfacet
  facet normal 0.9978589229181578 -0.06540313411920033 0
    outer loop
      vertex 106.48117869347334 61.712842375040054 4.3999999999999995
      vertex 106.5 62 4.3999999999999995
      vertex 106.48117869347334 61.712842375040054 5.8999999999999995
    endloop
  endfacet
  facet normal 0.9978589229181578 0.06540313411920033 0
    outer loop
      vertex 106.5 62 4.3999999999999995
      vertex 106.48117869347334 62.287157624959946 4.3999999999999995
      vertex 106.5 62 5.8999999999999995
    endloop
  endfacet
  facet normal 0.9469301277761568 0.3214394703670217 0
    outer loop
      vertex 106.42503681778908 62.569401897490025 4.3999999999999995
      vertex 106.332534968853 62.84190355241299 4.3999999999999995
      vertex 106.42503681778908 62.569401897490025 5.8999999999999995
    endloop
  endfacet
  facet normal 0.9807852808979491 0.1950903195290097 0
    outer loop
      vertex 106.48117869347334 62.287157624959946 4.3999999999999995
      vertex 106.42503681778908 62.569401897490025 4.3999999999999995
      vertex 106.48117869347334 62.287157624959946 5.8999999999999995
    endloop
  endfacet
  facet normal 0.7518398011950406 0.6593458222655256 0
    outer loop
      vertex 105.85563492029905 63.555634915828705 4.3999999999999995
      vertex 106.04537735134363 63.339275144040585 5.8999999999999995
      vertex 106.04537735134363 63.339275144040585 4.3999999999999995
    endloop
  endfacet
  facet normal 0.8314696151574067 0.555570228747 0
    outer loop
      vertex 106.04537735134363 63.339275144040585 4.3999999999999995
      vertex 106.20525588840246 63.100000001490116 5.8999999999999995
      vertex 106.20525588840246 63.100000001490116 4.3999999999999995
    endloop
  endfacet
  facet normal 0.8968727455119095 0.44228868214993894 0
    outer loop
      vertex 106.20525588840246 63.100000001490116 4.3999999999999995
      vertex 106.332534968853 62.84190355241299 5.8999999999999995
      vertex 106.332534968853 62.84190355241299 4.3999999999999995
    endloop
  endfacet
  facet normal -0.7518398011950406 0.6593458222655256 0
    outer loop
      vertex 102.55462265014648 63.339275144040585 4.3999999999999995
      vertex 102.55462265014648 63.339275144040585 5.8999999999999995
      vertex 102.74436508119106 63.555634915828705 5.8999999999999995
    endloop
  endfacet
  facet normal -0.6593458222655256 0.7518398011950406 0
    outer loop
      vertex 102.74436508119106 63.555634915828705 4.3999999999999995
      vertex 102.74436508119106 63.555634915828705 5.8999999999999995
      vertex 102.96072485297918 63.74537734687328 5.8999999999999995
    endloop
  endfacet
  facet normal -0.5555702346863104 0.8314696111888865 0
    outer loop
      vertex 102.96072485297918 63.74537734687328 4.3999999999999995
      vertex 102.96072485297918 63.74537734687328 5.8999999999999995
      vertex 103.20000000298023 63.905255891382694 5.8999999999999995
    endloop
  endfacet
  facet normal -0.44228868214993894 0.8968727455119095 0
    outer loop
      vertex 103.20000000298023 63.905255891382694 4.3999999999999995
      vertex 103.20000000298023 63.905255891382694 5.8999999999999995
      vertex 103.45809645205736 64.03253497183323 5.8999999999999995
    endloop
  endfacet
  facet normal -0.3214394782475631 0.9469301251010733 0
    outer loop
      vertex 103.45809645205736 64.03253497183323 4.3999999999999995
      vertex 103.45809645205736 64.03253497183323 5.8999999999999995
      vertex 103.73059809952974 64.12503682076931 5.8999999999999995
    endloop
  endfacet
  facet normal -0.1950903145750945 0.980785281883344 0
    outer loop
      vertex 103.73059809952974 64.12503682076931 4.3999999999999995
      vertex 103.73059809952974 64.12503682076931 5.8999999999999995
      vertex 104.0128423795104 64.18117869645357 5.8999999999999995
    endloop
  endfacet
  facet normal -0.06540313580888876 0.9978589228074098 0
    outer loop
      vertex 104.0128423795104 64.18117869645357 4.3999999999999995
      vertex 104.0128423795104 64.18117869645357 5.8999999999999995
      vertex 104.29999999701977 64.20000000298023 5.8999999999999995
    endloop
  endfacet
  facet normal 0 0 1
    outer loop
      vertex 100.2859595194459 60.45960562676191 5.8999999999999995
      vertex 103.34737205583711 61.45 5.8999999999999995
      vertex 103.28373251423758 61.5790482243984 5.8999999999999995
    endloop
  endfacet
  facet normal 0 0 1
    outer loop
      vertex 100.2859595194459 60.45960562676191 5.8999999999999995
      vertex 103.42731132567964 61.33036242809041 5.8999999999999995
      vertex 103.34737205583711 61.45 5.8999999999999995
    endloop
  endfacet
  facet normal 0 0 1
    outer loop
      vertex 100.2859595194459 60.45960562676191 5.8999999999999995
      vertex 103.5221825406948 61.222182540694796 5.8999999999999995
      vertex 103.42731132567964 61.33036242809041 5.8999999999999995
    endloop
  endfacet
  facet normal 0 0 1
    outer loop
      vertex 100.2859595194459 60.45960562676191 5.8999999999999995
      vertex 103.63036242809041 61.12731132567964 5.8999999999999995
      vertex 103.5221825406948 61.222182540694796 5.8999999999999995
    endloop
  endfacet
  facet normal 0 0 1
    outer loop
      vertex 100.2859595194459 60.45960562676191 5.8999999999999995
      vertex 103.75 61.047372055837116 5.8999999999999995
      vertex 103.63036242809041 61.12731132567964 5.8999999999999995
    endloop
  endfacet
  facet normal 0 0 1
    outer loop
      vertex 100.2859595194459 60.45960562676191 5.8999999999999995
      vertex 103.8790482243984 60.98373251423759 5.8999999999999995
      vertex 103.75 61.047372055837116 5.8999999999999995
    endloop
  endfacet
  facet normal 0 0 1
    outer loop
      vertex 100.2859595194459 60.45960562676191 5.8999999999999995
      vertex 104.01529905038723 60.937481591082026 5.8999999999999995
      vertex 103.8790482243984 60.98373251423759 5.8999999999999995
    endloop
  endfacet
  facet normal 0 0 1
    outer loop
      vertex 100.2859595194459 60.45960562676191 5.8999999999999995
      vertex 104.15642118855794 60.90941065248881 5.8999999999999995
      vertex 104.01529905038723 60.937481591082026 5.8999999999999995
    endloop
  endfacet
  facet normal 0 0 1
    outer loop
      vertex 100.2859595194459 60.45960562676191 5.8999999999999995
      vertex 104.3 60.9 5.8999999999999995
      vertex 104.15642118855794 60.90941065248881 5.8999999999999995
    endloop
  endfacet
  facet normal 0 0 1
    outer loop
      vertex 100.2859595194459 60.45960562676191 5.8999999999999995
      vertex 104.44357881144205 60.90941065248881 5.8999999999999995
      vertex 104.3 60.9 5.8999999999999995
    endloop
  endfacet
  facet normal 0 0 1
    outer loop
      vertex 100.2859595194459 60.45960562676191 5.8999999999999995
      vertex 103.34737205583711 62.55 5.8999999999999995
      vertex 102.55462265014648 63.339275144040585 5.8999999999999995
    endloop
  endfacet
  facet normal 0 0 1
    outer loop
      vertex 100.2859595194459 60.45960562676191 5.8999999999999995
      vertex 103.23748159108202 61.71529905038723 5.8999999999999995
      vertex 103.2094106524888 61.856421188557945 5.8999999999999995
    endloop
  endfacet
  facet normal 0 0 1
    outer loop
      vertex 100.2859595194459 60.45960562676191 5.8999999999999995
      vertex 103.2094106524888 61.856421188557945 5.8999999999999995
      vertex 103.2 62 5.8999999999999995
    endloop
  endfacet
  facet normal 0 0 1
    outer loop
      vertex 100.2859595194459 60.45960562676191 5.8999999999999995
      vertex 103.2 62 5.8999999999999995
      vertex 103.2094106524888 62.143578811442055 5.8999999999999995
    endloop
  endfacet
  facet normal 0 0 1
    outer loop
      vertex 100.2859595194459 60.45960562676191 5.8999999999999995
      vertex 103.28373251423758 61.5790482243984 5.8999999999999995
      vertex 103.23748159108202 61.71529905038723 5.8999999999999995
    endloop
  endfacet
  facet normal 0 0 1
    outer loop
      vertex 100.2859595194459 60.45960562676191 5.8999999999999995
      vertex 103.2094106524888 62.143578811442055 5.8999999999999995
      vertex 103.23748159108202 62.28470094961277 5.8999999999999995
    endloop
  endfacet
  facet normal 0 0 1
    outer loop
      vertex 100.2859595194459 60.45960562676191 5.8999999999999995
      vertex 103.23748159108202 62.28470094961277 5.8999999999999995
      vertex 103.28373251423758 62.4209517756016 5.8999999999999995
    endloop
  endfacet
  facet normal 0 0 1
    outer loop
      vertex 100.2859595194459 60.45960562676191 5.8999999999999995
      vertex 103.28373251423758 62.4209517756016 5.8999999999999995
      vertex 103.34737205583711 62.55 5.8999999999999995
    endloop
  endfacet
  facet normal 0 0 1
    outer loop
      vertex 102.55462265014648 63.339275144040585 5.8999999999999995
      vertex 103.5221825406948 62.777817459305204 5.8999999999999995
      vertex 102.74436508119106 63.555634915828705 5.8999999999999995
    endloop
  endfacet
  facet normal 0 0 1
    outer loop
      vertex 100.2859595194459 60.45960562676191 5.8999999999999995
      vertex 104.27128757299045 59.39999999999999 5.8999999999999995
      vertex 105.39999999850988 60.094744108617306 5.8999999999999995
    endloop
  endfacet
  facet normal 0 0 1
    outer loop
      vertex 100.2859595194459 60.45960562676191 5.8999999999999995
      vertex 105.39999999850988 60.094744108617306 5.8999999999999995
      vertex 104.44357881144205 60.90941065248881 5.8999999999999995
    endloop
  endfacet
  facet normal 0 0 1
    outer loop
      vertex 102.55462265014648 63.339275144040585 5.8999999999999995
      vertex 103.34737205583711 62.55 5.8999999999999995
      vertex 103.42731132567964 62.66963757190959 5.8999999999999995
    endloop
  endfacet
  facet normal 0 0 1
    outer loop
      vertex 102.55462265014648 63.339275144040585 5.8999999999999995
      vertex 103.42731132567964 62.66963757190959 5.8999999999999995
      vertex 103.5221825406948 62.777817459305204 5.8999999999999995
    endloop
  endfacet
  facet normal 0 0 1
    outer loop
      vertex 102.74436508119106 63.555634915828705 5.8999999999999995
      vertex 103.63036242809041 62.87268867432036 5.8999999999999995
      vertex 102.96072485297918 63.74537734687328 5.8999999999999995
    endloop
  endfacet
  facet normal 0 0 1
    outer loop
      vertex 102.74436508119106 63.555634915828705 5.8999999999999995
      vertex 103.5221825406948 62.777817459305204 5.8999999999999995
      vertex 103.63036242809041 62.87268867432036 5.8999999999999995
    endloop
  endfacet
  facet normal 0 0 1
    outer loop
      vertex 102.96072485297918 63.74537734687328 5.8999999999999995
      vertex 103.75 62.952627944162884 5.8999999999999995
      vertex 103.20000000298023 63.905255891382694 5.8999999999999995
    endloop
  endfacet
  facet normal 0 0 1
    outer loop
      vertex 102.96072485297918 63.74537734687328 5.8999999999999995
      vertex 103.63036242809041 62.87268867432036 5.8999999999999995
      vertex 103.75 62.952627944162884 5.8999999999999995
    endloop
  endfacet
  facet normal 0 0 1
    outer loop
      vertex 103.20000000298023 63.905255891382694 5.8999999999999995
      vertex 103.75 62.952627944162884 5.8999999999999995
      vertex 103.8790482243984 63.01626748576241 5.8999999999999995
    endloop
  endfacet
  facet normal 0 0 1
    outer loop
      vertex 103.20000000298023 63.905255891382694 5.8999999999999995
      vertex 104.01529905038723 63.062518408917974 5.8999999999999995
      vertex 103.45809645205736 64.03253497183323 5.8999999999999995
    endloop
  endfacet
  facet normal 0 0 1
    outer loop
      vertex 103.20000000298023 63.905255891382694 5.8999999999999995
      vertex 103.8790482243984 63.01626748576241 5.8999999999999995
      vertex 104.01529905038723 63.062518408917974 5.8999999999999995
    endloop
  endfacet
  facet normal 0 0 1
    outer loop
      vertex 103.45809645205736 64.03253497183323 5.8999999999999995
      vertex 104.01529905038723 63.062518408917974 5.8999999999999995
      vertex 104.15642118855794 63.09058934751119 5.8999999999999995
    endloop
  endfacet
  facet normal 0 0 1
    outer loop
      vertex 103.45809645205736 64.03253497183323 5.8999999999999995
      vertex 104.3 63.1 5.8999999999999995
      vertex 103.73059809952974 64.12503682076931 5.8999999999999995
    endloop
  endfacet
  facet normal 0 0 1
    outer loop
      vertex 103.45809645205736 64.03253497183323 5.8999999999999995
      vertex 104.15642118855794 63.09058934751119 5.8999999999999995
      vertex 104.3 63.1 5.8999999999999995
    endloop
  endfacet
  facet normal 0 0 1
    outer loop
      vertex 103.73059809952974 64.12503682076931 5.8999999999999995
      vertex 104.3 63.1 5.8999999999999995
      vertex 104.44357881144205 63.09058934751119 5.8999999999999995
    endloop
  endfacet
  facet normal 0 0 1
    outer loop
      vertex 103.73059809952974 64.12503682076931 5.8999999999999995
      vertex 104.58470094961277 63.062518408917974 5.8999999999999995
      vertex 104.0128423795104 64.18117869645357 5.8999999999999995
    endloop
  endfacet
  facet normal 0.5241805215035273 -0.8516071752141887 0
    outer loop
      vertex 105.39999999850988 60.094744108617306 5.8999999999999995
      vertex 104.27128757299045 59.39999999999999 5.8999999999999995
      vertex 104.27128757299045 59.39999999999999 4.3999999999999995
    endloop
  endfacet
  facet normal 0.06540313411920033 0.9978589229181578 0
    outer loop
      vertex 104.29999999701977 64.20000000298023 4.3999999999999995
      vertex 104.29999999701977 64.20000000298023 5.8999999999999995
      vertex 104.58715762197971 64.18117869645357 5.8999999999999995
    endloop
  endfacet
  facet normal 0.1950903145750945 0.980785281883344 0
    outer loop
      vertex 104.58715762197971 64.18117869645357 4.3999999999999995
      vertex 104.58715762197971 64.18117869645357 5.8999999999999995
      vertex 104.86940190196037 64.12503682076931 5.8999999999999995
    endloop
  endfacet
  facet normal 0.3214394782475631 0.9469301251010733 0
    outer loop
      vertex 104.86940190196037 64.12503682076931 4.3999999999999995
      vertex 104.86940190196037 64.12503682076931 5.8999999999999995
      vertex 105.14190354943275 64.03253497183323 5.8999999999999995
    endloop
  endfacet
  facet normal 0.44228868214993894 0.8968727455119095 0
    outer loop
      vertex 105.14190354943275 64.03253497183323 4.3999999999999995
      vertex 105.14190354943275 64.03253497183323 5.8999999999999995
      vertex 105.39999999850988 63.905255891382694 5.8999999999999995
    endloop
  endfacet
  facet normal 0.5555702466461198 -0.8314696031975972 0
    outer loop
      vertex 105.63927514106035 60.25462265312672 4.3999999999999995
      vertex 105.63927514106035 60.25462265312672 5.8999999999999995
      vertex 105.39999999850988 60.094744108617306 5.8999999999999995
    endloop
  endfacet
  facet normal 0.659345809431069 -0.7518398124505568 0
    outer loop
      vertex 105.85563492029905 60.444365084171295 4.3999999999999995
      vertex 105.85563492029905 60.444365084171295 5.8999999999999995
      vertex 105.63927514106035 60.25462265312672 5.8999999999999995
    endloop
  endfacet
  facet normal 0.7518398011950406 -0.6593458222655256 0
    outer loop
      vertex 106.04537735134363 60.660724855959415 4.3999999999999995
      vertex 106.04537735134363 60.660724855959415 5.8999999999999995
      vertex 105.85563492029905 60.444365084171295 5.8999999999999995
    endloop
  endfacet
  facet normal 0.8314696151574067 -0.555570228747 0
    outer loop
      vertex 106.20525588840246 60.899999998509884 4.3999999999999995
      vertex 106.20525588840246 60.899999998509884 5.8999999999999995
      vertex 106.04537735134363 60.660724855959415 5.8999999999999995
    endloop
  endfacet
  facet normal 0.8968727455119095 -0.44228868214993894 0
    outer loop
      vertex 106.332534968853 61.15809644758701 4.3999999999999995
      vertex 106.332534968853 61.15809644758701 5.8999999999999995
      vertex 106.20525588840246 60.899999998509884 5.8999999999999995
    endloop
  endfacet
  facet normal 0.5555702466461198 0.8314696031975972 0
    outer loop
      vertex 105.39999999850988 63.905255891382694 4.3999999999999995
      vertex 105.39999999850988 63.905255891382694 5.8999999999999995
      vertex 105.63927514106035 63.74537734687328 5.8999999999999995
    endloop
  endfacet
  facet normal 0.659345809431069 0.7518398124505568 0
    outer loop
      vertex 105.63927514106035 63.74537734687328 4.3999999999999995
      vertex 105.63927514106035 63.74537734687328 5.8999999999999995
      vertex 105.85563492029905 63.555634915828705 5.8999999999999995
    endloop
  endfacet
  facet normal 0.7518398011950406 0.6593458222655256 0
    outer loop
      vertex 105.85563492029905 63.555634915828705 4.3999999999999995
      vertex 105.85563492029905 63.555634915828705 5.8999999999999995
      vertex 106.04537735134363 63.339275144040585 5.8999999999999995
    endloop
  endfacet
  facet normal 0.9469301277761568 -0.3214394703670217 0
    outer loop
      vertex 106.42503681778908 61.430598102509975 4.3999999999999995
      vertex 106.42503681778908 61.430598102509975 5.8999999999999995
      vertex 106.332534968853 61.15809644758701 5.8999999999999995
    endloop
  endfacet
  facet normal 0.9807852808979491 -0.1950903195290097 0
    outer loop
      vertex 106.48117869347334 61.712842375040054 4.3999999999999995
      vertex 106.48117869347334 61.712842375040054 5.8999999999999995
      vertex 106.42503681778908 61.430598102509975 5.8999999999999995
    endloop
  endfacet
  facet normal 0.9978589229181578 -0.06540313411920033 0
    outer loop
      vertex 106.5 62 4.3999999999999995
      vertex 106.5 62 5.8999999999999995
      vertex 106.48117869347334 61.712842375040054 5.8999999999999995
    endloop
  endfacet
  facet normal 0.9978589229181578 0.06540313411920033 0
    outer loop
      vertex 106.48117869347334 62.287157624959946 4.3999999999999995
      vertex 106.48117869347334 62.287157624959946 5.8999999999999995
      vertex 106.5 62 5.8999999999999995
    endloop
  endfacet
  facet normal 0.9807852808979491 0.1950903195290097 0
    outer loop
      vertex 106.42503681778908 62.569401897490025 4.3999999999999995
      vertex 106.42503681778908 62.569401897490025 5.8999999999999995
      vertex 106.48117869347334 62.287157624959946 5.8999999999999995
    endloop
  endfacet
  facet normal 0.8314696151574067 0.555570228747 0
    outer loop
      vertex 106.04537735134363 63.339275144040585 4.3999999999999995
      vertex 106.04537735134363 63.339275144040585 5.8999999999999995
      vertex 106.20525588840246 63.100000001490116 5.8999999999999995
    endloop
  endfacet
  facet normal 0.8968727455119095 0.44228868214993894 0
    outer loop
      vertex 106.20525588840246 63.100000001490116 4.3999999999999995
      vertex 106.20525588840246 63.100000001490116 5.8999999999999995
      vertex 106.332534968853 62.84190355241299 5.8999999999999995
    endloop
  endfacet
  facet normal 0.9469301277761568 0.3214394703670217 0
    outer loop
      vertex 106.332534968853 62.84190355241299 4.3999999999999995
      vertex 106.332534968853 62.84190355241299 5.8999999999999995
      vertex 106.42503681778908 62.569401897490025 5.8999999999999995
    endloop
  endfacet
  facet normal 0 0 1
    outer loop
      vertex 105.39999999850988 60.094744108617306 5.8999999999999995
      vertex 104.58470094961277 60.937481591082026 5.8999999999999995
      vertex 104.44357881144205 60.90941065248881 5.8999999999999995
    endloop
  endfacet
  facet normal 0 0 1
    outer loop
      vertex 105.39999999850988 60.094744108617306 5.8999999999999995
      vertex 104.72095177560159 60.98373251423759 5.8999999999999995
      vertex 104.58470094961277 60.937481591082026 5.8999999999999995
    endloop
  endfacet
  facet normal 0 0 1
    outer loop
      vertex 105.39999999850988 60.094744108617306 5.8999999999999995
      vertex 105.63927514106035 60.25462265312672 5.8999999999999995
      vertex 104.72095177560159 60.98373251423759 5.8999999999999995
    endloop
  endfacet
  facet normal 0 0 1
    outer loop
      vertex 105.63927514106035 60.25462265312672 5.8999999999999995
      vertex 104.85 61.047372055837116 5.8999999999999995
      vertex 104.72095177560159 60.98373251423759 5.8999999999999995
    endloop
  endfacet
  facet normal 0 0 1
    outer loop
      vertex 105.63927514106035 60.25462265312672 5.8999999999999995
      vertex 104.96963757190959 61.12731132567964 5.8999999999999995
      vertex 104.85 61.047372055837116 5.8999999999999995
    endloop
  endfacet
  facet normal 0 0 1
    outer loop
      vertex 105.85563492029905 60.444365084171295 5.8999999999999995
      vertex 105.0778174593052 61.222182540694796 5.8999999999999995
      vertex 104.96963757190959 61.12731132567964 5.8999999999999995
    endloop
  endfacet
  facet normal 0 0 1
    outer loop
      vertex 103.73059809952974 64.12503682076931 5.8999999999999995
      vertex 104.44357881144205 63.09058934751119 5.8999999999999995
      vertex 104.58470094961277 63.062518408917974 5.8999999999999995
    endloop
  endfacet
  facet normal 0 0 1
    outer loop
      vertex 104.0128423795104 64.18117869645357 5.8999999999999995
      vertex 104.58470094961277 63.062518408917974 5.8999999999999995
      vertex 104.72095177560159 63.01626748576241 5.8999999999999995
    endloop
  endfacet
  facet normal 0 0 1
    outer loop
      vertex 104.0128423795104 64.18117869645357 5.8999999999999995
      vertex 104.72095177560159 63.01626748576241 5.8999999999999995
      vertex 104.85 62.952627944162884 5.8999999999999995
    endloop
  endfacet
  facet normal 0 0 1
    outer loop
      vertex 104.0128423795104 64.18117869645357 5.8999999999999995
      vertex 104.85 62.952627944162884 5.8999999999999995
      vertex 104.96963757190959 62.87268867432036 5.8999999999999995
    endloop
  endfacet
  facet normal 0 0 1
    outer loop
      vertex 104.0128423795104 64.18117869645357 5.8999999999999995
      vertex 104.96963757190959 62.87268867432036 5.8999999999999995
      vertex 105.0778174593052 62.777817459305204 5.8999999999999995
    endloop
  endfacet
  facet normal 0 0 1
    outer loop
      vertex 104.0128423795104 64.18117869645357 5.8999999999999995
      vertex 105.0778174593052 62.777817459305204 5.8999999999999995
      vertex 105.17268867432036 62.66963757190959 5.8999999999999995
    endloop
  endfacet
  facet normal 0 0 1
    outer loop
      vertex 104.0128423795104 64.18117869645357 5.8999999999999995
      vertex 105.17268867432036 62.66963757190959 5.8999999999999995
      vertex 104.29999999701977 64.20000000298023 5.8999999999999995
    endloop
  endfacet
  facet normal 0 0 1
    outer loop
      vertex 104.29999999701977 64.20000000298023 5.8999999999999995
      vertex 105.25262794416288 62.55 5.8999999999999995
      vertex 106.332534968853 61.15809644758701 5.8999999999999995
    endloop
  endfacet
  facet normal 0 0 1
    outer loop
      vertex 104.29999999701977 64.20000000298023 5.8999999999999995
      vertex 105.17268867432036 62.66963757190959 5.8999999999999995
      vertex 105.25262794416288 62.55 5.8999999999999995
    endloop
  endfacet
  facet normal 0 0 1
    outer loop
      vertex 104.29999999701977 64.20000000298023 5.8999999999999995
      vertex 106.332534968853 61.15809644758701 5.8999999999999995
      vertex 104.58715762197971 64.18117869645357 5.8999999999999995
    endloop
  endfacet
  facet normal 0 0 1
    outer loop
      vertex 104.58715762197971 64.18117869645357 5.8999999999999995
      vertex 106.48117869347334 61.712842375040054 5.8999999999999995
      vertex 104.86940190196037 64.12503682076931 5.8999999999999995
    endloop
  endfacet
  facet normal 0 0 1
    outer loop
      vertex 105.63927514106035 60.25462265312672 5.8999999999999995
      vertex 105.85563492029905 60.444365084171295 5.8999999999999995
      vertex 104.96963757190959 61.12731132567964 5.8999999999999995
    endloop
  endfacet
  facet normal 0 0 1
    outer loop
      vertex 105.85563492029905 60.444365084171295 5.8999999999999995
      vertex 105.17268867432036 61.33036242809041 5.8999999999999995
      vertex 105.0778174593052 61.222182540694796 5.8999999999999995
    endloop
  endfacet
  facet normal 0 0 1
    outer loop
      vertex 106.04537735134363 60.660724855959415 5.8999999999999995
      vertex 105.25262794416288 61.45 5.8999999999999995
      vertex 105.17268867432036 61.33036242809041 5.8999999999999995
    endloop
  endfacet
  facet normal 0 0 1
    outer loop
      vertex 105.85563492029905 60.444365084171295 5.8999999999999995
      vertex 106.04537735134363 60.660724855959415 5.8999999999999995
      vertex 105.17268867432036 61.33036242809041 5.8999999999999995
    endloop
  endfacet
  facet normal 0 0 1
    outer loop
      vertex 106.04537735134363 60.660724855959415 5.8999999999999995
      vertex 106.20525588840246 60.899999998509884 5.8999999999999995
      vertex 105.31626748576241 61.5790482243984 5.8999999999999995
    endloop
  endfacet
  facet normal 0 0 1
    outer loop
      vertex 106.04537735134363 60.660724855959415 5.8999999999999995
      vertex 105.31626748576241 61.5790482243984 5.8999999999999995
      vertex 105.25262794416288 61.45 5.8999999999999995
    endloop
  endfacet
  facet normal 0 0 1
    outer loop
      vertex 106.20525588840246 60.899999998509884 5.8999999999999995
      vertex 105.36251840891798 61.71529905038723 5.8999999999999995
      vertex 105.31626748576241 61.5790482243984 5.8999999999999995
    endloop
  endfacet
  facet normal 0 0 1
    outer loop
      vertex 106.332534968853 61.15809644758701 5.8999999999999995
      vertex 105.25262794416288 62.55 5.8999999999999995
      vertex 105.31626748576241 62.4209517756016 5.8999999999999995
    endloop
  endfacet
  facet normal 0 0 1
    outer loop
      vertex 106.20525588840246 60.899999998509884 5.8999999999999995
      vertex 105.3905893475112 61.856421188557945 5.8999999999999995
      vertex 105.36251840891798 61.71529905038723 5.8999999999999995
    endloop
  endfacet
  facet normal 0 0 1
    outer loop
      vertex 106.20525588840246 60.899999998509884 5.8999999999999995
      vertex 105.39999999999999 62 5.8999999999999995
      vertex 105.3905893475112 61.856421188557945 5.8999999999999995
    endloop
  endfacet
  facet normal 0 0 1
    outer loop
      vertex 106.332534968853 61.15809644758701 5.8999999999999995
      vertex 105.3905893475112 62.143578811442055 5.8999999999999995
      vertex 105.39999999999999 62 5.8999999999999995
    endloop
  endfacet
  facet normal 0 0 1
    outer loop
      vertex 106.332534968853 61.15809644758701 5.8999999999999995
      vertex 105.31626748576241 62.4209517756016 5.8999999999999995
      vertex 105.36251840891798 62.28470094961277 5.8999999999999995
    endloop
  endfacet
  facet normal 0 0 1
    outer loop
      vertex 106.332534968853 61.15809644758701 5.8999999999999995
      vertex 105.36251840891798 62.28470094961277 5.8999999999999995
      vertex 105.3905893475112 62.143578811442055 5.8999999999999995
    endloop
  endfacet
  facet normal 0 0 1
    outer loop
      vertex 104.58715762197971 64.18117869645357 5.8999999999999995
      vertex 106.332534968853 61.15809644758701 5.8999999999999995
      vertex 106.42503681778908 61.430598102509975 5.8999999999999995
    endloop
  endfacet
  facet normal 0 0 1
    outer loop
      vertex 104.58715762197971 64.18117869645357 5.8999999999999995
      vertex 106.42503681778908 61.430598102509975 5.8999999999999995
      vertex 106.48117869347334 61.712842375040054 5.8999999999999995
    endloop
  endfacet
  facet normal 0 0 1
    outer loop
      vertex 104.86940190196037 64.12503682076931 5.8999999999999995
      vertex 106.48117869347334 61.712842375040054 5.8999999999999995
      vertex 105.14190354943275 64.03253497183323 5.8999999999999995
    endloop
  endfacet
  facet normal 0 0 1
    outer loop
      vertex 105.14190354943275 64.03253497183323 5.8999999999999995
      vertex 106.48117869347334 62.287157624959946 5.8999999999999995
      vertex 105.39999999850988 63.905255891382694 5.8999999999999995
    endloop
  endfacet
  facet normal 0 0 1
    outer loop
      vertex 105.39999999850988 63.905255891382694 5.8999999999999995
      vertex 106.48117869347334 62.287157624959946 5.8999999999999995
      vertex 105.63927514106035 63.74537734687328 5.8999999999999995
    endloop
  endfacet
  facet normal 0 0 1
    outer loop
      vertex 106.20525588840246 60.899999998509884 5.8999999999999995
      vertex 106.332534968853 61.15809644758701 5.8999999999999995
      vertex 105.39999999999999 62 5.8999999999999995
    endloop
  endfacet
  facet normal 0 0 1
    outer loop
      vertex 105.14190354943275 64.03253497183323 5.8999999999999995
      vertex 106.48117869347334 61.712842375040054 5.8999999999999995
      vertex 106.5 62 5.8999999999999995
    endloop
  endfacet
  facet normal 0 0 1
    outer loop
      vertex 105.14190354943275 64.03253497183323 5.8999999999999995
      vertex 106.5 62 5.8999999999999995
      vertex 106.48117869347334 62.287157624959946 5.8999999999999995
    endloop
  endfacet
  facet normal 0 0 1
    outer loop
      vertex 105.63927514106035 63.74537734687328 5.8999999999999995
      vertex 106.332534968853 62.84190355241299 5.8999999999999995
      vertex 105.85563492029905 63.555634915828705 5.8999999999999995
    endloop
  endfacet
  facet normal 0 0 1
    outer loop
      vertex 105.85563492029905 63.555634915828705 5.8999999999999995
      vertex 106.20525588840246 63.100000001490116 5.8999999999999995
      vertex 106.04537735134363 63.339275144040585 5.8999999999999995
    endloop
  endfacet
  facet normal 0 0 1
    outer loop
      vertex 105.63927514106035 63.74537734687328 5.8999999999999995
      vertex 106.42503681778908 62.569401897490025 5.8999999999999995
      vertex 106.332534968853 62.84190355241299 5.8999999999999995
    endloop
  endfacet
  facet normal 0 0 1
    outer loop
      vertex 105.63927514106035 63.74537734687328 5.8999999999999995
      vertex 106.48117869347334 62.287157624959946 5.8999999999999995
      vertex 106.42503681778908 62.569401897490025 5.8999999999999995
    endloop
  endfacet
  facet normal 0 0 1
    outer loop
      vertex 105.85563492029905 63.555634915828705 5.8999999999999995
      vertex 106.332534968853 62.84190355241299 5.8999999999999995
      vertex 106.20525588840246 63.100000001490116 5.8999999999999995
    endloop
  endfacet
endsolid OpenSCAD_Model
