solid OpenSCAD_Model
  facet normal -0.5555702302277682 0.8314696141679891 0
    outer loop
      vertex -8.435045719146729 -0.8265866413712502 1.2000000000000002
      vertex -8.435045719146729 -0.8265866413712502 16.8
      vertex -8 -0.5358983874320984 1.2000000000000002
    endloop
  endfacet
  facet normal -0.7518398007112116 0.6593458228172265 0
    outer loop
      vertex -9.17341335862875 -1.5649542808532715 1.2000000000000002
      vertex -9.17341335862875 -1.5649542808532715 16.8
      vertex -8.828427121043205 -1.1715728789567947 1.2000000000000002
    endloop
  endfacet
  facet normal -0.8314696141679891 0.5555702302277682 0
    outer loop
      vertex -9.17341335862875 -1.5649542808532715 1.2000000000000002
      vertex -9.464101612567902 -2 1.2000000000000002
      vertex -9.464101612567902 -2 16.8
    endloop
  endfacet
  facet normal -0.6593458228172265 0.7518398007112116 0
    outer loop
      vertex -8.435045719146729 -0.8265866413712502 1.2000000000000002
      vertex -8.828427121043205 -1.1715728789567947 1.2000000000000002
      vertex -8.828427121043205 -1.1715728789567947 16.8
    endloop
  endfacet
  facet normal -0.4422886899810064 0.8968727416500545 0
    outer loop
      vertex -7.530733726918697 -0.3044818714261055 1.2000000000000002
      vertex -8 -0.5358983874320984 1.2000000000000002
      vertex -8 -0.5358983874320984 16.8
    endloop
  endfacet
  facet normal -0.32143946659727024 0.946930129055815 0
    outer loop
      vertex -7.530733726918697 -0.3044818714261055 1.2000000000000002
      vertex -7.530733726918697 -0.3044818714261055 16.8
      vertex -7.035276181995869 -0.13629669696092606 1.2000000000000002
    endloop
  endfacet
  facet normal -0.1950903267663619 0.9807852794583501 0
    outer loop
      vertex -7.035276181995869 -0.13629669696092606 1.2000000000000002
      vertex -7.035276181995869 -0.13629669696092606 16.8
      vertex -6.522104769945145 -0.03422055393457413 1.2000000000000002
    endloop
  endfacet
  facet normal -0.06540312801222276 0.9978589233184303 0
    outer loop
      vertex -6.522104769945145 -0.03422055393457413 1.2000000000000002
      vertex -6.522104769945145 -0.03422055393457413 16.8
      vertex -6 0 1.2000000000000002
    endloop
  endfacet
  facet normal -0.8968727416500545 0.4422886899810064 0
    outer loop
      vertex -9.464101612567902 -2 1.2000000000000002
      vertex -9.695518128573895 -2.4692662730813026 1.2000000000000002
      vertex -9.695518128573895 -2.4692662730813026 16.8
    endloop
  endfacet
  facet normal -0.946930129055815 0.32143946659727024 0
    outer loop
      vertex -9.695518128573895 -2.4692662730813026 1.2000000000000002
      vertex -9.863703303039074 -2.9647238180041313 1.2000000000000002
      vertex -9.863703303039074 -2.9647238180041313 16.8
    endloop
  endfacet
  facet normal -0.9807852794583501 0.1950903267663619 0
    outer loop
      vertex -9.863703303039074 -2.9647238180041313 1.2000000000000002
      vertex -9.965779446065426 -3.4778952300548553 1.2000000000000002
      vertex -9.965779446065426 -3.4778952300548553 16.8
    endloop
  endfacet
  facet normal -0.9978589233184303 0.06540312801222276 0
    outer loop
      vertex -9.965779446065426 -3.4778952300548553 1.2000000000000002
      vertex -10 -4 1.2000000000000002
      vertex -10 -4 16.8
    endloop
  endfacet
  facet normal 0 1 0
    outer loop
      vertex -6 0 1.2000000000000002
      vertex -6 0 16.8
      vertex 114 0 1.2000000000000002
    endloop
  endfacet
  facet normal -0.6593458228172265 0.7518398007112116 0
    outer loop
      vertex -8.435045719146729 -0.8265866413712502 1.2000000000000002
      vertex -8.828427121043205 -1.1715728789567947 16.8
      vertex -8.435045719146729 -0.8265866413712502 16.8
    endloop
  endfacet
  facet normal -0.5555702302277682 0.8314696141679891 0
    outer loop
      vertex -8 -0.5358983874320984 1.2000000000000002
      vertex -8.435045719146729 -0.8265866413712502 16.8
      vertex -8 -0.5358983874320984 16.8
    endloop
  endfacet
  facet normal -0.8314696141679891 0.5555702302277682 0
    outer loop
      vertex -9.17341335862875 -1.5649542808532715 1.2000000000000002
      vertex -9.464101612567902 -2 16.8
      vertex -9.17341335862875 -1.5649542808532715 16.8
    endloop
  endfacet
  facet normal -0.7518398007112116 0.6593458228172265 0
    outer loop
      vertex -8.828427121043205 -1.1715728789567947 1.2000000000000002
      vertex -9.17341335862875 -1.5649542808532715 16.8
      vertex -8.828427121043205 -1.1715728789567947 16.8
    endloop
  endfacet
  facet normal -0.4422886899810064 0.8968727416500545 0
    outer loop
      vertex -7.530733726918697 -0.3044818714261055 1.2000000000000002
      vertex -8 -0.5358983874320984 16.8
      vertex -7.530733726918697 -0.3044818714261055 16.8
    endloop
  endfacet
  facet normal -0.32143946659727024 0.946930129055815 0
    outer loop
      vertex -7.035276181995869 -0.13629669696092606 1.2000000000000002
      vertex -7.530733726918697 -0.3044818714261055 16.8
      vertex -7.035276181995869 -0.13629669696092606 16.8
    endloop
  endfacet
  facet normal -0.1950903267663619 0.9807852794583501 0
    outer loop
      vertex -6.522104769945145 -0.03422055393457413 1.2000000000000002
      vertex -7.035276181995869 -0.13629669696092606 16.8
      vertex -6.522104769945145 -0.03422055393457413 16.8
    endloop
  endfacet
  facet normal -0.06540312801222276 0.9978589233184303 0
    outer loop
      vertex -6 0 1.2000000000000002
      vertex -6.522104769945145 -0.03422055393457413 16.8
      vertex -6 0 16.8
    endloop
  endfacet
  facet normal -0.8968727416500545 0.4422886899810064 0
    outer loop
      vertex -9.464101612567902 -2 1.2000000000000002
      vertex -9.695518128573895 -2.4692662730813026 16.8
      vertex -9.464101612567902 -2 16.8
    endloop
  endfacet
  facet normal -0.946930129055815 0.32143946659727024 0
    outer loop
      vertex -9.695518128573895 -2.4692662730813026 1.2000000000000002
      vertex -9.863703303039074 -2.9647238180041313 16.8
      vertex -9.695518128573895 -2.4692662730813026 16.8
    endloop
  endfacet
  facet normal -0.9807852794583501 0.1950903267663619 0
    outer loop
      vertex -9.863703303039074 -2.9647238180041313 1.2000000000000002
      vertex -9.965779446065426 -3.4778952300548553 16.8
      vertex -9.863703303039074 -2.9647238180041313 16.8
    endloop
  endfacet
  facet normal -0.9978589233184303 0.06540312801222276 0
    outer loop
      vertex -9.965779446065426 -3.4778952300548553 1.2000000000000002
      vertex -10 -4 16.8
      vertex -9.965779446065426 -3.4778952300548553 16.8
    endloop
  endfacet
  facet normal -1 0 0
    outer loop
      vertex -10 -4 1.2000000000000002
      vertex -10 -62 16.8
      vertex -10 -4 16.8
    endloop
  endfacet
  facet normal 0 0 1
    outer loop
      vertex -8.435045719146729 -0.8265866413712502 16.8
      vertex 16.245 -58.335 16.8
      vertex -8 -0.5358983874320984 16.8
    endloop
  endfacet
  facet normal 0 0 1
    outer loop
      vertex -9.17341335862875 -1.5649542808532715 16.8
      vertex 16.245 -58.335 16.8
      vertex -8.828427121043205 -1.1715728789567947 16.8
    endloop
  endfacet
  facet normal 0 0 1
    outer loop
      vertex -8.435045719146729 -0.8265866413712502 16.8
      vertex -8.828427121043205 -1.1715728789567947 16.8
      vertex 16.245 -58.335 16.8
    endloop
  endfacet
  facet normal 0 0 1
    outer loop
      vertex -7.530733726918697 -0.3044818714261055 16.8
      vertex 16.245 -58.335 16.8
      vertex -7.035276181995869 -0.13629669696092606 16.8
    endloop
  endfacet
  facet normal 0 0 1
    outer loop
      vertex -7.530733726918697 -0.3044818714261055 16.8
      vertex -8 -0.5358983874320984 16.8
      vertex 16.245 -58.335 16.8
    endloop
  endfacet
  facet normal 0 0 1
    outer loop
      vertex -9.695518128573895 -2.4692662730813026 16.8
      vertex -9.863703303039074 -2.9647238180041313 16.8
      vertex 16.245 -58.335 16.8
    endloop
  endfacet
  facet normal 0 0 1
    outer loop
      vertex -9.863703303039074 -2.9647238180041313 16.8
      vertex -9.965779446065426 -3.4778952300548553 16.8
      vertex 16.245 -58.335 16.8
    endloop
  endfacet
  facet normal 0 0 1
    outer loop
      vertex -9.17341335862875 -1.5649542808532715 16.8
      vertex -9.464101612567902 -2 16.8
      vertex 16.245 -58.335 16.8
    endloop
  endfacet
  facet normal 0 0 1
    outer loop
      vertex -9.464101612567902 -2 16.8
      vertex -9.695518128573895 -2.4692662730813026 16.8
      vertex 16.245 -58.335 16.8
    endloop
  endfacet
  facet normal 0 0 1
    outer loop
      vertex -9.965779446065426 -3.4778952300548553 16.8
      vertex -10 -4 16.8
      vertex 16.245 -58.335 16.8
    endloop
  endfacet
  facet normal 0 0 1
    outer loop
      vertex -7.035276181995869 -0.13629669696092606 16.8
      vertex 16.245 -58.335 16.8
      vertex 16.245 -7.664999999999999 16.8
    endloop
  endfacet
  facet normal 0 0 1
    outer loop
      vertex -7.035276181995869 -0.13629669696092606 16.8
      vertex 100 -0.4839325834290156 16.8
      vertex -6.522104769945145 -0.03422055393457413 16.8
    endloop
  endfacet
  facet normal 0 0 1
    outer loop
      vertex -6.522104769945145 -0.03422055393457413 16.8
      vertex 100 -0.4839325834290156 16.8
      vertex -6 0 16.8
    endloop
  endfacet
  facet normal 0 0 1
    outer loop
      vertex -7.035276181995869 -0.13629669696092606 16.8
      vertex 16.245 -7.664999999999999 16.8
      vertex 91.75500000000001 -7.664999999999999 16.8
    endloop
  endfacet
  facet normal -1 0 0
    outer loop
      vertex -10 -4 1.2000000000000002
      vertex -10 -62 1.2000000000000002
      vertex -10 -62 16.8
    endloop
  endfacet
  facet normal -0.9978589233184303 -0.06540312801222276 0
    outer loop
      vertex -10 -62 1.2000000000000002
      vertex -9.965779446065426 -62.522104769945145 1.2000000000000002
      vertex -9.965779446065426 -62.522104769945145 16.8
    endloop
  endfacet
  facet normal -0.9807852794583501 -0.1950903267663619 0
    outer loop
      vertex -9.965779446065426 -62.522104769945145 1.2000000000000002
      vertex -9.863703303039074 -63.03527618199587 1.2000000000000002
      vertex -9.863703303039074 -63.03527618199587 16.8
    endloop
  endfacet
  facet normal -0.946930129055815 -0.32143946659727024 0
    outer loop
      vertex -9.863703303039074 -63.03527618199587 1.2000000000000002
      vertex -9.695518128573895 -63.5307337269187 1.2000000000000002
      vertex -9.695518128573895 -63.5307337269187 16.8
    endloop
  endfacet
  facet normal -0.8968727416500545 -0.4422886899810064 0
    outer loop
      vertex -9.695518128573895 -63.5307337269187 1.2000000000000002
      vertex -9.464101612567902 -64 1.2000000000000002
      vertex -9.464101612567902 -64 16.8
    endloop
  endfacet
  facet normal -0.8314696141679891 -0.5555702302277682 0
    outer loop
      vertex -9.464101612567902 -64 1.2000000000000002
      vertex -9.17341335862875 -64.43504571914673 1.2000000000000002
      vertex -9.17341335862875 -64.43504571914673 16.8
    endloop
  endfacet
  facet normal -0.7518398007112116 -0.6593458228172265 0
    outer loop
      vertex -9.17341335862875 -64.43504571914673 1.2000000000000002
      vertex -8.828427121043205 -64.8284271210432 1.2000000000000002
      vertex -8.828427121043205 -64.8284271210432 16.8
    endloop
  endfacet
  facet normal -0.6593458228172265 -0.7518398007112116 0
    outer loop
      vertex -8.828427121043205 -64.8284271210432 1.2000000000000002
      vertex -8.435045719146729 -65.17341335862875 1.2000000000000002
      vertex -8.435045719146729 -65.17341335862875 16.8
    endloop
  endfacet
  facet normal -0.5555702302277682 -0.8314696141679891 0
    outer loop
      vertex -8.435045719146729 -65.17341335862875 1.2000000000000002
      vertex -8 -65.4641016125679 1.2000000000000002
      vertex -8 -65.4641016125679 16.8
    endloop
  endfacet
  facet normal -0.4422886899810064 -0.8968727416500545 0
    outer loop
      vertex -8 -65.4641016125679 1.2000000000000002
      vertex -7.530733726918697 -65.6955181285739 1.2000000000000002
      vertex -7.530733726918697 -65.6955181285739 16.8
    endloop
  endfacet
  facet normal -0.32143946659727024 -0.946930129055815 0
    outer loop
      vertex -7.530733726918697 -65.6955181285739 1.2000000000000002
      vertex -7.035276181995869 -65.86370330303907 1.2000000000000002
      vertex -7.035276181995869 -65.86370330303907 16.8
    endloop
  endfacet
  facet normal -0.1950903267663619 -0.9807852794583501 0
    outer loop
      vertex -7.035276181995869 -65.86370330303907 1.2000000000000002
      vertex -6.522104769945145 -65.96577944606543 1.2000000000000002
      vertex -6.522104769945145 -65.96577944606543 16.8
    endloop
  endfacet
  facet normal -0.06540312801222276 -0.9978589233184303 0
    outer loop
      vertex -6.522104769945145 -65.96577944606543 1.2000000000000002
      vertex -6 -66 1.2000000000000002
      vertex -6 -66 16.8
    endloop
  endfacet
  facet normal 0 -1 0
    outer loop
      vertex -6 -66 1.2000000000000002
      vertex 84.3 -66 5.1
      vertex 71.7 -66 5.1
    endloop
  endfacet
  facet normal 0 -1 0
    outer loop
      vertex -6 -66 1.2000000000000002
      vertex 71.7 -66 5.1
      vertex 71.7 -66 9.8
    endloop
  endfacet
  facet normal 0 0 1
    outer loop
      vertex -10 -4 16.8
      vertex -10 -62 16.8
      vertex 16.245 -58.335 16.8
    endloop
  endfacet
  facet normal -0.9978589233184303 -0.06540312801222276 0
    outer loop
      vertex -10 -62 1.2000000000000002
      vertex -9.965779446065426 -62.522104769945145 16.8
      vertex -10 -62 16.8
    endloop
  endfacet
  facet normal -0.9807852794583501 -0.1950903267663619 0
    outer loop
      vertex -9.965779446065426 -62.522104769945145 1.2000000000000002
      vertex -9.863703303039074 -63.03527618199587 16.8
      vertex -9.965779446065426 -62.522104769945145 16.8
    endloop
  endfacet
  facet normal -0.946930129055815 -0.32143946659727024 0
    outer loop
      vertex -9.863703303039074 -63.03527618199587 1.2000000000000002
      vertex -9.695518128573895 -63.5307337269187 16.8
      vertex -9.863703303039074 -63.03527618199587 16.8
    endloop
  endfacet
  facet normal -0.8968727416500545 -0.4422886899810064 0
    outer loop
      vertex -9.695518128573895 -63.5307337269187 1.2000000000000002
      vertex -9.464101612567902 -64 16.8
      vertex -9.695518128573895 -63.5307337269187 16.8
    endloop
  endfacet
  facet normal -0.8314696141679891 -0.5555702302277682 0
    outer loop
      vertex -9.464101612567902 -64 1.2000000000000002
      vertex -9.17341335862875 -64.43504571914673 16.8
      vertex -9.464101612567902 -64 16.8
    endloop
  endfacet
  facet normal -0.7518398007112116 -0.6593458228172265 0
    outer loop
      vertex -9.17341335862875 -64.43504571914673 1.2000000000000002
      vertex -8.828427121043205 -64.8284271210432 16.8
      vertex -9.17341335862875 -64.43504571914673 16.8
    endloop
  endfacet
  facet normal -0.6593458228172265 -0.7518398007112116 0
    outer loop
      vertex -8.828427121043205 -64.8284271210432 1.2000000000000002
      vertex -8.435045719146729 -65.17341335862875 16.8
      vertex -8.828427121043205 -64.8284271210432 16.8
    endloop
  endfacet
  facet normal -0.5555702302277682 -0.8314696141679891 0
    outer loop
      vertex -8.435045719146729 -65.17341335862875 1.2000000000000002
      vertex -8 -65.4641016125679 16.8
      vertex -8.435045719146729 -65.17341335862875 16.8
    endloop
  endfacet
  facet normal -0.4422886899810064 -0.8968727416500545 0
    outer loop
      vertex -8 -65.4641016125679 1.2000000000000002
      vertex -7.530733726918697 -65.6955181285739 16.8
      vertex -8 -65.4641016125679 16.8
    endloop
  endfacet
  facet normal -0.32143946659727024 -0.946930129055815 0
    outer loop
      vertex -7.530733726918697 -65.6955181285739 1.2000000000000002
      vertex -7.035276181995869 -65.86370330303907 16.8
      vertex -7.530733726918697 -65.6955181285739 16.8
    endloop
  endfacet
  facet normal -0.1950903267663619 -0.9807852794583501 0
    outer loop
      vertex -7.035276181995869 -65.86370330303907 1.2000000000000002
      vertex -6.522104769945145 -65.96577944606543 16.8
      vertex -7.035276181995869 -65.86370330303907 16.8
    endloop
  endfacet
  facet normal -0.06540312801222276 -0.9978589233184303 0
    outer loop
      vertex -6.522104769945145 -65.96577944606543 1.2000000000000002
      vertex -6 -66 16.8
      vertex -6.522104769945145 -65.96577944606543 16.8
    endloop
  endfacet
  facet normal 0 0 1
    outer loop
      vertex -7.035276181995869 -65.86370330303907 16.8
      vertex -6.522104769945145 -65.96577944606543 16.8
      vertex -6 -66 16.8
    endloop
  endfacet
  facet normal 0 -1 0
    outer loop
      vertex -6 -66 1.2000000000000002
      vertex 100 -66 16.8
      vertex -6 -66 16.8
    endloop
  endfacet
  facet normal 0 0 1
    outer loop
      vertex -10 -62 16.8
      vertex -9.965779446065426 -62.522104769945145 16.8
      vertex 100.25088397389312 -65.98451724852784 16.8
    endloop
  endfacet
  facet normal 0 0 1
    outer loop
      vertex -9.965779446065426 -62.522104769945145 16.8
      vertex -9.863703303039074 -63.03527618199587 16.8
      vertex 100.25088397389312 -65.98451724852784 16.8
    endloop
  endfacet
  facet normal 0 0 1
    outer loop
      vertex -9.863703303039074 -63.03527618199587 16.8
      vertex -9.695518128573895 -63.5307337269187 16.8
      vertex 100.25088397389312 -65.98451724852784 16.8
    endloop
  endfacet
  facet normal 0 0 1
    outer loop
      vertex -9.695518128573895 -63.5307337269187 16.8
      vertex -9.464101612567902 -64 16.8
      vertex 100.25088397389312 -65.98451724852784 16.8
    endloop
  endfacet
  facet normal 0 0 1
    outer loop
      vertex -9.464101612567902 -64 16.8
      vertex -9.17341335862875 -64.43504571914673 16.8
      vertex 100.25088397389312 -65.98451724852784 16.8
    endloop
  endfacet
  facet normal 0 0 1
    outer loop
      vertex -9.17341335862875 -64.43504571914673 16.8
      vertex -8.828427121043205 -64.8284271210432 16.8
      vertex 100.25088397389312 -65.98451724852784 16.8
    endloop
  endfacet
  facet normal 0 0 1
    outer loop
      vertex -8.828427121043205 -64.8284271210432 16.8
      vertex -8.435045719146729 -65.17341335862875 16.8
      vertex 100.25088397389312 -65.98451724852784 16.8
    endloop
  endfacet
  facet normal 0 0 1
    outer loop
      vertex -8.435045719146729 -65.17341335862875 16.8
      vertex -8 -65.4641016125679 16.8
      vertex 100.25088397389312 -65.98451724852784 16.8
    endloop
  endfacet
  facet normal 0 0 1
    outer loop
      vertex -8 -65.4641016125679 16.8
      vertex -7.530733726918697 -65.6955181285739 16.8
      vertex 100.25088397389312 -65.98451724852784 16.8
    endloop
  endfacet
  facet normal 0 0 1
    outer loop
      vertex -7.530733726918697 -65.6955181285739 16.8
      vertex -7.035276181995869 -65.86370330303907 16.8
      vertex 100 -65.98423473042203 16.8
    endloop
  endfacet
  facet normal 0 0 1
    outer loop
      vertex -7.035276181995869 -65.86370330303907 16.8
      vertex -6 -66 16.8
      vertex 100 -65.98423473042203 16.8
    endloop
  endfacet
  facet normal 0 0 1
    outer loop
      vertex -10 -62 16.8
      vertex 100.25088397389312 -65.98451724852784 16.8
      vertex 16.245 -58.335 16.8
    endloop
  endfacet
  facet normal 0.06540312801222276 0.9978589233184303 0
    outer loop
      vertex 114 0 1.2000000000000002
      vertex 114 0 16.8
      vertex 114.52210476994514 -0.03422055393457413 1.2000000000000002
    endloop
  endfacet
  facet normal 0.1950903267663619 0.9807852794583501 0
    outer loop
      vertex 114.52210476994514 -0.03422055393457413 1.2000000000000002
      vertex 114.52210476994514 -0.03422055393457413 16.8
      vertex 115.03527618199587 -0.13629669696092606 1.2000000000000002
    endloop
  endfacet
  facet normal 0.32143946659727024 0.946930129055815 0
    outer loop
      vertex 115.03527618199587 -0.13629669696092606 1.2000000000000002
      vertex 115.03527618199587 -0.13629669696092606 16.8
      vertex 115.5307337269187 -0.3044818714261055 1.2000000000000002
    endloop
  endfacet
  facet normal 0.4422886899810064 0.8968727416500545 0
    outer loop
      vertex 115.5307337269187 -0.3044818714261055 1.2000000000000002
      vertex 115.5307337269187 -0.3044818714261055 16.8
      vertex 116 -0.5358983874320984 1.2000000000000002
    endloop
  endfacet
  facet normal 0.555570230227772 0.8314696141679866 0
    outer loop
      vertex 116 -0.5358983874320984 1.2000000000000002
      vertex 116 -0.5358983874320984 16.8
      vertex 116.40397102492196 -0.8058231946613107 1.2000000000000002
    endloop
  endfacet
  facet normal 0.8314696141679893 0.5555702302277683 0
    outer loop
      vertex 117.17341335862875 -1.5649542808532715 1.2000000000000002
      vertex 117.17341335862875 -1.5649542808532715 16.584409696851147
      vertex 117.4641016125679 -2 1.2000000000000002
    endloop
  endfacet
  facet normal 0.8968727416500544 0.44228868998100634 0
    outer loop
      vertex 117.4641016125679 -2 1.2000000000000002
      vertex 117.4641016125679 -2 16.416580755169235
      vertex 117.6955181285739 -2.4692662730813026 1.2000000000000002
    endloop
  endfacet
  facet normal 0.946930129055815 0.32143946659727024 0
    outer loop
      vertex 117.6955181285739 -2.4692662730813026 1.2000000000000002
      vertex 117.6955181285739 -2.4692662730813026 16.28297236734242
      vertex 117.86370330303907 -2.9647238180041313 1.2000000000000002
    endloop
  endfacet
  facet normal 0.9807852794583503 0.19509032676636193 0
    outer loop
      vertex 117.86370330303907 -2.9647238180041313 1.2000000000000002
      vertex 117.86370330303907 -2.9647238180041313 16.18587061157974
      vertex 117.96577944606543 -3.4778952300548553 1.2000000000000002
    endloop
  endfacet
  facet normal 0.9978589233184303 0.06540312801222277 0
    outer loop
      vertex 117.96577944606543 -3.4778952300548553 1.2000000000000002
      vertex 117.96577944606543 -3.4778952300548553 16.12693692291866
      vertex 118 -4 1.2000000000000002
    endloop
  endfacet
  facet normal 1 0 0
    outer loop
      vertex 118 -4 1.2000000000000002
      vertex 118 -4 16.10717967689037
      vertex 118 -62 1.2000000000000002
    endloop
  endfacet
  facet normal 0 1 0
    outer loop
      vertex -6 0 16.8
      vertex 100 0 16.8
      vertex 114 0 1.2000000000000002
    endloop
  endfacet
  facet normal 0 0 1
    outer loop
      vertex -6 0 16.8
      vertex 100 -0.4839325834290156 16.8
      vertex 100 0 16.8
    endloop
  endfacet
  facet normal 0 0 1
    outer loop
      vertex -7.035276181995869 -0.13629669696092606 16.8
      vertex 116.34884471763137 -0.8261047143492101 16.8
      vertex 100 -0.4839325834290156 16.8
    endloop
  endfacet
  facet normal 0 0 1
    outer loop
      vertex -7.035276181995869 -0.13629669696092606 16.8
      vertex 91.75500000000001 -7.664999999999999 16.8
      vertex 116.26446524636239 -1.1676406694855221 16.8
    endloop
  endfacet
  facet normal 0 0 1
    outer loop
      vertex -7.035276181995869 -0.13629669696092606 16.8
      vertex 116.26446524636239 -1.1676406694855221 16.8
      vertex 116.34884471763137 -0.8261047143492101 16.8
    endloop
  endfacet
  facet normal 0 1 0
    outer loop
      vertex 114 0 1.2000000000000002
      vertex 100 0 16.8
      vertex 114 0 16.8
    endloop
  endfacet
  facet normal 0.831469614167989 0.5555702302277682 0
    outer loop
      vertex 117.4641016125679 -2 1.2000000000000002
      vertex 117.17341335862875 -1.5649542808532715 16.584409696851147
      vertex 117.4641016125679 -2 16.416580755169235
    endloop
  endfacet
  facet normal 0.06540312801222276 0.9978589233184303 0
    outer loop
      vertex 114.52210476994514 -0.03422055393457413 1.2000000000000002
      vertex 114 0 16.8
      vertex 114.52210476994514 -0.03422055393457413 16.8
    endloop
  endfacet
  facet normal 0.1950903267663619 0.9807852794583501 0
    outer loop
      vertex 115.03527618199587 -0.13629669696092606 1.2000000000000002
      vertex 114.52210476994514 -0.03422055393457413 16.8
      vertex 115.03527618199587 -0.13629669696092606 16.8
    endloop
  endfacet
  facet normal 0.32143946659727024 0.946930129055815 0
    outer loop
      vertex 115.5307337269187 -0.3044818714261055 1.2000000000000002
      vertex 115.03527618199587 -0.13629669696092606 16.8
      vertex 115.5307337269187 -0.3044818714261055 16.8
    endloop
  endfacet
  facet normal 0.4422886899810064 0.8968727416500545 0
    outer loop
      vertex 116 -0.5358983874320984 1.2000000000000002
      vertex 115.5307337269187 -0.3044818714261055 16.8
      vertex 116 -0.5358983874320984 16.8
    endloop
  endfacet
  facet normal 0.5555702302277874 0.8314696141679762 0
    outer loop
      vertex 116.43504571914673 -0.8265866413712502 1.2000000000000002
      vertex 116.36095629327701 -0.7770816700692361 16.8
      vertex 116.43504571914673 -0.8265866413712502 16.8
    endloop
  endfacet
  facet normal 0.7518398007112116 0.6593458228172265 0
    outer loop
      vertex 117.17341335862875 -1.5649542808532715 1.2000000000000002
      vertex 116.8284271210432 -1.1715728789567947 16.783587594011475
      vertex 117.17341335862875 -1.5649542808532715 16.584409696851147
    endloop
  endfacet
  facet normal 0.8968727416500545 0.4422886899810064 0
    outer loop
      vertex 117.6955181285739 -2.4692662730813026 1.2000000000000002
      vertex 117.4641016125679 -2 16.416580755169235
      vertex 117.6955181285739 -2.4692662730813026 16.28297236734242
    endloop
  endfacet
  facet normal 0.946930129055815 0.32143946659727024 0
    outer loop
      vertex 117.86370330303907 -2.9647238180041313 1.2000000000000002
      vertex 117.6955181285739 -2.4692662730813026 16.28297236734242
      vertex 117.86370330303907 -2.9647238180041313 16.18587061157974
    endloop
  endfacet
  facet normal 0.9807852794583503 0.19509032676636193 0
    outer loop
      vertex 117.96577944606543 -3.4778952300548553 1.2000000000000002
      vertex 117.86370330303907 -2.9647238180041313 16.18587061157974
      vertex 117.96577944606543 -3.4778952300548553 16.12693692291866
    endloop
  endfacet
  facet normal 0.9978589233184302 0.06540312801222277 0
    outer loop
      vertex 118 -4 1.2000000000000002
      vertex 117.96577944606543 -3.4778952300548553 16.12693692291866
      vertex 118 -4 16.10717967689037
    endloop
  endfacet
  facet normal 0 0 1
    outer loop
      vertex 91.75500000000001 -7.664999999999999 16.8
      vertex 101.6 -23.9 16.8
      vertex 101.6 -11.1 16.8
    endloop
  endfacet
  facet normal 0 0 1
    outer loop
      vertex 116.26446524636239 -1.1676406694855221 16.8
      vertex 91.75500000000001 -7.664999999999999 16.8
      vertex 101.6 -11.1 16.8
    endloop
  endfacet
  facet normal 0.6593458228172268 0.7518398007112117 3.4838932345247197e-15
    outer loop
      vertex 116.43504571914673 -0.8265866413712502 16.8
      vertex 116.8 -1.1466429623750596 16.8
      vertex 116.8284271210432 -1.1715728789567947 16.783587594011475
    endloop
  endfacet
  facet normal 0 0 1
    outer loop
      vertex 116.26446524636239 -1.1676406694855221 16.8
      vertex 101.6 -11.1 16.8
      vertex 114.39999999999999 -11.1 16.8
    endloop
  endfacet
  facet normal 0 0 1
    outer loop
      vertex 116.26446524636239 -1.1676406694855221 16.8
      vertex 114.39999999999999 -11.1 16.8
      vertex 114.39999999999999 -23.9 16.8
    endloop
  endfacet
  facet normal 0 0 1
    outer loop
      vertex 101.6 -23.9 16.8
      vertex 91.75500000000001 -7.664999999999999 16.8
      vertex 100.1 -44.4 16.8
    endloop
  endfacet
  facet normal 0 0 1
    outer loop
      vertex 116.26446524636239 -1.1676406694855221 16.8
      vertex 116.8 -64.82824065080398 16.8
      vertex 116.8 -1.1713746715962876 16.8
    endloop
  endfacet
  facet normal 0 0 1
    outer loop
      vertex 116.26446524636239 -1.1676406694855221 16.8
      vertex 114.39999999999999 -23.9 16.8
      vertex 115.89999999999999 -44.4 16.8
    endloop
  endfacet
  facet normal 0 0 1
    outer loop
      vertex 114.39999999999999 -23.9 16.8
      vertex 101.6 -23.9 16.8
      vertex 100.1 -44.4 16.8
    endloop
  endfacet
  facet normal 0 -1 0
    outer loop
      vertex -6 -66 1.2000000000000002
      vertex 114 -66 1.2000000000000002
      vertex 84.3 -66 5.1
    endloop
  endfacet
  facet normal 0 -1 0
    outer loop
      vertex 114 -66 1.2000000000000002
      vertex 84.3 -66 9.8
      vertex 84.3 -66 5.1
    endloop
  endfacet
  facet normal 0.9978589233184302 -0.06540312801222277 0
    outer loop
      vertex 118 -62 1.2000000000000002
      vertex 118 -62 16.10717967689037
      vertex 117.96577944606543 -62.522104769945145 1.2000000000000002
    endloop
  endfacet
  facet normal 0.9807852794583503 -0.19509032676636193 0
    outer loop
      vertex 117.96577944606543 -62.522104769945145 1.2000000000000002
      vertex 117.96577944606543 -62.522104769945145 16.12693692291866
      vertex 117.86370330303907 -63.03527618199587 1.2000000000000002
    endloop
  endfacet
  facet normal 0.946930129055815 -0.32143946659727024 0
    outer loop
      vertex 117.86370330303907 -63.03527618199587 1.2000000000000002
      vertex 117.86370330303907 -63.03527618199587 16.18587061157974
      vertex 117.6955181285739 -63.5307337269187 1.2000000000000002
    endloop
  endfacet
  facet normal 0.8968727416500545 -0.4422886899810064 0
    outer loop
      vertex 117.6955181285739 -63.5307337269187 1.2000000000000002
      vertex 117.6955181285739 -63.5307337269187 16.28297236734242
      vertex 117.4641016125679 -64 1.2000000000000002
    endloop
  endfacet
  facet normal 0.06540312801222276 -0.9978589233184303 0
    outer loop
      vertex 114 -66 1.2000000000000002
      vertex 114.52210476994514 -65.96577944606543 1.2000000000000002
      vertex 114.52210476994514 -65.96577944606543 16.8
    endloop
  endfacet
  facet normal 0.1950903267663619 -0.9807852794583501 0
    outer loop
      vertex 114.52210476994514 -65.96577944606543 1.2000000000000002
      vertex 115.03527618199587 -65.86370330303907 1.2000000000000002
      vertex 115.03527618199587 -65.86370330303907 16.8
    endloop
  endfacet
  facet normal 0.32143946659727024 -0.946930129055815 0
    outer loop
      vertex 115.03527618199587 -65.86370330303907 1.2000000000000002
      vertex 115.5307337269187 -65.6955181285739 1.2000000000000002
      vertex 115.5307337269187 -65.6955181285739 16.8
    endloop
  endfacet
  facet normal 0.4422886899810064 -0.8968727416500545 0
    outer loop
      vertex 115.5307337269187 -65.6955181285739 1.2000000000000002
      vertex 116 -65.4641016125679 1.2000000000000002
      vertex 116 -65.4641016125679 16.8
    endloop
  endfacet
  facet normal 0.831469614167989 -0.5555702302277682 0
    outer loop
      vertex 117.4641016125679 -64 1.2000000000000002
      vertex 117.4641016125679 -64 16.416580755169235
      vertex 117.17341335862875 -64.43504571914673 1.2000000000000002
    endloop
  endfacet
  facet normal 0.6593458228172265 -0.7518398007112116 0
    outer loop
      vertex 116.8284271210432 -64.8284271210432 1.2000000000000002
      vertex 116.8284271210432 -64.8284271210432 16.783587594011475
      vertex 116.43504571914673 -65.17341335862875 1.2000000000000002
    endloop
  endfacet
  facet normal 0.7518398007112116 -0.6593458228172265 0
    outer loop
      vertex 116.8284271210432 -64.8284271210432 1.2000000000000002
      vertex 117.17341335862875 -64.43504571914673 1.2000000000000002
      vertex 117.17341335862875 -64.43504571914673 16.584409696851147
    endloop
  endfacet
  facet normal 0.5555702302277682 -0.8314696141679891 0
    outer loop
      vertex 116.43504571914673 -65.17341335862875 1.2000000000000002
      vertex 116.43504571914673 -65.17341335862875 16.8
      vertex 116 -65.4641016125679 1.2000000000000002
    endloop
  endfacet
  facet normal 0 -1 0
    outer loop
      vertex -6 -66 1.2000000000000002
      vertex 71.7 -66 9.8
      vertex 114 -66 16.8
    endloop
  endfacet
  facet normal 0 -1 0
    outer loop
      vertex -6 -66 1.2000000000000002
      vertex 100.24705882352941 -66 16.8
      vertex 100 -66 16.8
    endloop
  endfacet
  facet normal 0 -1 0
    outer loop
      vertex -6 -66 1.2000000000000002
      vertex 114 -66 16.8
      vertex 100.24705882352941 -66 16.8
    endloop
  endfacet
  facet normal 0 0 1
    outer loop
      vertex 100.25088397389312 -65.98451724852784 16.8
      vertex 91.75500000000001 -58.335 16.8
      vertex 16.245 -58.335 16.8
    endloop
  endfacet
  facet normal 0 0 1
    outer loop
      vertex -7.530733726918697 -65.6955181285739 16.8
      vertex 100 -65.98423473042203 16.8
      vertex 100.25088397389312 -65.98451724852784 16.8
    endloop
  endfacet
  facet normal 0 0 1
    outer loop
      vertex -6 -66 16.8
      vertex 100 -66 16.8
      vertex 100 -65.98423473042203 16.8
    endloop
  endfacet
  facet normal 1 0 0
    outer loop
      vertex 118 -4 16.10717967689037
      vertex 118 -62 16.10717967689037
      vertex 118 -62 1.2000000000000002
    endloop
  endfacet
  facet normal 0 0 1
    outer loop
      vertex 100.1 -44.4 16.8
      vertex 91.75500000000001 -7.664999999999999 16.8
      vertex 91.75500000000001 -58.335 16.8
    endloop
  endfacet
  facet normal 0 0 1
    outer loop
      vertex 116.26446524636239 -1.1676406694855221 16.8
      vertex 115.89999999999999 -44.4 16.8
      vertex 115.89999999999999 -60.2 16.8
    endloop
  endfacet
  facet normal 0 0 1
    outer loop
      vertex 114.39999999999999 -23.9 16.8
      vertex 100.1 -44.4 16.8
      vertex 115.89999999999999 -44.4 16.8
    endloop
  endfacet
  facet normal 0 0 1
    outer loop
      vertex 116.26446524636239 -1.1676406694855221 16.8
      vertex 115.89999999999999 -60.2 16.8
      vertex 116.8 -64.82824065080398 16.8
    endloop
  endfacet
  facet normal 0 -1 0
    outer loop
      vertex 114 -66 16.8
      vertex 71.7 -66 9.8
      vertex 84.3 -66 9.8
    endloop
  endfacet
  facet normal 0 -1 0
    outer loop
      vertex 114 -66 1.2000000000000002
      vertex 114 -66 16.8
      vertex 84.3 -66 9.8
    endloop
  endfacet
  facet normal 0.9978589233184303 -0.06540312801222277 0
    outer loop
      vertex 117.96577944606543 -62.522104769945145 1.2000000000000002
      vertex 118 -62 16.10717967689037
      vertex 117.96577944606543 -62.522104769945145 16.12693692291866
    endloop
  endfacet
  facet normal 0.9807852794583503 -0.19509032676636193 0
    outer loop
      vertex 117.86370330303907 -63.03527618199587 1.2000000000000002
      vertex 117.96577944606543 -62.522104769945145 16.12693692291866
      vertex 117.86370330303907 -63.03527618199587 16.18587061157974
    endloop
  endfacet
  facet normal 0.946930129055815 -0.32143946659727024 0
    outer loop
      vertex 117.6955181285739 -63.5307337269187 1.2000000000000002
      vertex 117.86370330303907 -63.03527618199587 16.18587061157974
      vertex 117.6955181285739 -63.5307337269187 16.28297236734242
    endloop
  endfacet
  facet normal 0.8968727416500544 -0.44228868998100634 0
    outer loop
      vertex 117.4641016125679 -64 1.2000000000000002
      vertex 117.6955181285739 -63.5307337269187 16.28297236734242
      vertex 117.4641016125679 -64 16.416580755169235
    endloop
  endfacet
  facet normal 0.8314696141679893 -0.5555702302277683 0
    outer loop
      vertex 117.17341335862875 -64.43504571914673 1.2000000000000002
      vertex 117.4641016125679 -64 16.416580755169235
      vertex 117.17341335862875 -64.43504571914673 16.584409696851147
    endloop
  endfacet
  facet normal 0.06540312801222276 -0.9978589233184303 0
    outer loop
      vertex 114 -66 1.2000000000000002
      vertex 114.52210476994514 -65.96577944606543 16.8
      vertex 114 -66 16.8
    endloop
  endfacet
  facet normal 0.1950903267663619 -0.9807852794583501 0
    outer loop
      vertex 114.52210476994514 -65.96577944606543 1.2000000000000002
      vertex 115.03527618199587 -65.86370330303907 16.8
      vertex 114.52210476994514 -65.96577944606543 16.8
    endloop
  endfacet
  facet normal 0.32143946659727024 -0.946930129055815 0
    outer loop
      vertex 115.03527618199587 -65.86370330303907 1.2000000000000002
      vertex 115.5307337269187 -65.6955181285739 16.8
      vertex 115.03527618199587 -65.86370330303907 16.8
    endloop
  endfacet
  facet normal 0.4422886899810064 -0.8968727416500545 0
    outer loop
      vertex 115.5307337269187 -65.6955181285739 1.2000000000000002
      vertex 116 -65.4641016125679 16.8
      vertex 115.5307337269187 -65.6955181285739 16.8
    endloop
  endfacet
  facet normal 0.7518398007112116 -0.6593458228172265 0
    outer loop
      vertex 116.8284271210432 -64.8284271210432 1.2000000000000002
      vertex 117.17341335862875 -64.43504571914673 16.584409696851147
      vertex 116.8284271210432 -64.8284271210432 16.783587594011475
    endloop
  endfacet
  facet normal 0.5555702302277682 -0.8314696141679891 0
    outer loop
      vertex 116 -65.4641016125679 1.2000000000000002
      vertex 116.43504571914673 -65.17341335862875 16.8
      vertex 116 -65.4641016125679 16.8
    endloop
  endfacet
  facet normal 0.6593458228172265 -0.7518398007112116 0
    outer loop
      vertex 116.43504571914673 -65.17341335862875 1.2000000000000002
      vertex 116.8284271210432 -64.8284271210432 16.783587594011475
      vertex 116.43504571914673 -65.17341335862875 16.8
    endloop
  endfacet
  facet normal 0 0 1
    outer loop
      vertex 100.1 -44.4 16.8
      vertex 91.75500000000001 -58.335 16.8
      vertex 100.1 -60.2 16.8
    endloop
  endfacet
  facet normal 0 0 1
    outer loop
      vertex 100.25088397389312 -65.98451724852784 16.8
      vertex 100.1 -60.2 16.8
      vertex 91.75500000000001 -58.335 16.8
    endloop
  endfacet
  facet normal 0 0 1
    outer loop
      vertex 100.56286628042737 -64.72173172207968 16.8
      vertex 101.67999999999999 -60.2 16.8
      vertex 100.1 -60.2 16.8
    endloop
  endfacet
  facet normal 0 0 1
    outer loop
      vertex 100.25088397389312 -65.98451724852784 16.8
      vertex 100.56286628042737 -64.72173172207968 16.8
      vertex 100.1 -60.2 16.8
    endloop
  endfacet
  facet normal 0 0 1
    outer loop
      vertex 100.56286628042737 -64.72173172207968 16.8
      vertex 116.8 -64.82824065080398 16.8
      vertex 101.67999999999999 -60.2 16.8
    endloop
  endfacet
  facet normal 0 0 1
    outer loop
      vertex 116.8 -64.82824065080398 16.8
      vertex 115.89999999999999 -60.2 16.8
      vertex 101.67999999999999 -60.2 16.8
    endloop
  endfacet
  facet normal 0.6593458228172204 -0.751839800711217 -2.5976778929925127e-13
    outer loop
      vertex 116.8284271210432 -64.8284271210432 16.783587594011475
      vertex 116.8 -64.85335703762495 16.8
      vertex 116.43504571914673 -65.17341335862875 16.8
    endloop
  endfacet
  facet normal 0.5555702302277189 0.831469614168022 -1.98756636520894e-15
    outer loop
      vertex 116.40397102492196 -0.8058231946613107 1.2000000000000002
      vertex 116 -0.5358983874320984 16.8
      vertex 116.43504571914673 -0.8265866413712502 1.2000000000000002
    endloop
  endfacet
  facet normal 0.6593458228172309 0.7518398007112078 0
    outer loop
      vertex 116.43504571914673 -0.8265866413712502 1.2000000000000002
      vertex 116.43504571914673 -0.8265866413712502 16.8
      vertex 116.8284271210432 -1.1715728789567987 1.2000000000000002
    endloop
  endfacet
  facet normal 0.7518398007112084 0.6593458228172304 -1.6910581554842245e-16
    outer loop
      vertex 116.8284271210432 -1.1715728789567987 1.2000000000000002
      vertex 116.8284271210432 -1.1715728789567947 16.783587594011475
      vertex 117.17341335862875 -1.5649542808532715 1.2000000000000002
    endloop
  endfacet
  facet normal 0.5555702302277642 0.8314696141679917 -1.5932642325059212e-16
    outer loop
      vertex 116.43504571914673 -0.8265866413712502 1.2000000000000002
      vertex 116 -0.5358983874320984 16.8
      vertex 116.36095629327701 -0.7770816700692361 16.8
    endloop
  endfacet
  facet normal 0.6593458228172265 0.7518398007112116 -1.9282822194549034e-16
    outer loop
      vertex 116.8284271210432 -1.1715728789567987 1.2000000000000002
      vertex 116.43504571914673 -0.8265866413712502 16.8
      vertex 116.8284271210432 -1.1715728789567947 16.783587594011475
    endloop
  endfacet
  facet normal 0.5000000000443963 0 0.8660254037588065
    outer loop
      vertex 116.8 -1.1466429623750596 16.8
      vertex 116.8 -1.1713746715962876 16.8
      vertex 116.8284271210432 -1.1715728789567947 16.783587594011475
    endloop
  endfacet
  facet normal 0.5000000000443962 0 0.8660254037588064
    outer loop
      vertex 116.8284271210432 -1.1715728789567947 16.783587594011475
      vertex 116.8 -1.1713746715962876 16.8
      vertex 116.8 -64.82824065080398 16.8
    endloop
  endfacet
  facet normal 0.5000000000444298 -2.0033726651557832e-17 0.8660254037587871
    outer loop
      vertex 116.8284271210432 -1.1715728789567947 16.783587594011475
      vertex 116.8 -64.82824065080398 16.8
      vertex 117.17341335862875 -1.5649542808532715 16.584409696851147
    endloop
  endfacet
  facet normal 0.5000000000444288 -6.878760858762664e-17 0.8660254037587878
    outer loop
      vertex 117.4641016125679 -2 16.416580755169235
      vertex 116.8 -64.82824065080398 16.8
      vertex 117.6955181285739 -2.4692662730813026 16.28297236734242
    endloop
  endfacet
  facet normal 0.5000000000444272 -3.8480200329543697e-17 0.8660254037587886
    outer loop
      vertex 117.6955181285739 -2.4692662730813026 16.28297236734242
      vertex 116.8 -64.82824065080398 16.8
      vertex 117.86370330303907 -2.9647238180041313 16.18587061157974
    endloop
  endfacet
  facet normal 0.5000000000444195 6.089475529974193e-17 0.866025403758793
    outer loop
      vertex 117.4641016125679 -2 16.416580755169235
      vertex 117.17341335862875 -1.5649542808532715 16.584409696851147
      vertex 116.8 -64.82824065080398 16.8
    endloop
  endfacet
  facet normal 0.5000000000444069 4.2393658096059865e-16 0.8660254037588003
    outer loop
      vertex 117.86370330303907 -2.9647238180041313 16.18587061157974
      vertex 116.8 -64.82824065080398 16.8
      vertex 117.96577944606543 -3.4778952300548553 16.12693692291866
    endloop
  endfacet
  facet normal 0.5000000000444645 -1.0362696321033756e-15 0.8660254037587669
    outer loop
      vertex 117.96577944606543 -3.4778952300548553 16.12693692291866
      vertex 116.8 -64.82824065080398 16.8
      vertex 118 -4 16.10717967689037
    endloop
  endfacet
  facet normal 0.5000000000444252 0 0.8660254037587898
    outer loop
      vertex 118 -4 16.10717967689037
      vertex 116.8 -64.82824065080398 16.8
      vertex 118 -62 16.10717967689037
    endloop
  endfacet
  facet normal 0.5000000000444159 5.2975314966398506e-15 0.8660254037587952
    outer loop
      vertex 118 -62 16.10717967689037
      vertex 116.8 -64.82824065080398 16.8
      vertex 117.96577944606543 -62.522104769945145 16.12693692291866
    endloop
  endfacet
  facet normal 0.5000000000444231 1.9189560336009945e-15 0.866025403758791
    outer loop
      vertex 117.86370330303907 -63.03527618199587 16.18587061157974
      vertex 116.8 -64.82824065080398 16.8
      vertex 117.6955181285739 -63.5307337269187 16.28297236734242
    endloop
  endfacet
  facet normal 0.5000000000444356 -8.015806372846984e-15 0.8660254037587837
    outer loop
      vertex 117.96577944606543 -62.522104769945145 16.12693692291866
      vertex 116.8 -64.82824065080398 16.8
      vertex 117.86370330303907 -63.03527618199587 16.18587061157974
    endloop
  endfacet
  facet normal 0.5000000000444158 8.515108392144957e-15 0.8660254037587952
    outer loop
      vertex 117.6955181285739 -63.5307337269187 16.28297236734242
      vertex 116.8 -64.82824065080398 16.8
      vertex 117.4641016125679 -64 16.416580755169235
    endloop
  endfacet
  facet normal 0.5000000000443964 3.913727997458212e-14 0.8660254037588064
    outer loop
      vertex 116.8284271210432 -64.8284271210432 16.783587594011475
      vertex 117.17341335862875 -64.43504571914673 16.584409696851147
      vertex 116.8 -64.82824065080398 16.8
    endloop
  endfacet
  facet normal 0.5000000000443963 0 0.8660254037588065
    outer loop
      vertex 116.8284271210432 -64.8284271210432 16.783587594011475
      vertex 116.8 -64.82824065080398 16.8
      vertex 116.8 -64.85335703762495 16.8
    endloop
  endfacet
  facet normal 0.5000000000444456 -2.346063327228135e-14 0.8660254037587779
    outer loop
      vertex 117.4641016125679 -64 16.416580755169235
      vertex 116.8 -64.82824065080398 16.8
      vertex 117.17341335862875 -64.43504571914673 16.584409696851147
    endloop
  endfacet
  facet normal 0 0 1
    outer loop
      vertex 100 0 16.8
      vertex 100 -0.4839325834290156 16.8
      vertex 114 0 16.8
    endloop
  endfacet
  facet normal 0 0 1
    outer loop
      vertex 100 -0.4839325834290156 16.8
      vertex 114.52210476994514 -0.03422055393457413 16.8
      vertex 114 0 16.8
    endloop
  endfacet
  facet normal 0 0 1
    outer loop
      vertex 100 -0.4839325834290156 16.8
      vertex 115.03527618199587 -0.13629669696092606 16.8
      vertex 114.52210476994514 -0.03422055393457413 16.8
    endloop
  endfacet
  facet normal 0 0 1
    outer loop
      vertex 100 -0.4839325834290156 16.8
      vertex 115.5307337269187 -0.3044818714261055 16.8
      vertex 115.03527618199587 -0.13629669696092606 16.8
    endloop
  endfacet
  facet normal 0 0 1
    outer loop
      vertex 100 -0.4839325834290156 16.8
      vertex 116 -0.5358983874320984 16.8
      vertex 115.5307337269187 -0.3044818714261055 16.8
    endloop
  endfacet
  facet normal 0 0 1
    outer loop
      vertex 100 -0.4839325834290156 16.8
      vertex 116.34884471763137 -0.8261047143492101 16.8
      vertex 116 -0.5358983874320984 16.8
    endloop
  endfacet
  facet normal 0 0 1
    outer loop
      vertex 116 -0.5358983874320984 16.8
      vertex 116.34884471763137 -0.8261047143492101 16.8
      vertex 116.36095629327701 -0.7770816700692361 16.8
    endloop
  endfacet
  facet normal 0 0 1
    outer loop
      vertex 116.34884471763137 -0.8261047143492101 16.8
      vertex 116.43504571914673 -0.8265866413712502 16.8
      vertex 116.36095629327701 -0.7770816700692361 16.8
    endloop
  endfacet
  facet normal 0 0 1
    outer loop
      vertex 116.34884471763137 -0.8261047143492101 16.8
      vertex 116.26446524636239 -1.1676406694855221 16.8
      vertex 116.43504571914673 -0.8265866413712502 16.8
    endloop
  endfacet
  facet normal 0 0 1
    outer loop
      vertex 116.43504571914673 -0.8265866413712502 16.8
      vertex 116.26446524636239 -1.1676406694855221 16.8
      vertex 116.8 -1.1466429623750596 16.8
    endloop
  endfacet
  facet normal 0 0 1
    outer loop
      vertex 116.26446524636239 -1.1676406694855221 16.8
      vertex 116.8 -1.1713746715962876 16.8
      vertex 116.8 -1.1466429623750596 16.8
    endloop
  endfacet
  facet normal 0 0 1
    outer loop
      vertex 100 -66 16.8
      vertex 100.24705882352941 -66 16.8
      vertex 100 -65.98423473042203 16.8
    endloop
  endfacet
  facet normal 0 0 1
    outer loop
      vertex 100 -65.98423473042203 16.8
      vertex 100.24705882352941 -66 16.8
      vertex 100.25088397389312 -65.98451724852784 16.8
    endloop
  endfacet
  facet normal 0 0 1
    outer loop
      vertex 100.56286628042737 -64.72173172207968 16.8
      vertex 100.25088397389312 -65.98451724852784 16.8
      vertex 114 -66 16.8
    endloop
  endfacet
  facet normal 0 0 1
    outer loop
      vertex 100.24705882352941 -66 16.8
      vertex 114 -66 16.8
      vertex 100.25088397389312 -65.98451724852784 16.8
    endloop
  endfacet
  facet normal 0 0 1
    outer loop
      vertex 100.56286628042737 -64.72173172207968 16.8
      vertex 114 -66 16.8
      vertex 114.52210476994514 -65.96577944606543 16.8
    endloop
  endfacet
  facet normal 0 0 1
    outer loop
      vertex 100.56286628042737 -64.72173172207968 16.8
      vertex 116.8 -64.85335703762495 16.8
      vertex 116.8 -64.82824065080398 16.8
    endloop
  endfacet
  facet normal 0 0 1
    outer loop
      vertex 100.56286628042737 -64.72173172207968 16.8
      vertex 116.43504571914673 -65.17341335862875 16.8
      vertex 116.8 -64.85335703762495 16.8
    endloop
  endfacet
  facet normal 0 0 1
    outer loop
      vertex 100.56286628042737 -64.72173172207968 16.8
      vertex 115.03527618199587 -65.86370330303907 16.8
      vertex 115.5307337269187 -65.6955181285739 16.8
    endloop
  endfacet
  facet normal 0 0 1
    outer loop
      vertex 100.56286628042737 -64.72173172207968 16.8
      vertex 116 -65.4641016125679 16.8
      vertex 116.43504571914673 -65.17341335862875 16.8
    endloop
  endfacet
  facet normal 0 0 1
    outer loop
      vertex 100.56286628042737 -64.72173172207968 16.8
      vertex 115.5307337269187 -65.6955181285739 16.8
      vertex 116 -65.4641016125679 16.8
    endloop
  endfacet
  facet normal 0 0 1
    outer loop
      vertex 100.56286628042737 -64.72173172207968 16.8
      vertex 114.52210476994514 -65.96577944606543 16.8
      vertex 115.03527618199587 -65.86370330303907 16.8
    endloop
  endfacet
  facet normal 1 0 0
    outer loop
      vertex -8.6 -1.4 1.2000000000000002
      vertex -8.6 -1.4 15.399999999999999
      vertex -8.6 -64.60000000000001 1.2000000000000002
    endloop
  endfacet
  facet normal 0 -1 0
    outer loop
      vertex -8.6 -1.4 1.2000000000000002
      vertex 66.74452096508395 -1.4 7.715
      vertex 66.74452096508395 -1.4 8.315
    endloop
  endfacet
  facet normal 0 -1 0
    outer loop
      vertex -8.6 -1.4 1.2000000000000002
      vertex 71.25547903491605 -1.4 7.715
      vertex 66.74452096508395 -1.4 7.715
    endloop
  endfacet
  facet normal 0 -1 0
    outer loop
      vertex -8.6 -1.4 1.2000000000000002
      vertex 97.74452096508395 -1.4 8.315
      vertex 71.25547903491605 -1.4 7.715
    endloop
  endfacet
  facet normal 0 0 -1
    outer loop
      vertex -8.6 -1.4 15.399999999999999
      vertex 12.975 -4.395 15.399999999999999
      vertex 12.975 -61.60499999999999 15.399999999999999
    endloop
  endfacet
  facet normal 0 -1 0
    outer loop
      vertex -8.6 -1.4 1.2000000000000002
      vertex 116.60000000000001 -1.4 15.399999999999999
      vertex -8.6 -1.4 15.399999999999999
    endloop
  endfacet
  facet normal 0 0 -1
    outer loop
      vertex -8.6 -1.4 15.399999999999999
      vertex 68.69978975789388 -1.9196768188402364 15.399999999999999
      vertex 12.975 -4.395 15.399999999999999
    endloop
  endfacet
  facet normal 0 0 -1
    outer loop
      vertex -8.6 -1.4 15.399999999999999
      vertex 69 -1.9000000000000004 15.399999999999999
      vertex 68.69978975789388 -1.9196768188402364 15.399999999999999
    endloop
  endfacet
  facet normal 0 0 -1
    outer loop
      vertex 12.975 -4.395 15.399999999999999
      vertex 67.85 -2.2081415712957915 15.399999999999999
      vertex 67.59984871327994 -2.3752873173301596 15.399999999999999
    endloop
  endfacet
  facet normal 0 0 -1
    outer loop
      vertex 12.975 -4.395 15.399999999999999
      vertex 68.4047161962642 -1.9783705995351433 15.399999999999999
      vertex 68.11982810556029 -2.075077075224041 15.399999999999999
    endloop
  endfacet
  facet normal 0 0 -1
    outer loop
      vertex 12.975 -4.395 15.399999999999999
      vertex 68.11982810556029 -2.075077075224041 15.399999999999999
      vertex 67.85 -2.2081415712957915 15.399999999999999
    endloop
  endfacet
  facet normal 0 0 -1
    outer loop
      vertex 12.975 -4.395 15.399999999999999
      vertex 67.0081415712958 -3.0500000000000003 15.399999999999999
      vertex 66.87507707522404 -3.3198281055602936 15.399999999999999
    endloop
  endfacet
  facet normal 0 0 -1
    outer loop
      vertex 12.975 -4.395 15.399999999999999
      vertex 66.87507707522404 -3.3198281055602936 15.399999999999999
      vertex 66.77837059953514 -3.6047161962642025 15.399999999999999
    endloop
  endfacet
  facet normal 0 0 -1
    outer loop
      vertex 12.975 -4.395 15.399999999999999
      vertex 66.77837059953514 -3.6047161962642025 15.399999999999999
      vertex 66.71967681884024 -3.8997897578938816 15.399999999999999
    endloop
  endfacet
  facet normal 0 0 -1
    outer loop
      vertex 12.975 -4.395 15.399999999999999
      vertex 67.37365440327095 -2.573654403270941 15.399999999999999
      vertex 67.17528731733016 -2.7998487132799426 15.399999999999999
    endloop
  endfacet
  facet normal 0 0 -1
    outer loop
      vertex 12.975 -4.395 15.399999999999999
      vertex 67.59984871327994 -2.3752873173301596 15.399999999999999
      vertex 67.37365440327095 -2.573654403270941 15.399999999999999
    endloop
  endfacet
  facet normal 0 0 -1
    outer loop
      vertex 12.975 -4.395 15.399999999999999
      vertex 67.17528731733016 -2.7998487132799426 15.399999999999999
      vertex 67.0081415712958 -3.0500000000000003 15.399999999999999
    endloop
  endfacet
  facet normal 0 0 -1
    outer loop
      vertex -8.6 -1.4 15.399999999999999
      vertex 99.69978975789388 -1.9196768188402364 15.399999999999999
      vertex 69 -1.9000000000000004 15.399999999999999
    endloop
  endfacet
  facet normal 0 0 -1
    outer loop
      vertex 12.975 -4.395 15.399999999999999
      vertex 68.69978975789388 -1.9196768188402364 15.399999999999999
      vertex 68.4047161962642 -1.9783705995351433 15.399999999999999
    endloop
  endfacet
  facet normal 0 0 -1
    outer loop
      vertex 12.975 -4.395 15.399999999999999
      vertex 66.71967681884024 -3.8997897578938816 15.399999999999999
      vertex 66.7 -4.2 15.399999999999999
    endloop
  endfacet
  facet normal 0 0 -1
    outer loop
      vertex 12.975 -4.395 15.399999999999999
      vertex 66.7 -4.2 15.399999999999999
      vertex 66.71278097524898 -4.395 15.399999999999999
    endloop
  endfacet
  facet normal 0 1 0
    outer loop
      vertex -8.6 -64.60000000000001 1.2000000000000002
      vertex -8.6 -64.60000000000001 15.399999999999999
      vertex 37.87420171602333 -64.60000000000001 7.715
    endloop
  endfacet
  facet normal 0 1 0
    outer loop
      vertex -8.6 -64.60000000000001 1.2000000000000002
      vertex 37.87420171602333 -64.60000000000001 7.715
      vertex 116.60000000000001 -64.60000000000001 1.2000000000000002
    endloop
  endfacet
  facet normal 0 1 0
    outer loop
      vertex 37.87420171602333 -64.60000000000001 7.715
      vertex 42.12579828397667 -64.60000000000001 7.715
      vertex 71.7 -64.60000000000001 5.1
    endloop
  endfacet
  facet normal 0 1 0
    outer loop
      vertex 42.12579828397667 -64.60000000000001 7.715
      vertex 42.12579828397667 -64.60000000000001 8.315
      vertex 71.7 -64.60000000000001 9.8
    endloop
  endfacet
  facet normal 1 0 0
    outer loop
      vertex -8.6 -1.4 15.399999999999999
      vertex -8.6 -64.60000000000001 15.399999999999999
      vertex -8.6 -64.60000000000001 1.2000000000000002
    endloop
  endfacet
  facet normal 0 0 -1
    outer loop
      vertex -8.6 -1.4 15.399999999999999
      vertex 12.975 -61.60499999999999 15.399999999999999
      vertex -8.6 -64.60000000000001 15.399999999999999
    endloop
  endfacet
  facet normal 0 0 -1
    outer loop
      vertex -8.6 -64.60000000000001 15.399999999999999
      vertex 12.975 -61.60499999999999 15.399999999999999
      vertex 39.404716196264204 -63.92162940046486 15.399999999999999
    endloop
  endfacet
  facet normal 0 1 0
    outer loop
      vertex 37.87420171602333 -64.60000000000001 7.715
      vertex -8.6 -64.60000000000001 15.399999999999999
      vertex 37.87420171602333 -64.60000000000001 8.315
    endloop
  endfacet
  facet normal 0 1 0
    outer loop
      vertex 37.87420171602333 -64.60000000000001 8.315
      vertex -8.6 -64.60000000000001 15.399999999999999
      vertex 42.12579828397667 -64.60000000000001 8.315
    endloop
  endfacet
  facet normal 0 1 0
    outer loop
      vertex 42.12579828397667 -64.60000000000001 8.315
      vertex -8.6 -64.60000000000001 15.399999999999999
      vertex 71.7 -64.60000000000001 9.8
    endloop
  endfacet
  facet normal 0 1 0
    outer loop
      vertex -8.6 -64.60000000000001 15.399999999999999
      vertex 84.3 -64.60000000000001 9.8
      vertex 71.7 -64.60000000000001 9.8
    endloop
  endfacet
  facet normal 0 0 -1
    outer loop
      vertex 12.975 -61.60499999999999 15.399999999999999
      vertex 37.70622662896745 -61.60499999999999 15.399999999999999
      vertex 37.7 -61.7 15.399999999999999
    endloop
  endfacet
  facet normal 0 0 -1
    outer loop
      vertex 12.975 -61.60499999999999 15.399999999999999
      vertex 37.7 -61.7 15.399999999999999
      vertex 37.719676818840234 -62.00021024210612 15.399999999999999
    endloop
  endfacet
  facet normal 0 0 -1
    outer loop
      vertex -8.6 -64.60000000000001 15.399999999999999
      vertex 39.404716196264204 -63.92162940046486 15.399999999999999
      vertex 39.69978975789388 -63.98032318115977 15.399999999999999
    endloop
  endfacet
  facet normal 0 0 -1
    outer loop
      vertex -8.6 -64.60000000000001 15.399999999999999
      vertex 39.69978975789388 -63.98032318115977 15.399999999999999
      vertex 40 -64 15.399999999999999
    endloop
  endfacet
  facet normal 0 0 -1
    outer loop
      vertex 12.975 -61.60499999999999 15.399999999999999
      vertex 37.719676818840234 -62.00021024210612 15.399999999999999
      vertex 37.778370599535144 -62.2952838037358 15.399999999999999
    endloop
  endfacet
  facet normal 0 0 -1
    outer loop
      vertex 12.975 -61.60499999999999 15.399999999999999
      vertex 37.778370599535144 -62.2952838037358 15.399999999999999
      vertex 37.87507707522404 -62.58017189443971 15.399999999999999
    endloop
  endfacet
  facet normal 0 0 -1
    outer loop
      vertex 12.975 -61.60499999999999 15.399999999999999
      vertex 37.87507707522404 -62.58017189443971 15.399999999999999
      vertex 38.008141571295795 -62.85 15.399999999999999
    endloop
  endfacet
  facet normal 0 0 -1
    outer loop
      vertex 12.975 -61.60499999999999 15.399999999999999
      vertex 38.008141571295795 -62.85 15.399999999999999
      vertex 38.17528731733016 -63.10015128672006 15.399999999999999
    endloop
  endfacet
  facet normal 0 0 -1
    outer loop
      vertex 12.975 -61.60499999999999 15.399999999999999
      vertex 38.17528731733016 -63.10015128672006 15.399999999999999
      vertex 38.37365440327094 -63.32634559672906 15.399999999999999
    endloop
  endfacet
  facet normal 0 0 -1
    outer loop
      vertex 12.975 -61.60499999999999 15.399999999999999
      vertex 38.37365440327094 -63.32634559672906 15.399999999999999
      vertex 38.59984871327994 -63.52471268266984 15.399999999999999
    endloop
  endfacet
  facet normal 0 0 -1
    outer loop
      vertex 12.975 -61.60499999999999 15.399999999999999
      vertex 38.59984871327994 -63.52471268266984 15.399999999999999
      vertex 38.85 -63.69185842870421 15.399999999999999
    endloop
  endfacet
  facet normal 0 0 -1
    outer loop
      vertex 12.975 -61.60499999999999 15.399999999999999
      vertex 38.85 -63.69185842870421 15.399999999999999
      vertex 39.119828105560295 -63.82492292477596 15.399999999999999
    endloop
  endfacet
  facet normal 0 0 -1
    outer loop
      vertex 12.975 -61.60499999999999 15.399999999999999
      vertex 39.119828105560295 -63.82492292477596 15.399999999999999
      vertex 39.404716196264204 -63.92162940046486 15.399999999999999
    endloop
  endfacet
  facet normal 0 0 -1
    outer loop
      vertex -8.6 -64.60000000000001 15.399999999999999
      vertex 40 -64 15.399999999999999
      vertex 95 -64 15.399999999999999
    endloop
  endfacet
  facet normal 0 -1 0
    outer loop
      vertex -8.6 -1.4 1.2000000000000002
      vertex 116.60000000000001 -1.4 1.2000000000000002
      vertex 102.25547903491605 -1.4 7.715
    endloop
  endfacet
  facet normal 0 -1 0
    outer loop
      vertex -8.6 -1.4 1.2000000000000002
      vertex 102.25547903491605 -1.4 7.715
      vertex 97.74452096508395 -1.4 7.715
    endloop
  endfacet
  facet normal 0 -1 0
    outer loop
      vertex -8.6 -1.4 1.2000000000000002
      vertex 97.74452096508395 -1.4 7.715
      vertex 97.74452096508395 -1.4 8.315
    endloop
  endfacet
  facet normal 0 -1 0
    outer loop
      vertex -8.6 -1.4 1.2000000000000002
      vertex 66.74452096508395 -1.4 8.315
      vertex 116.60000000000001 -1.4 15.399999999999999
    endloop
  endfacet
  facet normal 0 -1 0
    outer loop
      vertex 71.25547903491605 -1.4 7.715
      vertex 97.74452096508395 -1.4 8.315
      vertex 71.25547903491605 -1.4 8.315
    endloop
  endfacet
  facet normal 0 -1 0
    outer loop
      vertex 116.60000000000001 -1.4 1.2000000000000002
      vertex 102.25547903491605 -1.4 8.315
      vertex 102.25547903491605 -1.4 7.715
    endloop
  endfacet
  facet normal 0 -1 0
    outer loop
      vertex 116.60000000000001 -1.4 1.2000000000000002
      vertex 116.60000000000001 -1.4 15.399999999999999
      vertex 102.25547903491605 -1.4 8.315
    endloop
  endfacet
  facet normal 0 -1 0
    outer loop
      vertex 66.74452096508395 -1.4 8.315
      vertex 69.90591721194829 -1.4 8.315
      vertex 116.60000000000001 -1.4 15.399999999999999
    endloop
  endfacet
  facet normal 0 -1 0
    outer loop
      vertex 69.90591721194829 -1.4 8.315
      vertex 71.25547903491605 -1.4 8.315
      vertex 116.60000000000001 -1.4 15.399999999999999
    endloop
  endfacet
  facet normal 0 0 -1
    outer loop
      vertex -8.6 -1.4 15.399999999999999
      vertex 100 -1.9000000000000004 15.399999999999999
      vertex 99.69978975789388 -1.9196768188402364 15.399999999999999
    endloop
  endfacet
  facet normal 0 0 -1
    outer loop
      vertex -8.6 -1.4 15.399999999999999
      vertex 116.60000000000001 -1.4 15.399999999999999
      vertex 100 -1.9000000000000004 15.399999999999999
    endloop
  endfacet
  facet normal 0 0 -1
    outer loop
      vertex 70.62634559672905 -2.573654403270941 15.399999999999999
      vertex 75.27332863574007 -4.395 15.399999999999999
      vertex 70.82471268266984 -2.7998487132799426 15.399999999999999
    endloop
  endfacet
  facet normal 0 0 -1
    outer loop
      vertex 70.82471268266984 -2.7998487132799426 15.399999999999999
      vertex 75.27332863574007 -4.395 15.399999999999999
      vertex 70.9918584287042 -3.0500000000000003 15.399999999999999
    endloop
  endfacet
  facet normal 0 0 -1
    outer loop
      vertex 70.9918584287042 -3.0500000000000003 15.399999999999999
      vertex 75.27332863574007 -4.395 15.399999999999999
      vertex 71.12492292477596 -3.3198281055602936 15.399999999999999
    endloop
  endfacet
  facet normal 0 0 -1
    outer loop
      vertex 71.12492292477596 -3.3198281055602936 15.399999999999999
      vertex 75.27332863574007 -4.395 15.399999999999999
      vertex 71.22162940046486 -3.6047161962642025 15.399999999999999
    endloop
  endfacet
  facet normal 0 0 -1
    outer loop
      vertex 71.22162940046486 -3.6047161962642025 15.399999999999999
      vertex 75.27332863574007 -4.395 15.399999999999999
      vertex 71.28032318115976 -3.8997897578938816 15.399999999999999
    endloop
  endfacet
  facet normal 0 0 -1
    outer loop
      vertex 71.28032318115976 -3.8997897578938816 15.399999999999999
      vertex 75.27332863574007 -4.395 15.399999999999999
      vertex 71.3 -4.2 15.399999999999999
    endloop
  endfacet
  facet normal 0 0 -1
    outer loop
      vertex 71.3 -4.2 15.399999999999999
      vertex 75.27332863574007 -4.395 15.399999999999999
      vertex 71.28721902475102 -4.395 15.399999999999999
    endloop
  endfacet
  facet normal 0 0 -1
    outer loop
      vertex 69 -1.9000000000000004 15.399999999999999
      vertex 99.69978975789388 -1.9196768188402364 15.399999999999999
      vertex 69.30021024210612 -1.9196768188402364 15.399999999999999
    endloop
  endfacet
  facet normal 0 0 -1
    outer loop
      vertex 69.30021024210612 -1.9196768188402364 15.399999999999999
      vertex 99.4047161962642 -1.9783705995351433 15.399999999999999
      vertex 69.5952838037358 -1.9783705995351433 15.399999999999999
    endloop
  endfacet
  facet normal 0 0 -1
    outer loop
      vertex 69.5952838037358 -1.9783705995351433 15.399999999999999
      vertex 99.11982810556029 -2.075077075224041 15.399999999999999
      vertex 69.88017189443971 -2.075077075224041 15.399999999999999
    endloop
  endfacet
  facet normal 0 0 -1
    outer loop
      vertex 69.88017189443971 -2.075077075224041 15.399999999999999
      vertex 98.85 -2.2081415712957915 15.399999999999999
      vertex 70.15 -2.2081415712957915 15.399999999999999
    endloop
  endfacet
  facet normal 0 0 -1
    outer loop
      vertex 70.15 -2.2081415712957915 15.399999999999999
      vertex 98.85 -2.2081415712957915 15.399999999999999
      vertex 70.40015128672006 -2.3752873173301596 15.399999999999999
    endloop
  endfacet
  facet normal 0 0 -1
    outer loop
      vertex 70.40015128672006 -2.3752873173301596 15.399999999999999
      vertex 98.85 -2.2081415712957915 15.399999999999999
      vertex 70.62634559672905 -2.573654403270941 15.399999999999999
    endloop
  endfacet
  facet normal 0 0 -1
    outer loop
      vertex 70.62634559672905 -2.573654403270941 15.399999999999999
      vertex 98.85 -2.2081415712957915 15.399999999999999
      vertex 75.27332863574007 -4.395 15.399999999999999
    endloop
  endfacet
  facet normal 0 -1 0
    outer loop
      vertex 71.25547903491605 -1.4 8.315
      vertex 97.74452096508395 -1.4 8.315
      vertex 116.60000000000001 -1.4 15.399999999999999
    endloop
  endfacet
  facet normal 0 -1 0
    outer loop
      vertex 97.74452096508395 -1.4 8.315
      vertex 102.25547903491605 -1.4 8.315
      vertex 116.60000000000001 -1.4 15.399999999999999
    endloop
  endfacet
  facet normal 0 0 -1
    outer loop
      vertex 69.5952838037358 -1.9783705995351433 15.399999999999999
      vertex 99.4047161962642 -1.9783705995351433 15.399999999999999
      vertex 99.11982810556029 -2.075077075224041 15.399999999999999
    endloop
  endfacet
  facet normal 0 0 -1
    outer loop
      vertex 69.30021024210612 -1.9196768188402364 15.399999999999999
      vertex 99.69978975789388 -1.9196768188402364 15.399999999999999
      vertex 99.4047161962642 -1.9783705995351433 15.399999999999999
    endloop
  endfacet
  facet normal 0 0 -1
    outer loop
      vertex 69.88017189443971 -2.075077075224041 15.399999999999999
      vertex 99.11982810556029 -2.075077075224041 15.399999999999999
      vertex 98.85 -2.2081415712957915 15.399999999999999
    endloop
  endfacet
  facet normal 0 0 -1
    outer loop
      vertex 75.27332863574007 -4.395 15.399999999999999
      vertex 98.85 -2.2081415712957915 15.399999999999999
      vertex 98.59984871327994 -2.3752873173301596 15.399999999999999
    endloop
  endfacet
  facet normal 0 0 -1
    outer loop
      vertex 75.27332863574007 -4.395 15.399999999999999
      vertex 98.17528731733016 -2.7998487132799426 15.399999999999999
      vertex 98.0081415712958 -3.0500000000000003 15.399999999999999
    endloop
  endfacet
  facet normal 0 0 -1
    outer loop
      vertex 75.27332863574007 -4.395 15.399999999999999
      vertex 98.0081415712958 -3.0500000000000003 15.399999999999999
      vertex 97.87507707522404 -3.3198281055602936 15.399999999999999
    endloop
  endfacet
  facet normal 0 0 -1
    outer loop
      vertex 75.27332863574007 -4.395 15.399999999999999
      vertex 98.59984871327994 -2.3752873173301596 15.399999999999999
      vertex 98.37365440327095 -2.573654403270941 15.399999999999999
    endloop
  endfacet
  facet normal 0 0 -1
    outer loop
      vertex 75.27332863574007 -4.395 15.399999999999999
      vertex 98.37365440327095 -2.573654403270941 15.399999999999999
      vertex 98.17528731733016 -2.7998487132799426 15.399999999999999
    endloop
  endfacet
  facet normal 0 0 -1
    outer loop
      vertex 75.27332863574007 -4.395 15.399999999999999
      vertex 97.87507707522404 -3.3198281055602936 15.399999999999999
      vertex 97.77837059953514 -3.6047161962642025 15.399999999999999
    endloop
  endfacet
  facet normal 0 0 -1
    outer loop
      vertex 75.27332863574007 -4.395 15.399999999999999
      vertex 97.77837059953514 -3.6047161962642025 15.399999999999999
      vertex 97.71967681884024 -3.8997897578938816 15.399999999999999
    endloop
  endfacet
  facet normal 0 0 -1
    outer loop
      vertex 75.27332863574007 -4.395 15.399999999999999
      vertex 97.71967681884024 -3.8997897578938816 15.399999999999999
      vertex 97.7 -4.2 15.399999999999999
    endloop
  endfacet
  facet normal 0 0 -1
    outer loop
      vertex 75.27332863574007 -4.395 15.399999999999999
      vertex 97.7 -4.2 15.399999999999999
      vertex 97.71278097524898 -4.395 15.399999999999999
    endloop
  endfacet
  facet normal 0 0 -1
    outer loop
      vertex 100 -1.9000000000000004 15.399999999999999
      vertex 116.60000000000001 -1.4 15.399999999999999
      vertex 100.30021024210612 -1.9196768188402364 15.399999999999999
    endloop
  endfacet
  facet normal 0 0 -1
    outer loop
      vertex 100.30021024210612 -1.9196768188402364 15.399999999999999
      vertex 116.60000000000001 -1.4 15.399999999999999
      vertex 100.5952838037358 -1.9783705995351433 15.399999999999999
    endloop
  endfacet
  facet normal 0 0 -1
    outer loop
      vertex 100.5952838037358 -1.9783705995351433 15.399999999999999
      vertex 116.60000000000001 -1.4 15.399999999999999
      vertex 100.88017189443971 -2.075077075224041 15.399999999999999
    endloop
  endfacet
  facet normal 0 0 -1
    outer loop
      vertex 100.88017189443971 -2.075077075224041 15.399999999999999
      vertex 116.60000000000001 -1.4 15.399999999999999
      vertex 101.15 -2.2081415712957915 15.399999999999999
    endloop
  endfacet
  facet normal 0 0 -1
    outer loop
      vertex 101.15 -2.2081415712957915 15.399999999999999
      vertex 116.60000000000001 -1.4 15.399999999999999
      vertex 101.40015128672006 -2.3752873173301596 15.399999999999999
    endloop
  endfacet
  facet normal 0 0 -1
    outer loop
      vertex 101.40015128672006 -2.3752873173301596 15.399999999999999
      vertex 116.60000000000001 -1.4 15.399999999999999
      vertex 101.62634559672905 -2.573654403270941 15.399999999999999
    endloop
  endfacet
  facet normal 0 0 -1
    outer loop
      vertex 101.62634559672905 -2.573654403270941 15.399999999999999
      vertex 116.60000000000001 -1.4 15.399999999999999
      vertex 101.82471268266984 -2.7998487132799426 15.399999999999999
    endloop
  endfacet
  facet normal 0 0 -1
    outer loop
      vertex 101.82471268266984 -2.7998487132799426 15.399999999999999
      vertex 116.60000000000001 -1.4 15.399999999999999
      vertex 101.9918584287042 -3.0500000000000003 15.399999999999999
    endloop
  endfacet
  facet normal 0 0 -1
    outer loop
      vertex 101.9918584287042 -3.0500000000000003 15.399999999999999
      vertex 116.60000000000001 -1.4 15.399999999999999
      vertex 102.12492292477596 -3.3198281055602936 15.399999999999999
    endloop
  endfacet
  facet normal 0 0 -1
    outer loop
      vertex 102.12492292477596 -3.3198281055602936 15.399999999999999
      vertex 116.60000000000001 -1.4 15.399999999999999
      vertex 102.22162940046486 -3.6047161962642025 15.399999999999999
    endloop
  endfacet
  facet normal 0 0 -1
    outer loop
      vertex 102.22162940046486 -3.6047161962642025 15.399999999999999
      vertex 116.60000000000001 -1.4 15.399999999999999
      vertex 102.28032318115976 -3.8997897578938816 15.399999999999999
    endloop
  endfacet
  facet normal 0 0 -1
    outer loop
      vertex 102.22162940046486 -4.795283803735797 15.399999999999999
      vertex 116.60000000000001 -1.4 15.399999999999999
      vertex 102.12492292477596 -5.080171894439706 15.399999999999999
    endloop
  endfacet
  facet normal 0 0 -1
    outer loop
      vertex 101.9918584287042 -5.35 15.399999999999999
      vertex 102.12492292477596 -5.080171894439706 15.399999999999999
      vertex 116.60000000000001 -1.4 15.399999999999999
    endloop
  endfacet
  facet normal 0 0 -1
    outer loop
      vertex 101.9918584287042 -5.35 15.399999999999999
      vertex 116.60000000000001 -1.4 15.399999999999999
      vertex 101.82471268266984 -5.600151286720058 15.399999999999999
    endloop
  endfacet
  facet normal 0 0 -1
    outer loop
      vertex 102.28032318115976 -3.8997897578938816 15.399999999999999
      vertex 116.60000000000001 -1.4 15.399999999999999
      vertex 102.3 -4.2 15.399999999999999
    endloop
  endfacet
  facet normal 0 0 -1
    outer loop
      vertex 102.3 -4.2 15.399999999999999
      vertex 116.60000000000001 -1.4 15.399999999999999
      vertex 102.28032318115976 -4.500210242106119 15.399999999999999
    endloop
  endfacet
  facet normal 0 0 -1
    outer loop
      vertex 102.28032318115976 -4.500210242106119 15.399999999999999
      vertex 116.60000000000001 -1.4 15.399999999999999
      vertex 102.22162940046486 -4.795283803735797 15.399999999999999
    endloop
  endfacet
  facet normal 0 0 -1
    outer loop
      vertex 100.88017189443971 -6.32492292477596 15.399999999999999
      vertex 101.15 -6.191858428704209 15.399999999999999
      vertex 116.60000000000001 -1.4 15.399999999999999
    endloop
  endfacet
  facet normal 0 0 -1
    outer loop
      vertex 101.40015128672006 -6.024712682669841 15.399999999999999
      vertex 116.60000000000001 -1.4 15.399999999999999
      vertex 101.15 -6.191858428704209 15.399999999999999
    endloop
  endfacet
  facet normal 0 0 -1
    outer loop
      vertex 101.82471268266984 -5.600151286720058 15.399999999999999
      vertex 116.60000000000001 -1.4 15.399999999999999
      vertex 101.62634559672905 -5.826345596729059 15.399999999999999
    endloop
  endfacet
  facet normal 0 0 -1
    outer loop
      vertex 101.40015128672006 -6.024712682669841 15.399999999999999
      vertex 101.62634559672905 -5.826345596729059 15.399999999999999
      vertex 116.60000000000001 -1.4 15.399999999999999
    endloop
  endfacet
  facet normal 0 0 -1
    outer loop
      vertex 100.88017189443971 -6.32492292477596 15.399999999999999
      vertex 116.60000000000001 -1.4 15.399999999999999
      vertex 113.616 -11.884 15.399999999999999
    endloop
  endfacet
  facet normal 0 0 -1
    outer loop
      vertex 100.88017189443971 -6.32492292477596 15.399999999999999
      vertex 113.616 -11.884 15.399999999999999
      vertex 102.384 -11.884 15.399999999999999
    endloop
  endfacet
  facet normal 0 0 -1
    outer loop
      vertex 116.60000000000001 -1.4 15.399999999999999
      vertex 113.616 -23.116 15.399999999999999
      vertex 113.616 -11.884 15.399999999999999
    endloop
  endfacet
  facet normal -1 0 0
    outer loop
      vertex 116.60000000000001 -1.4 1.2000000000000002
      vertex 116.60000000000001 -64.60000000000001 15.399999999999999
      vertex 116.60000000000001 -1.4 15.399999999999999
    endloop
  endfacet
  facet normal 0 0 -1
    outer loop
      vertex 100.88017189443971 -6.32492292477596 15.399999999999999
      vertex 102.384 -11.884 15.399999999999999
      vertex 100.884 -45.184 15.399999999999999
    endloop
  endfacet
  facet normal 0 0 -1
    outer loop
      vertex 100.475 -6.445555336623376 15.399999999999999
      vertex 100.5952838037358 -6.421629400464857 15.399999999999999
      vertex 100.475 -61.60499999999999 15.399999999999999
    endloop
  endfacet
  facet normal 0 0 -1
    outer loop
      vertex 100.5952838037358 -6.421629400464857 15.399999999999999
      vertex 100.88017189443971 -6.32492292477596 15.399999999999999
      vertex 100.475 -61.60499999999999 15.399999999999999
    endloop
  endfacet
  facet normal 0 0 -1
    outer loop
      vertex 102.384 -11.884 15.399999999999999
      vertex 102.384 -23.116 15.399999999999999
      vertex 100.884 -45.184 15.399999999999999
    endloop
  endfacet
  facet normal 0 0 -1
    outer loop
      vertex 116.60000000000001 -1.4 15.399999999999999
      vertex 115.116 -45.184 15.399999999999999
      vertex 113.616 -23.116 15.399999999999999
    endloop
  endfacet
  facet normal 0 0 -1
    outer loop
      vertex 102.384 -23.116 15.399999999999999
      vertex 113.616 -23.116 15.399999999999999
      vertex 115.116 -45.184 15.399999999999999
    endloop
  endfacet
  facet normal 0 1 0
    outer loop
      vertex 37.87420171602333 -64.60000000000001 7.715
      vertex 71.7 -64.60000000000001 5.1
      vertex 116.60000000000001 -64.60000000000001 1.2000000000000002
    endloop
  endfacet
  facet normal 0 1 0
    outer loop
      vertex 42.12579828397667 -64.60000000000001 7.715
      vertex 71.7 -64.60000000000001 9.8
      vertex 71.7 -64.60000000000001 5.1
    endloop
  endfacet
  facet normal -1 0 0
    outer loop
      vertex 116.60000000000001 -1.4 1.2000000000000002
      vertex 116.60000000000001 -64.60000000000001 1.2000000000000002
      vertex 116.60000000000001 -64.60000000000001 15.399999999999999
    endloop
  endfacet
  facet normal 0 1 0
    outer loop
      vertex 116.60000000000001 -64.60000000000001 1.2000000000000002
      vertex 71.7 -64.60000000000001 5.1
      vertex 84.3 -64.60000000000001 5.1
    endloop
  endfacet
  facet normal 0 1 0
    outer loop
      vertex 116.60000000000001 -64.60000000000001 1.2000000000000002
      vertex 84.3 -64.60000000000001 5.1
      vertex 92.87420171602334 -64.60000000000001 7.715
    endloop
  endfacet
  facet normal 0 1 0
    outer loop
      vertex 92.87420171602334 -64.60000000000001 7.715
      vertex 84.3 -64.60000000000001 5.1
      vertex 92.87420171602334 -64.60000000000001 8.315
    endloop
  endfacet
  facet normal 0 1 0
    outer loop
      vertex 92.87420171602334 -64.60000000000001 8.315
      vertex 84.3 -64.60000000000001 5.1
      vertex 84.3 -64.60000000000001 9.8
    endloop
  endfacet
  facet normal 0 1 0
    outer loop
      vertex 92.87420171602334 -64.60000000000001 8.315
      vertex 84.3 -64.60000000000001 9.8
      vertex 97.12579828397666 -64.60000000000001 8.315
    endloop
  endfacet
  facet normal 0 1 0
    outer loop
      vertex 116.60000000000001 -64.60000000000001 1.2000000000000002
      vertex 92.87420171602334 -64.60000000000001 7.715
      vertex 97.12579828397666 -64.60000000000001 7.715
    endloop
  endfacet
  facet normal 0 1 0
    outer loop
      vertex 116.60000000000001 -64.60000000000001 1.2000000000000002
      vertex 97.12579828397666 -64.60000000000001 7.715
      vertex 116.60000000000001 -64.60000000000001 15.399999999999999
    endloop
  endfacet
  facet normal 0 1 0
    outer loop
      vertex -8.6 -64.60000000000001 15.399999999999999
      vertex 116.60000000000001 -64.60000000000001 15.399999999999999
      vertex 84.3 -64.60000000000001 9.8
    endloop
  endfacet
  facet normal 0 0 -1
    outer loop
      vertex 42.29377337103255 -61.60499999999999 15.399999999999999
      vertex 85.10186367080513 -61.60499999999999 15.399999999999999
      vertex 42.3 -61.7 15.399999999999999
    endloop
  endfacet
  facet normal 0 0 -1
    outer loop
      vertex 42.3 -61.7 15.399999999999999
      vertex 85.10186367080513 -61.60499999999999 15.399999999999999
      vertex 42.280323181159766 -62.00021024210612 15.399999999999999
    endloop
  endfacet
  facet normal 0 0 -1
    outer loop
      vertex 40.880171894439705 -63.82492292477596 15.399999999999999
      vertex 41.15 -63.69185842870421 15.399999999999999
      vertex 85.10186367080513 -61.60499999999999 15.399999999999999
    endloop
  endfacet
  facet normal 0 0 -1
    outer loop
      vertex 41.40015128672006 -63.52471268266984 15.399999999999999
      vertex 85.10186367080513 -61.60499999999999 15.399999999999999
      vertex 41.15 -63.69185842870421 15.399999999999999
    endloop
  endfacet
  facet normal 0 0 -1
    outer loop
      vertex 42.221629400464856 -62.2952838037358 15.399999999999999
      vertex 85.10186367080513 -61.60499999999999 15.399999999999999
      vertex 42.12492292477596 -62.58017189443971 15.399999999999999
    endloop
  endfacet
  facet normal 0 0 -1
    outer loop
      vertex 41.991858428704205 -62.85 15.399999999999999
      vertex 42.12492292477596 -62.58017189443971 15.399999999999999
      vertex 85.10186367080513 -61.60499999999999 15.399999999999999
    endloop
  endfacet
  facet normal 0 0 -1
    outer loop
      vertex 42.280323181159766 -62.00021024210612 15.399999999999999
      vertex 85.10186367080513 -61.60499999999999 15.399999999999999
      vertex 42.221629400464856 -62.2952838037358 15.399999999999999
    endloop
  endfacet
  facet normal 0 0 -1
    outer loop
      vertex 41.991858428704205 -62.85 15.399999999999999
      vertex 85.10186367080513 -61.60499999999999 15.399999999999999
      vertex 41.82471268266984 -63.10015128672006 15.399999999999999
    endloop
  endfacet
  facet normal 0 0 -1
    outer loop
      vertex 41.82471268266984 -63.10015128672006 15.399999999999999
      vertex 85.10186367080513 -61.60499999999999 15.399999999999999
      vertex 41.62634559672906 -63.32634559672906 15.399999999999999
    endloop
  endfacet
  facet normal 0 0 -1
    outer loop
      vertex 41.62634559672906 -63.32634559672906 15.399999999999999
      vertex 85.10186367080513 -61.60499999999999 15.399999999999999
      vertex 41.40015128672006 -63.52471268266984 15.399999999999999
    endloop
  endfacet
  facet normal 0 0 -1
    outer loop
      vertex 40.595283803735796 -63.92162940046486 15.399999999999999
      vertex 40.880171894439705 -63.82492292477596 15.399999999999999
      vertex 94.4047161962642 -63.92162940046486 15.399999999999999
    endloop
  endfacet
  facet normal 0 0 -1
    outer loop
      vertex 40 -64 15.399999999999999
      vertex 40.30021024210612 -63.98032318115977 15.399999999999999
      vertex 95 -64 15.399999999999999
    endloop
  endfacet
  facet normal 0 0 -1
    outer loop
      vertex 40.595283803735796 -63.92162940046486 15.399999999999999
      vertex 94.69978975789388 -63.98032318115977 15.399999999999999
      vertex 40.30021024210612 -63.98032318115977 15.399999999999999
    endloop
  endfacet
  facet normal 0 0 -1
    outer loop
      vertex -8.6 -64.60000000000001 15.399999999999999
      vertex 95 -64 15.399999999999999
      vertex 116.60000000000001 -64.60000000000001 15.399999999999999
    endloop
  endfacet
  facet normal 0 0 -1
    outer loop
      vertex 40.880171894439705 -63.82492292477596 15.399999999999999
      vertex 85.10186367080513 -61.60499999999999 15.399999999999999
      vertex 93.85 -63.69185842870421 15.399999999999999
    endloop
  endfacet
  facet normal 0 0 -1
    outer loop
      vertex 40.880171894439705 -63.82492292477596 15.399999999999999
      vertex 93.85 -63.69185842870421 15.399999999999999
      vertex 94.11982810556029 -63.82492292477596 15.399999999999999
    endloop
  endfacet
  facet normal 0 0 -1
    outer loop
      vertex 40.880171894439705 -63.82492292477596 15.399999999999999
      vertex 94.11982810556029 -63.82492292477596 15.399999999999999
      vertex 94.4047161962642 -63.92162940046486 15.399999999999999
    endloop
  endfacet
  facet normal 0 0 -1
    outer loop
      vertex 40.595283803735796 -63.92162940046486 15.399999999999999
      vertex 94.4047161962642 -63.92162940046486 15.399999999999999
      vertex 94.69978975789388 -63.98032318115977 15.399999999999999
    endloop
  endfacet
  facet normal 0 0 -1
    outer loop
      vertex 40.30021024210612 -63.98032318115977 15.399999999999999
      vertex 94.69978975789388 -63.98032318115977 15.399999999999999
      vertex 95 -64 15.399999999999999
    endloop
  endfacet
  facet normal 0 0 -1
    outer loop
      vertex 100.88017189443971 -6.32492292477596 15.399999999999999
      vertex 100.884 -45.184 15.399999999999999
      vertex 100.884 -59.416 15.399999999999999
    endloop
  endfacet
  facet normal 0 0 -1
    outer loop
      vertex 100.88017189443971 -6.32492292477596 15.399999999999999
      vertex 100.884 -59.416 15.399999999999999
      vertex 100.475 -61.60499999999999 15.399999999999999
    endloop
  endfacet
  facet normal 0 0 -1
    outer loop
      vertex 115.116 -45.184 15.399999999999999
      vertex 100.884 -45.184 15.399999999999999
      vertex 102.384 -23.116 15.399999999999999
    endloop
  endfacet
  facet normal 0 0 -1
    outer loop
      vertex 116.60000000000001 -1.4 15.399999999999999
      vertex 115.116 -59.416 15.399999999999999
      vertex 115.116 -45.184 15.399999999999999
    endloop
  endfacet
  facet normal 0 0 -1
    outer loop
      vertex 116.60000000000001 -1.4 15.399999999999999
      vertex 116.60000000000001 -64.60000000000001 15.399999999999999
      vertex 115.116 -59.416 15.399999999999999
    endloop
  endfacet
  facet normal 0 1 0
    outer loop
      vertex 97.12579828397666 -64.60000000000001 8.315
      vertex 84.3 -64.60000000000001 9.8
      vertex 116.60000000000001 -64.60000000000001 15.399999999999999
    endloop
  endfacet
  facet normal 0 1 0
    outer loop
      vertex 97.12579828397666 -64.60000000000001 7.715
      vertex 97.12579828397666 -64.60000000000001 8.315
      vertex 116.60000000000001 -64.60000000000001 15.399999999999999
    endloop
  endfacet
  facet normal 0 0 -1
    outer loop
      vertex 85.10186367080513 -61.60499999999999 15.399999999999999
      vertex 92.70622662896746 -61.60499999999999 15.399999999999999
      vertex 92.7 -61.7 15.399999999999999
    endloop
  endfacet
  facet normal 0 0 -1
    outer loop
      vertex 85.10186367080513 -61.60499999999999 15.399999999999999
      vertex 92.7 -61.7 15.399999999999999
      vertex 92.71967681884024 -62.00021024210612 15.399999999999999
    endloop
  endfacet
  facet normal 0 0 -1
    outer loop
      vertex 85.10186367080513 -61.60499999999999 15.399999999999999
      vertex 92.71967681884024 -62.00021024210612 15.399999999999999
      vertex 92.77837059953514 -62.2952838037358 15.399999999999999
    endloop
  endfacet
  facet normal 0 0 -1
    outer loop
      vertex 85.10186367080513 -61.60499999999999 15.399999999999999
      vertex 92.77837059953514 -62.2952838037358 15.399999999999999
      vertex 92.87507707522404 -62.58017189443971 15.399999999999999
    endloop
  endfacet
  facet normal 0 0 -1
    outer loop
      vertex 85.10186367080513 -61.60499999999999 15.399999999999999
      vertex 92.87507707522404 -62.58017189443971 15.399999999999999
      vertex 93.0081415712958 -62.85 15.399999999999999
    endloop
  endfacet
  facet normal 0 0 -1
    outer loop
      vertex 85.10186367080513 -61.60499999999999 15.399999999999999
      vertex 93.0081415712958 -62.85 15.399999999999999
      vertex 93.17528731733016 -63.10015128672006 15.399999999999999
    endloop
  endfacet
  facet normal 0 0 -1
    outer loop
      vertex 85.10186367080513 -61.60499999999999 15.399999999999999
      vertex 93.17528731733016 -63.10015128672006 15.399999999999999
      vertex 93.37365440327095 -63.32634559672906 15.399999999999999
    endloop
  endfacet
  facet normal 0 0 -1
    outer loop
      vertex 85.10186367080513 -61.60499999999999 15.399999999999999
      vertex 93.37365440327095 -63.32634559672906 15.399999999999999
      vertex 93.59984871327994 -63.52471268266984 15.399999999999999
    endloop
  endfacet
  facet normal 0 0 -1
    outer loop
      vertex 85.10186367080513 -61.60499999999999 15.399999999999999
      vertex 93.59984871327994 -63.52471268266984 15.399999999999999
      vertex 93.85 -63.69185842870421 15.399999999999999
    endloop
  endfacet
  facet normal 0 0 -1
    outer loop
      vertex 97.29377337103254 -61.60499999999999 15.399999999999999
      vertex 100.475 -61.60499999999999 15.399999999999999
      vertex 97.3 -61.7 15.399999999999999
    endloop
  endfacet
  facet normal 0 0 -1
    outer loop
      vertex 97.3 -61.7 15.399999999999999
      vertex 100.475 -61.60499999999999 15.399999999999999
      vertex 97.28032318115976 -62.00021024210612 15.399999999999999
    endloop
  endfacet
  facet normal 0 0 -1
    outer loop
      vertex 100.475 -61.60499999999999 15.399999999999999
      vertex 97.22162940046486 -62.2952838037358 15.399999999999999
      vertex 97.28032318115976 -62.00021024210612 15.399999999999999
    endloop
  endfacet
  facet normal 0 0 -1
    outer loop
      vertex 100.475 -61.60499999999999 15.399999999999999
      vertex 96.9918584287042 -62.85 15.399999999999999
      vertex 97.12492292477596 -62.58017189443971 15.399999999999999
    endloop
  endfacet
  facet normal 0 0 -1
    outer loop
      vertex 100.475 -61.60499999999999 15.399999999999999
      vertex 97.12492292477596 -62.58017189443971 15.399999999999999
      vertex 97.22162940046486 -62.2952838037358 15.399999999999999
    endloop
  endfacet
  facet normal 0 0 -1
    outer loop
      vertex 100.475 -61.60499999999999 15.399999999999999
      vertex 96.82471268266984 -63.10015128672006 15.399999999999999
      vertex 96.9918584287042 -62.85 15.399999999999999
    endloop
  endfacet
  facet normal 0 0 -1
    outer loop
      vertex 100.475 -61.60499999999999 15.399999999999999
      vertex 100.884 -59.416 15.399999999999999
      vertex 116.60000000000001 -64.60000000000001 15.399999999999999
    endloop
  endfacet
  facet normal 0 0 -1
    outer loop
      vertex 96.82471268266984 -63.10015128672006 15.399999999999999
      vertex 116.60000000000001 -64.60000000000001 15.399999999999999
      vertex 96.62634559672905 -63.32634559672906 15.399999999999999
    endloop
  endfacet
  facet normal 0 0 -1
    outer loop
      vertex 96.62634559672905 -63.32634559672906 15.399999999999999
      vertex 116.60000000000001 -64.60000000000001 15.399999999999999
      vertex 96.40015128672006 -63.52471268266984 15.399999999999999
    endloop
  endfacet
  facet normal 0 0 -1
    outer loop
      vertex 100.475 -61.60499999999999 15.399999999999999
      vertex 116.60000000000001 -64.60000000000001 15.399999999999999
      vertex 96.82471268266984 -63.10015128672006 15.399999999999999
    endloop
  endfacet
  facet normal 0 0 -1
    outer loop
      vertex 95 -64 15.399999999999999
      vertex 95.30021024210612 -63.98032318115977 15.399999999999999
      vertex 116.60000000000001 -64.60000000000001 15.399999999999999
    endloop
  endfacet
  facet normal 0 0 -1
    outer loop
      vertex 95.5952838037358 -63.92162940046486 15.399999999999999
      vertex 116.60000000000001 -64.60000000000001 15.399999999999999
      vertex 95.30021024210612 -63.98032318115977 15.399999999999999
    endloop
  endfacet
  facet normal 0 0 -1
    outer loop
      vertex 95.5952838037358 -63.92162940046486 15.399999999999999
      vertex 95.88017189443971 -63.82492292477596 15.399999999999999
      vertex 116.60000000000001 -64.60000000000001 15.399999999999999
    endloop
  endfacet
  facet normal 0 0 -1
    outer loop
      vertex 95.88017189443971 -63.82492292477596 15.399999999999999
      vertex 96.15 -63.69185842870421 15.399999999999999
      vertex 116.60000000000001 -64.60000000000001 15.399999999999999
    endloop
  endfacet
  facet normal 0 0 -1
    outer loop
      vertex 96.40015128672006 -63.52471268266984 15.399999999999999
      vertex 116.60000000000001 -64.60000000000001 15.399999999999999
      vertex 96.15 -63.69185842870421 15.399999999999999
    endloop
  endfacet
  facet normal 0 0 -1
    outer loop
      vertex 116.60000000000001 -64.60000000000001 15.399999999999999
      vertex 100.884 -59.416 15.399999999999999
      vertex 115.116 -59.416 15.399999999999999
    endloop
  endfacet
  facet normal 0 0 -1
    outer loop
      vertex -8.435045719146729 -0.8265866413712502 1.2000000000000002
      vertex -8.6 -1.4 1.2000000000000002
      vertex -8.828427121043205 -1.1715728789567947 1.2000000000000002
    endloop
  endfacet
  facet normal 0 0 -1
    outer loop
      vertex -9.17341335862875 -1.5649542808532715 1.2000000000000002
      vertex -8.828427121043205 -1.1715728789567947 1.2000000000000002
      vertex -8.6 -1.4 1.2000000000000002
    endloop
  endfacet
  facet normal 0 0 -1
    outer loop
      vertex -9.17341335862875 -1.5649542808532715 1.2000000000000002
      vertex -10 -4 1.2000000000000002
      vertex -9.464101612567902 -2 1.2000000000000002
    endloop
  endfacet
  facet normal 0 0 -1
    outer loop
      vertex -9.17341335862875 -1.5649542808532715 1.2000000000000002
      vertex -8.6 -1.4 1.2000000000000002
      vertex -10 -4 1.2000000000000002
    endloop
  endfacet
  facet normal 0 0 -1
    outer loop
      vertex -9.464101612567902 -2 1.2000000000000002
      vertex -10 -4 1.2000000000000002
      vertex -9.695518128573895 -2.4692662730813026 1.2000000000000002
    endloop
  endfacet
  facet normal 0 0 -1
    outer loop
      vertex -9.695518128573895 -2.4692662730813026 1.2000000000000002
      vertex -10 -4 1.2000000000000002
      vertex -9.863703303039074 -2.9647238180041313 1.2000000000000002
    endloop
  endfacet
  facet normal 0 0 -1
    outer loop
      vertex -9.863703303039074 -2.9647238180041313 1.2000000000000002
      vertex -10 -4 1.2000000000000002
      vertex -9.965779446065426 -3.4778952300548553 1.2000000000000002
    endloop
  endfacet
  facet normal 0 0 -1
    outer loop
      vertex -8.6 -1.4 1.2000000000000002
      vertex -8.6 -64.60000000000001 1.2000000000000002
      vertex -10 -4 1.2000000000000002
    endloop
  endfacet
  facet normal 0 0 -1
    outer loop
      vertex -8.435045719146729 -0.8265866413712502 1.2000000000000002
      vertex -8 -0.5358983874320984 1.2000000000000002
      vertex 114 0 1.2000000000000002
    endloop
  endfacet
  facet normal 0 0 -1
    outer loop
      vertex -7.530733726918697 -0.3044818714261055 1.2000000000000002
      vertex 114 0 1.2000000000000002
      vertex -8 -0.5358983874320984 1.2000000000000002
    endloop
  endfacet
  facet normal 0 0 -1
    outer loop
      vertex -8.435045719146729 -0.8265866413712502 1.2000000000000002
      vertex 114 0 1.2000000000000002
      vertex -8.6 -1.4 1.2000000000000002
    endloop
  endfacet
  facet normal 0 0 -1
    outer loop
      vertex -7.530733726918697 -0.3044818714261055 1.2000000000000002
      vertex -7.035276181995869 -0.13629669696092606 1.2000000000000002
      vertex 114 0 1.2000000000000002
    endloop
  endfacet
  facet normal 0 0 -1
    outer loop
      vertex -7.035276181995869 -0.13629669696092606 1.2000000000000002
      vertex -6.522104769945145 -0.03422055393457413 1.2000000000000002
      vertex 114 0 1.2000000000000002
    endloop
  endfacet
  facet normal 0 0 -1
    outer loop
      vertex -6.522104769945145 -0.03422055393457413 1.2000000000000002
      vertex -6 0 1.2000000000000002
      vertex 114 0 1.2000000000000002
    endloop
  endfacet
  facet normal 0 0 -1
    outer loop
      vertex -10 -4 1.2000000000000002
      vertex -9.965779446065426 -62.522104769945145 1.2000000000000002
      vertex -10 -62 1.2000000000000002
    endloop
  endfacet
  facet normal 0 0 -1
    outer loop
      vertex -10 -4 1.2000000000000002
      vertex -9.863703303039074 -63.03527618199587 1.2000000000000002
      vertex -9.965779446065426 -62.522104769945145 1.2000000000000002
    endloop
  endfacet
  facet normal 0 0 -1
    outer loop
      vertex -10 -4 1.2000000000000002
      vertex -9.695518128573895 -63.5307337269187 1.2000000000000002
      vertex -9.863703303039074 -63.03527618199587 1.2000000000000002
    endloop
  endfacet
  facet normal 0 0 -1
    outer loop
      vertex -10 -4 1.2000000000000002
      vertex -9.464101612567902 -64 1.2000000000000002
      vertex -9.695518128573895 -63.5307337269187 1.2000000000000002
    endloop
  endfacet
  facet normal 0 0 -1
    outer loop
      vertex -10 -4 1.2000000000000002
      vertex -9.17341335862875 -64.43504571914673 1.2000000000000002
      vertex -9.464101612567902 -64 1.2000000000000002
    endloop
  endfacet
  facet normal 0 0 -1
    outer loop
      vertex -10 -4 1.2000000000000002
      vertex -8.6 -64.60000000000001 1.2000000000000002
      vertex -9.17341335862875 -64.43504571914673 1.2000000000000002
    endloop
  endfacet
  facet normal 0 0 -1
    outer loop
      vertex -9.17341335862875 -64.43504571914673 1.2000000000000002
      vertex -8.6 -64.60000000000001 1.2000000000000002
      vertex -8.828427121043205 -64.8284271210432 1.2000000000000002
    endloop
  endfacet
  facet normal 0 0 -1
    outer loop
      vertex -8.6 -64.60000000000001 1.2000000000000002
      vertex -8.435045719146729 -65.17341335862875 1.2000000000000002
      vertex -8.828427121043205 -64.8284271210432 1.2000000000000002
    endloop
  endfacet
  facet normal 0 0 -1
    outer loop
      vertex -8.6 -64.60000000000001 1.2000000000000002
      vertex -6 -66 1.2000000000000002
      vertex -8.435045719146729 -65.17341335862875 1.2000000000000002
    endloop
  endfacet
  facet normal 0 0 -1
    outer loop
      vertex -8.435045719146729 -65.17341335862875 1.2000000000000002
      vertex -6 -66 1.2000000000000002
      vertex -8 -65.4641016125679 1.2000000000000002
    endloop
  endfacet
  facet normal 0 0 -1
    outer loop
      vertex -8 -65.4641016125679 1.2000000000000002
      vertex -6 -66 1.2000000000000002
      vertex -7.530733726918697 -65.6955181285739 1.2000000000000002
    endloop
  endfacet
  facet normal 0 0 -1
    outer loop
      vertex -7.530733726918697 -65.6955181285739 1.2000000000000002
      vertex -6 -66 1.2000000000000002
      vertex -7.035276181995869 -65.86370330303907 1.2000000000000002
    endloop
  endfacet
  facet normal 0 0 -1
    outer loop
      vertex -7.035276181995869 -65.86370330303907 1.2000000000000002
      vertex -6 -66 1.2000000000000002
      vertex -6.522104769945145 -65.96577944606543 1.2000000000000002
    endloop
  endfacet
  facet normal 0 0 -1
    outer loop
      vertex -8.6 -64.60000000000001 1.2000000000000002
      vertex 116.60000000000001 -64.60000000000001 1.2000000000000002
      vertex -6 -66 1.2000000000000002
    endloop
  endfacet
  facet normal 0 0 -1
    outer loop
      vertex -8.6 -1.4 1.2000000000000002
      vertex 114 0 1.2000000000000002
      vertex 116.60000000000001 -1.4 1.2000000000000002
    endloop
  endfacet
  facet normal 0 0 -1
    outer loop
      vertex 114 0 1.2000000000000002
      vertex 114.52210476994514 -0.03422055393457413 1.2000000000000002
      vertex 115.03527618199587 -0.13629669696092606 1.2000000000000002
    endloop
  endfacet
  facet normal 0 0 -1
    outer loop
      vertex 114 0 1.2000000000000002
      vertex 115.03527618199587 -0.13629669696092606 1.2000000000000002
      vertex 115.5307337269187 -0.3044818714261055 1.2000000000000002
    endloop
  endfacet
  facet normal 0 0 -1
    outer loop
      vertex 114 0 1.2000000000000002
      vertex 115.5307337269187 -0.3044818714261055 1.2000000000000002
      vertex 116 -0.5358983874320984 1.2000000000000002
    endloop
  endfacet
  facet normal 0 0 -1
    outer loop
      vertex 114 0 1.2000000000000002
      vertex 116 -0.5358983874320984 1.2000000000000002
      vertex 116.40397102492196 -0.8058231946613107 1.2000000000000002
    endloop
  endfacet
  facet normal 0 0 -1
    outer loop
      vertex 114 0 1.2000000000000002
      vertex 116.40397102492196 -0.8058231946613107 1.2000000000000002
      vertex 116.43504571914673 -0.8265866413712502 1.2000000000000002
    endloop
  endfacet
  facet normal 0 0 -1
    outer loop
      vertex 114 0 1.2000000000000002
      vertex 116.43504571914673 -0.8265866413712502 1.2000000000000002
      vertex 116.60000000000001 -1.4 1.2000000000000002
    endloop
  endfacet
  facet normal 0 0 -1
    outer loop
      vertex 116.43504571914673 -0.8265866413712502 1.2000000000000002
      vertex 116.8284271210432 -1.1715728789567987 1.2000000000000002
      vertex 116.60000000000001 -1.4 1.2000000000000002
    endloop
  endfacet
  facet normal 0 0 -1
    outer loop
      vertex 116.8284271210432 -1.1715728789567987 1.2000000000000002
      vertex 117.17341335862875 -1.5649542808532715 1.2000000000000002
      vertex 116.60000000000001 -1.4 1.2000000000000002
    endloop
  endfacet
  facet normal 0 0 -1
    outer loop
      vertex 116.60000000000001 -1.4 1.2000000000000002
      vertex 117.17341335862875 -1.5649542808532715 1.2000000000000002
      vertex 118 -62 1.2000000000000002
    endloop
  endfacet
  facet normal 0 0 -1
    outer loop
      vertex 117.17341335862875 -1.5649542808532715 1.2000000000000002
      vertex 117.4641016125679 -2 1.2000000000000002
      vertex 118 -62 1.2000000000000002
    endloop
  endfacet
  facet normal 0 0 -1
    outer loop
      vertex 117.4641016125679 -2 1.2000000000000002
      vertex 117.6955181285739 -2.4692662730813026 1.2000000000000002
      vertex 118 -62 1.2000000000000002
    endloop
  endfacet
  facet normal 0 0 -1
    outer loop
      vertex 117.6955181285739 -2.4692662730813026 1.2000000000000002
      vertex 117.86370330303907 -2.9647238180041313 1.2000000000000002
      vertex 118 -62 1.2000000000000002
    endloop
  endfacet
  facet normal 0 0 -1
    outer loop
      vertex 117.86370330303907 -2.9647238180041313 1.2000000000000002
      vertex 117.96577944606543 -3.4778952300548553 1.2000000000000002
      vertex 118 -62 1.2000000000000002
    endloop
  endfacet
  facet normal 0 0 -1
    outer loop
      vertex 117.96577944606543 -3.4778952300548553 1.2000000000000002
      vertex 118 -4 1.2000000000000002
      vertex 118 -62 1.2000000000000002
    endloop
  endfacet
  facet normal 0 0 -1
    outer loop
      vertex -6 -66 1.2000000000000002
      vertex 114.52210476994514 -65.96577944606543 1.2000000000000002
      vertex 114 -66 1.2000000000000002
    endloop
  endfacet
  facet normal 0 0 -1
    outer loop
      vertex -6 -66 1.2000000000000002
      vertex 115.03527618199587 -65.86370330303907 1.2000000000000002
      vertex 114.52210476994514 -65.96577944606543 1.2000000000000002
    endloop
  endfacet
  facet normal 0 0 -1
    outer loop
      vertex -6 -66 1.2000000000000002
      vertex 115.5307337269187 -65.6955181285739 1.2000000000000002
      vertex 115.03527618199587 -65.86370330303907 1.2000000000000002
    endloop
  endfacet
  facet normal 0 0 -1
    outer loop
      vertex -6 -66 1.2000000000000002
      vertex 116.60000000000001 -64.60000000000001 1.2000000000000002
      vertex 116.43504571914673 -65.17341335862875 1.2000000000000002
    endloop
  endfacet
  facet normal 0 0 -1
    outer loop
      vertex -6 -66 1.2000000000000002
      vertex 116 -65.4641016125679 1.2000000000000002
      vertex 115.5307337269187 -65.6955181285739 1.2000000000000002
    endloop
  endfacet
  facet normal 0 0 -1
    outer loop
      vertex -6 -66 1.2000000000000002
      vertex 116.43504571914673 -65.17341335862875 1.2000000000000002
      vertex 116 -65.4641016125679 1.2000000000000002
    endloop
  endfacet
  facet normal 0 0 -1
    outer loop
      vertex 116.60000000000001 -1.4 1.2000000000000002
      vertex 118 -62 1.2000000000000002
      vertex 116.60000000000001 -64.60000000000001 1.2000000000000002
    endloop
  endfacet
  facet normal 0 0 -1
    outer loop
      vertex 118 -62 1.2000000000000002
      vertex 117.96577944606543 -62.522104769945145 1.2000000000000002
      vertex 117.86370330303907 -63.03527618199587 1.2000000000000002
    endloop
  endfacet
  facet normal 0 0 -1
    outer loop
      vertex 118 -62 1.2000000000000002
      vertex 117.86370330303907 -63.03527618199587 1.2000000000000002
      vertex 117.6955181285739 -63.5307337269187 1.2000000000000002
    endloop
  endfacet
  facet normal 0 0 -1
    outer loop
      vertex 118 -62 1.2000000000000002
      vertex 117.6955181285739 -63.5307337269187 1.2000000000000002
      vertex 117.4641016125679 -64 1.2000000000000002
    endloop
  endfacet
  facet normal 0 0 -1
    outer loop
      vertex 118 -62 1.2000000000000002
      vertex 117.17341335862875 -64.43504571914673 1.2000000000000002
      vertex 116.60000000000001 -64.60000000000001 1.2000000000000002
    endloop
  endfacet
  facet normal 0 0 -1
    outer loop
      vertex 118 -62 1.2000000000000002
      vertex 117.4641016125679 -64 1.2000000000000002
      vertex 117.17341335862875 -64.43504571914673 1.2000000000000002
    endloop
  endfacet
  facet normal 0 0 -1
    outer loop
      vertex 116.60000000000001 -64.60000000000001 1.2000000000000002
      vertex 117.17341335862875 -64.43504571914673 1.2000000000000002
      vertex 116.8284271210432 -64.8284271210432 1.2000000000000002
    endloop
  endfacet
  facet normal 0 0 -1
    outer loop
      vertex 116.60000000000001 -64.60000000000001 1.2000000000000002
      vertex 116.8284271210432 -64.8284271210432 1.2000000000000002
      vertex 116.43504571914673 -65.17341335862875 1.2000000000000002
    endloop
  endfacet
  facet normal 0 0 -1
    outer loop
      vertex 93.85 -59.7081415712958 5.85
      vertex 94.05302347917593 -61.30774948182579 5.85
      vertex 94.0099260280537 -61.43471047876992 5.85
    endloop
  endfacet
  facet normal 0 0 -1
    outer loop
      vertex 92.87507707522404 -60.8198281055603 5.85
      vertex 93.0081415712958 -60.550000000000004 5.85
      vertex 93.0081415712958 -62.85 5.85
    endloop
  endfacet
  facet normal 0 0 -1
    outer loop
      vertex 92.87507707522404 -60.8198281055603 5.85
      vertex 92.87507707522404 -62.58017189443971 5.85
      vertex 92.77837059953514 -61.10471619626421 5.85
    endloop
  endfacet
  facet normal 0 0 -1
    outer loop
      vertex 92.77837059953514 -61.10471619626421 5.85
      vertex 92.77837059953514 -62.2952838037358 5.85
      vertex 92.71967681884024 -61.399789757893885 5.85
    endloop
  endfacet
  facet normal 0 0 -1
    outer loop
      vertex 92.71967681884024 -61.399789757893885 5.85
      vertex 92.71967681884024 -62.00021024210612 5.85
      vertex 92.7 -61.7 5.85
    endloop
  endfacet
  facet normal 0 0 -1
    outer loop
      vertex 93.17528731733016 -60.29984871327994 5.85
      vertex 93.17528731733016 -63.10015128672006 5.85
      vertex 93.0081415712958 -60.550000000000004 5.85
    endloop
  endfacet
  facet normal 0 0 -1
    outer loop
      vertex 93.17528731733016 -60.29984871327994 5.85
      vertex 93.37365440327095 -60.07365440327094 5.85
      vertex 93.37365440327095 -63.32634559672906 5.85
    endloop
  endfacet
  facet normal 0 0 -1
    outer loop
      vertex 93.85 -59.7081415712958 5.85
      vertex 94.0099260280537 -61.43471047876992 5.85
      vertex 93.98376901709184 -61.56621065297445 5.85
    endloop
  endfacet
  facet normal 0 0 -1
    outer loop
      vertex 93.85 -59.7081415712958 5.85
      vertex 93.85 -63.69185842870421 5.85
      vertex 93.59984871327994 -59.87528731733016 5.85
    endloop
  endfacet
  facet normal 0 0 -1
    outer loop
      vertex 93.85 -59.7081415712958 5.85
      vertex 93.98376901709184 -61.56621065297445 5.85
      vertex 93.975 -61.7 5.85
    endloop
  endfacet
  facet normal 0 0 -1
    outer loop
      vertex 93.37365440327095 -60.07365440327094 5.85
      vertex 93.59984871327994 -59.87528731733016 5.85
      vertex 93.59984871327994 -63.52471268266984 5.85
    endloop
  endfacet
  facet normal 0 0 -1
    outer loop
      vertex 93.85 -59.7081415712958 5.85
      vertex 93.975 -61.7 5.85
      vertex 93.85 -63.69185842870421 5.85
    endloop
  endfacet
  facet normal -0.4422886902190092 0.8968727415326844 0
    outer loop
      vertex 93.85 -59.7081415712958 5.85
      vertex 93.85 -59.7081415712958 7.715
      vertex 94.11982810556029 -59.575077075224044 5.85
    endloop
  endfacet
  facet normal -0.8968727415326844 0.4422886902190092 0
    outer loop
      vertex 92.87507707522404 -60.8198281055603 5.85
      vertex 92.87507707522404 -60.8198281055603 7.715
      vertex 93.0081415712958 -60.550000000000004 5.85
    endloop
  endfacet
  facet normal -0.6593458151000834 0.7518398074789646 0
    outer loop
      vertex 93.37365440327095 -60.07365440327094 5.85
      vertex 93.37365440327095 -60.07365440327094 7.715
      vertex 93.59984871327994 -59.87528731733016 5.85
    endloop
  endfacet
  facet normal -0.7518398074789633 0.659345815100085 0
    outer loop
      vertex 93.17528731733016 -60.29984871327994 5.85
      vertex 93.17528731733016 -60.29984871327994 7.715
      vertex 93.37365440327095 -60.07365440327094 5.85
    endloop
  endfacet
  facet normal -0.5555702330195988 0.8314696123025475 0
    outer loop
      vertex 93.85 -59.7081415712958 5.85
      vertex 93.59984871327994 -59.87528731733016 5.85
      vertex 93.59984871327994 -59.87528731733016 7.715
    endloop
  endfacet
  facet normal -0.8314696123025547 0.5555702330195879 0
    outer loop
      vertex 93.17528731733016 -60.29984871327994 5.85
      vertex 93.0081415712958 -60.550000000000004 5.85
      vertex 93.0081415712958 -60.550000000000004 7.715
    endloop
  endfacet
  facet normal -0.9469301294950986 0.32143946530318207 0
    outer loop
      vertex 92.87507707522404 -60.8198281055603 5.85
      vertex 92.77837059953514 -61.10471619626421 5.85
      vertex 92.77837059953514 -61.10471619626421 7.715
    endloop
  endfacet
  facet normal -0.9807852804032376 0.19509032201609172 0
    outer loop
      vertex 92.77837059953514 -61.10471619626421 5.85
      vertex 92.71967681884024 -61.399789757893885 5.85
      vertex 92.71967681884024 -61.399789757893885 7.715
    endloop
  endfacet
  facet normal -0.9978589232386029 0.06540312923015211 0
    outer loop
      vertex 92.71967681884024 -61.399789757893885 5.85
      vertex 92.7 -61.7 5.85
      vertex 92.7 -61.7 7.715
    endloop
  endfacet
  facet normal 0 0 -1
    outer loop
      vertex 92.71967681884024 -61.399789757893885 5.85
      vertex 92.77837059953514 -62.2952838037358 5.85
      vertex 92.71967681884024 -62.00021024210612 5.85
    endloop
  endfacet
  facet normal 0 0 -1
    outer loop
      vertex 92.77837059953514 -61.10471619626421 5.85
      vertex 92.87507707522404 -62.58017189443971 5.85
      vertex 92.77837059953514 -62.2952838037358 5.85
    endloop
  endfacet
  facet normal 0 0 -1
    outer loop
      vertex 92.87507707522404 -60.8198281055603 5.85
      vertex 93.0081415712958 -62.85 5.85
      vertex 92.87507707522404 -62.58017189443971 5.85
    endloop
  endfacet
  facet normal 0 0 -1
    outer loop
      vertex 93.0081415712958 -60.550000000000004 5.85
      vertex 93.17528731733016 -63.10015128672006 5.85
      vertex 93.0081415712958 -62.85 5.85
    endloop
  endfacet
  facet normal 0 0 -1
    outer loop
      vertex 93.17528731733016 -60.29984871327994 5.85
      vertex 93.37365440327095 -63.32634559672906 5.85
      vertex 93.17528731733016 -63.10015128672006 5.85
    endloop
  endfacet
  facet normal 0 0 -1
    outer loop
      vertex 93.37365440327095 -60.07365440327094 5.85
      vertex 93.59984871327994 -63.52471268266984 5.85
      vertex 93.37365440327095 -63.32634559672906 5.85
    endloop
  endfacet
  facet normal 0 0 -1
    outer loop
      vertex 93.59984871327994 -59.87528731733016 5.85
      vertex 93.85 -63.69185842870421 5.85
      vertex 93.59984871327994 -63.52471268266984 5.85
    endloop
  endfacet
  facet normal 0 0 -1
    outer loop
      vertex 93.975 -61.7 5.85
      vertex 93.98376901709184 -61.83378934702556 5.85
      vertex 93.85 -63.69185842870421 5.85
    endloop
  endfacet
  facet normal 0 0 -1
    outer loop
      vertex 93.98376901709184 -61.83378934702556 5.85
      vertex 94.11982810556029 -63.82492292477596 5.85
      vertex 93.85 -63.69185842870421 5.85
    endloop
  endfacet
  facet normal -0.9978589232386029 -0.06540312923015211 0
    outer loop
      vertex 92.7 -61.7 5.85
      vertex 92.71967681884024 -62.00021024210612 5.85
      vertex 92.71967681884024 -62.00021024210612 7.715
    endloop
  endfacet
  facet normal -0.9807852804032376 -0.19509032201609172 0
    outer loop
      vertex 92.71967681884024 -62.00021024210612 5.85
      vertex 92.77837059953514 -62.2952838037358 5.85
      vertex 92.77837059953514 -62.2952838037358 7.715
    endloop
  endfacet
  facet normal -0.9469301294950986 -0.32143946530318207 0
    outer loop
      vertex 92.77837059953514 -62.2952838037358 5.85
      vertex 92.87507707522404 -62.58017189443971 5.85
      vertex 92.87507707522404 -62.58017189443971 7.715
    endloop
  endfacet
  facet normal -0.8968727415326844 -0.4422886902190092 0
    outer loop
      vertex 92.87507707522404 -62.58017189443971 5.85
      vertex 93.0081415712958 -62.85 5.85
      vertex 93.0081415712958 -62.85 7.715
    endloop
  endfacet
  facet normal -0.8314696123025547 -0.5555702330195879 0
    outer loop
      vertex 93.0081415712958 -62.85 5.85
      vertex 93.17528731733016 -63.10015128672006 5.85
      vertex 93.17528731733016 -63.10015128672006 7.715
    endloop
  endfacet
  facet normal -0.7518398074789633 -0.659345815100085 0
    outer loop
      vertex 93.17528731733016 -63.10015128672006 5.85
      vertex 93.37365440327095 -63.32634559672906 5.85
      vertex 93.37365440327095 -63.32634559672906 7.715
    endloop
  endfacet
  facet normal -0.6593458151000834 -0.7518398074789646 0
    outer loop
      vertex 93.37365440327095 -63.32634559672906 5.85
      vertex 93.59984871327994 -63.52471268266984 5.85
      vertex 93.59984871327994 -63.52471268266984 7.715
    endloop
  endfacet
  facet normal -0.5555702330195988 -0.8314696123025475 0
    outer loop
      vertex 93.59984871327994 -63.52471268266984 5.85
      vertex 93.85 -63.69185842870421 5.85
      vertex 93.85 -63.69185842870421 7.715
    endloop
  endfacet
  facet normal 0 0 -1
    outer loop
      vertex 94.4047161962642 -59.47837059953515 5.85
      vertex 94.4875 -60.81232396112095 5.85
      vertex 94.11982810556029 -59.575077075224044 5.85
    endloop
  endfacet
  facet normal 0 0 -1
    outer loop
      vertex 93.85 -59.7081415712958 5.85
      vertex 94.11982810556029 -59.575077075224044 5.85
      vertex 94.18681282620149 -61.07601953526606 5.85
    endloop
  endfacet
  facet normal 0 0 -1
    outer loop
      vertex 94.4047161962642 -59.47837059953515 5.85
      vertex 94.69978975789388 -59.41967681884024 5.85
      vertex 94.73471047876991 -60.70992602805371 5.85
    endloop
  endfacet
  facet normal 0 0 -1
    outer loop
      vertex 94.69978975789388 -59.41967681884024 5.85
      vertex 95 -59.400000000000006 5.85
      vertex 94.86621065297444 -60.68376901709185 5.85
    endloop
  endfacet
  facet normal 0 0 -1
    outer loop
      vertex 94.4047161962642 -59.47837059953515 5.85
      vertex 94.73471047876991 -60.70992602805371 5.85
      vertex 94.60774948182578 -60.75302347917594 5.85
    endloop
  endfacet
  facet normal 0 0 -1
    outer loop
      vertex 94.69978975789388 -59.41967681884024 5.85
      vertex 94.86621065297444 -60.68376901709185 5.85
      vertex 94.73471047876991 -60.70992602805371 5.85
    endloop
  endfacet
  facet normal 0 0 -1
    outer loop
      vertex 95 -59.400000000000006 5.85
      vertex 95 -60.675000000000004 5.85
      vertex 94.86621065297444 -60.68376901709185 5.85
    endloop
  endfacet
  facet normal 0 0 -1
    outer loop
      vertex 94.11982810556029 -59.575077075224044 5.85
      vertex 94.27521554928379 -60.97521554928379 5.85
      vertex 94.18681282620149 -61.07601953526606 5.85
    endloop
  endfacet
  facet normal 0 0 -1
    outer loop
      vertex 94.11982810556029 -59.575077075224044 5.85
      vertex 94.4875 -60.81232396112095 5.85
      vertex 94.37601953526607 -60.886812826201485 5.85
    endloop
  endfacet
  facet normal 0 0 -1
    outer loop
      vertex 94.4047161962642 -59.47837059953515 5.85
      vertex 94.60774948182578 -60.75302347917594 5.85
      vertex 94.4875 -60.81232396112095 5.85
    endloop
  endfacet
  facet normal 0 0 -1
    outer loop
      vertex 94.11982810556029 -59.575077075224044 5.85
      vertex 94.37601953526607 -60.886812826201485 5.85
      vertex 94.27521554928379 -60.97521554928379 5.85
    endloop
  endfacet
  facet normal 0 0 -1
    outer loop
      vertex 93.85 -59.7081415712958 5.85
      vertex 94.18681282620149 -61.07601953526606 5.85
      vertex 94.11232396112095 -61.1875 5.85
    endloop
  endfacet
  facet normal 0 0 -1
    outer loop
      vertex 93.85 -59.7081415712958 5.85
      vertex 94.11232396112095 -61.1875 5.85
      vertex 94.05302347917593 -61.30774948182579 5.85
    endloop
  endfacet
  facet normal 0 0 -1
    outer loop
      vertex 95 -59.400000000000006 5.85
      vertex 95.30021024210612 -59.41967681884024 5.85
      vertex 95.13378934702556 -60.68376901709185 5.85
    endloop
  endfacet
  facet normal 0 0 -1
    outer loop
      vertex 95.30021024210612 -59.41967681884024 5.85
      vertex 95.5952838037358 -59.47837059953515 5.85
      vertex 95.39225051817422 -60.75302347917594 5.85
    endloop
  endfacet
  facet normal 0 0 -1
    outer loop
      vertex 95 -59.400000000000006 5.85
      vertex 95.13378934702556 -60.68376901709185 5.85
      vertex 95 -60.675000000000004 5.85
    endloop
  endfacet
  facet normal 0 0 -1
    outer loop
      vertex 95.30021024210612 -59.41967681884024 5.85
      vertex 95.26528952123009 -60.70992602805371 5.85
      vertex 95.13378934702556 -60.68376901709185 5.85
    endloop
  endfacet
  facet normal 0 0 -1
    outer loop
      vertex 95.30021024210612 -59.41967681884024 5.85
      vertex 95.39225051817422 -60.75302347917594 5.85
      vertex 95.26528952123009 -60.70992602805371 5.85
    endloop
  endfacet
  facet normal 0 0 -1
    outer loop
      vertex 95.5952838037358 -59.47837059953515 5.85
      vertex 95.88017189443971 -59.575077075224044 5.85
      vertex 95.72478445071621 -60.97521554928379 5.85
    endloop
  endfacet
  facet normal 0 0 -1
    outer loop
      vertex 95.5952838037358 -59.47837059953515 5.85
      vertex 95.5125 -60.81232396112095 5.85
      vertex 95.39225051817422 -60.75302347917594 5.85
    endloop
  endfacet
  facet normal 0 0 -1
    outer loop
      vertex 95.5952838037358 -59.47837059953515 5.85
      vertex 95.62398046473393 -60.886812826201485 5.85
      vertex 95.5125 -60.81232396112095 5.85
    endloop
  endfacet
  facet normal 0 0 -1
    outer loop
      vertex 95.5952838037358 -59.47837059953515 5.85
      vertex 95.72478445071621 -60.97521554928379 5.85
      vertex 95.62398046473393 -60.886812826201485 5.85
    endloop
  endfacet
  facet normal 0 0 -1
    outer loop
      vertex 95.88017189443971 -59.575077075224044 5.85
      vertex 95.81318717379851 -61.07601953526606 5.85
      vertex 95.72478445071621 -60.97521554928379 5.85
    endloop
  endfacet
  facet normal 0 0 -1
    outer loop
      vertex 95.88017189443971 -59.575077075224044 5.85
      vertex 95.88767603887905 -61.1875 5.85
      vertex 95.81318717379851 -61.07601953526606 5.85
    endloop
  endfacet
  facet normal 0 0 -1
    outer loop
      vertex 95.88017189443971 -59.575077075224044 5.85
      vertex 95.94697652082407 -61.30774948182579 5.85
      vertex 95.88767603887905 -61.1875 5.85
    endloop
  endfacet
  facet normal 0 0 -1
    outer loop
      vertex 95.88017189443971 -59.575077075224044 5.85
      vertex 95.9900739719463 -61.43471047876992 5.85
      vertex 95.94697652082407 -61.30774948182579 5.85
    endloop
  endfacet
  facet normal 0 0 -1
    outer loop
      vertex 95.88017189443971 -59.575077075224044 5.85
      vertex 96.01623098290816 -61.56621065297445 5.85
      vertex 95.9900739719463 -61.43471047876992 5.85
    endloop
  endfacet
  facet normal 0 0 -1
    outer loop
      vertex 95.88017189443971 -59.575077075224044 5.85
      vertex 96.15 -59.7081415712958 5.85
      vertex 96.01623098290816 -61.56621065297445 5.85
    endloop
  endfacet
  facet normal 0 0 -1
    outer loop
      vertex 96.15 -59.7081415712958 5.85
      vertex 96.025 -61.7 5.85
      vertex 96.01623098290816 -61.56621065297445 5.85
    endloop
  endfacet
  facet normal 0 0 -1
    outer loop
      vertex 96.15 -59.7081415712958 5.85
      vertex 96.40015128672006 -59.87528731733016 5.85
      vertex 96.40015128672006 -63.52471268266984 5.85
    endloop
  endfacet
  facet normal 0 0 -1
    outer loop
      vertex 96.40015128672006 -59.87528731733016 5.85
      vertex 96.62634559672905 -60.07365440327094 5.85
      vertex 96.62634559672905 -63.32634559672906 5.85
    endloop
  endfacet
  facet normal 0 0 -1
    outer loop
      vertex 96.62634559672905 -60.07365440327094 5.85
      vertex 96.82471268266984 -60.29984871327994 5.85
      vertex 96.82471268266984 -63.10015128672006 5.85
    endloop
  endfacet
  facet normal 0 0 -1
    outer loop
      vertex 96.82471268266984 -60.29984871327994 5.85
      vertex 96.9918584287042 -60.550000000000004 5.85
      vertex 96.9918584287042 -62.85 5.85
    endloop
  endfacet
  facet normal 0 0 -1
    outer loop
      vertex 96.15 -59.7081415712958 5.85
      vertex 96.15 -63.69185842870421 5.85
      vertex 96.025 -61.7 5.85
    endloop
  endfacet
  facet normal 0 0 -1
    outer loop
      vertex 96.9918584287042 -60.550000000000004 5.85
      vertex 97.12492292477596 -60.8198281055603 5.85
      vertex 97.12492292477596 -62.58017189443971 5.85
    endloop
  endfacet
  facet normal 0 0 -1
    outer loop
      vertex 97.12492292477596 -60.8198281055603 5.85
      vertex 97.22162940046486 -61.10471619626421 5.85
      vertex 97.22162940046486 -62.2952838037358 5.85
    endloop
  endfacet
  facet normal 0 0 -1
    outer loop
      vertex 97.22162940046486 -61.10471619626421 5.85
      vertex 97.28032318115976 -61.399789757893885 5.85
      vertex 97.28032318115976 -62.00021024210612 5.85
    endloop
  endfacet
  facet normal 0 0 -1
    outer loop
      vertex 97.22162940046486 -61.10471619626421 5.85
      vertex 97.28032318115976 -62.00021024210612 5.85
      vertex 97.22162940046486 -62.2952838037358 5.85
    endloop
  endfacet
  facet normal 0 0 -1
    outer loop
      vertex 97.28032318115976 -61.399789757893885 5.85
      vertex 97.3 -61.7 5.85
      vertex 97.28032318115976 -62.00021024210612 5.85
    endloop
  endfacet
  facet normal -0.32143946530315365 0.9469301294951082 0
    outer loop
      vertex 94.4047161962642 -59.47837059953515 5.85
      vertex 94.11982810556029 -59.575077075224044 5.85
      vertex 94.11982810556029 -59.575077075224044 7.715
    endloop
  endfacet
  facet normal -0.19509032201613716 0.9807852804032287 0
    outer loop
      vertex 94.4047161962642 -59.47837059953515 5.85
      vertex 94.4047161962642 -59.47837059953515 7.715
      vertex 94.69978975789388 -59.41967681884024 5.85
    endloop
  endfacet
  facet normal -0.0654031292301286 0.9978589232386045 0
    outer loop
      vertex 94.69978975789388 -59.41967681884024 5.85
      vertex 94.69978975789388 -59.41967681884024 7.715
      vertex 95 -59.400000000000006 5.85
    endloop
  endfacet
  facet normal 0.0654031292301286 0.9978589232386045 0
    outer loop
      vertex 95 -59.400000000000006 5.85
      vertex 95 -59.400000000000006 7.715
      vertex 95.30021024210612 -59.41967681884024 5.85
    endloop
  endfacet
  facet normal 0.19509032201613716 0.9807852804032287 0
    outer loop
      vertex 95.30021024210612 -59.41967681884024 5.85
      vertex 95.30021024210612 -59.41967681884024 7.715
      vertex 95.5952838037358 -59.47837059953515 5.85
    endloop
  endfacet
  facet normal 0.32143946530315365 0.9469301294951082 0
    outer loop
      vertex 95.5952838037358 -59.47837059953515 5.85
      vertex 95.5952838037358 -59.47837059953515 7.715
      vertex 95.88017189443971 -59.575077075224044 5.85
    endloop
  endfacet
  facet normal 0.4422886902190092 0.8968727415326844 0
    outer loop
      vertex 95.88017189443971 -59.575077075224044 5.85
      vertex 95.88017189443971 -59.575077075224044 7.715
      vertex 96.15 -59.7081415712958 5.85
    endloop
  endfacet
  facet normal 0.5555702330195988 0.8314696123025475 0
    outer loop
      vertex 96.15 -59.7081415712958 5.85
      vertex 96.15 -59.7081415712958 7.715
      vertex 96.40015128672006 -59.87528731733016 5.85
    endloop
  endfacet
  facet normal 0.6593458151000834 0.7518398074789646 0
    outer loop
      vertex 96.40015128672006 -59.87528731733016 5.85
      vertex 96.40015128672006 -59.87528731733016 7.715
      vertex 96.62634559672905 -60.07365440327094 5.85
    endloop
  endfacet
  facet normal 0.7518398074789633 0.659345815100085 0
    outer loop
      vertex 96.62634559672905 -60.07365440327094 5.85
      vertex 96.62634559672905 -60.07365440327094 7.715
      vertex 96.82471268266984 -60.29984871327994 5.85
    endloop
  endfacet
  facet normal 0.8314696123025547 0.5555702330195879 0
    outer loop
      vertex 96.82471268266984 -60.29984871327994 5.85
      vertex 96.82471268266984 -60.29984871327994 7.715
      vertex 96.9918584287042 -60.550000000000004 5.85
    endloop
  endfacet
  facet normal 0.8968727415326844 0.4422886902190092 0
    outer loop
      vertex 96.9918584287042 -60.550000000000004 5.85
      vertex 96.9918584287042 -60.550000000000004 7.715
      vertex 97.12492292477596 -60.8198281055603 5.85
    endloop
  endfacet
  facet normal 0.9469301294950986 0.32143946530318207 0
    outer loop
      vertex 97.12492292477596 -60.8198281055603 5.85
      vertex 97.12492292477596 -60.8198281055603 7.715
      vertex 97.22162940046486 -61.10471619626421 5.85
    endloop
  endfacet
  facet normal 0.9807852804032376 0.19509032201609172 0
    outer loop
      vertex 97.22162940046486 -61.10471619626421 5.85
      vertex 97.22162940046486 -61.10471619626421 7.715
      vertex 97.28032318115976 -61.399789757893885 5.85
    endloop
  endfacet
  facet normal 0.9978589232386029 0.06540312923015211 0
    outer loop
      vertex 97.28032318115976 -61.399789757893885 5.85
      vertex 97.28032318115976 -61.399789757893885 7.715
      vertex 97.3 -61.7 5.85
    endloop
  endfacet
  facet normal 0.9978589232386029 -0.06540312923015211 0
    outer loop
      vertex 97.3 -61.7 5.85
      vertex 97.3 -61.7 7.715
      vertex 97.28032318115976 -62.00021024210612 5.85
    endloop
  endfacet
  facet normal 0 0 -1
    outer loop
      vertex 93.98376901709184 -61.83378934702556 5.85
      vertex 94.0099260280537 -61.96528952123008 5.85
      vertex 94.11982810556029 -63.82492292477596 5.85
    endloop
  endfacet
  facet normal 0 0 -1
    outer loop
      vertex 94.0099260280537 -61.96528952123008 5.85
      vertex 94.05302347917593 -62.09225051817422 5.85
      vertex 94.11982810556029 -63.82492292477596 5.85
    endloop
  endfacet
  facet normal 0 0 -1
    outer loop
      vertex 94.05302347917593 -62.09225051817422 5.85
      vertex 94.11232396112095 -62.212500000000006 5.85
      vertex 94.11982810556029 -63.82492292477596 5.85
    endloop
  endfacet
  facet normal 0 0 -1
    outer loop
      vertex 94.11232396112095 -62.212500000000006 5.85
      vertex 94.18681282620149 -62.32398046473394 5.85
      vertex 94.11982810556029 -63.82492292477596 5.85
    endloop
  endfacet
  facet normal 0 0 -1
    outer loop
      vertex 94.18681282620149 -62.32398046473394 5.85
      vertex 94.27521554928379 -62.42478445071622 5.85
      vertex 94.11982810556029 -63.82492292477596 5.85
    endloop
  endfacet
  facet normal 0 0 -1
    outer loop
      vertex 95.94697652082407 -62.09225051817422 5.85
      vertex 96.15 -63.69185842870421 5.85
      vertex 95.88767603887905 -62.212500000000006 5.85
    endloop
  endfacet
  facet normal 0 0 -1
    outer loop
      vertex 95.88767603887905 -62.212500000000006 5.85
      vertex 96.15 -63.69185842870421 5.85
      vertex 95.81318717379851 -62.32398046473394 5.85
    endloop
  endfacet
  facet normal 0 0 -1
    outer loop
      vertex 95.81318717379851 -62.32398046473394 5.85
      vertex 95.88017189443971 -63.82492292477596 5.85
      vertex 95.72478445071621 -62.42478445071622 5.85
    endloop
  endfacet
  facet normal 0 0 -1
    outer loop
      vertex 94.27521554928379 -62.42478445071622 5.85
      vertex 94.37601953526607 -62.51318717379852 5.85
      vertex 94.4047161962642 -63.92162940046486 5.85
    endloop
  endfacet
  facet normal 0 0 -1
    outer loop
      vertex 94.37601953526607 -62.51318717379852 5.85
      vertex 94.4875 -62.58767603887905 5.85
      vertex 94.4047161962642 -63.92162940046486 5.85
    endloop
  endfacet
  facet normal 0 0 -1
    outer loop
      vertex 94.4875 -62.58767603887905 5.85
      vertex 94.60774948182578 -62.64697652082407 5.85
      vertex 94.4047161962642 -63.92162940046486 5.85
    endloop
  endfacet
  facet normal 0 0 -1
    outer loop
      vertex 94.27521554928379 -62.42478445071622 5.85
      vertex 94.4047161962642 -63.92162940046486 5.85
      vertex 94.11982810556029 -63.82492292477596 5.85
    endloop
  endfacet
  facet normal 0 0 -1
    outer loop
      vertex 94.60774948182578 -62.64697652082407 5.85
      vertex 94.73471047876991 -62.6900739719463 5.85
      vertex 94.69978975789388 -63.98032318115977 5.85
    endloop
  endfacet
  facet normal 0 0 -1
    outer loop
      vertex 94.73471047876991 -62.6900739719463 5.85
      vertex 94.86621065297444 -62.71623098290816 5.85
      vertex 94.69978975789388 -63.98032318115977 5.85
    endloop
  endfacet
  facet normal 0 0 -1
    outer loop
      vertex 94.86621065297444 -62.71623098290816 5.85
      vertex 95 -62.725 5.85
      vertex 95 -64 5.85
    endloop
  endfacet
  facet normal 0 0 -1
    outer loop
      vertex 94.60774948182578 -62.64697652082407 5.85
      vertex 94.69978975789388 -63.98032318115977 5.85
      vertex 94.4047161962642 -63.92162940046486 5.85
    endloop
  endfacet
  facet normal 0 0 -1
    outer loop
      vertex 94.86621065297444 -62.71623098290816 5.85
      vertex 95 -64 5.85
      vertex 94.69978975789388 -63.98032318115977 5.85
    endloop
  endfacet
  facet normal 0 0 -1
    outer loop
      vertex 95 -62.725 5.85
      vertex 95.13378934702556 -62.71623098290816 5.85
      vertex 95 -64 5.85
    endloop
  endfacet
  facet normal 0 0 -1
    outer loop
      vertex 95.13378934702556 -62.71623098290816 5.85
      vertex 95.26528952123009 -62.6900739719463 5.85
      vertex 95.30021024210612 -63.98032318115977 5.85
    endloop
  endfacet
  facet normal 0 0 -1
    outer loop
      vertex 95.39225051817422 -62.64697652082407 5.85
      vertex 95.5952838037358 -63.92162940046486 5.85
      vertex 95.26528952123009 -62.6900739719463 5.85
    endloop
  endfacet
  facet normal 0 0 -1
    outer loop
      vertex 95.62398046473393 -62.51318717379852 5.85
      vertex 95.72478445071621 -62.42478445071622 5.85
      vertex 95.88017189443971 -63.82492292477596 5.85
    endloop
  endfacet
  facet normal 0 0 -1
    outer loop
      vertex 95.62398046473393 -62.51318717379852 5.85
      vertex 95.88017189443971 -63.82492292477596 5.85
      vertex 95.5125 -62.58767603887905 5.85
    endloop
  endfacet
  facet normal 0 0 -1
    outer loop
      vertex 95.39225051817422 -62.64697652082407 5.85
      vertex 95.5125 -62.58767603887905 5.85
      vertex 95.5952838037358 -63.92162940046486 5.85
    endloop
  endfacet
  facet normal 0 0 -1
    outer loop
      vertex 95.81318717379851 -62.32398046473394 5.85
      vertex 96.15 -63.69185842870421 5.85
      vertex 95.88017189443971 -63.82492292477596 5.85
    endloop
  endfacet
  facet normal 0 0 -1
    outer loop
      vertex 95.13378934702556 -62.71623098290816 5.85
      vertex 95.30021024210612 -63.98032318115977 5.85
      vertex 95 -64 5.85
    endloop
  endfacet
  facet normal 0 0 -1
    outer loop
      vertex 95.26528952123009 -62.6900739719463 5.85
      vertex 95.5952838037358 -63.92162940046486 5.85
      vertex 95.30021024210612 -63.98032318115977 5.85
    endloop
  endfacet
  facet normal 0 0 -1
    outer loop
      vertex 95.5125 -62.58767603887905 5.85
      vertex 95.88017189443971 -63.82492292477596 5.85
      vertex 95.5952838037358 -63.92162940046486 5.85
    endloop
  endfacet
  facet normal 0 0 -1
    outer loop
      vertex 96.15 -59.7081415712958 5.85
      vertex 96.40015128672006 -63.52471268266984 5.85
      vertex 96.15 -63.69185842870421 5.85
    endloop
  endfacet
  facet normal 0 0 -1
    outer loop
      vertex 96.40015128672006 -59.87528731733016 5.85
      vertex 96.62634559672905 -63.32634559672906 5.85
      vertex 96.40015128672006 -63.52471268266984 5.85
    endloop
  endfacet
  facet normal 0 0 -1
    outer loop
      vertex 96.82471268266984 -60.29984871327994 5.85
      vertex 96.9918584287042 -62.85 5.85
      vertex 96.82471268266984 -63.10015128672006 5.85
    endloop
  endfacet
  facet normal 0 0 -1
    outer loop
      vertex 96.62634559672905 -60.07365440327094 5.85
      vertex 96.82471268266984 -63.10015128672006 5.85
      vertex 96.62634559672905 -63.32634559672906 5.85
    endloop
  endfacet
  facet normal 0 0 -1
    outer loop
      vertex 96.025 -61.7 5.85
      vertex 96.15 -63.69185842870421 5.85
      vertex 96.01623098290816 -61.83378934702556 5.85
    endloop
  endfacet
  facet normal 0 0 -1
    outer loop
      vertex 96.01623098290816 -61.83378934702556 5.85
      vertex 96.15 -63.69185842870421 5.85
      vertex 95.9900739719463 -61.96528952123008 5.85
    endloop
  endfacet
  facet normal 0 0 -1
    outer loop
      vertex 95.9900739719463 -61.96528952123008 5.85
      vertex 96.15 -63.69185842870421 5.85
      vertex 95.94697652082407 -62.09225051817422 5.85
    endloop
  endfacet
  facet normal 0 0 -1
    outer loop
      vertex 96.9918584287042 -60.550000000000004 5.85
      vertex 97.12492292477596 -62.58017189443971 5.85
      vertex 96.9918584287042 -62.85 5.85
    endloop
  endfacet
  facet normal 0 0 -1
    outer loop
      vertex 97.12492292477596 -60.8198281055603 5.85
      vertex 97.22162940046486 -62.2952838037358 5.85
      vertex 97.12492292477596 -62.58017189443971 5.85
    endloop
  endfacet
  facet normal -0.4422886902190092 -0.8968727415326844 0
    outer loop
      vertex 93.85 -63.69185842870421 5.85
      vertex 94.11982810556029 -63.82492292477596 5.85
      vertex 94.11982810556029 -63.82492292477596 7.715
    endloop
  endfacet
  facet normal -0.32143946530315365 -0.9469301294951082 0
    outer loop
      vertex 94.11982810556029 -63.82492292477596 5.85
      vertex 94.4047161962642 -63.92162940046486 5.85
      vertex 94.4047161962642 -63.92162940046486 7.715
    endloop
  endfacet
  facet normal 0.32143946530315365 -0.9469301294951082 0
    outer loop
      vertex 95.5952838037358 -63.92162940046486 5.85
      vertex 95.88017189443971 -63.82492292477596 5.85
      vertex 95.88017189443971 -63.82492292477596 7.715
    endloop
  endfacet
  facet normal 0.9807852804032376 -0.19509032201609172 0
    outer loop
      vertex 97.28032318115976 -62.00021024210612 5.85
      vertex 97.28032318115976 -62.00021024210612 7.715
      vertex 97.22162940046486 -62.2952838037358 5.85
    endloop
  endfacet
  facet normal 0.9469301294950986 -0.32143946530318207 0
    outer loop
      vertex 97.22162940046486 -62.2952838037358 5.85
      vertex 97.22162940046486 -62.2952838037358 7.715
      vertex 97.12492292477596 -62.58017189443971 5.85
    endloop
  endfacet
  facet normal 0.8968727415326844 -0.4422886902190092 0
    outer loop
      vertex 96.9918584287042 -62.85 5.85
      vertex 97.12492292477596 -62.58017189443971 5.85
      vertex 97.12492292477596 -62.58017189443971 7.715
    endloop
  endfacet
  facet normal 0.8314696123025547 -0.5555702330195879 0
    outer loop
      vertex 96.9918584287042 -62.85 5.85
      vertex 96.9918584287042 -62.85 7.715
      vertex 96.82471268266984 -63.10015128672006 5.85
    endloop
  endfacet
  facet normal 0.6593458151000834 -0.7518398074789646 0
    outer loop
      vertex 96.62634559672905 -63.32634559672906 5.85
      vertex 96.62634559672905 -63.32634559672906 7.715
      vertex 96.40015128672006 -63.52471268266984 5.85
    endloop
  endfacet
  facet normal 0.7518398074789633 -0.659345815100085 0
    outer loop
      vertex 96.82471268266984 -63.10015128672006 5.85
      vertex 96.82471268266984 -63.10015128672006 7.715
      vertex 96.62634559672905 -63.32634559672906 5.85
    endloop
  endfacet
  facet normal 0.5555702330195988 -0.8314696123025475 0
    outer loop
      vertex 96.40015128672006 -63.52471268266984 5.85
      vertex 96.40015128672006 -63.52471268266984 7.715
      vertex 96.15 -63.69185842870421 5.85
    endloop
  endfacet
  facet normal 0.4422886902190092 -0.8968727415326844 0
    outer loop
      vertex 95.88017189443971 -63.82492292477596 5.85
      vertex 96.15 -63.69185842870421 5.85
      vertex 96.15 -63.69185842870421 7.715
    endloop
  endfacet
  facet normal -0.19509032201613716 -0.9807852804032287 0
    outer loop
      vertex 94.4047161962642 -63.92162940046486 5.85
      vertex 94.69978975789388 -63.98032318115977 5.85
      vertex 94.69978975789388 -63.98032318115977 7.715
    endloop
  endfacet
  facet normal -0.0654031292301286 -0.9978589232386045 0
    outer loop
      vertex 94.69978975789388 -63.98032318115977 5.85
      vertex 95 -64 5.85
      vertex 95 -64 7.715
    endloop
  endfacet
  facet normal 0.0654031292301286 -0.9978589232386045 0
    outer loop
      vertex 95 -64 5.85
      vertex 95.30021024210612 -63.98032318115977 5.85
      vertex 95.30021024210612 -63.98032318115977 7.715
    endloop
  endfacet
  facet normal 0.19509032201613716 -0.9807852804032287 0
    outer loop
      vertex 95.5952838037358 -63.92162940046486 5.85
      vertex 95.5952838037358 -63.92162940046486 7.715
      vertex 95.30021024210612 -63.98032318115977 5.85
    endloop
  endfacet
  facet normal -0.5555702330195988 0.8314696123025475 0
    outer loop
      vertex 93.85 -59.7081415712958 5.85
      vertex 93.59984871327994 -59.87528731733016 7.715
      vertex 93.85 -59.7081415712958 7.715
    endloop
  endfacet
  facet normal -0.8968727415326844 0.4422886902190092 0
    outer loop
      vertex 93.0081415712958 -60.550000000000004 5.85
      vertex 92.87507707522404 -60.8198281055603 7.715
      vertex 93.0081415712958 -60.550000000000004 7.715
    endloop
  endfacet
  facet normal -0.7518398074789633 0.659345815100085 0
    outer loop
      vertex 93.37365440327095 -60.07365440327094 5.85
      vertex 93.17528731733016 -60.29984871327994 7.715
      vertex 93.37365440327095 -60.07365440327094 7.715
    endloop
  endfacet
  facet normal -0.6593458151000834 0.7518398074789646 0
    outer loop
      vertex 93.59984871327994 -59.87528731733016 5.85
      vertex 93.37365440327095 -60.07365440327094 7.715
      vertex 93.59984871327994 -59.87528731733016 7.715
    endloop
  endfacet
  facet normal -0.8314696123025547 0.5555702330195879 0
    outer loop
      vertex 93.17528731733016 -60.29984871327994 5.85
      vertex 93.0081415712958 -60.550000000000004 7.715
      vertex 93.17528731733016 -60.29984871327994 7.715
    endloop
  endfacet
  facet normal -0.9469301294950986 0.32143946530318207 0
    outer loop
      vertex 92.87507707522404 -60.8198281055603 5.85
      vertex 92.77837059953514 -61.10471619626421 7.715
      vertex 92.87507707522404 -60.8198281055603 7.715
    endloop
  endfacet
  facet normal -0.9807852804032376 0.19509032201609172 0
    outer loop
      vertex 92.77837059953514 -61.10471619626421 5.85
      vertex 92.71967681884024 -61.399789757893885 7.715
      vertex 92.77837059953514 -61.10471619626421 7.715
    endloop
  endfacet
  facet normal -0.9978589232386029 0.06540312923015211 0
    outer loop
      vertex 92.71967681884024 -61.399789757893885 5.85
      vertex 92.7 -61.7 7.715
      vertex 92.71967681884024 -61.399789757893885 7.715
    endloop
  endfacet
  facet normal -0.9978589232386029 -0.06540312923015211 0
    outer loop
      vertex 92.7 -61.7 5.85
      vertex 92.71967681884024 -62.00021024210612 7.715
      vertex 92.7 -61.7 7.715
    endloop
  endfacet
  facet normal -0.44228869021900913 0.8968727415326844 0
    outer loop
      vertex 93.85 -59.7081415712958 8.315
      vertex 93.85 -59.7081415712958 9.115
      vertex 94.11982810556029 -59.575077075224044 8.315
    endloop
  endfacet
  facet normal -0.5555702330195987 0.8314696123025476 0
    outer loop
      vertex 93.85 -59.7081415712958 8.315
      vertex 93.59984871327994 -59.87528731733016 9.115
      vertex 93.85 -59.7081415712958 9.115
    endloop
  endfacet
  facet normal -0.6593458151000834 0.7518398074789646 0
    outer loop
      vertex 93.37365440327095 -60.07365440327094 8.315
      vertex 93.37365440327095 -60.07365440327094 9.115
      vertex 93.59984871327994 -59.87528731733016 8.315
    endloop
  endfacet
  facet normal -0.7518398074789632 0.659345815100085 0
    outer loop
      vertex 93.17528731733016 -60.29984871327994 8.315
      vertex 93.17528731733016 -60.29984871327994 9.115
      vertex 93.37365440327095 -60.07365440327094 8.315
    endloop
  endfacet
  facet normal -0.5555702330195987 0.8314696123025476 0
    outer loop
      vertex 93.85 -59.7081415712958 8.315
      vertex 93.59984871327994 -59.87528731733016 8.315
      vertex 93.59984871327994 -59.87528731733016 9.115
    endloop
  endfacet
  facet normal -0.8314696123025548 0.5555702330195879 -1.1820279813932068e-15
    outer loop
      vertex 93.17528731733016 -60.29984871327994 8.315
      vertex 93.0081415712958 -60.550000000000004 8.315
      vertex 93.1050274737941 -60.404999999999994 9.115
    endloop
  endfacet
  facet normal -0.7518398074789632 0.659345815100085 0
    outer loop
      vertex 93.37365440327095 -60.07365440327094 8.315
      vertex 93.17528731733016 -60.29984871327994 9.115
      vertex 93.37365440327095 -60.07365440327094 9.115
    endloop
  endfacet
  facet normal -0.6593458151000834 0.7518398074789646 0
    outer loop
      vertex 93.59984871327994 -59.87528731733016 8.315
      vertex 93.37365440327095 -60.07365440327094 9.115
      vertex 93.59984871327994 -59.87528731733016 9.115
    endloop
  endfacet
  facet normal -0.8314696123025507 0.5555702330195942 0
    outer loop
      vertex 93.17528731733016 -60.29984871327994 8.315
      vertex 93.1050274737941 -60.404999999999994 9.115
      vertex 93.17528731733016 -60.29984871327994 9.115
    endloop
  endfacet
  facet normal -0.9807852804032376 -0.19509032201609172 0
    outer loop
      vertex 92.71967681884024 -62.00021024210612 5.85
      vertex 92.77837059953514 -62.2952838037358 7.715
      vertex 92.71967681884024 -62.00021024210612 7.715
    endloop
  endfacet
  facet normal -0.9469301294950986 -0.32143946530318207 0
    outer loop
      vertex 92.77837059953514 -62.2952838037358 5.85
      vertex 92.87507707522404 -62.58017189443971 7.715
      vertex 92.77837059953514 -62.2952838037358 7.715
    endloop
  endfacet
  facet normal -0.8968727415326844 -0.4422886902190092 0
    outer loop
      vertex 92.87507707522404 -62.58017189443971 5.85
      vertex 93.0081415712958 -62.85 7.715
      vertex 92.87507707522404 -62.58017189443971 7.715
    endloop
  endfacet
  facet normal -0.8314696123025547 -0.5555702330195879 0
    outer loop
      vertex 93.0081415712958 -62.85 5.85
      vertex 93.17528731733016 -63.10015128672006 7.715
      vertex 93.0081415712958 -62.85 7.715
    endloop
  endfacet
  facet normal -0.7518398074789633 -0.659345815100085 0
    outer loop
      vertex 93.17528731733016 -63.10015128672006 5.85
      vertex 93.37365440327095 -63.32634559672906 7.715
      vertex 93.17528731733016 -63.10015128672006 7.715
    endloop
  endfacet
  facet normal -0.6593458151000834 -0.7518398074789646 0
    outer loop
      vertex 93.37365440327095 -63.32634559672906 5.85
      vertex 93.59984871327994 -63.52471268266984 7.715
      vertex 93.37365440327095 -63.32634559672906 7.715
    endloop
  endfacet
  facet normal -0.5555702330195988 -0.8314696123025475 0
    outer loop
      vertex 93.59984871327994 -63.52471268266984 5.85
      vertex 93.85 -63.69185842870421 7.715
      vertex 93.59984871327994 -63.52471268266984 7.715
    endloop
  endfacet
  facet normal -0.4422886902190092 -0.8968727415326844 0
    outer loop
      vertex 93.85 -63.69185842870421 5.85
      vertex 94.11982810556029 -63.82492292477596 7.715
      vertex 93.85 -63.69185842870421 7.715
    endloop
  endfacet
  facet normal -0.32143946530315365 0.9469301294951082 0
    outer loop
      vertex 94.4047161962642 -59.47837059953515 5.85
      vertex 94.11982810556029 -59.575077075224044 7.715
      vertex 94.4047161962642 -59.47837059953515 7.715
    endloop
  endfacet
  facet normal -0.4422886902190092 0.8968727415326844 0
    outer loop
      vertex 94.11982810556029 -59.575077075224044 5.85
      vertex 93.85 -59.7081415712958 7.715
      vertex 94.11982810556029 -59.575077075224044 7.715
    endloop
  endfacet
  facet normal -0.19509032201613716 0.9807852804032287 0
    outer loop
      vertex 94.69978975789388 -59.41967681884024 5.85
      vertex 94.4047161962642 -59.47837059953515 7.715
      vertex 94.69978975789388 -59.41967681884024 7.715
    endloop
  endfacet
  facet normal -0.0654031292301286 0.9978589232386045 0
    outer loop
      vertex 95 -59.400000000000006 5.85
      vertex 94.69978975789388 -59.41967681884024 7.715
      vertex 95 -59.400000000000006 7.715
    endloop
  endfacet
  facet normal 0.0654031292301286 0.9978589232386045 0
    outer loop
      vertex 95.30021024210612 -59.41967681884024 5.85
      vertex 95 -59.400000000000006 7.715
      vertex 95.30021024210612 -59.41967681884024 7.715
    endloop
  endfacet
  facet normal 0.19509032201613716 0.9807852804032287 0
    outer loop
      vertex 95.5952838037358 -59.47837059953515 5.85
      vertex 95.30021024210612 -59.41967681884024 7.715
      vertex 95.5952838037358 -59.47837059953515 7.715
    endloop
  endfacet
  facet normal 0.32143946530315365 0.9469301294951082 0
    outer loop
      vertex 95.88017189443971 -59.575077075224044 5.85
      vertex 95.5952838037358 -59.47837059953515 7.715
      vertex 95.88017189443971 -59.575077075224044 7.715
    endloop
  endfacet
  facet normal 0.4422886902190092 0.8968727415326844 0
    outer loop
      vertex 96.15 -59.7081415712958 5.85
      vertex 95.88017189443971 -59.575077075224044 7.715
      vertex 96.15 -59.7081415712958 7.715
    endloop
  endfacet
  facet normal 0.5555702330195988 0.8314696123025475 0
    outer loop
      vertex 96.40015128672006 -59.87528731733016 5.85
      vertex 96.15 -59.7081415712958 7.715
      vertex 96.40015128672006 -59.87528731733016 7.715
    endloop
  endfacet
  facet normal 0.6593458151000834 0.7518398074789646 0
    outer loop
      vertex 96.62634559672905 -60.07365440327094 5.85
      vertex 96.40015128672006 -59.87528731733016 7.715
      vertex 96.62634559672905 -60.07365440327094 7.715
    endloop
  endfacet
  facet normal 0.7518398074789633 0.659345815100085 0
    outer loop
      vertex 96.82471268266984 -60.29984871327994 5.85
      vertex 96.62634559672905 -60.07365440327094 7.715
      vertex 96.82471268266984 -60.29984871327994 7.715
    endloop
  endfacet
  facet normal 0.8314696123025547 0.5555702330195879 0
    outer loop
      vertex 96.9918584287042 -60.550000000000004 5.85
      vertex 96.82471268266984 -60.29984871327994 7.715
      vertex 96.9918584287042 -60.550000000000004 7.715
    endloop
  endfacet
  facet normal 0.8968727415326844 0.4422886902190092 0
    outer loop
      vertex 97.12492292477596 -60.8198281055603 5.85
      vertex 96.9918584287042 -60.550000000000004 7.715
      vertex 97.12492292477596 -60.8198281055603 7.715
    endloop
  endfacet
  facet normal 0.9469301294950986 0.32143946530318207 0
    outer loop
      vertex 97.22162940046486 -61.10471619626421 5.85
      vertex 97.12492292477596 -60.8198281055603 7.715
      vertex 97.22162940046486 -61.10471619626421 7.715
    endloop
  endfacet
  facet normal 0.9807852804032376 0.19509032201609172 0
    outer loop
      vertex 97.28032318115976 -61.399789757893885 5.85
      vertex 97.22162940046486 -61.10471619626421 7.715
      vertex 97.28032318115976 -61.399789757893885 7.715
    endloop
  endfacet
  facet normal 0.9978589232386029 0.06540312923015211 0
    outer loop
      vertex 97.3 -61.7 5.85
      vertex 97.28032318115976 -61.399789757893885 7.715
      vertex 97.3 -61.7 7.715
    endloop
  endfacet
  facet normal -0.32143946530315376 0.9469301294951084 0
    outer loop
      vertex 94.4047161962642 -59.47837059953515 8.315
      vertex 94.11982810556029 -59.575077075224044 8.315
      vertex 94.11982810556029 -59.575077075224044 9.115
    endloop
  endfacet
  facet normal -0.19509032201613716 0.9807852804032288 0
    outer loop
      vertex 94.4047161962642 -59.47837059953515 8.315
      vertex 94.4047161962642 -59.47837059953515 9.115
      vertex 94.69978975789388 -59.41967681884024 8.315
    endloop
  endfacet
  facet normal -0.0654031292301286 0.9978589232386045 0
    outer loop
      vertex 94.69978975789388 -59.41967681884024 8.315
      vertex 94.69978975789388 -59.41967681884024 9.115
      vertex 95 -59.400000000000006 8.315
    endloop
  endfacet
  facet normal 0.0654031292301286 0.9978589232386045 0
    outer loop
      vertex 95 -59.400000000000006 8.315
      vertex 95 -59.400000000000006 9.115
      vertex 95.30021024210612 -59.41967681884024 8.315
    endloop
  endfacet
  facet normal 0.19509032201613716 0.9807852804032288 0
    outer loop
      vertex 95.30021024210612 -59.41967681884024 8.315
      vertex 95.30021024210612 -59.41967681884024 9.115
      vertex 95.5952838037358 -59.47837059953515 8.315
    endloop
  endfacet
  facet normal 0.32143946530315376 0.9469301294951084 0
    outer loop
      vertex 95.5952838037358 -59.47837059953515 8.315
      vertex 95.5952838037358 -59.47837059953515 9.115
      vertex 95.88017189443971 -59.575077075224044 8.315
    endloop
  endfacet
  facet normal 0.44228869021900913 0.8968727415326844 0
    outer loop
      vertex 95.88017189443971 -59.575077075224044 8.315
      vertex 95.88017189443971 -59.575077075224044 9.115
      vertex 96.15 -59.7081415712958 8.315
    endloop
  endfacet
  facet normal -0.32143946530315376 0.9469301294951084 0
    outer loop
      vertex 94.4047161962642 -59.47837059953515 8.315
      vertex 94.11982810556029 -59.575077075224044 9.115
      vertex 94.4047161962642 -59.47837059953515 9.115
    endloop
  endfacet
  facet normal -0.44228869021900913 0.8968727415326844 0
    outer loop
      vertex 94.11982810556029 -59.575077075224044 8.315
      vertex 93.85 -59.7081415712958 9.115
      vertex 94.11982810556029 -59.575077075224044 9.115
    endloop
  endfacet
  facet normal -0.19509032201613716 0.9807852804032288 0
    outer loop
      vertex 94.69978975789388 -59.41967681884024 8.315
      vertex 94.4047161962642 -59.47837059953515 9.115
      vertex 94.69978975789388 -59.41967681884024 9.115
    endloop
  endfacet
  facet normal -0.0654031292301286 0.9978589232386045 0
    outer loop
      vertex 95 -59.400000000000006 8.315
      vertex 94.69978975789388 -59.41967681884024 9.115
      vertex 95 -59.400000000000006 9.115
    endloop
  endfacet
  facet normal 0.0654031292301286 0.9978589232386045 0
    outer loop
      vertex 95.30021024210612 -59.41967681884024 8.315
      vertex 95 -59.400000000000006 9.115
      vertex 95.30021024210612 -59.41967681884024 9.115
    endloop
  endfacet
  facet normal 0.19509032201613716 0.9807852804032288 0
    outer loop
      vertex 95.5952838037358 -59.47837059953515 8.315
      vertex 95.30021024210612 -59.41967681884024 9.115
      vertex 95.5952838037358 -59.47837059953515 9.115
    endloop
  endfacet
  facet normal 0.32143946530315376 0.9469301294951084 0
    outer loop
      vertex 95.88017189443971 -59.575077075224044 8.315
      vertex 95.5952838037358 -59.47837059953515 9.115
      vertex 95.88017189443971 -59.575077075224044 9.115
    endloop
  endfacet
  facet normal 0.5555702330195987 0.8314696123025476 0
    outer loop
      vertex 96.15 -59.7081415712958 8.315
      vertex 96.15 -59.7081415712958 9.115
      vertex 96.40015128672006 -59.87528731733016 8.315
    endloop
  endfacet
  facet normal 0.44228869021900913 0.8968727415326844 0
    outer loop
      vertex 96.15 -59.7081415712958 8.315
      vertex 95.88017189443971 -59.575077075224044 9.115
      vertex 96.15 -59.7081415712958 9.115
    endloop
  endfacet
  facet normal 0.6593458151000834 0.7518398074789646 0
    outer loop
      vertex 96.40015128672006 -59.87528731733016 8.315
      vertex 96.40015128672006 -59.87528731733016 9.115
      vertex 96.62634559672905 -60.07365440327094 8.315
    endloop
  endfacet
  facet normal 0.7518398074789632 0.659345815100085 0
    outer loop
      vertex 96.62634559672905 -60.07365440327094 8.315
      vertex 96.62634559672905 -60.07365440327094 9.115
      vertex 96.82471268266984 -60.29984871327994 8.315
    endloop
  endfacet
  facet normal 0.8314696123025548 0.5555702330195879 -1.1820279813932068e-15
    outer loop
      vertex 96.82471268266984 -60.29984871327994 8.315
      vertex 96.8949725262059 -60.404999999999994 9.115
      vertex 96.9918584287042 -60.550000000000004 8.315
    endloop
  endfacet
  facet normal 0.5555702330195987 0.8314696123025476 0
    outer loop
      vertex 96.40015128672006 -59.87528731733016 8.315
      vertex 96.15 -59.7081415712958 9.115
      vertex 96.40015128672006 -59.87528731733016 9.115
    endloop
  endfacet
  facet normal 0.6593458151000834 0.7518398074789646 0
    outer loop
      vertex 96.62634559672905 -60.07365440327094 8.315
      vertex 96.40015128672006 -59.87528731733016 9.115
      vertex 96.62634559672905 -60.07365440327094 9.115
    endloop
  endfacet
  facet normal 0.7518398074789632 0.659345815100085 0
    outer loop
      vertex 96.82471268266984 -60.29984871327994 8.315
      vertex 96.62634559672905 -60.07365440327094 9.115
      vertex 96.82471268266984 -60.29984871327994 9.115
    endloop
  endfacet
  facet normal 0.8314696123025507 0.5555702330195942 0
    outer loop
      vertex 96.82471268266984 -60.29984871327994 8.315
      vertex 96.82471268266984 -60.29984871327994 9.115
      vertex 96.8949725262059 -60.404999999999994 9.115
    endloop
  endfacet
  facet normal -0.32143946530315365 -0.9469301294951082 0
    outer loop
      vertex 94.11982810556029 -63.82492292477596 5.85
      vertex 94.4047161962642 -63.92162940046486 7.715
      vertex 94.11982810556029 -63.82492292477596 7.715
    endloop
  endfacet
  facet normal 0.32143946530315365 -0.9469301294951082 0
    outer loop
      vertex 95.5952838037358 -63.92162940046486 5.85
      vertex 95.88017189443971 -63.82492292477596 7.715
      vertex 95.5952838037358 -63.92162940046486 7.715
    endloop
  endfacet
  facet normal 0.4422886902190092 -0.8968727415326844 0
    outer loop
      vertex 95.88017189443971 -63.82492292477596 5.85
      vertex 96.15 -63.69185842870421 7.715
      vertex 95.88017189443971 -63.82492292477596 7.715
    endloop
  endfacet
  facet normal 0.9978589232386029 -0.06540312923015211 0
    outer loop
      vertex 97.28032318115976 -62.00021024210612 5.85
      vertex 97.3 -61.7 7.715
      vertex 97.28032318115976 -62.00021024210612 7.715
    endloop
  endfacet
  facet normal 0.9807852804032376 -0.19509032201609172 0
    outer loop
      vertex 97.22162940046486 -62.2952838037358 5.85
      vertex 97.28032318115976 -62.00021024210612 7.715
      vertex 97.22162940046486 -62.2952838037358 7.715
    endloop
  endfacet
  facet normal 0.9469301294950986 -0.32143946530318207 0
    outer loop
      vertex 97.12492292477596 -62.58017189443971 5.85
      vertex 97.22162940046486 -62.2952838037358 7.715
      vertex 97.12492292477596 -62.58017189443971 7.715
    endloop
  endfacet
  facet normal 0.8968727415326844 -0.4422886902190092 0
    outer loop
      vertex 96.9918584287042 -62.85 5.85
      vertex 97.12492292477596 -62.58017189443971 7.715
      vertex 96.9918584287042 -62.85 7.715
    endloop
  endfacet
  facet normal 0.8314696123025547 -0.5555702330195879 0
    outer loop
      vertex 96.82471268266984 -63.10015128672006 5.85
      vertex 96.9918584287042 -62.85 7.715
      vertex 96.82471268266984 -63.10015128672006 7.715
    endloop
  endfacet
  facet normal 0.7518398074789633 -0.659345815100085 0
    outer loop
      vertex 96.62634559672905 -63.32634559672906 5.85
      vertex 96.82471268266984 -63.10015128672006 7.715
      vertex 96.62634559672905 -63.32634559672906 7.715
    endloop
  endfacet
  facet normal 0.5555702330195988 -0.8314696123025475 0
    outer loop
      vertex 96.15 -63.69185842870421 5.85
      vertex 96.40015128672006 -63.52471268266984 7.715
      vertex 96.15 -63.69185842870421 7.715
    endloop
  endfacet
  facet normal 0.6593458151000834 -0.7518398074789646 0
    outer loop
      vertex 96.40015128672006 -63.52471268266984 5.85
      vertex 96.62634559672905 -63.32634559672906 7.715
      vertex 96.40015128672006 -63.52471268266984 7.715
    endloop
  endfacet
  facet normal -0.19509032201613716 -0.9807852804032287 0
    outer loop
      vertex 94.4047161962642 -63.92162940046486 5.85
      vertex 94.69978975789388 -63.98032318115977 7.715
      vertex 94.4047161962642 -63.92162940046486 7.715
    endloop
  endfacet
  facet normal -0.0654031292301286 -0.9978589232386045 0
    outer loop
      vertex 94.69978975789388 -63.98032318115977 5.85
      vertex 95 -64 7.715
      vertex 94.69978975789388 -63.98032318115977 7.715
    endloop
  endfacet
  facet normal 0.0654031292301286 -0.9978589232386045 0
    outer loop
      vertex 95 -64 5.85
      vertex 95.30021024210612 -63.98032318115977 7.715
      vertex 95 -64 7.715
    endloop
  endfacet
  facet normal 0.19509032201613716 -0.9807852804032287 0
    outer loop
      vertex 95.30021024210612 -63.98032318115977 5.85
      vertex 95.5952838037358 -63.92162940046486 7.715
      vertex 95.30021024210612 -63.98032318115977 7.715
    endloop
  endfacet
  facet normal -0.8968727415326845 0.44228869021900924 0
    outer loop
      vertex 92.87507707522404 -60.8198281055603 8.315
      vertex 92.87507707522404 -60.8198281055603 10.615
      vertex 93.0081415712958 -60.550000000000004 8.315
    endloop
  endfacet
  facet normal -0.8314696123025578 0.5555702330195834 0
    outer loop
      vertex 93.0081415712958 -60.550000000000004 8.315
      vertex 93.0081415712958 -60.550000000000004 10.615
      vertex 93.1050274737941 -60.404999999999994 9.115
    endloop
  endfacet
  facet normal -0.9469301294950987 0.3214394653031821 0
    outer loop
      vertex 92.87507707522404 -60.8198281055603 8.315
      vertex 92.77837059953514 -61.10471619626421 8.315
      vertex 92.77837059953514 -61.10471619626421 10.615
    endloop
  endfacet
  facet normal -0.9807852804032378 0.19509032201609172 0
    outer loop
      vertex 92.77837059953514 -61.10471619626421 8.315
      vertex 92.71967681884024 -61.399789757893885 8.315
      vertex 92.71967681884024 -61.399789757893885 10.615
    endloop
  endfacet
  facet normal -0.9978589232386028 0.06540312923015211 1.9992944117944623e-15
    outer loop
      vertex 92.71967681884024 -61.399789757893885 8.315
      vertex 92.7 -61.7 8.315
      vertex 92.70622662896746 -61.60499999999999 10.615
    endloop
  endfacet
  facet normal -0.8968727415326845 0.44228869021900924 0
    outer loop
      vertex 93.0081415712958 -60.550000000000004 8.315
      vertex 92.87507707522404 -60.8198281055603 10.615
      vertex 93.0081415712958 -60.550000000000004 10.615
    endloop
  endfacet
  facet normal -0.9469301294950987 0.3214394653031821 0
    outer loop
      vertex 92.87507707522404 -60.8198281055603 8.315
      vertex 92.77837059953514 -61.10471619626421 10.615
      vertex 92.87507707522404 -60.8198281055603 10.615
    endloop
  endfacet
  facet normal -0.9807852804032378 0.19509032201609172 0
    outer loop
      vertex 92.77837059953514 -61.10471619626421 8.315
      vertex 92.71967681884024 -61.399789757893885 10.615
      vertex 92.77837059953514 -61.10471619626421 10.615
    endloop
  endfacet
  facet normal -0.9978589232386044 0.0654031292301298 0
    outer loop
      vertex 92.71967681884024 -61.399789757893885 8.315
      vertex 92.70622662896746 -61.60499999999999 10.615
      vertex 92.71967681884024 -61.399789757893885 10.615
    endloop
  endfacet
  facet normal -0.8314696123025579 0.5555702330195834 0
    outer loop
      vertex 93.0081415712958 -60.550000000000004 10.615
      vertex 93.1050274737941 -60.404999999999994 10.544752876366939
      vertex 93.1050274737941 -60.404999999999994 9.115
    endloop
  endfacet
  facet normal -0.8314696123025579 0.5555702330195834 0
    outer loop
      vertex 93.0081415712958 -60.550000000000004 10.615
      vertex 93.1050274737941 -60.404999999999994 10.615
      vertex 93.1050274737941 -60.404999999999994 10.544752876366939
    endloop
  endfacet
  facet normal -0.9978589232386028 -0.06540312923015211 0
    outer loop
      vertex 92.7 -61.7 8.315
      vertex 92.71967681884024 -62.00021024210612 8.315
      vertex 92.71967681884024 -62.00021024210612 15.399999999999999
    endloop
  endfacet
  facet normal -0.9807852804032378 -0.19509032201609172 0
    outer loop
      vertex 92.71967681884024 -62.00021024210612 8.315
      vertex 92.77837059953514 -62.2952838037358 8.315
      vertex 92.77837059953514 -62.2952838037358 15.399999999999999
    endloop
  endfacet
  facet normal -0.9469301294950988 -0.3214394653031821 0
    outer loop
      vertex 92.77837059953514 -62.2952838037358 8.315
      vertex 92.87507707522404 -62.58017189443971 8.315
      vertex 92.87507707522404 -62.58017189443971 15.399999999999999
    endloop
  endfacet
  facet normal -0.8968727415326844 -0.4422886902190092 0
    outer loop
      vertex 92.87507707522404 -62.58017189443971 8.315
      vertex 93.0081415712958 -62.85 8.315
      vertex 93.0081415712958 -62.85 15.399999999999999
    endloop
  endfacet
  facet normal -0.8314696123025548 -0.5555702330195879 0
    outer loop
      vertex 93.0081415712958 -62.85 8.315
      vertex 93.17528731733016 -63.10015128672006 8.315
      vertex 93.17528731733016 -63.10015128672006 15.399999999999999
    endloop
  endfacet
  facet normal -0.7518398074789633 -0.659345815100085 0
    outer loop
      vertex 93.17528731733016 -63.10015128672006 8.315
      vertex 93.37365440327095 -63.32634559672906 8.315
      vertex 93.37365440327095 -63.32634559672906 15.399999999999999
    endloop
  endfacet
  facet normal -0.6593458151000834 -0.7518398074789646 0
    outer loop
      vertex 93.37365440327095 -63.32634559672906 8.315
      vertex 93.59984871327994 -63.52471268266984 8.315
      vertex 93.59984871327994 -63.52471268266984 15.399999999999999
    endloop
  endfacet
  facet normal -0.5555702330195988 -0.8314696123025476 0
    outer loop
      vertex 93.59984871327994 -63.52471268266984 8.315
      vertex 93.85 -63.69185842870421 8.315
      vertex 93.85 -63.69185842870421 15.399999999999999
    endloop
  endfacet
  facet normal 0.8968727415326845 0.44228869021900924 0
    outer loop
      vertex 96.9918584287042 -60.550000000000004 8.315
      vertex 96.9918584287042 -60.550000000000004 10.615
      vertex 97.12492292477596 -60.8198281055603 8.315
    endloop
  endfacet
  facet normal 0.8314696123025578 0.5555702330195834 0
    outer loop
      vertex 96.9918584287042 -60.550000000000004 8.315
      vertex 96.8949725262059 -60.404999999999994 9.115
      vertex 96.9918584287042 -60.550000000000004 10.615
    endloop
  endfacet
  facet normal 0.9469301294950987 0.3214394653031821 0
    outer loop
      vertex 97.12492292477596 -60.8198281055603 8.315
      vertex 97.12492292477596 -60.8198281055603 10.615
      vertex 97.22162940046486 -61.10471619626421 8.315
    endloop
  endfacet
  facet normal 0.9807852804032378 0.19509032201609172 0
    outer loop
      vertex 97.22162940046486 -61.10471619626421 8.315
      vertex 97.22162940046486 -61.10471619626421 10.615
      vertex 97.28032318115976 -61.399789757893885 8.315
    endloop
  endfacet
  facet normal 0.9978589232386028 0.06540312923015211 0
    outer loop
      vertex 97.28032318115976 -61.399789757893885 8.315
      vertex 97.28032318115976 -61.399789757893885 10.615
      vertex 97.3 -61.7 8.315
    endloop
  endfacet
  facet normal 0.8968727415326845 0.44228869021900924 0
    outer loop
      vertex 97.12492292477596 -60.8198281055603 8.315
      vertex 96.9918584287042 -60.550000000000004 10.615
      vertex 97.12492292477596 -60.8198281055603 10.615
    endloop
  endfacet
  facet normal 0.9469301294950987 0.3214394653031821 0
    outer loop
      vertex 97.22162940046486 -61.10471619626421 8.315
      vertex 97.12492292477596 -60.8198281055603 10.615
      vertex 97.22162940046486 -61.10471619626421 10.615
    endloop
  endfacet
  facet normal 0.9807852804032378 0.19509032201609172 0
    outer loop
      vertex 97.28032318115976 -61.399789757893885 8.315
      vertex 97.22162940046486 -61.10471619626421 10.615
      vertex 97.28032318115976 -61.399789757893885 10.615
    endloop
  endfacet
  facet normal 0.9978589232386044 0.0654031292301298 2.9253059196149634e-15
    outer loop
      vertex 97.3 -61.7 8.315
      vertex 97.28032318115976 -61.399789757893885 10.615
      vertex 97.29377337103254 -61.60499999999999 10.615
    endloop
  endfacet
  facet normal 0.8314696123025578 0.5555702330195834 0
    outer loop
      vertex 96.9918584287042 -60.550000000000004 10.615
      vertex 96.8949725262059 -60.404999999999994 9.115
      vertex 96.8949725262059 -60.404999999999994 10.49576416241097
    endloop
  endfacet
  facet normal 0.8314696123025579 0.5555702330195833 0
    outer loop
      vertex 96.9918584287042 -60.550000000000004 10.615
      vertex 96.8949725262059 -60.404999999999994 10.49576416241097
      vertex 96.8949725262059 -60.404999999999994 10.615
    endloop
  endfacet
  facet normal 0.9978589232386028 -0.06540312923015211 0
    outer loop
      vertex 97.3 -61.7 8.315
      vertex 97.3 -61.7 15.399999999999999
      vertex 97.28032318115976 -62.00021024210612 8.315
    endloop
  endfacet
  facet normal -0.4422886902190092 -0.8968727415326844 0
    outer loop
      vertex 93.85 -63.69185842870421 8.315
      vertex 94.11982810556029 -63.82492292477596 8.315
      vertex 94.11982810556029 -63.82492292477596 15.399999999999999
    endloop
  endfacet
  facet normal -0.32143946530315376 -0.9469301294951084 0
    outer loop
      vertex 94.11982810556029 -63.82492292477596 8.315
      vertex 94.4047161962642 -63.92162940046486 8.315
      vertex 94.4047161962642 -63.92162940046486 15.399999999999999
    endloop
  endfacet
  facet normal 0.32143946530315376 -0.9469301294951084 0
    outer loop
      vertex 95.5952838037358 -63.92162940046486 8.315
      vertex 95.88017189443971 -63.82492292477596 8.315
      vertex 95.88017189443971 -63.82492292477596 15.399999999999999
    endloop
  endfacet
  facet normal 0.9807852804032378 -0.19509032201609172 0
    outer loop
      vertex 97.28032318115976 -62.00021024210612 8.315
      vertex 97.28032318115976 -62.00021024210612 15.399999999999999
      vertex 97.22162940046486 -62.2952838037358 8.315
    endloop
  endfacet
  facet normal 0.9469301294950988 -0.3214394653031821 0
    outer loop
      vertex 97.22162940046486 -62.2952838037358 8.315
      vertex 97.22162940046486 -62.2952838037358 15.399999999999999
      vertex 97.12492292477596 -62.58017189443971 8.315
    endloop
  endfacet
  facet normal 0.8968727415326844 -0.4422886902190092 0
    outer loop
      vertex 96.9918584287042 -62.85 8.315
      vertex 97.12492292477596 -62.58017189443971 8.315
      vertex 97.12492292477596 -62.58017189443971 15.399999999999999
    endloop
  endfacet
  facet normal 0.8314696123025548 -0.5555702330195879 0
    outer loop
      vertex 96.9918584287042 -62.85 8.315
      vertex 96.9918584287042 -62.85 15.399999999999999
      vertex 96.82471268266984 -63.10015128672006 8.315
    endloop
  endfacet
  facet normal 0.6593458151000834 -0.7518398074789646 0
    outer loop
      vertex 96.62634559672905 -63.32634559672906 8.315
      vertex 96.62634559672905 -63.32634559672906 15.399999999999999
      vertex 96.40015128672006 -63.52471268266984 8.315
    endloop
  endfacet
  facet normal 0.7518398074789633 -0.659345815100085 0
    outer loop
      vertex 96.82471268266984 -63.10015128672006 8.315
      vertex 96.82471268266984 -63.10015128672006 15.399999999999999
      vertex 96.62634559672905 -63.32634559672906 8.315
    endloop
  endfacet
  facet normal 0.5555702330195988 -0.8314696123025476 0
    outer loop
      vertex 96.40015128672006 -63.52471268266984 8.315
      vertex 96.40015128672006 -63.52471268266984 15.399999999999999
      vertex 96.15 -63.69185842870421 8.315
    endloop
  endfacet
  facet normal 0.4422886902190092 -0.8968727415326844 0
    outer loop
      vertex 95.88017189443971 -63.82492292477596 8.315
      vertex 96.15 -63.69185842870421 8.315
      vertex 96.15 -63.69185842870421 15.399999999999999
    endloop
  endfacet
  facet normal -0.19509032201613713 -0.9807852804032285 0
    outer loop
      vertex 94.4047161962642 -63.92162940046486 8.315
      vertex 94.69978975789388 -63.98032318115977 8.315
      vertex 94.69978975789388 -63.98032318115977 15.399999999999999
    endloop
  endfacet
  facet normal -0.06540312923012859 -0.9978589232386045 0
    outer loop
      vertex 94.69978975789388 -63.98032318115977 8.315
      vertex 95 -64 8.315
      vertex 95 -64 15.399999999999999
    endloop
  endfacet
  facet normal 0.06540312923012859 -0.9978589232386045 0
    outer loop
      vertex 95 -64 8.315
      vertex 95.30021024210612 -63.98032318115977 8.315
      vertex 95.30021024210612 -63.98032318115977 15.399999999999999
    endloop
  endfacet
  facet normal 0.19509032201613713 -0.9807852804032285 0
    outer loop
      vertex 95.5952838037358 -63.92162940046486 8.315
      vertex 95.5952838037358 -63.92162940046486 15.399999999999999
      vertex 95.30021024210612 -63.98032318115977 8.315
    endloop
  endfacet
  facet normal -0.9978589232385998 0.06540312923020031 0
    outer loop
      vertex 92.7 -61.7 8.315
      vertex 92.7 -61.7 15.399999999999999
      vertex 92.70622662896746 -61.60499999999999 10.615
    endloop
  endfacet
  facet normal 0.9978589232385998 0.06540312923020031 0
    outer loop
      vertex 97.3 -61.7 8.315
      vertex 97.29377337103254 -61.60499999999999 10.615
      vertex 97.3 -61.7 15.399999999999999
    endloop
  endfacet
  facet normal -0.9978589232386028 -0.06540312923015211 0
    outer loop
      vertex 92.7 -61.7 8.315
      vertex 92.71967681884024 -62.00021024210612 15.399999999999999
      vertex 92.7 -61.7 15.399999999999999
    endloop
  endfacet
  facet normal -0.9978589232385998 0.06540312923020032 0
    outer loop
      vertex 92.70622662896746 -61.60499999999999 10.615
      vertex 92.7 -61.7 15.399999999999999
      vertex 92.70622662896746 -61.60499999999999 15.399999999999999
    endloop
  endfacet
  facet normal -0.9807852804032378 -0.19509032201609172 0
    outer loop
      vertex 92.71967681884024 -62.00021024210612 8.315
      vertex 92.77837059953514 -62.2952838037358 15.399999999999999
      vertex 92.71967681884024 -62.00021024210612 15.399999999999999
    endloop
  endfacet
  facet normal -0.9469301294950988 -0.3214394653031821 0
    outer loop
      vertex 92.77837059953514 -62.2952838037358 8.315
      vertex 92.87507707522404 -62.58017189443971 15.399999999999999
      vertex 92.77837059953514 -62.2952838037358 15.399999999999999
    endloop
  endfacet
  facet normal -0.8968727415326844 -0.4422886902190092 0
    outer loop
      vertex 92.87507707522404 -62.58017189443971 8.315
      vertex 93.0081415712958 -62.85 15.399999999999999
      vertex 92.87507707522404 -62.58017189443971 15.399999999999999
    endloop
  endfacet
  facet normal -0.8314696123025548 -0.5555702330195879 0
    outer loop
      vertex 93.0081415712958 -62.85 8.315
      vertex 93.17528731733016 -63.10015128672006 15.399999999999999
      vertex 93.0081415712958 -62.85 15.399999999999999
    endloop
  endfacet
  facet normal -0.7518398074789633 -0.659345815100085 0
    outer loop
      vertex 93.17528731733016 -63.10015128672006 8.315
      vertex 93.37365440327095 -63.32634559672906 15.399999999999999
      vertex 93.17528731733016 -63.10015128672006 15.399999999999999
    endloop
  endfacet
  facet normal -0.6593458151000834 -0.7518398074789646 0
    outer loop
      vertex 93.37365440327095 -63.32634559672906 8.315
      vertex 93.59984871327994 -63.52471268266984 15.399999999999999
      vertex 93.37365440327095 -63.32634559672906 15.399999999999999
    endloop
  endfacet
  facet normal -0.5555702330195988 -0.8314696123025476 0
    outer loop
      vertex 93.59984871327994 -63.52471268266984 8.315
      vertex 93.85 -63.69185842870421 15.399999999999999
      vertex 93.59984871327994 -63.52471268266984 15.399999999999999
    endloop
  endfacet
  facet normal -0.4422886902190092 -0.8968727415326844 0
    outer loop
      vertex 93.85 -63.69185842870421 8.315
      vertex 94.11982810556029 -63.82492292477596 15.399999999999999
      vertex 93.85 -63.69185842870421 15.399999999999999
    endloop
  endfacet
  facet normal 0.9978589232385998 0.06540312923020032 0
    outer loop
      vertex 97.29377337103254 -61.60499999999999 10.615
      vertex 97.29377337103254 -61.60499999999999 15.399999999999999
      vertex 97.3 -61.7 15.399999999999999
    endloop
  endfacet
  facet normal -0.32143946530315376 -0.9469301294951084 0
    outer loop
      vertex 94.11982810556029 -63.82492292477596 8.315
      vertex 94.4047161962642 -63.92162940046486 15.399999999999999
      vertex 94.11982810556029 -63.82492292477596 15.399999999999999
    endloop
  endfacet
  facet normal 0.32143946530315376 -0.9469301294951084 0
    outer loop
      vertex 95.5952838037358 -63.92162940046486 8.315
      vertex 95.88017189443971 -63.82492292477596 15.399999999999999
      vertex 95.5952838037358 -63.92162940046486 15.399999999999999
    endloop
  endfacet
  facet normal 0.4422886902190092 -0.8968727415326844 0
    outer loop
      vertex 95.88017189443971 -63.82492292477596 8.315
      vertex 96.15 -63.69185842870421 15.399999999999999
      vertex 95.88017189443971 -63.82492292477596 15.399999999999999
    endloop
  endfacet
  facet normal 0.9978589232386028 -0.06540312923015211 0
    outer loop
      vertex 97.28032318115976 -62.00021024210612 8.315
      vertex 97.3 -61.7 15.399999999999999
      vertex 97.28032318115976 -62.00021024210612 15.399999999999999
    endloop
  endfacet
  facet normal 0.9807852804032378 -0.19509032201609172 0
    outer loop
      vertex 97.22162940046486 -62.2952838037358 8.315
      vertex 97.28032318115976 -62.00021024210612 15.399999999999999
      vertex 97.22162940046486 -62.2952838037358 15.399999999999999
    endloop
  endfacet
  facet normal 0.9469301294950988 -0.3214394653031821 0
    outer loop
      vertex 97.12492292477596 -62.58017189443971 8.315
      vertex 97.22162940046486 -62.2952838037358 15.399999999999999
      vertex 97.12492292477596 -62.58017189443971 15.399999999999999
    endloop
  endfacet
  facet normal 0.8968727415326844 -0.4422886902190092 0
    outer loop
      vertex 96.9918584287042 -62.85 8.315
      vertex 97.12492292477596 -62.58017189443971 15.399999999999999
      vertex 96.9918584287042 -62.85 15.399999999999999
    endloop
  endfacet
  facet normal 0.8314696123025548 -0.5555702330195879 0
    outer loop
      vertex 96.82471268266984 -63.10015128672006 8.315
      vertex 96.9918584287042 -62.85 15.399999999999999
      vertex 96.82471268266984 -63.10015128672006 15.399999999999999
    endloop
  endfacet
  facet normal 0.7518398074789633 -0.659345815100085 0
    outer loop
      vertex 96.62634559672905 -63.32634559672906 8.315
      vertex 96.82471268266984 -63.10015128672006 15.399999999999999
      vertex 96.62634559672905 -63.32634559672906 15.399999999999999
    endloop
  endfacet
  facet normal 0.5555702330195988 -0.8314696123025476 0
    outer loop
      vertex 96.15 -63.69185842870421 8.315
      vertex 96.40015128672006 -63.52471268266984 15.399999999999999
      vertex 96.15 -63.69185842870421 15.399999999999999
    endloop
  endfacet
  facet normal 0.6593458151000834 -0.7518398074789646 0
    outer loop
      vertex 96.40015128672006 -63.52471268266984 8.315
      vertex 96.62634559672905 -63.32634559672906 15.399999999999999
      vertex 96.40015128672006 -63.52471268266984 15.399999999999999
    endloop
  endfacet
  facet normal -0.19509032201613713 -0.9807852804032285 0
    outer loop
      vertex 94.4047161962642 -63.92162940046486 8.315
      vertex 94.69978975789388 -63.98032318115977 15.399999999999999
      vertex 94.4047161962642 -63.92162940046486 15.399999999999999
    endloop
  endfacet
  facet normal -0.06540312923012859 -0.9978589232386045 0
    outer loop
      vertex 94.69978975789388 -63.98032318115977 8.315
      vertex 95 -64 15.399999999999999
      vertex 94.69978975789388 -63.98032318115977 15.399999999999999
    endloop
  endfacet
  facet normal 0.06540312923012859 -0.9978589232386045 0
    outer loop
      vertex 95 -64 8.315
      vertex 95.30021024210612 -63.98032318115977 15.399999999999999
      vertex 95 -64 15.399999999999999
    endloop
  endfacet
  facet normal 0.19509032201613713 -0.9807852804032285 0
    outer loop
      vertex 95.30021024210612 -63.98032318115977 8.315
      vertex 95.5952838037358 -63.92162940046486 15.399999999999999
      vertex 95.30021024210612 -63.98032318115977 15.399999999999999
    endloop
  endfacet
  facet normal 0 0 -1
    outer loop
      vertex 97.87507707522404 -3.3198281055602936 5.85
      vertex 98.0081415712958 -3.0500000000000003 5.85
      vertex 98.0081415712958 -5.35 5.85
    endloop
  endfacet
  facet normal 0 0 -1
    outer loop
      vertex 97.87507707522404 -3.3198281055602936 5.85
      vertex 97.87507707522404 -5.080171894439706 5.85
      vertex 97.77837059953514 -3.6047161962642025 5.85
    endloop
  endfacet
  facet normal 0 0 -1
    outer loop
      vertex 97.77837059953514 -3.6047161962642025 5.85
      vertex 97.77837059953514 -4.795283803735797 5.85
      vertex 97.71967681884024 -3.8997897578938816 5.85
    endloop
  endfacet
  facet normal 0 0 -1
    outer loop
      vertex 99.4047161962642 -1.9783705995351433 5.85
      vertex 99.4875 -3.312323961120951 5.85
      vertex 99.11982810556029 -2.075077075224041 5.85
    endloop
  endfacet
  facet normal 0 0 -1
    outer loop
      vertex 99.4047161962642 -1.9783705995351433 5.85
      vertex 99.69978975789388 -1.9196768188402364 5.85
      vertex 99.73471047876991 -3.2099260280537054 5.85
    endloop
  endfacet
  facet normal 0 0 -1
    outer loop
      vertex 99.69978975789388 -1.9196768188402364 5.85
      vertex 100 -1.9000000000000004 5.85
      vertex 99.86621065297444 -3.1837690170918447 5.85
    endloop
  endfacet
  facet normal 0 0 -1
    outer loop
      vertex 98.85 -2.2081415712957915 5.85
      vertex 99.11982810556029 -2.075077075224041 5.85
      vertex 99.18681282620149 -3.5760195352660613 5.85
    endloop
  endfacet
  facet normal 0 0 -1
    outer loop
      vertex 99.11982810556029 -2.075077075224041 5.85
      vertex 99.27521554928379 -3.475215549283789 5.85
      vertex 99.18681282620149 -3.5760195352660613 5.85
    endloop
  endfacet
  facet normal 0 0 -1
    outer loop
      vertex 99.11982810556029 -2.075077075224041 5.85
      vertex 99.4875 -3.312323961120951 5.85
      vertex 99.37601953526607 -3.386812826201484 5.85
    endloop
  endfacet
  facet normal 0 0 -1
    outer loop
      vertex 99.4047161962642 -1.9783705995351433 5.85
      vertex 99.60774948182578 -3.2530234791759316 5.85
      vertex 99.4875 -3.312323961120951 5.85
    endloop
  endfacet
  facet normal 0 0 -1
    outer loop
      vertex 99.11982810556029 -2.075077075224041 5.85
      vertex 99.37601953526607 -3.386812826201484 5.85
      vertex 99.27521554928379 -3.475215549283789 5.85
    endloop
  endfacet
  facet normal 0 0 -1
    outer loop
      vertex 99.4047161962642 -1.9783705995351433 5.85
      vertex 99.73471047876991 -3.2099260280537054 5.85
      vertex 99.60774948182578 -3.2530234791759316 5.85
    endloop
  endfacet
  facet normal 0 0 -1
    outer loop
      vertex 99.69978975789388 -1.9196768188402364 5.85
      vertex 99.86621065297444 -3.1837690170918447 5.85
      vertex 99.73471047876991 -3.2099260280537054 5.85
    endloop
  endfacet
  facet normal 0 0 -1
    outer loop
      vertex 100 -1.9000000000000004 5.85
      vertex 100 -3.1750000000000003 5.85
      vertex 99.86621065297444 -3.1837690170918447 5.85
    endloop
  endfacet
  facet normal 0 0 -1
    outer loop
      vertex 98.85 -2.2081415712957915 5.85
      vertex 99.05302347917593 -3.807749481825783 5.85
      vertex 99.0099260280537 -3.9347104787699165 5.85
    endloop
  endfacet
  facet normal 0 0 -1
    outer loop
      vertex 98.85 -2.2081415712957915 5.85
      vertex 99.0099260280537 -3.9347104787699165 5.85
      vertex 98.98376901709184 -4.066210652974448 5.85
    endloop
  endfacet
  facet normal 0 0 -1
    outer loop
      vertex 98.85 -2.2081415712957915 5.85
      vertex 98.85 -6.191858428704209 5.85
      vertex 98.59984871327994 -2.3752873173301596 5.85
    endloop
  endfacet
  facet normal 0 0 -1
    outer loop
      vertex 98.85 -2.2081415712957915 5.85
      vertex 98.98376901709184 -4.066210652974448 5.85
      vertex 98.975 -4.2 5.85
    endloop
  endfacet
  facet normal 0 0 -1
    outer loop
      vertex 98.17528731733016 -2.7998487132799426 5.85
      vertex 98.17528731733016 -5.600151286720058 5.85
      vertex 98.0081415712958 -3.0500000000000003 5.85
    endloop
  endfacet
  facet normal 0 0 -1
    outer loop
      vertex 98.37365440327095 -2.573654403270941 5.85
      vertex 98.37365440327095 -5.826345596729059 5.85
      vertex 98.17528731733016 -2.7998487132799426 5.85
    endloop
  endfacet
  facet normal 0 0 -1
    outer loop
      vertex 98.37365440327095 -2.573654403270941 5.85
      vertex 98.59984871327994 -2.3752873173301596 5.85
      vertex 98.59984871327994 -6.024712682669841 5.85
    endloop
  endfacet
  facet normal 0 0 -1
    outer loop
      vertex 98.85 -2.2081415712957915 5.85
      vertex 99.18681282620149 -3.5760195352660613 5.85
      vertex 99.11232396112095 -3.6875 5.85
    endloop
  endfacet
  facet normal 0 0 -1
    outer loop
      vertex 98.85 -2.2081415712957915 5.85
      vertex 99.11232396112095 -3.6875 5.85
      vertex 99.05302347917593 -3.807749481825783 5.85
    endloop
  endfacet
  facet normal 0 0 -1
    outer loop
      vertex 100 -1.9000000000000004 5.85
      vertex 100.30021024210612 -1.9196768188402364 5.85
      vertex 100.13378934702556 -3.1837690170918447 5.85
    endloop
  endfacet
  facet normal 0 0 -1
    outer loop
      vertex 100.30021024210612 -1.9196768188402364 5.85
      vertex 100.5952838037358 -1.9783705995351433 5.85
      vertex 100.39225051817422 -3.2530234791759316 5.85
    endloop
  endfacet
  facet normal 0 0 -1
    outer loop
      vertex 100.5952838037358 -1.9783705995351433 5.85
      vertex 100.88017189443971 -2.075077075224041 5.85
      vertex 100.72478445071621 -3.475215549283789 5.85
    endloop
  endfacet
  facet normal 0 0 -1
    outer loop
      vertex 100 -1.9000000000000004 5.85
      vertex 100.13378934702556 -3.1837690170918447 5.85
      vertex 100 -3.1750000000000003 5.85
    endloop
  endfacet
  facet normal 0 0 -1
    outer loop
      vertex 100.30021024210612 -1.9196768188402364 5.85
      vertex 100.26528952123009 -3.2099260280537054 5.85
      vertex 100.13378934702556 -3.1837690170918447 5.85
    endloop
  endfacet
  facet normal 0 0 -1
    outer loop
      vertex 100.30021024210612 -1.9196768188402364 5.85
      vertex 100.39225051817422 -3.2530234791759316 5.85
      vertex 100.26528952123009 -3.2099260280537054 5.85
    endloop
  endfacet
  facet normal 0 0 -1
    outer loop
      vertex 100.5952838037358 -1.9783705995351433 5.85
      vertex 100.5125 -3.312323961120951 5.85
      vertex 100.39225051817422 -3.2530234791759316 5.85
    endloop
  endfacet
  facet normal 0 0 -1
    outer loop
      vertex 100.5952838037358 -1.9783705995351433 5.85
      vertex 100.62398046473393 -3.386812826201484 5.85
      vertex 100.5125 -3.312323961120951 5.85
    endloop
  endfacet
  facet normal 0 0 -1
    outer loop
      vertex 100.5952838037358 -1.9783705995351433 5.85
      vertex 100.72478445071621 -3.475215549283789 5.85
      vertex 100.62398046473393 -3.386812826201484 5.85
    endloop
  endfacet
  facet normal 0 0 -1
    outer loop
      vertex 100.88017189443971 -2.075077075224041 5.85
      vertex 100.81318717379851 -3.5760195352660613 5.85
      vertex 100.72478445071621 -3.475215549283789 5.85
    endloop
  endfacet
  facet normal 0 0 -1
    outer loop
      vertex 100.88017189443971 -2.075077075224041 5.85
      vertex 101.15 -2.2081415712957915 5.85
      vertex 101.01623098290816 -4.066210652974448 5.85
    endloop
  endfacet
  facet normal 0 0 -1
    outer loop
      vertex 100.88017189443971 -2.075077075224041 5.85
      vertex 100.88767603887905 -3.6875 5.85
      vertex 100.81318717379851 -3.5760195352660613 5.85
    endloop
  endfacet
  facet normal 0 0 -1
    outer loop
      vertex 100.88017189443971 -2.075077075224041 5.85
      vertex 100.94697652082407 -3.807749481825783 5.85
      vertex 100.88767603887905 -3.6875 5.85
    endloop
  endfacet
  facet normal 0 0 -1
    outer loop
      vertex 100.88017189443971 -2.075077075224041 5.85
      vertex 100.9900739719463 -3.9347104787699165 5.85
      vertex 100.94697652082407 -3.807749481825783 5.85
    endloop
  endfacet
  facet normal 0 0 -1
    outer loop
      vertex 100.88017189443971 -2.075077075224041 5.85
      vertex 101.01623098290816 -4.066210652974448 5.85
      vertex 100.9900739719463 -3.9347104787699165 5.85
    endloop
  endfacet
  facet normal 0 0 -1
    outer loop
      vertex 101.15 -2.2081415712957915 5.85
      vertex 101.025 -4.2 5.85
      vertex 101.01623098290816 -4.066210652974448 5.85
    endloop
  endfacet
  facet normal 0 0 -1
    outer loop
      vertex 101.15 -2.2081415712957915 5.85
      vertex 101.40015128672006 -2.3752873173301596 5.85
      vertex 101.40015128672006 -6.024712682669841 5.85
    endloop
  endfacet
  facet normal 0 0 -1
    outer loop
      vertex 101.40015128672006 -2.3752873173301596 5.85
      vertex 101.62634559672905 -2.573654403270941 5.85
      vertex 101.62634559672905 -5.826345596729059 5.85
    endloop
  endfacet
  facet normal 0 0 -1
    outer loop
      vertex 101.62634559672905 -2.573654403270941 5.85
      vertex 101.82471268266984 -2.7998487132799426 5.85
      vertex 101.82471268266984 -5.600151286720058 5.85
    endloop
  endfacet
  facet normal 0 0 -1
    outer loop
      vertex 101.82471268266984 -2.7998487132799426 5.85
      vertex 101.9918584287042 -3.0500000000000003 5.85
      vertex 101.9918584287042 -5.35 5.85
    endloop
  endfacet
  facet normal -0.8968727415326844 0.4422886902190092 0
    outer loop
      vertex 97.87507707522404 -3.3198281055602936 5.85
      vertex 97.87507707522404 -3.3198281055602936 7.715
      vertex 98.0081415712958 -3.0500000000000003 5.85
    endloop
  endfacet
  facet normal -0.9469301294950986 0.32143946530318207 0
    outer loop
      vertex 97.87507707522404 -3.3198281055602936 5.85
      vertex 97.77837059953514 -3.6047161962642025 5.85
      vertex 97.77837059953514 -3.6047161962642025 7.715
    endloop
  endfacet
  facet normal -0.9807852804032379 0.19509032201609117 0
    outer loop
      vertex 97.77837059953514 -3.6047161962642025 5.85
      vertex 97.71967681884024 -3.8997897578938816 5.85
      vertex 97.71967681884024 -3.8997897578938816 7.715
    endloop
  endfacet
  facet normal -0.9978589232386029 0.06540312923015201 0
    outer loop
      vertex 97.71967681884024 -3.8997897578938816 5.85
      vertex 97.7 -4.2 5.85
      vertex 97.7 -4.2 7.715
    endloop
  endfacet
  facet normal -0.32143946530315504 0.9469301294951079 0
    outer loop
      vertex 99.4047161962642 -1.9783705995351433 5.85
      vertex 99.11982810556029 -2.075077075224041 5.85
      vertex 99.11982810556029 -2.075077075224041 7.715
    endloop
  endfacet
  facet normal -0.19509032201612864 0.9807852804032304 0
    outer loop
      vertex 99.4047161962642 -1.9783705995351433 5.85
      vertex 99.4047161962642 -1.9783705995351433 7.715
      vertex 99.69978975789388 -1.9196768188402364 5.85
    endloop
  endfacet
  facet normal -0.0654031292301433 0.9978589232386035 0
    outer loop
      vertex 99.69978975789388 -1.9196768188402364 5.85
      vertex 99.69978975789388 -1.9196768188402364 7.715
      vertex 100 -1.9000000000000004 5.85
    endloop
  endfacet
  facet normal 0.0654031292301433 0.9978589232386035 0
    outer loop
      vertex 100 -1.9000000000000004 5.85
      vertex 100 -1.9000000000000004 7.715
      vertex 100.30021024210612 -1.9196768188402364 5.85
    endloop
  endfacet
  facet normal 0.19509032201612864 0.9807852804032304 0
    outer loop
      vertex 100.30021024210612 -1.9196768188402364 5.85
      vertex 100.30021024210612 -1.9196768188402364 7.715
      vertex 100.5952838037358 -1.9783705995351433 5.85
    endloop
  endfacet
  facet normal 0.32143946530315504 0.9469301294951079 0
    outer loop
      vertex 100.5952838037358 -1.9783705995351433 5.85
      vertex 100.5952838037358 -1.9783705995351433 7.715
      vertex 100.88017189443971 -2.075077075224041 5.85
    endloop
  endfacet
  facet normal -0.6593458151000843 0.7518398074789641 0
    outer loop
      vertex 98.37365440327095 -2.573654403270941 5.85
      vertex 98.37365440327095 -2.573654403270941 7.715
      vertex 98.59984871327994 -2.3752873173301596 5.85
    endloop
  endfacet
  facet normal -0.5555702330196071 0.8314696123025421 0
    outer loop
      vertex 98.85 -2.2081415712957915 5.85
      vertex 98.59984871327994 -2.3752873173301596 5.85
      vertex 98.59984871327994 -2.3752873173301596 7.715
    endloop
  endfacet
  facet normal -0.44228869021900086 0.8968727415326885 0
    outer loop
      vertex 98.85 -2.2081415712957915 5.85
      vertex 98.85 -2.2081415712957915 7.715
      vertex 99.11982810556029 -2.075077075224041 5.85
    endloop
  endfacet
  facet normal -0.7518398074789664 0.6593458151000814 0
    outer loop
      vertex 98.37365440327095 -2.573654403270941 5.85
      vertex 98.17528731733016 -2.7998487132799426 5.85
      vertex 98.17528731733016 -2.7998487132799426 7.715
    endloop
  endfacet
  facet normal -0.8314696123025507 0.5555702330195941 0
    outer loop
      vertex 98.17528731733016 -2.7998487132799426 5.85
      vertex 98.0081415712958 -3.0500000000000003 5.85
      vertex 98.0081415712958 -3.0500000000000003 7.715
    endloop
  endfacet
  facet normal 0.44228869021900086 0.8968727415326885 0
    outer loop
      vertex 100.88017189443971 -2.075077075224041 5.85
      vertex 100.88017189443971 -2.075077075224041 7.715
      vertex 101.15 -2.2081415712957915 5.85
    endloop
  endfacet
  facet normal 0.5555702330196071 0.8314696123025421 0
    outer loop
      vertex 101.15 -2.2081415712957915 5.85
      vertex 101.15 -2.2081415712957915 7.715
      vertex 101.40015128672006 -2.3752873173301596 5.85
    endloop
  endfacet
  facet normal 0.6593458151000843 0.7518398074789641 0
    outer loop
      vertex 101.40015128672006 -2.3752873173301596 5.85
      vertex 101.40015128672006 -2.3752873173301596 7.715
      vertex 101.62634559672905 -2.573654403270941 5.85
    endloop
  endfacet
  facet normal 0.7518398074789664 0.6593458151000814 0
    outer loop
      vertex 101.62634559672905 -2.573654403270941 5.85
      vertex 101.62634559672905 -2.573654403270941 7.715
      vertex 101.82471268266984 -2.7998487132799426 5.85
    endloop
  endfacet
  facet normal 0.8314696123025507 0.5555702330195941 0
    outer loop
      vertex 101.82471268266984 -2.7998487132799426 5.85
      vertex 101.82471268266984 -2.7998487132799426 7.715
      vertex 101.9918584287042 -3.0500000000000003 5.85
    endloop
  endfacet
  facet normal 0 0 -1
    outer loop
      vertex 97.71967681884024 -3.8997897578938816 5.85
      vertex 97.71967681884024 -4.500210242106119 5.85
      vertex 97.7 -4.2 5.85
    endloop
  endfacet
  facet normal 0 0 -1
    outer loop
      vertex 97.71967681884024 -3.8997897578938816 5.85
      vertex 97.77837059953514 -4.795283803735797 5.85
      vertex 97.71967681884024 -4.500210242106119 5.85
    endloop
  endfacet
  facet normal 0 0 -1
    outer loop
      vertex 97.77837059953514 -3.6047161962642025 5.85
      vertex 97.87507707522404 -5.080171894439706 5.85
      vertex 97.77837059953514 -4.795283803735797 5.85
    endloop
  endfacet
  facet normal 0 0 -1
    outer loop
      vertex 97.87507707522404 -3.3198281055602936 5.85
      vertex 98.0081415712958 -5.35 5.85
      vertex 97.87507707522404 -5.080171894439706 5.85
    endloop
  endfacet
  facet normal 0 0 -1
    outer loop
      vertex 98.85 -2.2081415712957915 5.85
      vertex 98.975 -4.2 5.85
      vertex 98.85 -6.191858428704209 5.85
    endloop
  endfacet
  facet normal 0 0 -1
    outer loop
      vertex 98.0081415712958 -3.0500000000000003 5.85
      vertex 98.17528731733016 -5.600151286720058 5.85
      vertex 98.0081415712958 -5.35 5.85
    endloop
  endfacet
  facet normal 0 0 -1
    outer loop
      vertex 98.17528731733016 -2.7998487132799426 5.85
      vertex 98.37365440327095 -5.826345596729059 5.85
      vertex 98.17528731733016 -5.600151286720058 5.85
    endloop
  endfacet
  facet normal 0 0 -1
    outer loop
      vertex 98.37365440327095 -2.573654403270941 5.85
      vertex 98.59984871327994 -6.024712682669841 5.85
      vertex 98.37365440327095 -5.826345596729059 5.85
    endloop
  endfacet
  facet normal 0 0 -1
    outer loop
      vertex 98.59984871327994 -2.3752873173301596 5.85
      vertex 98.85 -6.191858428704209 5.85
      vertex 98.59984871327994 -6.024712682669841 5.85
    endloop
  endfacet
  facet normal 0 0 -1
    outer loop
      vertex 98.975 -4.2 5.85
      vertex 98.98376901709184 -4.333789347025553 5.85
      vertex 98.85 -6.191858428704209 5.85
    endloop
  endfacet
  facet normal 0 0 -1
    outer loop
      vertex 98.98376901709184 -4.333789347025553 5.85
      vertex 99.0099260280537 -4.465289521230084 5.85
      vertex 99.11982810556029 -6.32492292477596 5.85
    endloop
  endfacet
  facet normal 0 0 -1
    outer loop
      vertex 99.0099260280537 -4.465289521230084 5.85
      vertex 99.05302347917593 -4.592250518174217 5.85
      vertex 99.11982810556029 -6.32492292477596 5.85
    endloop
  endfacet
  facet normal 0 0 -1
    outer loop
      vertex 98.98376901709184 -4.333789347025553 5.85
      vertex 99.11982810556029 -6.32492292477596 5.85
      vertex 98.85 -6.191858428704209 5.85
    endloop
  endfacet
  facet normal 0 0 -1
    outer loop
      vertex 99.05302347917593 -4.592250518174217 5.85
      vertex 99.11232396112095 -4.7125 5.85
      vertex 99.11982810556029 -6.32492292477596 5.85
    endloop
  endfacet
  facet normal 0 0 -1
    outer loop
      vertex 99.11232396112095 -4.7125 5.85
      vertex 99.18681282620149 -4.823980464733939 5.85
      vertex 99.11982810556029 -6.32492292477596 5.85
    endloop
  endfacet
  facet normal 0 0 -1
    outer loop
      vertex 99.18681282620149 -4.823980464733939 5.85
      vertex 99.27521554928379 -4.924784450716212 5.85
      vertex 99.11982810556029 -6.32492292477596 5.85
    endloop
  endfacet
  facet normal 0 0 -1
    outer loop
      vertex 99.27521554928379 -4.924784450716212 5.85
      vertex 99.37601953526607 -5.013187173798516 5.85
      vertex 99.4047161962642 -6.421629400464857 5.85
    endloop
  endfacet
  facet normal 0 0 -1
    outer loop
      vertex 99.37601953526607 -5.013187173798516 5.85
      vertex 99.4875 -5.087676038879049 5.85
      vertex 99.4047161962642 -6.421629400464857 5.85
    endloop
  endfacet
  facet normal 0 0 -1
    outer loop
      vertex 99.4875 -5.087676038879049 5.85
      vertex 99.60774948182578 -5.146976520824069 5.85
      vertex 99.4047161962642 -6.421629400464857 5.85
    endloop
  endfacet
  facet normal 0 0 -1
    outer loop
      vertex 99.60774948182578 -5.146976520824069 5.85
      vertex 99.73471047876991 -5.190073971946295 5.85
      vertex 99.69978975789388 -6.480323181159764 5.85
    endloop
  endfacet
  facet normal 0 0 -1
    outer loop
      vertex 99.73471047876991 -5.190073971946295 5.85
      vertex 99.86621065297444 -5.216230982908156 5.85
      vertex 99.69978975789388 -6.480323181159764 5.85
    endloop
  endfacet
  facet normal 0 0 -1
    outer loop
      vertex 99.86621065297444 -5.216230982908156 5.85
      vertex 100 -5.225 5.85
      vertex 100 -6.5 5.85
    endloop
  endfacet
  facet normal 0 0 -1
    outer loop
      vertex 99.27521554928379 -4.924784450716212 5.85
      vertex 99.4047161962642 -6.421629400464857 5.85
      vertex 99.11982810556029 -6.32492292477596 5.85
    endloop
  endfacet
  facet normal 0 0 -1
    outer loop
      vertex 99.60774948182578 -5.146976520824069 5.85
      vertex 99.69978975789388 -6.480323181159764 5.85
      vertex 99.4047161962642 -6.421629400464857 5.85
    endloop
  endfacet
  facet normal 0 0 -1
    outer loop
      vertex 99.86621065297444 -5.216230982908156 5.85
      vertex 100 -6.5 5.85
      vertex 99.69978975789388 -6.480323181159764 5.85
    endloop
  endfacet
  facet normal 0 0 -1
    outer loop
      vertex 101.15 -2.2081415712957915 5.85
      vertex 101.15 -6.191858428704209 5.85
      vertex 101.025 -4.2 5.85
    endloop
  endfacet
  facet normal 0 0 -1
    outer loop
      vertex 101.82471268266984 -2.7998487132799426 5.85
      vertex 101.9918584287042 -5.35 5.85
      vertex 101.82471268266984 -5.600151286720058 5.85
    endloop
  endfacet
  facet normal 0 0 -1
    outer loop
      vertex 101.15 -2.2081415712957915 5.85
      vertex 101.40015128672006 -6.024712682669841 5.85
      vertex 101.15 -6.191858428704209 5.85
    endloop
  endfacet
  facet normal 0 0 -1
    outer loop
      vertex 101.40015128672006 -2.3752873173301596 5.85
      vertex 101.62634559672905 -5.826345596729059 5.85
      vertex 101.40015128672006 -6.024712682669841 5.85
    endloop
  endfacet
  facet normal 0 0 -1
    outer loop
      vertex 101.025 -4.2 5.85
      vertex 101.15 -6.191858428704209 5.85
      vertex 101.01623098290816 -4.333789347025553 5.85
    endloop
  endfacet
  facet normal 0 0 -1
    outer loop
      vertex 100.9900739719463 -4.465289521230084 5.85
      vertex 101.01623098290816 -4.333789347025553 5.85
      vertex 101.15 -6.191858428704209 5.85
    endloop
  endfacet
  facet normal 0 0 -1
    outer loop
      vertex 100.9900739719463 -4.465289521230084 5.85
      vertex 101.15 -6.191858428704209 5.85
      vertex 100.94697652082407 -4.592250518174217 5.85
    endloop
  endfacet
  facet normal 0 0 -1
    outer loop
      vertex 101.62634559672905 -2.573654403270941 5.85
      vertex 101.82471268266984 -5.600151286720058 5.85
      vertex 101.62634559672905 -5.826345596729059 5.85
    endloop
  endfacet
  facet normal 0 0 -1
    outer loop
      vertex 100 -5.225 5.85
      vertex 100.13378934702556 -5.216230982908156 5.85
      vertex 100 -6.5 5.85
    endloop
  endfacet
  facet normal 0 0 -1
    outer loop
      vertex 100.13378934702556 -5.216230982908156 5.85
      vertex 100.26528952123009 -5.190073971946295 5.85
      vertex 100.30021024210612 -6.480323181159764 5.85
    endloop
  endfacet
  facet normal 0 0 -1
    outer loop
      vertex 100.39225051817422 -5.146976520824069 5.85
      vertex 100.5952838037358 -6.421629400464857 5.85
      vertex 100.26528952123009 -5.190073971946295 5.85
    endloop
  endfacet
  facet normal 0 0 -1
    outer loop
      vertex 100.94697652082407 -4.592250518174217 5.85
      vertex 101.15 -6.191858428704209 5.85
      vertex 100.88767603887905 -4.7125 5.85
    endloop
  endfacet
  facet normal 0 0 -1
    outer loop
      vertex 100.88767603887905 -4.7125 5.85
      vertex 101.15 -6.191858428704209 5.85
      vertex 100.81318717379851 -4.823980464733939 5.85
    endloop
  endfacet
  facet normal 0 0 -1
    outer loop
      vertex 100.81318717379851 -4.823980464733939 5.85
      vertex 100.88017189443971 -6.32492292477596 5.85
      vertex 100.72478445071621 -4.924784450716212 5.85
    endloop
  endfacet
  facet normal 0 0 -1
    outer loop
      vertex 100.62398046473393 -5.013187173798516 5.85
      vertex 100.88017189443971 -6.32492292477596 5.85
      vertex 100.5125 -5.087676038879049 5.85
    endloop
  endfacet
  facet normal 0 0 -1
    outer loop
      vertex 100.62398046473393 -5.013187173798516 5.85
      vertex 100.72478445071621 -4.924784450716212 5.85
      vertex 100.88017189443971 -6.32492292477596 5.85
    endloop
  endfacet
  facet normal 0 0 -1
    outer loop
      vertex 100.39225051817422 -5.146976520824069 5.85
      vertex 100.5125 -5.087676038879049 5.85
      vertex 100.5952838037358 -6.421629400464857 5.85
    endloop
  endfacet
  facet normal 0 0 -1
    outer loop
      vertex 100.13378934702556 -5.216230982908156 5.85
      vertex 100.30021024210612 -6.480323181159764 5.85
      vertex 100 -6.5 5.85
    endloop
  endfacet
  facet normal 0 0 -1
    outer loop
      vertex 100.26528952123009 -5.190073971946295 5.85
      vertex 100.5952838037358 -6.421629400464857 5.85
      vertex 100.30021024210612 -6.480323181159764 5.85
    endloop
  endfacet
  facet normal 0 0 -1
    outer loop
      vertex 100.81318717379851 -4.823980464733939 5.85
      vertex 101.15 -6.191858428704209 5.85
      vertex 100.88017189443971 -6.32492292477596 5.85
    endloop
  endfacet
  facet normal 0 0 -1
    outer loop
      vertex 100.5125 -5.087676038879049 5.85
      vertex 100.88017189443971 -6.32492292477596 5.85
      vertex 100.5952838037358 -6.421629400464857 5.85
    endloop
  endfacet
  facet normal -0.9978589232386029 -0.06540312923015192 0
    outer loop
      vertex 97.7 -4.2 5.85
      vertex 97.71967681884024 -4.500210242106119 5.85
      vertex 97.71967681884024 -4.500210242106119 7.715
    endloop
  endfacet
  facet normal -0.9807852804032376 -0.19509032201609172 0
    outer loop
      vertex 97.71967681884024 -4.500210242106119 5.85
      vertex 97.77837059953514 -4.795283803735797 5.85
      vertex 97.77837059953514 -4.795283803735797 7.715
    endloop
  endfacet
  facet normal -0.9469301294950986 -0.32143946530318207 0
    outer loop
      vertex 97.77837059953514 -4.795283803735797 5.85
      vertex 97.87507707522404 -5.080171894439706 5.85
      vertex 97.87507707522404 -5.080171894439706 7.715
    endloop
  endfacet
  facet normal -0.8968727415326844 -0.4422886902190092 0
    outer loop
      vertex 97.87507707522404 -5.080171894439706 5.85
      vertex 98.0081415712958 -5.35 5.85
      vertex 98.0081415712958 -5.35 7.715
    endloop
  endfacet
  facet normal -0.8314696123025511 -0.5555702330195934 0
    outer loop
      vertex 98.0081415712958 -5.35 5.85
      vertex 98.17528731733016 -5.600151286720058 5.85
      vertex 98.17528731733016 -5.600151286720058 7.715
    endloop
  endfacet
  facet normal -0.7518398074789657 -0.6593458151000821 0
    outer loop
      vertex 98.17528731733016 -5.600151286720058 5.85
      vertex 98.37365440327095 -5.826345596729059 5.85
      vertex 98.37365440327095 -5.826345596729059 7.715
    endloop
  endfacet
  facet normal -0.659345815100085 -0.7518398074789632 0
    outer loop
      vertex 98.37365440327095 -5.826345596729059 5.85
      vertex 98.59984871327994 -6.024712682669841 5.85
      vertex 98.59984871327994 -6.024712682669841 7.715
    endloop
  endfacet
  facet normal -0.5555702330196071 -0.8314696123025421 0
    outer loop
      vertex 98.59984871327994 -6.024712682669841 5.85
      vertex 98.85 -6.191858428704209 5.85
      vertex 98.85 -6.191858428704209 7.715
    endloop
  endfacet
  facet normal 0.8314696123025511 -0.5555702330195934 0
    outer loop
      vertex 101.9918584287042 -5.35 5.85
      vertex 101.9918584287042 -5.35 7.715
      vertex 101.82471268266984 -5.600151286720058 5.85
    endloop
  endfacet
  facet normal 0.5555702330196071 -0.8314696123025421 0
    outer loop
      vertex 101.40015128672006 -6.024712682669841 5.85
      vertex 101.40015128672006 -6.024712682669841 7.715
      vertex 101.15 -6.191858428704209 5.85
    endloop
  endfacet
  facet normal 0.659345815100085 -0.7518398074789632 0
    outer loop
      vertex 101.40015128672006 -6.024712682669841 5.85
      vertex 101.62634559672905 -5.826345596729059 5.85
      vertex 101.62634559672905 -5.826345596729059 7.715
    endloop
  endfacet
  facet normal 0.7518398074789657 -0.6593458151000821 0
    outer loop
      vertex 101.82471268266984 -5.600151286720058 5.85
      vertex 101.82471268266984 -5.600151286720058 7.715
      vertex 101.62634559672905 -5.826345596729059 5.85
    endloop
  endfacet
  facet normal -0.4422886902190021 -0.8968727415326879 0
    outer loop
      vertex 98.85 -6.191858428704209 5.85
      vertex 99.11982810556029 -6.32492292477596 5.85
      vertex 99.11982810556029 -6.32492292477596 7.715
    endloop
  endfacet
  facet normal -0.32143946530315365 -0.9469301294951082 0
    outer loop
      vertex 99.11982810556029 -6.32492292477596 5.85
      vertex 99.4047161962642 -6.421629400464857 5.85
      vertex 99.4047161962642 -6.421629400464857 7.715
    endloop
  endfacet
  facet normal -0.19509032201612864 -0.9807852804032304 0
    outer loop
      vertex 99.4047161962642 -6.421629400464857 5.85
      vertex 99.69978975789388 -6.480323181159764 5.85
      vertex 99.69978975789388 -6.480323181159764 7.715
    endloop
  endfacet
  facet normal -0.0654031292301433 -0.9978589232386035 0
    outer loop
      vertex 99.69978975789388 -6.480323181159764 5.85
      vertex 100 -6.5 5.85
      vertex 100 -6.5 7.715
    endloop
  endfacet
  facet normal 0.19509032201612864 -0.9807852804032304 0
    outer loop
      vertex 100.30021024210612 -6.480323181159764 5.85
      vertex 100.5952838037358 -6.421629400464857 5.85
      vertex 100.5952838037358 -6.421629400464857 7.715
    endloop
  endfacet
  facet normal 0.0654031292301433 -0.9978589232386035 0
    outer loop
      vertex 100 -6.5 5.85
      vertex 100.30021024210612 -6.480323181159764 5.85
      vertex 100.30021024210612 -6.480323181159764 7.715
    endloop
  endfacet
  facet normal 0.32143946530315365 -0.9469301294951082 0
    outer loop
      vertex 100.5952838037358 -6.421629400464857 5.85
      vertex 100.88017189443971 -6.32492292477596 5.85
      vertex 100.88017189443971 -6.32492292477596 7.715
    endloop
  endfacet
  facet normal 0.4422886902190021 -0.8968727415326879 0
    outer loop
      vertex 100.88017189443971 -6.32492292477596 5.85
      vertex 101.15 -6.191858428704209 5.85
      vertex 101.15 -6.191858428704209 7.715
    endloop
  endfacet
  facet normal -0.8968727415326844 0.4422886902190092 0
    outer loop
      vertex 98.0081415712958 -3.0500000000000003 5.85
      vertex 97.87507707522404 -3.3198281055602936 7.715
      vertex 98.0081415712958 -3.0500000000000003 7.715
    endloop
  endfacet
  facet normal -0.9469301294950986 0.32143946530318207 0
    outer loop
      vertex 97.87507707522404 -3.3198281055602936 5.85
      vertex 97.77837059953514 -3.6047161962642025 7.715
      vertex 97.87507707522404 -3.3198281055602936 7.715
    endloop
  endfacet
  facet normal -0.9807852804032379 0.19509032201609117 0
    outer loop
      vertex 97.77837059953514 -3.6047161962642025 5.85
      vertex 97.71967681884024 -3.8997897578938816 7.715
      vertex 97.77837059953514 -3.6047161962642025 7.715
    endloop
  endfacet
  facet normal -0.9978589232386029 0.06540312923015201 0
    outer loop
      vertex 97.71967681884024 -3.8997897578938816 5.85
      vertex 97.7 -4.2 7.715
      vertex 97.71967681884024 -3.8997897578938816 7.715
    endloop
  endfacet
  facet normal -0.32143946530315504 0.9469301294951079 0
    outer loop
      vertex 99.4047161962642 -1.9783705995351433 5.85
      vertex 99.11982810556029 -2.075077075224041 7.715
      vertex 99.4047161962642 -1.9783705995351433 7.715
    endloop
  endfacet
  facet normal -0.19509032201612864 0.9807852804032304 0
    outer loop
      vertex 99.69978975789388 -1.9196768188402364 5.85
      vertex 99.4047161962642 -1.9783705995351433 7.715
      vertex 99.69978975789388 -1.9196768188402364 7.715
    endloop
  endfacet
  facet normal -0.0654031292301433 0.9978589232386035 0
    outer loop
      vertex 100 -1.9000000000000004 5.85
      vertex 99.69978975789388 -1.9196768188402364 7.715
      vertex 100 -1.9000000000000004 7.715
    endloop
  endfacet
  facet normal 0.0654031292301433 0.9978589232386035 0
    outer loop
      vertex 100.30021024210612 -1.9196768188402364 5.85
      vertex 100 -1.9000000000000004 7.715
      vertex 100.30021024210612 -1.9196768188402364 7.715
    endloop
  endfacet
  facet normal 0.19509032201612864 0.9807852804032304 0
    outer loop
      vertex 100.5952838037358 -1.9783705995351433 5.85
      vertex 100.30021024210612 -1.9196768188402364 7.715
      vertex 100.5952838037358 -1.9783705995351433 7.715
    endloop
  endfacet
  facet normal 0.32143946530315504 0.9469301294951079 0
    outer loop
      vertex 100.88017189443971 -2.075077075224041 5.85
      vertex 100.5952838037358 -1.9783705995351433 7.715
      vertex 100.88017189443971 -2.075077075224041 7.715
    endloop
  endfacet
  facet normal -0.5555702330196071 0.8314696123025421 0
    outer loop
      vertex 98.85 -2.2081415712957915 5.85
      vertex 98.59984871327994 -2.3752873173301596 7.715
      vertex 98.85 -2.2081415712957915 7.715
    endloop
  endfacet
  facet normal -0.6593458151000843 0.7518398074789641 0
    outer loop
      vertex 98.59984871327994 -2.3752873173301596 5.85
      vertex 98.37365440327095 -2.573654403270941 7.715
      vertex 98.59984871327994 -2.3752873173301596 7.715
    endloop
  endfacet
  facet normal -0.7518398074789664 0.6593458151000814 0
    outer loop
      vertex 98.37365440327095 -2.573654403270941 5.85
      vertex 98.17528731733016 -2.7998487132799426 7.715
      vertex 98.37365440327095 -2.573654403270941 7.715
    endloop
  endfacet
  facet normal -0.8314696123025507 0.5555702330195941 0
    outer loop
      vertex 98.17528731733016 -2.7998487132799426 5.85
      vertex 98.0081415712958 -3.0500000000000003 7.715
      vertex 98.17528731733016 -2.7998487132799426 7.715
    endloop
  endfacet
  facet normal -0.44228869021900086 0.8968727415326885 0
    outer loop
      vertex 99.11982810556029 -2.075077075224041 5.85
      vertex 98.85 -2.2081415712957915 7.715
      vertex 99.11982810556029 -2.075077075224041 7.715
    endloop
  endfacet
  facet normal 0.44228869021900086 0.8968727415326885 0
    outer loop
      vertex 101.15 -2.2081415712957915 5.85
      vertex 100.88017189443971 -2.075077075224041 7.715
      vertex 101.15 -2.2081415712957915 7.715
    endloop
  endfacet
  facet normal 0.5555702330196071 0.8314696123025421 0
    outer loop
      vertex 101.40015128672006 -2.3752873173301596 5.85
      vertex 101.15 -2.2081415712957915 7.715
      vertex 101.40015128672006 -2.3752873173301596 7.715
    endloop
  endfacet
  facet normal 0.6593458151000843 0.7518398074789641 0
    outer loop
      vertex 101.62634559672905 -2.573654403270941 5.85
      vertex 101.40015128672006 -2.3752873173301596 7.715
      vertex 101.62634559672905 -2.573654403270941 7.715
    endloop
  endfacet
  facet normal 0.7518398074789664 0.6593458151000814 0
    outer loop
      vertex 101.82471268266984 -2.7998487132799426 5.85
      vertex 101.62634559672905 -2.573654403270941 7.715
      vertex 101.82471268266984 -2.7998487132799426 7.715
    endloop
  endfacet
  facet normal 0.8314696123025507 0.5555702330195941 0
    outer loop
      vertex 101.9918584287042 -3.0500000000000003 5.85
      vertex 101.82471268266984 -2.7998487132799426 7.715
      vertex 101.9918584287042 -3.0500000000000003 7.715
    endloop
  endfacet
  facet normal -0.9978589232386029 -0.06540312923015192 0
    outer loop
      vertex 97.7 -4.2 5.85
      vertex 97.71967681884024 -4.500210242106119 7.715
      vertex 97.7 -4.2 7.715
    endloop
  endfacet
  facet normal -0.9807852804032376 -0.19509032201609172 0
    outer loop
      vertex 97.71967681884024 -4.500210242106119 5.85
      vertex 97.77837059953514 -4.795283803735797 7.715
      vertex 97.71967681884024 -4.500210242106119 7.715
    endloop
  endfacet
  facet normal -0.9469301294950986 -0.32143946530318207 0
    outer loop
      vertex 97.77837059953514 -4.795283803735797 5.85
      vertex 97.87507707522404 -5.080171894439706 7.715
      vertex 97.77837059953514 -4.795283803735797 7.715
    endloop
  endfacet
  facet normal -0.8968727415326844 -0.4422886902190092 0
    outer loop
      vertex 97.87507707522404 -5.080171894439706 5.85
      vertex 98.0081415712958 -5.35 7.715
      vertex 97.87507707522404 -5.080171894439706 7.715
    endloop
  endfacet
  facet normal -0.8314696123025511 -0.5555702330195934 0
    outer loop
      vertex 98.0081415712958 -5.35 5.85
      vertex 98.17528731733016 -5.600151286720058 7.715
      vertex 98.0081415712958 -5.35 7.715
    endloop
  endfacet
  facet normal -0.7518398074789657 -0.6593458151000821 0
    outer loop
      vertex 98.17528731733016 -5.600151286720058 5.85
      vertex 98.37365440327095 -5.826345596729059 7.715
      vertex 98.17528731733016 -5.600151286720058 7.715
    endloop
  endfacet
  facet normal -0.659345815100085 -0.7518398074789632 0
    outer loop
      vertex 98.37365440327095 -5.826345596729059 5.85
      vertex 98.59984871327994 -6.024712682669841 7.715
      vertex 98.37365440327095 -5.826345596729059 7.715
    endloop
  endfacet
  facet normal -0.5555702330196071 -0.8314696123025421 0
    outer loop
      vertex 98.59984871327994 -6.024712682669841 5.85
      vertex 98.85 -6.191858428704209 7.715
      vertex 98.59984871327994 -6.024712682669841 7.715
    endloop
  endfacet
  facet normal 0.8314696123025511 -0.5555702330195934 0
    outer loop
      vertex 101.82471268266984 -5.600151286720058 5.85
      vertex 101.9918584287042 -5.35 7.715
      vertex 101.82471268266984 -5.600151286720058 7.715
    endloop
  endfacet
  facet normal 0.5555702330196071 -0.8314696123025421 0
    outer loop
      vertex 101.15 -6.191858428704209 5.85
      vertex 101.40015128672006 -6.024712682669841 7.715
      vertex 101.15 -6.191858428704209 7.715
    endloop
  endfacet
  facet normal 0.659345815100085 -0.7518398074789632 0
    outer loop
      vertex 101.40015128672006 -6.024712682669841 5.85
      vertex 101.62634559672905 -5.826345596729059 7.715
      vertex 101.40015128672006 -6.024712682669841 7.715
    endloop
  endfacet
  facet normal 0.7518398074789657 -0.6593458151000821 0
    outer loop
      vertex 101.62634559672905 -5.826345596729059 5.85
      vertex 101.82471268266984 -5.600151286720058 7.715
      vertex 101.62634559672905 -5.826345596729059 7.715
    endloop
  endfacet
  facet normal -0.4422886902190021 -0.8968727415326879 0
    outer loop
      vertex 98.85 -6.191858428704209 5.85
      vertex 99.11982810556029 -6.32492292477596 7.715
      vertex 98.85 -6.191858428704209 7.715
    endloop
  endfacet
  facet normal -0.32143946530315365 -0.9469301294951082 0
    outer loop
      vertex 99.11982810556029 -6.32492292477596 5.85
      vertex 99.4047161962642 -6.421629400464857 7.715
      vertex 99.11982810556029 -6.32492292477596 7.715
    endloop
  endfacet
  facet normal -0.19509032201612864 -0.9807852804032304 0
    outer loop
      vertex 99.4047161962642 -6.421629400464857 5.85
      vertex 99.69978975789388 -6.480323181159764 7.715
      vertex 99.4047161962642 -6.421629400464857 7.715
    endloop
  endfacet
  facet normal -0.0654031292301433 -0.9978589232386035 0
    outer loop
      vertex 99.69978975789388 -6.480323181159764 5.85
      vertex 100 -6.5 7.715
      vertex 99.69978975789388 -6.480323181159764 7.715
    endloop
  endfacet
  facet normal 0.0654031292301433 -0.9978589232386035 0
    outer loop
      vertex 100 -6.5 5.85
      vertex 100.30021024210612 -6.480323181159764 7.715
      vertex 100 -6.5 7.715
    endloop
  endfacet
  facet normal 0.19509032201612864 -0.9807852804032304 0
    outer loop
      vertex 100.30021024210612 -6.480323181159764 5.85
      vertex 100.5952838037358 -6.421629400464857 7.715
      vertex 100.30021024210612 -6.480323181159764 7.715
    endloop
  endfacet
  facet normal 0.32143946530315365 -0.9469301294951082 0
    outer loop
      vertex 100.5952838037358 -6.421629400464857 5.85
      vertex 100.88017189443971 -6.32492292477596 7.715
      vertex 100.5952838037358 -6.421629400464857 7.715
    endloop
  endfacet
  facet normal 0.4422886902190021 -0.8968727415326879 0
    outer loop
      vertex 100.88017189443971 -6.32492292477596 5.85
      vertex 101.15 -6.191858428704209 7.715
      vertex 100.88017189443971 -6.32492292477596 7.715
    endloop
  endfacet
  facet normal -0.8314696123025512 -0.5555702330195933 1.4126675875187244e-15
    outer loop
      vertex 98.0081415712958 -5.35 8.315
      vertex 98.17528731733016 -5.600151286720058 8.315
      vertex 98.17184533758602 -5.595 9.115
    endloop
  endfacet
  facet normal -0.7518398074789657 -0.6593458151000821 0
    outer loop
      vertex 98.17528731733016 -5.600151286720058 8.315
      vertex 98.37365440327095 -5.826345596729059 8.315
      vertex 98.37365440327095 -5.826345596729059 9.115
    endloop
  endfacet
  facet normal -0.659345815100085 -0.7518398074789633 0
    outer loop
      vertex 98.37365440327095 -5.826345596729059 8.315
      vertex 98.59984871327994 -6.024712682669841 8.315
      vertex 98.59984871327994 -6.024712682669841 9.115
    endloop
  endfacet
  facet normal -0.555570233019607 -0.8314696123025421 0
    outer loop
      vertex 98.59984871327994 -6.024712682669841 8.315
      vertex 98.85 -6.191858428704209 8.315
      vertex 98.85 -6.191858428704209 9.115
    endloop
  endfacet
  facet normal -0.8314696123026514 -0.5555702330194434 0
    outer loop
      vertex 98.17528731733016 -5.600151286720058 8.315
      vertex 98.17528731733016 -5.600151286720058 9.115
      vertex 98.17184533758602 -5.595 9.115
    endloop
  endfacet
  facet normal -0.7518398074789657 -0.6593458151000821 0
    outer loop
      vertex 98.17528731733016 -5.600151286720058 8.315
      vertex 98.37365440327095 -5.826345596729059 9.115
      vertex 98.17528731733016 -5.600151286720058 9.115
    endloop
  endfacet
  facet normal -0.659345815100085 -0.7518398074789633 0
    outer loop
      vertex 98.37365440327095 -5.826345596729059 8.315
      vertex 98.59984871327994 -6.024712682669841 9.115
      vertex 98.37365440327095 -5.826345596729059 9.115
    endloop
  endfacet
  facet normal -0.555570233019607 -0.8314696123025421 0
    outer loop
      vertex 98.59984871327994 -6.024712682669841 8.315
      vertex 98.85 -6.191858428704209 9.115
      vertex 98.59984871327994 -6.024712682669841 9.115
    endloop
  endfacet
  facet normal -0.4422886902190021 -0.8968727415326879 0
    outer loop
      vertex 98.85 -6.191858428704209 8.315
      vertex 99.11982810556029 -6.32492292477596 8.315
      vertex 99.11982810556029 -6.32492292477596 9.115
    endloop
  endfacet
  facet normal -0.32143946530315376 -0.9469301294951084 2.306396061254998e-16
    outer loop
      vertex 99.11982810556029 -6.32492292477596 8.315
      vertex 99.4047161962642 -6.421629400464857 8.315
      vertex 99.275 -6.377596685199419 9.115
    endloop
  endfacet
  facet normal -0.4422886902190021 -0.8968727415326879 0
    outer loop
      vertex 98.85 -6.191858428704209 8.315
      vertex 99.11982810556029 -6.32492292477596 9.115
      vertex 98.85 -6.191858428704209 9.115
    endloop
  endfacet
  facet normal -0.3214394653031527 -0.9469301294951087 0
    outer loop
      vertex 99.11982810556029 -6.32492292477596 8.315
      vertex 99.275 -6.377596685199419 9.115
      vertex 99.11982810556029 -6.32492292477596 9.115
    endloop
  endfacet
  facet normal 0 0 -1
    outer loop
      vertex 101.9918584287042 -3.0500000000000003 5.85
      vertex 102.12492292477596 -3.3198281055602936 5.85
      vertex 102.12492292477596 -5.080171894439706 5.85
    endloop
  endfacet
  facet normal 0 0 -1
    outer loop
      vertex 102.12492292477596 -3.3198281055602936 5.85
      vertex 102.22162940046486 -3.6047161962642025 5.85
      vertex 102.22162940046486 -4.795283803735797 5.85
    endloop
  endfacet
  facet normal 0 0 -1
    outer loop
      vertex 102.22162940046486 -3.6047161962642025 5.85
      vertex 102.28032318115976 -3.8997897578938816 5.85
      vertex 102.28032318115976 -4.500210242106119 5.85
    endloop
  endfacet
  facet normal 0.8968727415326844 0.4422886902190092 0
    outer loop
      vertex 101.9918584287042 -3.0500000000000003 5.85
      vertex 101.9918584287042 -3.0500000000000003 7.715
      vertex 102.12492292477596 -3.3198281055602936 5.85
    endloop
  endfacet
  facet normal 0.9469301294950986 0.32143946530318207 0
    outer loop
      vertex 102.12492292477596 -3.3198281055602936 5.85
      vertex 102.12492292477596 -3.3198281055602936 7.715
      vertex 102.22162940046486 -3.6047161962642025 5.85
    endloop
  endfacet
  facet normal 0.9807852804032379 0.19509032201609117 0
    outer loop
      vertex 102.22162940046486 -3.6047161962642025 5.85
      vertex 102.22162940046486 -3.6047161962642025 7.715
      vertex 102.28032318115976 -3.8997897578938816 5.85
    endloop
  endfacet
  facet normal 0.9978589232386029 0.06540312923015201 0
    outer loop
      vertex 102.28032318115976 -3.8997897578938816 5.85
      vertex 102.28032318115976 -3.8997897578938816 7.715
      vertex 102.3 -4.2 5.85
    endloop
  endfacet
  facet normal 0 0 -1
    outer loop
      vertex 102.22162940046486 -3.6047161962642025 5.85
      vertex 102.28032318115976 -4.500210242106119 5.85
      vertex 102.22162940046486 -4.795283803735797 5.85
    endloop
  endfacet
  facet normal 0 0 -1
    outer loop
      vertex 102.28032318115976 -3.8997897578938816 5.85
      vertex 102.3 -4.2 5.85
      vertex 102.28032318115976 -4.500210242106119 5.85
    endloop
  endfacet
  facet normal 0 0 -1
    outer loop
      vertex 101.9918584287042 -3.0500000000000003 5.85
      vertex 102.12492292477596 -5.080171894439706 5.85
      vertex 101.9918584287042 -5.35 5.85
    endloop
  endfacet
  facet normal 0 0 -1
    outer loop
      vertex 102.12492292477596 -3.3198281055602936 5.85
      vertex 102.22162940046486 -4.795283803735797 5.85
      vertex 102.12492292477596 -5.080171894439706 5.85
    endloop
  endfacet
  facet normal 0.9978589232386029 -0.06540312923015192 0
    outer loop
      vertex 102.3 -4.2 5.85
      vertex 102.3 -4.2 7.715
      vertex 102.28032318115976 -4.500210242106119 5.85
    endloop
  endfacet
  facet normal 0.9807852804032376 -0.19509032201609172 0
    outer loop
      vertex 102.28032318115976 -4.500210242106119 5.85
      vertex 102.28032318115976 -4.500210242106119 7.715
      vertex 102.22162940046486 -4.795283803735797 5.85
    endloop
  endfacet
  facet normal 0.9469301294950986 -0.32143946530318207 0
    outer loop
      vertex 102.22162940046486 -4.795283803735797 5.85
      vertex 102.22162940046486 -4.795283803735797 7.715
      vertex 102.12492292477596 -5.080171894439706 5.85
    endloop
  endfacet
  facet normal 0.8968727415326844 -0.4422886902190092 0
    outer loop
      vertex 101.9918584287042 -5.35 5.85
      vertex 102.12492292477596 -5.080171894439706 5.85
      vertex 102.12492292477596 -5.080171894439706 7.715
    endloop
  endfacet
  facet normal 0.8968727415326844 0.4422886902190092 0
    outer loop
      vertex 101.9918584287042 -3.0500000000000003 7.715
      vertex 102.12492292477596 -3.3198281055602936 7.715
      vertex 102.12492292477596 -3.3198281055602936 5.85
    endloop
  endfacet
  facet normal 0.9469301294950986 0.32143946530318207 0
    outer loop
      vertex 102.22162940046486 -3.6047161962642025 5.85
      vertex 102.12492292477596 -3.3198281055602936 7.715
      vertex 102.22162940046486 -3.6047161962642025 7.715
    endloop
  endfacet
  facet normal 0.9807852804032379 0.19509032201609117 0
    outer loop
      vertex 102.28032318115976 -3.8997897578938816 5.85
      vertex 102.22162940046486 -3.6047161962642025 7.715
      vertex 102.28032318115976 -3.8997897578938816 7.715
    endloop
  endfacet
  facet normal 0.9978589232386029 0.06540312923015201 0
    outer loop
      vertex 102.3 -4.2 5.85
      vertex 102.28032318115976 -3.8997897578938816 7.715
      vertex 102.3 -4.2 7.715
    endloop
  endfacet
  facet normal 0.9978589232386029 -0.06540312923015192 0
    outer loop
      vertex 102.28032318115976 -4.500210242106119 5.85
      vertex 102.3 -4.2 7.715
      vertex 102.28032318115976 -4.500210242106119 7.715
    endloop
  endfacet
  facet normal 0.9807852804032376 -0.19509032201609172 0
    outer loop
      vertex 102.22162940046486 -4.795283803735797 5.85
      vertex 102.28032318115976 -4.500210242106119 7.715
      vertex 102.22162940046486 -4.795283803735797 7.715
    endloop
  endfacet
  facet normal 0.9469301294950986 -0.32143946530318207 0
    outer loop
      vertex 102.12492292477596 -5.080171894439706 5.85
      vertex 102.22162940046486 -4.795283803735797 7.715
      vertex 102.12492292477596 -5.080171894439706 7.715
    endloop
  endfacet
  facet normal 0.8968727415326844 -0.4422886902190092 0
    outer loop
      vertex 101.9918584287042 -5.35 5.85
      vertex 102.12492292477596 -5.080171894439706 7.715
      vertex 101.9918584287042 -5.35 7.715
    endloop
  endfacet
  facet normal -0.8968727415326844 0.4422886902190092 0
    outer loop
      vertex 97.87507707522404 -3.3198281055602936 8.315
      vertex 97.87507707522404 -3.3198281055602936 15.399999999999999
      vertex 98.0081415712958 -3.0500000000000003 8.315
    endloop
  endfacet
  facet normal -0.9469301294950988 0.3214394653031821 0
    outer loop
      vertex 97.87507707522404 -3.3198281055602936 8.315
      vertex 97.77837059953514 -3.6047161962642025 8.315
      vertex 97.77837059953514 -3.6047161962642025 15.399999999999999
    endloop
  endfacet
  facet normal -0.9807852804032378 0.19509032201609117 0
    outer loop
      vertex 97.77837059953514 -3.6047161962642025 8.315
      vertex 97.71967681884024 -3.8997897578938816 8.315
      vertex 97.71967681884024 -3.8997897578938816 15.399999999999999
    endloop
  endfacet
  facet normal -0.9978589232386028 0.06540312923015201 0
    outer loop
      vertex 97.71967681884024 -3.8997897578938816 8.315
      vertex 97.7 -4.2 8.315
      vertex 97.7 -4.2 15.399999999999999
    endloop
  endfacet
  facet normal -0.3214394653031551 0.9469301294951079 0
    outer loop
      vertex 99.4047161962642 -1.9783705995351433 8.315
      vertex 99.11982810556029 -2.075077075224041 8.315
      vertex 99.11982810556029 -2.075077075224041 15.399999999999999
    endloop
  endfacet
  facet normal -0.19509032201612864 0.9807852804032304 0
    outer loop
      vertex 99.4047161962642 -1.9783705995351433 8.315
      vertex 99.4047161962642 -1.9783705995351433 15.399999999999999
      vertex 99.69978975789388 -1.9196768188402364 8.315
    endloop
  endfacet
  facet normal -0.06540312923014328 0.9978589232386034 0
    outer loop
      vertex 99.69978975789388 -1.9196768188402364 8.315
      vertex 99.69978975789388 -1.9196768188402364 15.399999999999999
      vertex 100 -1.9000000000000004 8.315
    endloop
  endfacet
  facet normal 0.06540312923014328 0.9978589232386034 0
    outer loop
      vertex 100 -1.9000000000000004 8.315
      vertex 100 -1.9000000000000004 15.399999999999999
      vertex 100.30021024210612 -1.9196768188402364 8.315
    endloop
  endfacet
  facet normal 0.19509032201612864 0.9807852804032304 0
    outer loop
      vertex 100.30021024210612 -1.9196768188402364 8.315
      vertex 100.30021024210612 -1.9196768188402364 15.399999999999999
      vertex 100.5952838037358 -1.9783705995351433 8.315
    endloop
  endfacet
  facet normal 0.3214394653031551 0.9469301294951079 0
    outer loop
      vertex 100.5952838037358 -1.9783705995351433 8.315
      vertex 100.5952838037358 -1.9783705995351433 15.399999999999999
      vertex 100.88017189443971 -2.075077075224041 8.315
    endloop
  endfacet
  facet normal -0.6593458151000843 0.7518398074789641 0
    outer loop
      vertex 98.37365440327095 -2.573654403270941 8.315
      vertex 98.37365440327095 -2.573654403270941 15.399999999999999
      vertex 98.59984871327994 -2.3752873173301596 8.315
    endloop
  endfacet
  facet normal -0.5555702330196071 0.831469612302542 0
    outer loop
      vertex 98.85 -2.2081415712957915 8.315
      vertex 98.59984871327994 -2.3752873173301596 8.315
      vertex 98.59984871327994 -2.3752873173301596 15.399999999999999
    endloop
  endfacet
  facet normal -0.44228869021900086 0.8968727415326885 0
    outer loop
      vertex 98.85 -2.2081415712957915 8.315
      vertex 98.85 -2.2081415712957915 15.399999999999999
      vertex 99.11982810556029 -2.075077075224041 8.315
    endloop
  endfacet
  facet normal -0.7518398074789664 0.6593458151000813 0
    outer loop
      vertex 98.37365440327095 -2.573654403270941 8.315
      vertex 98.17528731733016 -2.7998487132799426 8.315
      vertex 98.17528731733016 -2.7998487132799426 15.399999999999999
    endloop
  endfacet
  facet normal -0.8314696123025508 0.555570233019594 0
    outer loop
      vertex 98.17528731733016 -2.7998487132799426 8.315
      vertex 98.0081415712958 -3.0500000000000003 8.315
      vertex 98.0081415712958 -3.0500000000000003 15.399999999999999
    endloop
  endfacet
  facet normal 0.44228869021900086 0.8968727415326885 0
    outer loop
      vertex 100.88017189443971 -2.075077075224041 8.315
      vertex 100.88017189443971 -2.075077075224041 15.399999999999999
      vertex 101.15 -2.2081415712957915 8.315
    endloop
  endfacet
  facet normal 0.5555702330196071 0.831469612302542 0
    outer loop
      vertex 101.15 -2.2081415712957915 8.315
      vertex 101.15 -2.2081415712957915 15.399999999999999
      vertex 101.40015128672006 -2.3752873173301596 8.315
    endloop
  endfacet
  facet normal 0.6593458151000843 0.7518398074789641 0
    outer loop
      vertex 101.40015128672006 -2.3752873173301596 8.315
      vertex 101.40015128672006 -2.3752873173301596 15.399999999999999
      vertex 101.62634559672905 -2.573654403270941 8.315
    endloop
  endfacet
  facet normal 0.7518398074789664 0.6593458151000813 0
    outer loop
      vertex 101.62634559672905 -2.573654403270941 8.315
      vertex 101.62634559672905 -2.573654403270941 15.399999999999999
      vertex 101.82471268266984 -2.7998487132799426 8.315
    endloop
  endfacet
  facet normal 0.8314696123025508 0.555570233019594 0
    outer loop
      vertex 101.82471268266984 -2.7998487132799426 8.315
      vertex 101.82471268266984 -2.7998487132799426 15.399999999999999
      vertex 101.9918584287042 -3.0500000000000003 8.315
    endloop
  endfacet
  facet normal -0.9978589232386028 -0.06540312923015192 -2.9080645989737554e-16
    outer loop
      vertex 97.7 -4.2 8.315
      vertex 97.71967681884024 -4.500210242106119 8.315
      vertex 97.71278097524898 -4.395 10.615
    endloop
  endfacet
  facet normal -0.9807852804032378 -0.19509032201609172 0
    outer loop
      vertex 97.71967681884024 -4.500210242106119 8.315
      vertex 97.77837059953514 -4.795283803735797 8.315
      vertex 97.77837059953514 -4.795283803735797 10.615
    endloop
  endfacet
  facet normal -0.9469301294950987 -0.3214394653031821 0
    outer loop
      vertex 97.77837059953514 -4.795283803735797 8.315
      vertex 97.87507707522404 -5.080171894439706 8.315
      vertex 97.87507707522404 -5.080171894439706 10.615
    endloop
  endfacet
  facet normal -0.8968727415326845 -0.44228869021900924 0
    outer loop
      vertex 97.87507707522404 -5.080171894439706 8.315
      vertex 98.0081415712958 -5.35 8.315
      vertex 98.0081415712958 -5.35 10.615
    endloop
  endfacet
  facet normal -0.9978589232386025 -0.06540312923015824 0
    outer loop
      vertex 97.71967681884024 -4.500210242106119 8.315
      vertex 97.71967681884024 -4.500210242106119 10.615
      vertex 97.71278097524898 -4.395 10.615
    endloop
  endfacet
  facet normal -0.9807852804032378 -0.19509032201609172 0
    outer loop
      vertex 97.71967681884024 -4.500210242106119 8.315
      vertex 97.77837059953514 -4.795283803735797 10.615
      vertex 97.71967681884024 -4.500210242106119 10.615
    endloop
  endfacet
  facet normal -0.9469301294950987 -0.3214394653031821 0
    outer loop
      vertex 97.77837059953514 -4.795283803735797 8.315
      vertex 97.87507707522404 -5.080171894439706 10.615
      vertex 97.77837059953514 -4.795283803735797 10.615
    endloop
  endfacet
  facet normal -0.8968727415326845 -0.44228869021900924 0
    outer loop
      vertex 97.87507707522404 -5.080171894439706 8.315
      vertex 98.0081415712958 -5.35 10.615
      vertex 97.87507707522404 -5.080171894439706 10.615
    endloop
  endfacet
  facet normal -0.831469612302549 -0.5555702330195966 0
    outer loop
      vertex 98.0081415712958 -5.35 8.315
      vertex 98.17184533758602 -5.595 9.115
      vertex 98.17184533758602 -5.595 10.465
    endloop
  endfacet
  facet normal -0.831469612302549 -0.5555702330195965 0
    outer loop
      vertex 98.0081415712958 -5.35 8.315
      vertex 98.17184533758602 -5.595 10.465
      vertex 98.0081415712958 -5.35 10.615
    endloop
  endfacet
  facet normal -0.19509032201612864 -0.9807852804032303 0
    outer loop
      vertex 99.4047161962642 -6.421629400464857 8.315
      vertex 99.69978975789388 -6.480323181159764 8.315
      vertex 99.69978975789388 -6.480323181159764 10.615
    endloop
  endfacet
  facet normal -0.06540312923014328 -0.9978589232386035 0
    outer loop
      vertex 99.69978975789388 -6.480323181159764 8.315
      vertex 100 -6.5 8.315
      vertex 100 -6.5 10.615
    endloop
  endfacet
  facet normal -0.3214394653031549 -0.9469301294951079 0
    outer loop
      vertex 99.4047161962642 -6.421629400464857 8.315
      vertex 99.4047161962642 -6.421629400464857 10.615
      vertex 99.275 -6.377596685199419 9.115
    endloop
  endfacet
  facet normal 0.06540312923014328 -0.9978589232386035 0
    outer loop
      vertex 100 -6.5 8.315
      vertex 100.30021024210612 -6.480323181159764 8.315
      vertex 100.30021024210612 -6.480323181159764 10.615
    endloop
  endfacet
  facet normal 0.19509032201612864 -0.9807852804032303 -1.3537542098670994e-16
    outer loop
      vertex 100.30021024210612 -6.480323181159764 8.315
      vertex 100.5952838037358 -6.421629400464857 8.315
      vertex 100.475 -6.445555336623376 10.615
    endloop
  endfacet
  facet normal -0.19509032201612864 -0.9807852804032303 0
    outer loop
      vertex 99.4047161962642 -6.421629400464857 8.315
      vertex 99.69978975789388 -6.480323181159764 10.615
      vertex 99.4047161962642 -6.421629400464857 10.615
    endloop
  endfacet
  facet normal -0.06540312923014328 -0.9978589232386035 0
    outer loop
      vertex 99.69978975789388 -6.480323181159764 8.315
      vertex 100 -6.5 10.615
      vertex 99.69978975789388 -6.480323181159764 10.615
    endloop
  endfacet
  facet normal 0.06540312923014328 -0.9978589232386035 0
    outer loop
      vertex 100 -6.5 8.315
      vertex 100.30021024210612 -6.480323181159764 10.615
      vertex 100 -6.5 10.615
    endloop
  endfacet
  facet normal 0.19509032201612692 -0.9807852804032308 0
    outer loop
      vertex 100.30021024210612 -6.480323181159764 8.315
      vertex 100.475 -6.445555336623376 10.615
      vertex 100.30021024210612 -6.480323181159764 10.615
    endloop
  endfacet
  facet normal -0.8314696123025489 -0.5555702330195965 0
    outer loop
      vertex 98.0081415712958 -5.35 10.615
      vertex 98.17184533758602 -5.595 10.465
      vertex 98.17184533758602 -5.595 10.615
    endloop
  endfacet
  facet normal 0.8314696123025511 -0.5555702330195933 0
    outer loop
      vertex 101.9918584287042 -5.35 8.315
      vertex 101.9918584287042 -5.35 15.399999999999999
      vertex 101.82471268266984 -5.600151286720058 8.315
    endloop
  endfacet
  facet normal 0.5555702330196071 -0.831469612302542 0
    outer loop
      vertex 101.40015128672006 -6.024712682669841 8.315
      vertex 101.40015128672006 -6.024712682669841 15.399999999999999
      vertex 101.15 -6.191858428704209 8.315
    endloop
  endfacet
  facet normal 0.6593458151000852 -0.7518398074789633 0
    outer loop
      vertex 101.40015128672006 -6.024712682669841 8.315
      vertex 101.62634559672905 -5.826345596729059 8.315
      vertex 101.62634559672905 -5.826345596729059 15.399999999999999
    endloop
  endfacet
  facet normal 0.7518398074789658 -0.6593458151000822 0
    outer loop
      vertex 101.82471268266984 -5.600151286720058 8.315
      vertex 101.82471268266984 -5.600151286720058 15.399999999999999
      vertex 101.62634559672905 -5.826345596729059 8.315
    endloop
  endfacet
  facet normal -0.32143946530315504 -0.9469301294951079 0
    outer loop
      vertex 99.4047161962642 -6.421629400464857 10.615
      vertex 99.275 -6.377596685199419 10.465
      vertex 99.275 -6.377596685199419 9.115
    endloop
  endfacet
  facet normal -0.321439465303155 -0.9469301294951079 0
    outer loop
      vertex 99.4047161962642 -6.421629400464857 10.615
      vertex 99.275 -6.377596685199419 10.615
      vertex 99.275 -6.377596685199419 10.465
    endloop
  endfacet
  facet normal 0.32143946530315376 -0.9469301294951084 0
    outer loop
      vertex 100.5952838037358 -6.421629400464857 8.315
      vertex 100.88017189443971 -6.32492292477596 8.315
      vertex 100.88017189443971 -6.32492292477596 15.399999999999999
    endloop
  endfacet
  facet normal 0.442288690219002 -0.8968727415326879 0
    outer loop
      vertex 100.88017189443971 -6.32492292477596 8.315
      vertex 101.15 -6.191858428704209 8.315
      vertex 101.15 -6.191858428704209 15.399999999999999
    endloop
  endfacet
  facet normal -0.9978589232386031 -0.0654031292301485 0
    outer loop
      vertex 97.7 -4.2 8.315
      vertex 97.71278097524898 -4.395 10.615
      vertex 97.7 -4.2 15.399999999999999
    endloop
  endfacet
  facet normal 0.1950903220161311 -0.9807852804032299 0
    outer loop
      vertex 100.5952838037358 -6.421629400464857 8.315
      vertex 100.5952838037358 -6.421629400464857 15.399999999999999
      vertex 100.475 -6.445555336623376 10.615
    endloop
  endfacet
  facet normal 0.8968727415326844 0.4422886902190092 0
    outer loop
      vertex 101.9918584287042 -3.0500000000000003 8.315
      vertex 101.9918584287042 -3.0500000000000003 15.399999999999999
      vertex 102.12492292477596 -3.3198281055602936 8.315
    endloop
  endfacet
  facet normal 0.9469301294950988 0.3214394653031821 0
    outer loop
      vertex 102.12492292477596 -3.3198281055602936 8.315
      vertex 102.12492292477596 -3.3198281055602936 15.399999999999999
      vertex 102.22162940046486 -3.6047161962642025 8.315
    endloop
  endfacet
  facet normal 0.9807852804032378 0.19509032201609117 0
    outer loop
      vertex 102.22162940046486 -3.6047161962642025 8.315
      vertex 102.22162940046486 -3.6047161962642025 15.399999999999999
      vertex 102.28032318115976 -3.8997897578938816 8.315
    endloop
  endfacet
  facet normal 0.9978589232386028 0.06540312923015201 0
    outer loop
      vertex 102.28032318115976 -3.8997897578938816 8.315
      vertex 102.28032318115976 -3.8997897578938816 15.399999999999999
      vertex 102.3 -4.2 8.315
    endloop
  endfacet
  facet normal 0.997858923238603 -0.06540312923015193 0
    outer loop
      vertex 102.3 -4.2 8.315
      vertex 102.3 -4.2 15.399999999999999
      vertex 102.28032318115976 -4.500210242106119 8.315
    endloop
  endfacet
  facet normal 0.9807852804032378 -0.19509032201609172 0
    outer loop
      vertex 102.28032318115976 -4.500210242106119 8.315
      vertex 102.28032318115976 -4.500210242106119 15.399999999999999
      vertex 102.22162940046486 -4.795283803735797 8.315
    endloop
  endfacet
  facet normal 0.9469301294950988 -0.3214394653031821 0
    outer loop
      vertex 102.22162940046486 -4.795283803735797 8.315
      vertex 102.22162940046486 -4.795283803735797 15.399999999999999
      vertex 102.12492292477596 -5.080171894439706 8.315
    endloop
  endfacet
  facet normal 0.8968727415326844 -0.4422886902190092 0
    outer loop
      vertex 101.9918584287042 -5.35 8.315
      vertex 102.12492292477596 -5.080171894439706 8.315
      vertex 102.12492292477596 -5.080171894439706 15.399999999999999
    endloop
  endfacet
  facet normal -0.8968727415326844 0.4422886902190092 0
    outer loop
      vertex 98.0081415712958 -3.0500000000000003 8.315
      vertex 97.87507707522404 -3.3198281055602936 15.399999999999999
      vertex 98.0081415712958 -3.0500000000000003 15.399999999999999
    endloop
  endfacet
  facet normal -0.9469301294950988 0.3214394653031821 0
    outer loop
      vertex 97.87507707522404 -3.3198281055602936 8.315
      vertex 97.77837059953514 -3.6047161962642025 15.399999999999999
      vertex 97.87507707522404 -3.3198281055602936 15.399999999999999
    endloop
  endfacet
  facet normal -0.9807852804032378 0.19509032201609117 0
    outer loop
      vertex 97.77837059953514 -3.6047161962642025 8.315
      vertex 97.71967681884024 -3.8997897578938816 15.399999999999999
      vertex 97.77837059953514 -3.6047161962642025 15.399999999999999
    endloop
  endfacet
  facet normal -0.9978589232386028 0.06540312923015201 0
    outer loop
      vertex 97.71967681884024 -3.8997897578938816 8.315
      vertex 97.7 -4.2 15.399999999999999
      vertex 97.71967681884024 -3.8997897578938816 15.399999999999999
    endloop
  endfacet
  facet normal -0.3214394653031551 0.9469301294951079 0
    outer loop
      vertex 99.4047161962642 -1.9783705995351433 8.315
      vertex 99.11982810556029 -2.075077075224041 15.399999999999999
      vertex 99.4047161962642 -1.9783705995351433 15.399999999999999
    endloop
  endfacet
  facet normal -0.19509032201612864 0.9807852804032304 0
    outer loop
      vertex 99.69978975789388 -1.9196768188402364 8.315
      vertex 99.4047161962642 -1.9783705995351433 15.399999999999999
      vertex 99.69978975789388 -1.9196768188402364 15.399999999999999
    endloop
  endfacet
  facet normal -0.06540312923014328 0.9978589232386034 0
    outer loop
      vertex 100 -1.9000000000000004 8.315
      vertex 99.69978975789388 -1.9196768188402364 15.399999999999999
      vertex 100 -1.9000000000000004 15.399999999999999
    endloop
  endfacet
  facet normal 0.06540312923014328 0.9978589232386034 0
    outer loop
      vertex 100.30021024210612 -1.9196768188402364 8.315
      vertex 100 -1.9000000000000004 15.399999999999999
      vertex 100.30021024210612 -1.9196768188402364 15.399999999999999
    endloop
  endfacet
  facet normal 0.19509032201612864 0.9807852804032304 0
    outer loop
      vertex 100.5952838037358 -1.9783705995351433 8.315
      vertex 100.30021024210612 -1.9196768188402364 15.399999999999999
      vertex 100.5952838037358 -1.9783705995351433 15.399999999999999
    endloop
  endfacet
  facet normal 0.3214394653031551 0.9469301294951079 0
    outer loop
      vertex 100.88017189443971 -2.075077075224041 8.315
      vertex 100.5952838037358 -1.9783705995351433 15.399999999999999
      vertex 100.88017189443971 -2.075077075224041 15.399999999999999
    endloop
  endfacet
  facet normal -0.5555702330196071 0.831469612302542 0
    outer loop
      vertex 98.85 -2.2081415712957915 8.315
      vertex 98.59984871327994 -2.3752873173301596 15.399999999999999
      vertex 98.85 -2.2081415712957915 15.399999999999999
    endloop
  endfacet
  facet normal -0.6593458151000843 0.7518398074789641 0
    outer loop
      vertex 98.59984871327994 -2.3752873173301596 8.315
      vertex 98.37365440327095 -2.573654403270941 15.399999999999999
      vertex 98.59984871327994 -2.3752873173301596 15.399999999999999
    endloop
  endfacet
  facet normal -0.7518398074789664 0.6593458151000813 0
    outer loop
      vertex 98.37365440327095 -2.573654403270941 8.315
      vertex 98.17528731733016 -2.7998487132799426 15.399999999999999
      vertex 98.37365440327095 -2.573654403270941 15.399999999999999
    endloop
  endfacet
  facet normal -0.8314696123025508 0.555570233019594 0
    outer loop
      vertex 98.17528731733016 -2.7998487132799426 8.315
      vertex 98.0081415712958 -3.0500000000000003 15.399999999999999
      vertex 98.17528731733016 -2.7998487132799426 15.399999999999999
    endloop
  endfacet
  facet normal -0.44228869021900086 0.8968727415326885 0
    outer loop
      vertex 99.11982810556029 -2.075077075224041 8.315
      vertex 98.85 -2.2081415712957915 15.399999999999999
      vertex 99.11982810556029 -2.075077075224041 15.399999999999999
    endloop
  endfacet
  facet normal 0.44228869021900086 0.8968727415326885 0
    outer loop
      vertex 101.15 -2.2081415712957915 8.315
      vertex 100.88017189443971 -2.075077075224041 15.399999999999999
      vertex 101.15 -2.2081415712957915 15.399999999999999
    endloop
  endfacet
  facet normal 0.5555702330196071 0.831469612302542 0
    outer loop
      vertex 101.40015128672006 -2.3752873173301596 8.315
      vertex 101.15 -2.2081415712957915 15.399999999999999
      vertex 101.40015128672006 -2.3752873173301596 15.399999999999999
    endloop
  endfacet
  facet normal 0.6593458151000843 0.7518398074789641 0
    outer loop
      vertex 101.62634559672905 -2.573654403270941 8.315
      vertex 101.40015128672006 -2.3752873173301596 15.399999999999999
      vertex 101.62634559672905 -2.573654403270941 15.399999999999999
    endloop
  endfacet
  facet normal 0.7518398074789664 0.6593458151000813 0
    outer loop
      vertex 101.82471268266984 -2.7998487132799426 8.315
      vertex 101.62634559672905 -2.573654403270941 15.399999999999999
      vertex 101.82471268266984 -2.7998487132799426 15.399999999999999
    endloop
  endfacet
  facet normal 0.8314696123025508 0.555570233019594 0
    outer loop
      vertex 101.9918584287042 -3.0500000000000003 8.315
      vertex 101.82471268266984 -2.7998487132799426 15.399999999999999
      vertex 101.9918584287042 -3.0500000000000003 15.399999999999999
    endloop
  endfacet
  facet normal -0.9978589232386031 -0.0654031292301485 0
    outer loop
      vertex 97.71278097524898 -4.395 10.615
      vertex 97.71278097524898 -4.395 15.399999999999999
      vertex 97.7 -4.2 15.399999999999999
    endloop
  endfacet
  facet normal 0.8314696123025511 -0.5555702330195933 0
    outer loop
      vertex 101.82471268266984 -5.600151286720058 8.315
      vertex 101.9918584287042 -5.35 15.399999999999999
      vertex 101.82471268266984 -5.600151286720058 15.399999999999999
    endloop
  endfacet
  facet normal 0.5555702330196071 -0.831469612302542 0
    outer loop
      vertex 101.15 -6.191858428704209 8.315
      vertex 101.40015128672006 -6.024712682669841 15.399999999999999
      vertex 101.15 -6.191858428704209 15.399999999999999
    endloop
  endfacet
  facet normal 0.6593458151000852 -0.7518398074789633 0
    outer loop
      vertex 101.40015128672006 -6.024712682669841 8.315
      vertex 101.62634559672905 -5.826345596729059 15.399999999999999
      vertex 101.40015128672006 -6.024712682669841 15.399999999999999
    endloop
  endfacet
  facet normal 0.7518398074789658 -0.6593458151000822 0
    outer loop
      vertex 101.62634559672905 -5.826345596729059 8.315
      vertex 101.82471268266984 -5.600151286720058 15.399999999999999
      vertex 101.62634559672905 -5.826345596729059 15.399999999999999
    endloop
  endfacet
  facet normal 0.32143946530315376 -0.9469301294951084 0
    outer loop
      vertex 100.5952838037358 -6.421629400464857 8.315
      vertex 100.88017189443971 -6.32492292477596 15.399999999999999
      vertex 100.5952838037358 -6.421629400464857 15.399999999999999
    endloop
  endfacet
  facet normal 0.442288690219002 -0.8968727415326879 0
    outer loop
      vertex 100.88017189443971 -6.32492292477596 8.315
      vertex 101.15 -6.191858428704209 15.399999999999999
      vertex 100.88017189443971 -6.32492292477596 15.399999999999999
    endloop
  endfacet
  facet normal 0.1950903220161311 -0.98078528040323 0
    outer loop
      vertex 100.475 -6.445555336623376 10.615
      vertex 100.5952838037358 -6.421629400464857 15.399999999999999
      vertex 100.475 -6.445555336623376 15.399999999999999
    endloop
  endfacet
  facet normal 0.8968727415326844 0.4422886902190092 0
    outer loop
      vertex 102.12492292477596 -3.3198281055602936 8.315
      vertex 101.9918584287042 -3.0500000000000003 15.399999999999999
      vertex 102.12492292477596 -3.3198281055602936 15.399999999999999
    endloop
  endfacet
  facet normal 0.9469301294950988 0.3214394653031821 0
    outer loop
      vertex 102.22162940046486 -3.6047161962642025 8.315
      vertex 102.12492292477596 -3.3198281055602936 15.399999999999999
      vertex 102.22162940046486 -3.6047161962642025 15.399999999999999
    endloop
  endfacet
  facet normal 0.9807852804032378 0.19509032201609117 0
    outer loop
      vertex 102.28032318115976 -3.8997897578938816 8.315
      vertex 102.22162940046486 -3.6047161962642025 15.399999999999999
      vertex 102.28032318115976 -3.8997897578938816 15.399999999999999
    endloop
  endfacet
  facet normal 0.9978589232386028 0.06540312923015201 0
    outer loop
      vertex 102.3 -4.2 8.315
      vertex 102.28032318115976 -3.8997897578938816 15.399999999999999
      vertex 102.3 -4.2 15.399999999999999
    endloop
  endfacet
  facet normal 0.997858923238603 -0.06540312923015193 0
    outer loop
      vertex 102.28032318115976 -4.500210242106119 8.315
      vertex 102.3 -4.2 15.399999999999999
      vertex 102.28032318115976 -4.500210242106119 15.399999999999999
    endloop
  endfacet
  facet normal 0.9807852804032378 -0.19509032201609172 0
    outer loop
      vertex 102.22162940046486 -4.795283803735797 8.315
      vertex 102.28032318115976 -4.500210242106119 15.399999999999999
      vertex 102.22162940046486 -4.795283803735797 15.399999999999999
    endloop
  endfacet
  facet normal 0.9469301294950988 -0.3214394653031821 0
    outer loop
      vertex 102.12492292477596 -5.080171894439706 8.315
      vertex 102.22162940046486 -4.795283803735797 15.399999999999999
      vertex 102.12492292477596 -5.080171894439706 15.399999999999999
    endloop
  endfacet
  facet normal 0.8968727415326844 -0.4422886902190092 0
    outer loop
      vertex 101.9918584287042 -5.35 8.315
      vertex 102.12492292477596 -5.080171894439706 15.399999999999999
      vertex 101.9918584287042 -5.35 15.399999999999999
    endloop
  endfacet
  facet normal 0 0 -1
    outer loop
      vertex 37.87507707522404 -60.8198281055603 5.85
      vertex 38.008141571295795 -60.550000000000004 5.85
      vertex 38.008141571295795 -62.85 5.85
    endloop
  endfacet
  facet normal 0 0 -1
    outer loop
      vertex 37.87507707522404 -60.8198281055603 5.85
      vertex 37.87507707522404 -62.58017189443971 5.85
      vertex 37.778370599535144 -61.10471619626421 5.85
    endloop
  endfacet
  facet normal 0 0 -1
    outer loop
      vertex 37.778370599535144 -61.10471619626421 5.85
      vertex 37.778370599535144 -62.2952838037358 5.85
      vertex 37.719676818840234 -61.399789757893885 5.85
    endloop
  endfacet
  facet normal 0 0 -1
    outer loop
      vertex 37.719676818840234 -61.399789757893885 5.85
      vertex 37.719676818840234 -62.00021024210612 5.85
      vertex 37.7 -61.7 5.85
    endloop
  endfacet
  facet normal -0.8968727415326844 0.4422886902190092 0
    outer loop
      vertex 37.87507707522404 -60.8198281055603 5.85
      vertex 37.87507707522404 -60.8198281055603 7.715
      vertex 38.008141571295795 -60.550000000000004 5.85
    endloop
  endfacet
  facet normal -0.9469301294951059 0.3214394653031609 0
    outer loop
      vertex 37.87507707522404 -60.8198281055603 5.85
      vertex 37.778370599535144 -61.10471619626421 5.85
      vertex 37.778370599535144 -61.10471619626421 7.715
    endloop
  endfacet
  facet normal -0.9807852804032287 0.19509032201613716 0
    outer loop
      vertex 37.778370599535144 -61.10471619626421 5.85
      vertex 37.719676818840234 -61.399789757893885 5.85
      vertex 37.719676818840234 -61.399789757893885 7.715
    endloop
  endfacet
  facet normal -0.9978589232386045 0.0654031292301286 0
    outer loop
      vertex 37.719676818840234 -61.399789757893885 5.85
      vertex 37.7 -61.7 5.85
      vertex 37.7 -61.7 7.715
    endloop
  endfacet
  facet normal 0 0 -1
    outer loop
      vertex 37.719676818840234 -61.399789757893885 5.85
      vertex 37.778370599535144 -62.2952838037358 5.85
      vertex 37.719676818840234 -62.00021024210612 5.85
    endloop
  endfacet
  facet normal 0 0 -1
    outer loop
      vertex 37.778370599535144 -61.10471619626421 5.85
      vertex 37.87507707522404 -62.58017189443971 5.85
      vertex 37.778370599535144 -62.2952838037358 5.85
    endloop
  endfacet
  facet normal 0 0 -1
    outer loop
      vertex 37.87507707522404 -60.8198281055603 5.85
      vertex 38.008141571295795 -62.85 5.85
      vertex 37.87507707522404 -62.58017189443971 5.85
    endloop
  endfacet
  facet normal -0.9978589232386045 -0.0654031292301286 0
    outer loop
      vertex 37.7 -61.7 5.85
      vertex 37.719676818840234 -62.00021024210612 5.85
      vertex 37.719676818840234 -62.00021024210612 7.715
    endloop
  endfacet
  facet normal -0.9807852804032287 -0.19509032201613716 0
    outer loop
      vertex 37.719676818840234 -62.00021024210612 5.85
      vertex 37.778370599535144 -62.2952838037358 5.85
      vertex 37.778370599535144 -62.2952838037358 7.715
    endloop
  endfacet
  facet normal -0.9469301294951059 -0.3214394653031609 0
    outer loop
      vertex 37.778370599535144 -62.2952838037358 5.85
      vertex 37.87507707522404 -62.58017189443971 5.85
      vertex 37.87507707522404 -62.58017189443971 7.715
    endloop
  endfacet
  facet normal -0.8968727415326844 -0.4422886902190092 0
    outer loop
      vertex 37.87507707522404 -62.58017189443971 5.85
      vertex 38.008141571295795 -62.85 5.85
      vertex 38.008141571295795 -62.85 7.715
    endloop
  endfacet
  facet normal -0.8968727415326844 0.4422886902190092 0
    outer loop
      vertex 37.87507707522404 -60.8198281055603 7.715
      vertex 38.008141571295795 -60.550000000000004 7.715
      vertex 38.008141571295795 -60.550000000000004 5.85
    endloop
  endfacet
  facet normal -0.9469301294951059 0.3214394653031609 0
    outer loop
      vertex 37.87507707522404 -60.8198281055603 5.85
      vertex 37.778370599535144 -61.10471619626421 7.715
      vertex 37.87507707522404 -60.8198281055603 7.715
    endloop
  endfacet
  facet normal -0.9807852804032287 0.19509032201613716 0
    outer loop
      vertex 37.778370599535144 -61.10471619626421 5.85
      vertex 37.719676818840234 -61.399789757893885 7.715
      vertex 37.778370599535144 -61.10471619626421 7.715
    endloop
  endfacet
  facet normal -0.9978589232386045 0.0654031292301286 0
    outer loop
      vertex 37.719676818840234 -61.399789757893885 5.85
      vertex 37.7 -61.7 7.715
      vertex 37.719676818840234 -61.399789757893885 7.715
    endloop
  endfacet
  facet normal -0.9978589232386045 -0.0654031292301286 0
    outer loop
      vertex 37.7 -61.7 5.85
      vertex 37.719676818840234 -62.00021024210612 7.715
      vertex 37.7 -61.7 7.715
    endloop
  endfacet
  facet normal -0.9807852804032287 -0.19509032201613716 0
    outer loop
      vertex 37.719676818840234 -62.00021024210612 5.85
      vertex 37.778370599535144 -62.2952838037358 7.715
      vertex 37.719676818840234 -62.00021024210612 7.715
    endloop
  endfacet
  facet normal -0.9469301294951059 -0.3214394653031609 0
    outer loop
      vertex 37.778370599535144 -62.2952838037358 5.85
      vertex 37.87507707522404 -62.58017189443971 7.715
      vertex 37.778370599535144 -62.2952838037358 7.715
    endloop
  endfacet
  facet normal -0.8968727415326844 -0.4422886902190092 0
    outer loop
      vertex 37.87507707522404 -62.58017189443971 5.85
      vertex 38.008141571295795 -62.85 7.715
      vertex 37.87507707522404 -62.58017189443971 7.715
    endloop
  endfacet
  facet normal 0 0 -1
    outer loop
      vertex 38.85 -59.7081415712958 5.85
      vertex 39.053023479175934 -61.30774948182579 5.85
      vertex 39.009926028053705 -61.43471047876992 5.85
    endloop
  endfacet
  facet normal 0 0 -1
    outer loop
      vertex 39.404716196264204 -59.47837059953515 5.85
      vertex 39.4875 -60.81232396112095 5.85
      vertex 39.119828105560295 -59.575077075224044 5.85
    endloop
  endfacet
  facet normal 0 0 -1
    outer loop
      vertex 38.85 -59.7081415712958 5.85
      vertex 39.119828105560295 -59.575077075224044 5.85
      vertex 39.18681282620148 -61.07601953526606 5.85
    endloop
  endfacet
  facet normal 0 0 -1
    outer loop
      vertex 39.404716196264204 -59.47837059953515 5.85
      vertex 39.69978975789388 -59.41967681884024 5.85
      vertex 39.73471047876992 -60.70992602805371 5.85
    endloop
  endfacet
  facet normal 0 0 -1
    outer loop
      vertex 39.69978975789388 -59.41967681884024 5.85
      vertex 40 -59.400000000000006 5.85
      vertex 39.866210652974445 -60.68376901709185 5.85
    endloop
  endfacet
  facet normal 0 0 -1
    outer loop
      vertex 39.404716196264204 -59.47837059953515 5.85
      vertex 39.73471047876992 -60.70992602805371 5.85
      vertex 39.607749481825785 -60.75302347917594 5.85
    endloop
  endfacet
  facet normal 0 0 -1
    outer loop
      vertex 39.69978975789388 -59.41967681884024 5.85
      vertex 39.866210652974445 -60.68376901709185 5.85
      vertex 39.73471047876992 -60.70992602805371 5.85
    endloop
  endfacet
  facet normal 0 0 -1
    outer loop
      vertex 40 -59.400000000000006 5.85
      vertex 40 -60.675000000000004 5.85
      vertex 39.866210652974445 -60.68376901709185 5.85
    endloop
  endfacet
  facet normal 0 0 -1
    outer loop
      vertex 39.119828105560295 -59.575077075224044 5.85
      vertex 39.275215549283786 -60.97521554928379 5.85
      vertex 39.18681282620148 -61.07601953526606 5.85
    endloop
  endfacet
  facet normal 0 0 -1
    outer loop
      vertex 39.119828105560295 -59.575077075224044 5.85
      vertex 39.4875 -60.81232396112095 5.85
      vertex 39.37601953526606 -60.886812826201485 5.85
    endloop
  endfacet
  facet normal 0 0 -1
    outer loop
      vertex 39.404716196264204 -59.47837059953515 5.85
      vertex 39.607749481825785 -60.75302347917594 5.85
      vertex 39.4875 -60.81232396112095 5.85
    endloop
  endfacet
  facet normal 0 0 -1
    outer loop
      vertex 39.119828105560295 -59.575077075224044 5.85
      vertex 39.37601953526606 -60.886812826201485 5.85
      vertex 39.275215549283786 -60.97521554928379 5.85
    endloop
  endfacet
  facet normal 0 0 -1
    outer loop
      vertex 38.85 -59.7081415712958 5.85
      vertex 39.18681282620148 -61.07601953526606 5.85
      vertex 39.11232396112095 -61.1875 5.85
    endloop
  endfacet
  facet normal 0 0 -1
    outer loop
      vertex 38.85 -59.7081415712958 5.85
      vertex 39.11232396112095 -61.1875 5.85
      vertex 39.053023479175934 -61.30774948182579 5.85
    endloop
  endfacet
  facet normal 0 0 -1
    outer loop
      vertex 38.17528731733016 -60.29984871327994 5.85
      vertex 38.17528731733016 -63.10015128672006 5.85
      vertex 38.008141571295795 -60.550000000000004 5.85
    endloop
  endfacet
  facet normal 0 0 -1
    outer loop
      vertex 38.17528731733016 -60.29984871327994 5.85
      vertex 38.37365440327094 -60.07365440327094 5.85
      vertex 38.37365440327094 -63.32634559672906 5.85
    endloop
  endfacet
  facet normal 0 0 -1
    outer loop
      vertex 38.85 -59.7081415712958 5.85
      vertex 39.009926028053705 -61.43471047876992 5.85
      vertex 38.983769017091845 -61.56621065297445 5.85
    endloop
  endfacet
  facet normal 0 0 -1
    outer loop
      vertex 38.85 -59.7081415712958 5.85
      vertex 38.85 -63.69185842870421 5.85
      vertex 38.59984871327994 -59.87528731733016 5.85
    endloop
  endfacet
  facet normal 0 0 -1
    outer loop
      vertex 38.85 -59.7081415712958 5.85
      vertex 38.983769017091845 -61.56621065297445 5.85
      vertex 38.975 -61.7 5.85
    endloop
  endfacet
  facet normal 0 0 -1
    outer loop
      vertex 38.37365440327094 -60.07365440327094 5.85
      vertex 38.59984871327994 -59.87528731733016 5.85
      vertex 38.59984871327994 -63.52471268266984 5.85
    endloop
  endfacet
  facet normal 0 0 -1
    outer loop
      vertex 38.85 -59.7081415712958 5.85
      vertex 38.975 -61.7 5.85
      vertex 38.85 -63.69185842870421 5.85
    endloop
  endfacet
  facet normal 0 0 -1
    outer loop
      vertex 40 -59.400000000000006 5.85
      vertex 40.30021024210612 -59.41967681884024 5.85
      vertex 40.133789347025555 -60.68376901709185 5.85
    endloop
  endfacet
  facet normal 0 0 -1
    outer loop
      vertex 40.30021024210612 -59.41967681884024 5.85
      vertex 40.595283803735796 -59.47837059953515 5.85
      vertex 40.392250518174215 -60.75302347917594 5.85
    endloop
  endfacet
  facet normal 0 0 -1
    outer loop
      vertex 40 -59.400000000000006 5.85
      vertex 40.133789347025555 -60.68376901709185 5.85
      vertex 40 -60.675000000000004 5.85
    endloop
  endfacet
  facet normal 0 0 -1
    outer loop
      vertex 40.30021024210612 -59.41967681884024 5.85
      vertex 40.26528952123008 -60.70992602805371 5.85
      vertex 40.133789347025555 -60.68376901709185 5.85
    endloop
  endfacet
  facet normal 0 0 -1
    outer loop
      vertex 40.30021024210612 -59.41967681884024 5.85
      vertex 40.392250518174215 -60.75302347917594 5.85
      vertex 40.26528952123008 -60.70992602805371 5.85
    endloop
  endfacet
  facet normal 0 0 -1
    outer loop
      vertex 40.595283803735796 -59.47837059953515 5.85
      vertex 40.880171894439705 -59.575077075224044 5.85
      vertex 40.724784450716214 -60.97521554928379 5.85
    endloop
  endfacet
  facet normal 0 0 -1
    outer loop
      vertex 40.595283803735796 -59.47837059953515 5.85
      vertex 40.5125 -60.81232396112095 5.85
      vertex 40.392250518174215 -60.75302347917594 5.85
    endloop
  endfacet
  facet normal 0 0 -1
    outer loop
      vertex 40.595283803735796 -59.47837059953515 5.85
      vertex 40.62398046473394 -60.886812826201485 5.85
      vertex 40.5125 -60.81232396112095 5.85
    endloop
  endfacet
  facet normal 0 0 -1
    outer loop
      vertex 40.595283803735796 -59.47837059953515 5.85
      vertex 40.724784450716214 -60.97521554928379 5.85
      vertex 40.62398046473394 -60.886812826201485 5.85
    endloop
  endfacet
  facet normal 0 0 -1
    outer loop
      vertex 40.880171894439705 -59.575077075224044 5.85
      vertex 40.81318717379852 -61.07601953526606 5.85
      vertex 40.724784450716214 -60.97521554928379 5.85
    endloop
  endfacet
  facet normal 0 0 -1
    outer loop
      vertex 40.880171894439705 -59.575077075224044 5.85
      vertex 40.88767603887905 -61.1875 5.85
      vertex 40.81318717379852 -61.07601953526606 5.85
    endloop
  endfacet
  facet normal 0 0 -1
    outer loop
      vertex 40.880171894439705 -59.575077075224044 5.85
      vertex 40.946976520824066 -61.30774948182579 5.85
      vertex 40.88767603887905 -61.1875 5.85
    endloop
  endfacet
  facet normal 0 0 -1
    outer loop
      vertex 40.880171894439705 -59.575077075224044 5.85
      vertex 40.990073971946295 -61.43471047876992 5.85
      vertex 40.946976520824066 -61.30774948182579 5.85
    endloop
  endfacet
  facet normal 0 0 -1
    outer loop
      vertex 40.880171894439705 -59.575077075224044 5.85
      vertex 41.15 -59.7081415712958 5.85
      vertex 41.016230982908155 -61.56621065297445 5.85
    endloop
  endfacet
  facet normal 0 0 -1
    outer loop
      vertex 40.880171894439705 -59.575077075224044 5.85
      vertex 41.016230982908155 -61.56621065297445 5.85
      vertex 40.990073971946295 -61.43471047876992 5.85
    endloop
  endfacet
  facet normal 0 0 -1
    outer loop
      vertex 41.15 -59.7081415712958 5.85
      vertex 41.025 -61.7 5.85
      vertex 41.016230982908155 -61.56621065297445 5.85
    endloop
  endfacet
  facet normal 0 0 -1
    outer loop
      vertex 41.15 -59.7081415712958 5.85
      vertex 41.40015128672006 -59.87528731733016 5.85
      vertex 41.40015128672006 -63.52471268266984 5.85
    endloop
  endfacet
  facet normal 0 0 -1
    outer loop
      vertex 41.40015128672006 -59.87528731733016 5.85
      vertex 41.62634559672906 -60.07365440327094 5.85
      vertex 41.62634559672906 -63.32634559672906 5.85
    endloop
  endfacet
  facet normal 0 0 -1
    outer loop
      vertex 41.62634559672906 -60.07365440327094 5.85
      vertex 41.82471268266984 -60.29984871327994 5.85
      vertex 41.82471268266984 -63.10015128672006 5.85
    endloop
  endfacet
  facet normal 0 0 -1
    outer loop
      vertex 41.82471268266984 -60.29984871327994 5.85
      vertex 41.991858428704205 -60.550000000000004 5.85
      vertex 41.991858428704205 -62.85 5.85
    endloop
  endfacet
  facet normal 0 0 -1
    outer loop
      vertex 41.15 -59.7081415712958 5.85
      vertex 41.15 -63.69185842870421 5.85
      vertex 41.025 -61.7 5.85
    endloop
  endfacet
  facet normal 0 0 -1
    outer loop
      vertex 41.991858428704205 -60.550000000000004 5.85
      vertex 42.12492292477596 -60.8198281055603 5.85
      vertex 42.12492292477596 -62.58017189443971 5.85
    endloop
  endfacet
  facet normal 0 0 -1
    outer loop
      vertex 42.12492292477596 -60.8198281055603 5.85
      vertex 42.221629400464856 -61.10471619626421 5.85
      vertex 42.221629400464856 -62.2952838037358 5.85
    endloop
  endfacet
  facet normal 0 0 -1
    outer loop
      vertex 42.221629400464856 -61.10471619626421 5.85
      vertex 42.280323181159766 -61.399789757893885 5.85
      vertex 42.280323181159766 -62.00021024210612 5.85
    endloop
  endfacet
  facet normal 0 0 -1
    outer loop
      vertex 42.221629400464856 -61.10471619626421 5.85
      vertex 42.280323181159766 -62.00021024210612 5.85
      vertex 42.221629400464856 -62.2952838037358 5.85
    endloop
  endfacet
  facet normal 0 0 -1
    outer loop
      vertex 42.280323181159766 -61.399789757893885 5.85
      vertex 42.3 -61.7 5.85
      vertex 42.280323181159766 -62.00021024210612 5.85
    endloop
  endfacet
  facet normal -0.4422886902190092 0.8968727415326844 0
    outer loop
      vertex 38.85 -59.7081415712958 5.85
      vertex 38.85 -59.7081415712958 7.715
      vertex 39.119828105560295 -59.575077075224044 5.85
    endloop
  endfacet
  facet normal -0.3214394653031609 0.9469301294951059 0
    outer loop
      vertex 39.404716196264204 -59.47837059953515 5.85
      vertex 39.119828105560295 -59.575077075224044 5.85
      vertex 39.119828105560295 -59.575077075224044 7.715
    endloop
  endfacet
  facet normal -0.19509032201613716 0.9807852804032287 0
    outer loop
      vertex 39.404716196264204 -59.47837059953515 5.85
      vertex 39.404716196264204 -59.47837059953515 7.715
      vertex 39.69978975789388 -59.41967681884024 5.85
    endloop
  endfacet
  facet normal -0.0654031292301286 0.9978589232386045 0
    outer loop
      vertex 39.69978975789388 -59.41967681884024 5.85
      vertex 39.69978975789388 -59.41967681884024 7.715
      vertex 40 -59.400000000000006 5.85
    endloop
  endfacet
  facet normal 0.0654031292301286 0.9978589232386045 0
    outer loop
      vertex 40 -59.400000000000006 5.85
      vertex 40 -59.400000000000006 7.715
      vertex 40.30021024210612 -59.41967681884024 5.85
    endloop
  endfacet
  facet normal 0.19509032201613716 0.9807852804032287 0
    outer loop
      vertex 40.30021024210612 -59.41967681884024 5.85
      vertex 40.30021024210612 -59.41967681884024 7.715
      vertex 40.595283803735796 -59.47837059953515 5.85
    endloop
  endfacet
  facet normal 0.3214394653031609 0.9469301294951059 0
    outer loop
      vertex 40.595283803735796 -59.47837059953515 5.85
      vertex 40.595283803735796 -59.47837059953515 7.715
      vertex 40.880171894439705 -59.575077075224044 5.85
    endloop
  endfacet
  facet normal 0.4422886902190092 0.8968727415326844 0
    outer loop
      vertex 40.880171894439705 -59.575077075224044 5.85
      vertex 40.880171894439705 -59.575077075224044 7.715
      vertex 41.15 -59.7081415712958 5.85
    endloop
  endfacet
  facet normal 0.5555702330195879 0.8314696123025547 0
    outer loop
      vertex 41.15 -59.7081415712958 5.85
      vertex 41.15 -59.7081415712958 7.715
      vertex 41.40015128672006 -59.87528731733016 5.85
    endloop
  endfacet
  facet normal -0.6593458151000716 0.7518398074789749 0
    outer loop
      vertex 38.37365440327094 -60.07365440327094 5.85
      vertex 38.37365440327094 -60.07365440327094 7.715
      vertex 38.59984871327994 -59.87528731733016 5.85
    endloop
  endfacet
  facet normal -0.7518398074789749 0.6593458151000716 0
    outer loop
      vertex 38.17528731733016 -60.29984871327994 5.85
      vertex 38.17528731733016 -60.29984871327994 7.715
      vertex 38.37365440327094 -60.07365440327094 5.85
    endloop
  endfacet
  facet normal -0.5555702330195879 0.8314696123025547 0
    outer loop
      vertex 38.85 -59.7081415712958 5.85
      vertex 38.59984871327994 -59.87528731733016 5.85
      vertex 38.59984871327994 -59.87528731733016 7.715
    endloop
  endfacet
  facet normal -0.8314696123025547 0.5555702330195879 0
    outer loop
      vertex 38.17528731733016 -60.29984871327994 5.85
      vertex 38.008141571295795 -60.550000000000004 5.85
      vertex 38.008141571295795 -60.550000000000004 7.715
    endloop
  endfacet
  facet normal 0.6593458151000716 0.7518398074789749 0
    outer loop
      vertex 41.40015128672006 -59.87528731733016 5.85
      vertex 41.40015128672006 -59.87528731733016 7.715
      vertex 41.62634559672906 -60.07365440327094 5.85
    endloop
  endfacet
  facet normal 0.7518398074789749 0.6593458151000716 0
    outer loop
      vertex 41.62634559672906 -60.07365440327094 5.85
      vertex 41.62634559672906 -60.07365440327094 7.715
      vertex 41.82471268266984 -60.29984871327994 5.85
    endloop
  endfacet
  facet normal 0.8314696123025547 0.5555702330195879 0
    outer loop
      vertex 41.82471268266984 -60.29984871327994 5.85
      vertex 41.82471268266984 -60.29984871327994 7.715
      vertex 41.991858428704205 -60.550000000000004 5.85
    endloop
  endfacet
  facet normal 0.8968727415326844 0.4422886902190092 0
    outer loop
      vertex 41.991858428704205 -60.550000000000004 5.85
      vertex 41.991858428704205 -60.550000000000004 7.715
      vertex 42.12492292477596 -60.8198281055603 5.85
    endloop
  endfacet
  facet normal 0.9469301294951059 0.3214394653031609 0
    outer loop
      vertex 42.12492292477596 -60.8198281055603 5.85
      vertex 42.12492292477596 -60.8198281055603 7.715
      vertex 42.221629400464856 -61.10471619626421 5.85
    endloop
  endfacet
  facet normal 0.9807852804032287 0.19509032201613716 0
    outer loop
      vertex 42.221629400464856 -61.10471619626421 5.85
      vertex 42.221629400464856 -61.10471619626421 7.715
      vertex 42.280323181159766 -61.399789757893885 5.85
    endloop
  endfacet
  facet normal 0.9978589232386045 0.0654031292301286 0
    outer loop
      vertex 42.280323181159766 -61.399789757893885 5.85
      vertex 42.280323181159766 -61.399789757893885 7.715
      vertex 42.3 -61.7 5.85
    endloop
  endfacet
  facet normal 0.9978589232386045 -0.0654031292301286 0
    outer loop
      vertex 42.3 -61.7 5.85
      vertex 42.3 -61.7 7.715
      vertex 42.280323181159766 -62.00021024210612 5.85
    endloop
  endfacet
  facet normal 0 0 -1
    outer loop
      vertex 38.008141571295795 -60.550000000000004 5.85
      vertex 38.17528731733016 -63.10015128672006 5.85
      vertex 38.008141571295795 -62.85 5.85
    endloop
  endfacet
  facet normal 0 0 -1
    outer loop
      vertex 38.17528731733016 -60.29984871327994 5.85
      vertex 38.37365440327094 -63.32634559672906 5.85
      vertex 38.17528731733016 -63.10015128672006 5.85
    endloop
  endfacet
  facet normal 0 0 -1
    outer loop
      vertex 38.37365440327094 -60.07365440327094 5.85
      vertex 38.59984871327994 -63.52471268266984 5.85
      vertex 38.37365440327094 -63.32634559672906 5.85
    endloop
  endfacet
  facet normal 0 0 -1
    outer loop
      vertex 38.59984871327994 -59.87528731733016 5.85
      vertex 38.85 -63.69185842870421 5.85
      vertex 38.59984871327994 -63.52471268266984 5.85
    endloop
  endfacet
  facet normal 0 0 -1
    outer loop
      vertex 38.975 -61.7 5.85
      vertex 38.983769017091845 -61.83378934702556 5.85
      vertex 38.85 -63.69185842870421 5.85
    endloop
  endfacet
  facet normal 0 0 -1
    outer loop
      vertex 38.983769017091845 -61.83378934702556 5.85
      vertex 39.009926028053705 -61.96528952123008 5.85
      vertex 39.119828105560295 -63.82492292477596 5.85
    endloop
  endfacet
  facet normal 0 0 -1
    outer loop
      vertex 39.009926028053705 -61.96528952123008 5.85
      vertex 39.053023479175934 -62.09225051817422 5.85
      vertex 39.119828105560295 -63.82492292477596 5.85
    endloop
  endfacet
  facet normal 0 0 -1
    outer loop
      vertex 39.053023479175934 -62.09225051817422 5.85
      vertex 39.11232396112095 -62.212500000000006 5.85
      vertex 39.119828105560295 -63.82492292477596 5.85
    endloop
  endfacet
  facet normal 0 0 -1
    outer loop
      vertex 39.11232396112095 -62.212500000000006 5.85
      vertex 39.18681282620148 -62.32398046473394 5.85
      vertex 39.119828105560295 -63.82492292477596 5.85
    endloop
  endfacet
  facet normal 0 0 -1
    outer loop
      vertex 39.18681282620148 -62.32398046473394 5.85
      vertex 39.275215549283786 -62.42478445071622 5.85
      vertex 39.119828105560295 -63.82492292477596 5.85
    endloop
  endfacet
  facet normal 0 0 -1
    outer loop
      vertex 38.983769017091845 -61.83378934702556 5.85
      vertex 39.119828105560295 -63.82492292477596 5.85
      vertex 38.85 -63.69185842870421 5.85
    endloop
  endfacet
  facet normal 0 0 -1
    outer loop
      vertex 39.275215549283786 -62.42478445071622 5.85
      vertex 39.37601953526606 -62.51318717379852 5.85
      vertex 39.404716196264204 -63.92162940046486 5.85
    endloop
  endfacet
  facet normal 0 0 -1
    outer loop
      vertex 39.37601953526606 -62.51318717379852 5.85
      vertex 39.4875 -62.58767603887905 5.85
      vertex 39.404716196264204 -63.92162940046486 5.85
    endloop
  endfacet
  facet normal 0 0 -1
    outer loop
      vertex 39.4875 -62.58767603887905 5.85
      vertex 39.607749481825785 -62.64697652082407 5.85
      vertex 39.404716196264204 -63.92162940046486 5.85
    endloop
  endfacet
  facet normal 0 0 -1
    outer loop
      vertex 39.275215549283786 -62.42478445071622 5.85
      vertex 39.404716196264204 -63.92162940046486 5.85
      vertex 39.119828105560295 -63.82492292477596 5.85
    endloop
  endfacet
  facet normal 0 0 -1
    outer loop
      vertex 39.607749481825785 -62.64697652082407 5.85
      vertex 39.73471047876992 -62.6900739719463 5.85
      vertex 39.69978975789388 -63.98032318115977 5.85
    endloop
  endfacet
  facet normal 0 0 -1
    outer loop
      vertex 39.73471047876992 -62.6900739719463 5.85
      vertex 39.866210652974445 -62.71623098290816 5.85
      vertex 39.69978975789388 -63.98032318115977 5.85
    endloop
  endfacet
  facet normal 0 0 -1
    outer loop
      vertex 39.866210652974445 -62.71623098290816 5.85
      vertex 40 -62.725 5.85
      vertex 40 -64 5.85
    endloop
  endfacet
  facet normal 0 0 -1
    outer loop
      vertex 39.607749481825785 -62.64697652082407 5.85
      vertex 39.69978975789388 -63.98032318115977 5.85
      vertex 39.404716196264204 -63.92162940046486 5.85
    endloop
  endfacet
  facet normal 0 0 -1
    outer loop
      vertex 39.866210652974445 -62.71623098290816 5.85
      vertex 40 -64 5.85
      vertex 39.69978975789388 -63.98032318115977 5.85
    endloop
  endfacet
  facet normal 0 0 -1
    outer loop
      vertex 40.946976520824066 -62.09225051817422 5.85
      vertex 41.15 -63.69185842870421 5.85
      vertex 40.88767603887905 -62.212500000000006 5.85
    endloop
  endfacet
  facet normal 0 0 -1
    outer loop
      vertex 40.88767603887905 -62.212500000000006 5.85
      vertex 41.15 -63.69185842870421 5.85
      vertex 40.81318717379852 -62.32398046473394 5.85
    endloop
  endfacet
  facet normal 0 0 -1
    outer loop
      vertex 40.81318717379852 -62.32398046473394 5.85
      vertex 40.880171894439705 -63.82492292477596 5.85
      vertex 40.724784450716214 -62.42478445071622 5.85
    endloop
  endfacet
  facet normal 0 0 -1
    outer loop
      vertex 41.15 -59.7081415712958 5.85
      vertex 41.40015128672006 -63.52471268266984 5.85
      vertex 41.15 -63.69185842870421 5.85
    endloop
  endfacet
  facet normal 0 0 -1
    outer loop
      vertex 41.40015128672006 -59.87528731733016 5.85
      vertex 41.62634559672906 -63.32634559672906 5.85
      vertex 41.40015128672006 -63.52471268266984 5.85
    endloop
  endfacet
  facet normal 0 0 -1
    outer loop
      vertex 41.82471268266984 -60.29984871327994 5.85
      vertex 41.991858428704205 -62.85 5.85
      vertex 41.82471268266984 -63.10015128672006 5.85
    endloop
  endfacet
  facet normal 0 0 -1
    outer loop
      vertex 41.62634559672906 -60.07365440327094 5.85
      vertex 41.82471268266984 -63.10015128672006 5.85
      vertex 41.62634559672906 -63.32634559672906 5.85
    endloop
  endfacet
  facet normal 0 0 -1
    outer loop
      vertex 41.025 -61.7 5.85
      vertex 41.15 -63.69185842870421 5.85
      vertex 41.016230982908155 -61.83378934702556 5.85
    endloop
  endfacet
  facet normal 0 0 -1
    outer loop
      vertex 41.016230982908155 -61.83378934702556 5.85
      vertex 41.15 -63.69185842870421 5.85
      vertex 40.990073971946295 -61.96528952123008 5.85
    endloop
  endfacet
  facet normal 0 0 -1
    outer loop
      vertex 40.990073971946295 -61.96528952123008 5.85
      vertex 41.15 -63.69185842870421 5.85
      vertex 40.946976520824066 -62.09225051817422 5.85
    endloop
  endfacet
  facet normal 0 0 -1
    outer loop
      vertex 40 -62.725 5.85
      vertex 40.133789347025555 -62.71623098290816 5.85
      vertex 40 -64 5.85
    endloop
  endfacet
  facet normal 0 0 -1
    outer loop
      vertex 40.133789347025555 -62.71623098290816 5.85
      vertex 40.26528952123008 -62.6900739719463 5.85
      vertex 40.30021024210612 -63.98032318115977 5.85
    endloop
  endfacet
  facet normal 0 0 -1
    outer loop
      vertex 40.392250518174215 -62.64697652082407 5.85
      vertex 40.595283803735796 -63.92162940046486 5.85
      vertex 40.26528952123008 -62.6900739719463 5.85
    endloop
  endfacet
  facet normal 0 0 -1
    outer loop
      vertex 40.62398046473394 -62.51318717379852 5.85
      vertex 40.724784450716214 -62.42478445071622 5.85
      vertex 40.880171894439705 -63.82492292477596 5.85
    endloop
  endfacet
  facet normal 0 0 -1
    outer loop
      vertex 40.62398046473394 -62.51318717379852 5.85
      vertex 40.880171894439705 -63.82492292477596 5.85
      vertex 40.5125 -62.58767603887905 5.85
    endloop
  endfacet
  facet normal 0 0 -1
    outer loop
      vertex 40.392250518174215 -62.64697652082407 5.85
      vertex 40.5125 -62.58767603887905 5.85
      vertex 40.595283803735796 -63.92162940046486 5.85
    endloop
  endfacet
  facet normal 0 0 -1
    outer loop
      vertex 40.81318717379852 -62.32398046473394 5.85
      vertex 41.15 -63.69185842870421 5.85
      vertex 40.880171894439705 -63.82492292477596 5.85
    endloop
  endfacet
  facet normal 0 0 -1
    outer loop
      vertex 40.133789347025555 -62.71623098290816 5.85
      vertex 40.30021024210612 -63.98032318115977 5.85
      vertex 40 -64 5.85
    endloop
  endfacet
  facet normal 0 0 -1
    outer loop
      vertex 40.26528952123008 -62.6900739719463 5.85
      vertex 40.595283803735796 -63.92162940046486 5.85
      vertex 40.30021024210612 -63.98032318115977 5.85
    endloop
  endfacet
  facet normal 0 0 -1
    outer loop
      vertex 40.5125 -62.58767603887905 5.85
      vertex 40.880171894439705 -63.82492292477596 5.85
      vertex 40.595283803735796 -63.92162940046486 5.85
    endloop
  endfacet
  facet normal 0 0 -1
    outer loop
      vertex 41.991858428704205 -60.550000000000004 5.85
      vertex 42.12492292477596 -62.58017189443971 5.85
      vertex 41.991858428704205 -62.85 5.85
    endloop
  endfacet
  facet normal 0 0 -1
    outer loop
      vertex 42.12492292477596 -60.8198281055603 5.85
      vertex 42.221629400464856 -62.2952838037358 5.85
      vertex 42.12492292477596 -62.58017189443971 5.85
    endloop
  endfacet
  facet normal -0.8314696123025547 -0.5555702330195879 0
    outer loop
      vertex 38.008141571295795 -62.85 5.85
      vertex 38.17528731733016 -63.10015128672006 5.85
      vertex 38.17528731733016 -63.10015128672006 7.715
    endloop
  endfacet
  facet normal -0.7518398074789749 -0.6593458151000716 0
    outer loop
      vertex 38.17528731733016 -63.10015128672006 5.85
      vertex 38.37365440327094 -63.32634559672906 5.85
      vertex 38.37365440327094 -63.32634559672906 7.715
    endloop
  endfacet
  facet normal -0.6593458151000716 -0.7518398074789749 0
    outer loop
      vertex 38.37365440327094 -63.32634559672906 5.85
      vertex 38.59984871327994 -63.52471268266984 5.85
      vertex 38.59984871327994 -63.52471268266984 7.715
    endloop
  endfacet
  facet normal -0.5555702330195879 -0.8314696123025547 0
    outer loop
      vertex 38.59984871327994 -63.52471268266984 5.85
      vertex 38.85 -63.69185842870421 5.85
      vertex 38.85 -63.69185842870421 7.715
    endloop
  endfacet
  facet normal -0.4422886902190092 -0.8968727415326844 0
    outer loop
      vertex 38.85 -63.69185842870421 5.85
      vertex 39.119828105560295 -63.82492292477596 5.85
      vertex 39.119828105560295 -63.82492292477596 7.715
    endloop
  endfacet
  facet normal -0.3214394653031609 -0.9469301294951059 0
    outer loop
      vertex 39.119828105560295 -63.82492292477596 5.85
      vertex 39.404716196264204 -63.92162940046486 5.85
      vertex 39.404716196264204 -63.92162940046486 7.715
    endloop
  endfacet
  facet normal 0.3214394653031609 -0.9469301294951059 0
    outer loop
      vertex 40.595283803735796 -63.92162940046486 5.85
      vertex 40.880171894439705 -63.82492292477596 5.85
      vertex 40.880171894439705 -63.82492292477596 7.715
    endloop
  endfacet
  facet normal 0.8314696123025547 -0.5555702330195879 0
    outer loop
      vertex 41.991858428704205 -62.85 5.85
      vertex 41.991858428704205 -62.85 7.715
      vertex 41.82471268266984 -63.10015128672006 5.85
    endloop
  endfacet
  facet normal 0.6593458151000716 -0.7518398074789749 0
    outer loop
      vertex 41.62634559672906 -63.32634559672906 5.85
      vertex 41.62634559672906 -63.32634559672906 7.715
      vertex 41.40015128672006 -63.52471268266984 5.85
    endloop
  endfacet
  facet normal 0.7518398074789749 -0.6593458151000716 0
    outer loop
      vertex 41.82471268266984 -63.10015128672006 5.85
      vertex 41.82471268266984 -63.10015128672006 7.715
      vertex 41.62634559672906 -63.32634559672906 5.85
    endloop
  endfacet
  facet normal 0.5555702330195879 -0.8314696123025547 0
    outer loop
      vertex 41.40015128672006 -63.52471268266984 5.85
      vertex 41.40015128672006 -63.52471268266984 7.715
      vertex 41.15 -63.69185842870421 5.85
    endloop
  endfacet
  facet normal 0.4422886902190092 -0.8968727415326844 0
    outer loop
      vertex 40.880171894439705 -63.82492292477596 5.85
      vertex 41.15 -63.69185842870421 5.85
      vertex 41.15 -63.69185842870421 7.715
    endloop
  endfacet
  facet normal -0.19509032201613716 -0.9807852804032287 0
    outer loop
      vertex 39.404716196264204 -63.92162940046486 5.85
      vertex 39.69978975789388 -63.98032318115977 5.85
      vertex 39.69978975789388 -63.98032318115977 7.715
    endloop
  endfacet
  facet normal -0.0654031292301286 -0.9978589232386045 0
    outer loop
      vertex 39.69978975789388 -63.98032318115977 5.85
      vertex 40 -64 5.85
      vertex 40 -64 7.715
    endloop
  endfacet
  facet normal 0.0654031292301286 -0.9978589232386045 0
    outer loop
      vertex 40 -64 5.85
      vertex 40.30021024210612 -63.98032318115977 5.85
      vertex 40.30021024210612 -63.98032318115977 7.715
    endloop
  endfacet
  facet normal 0.19509032201613716 -0.9807852804032287 0
    outer loop
      vertex 40.595283803735796 -63.92162940046486 5.85
      vertex 40.595283803735796 -63.92162940046486 7.715
      vertex 40.30021024210612 -63.98032318115977 5.85
    endloop
  endfacet
  facet normal 0.9807852804032287 -0.19509032201613716 0
    outer loop
      vertex 42.280323181159766 -62.00021024210612 5.85
      vertex 42.280323181159766 -62.00021024210612 7.715
      vertex 42.221629400464856 -62.2952838037358 5.85
    endloop
  endfacet
  facet normal 0.9469301294951059 -0.3214394653031609 0
    outer loop
      vertex 42.221629400464856 -62.2952838037358 5.85
      vertex 42.221629400464856 -62.2952838037358 7.715
      vertex 42.12492292477596 -62.58017189443971 5.85
    endloop
  endfacet
  facet normal 0.8968727415326844 -0.4422886902190092 0
    outer loop
      vertex 41.991858428704205 -62.85 5.85
      vertex 42.12492292477596 -62.58017189443971 5.85
      vertex 42.12492292477596 -62.58017189443971 7.715
    endloop
  endfacet
  facet normal -0.5555702330195879 0.8314696123025547 0
    outer loop
      vertex 38.85 -59.7081415712958 5.85
      vertex 38.59984871327994 -59.87528731733016 7.715
      vertex 38.85 -59.7081415712958 7.715
    endloop
  endfacet
  facet normal -0.3214394653031609 0.9469301294951059 0
    outer loop
      vertex 39.404716196264204 -59.47837059953515 5.85
      vertex 39.119828105560295 -59.575077075224044 7.715
      vertex 39.404716196264204 -59.47837059953515 7.715
    endloop
  endfacet
  facet normal -0.4422886902190092 0.8968727415326844 0
    outer loop
      vertex 39.119828105560295 -59.575077075224044 5.85
      vertex 38.85 -59.7081415712958 7.715
      vertex 39.119828105560295 -59.575077075224044 7.715
    endloop
  endfacet
  facet normal -0.19509032201613716 0.9807852804032287 0
    outer loop
      vertex 39.69978975789388 -59.41967681884024 5.85
      vertex 39.404716196264204 -59.47837059953515 7.715
      vertex 39.69978975789388 -59.41967681884024 7.715
    endloop
  endfacet
  facet normal -0.0654031292301286 0.9978589232386045 0
    outer loop
      vertex 40 -59.400000000000006 5.85
      vertex 39.69978975789388 -59.41967681884024 7.715
      vertex 40 -59.400000000000006 7.715
    endloop
  endfacet
  facet normal 0.0654031292301286 0.9978589232386045 0
    outer loop
      vertex 40.30021024210612 -59.41967681884024 5.85
      vertex 40 -59.400000000000006 7.715
      vertex 40.30021024210612 -59.41967681884024 7.715
    endloop
  endfacet
  facet normal 0.19509032201613716 0.9807852804032287 0
    outer loop
      vertex 40.595283803735796 -59.47837059953515 5.85
      vertex 40.30021024210612 -59.41967681884024 7.715
      vertex 40.595283803735796 -59.47837059953515 7.715
    endloop
  endfacet
  facet normal 0.3214394653031609 0.9469301294951059 0
    outer loop
      vertex 40.880171894439705 -59.575077075224044 5.85
      vertex 40.595283803735796 -59.47837059953515 7.715
      vertex 40.880171894439705 -59.575077075224044 7.715
    endloop
  endfacet
  facet normal 0.4422886902190092 0.8968727415326844 0
    outer loop
      vertex 41.15 -59.7081415712958 5.85
      vertex 40.880171894439705 -59.575077075224044 7.715
      vertex 41.15 -59.7081415712958 7.715
    endloop
  endfacet
  facet normal -0.7518398074789749 0.6593458151000716 0
    outer loop
      vertex 38.37365440327094 -60.07365440327094 5.85
      vertex 38.17528731733016 -60.29984871327994 7.715
      vertex 38.37365440327094 -60.07365440327094 7.715
    endloop
  endfacet
  facet normal -0.6593458151000716 0.7518398074789749 0
    outer loop
      vertex 38.59984871327994 -59.87528731733016 5.85
      vertex 38.37365440327094 -60.07365440327094 7.715
      vertex 38.59984871327994 -59.87528731733016 7.715
    endloop
  endfacet
  facet normal -0.8314696123025547 0.5555702330195879 0
    outer loop
      vertex 38.17528731733016 -60.29984871327994 5.85
      vertex 38.008141571295795 -60.550000000000004 7.715
      vertex 38.17528731733016 -60.29984871327994 7.715
    endloop
  endfacet
  facet normal 0.5555702330195879 0.8314696123025547 0
    outer loop
      vertex 41.40015128672006 -59.87528731733016 5.85
      vertex 41.15 -59.7081415712958 7.715
      vertex 41.40015128672006 -59.87528731733016 7.715
    endloop
  endfacet
  facet normal 0.6593458151000716 0.7518398074789749 0
    outer loop
      vertex 41.62634559672906 -60.07365440327094 5.85
      vertex 41.40015128672006 -59.87528731733016 7.715
      vertex 41.62634559672906 -60.07365440327094 7.715
    endloop
  endfacet
  facet normal 0.7518398074789749 0.6593458151000716 0
    outer loop
      vertex 41.82471268266984 -60.29984871327994 5.85
      vertex 41.62634559672906 -60.07365440327094 7.715
      vertex 41.82471268266984 -60.29984871327994 7.715
    endloop
  endfacet
  facet normal 0.8314696123025547 0.5555702330195879 0
    outer loop
      vertex 41.991858428704205 -60.550000000000004 5.85
      vertex 41.82471268266984 -60.29984871327994 7.715
      vertex 41.991858428704205 -60.550000000000004 7.715
    endloop
  endfacet
  facet normal 0.8968727415326844 0.4422886902190092 0
    outer loop
      vertex 42.12492292477596 -60.8198281055603 5.85
      vertex 41.991858428704205 -60.550000000000004 7.715
      vertex 42.12492292477596 -60.8198281055603 7.715
    endloop
  endfacet
  facet normal 0.9469301294951059 0.3214394653031609 0
    outer loop
      vertex 42.221629400464856 -61.10471619626421 5.85
      vertex 42.12492292477596 -60.8198281055603 7.715
      vertex 42.221629400464856 -61.10471619626421 7.715
    endloop
  endfacet
  facet normal 0.9807852804032287 0.19509032201613716 0
    outer loop
      vertex 42.280323181159766 -61.399789757893885 5.85
      vertex 42.221629400464856 -61.10471619626421 7.715
      vertex 42.280323181159766 -61.399789757893885 7.715
    endloop
  endfacet
  facet normal 0.9978589232386045 0.0654031292301286 0
    outer loop
      vertex 42.3 -61.7 5.85
      vertex 42.280323181159766 -61.399789757893885 7.715
      vertex 42.3 -61.7 7.715
    endloop
  endfacet
  facet normal -0.44228869021900913 0.8968727415326844 0
    outer loop
      vertex 38.85 -59.7081415712958 8.315
      vertex 38.85 -59.7081415712958 9.115
      vertex 39.119828105560295 -59.575077075224044 8.315
    endloop
  endfacet
  facet normal -0.3214394653031609 0.9469301294951059 0
    outer loop
      vertex 39.404716196264204 -59.47837059953515 8.315
      vertex 39.119828105560295 -59.575077075224044 8.315
      vertex 39.119828105560295 -59.575077075224044 9.115
    endloop
  endfacet
  facet normal -0.19509032201613716 0.9807852804032288 0
    outer loop
      vertex 39.404716196264204 -59.47837059953515 8.315
      vertex 39.404716196264204 -59.47837059953515 9.115
      vertex 39.69978975789388 -59.41967681884024 8.315
    endloop
  endfacet
  facet normal -0.0654031292301286 0.9978589232386045 0
    outer loop
      vertex 39.69978975789388 -59.41967681884024 8.315
      vertex 39.69978975789388 -59.41967681884024 9.115
      vertex 40 -59.400000000000006 8.315
    endloop
  endfacet
  facet normal -0.5555702330195879 0.8314696123025548 0
    outer loop
      vertex 38.85 -59.7081415712958 8.315
      vertex 38.59984871327994 -59.87528731733016 9.115
      vertex 38.85 -59.7081415712958 9.115
    endloop
  endfacet
  facet normal -0.3214394653031609 0.9469301294951059 0
    outer loop
      vertex 39.404716196264204 -59.47837059953515 8.315
      vertex 39.119828105560295 -59.575077075224044 9.115
      vertex 39.404716196264204 -59.47837059953515 9.115
    endloop
  endfacet
  facet normal -0.44228869021900913 0.8968727415326844 0
    outer loop
      vertex 39.119828105560295 -59.575077075224044 8.315
      vertex 38.85 -59.7081415712958 9.115
      vertex 39.119828105560295 -59.575077075224044 9.115
    endloop
  endfacet
  facet normal -0.19509032201613716 0.9807852804032288 0
    outer loop
      vertex 39.69978975789388 -59.41967681884024 8.315
      vertex 39.404716196264204 -59.47837059953515 9.115
      vertex 39.69978975789388 -59.41967681884024 9.115
    endloop
  endfacet
  facet normal -0.0654031292301286 0.9978589232386045 0
    outer loop
      vertex 40 -59.400000000000006 8.315
      vertex 39.69978975789388 -59.41967681884024 9.115
      vertex 40 -59.400000000000006 9.115
    endloop
  endfacet
  facet normal 0.0654031292301286 0.9978589232386045 0
    outer loop
      vertex 40 -59.400000000000006 8.315
      vertex 40 -59.400000000000006 9.115
      vertex 40.30021024210612 -59.41967681884024 8.315
    endloop
  endfacet
  facet normal 0.19509032201613716 0.9807852804032288 0
    outer loop
      vertex 40.30021024210612 -59.41967681884024 8.315
      vertex 40.30021024210612 -59.41967681884024 9.115
      vertex 40.595283803735796 -59.47837059953515 8.315
    endloop
  endfacet
  facet normal 0.3214394653031609 0.9469301294951059 0
    outer loop
      vertex 40.595283803735796 -59.47837059953515 8.315
      vertex 40.595283803735796 -59.47837059953515 9.115
      vertex 40.880171894439705 -59.575077075224044 8.315
    endloop
  endfacet
  facet normal 0.44228869021900913 0.8968727415326844 0
    outer loop
      vertex 40.880171894439705 -59.575077075224044 8.315
      vertex 40.880171894439705 -59.575077075224044 9.115
      vertex 41.15 -59.7081415712958 8.315
    endloop
  endfacet
  facet normal 0.5555702330195879 0.8314696123025548 0
    outer loop
      vertex 41.15 -59.7081415712958 8.315
      vertex 41.15 -59.7081415712958 9.115
      vertex 41.40015128672006 -59.87528731733016 8.315
    endloop
  endfacet
  facet normal 0.0654031292301286 0.9978589232386045 0
    outer loop
      vertex 40.30021024210612 -59.41967681884024 8.315
      vertex 40 -59.400000000000006 9.115
      vertex 40.30021024210612 -59.41967681884024 9.115
    endloop
  endfacet
  facet normal 0.19509032201613716 0.9807852804032288 0
    outer loop
      vertex 40.595283803735796 -59.47837059953515 8.315
      vertex 40.30021024210612 -59.41967681884024 9.115
      vertex 40.595283803735796 -59.47837059953515 9.115
    endloop
  endfacet
  facet normal 0.3214394653031609 0.9469301294951059 0
    outer loop
      vertex 40.880171894439705 -59.575077075224044 8.315
      vertex 40.595283803735796 -59.47837059953515 9.115
      vertex 40.880171894439705 -59.575077075224044 9.115
    endloop
  endfacet
  facet normal 0.44228869021900913 0.8968727415326844 0
    outer loop
      vertex 41.15 -59.7081415712958 8.315
      vertex 40.880171894439705 -59.575077075224044 9.115
      vertex 41.15 -59.7081415712958 9.115
    endloop
  endfacet
  facet normal -0.6593458151000717 0.7518398074789749 0
    outer loop
      vertex 38.37365440327094 -60.07365440327094 8.315
      vertex 38.37365440327094 -60.07365440327094 9.115
      vertex 38.59984871327994 -59.87528731733016 8.315
    endloop
  endfacet
  facet normal -0.7518398074789749 0.6593458151000717 0
    outer loop
      vertex 38.17528731733016 -60.29984871327994 8.315
      vertex 38.17528731733016 -60.29984871327994 9.115
      vertex 38.37365440327094 -60.07365440327094 8.315
    endloop
  endfacet
  facet normal -0.5555702330195879 0.8314696123025548 0
    outer loop
      vertex 38.85 -59.7081415712958 8.315
      vertex 38.59984871327994 -59.87528731733016 8.315
      vertex 38.59984871327994 -59.87528731733016 9.115
    endloop
  endfacet
  facet normal -0.8314696123025548 0.5555702330195879 -1.1820279813932068e-15
    outer loop
      vertex 38.17528731733016 -60.29984871327994 8.315
      vertex 38.008141571295795 -60.550000000000004 8.315
      vertex 38.105027473794095 -60.404999999999994 9.115
    endloop
  endfacet
  facet normal -0.7518398074789749 0.6593458151000717 0
    outer loop
      vertex 38.37365440327094 -60.07365440327094 8.315
      vertex 38.17528731733016 -60.29984871327994 9.115
      vertex 38.37365440327094 -60.07365440327094 9.115
    endloop
  endfacet
  facet normal -0.6593458151000717 0.7518398074789749 0
    outer loop
      vertex 38.59984871327994 -59.87528731733016 8.315
      vertex 38.37365440327094 -60.07365440327094 9.115
      vertex 38.59984871327994 -59.87528731733016 9.115
    endloop
  endfacet
  facet normal -0.8314696123025507 0.5555702330195942 0
    outer loop
      vertex 38.17528731733016 -60.29984871327994 8.315
      vertex 38.105027473794095 -60.404999999999994 9.115
      vertex 38.17528731733016 -60.29984871327994 9.115
    endloop
  endfacet
  facet normal 0.6593458151000717 0.7518398074789749 0
    outer loop
      vertex 41.40015128672006 -59.87528731733016 8.315
      vertex 41.40015128672006 -59.87528731733016 9.115
      vertex 41.62634559672906 -60.07365440327094 8.315
    endloop
  endfacet
  facet normal 0.7518398074789749 0.6593458151000717 0
    outer loop
      vertex 41.62634559672906 -60.07365440327094 8.315
      vertex 41.62634559672906 -60.07365440327094 9.115
      vertex 41.82471268266984 -60.29984871327994 8.315
    endloop
  endfacet
  facet normal 0.8314696123025548 0.5555702330195879 -1.1820279813932068e-15
    outer loop
      vertex 41.82471268266984 -60.29984871327994 8.315
      vertex 41.894972526205905 -60.404999999999994 9.115
      vertex 41.991858428704205 -60.550000000000004 8.315
    endloop
  endfacet
  facet normal 0.5555702330195879 0.8314696123025548 0
    outer loop
      vertex 41.40015128672006 -59.87528731733016 8.315
      vertex 41.15 -59.7081415712958 9.115
      vertex 41.40015128672006 -59.87528731733016 9.115
    endloop
  endfacet
  facet normal 0.6593458151000717 0.7518398074789749 0
    outer loop
      vertex 41.62634559672906 -60.07365440327094 8.315
      vertex 41.40015128672006 -59.87528731733016 9.115
      vertex 41.62634559672906 -60.07365440327094 9.115
    endloop
  endfacet
  facet normal 0.7518398074789749 0.6593458151000717 0
    outer loop
      vertex 41.82471268266984 -60.29984871327994 8.315
      vertex 41.62634559672906 -60.07365440327094 9.115
      vertex 41.82471268266984 -60.29984871327994 9.115
    endloop
  endfacet
  facet normal 0.8314696123025507 0.5555702330195942 0
    outer loop
      vertex 41.82471268266984 -60.29984871327994 8.315
      vertex 41.82471268266984 -60.29984871327994 9.115
      vertex 41.894972526205905 -60.404999999999994 9.115
    endloop
  endfacet
  facet normal -0.8314696123025547 -0.5555702330195879 0
    outer loop
      vertex 38.008141571295795 -62.85 5.85
      vertex 38.17528731733016 -63.10015128672006 7.715
      vertex 38.008141571295795 -62.85 7.715
    endloop
  endfacet
  facet normal -0.7518398074789749 -0.6593458151000716 0
    outer loop
      vertex 38.17528731733016 -63.10015128672006 5.85
      vertex 38.37365440327094 -63.32634559672906 7.715
      vertex 38.17528731733016 -63.10015128672006 7.715
    endloop
  endfacet
  facet normal -0.6593458151000716 -0.7518398074789749 0
    outer loop
      vertex 38.37365440327094 -63.32634559672906 5.85
      vertex 38.59984871327994 -63.52471268266984 7.715
      vertex 38.37365440327094 -63.32634559672906 7.715
    endloop
  endfacet
  facet normal -0.5555702330195879 -0.8314696123025547 0
    outer loop
      vertex 38.59984871327994 -63.52471268266984 5.85
      vertex 38.85 -63.69185842870421 7.715
      vertex 38.59984871327994 -63.52471268266984 7.715
    endloop
  endfacet
  facet normal -0.4422886902190092 -0.8968727415326844 0
    outer loop
      vertex 38.85 -63.69185842870421 5.85
      vertex 39.119828105560295 -63.82492292477596 7.715
      vertex 38.85 -63.69185842870421 7.715
    endloop
  endfacet
  facet normal -0.3214394653031609 -0.9469301294951059 0
    outer loop
      vertex 39.119828105560295 -63.82492292477596 5.85
      vertex 39.404716196264204 -63.92162940046486 7.715
      vertex 39.119828105560295 -63.82492292477596 7.715
    endloop
  endfacet
  facet normal 0.3214394653031609 -0.9469301294951059 0
    outer loop
      vertex 40.595283803735796 -63.92162940046486 5.85
      vertex 40.880171894439705 -63.82492292477596 7.715
      vertex 40.595283803735796 -63.92162940046486 7.715
    endloop
  endfacet
  facet normal 0.4422886902190092 -0.8968727415326844 0
    outer loop
      vertex 40.880171894439705 -63.82492292477596 5.85
      vertex 41.15 -63.69185842870421 7.715
      vertex 40.880171894439705 -63.82492292477596 7.715
    endloop
  endfacet
  facet normal 0.8314696123025547 -0.5555702330195879 0
    outer loop
      vertex 41.82471268266984 -63.10015128672006 5.85
      vertex 41.991858428704205 -62.85 7.715
      vertex 41.82471268266984 -63.10015128672006 7.715
    endloop
  endfacet
  facet normal 0.7518398074789749 -0.6593458151000716 0
    outer loop
      vertex 41.62634559672906 -63.32634559672906 5.85
      vertex 41.82471268266984 -63.10015128672006 7.715
      vertex 41.62634559672906 -63.32634559672906 7.715
    endloop
  endfacet
  facet normal 0.5555702330195879 -0.8314696123025547 0
    outer loop
      vertex 41.15 -63.69185842870421 5.85
      vertex 41.40015128672006 -63.52471268266984 7.715
      vertex 41.15 -63.69185842870421 7.715
    endloop
  endfacet
  facet normal 0.6593458151000716 -0.7518398074789749 0
    outer loop
      vertex 41.40015128672006 -63.52471268266984 5.85
      vertex 41.62634559672906 -63.32634559672906 7.715
      vertex 41.40015128672006 -63.52471268266984 7.715
    endloop
  endfacet
  facet normal -0.19509032201613716 -0.9807852804032287 0
    outer loop
      vertex 39.404716196264204 -63.92162940046486 5.85
      vertex 39.69978975789388 -63.98032318115977 7.715
      vertex 39.404716196264204 -63.92162940046486 7.715
    endloop
  endfacet
  facet normal -0.0654031292301286 -0.9978589232386045 0
    outer loop
      vertex 39.69978975789388 -63.98032318115977 5.85
      vertex 40 -64 7.715
      vertex 39.69978975789388 -63.98032318115977 7.715
    endloop
  endfacet
  facet normal 0.0654031292301286 -0.9978589232386045 0
    outer loop
      vertex 40 -64 5.85
      vertex 40.30021024210612 -63.98032318115977 7.715
      vertex 40 -64 7.715
    endloop
  endfacet
  facet normal 0.19509032201613716 -0.9807852804032287 0
    outer loop
      vertex 40.30021024210612 -63.98032318115977 5.85
      vertex 40.595283803735796 -63.92162940046486 7.715
      vertex 40.30021024210612 -63.98032318115977 7.715
    endloop
  endfacet
  facet normal 0.9978589232386045 -0.0654031292301286 0
    outer loop
      vertex 42.280323181159766 -62.00021024210612 5.85
      vertex 42.3 -61.7 7.715
      vertex 42.280323181159766 -62.00021024210612 7.715
    endloop
  endfacet
  facet normal 0.9807852804032287 -0.19509032201613716 0
    outer loop
      vertex 42.221629400464856 -62.2952838037358 5.85
      vertex 42.280323181159766 -62.00021024210612 7.715
      vertex 42.221629400464856 -62.2952838037358 7.715
    endloop
  endfacet
  facet normal 0.9469301294951059 -0.3214394653031609 0
    outer loop
      vertex 42.12492292477596 -62.58017189443971 5.85
      vertex 42.221629400464856 -62.2952838037358 7.715
      vertex 42.12492292477596 -62.58017189443971 7.715
    endloop
  endfacet
  facet normal 0.8968727415326844 -0.4422886902190092 0
    outer loop
      vertex 41.991858428704205 -62.85 5.85
      vertex 42.12492292477596 -62.58017189443971 7.715
      vertex 41.991858428704205 -62.85 7.715
    endloop
  endfacet
  facet normal -0.8968727415326845 0.44228869021900924 0
    outer loop
      vertex 37.87507707522404 -60.8198281055603 8.315
      vertex 37.87507707522404 -60.8198281055603 10.615
      vertex 38.008141571295795 -60.550000000000004 8.315
    endloop
  endfacet
  facet normal -0.9469301294951059 0.3214394653031609 0
    outer loop
      vertex 37.87507707522404 -60.8198281055603 8.315
      vertex 37.778370599535144 -61.10471619626421 8.315
      vertex 37.778370599535144 -61.10471619626421 10.615
    endloop
  endfacet
  facet normal -0.9807852804032287 0.19509032201613716 0
    outer loop
      vertex 37.778370599535144 -61.10471619626421 8.315
      vertex 37.719676818840234 -61.399789757893885 8.315
      vertex 37.719676818840234 -61.399789757893885 10.615
    endloop
  endfacet
  facet normal -0.9978589232386045 0.06540312923012859 -1.07798946341269e-16
    outer loop
      vertex 37.719676818840234 -61.399789757893885 8.315
      vertex 37.7 -61.7 8.315
      vertex 37.70622662896745 -61.60499999999999 10.615
    endloop
  endfacet
  facet normal -0.8968727415326845 0.44228869021900924 0
    outer loop
      vertex 38.008141571295795 -60.550000000000004 8.315
      vertex 37.87507707522404 -60.8198281055603 10.615
      vertex 38.008141571295795 -60.550000000000004 10.615
    endloop
  endfacet
  facet normal -0.9469301294951059 0.3214394653031609 0
    outer loop
      vertex 37.87507707522404 -60.8198281055603 8.315
      vertex 37.778370599535144 -61.10471619626421 10.615
      vertex 37.87507707522404 -60.8198281055603 10.615
    endloop
  endfacet
  facet normal -0.9807852804032287 0.19509032201613716 0
    outer loop
      vertex 37.778370599535144 -61.10471619626421 8.315
      vertex 37.719676818840234 -61.399789757893885 10.615
      vertex 37.778370599535144 -61.10471619626421 10.615
    endloop
  endfacet
  facet normal -0.9978589232386044 0.0654031292301298 0
    outer loop
      vertex 37.719676818840234 -61.399789757893885 8.315
      vertex 37.70622662896745 -61.60499999999999 10.615
      vertex 37.719676818840234 -61.399789757893885 10.615
    endloop
  endfacet
  facet normal -0.9978589232386045 -0.06540312923012859 0
    outer loop
      vertex 37.7 -61.7 8.315
      vertex 37.719676818840234 -62.00021024210612 8.315
      vertex 37.719676818840234 -62.00021024210612 15.399999999999999
    endloop
  endfacet
  facet normal -0.9807852804032285 -0.19509032201613713 0
    outer loop
      vertex 37.719676818840234 -62.00021024210612 8.315
      vertex 37.778370599535144 -62.2952838037358 8.315
      vertex 37.778370599535144 -62.2952838037358 15.399999999999999
    endloop
  endfacet
  facet normal -0.9469301294951059 -0.3214394653031609 0
    outer loop
      vertex 37.778370599535144 -62.2952838037358 8.315
      vertex 37.87507707522404 -62.58017189443971 8.315
      vertex 37.87507707522404 -62.58017189443971 15.399999999999999
    endloop
  endfacet
  facet normal -0.8968727415326844 -0.4422886902190092 0
    outer loop
      vertex 37.87507707522404 -62.58017189443971 8.315
      vertex 38.008141571295795 -62.85 8.315
      vertex 38.008141571295795 -62.85 15.399999999999999
    endloop
  endfacet
  facet normal -0.9978589232386046 0.06540312923012599 0
    outer loop
      vertex 37.7 -61.7 8.315
      vertex 37.7 -61.7 15.399999999999999
      vertex 37.70622662896745 -61.60499999999999 10.615
    endloop
  endfacet
  facet normal -0.8314696123025578 0.5555702330195834 0
    outer loop
      vertex 38.008141571295795 -60.550000000000004 8.315
      vertex 38.008141571295795 -60.550000000000004 10.615
      vertex 38.105027473794095 -60.404999999999994 9.115
    endloop
  endfacet
  facet normal 0.8314696123025578 0.5555702330195834 0
    outer loop
      vertex 41.991858428704205 -60.550000000000004 8.315
      vertex 41.894972526205905 -60.404999999999994 9.115
      vertex 41.991858428704205 -60.550000000000004 10.615
    endloop
  endfacet
  facet normal 0.8968727415326845 0.44228869021900924 0
    outer loop
      vertex 41.991858428704205 -60.550000000000004 8.315
      vertex 41.991858428704205 -60.550000000000004 10.615
      vertex 42.12492292477596 -60.8198281055603 8.315
    endloop
  endfacet
  facet normal 0.9469301294951059 0.3214394653031609 0
    outer loop
      vertex 42.12492292477596 -60.8198281055603 8.315
      vertex 42.12492292477596 -60.8198281055603 10.615
      vertex 42.221629400464856 -61.10471619626421 8.315
    endloop
  endfacet
  facet normal 0.9807852804032287 0.19509032201613716 0
    outer loop
      vertex 42.221629400464856 -61.10471619626421 8.315
      vertex 42.221629400464856 -61.10471619626421 10.615
      vertex 42.280323181159766 -61.399789757893885 8.315
    endloop
  endfacet
  facet normal 0.9978589232386045 0.06540312923012859 0
    outer loop
      vertex 42.280323181159766 -61.399789757893885 8.315
      vertex 42.280323181159766 -61.399789757893885 10.615
      vertex 42.3 -61.7 8.315
    endloop
  endfacet
  facet normal 0.8968727415326845 0.44228869021900924 0
    outer loop
      vertex 42.12492292477596 -60.8198281055603 8.315
      vertex 41.991858428704205 -60.550000000000004 10.615
      vertex 42.12492292477596 -60.8198281055603 10.615
    endloop
  endfacet
  facet normal 0.9469301294951059 0.3214394653031609 0
    outer loop
      vertex 42.221629400464856 -61.10471619626421 8.315
      vertex 42.12492292477596 -60.8198281055603 10.615
      vertex 42.221629400464856 -61.10471619626421 10.615
    endloop
  endfacet
  facet normal 0.9807852804032287 0.19509032201613716 0
    outer loop
      vertex 42.280323181159766 -61.399789757893885 8.315
      vertex 42.221629400464856 -61.10471619626421 10.615
      vertex 42.280323181159766 -61.399789757893885 10.615
    endloop
  endfacet
  facet normal 0.9978589232386044 0.06540312923012978 -1.5724493503023545e-16
    outer loop
      vertex 42.3 -61.7 8.315
      vertex 42.280323181159766 -61.399789757893885 10.615
      vertex 42.29377337103255 -61.60499999999999 10.615
    endloop
  endfacet
  facet normal -0.8314696123025579 0.5555702330195834 0
    outer loop
      vertex 38.008141571295795 -60.550000000000004 10.615
      vertex 38.105027473794095 -60.404999999999994 10.615
      vertex 38.105027473794095 -60.404999999999994 9.115
    endloop
  endfacet
  facet normal 0.8314696123025579 0.5555702330195834 0
    outer loop
      vertex 41.991858428704205 -60.550000000000004 10.615
      vertex 41.894972526205905 -60.404999999999994 9.115
      vertex 41.894972526205905 -60.404999999999994 10.615
    endloop
  endfacet
  facet normal 0.9978589232386045 -0.06540312923012859 0
    outer loop
      vertex 42.3 -61.7 8.315
      vertex 42.3 -61.7 15.399999999999999
      vertex 42.280323181159766 -62.00021024210612 8.315
    endloop
  endfacet
  facet normal -0.8314696123025548 -0.5555702330195879 0
    outer loop
      vertex 38.008141571295795 -62.85 8.315
      vertex 38.17528731733016 -63.10015128672006 8.315
      vertex 38.17528731733016 -63.10015128672006 15.399999999999999
    endloop
  endfacet
  facet normal -0.7518398074789749 -0.6593458151000716 0
    outer loop
      vertex 38.17528731733016 -63.10015128672006 8.315
      vertex 38.37365440327094 -63.32634559672906 8.315
      vertex 38.37365440327094 -63.32634559672906 15.399999999999999
    endloop
  endfacet
  facet normal -0.6593458151000716 -0.7518398074789749 0
    outer loop
      vertex 38.37365440327094 -63.32634559672906 8.315
      vertex 38.59984871327994 -63.52471268266984 8.315
      vertex 38.59984871327994 -63.52471268266984 15.399999999999999
    endloop
  endfacet
  facet normal -0.5555702330195879 -0.8314696123025548 0
    outer loop
      vertex 38.59984871327994 -63.52471268266984 8.315
      vertex 38.85 -63.69185842870421 8.315
      vertex 38.85 -63.69185842870421 15.399999999999999
    endloop
  endfacet
  facet normal -0.4422886902190092 -0.8968727415326844 0
    outer loop
      vertex 38.85 -63.69185842870421 8.315
      vertex 39.119828105560295 -63.82492292477596 8.315
      vertex 39.119828105560295 -63.82492292477596 15.399999999999999
    endloop
  endfacet
  facet normal -0.3214394653031609 -0.9469301294951059 0
    outer loop
      vertex 39.119828105560295 -63.82492292477596 8.315
      vertex 39.404716196264204 -63.92162940046486 8.315
      vertex 39.404716196264204 -63.92162940046486 15.399999999999999
    endloop
  endfacet
  facet normal 0.3214394653031609 -0.9469301294951059 0
    outer loop
      vertex 40.595283803735796 -63.92162940046486 8.315
      vertex 40.880171894439705 -63.82492292477596 8.315
      vertex 40.880171894439705 -63.82492292477596 15.399999999999999
    endloop
  endfacet
  facet normal 0.8314696123025548 -0.5555702330195879 0
    outer loop
      vertex 41.991858428704205 -62.85 8.315
      vertex 41.991858428704205 -62.85 15.399999999999999
      vertex 41.82471268266984 -63.10015128672006 8.315
    endloop
  endfacet
  facet normal 0.6593458151000716 -0.7518398074789749 0
    outer loop
      vertex 41.62634559672906 -63.32634559672906 8.315
      vertex 41.62634559672906 -63.32634559672906 15.399999999999999
      vertex 41.40015128672006 -63.52471268266984 8.315
    endloop
  endfacet
  facet normal 0.7518398074789749 -0.6593458151000716 0
    outer loop
      vertex 41.82471268266984 -63.10015128672006 8.315
      vertex 41.82471268266984 -63.10015128672006 15.399999999999999
      vertex 41.62634559672906 -63.32634559672906 8.315
    endloop
  endfacet
  facet normal 0.5555702330195879 -0.8314696123025548 0
    outer loop
      vertex 41.40015128672006 -63.52471268266984 8.315
      vertex 41.40015128672006 -63.52471268266984 15.399999999999999
      vertex 41.15 -63.69185842870421 8.315
    endloop
  endfacet
  facet normal 0.4422886902190092 -0.8968727415326844 0
    outer loop
      vertex 40.880171894439705 -63.82492292477596 8.315
      vertex 41.15 -63.69185842870421 8.315
      vertex 41.15 -63.69185842870421 15.399999999999999
    endloop
  endfacet
  facet normal -0.19509032201613713 -0.9807852804032285 0
    outer loop
      vertex 39.404716196264204 -63.92162940046486 8.315
      vertex 39.69978975789388 -63.98032318115977 8.315
      vertex 39.69978975789388 -63.98032318115977 15.399999999999999
    endloop
  endfacet
  facet normal -0.06540312923012859 -0.9978589232386045 0
    outer loop
      vertex 39.69978975789388 -63.98032318115977 8.315
      vertex 40 -64 8.315
      vertex 40 -64 15.399999999999999
    endloop
  endfacet
  facet normal 0.06540312923012859 -0.9978589232386045 0
    outer loop
      vertex 40 -64 8.315
      vertex 40.30021024210612 -63.98032318115977 8.315
      vertex 40.30021024210612 -63.98032318115977 15.399999999999999
    endloop
  endfacet
  facet normal 0.19509032201613713 -0.9807852804032285 0
    outer loop
      vertex 40.595283803735796 -63.92162940046486 8.315
      vertex 40.595283803735796 -63.92162940046486 15.399999999999999
      vertex 40.30021024210612 -63.98032318115977 8.315
    endloop
  endfacet
  facet normal 0.9807852804032285 -0.19509032201613713 0
    outer loop
      vertex 42.280323181159766 -62.00021024210612 8.315
      vertex 42.280323181159766 -62.00021024210612 15.399999999999999
      vertex 42.221629400464856 -62.2952838037358 8.315
    endloop
  endfacet
  facet normal 0.9469301294951059 -0.3214394653031609 0
    outer loop
      vertex 42.221629400464856 -62.2952838037358 8.315
      vertex 42.221629400464856 -62.2952838037358 15.399999999999999
      vertex 42.12492292477596 -62.58017189443971 8.315
    endloop
  endfacet
  facet normal 0.8968727415326844 -0.4422886902190092 0
    outer loop
      vertex 41.991858428704205 -62.85 8.315
      vertex 42.12492292477596 -62.58017189443971 8.315
      vertex 42.12492292477596 -62.58017189443971 15.399999999999999
    endloop
  endfacet
  facet normal 0.9978589232386046 0.06540312923012599 0
    outer loop
      vertex 42.3 -61.7 8.315
      vertex 42.29377337103255 -61.60499999999999 10.615
      vertex 42.3 -61.7 15.399999999999999
    endloop
  endfacet
  facet normal -0.9978589232386045 -0.06540312923012859 0
    outer loop
      vertex 37.7 -61.7 8.315
      vertex 37.719676818840234 -62.00021024210612 15.399999999999999
      vertex 37.7 -61.7 15.399999999999999
    endloop
  endfacet
  facet normal -0.9978589232386047 0.06540312923012599 0
    outer loop
      vertex 37.70622662896745 -61.60499999999999 10.615
      vertex 37.7 -61.7 15.399999999999999
      vertex 37.70622662896745 -61.60499999999999 15.399999999999999
    endloop
  endfacet
  facet normal -0.9807852804032285 -0.19509032201613713 0
    outer loop
      vertex 37.719676818840234 -62.00021024210612 8.315
      vertex 37.778370599535144 -62.2952838037358 15.399999999999999
      vertex 37.719676818840234 -62.00021024210612 15.399999999999999
    endloop
  endfacet
  facet normal -0.9469301294951059 -0.3214394653031609 0
    outer loop
      vertex 37.778370599535144 -62.2952838037358 8.315
      vertex 37.87507707522404 -62.58017189443971 15.399999999999999
      vertex 37.778370599535144 -62.2952838037358 15.399999999999999
    endloop
  endfacet
  facet normal -0.8968727415326844 -0.4422886902190092 0
    outer loop
      vertex 37.87507707522404 -62.58017189443971 8.315
      vertex 38.008141571295795 -62.85 15.399999999999999
      vertex 37.87507707522404 -62.58017189443971 15.399999999999999
    endloop
  endfacet
  facet normal 0.9978589232386047 0.06540312923012599 0
    outer loop
      vertex 42.29377337103255 -61.60499999999999 10.615
      vertex 42.29377337103255 -61.60499999999999 15.399999999999999
      vertex 42.3 -61.7 15.399999999999999
    endloop
  endfacet
  facet normal -0.8314696123025548 -0.5555702330195879 0
    outer loop
      vertex 38.008141571295795 -62.85 8.315
      vertex 38.17528731733016 -63.10015128672006 15.399999999999999
      vertex 38.008141571295795 -62.85 15.399999999999999
    endloop
  endfacet
  facet normal -0.7518398074789749 -0.6593458151000716 0
    outer loop
      vertex 38.17528731733016 -63.10015128672006 8.315
      vertex 38.37365440327094 -63.32634559672906 15.399999999999999
      vertex 38.17528731733016 -63.10015128672006 15.399999999999999
    endloop
  endfacet
  facet normal -0.6593458151000716 -0.7518398074789749 0
    outer loop
      vertex 38.37365440327094 -63.32634559672906 8.315
      vertex 38.59984871327994 -63.52471268266984 15.399999999999999
      vertex 38.37365440327094 -63.32634559672906 15.399999999999999
    endloop
  endfacet
  facet normal -0.5555702330195879 -0.8314696123025548 0
    outer loop
      vertex 38.59984871327994 -63.52471268266984 8.315
      vertex 38.85 -63.69185842870421 15.399999999999999
      vertex 38.59984871327994 -63.52471268266984 15.399999999999999
    endloop
  endfacet
  facet normal -0.4422886902190092 -0.8968727415326844 0
    outer loop
      vertex 38.85 -63.69185842870421 8.315
      vertex 39.119828105560295 -63.82492292477596 15.399999999999999
      vertex 38.85 -63.69185842870421 15.399999999999999
    endloop
  endfacet
  facet normal -0.3214394653031609 -0.9469301294951059 0
    outer loop
      vertex 39.119828105560295 -63.82492292477596 8.315
      vertex 39.404716196264204 -63.92162940046486 15.399999999999999
      vertex 39.119828105560295 -63.82492292477596 15.399999999999999
    endloop
  endfacet
  facet normal 0.3214394653031609 -0.9469301294951059 0
    outer loop
      vertex 40.595283803735796 -63.92162940046486 8.315
      vertex 40.880171894439705 -63.82492292477596 15.399999999999999
      vertex 40.595283803735796 -63.92162940046486 15.399999999999999
    endloop
  endfacet
  facet normal 0.4422886902190092 -0.8968727415326844 0
    outer loop
      vertex 40.880171894439705 -63.82492292477596 8.315
      vertex 41.15 -63.69185842870421 15.399999999999999
      vertex 40.880171894439705 -63.82492292477596 15.399999999999999
    endloop
  endfacet
  facet normal 0.8314696123025548 -0.5555702330195879 0
    outer loop
      vertex 41.82471268266984 -63.10015128672006 8.315
      vertex 41.991858428704205 -62.85 15.399999999999999
      vertex 41.82471268266984 -63.10015128672006 15.399999999999999
    endloop
  endfacet
  facet normal 0.7518398074789749 -0.6593458151000716 0
    outer loop
      vertex 41.62634559672906 -63.32634559672906 8.315
      vertex 41.82471268266984 -63.10015128672006 15.399999999999999
      vertex 41.62634559672906 -63.32634559672906 15.399999999999999
    endloop
  endfacet
  facet normal 0.5555702330195879 -0.8314696123025548 0
    outer loop
      vertex 41.15 -63.69185842870421 8.315
      vertex 41.40015128672006 -63.52471268266984 15.399999999999999
      vertex 41.15 -63.69185842870421 15.399999999999999
    endloop
  endfacet
  facet normal 0.6593458151000716 -0.7518398074789749 0
    outer loop
      vertex 41.40015128672006 -63.52471268266984 8.315
      vertex 41.62634559672906 -63.32634559672906 15.399999999999999
      vertex 41.40015128672006 -63.52471268266984 15.399999999999999
    endloop
  endfacet
  facet normal -0.19509032201613713 -0.9807852804032285 0
    outer loop
      vertex 39.404716196264204 -63.92162940046486 8.315
      vertex 39.69978975789388 -63.98032318115977 15.399999999999999
      vertex 39.404716196264204 -63.92162940046486 15.399999999999999
    endloop
  endfacet
  facet normal -0.06540312923012859 -0.9978589232386045 0
    outer loop
      vertex 39.69978975789388 -63.98032318115977 8.315
      vertex 40 -64 15.399999999999999
      vertex 39.69978975789388 -63.98032318115977 15.399999999999999
    endloop
  endfacet
  facet normal 0.06540312923012859 -0.9978589232386045 0
    outer loop
      vertex 40 -64 8.315
      vertex 40.30021024210612 -63.98032318115977 15.399999999999999
      vertex 40 -64 15.399999999999999
    endloop
  endfacet
  facet normal 0.19509032201613713 -0.9807852804032285 0
    outer loop
      vertex 40.30021024210612 -63.98032318115977 8.315
      vertex 40.595283803735796 -63.92162940046486 15.399999999999999
      vertex 40.30021024210612 -63.98032318115977 15.399999999999999
    endloop
  endfacet
  facet normal 0.9978589232386045 -0.06540312923012859 0
    outer loop
      vertex 42.280323181159766 -62.00021024210612 8.315
      vertex 42.3 -61.7 15.399999999999999
      vertex 42.280323181159766 -62.00021024210612 15.399999999999999
    endloop
  endfacet
  facet normal 0.9807852804032285 -0.19509032201613713 0
    outer loop
      vertex 42.221629400464856 -62.2952838037358 8.315
      vertex 42.280323181159766 -62.00021024210612 15.399999999999999
      vertex 42.221629400464856 -62.2952838037358 15.399999999999999
    endloop
  endfacet
  facet normal 0.9469301294951059 -0.3214394653031609 0
    outer loop
      vertex 42.12492292477596 -62.58017189443971 8.315
      vertex 42.221629400464856 -62.2952838037358 15.399999999999999
      vertex 42.12492292477596 -62.58017189443971 15.399999999999999
    endloop
  endfacet
  facet normal 0.8968727415326844 -0.4422886902190092 0
    outer loop
      vertex 41.991858428704205 -62.85 8.315
      vertex 42.12492292477596 -62.58017189443971 15.399999999999999
      vertex 41.991858428704205 -62.85 15.399999999999999
    endloop
  endfacet
  facet normal 0 0 -1
    outer loop
      vertex 67.0081415712958 -3.0500000000000003 5.85
      vertex 67.0081415712958 -5.35 5.85
      vertex 66.87507707522404 -3.3198281055602936 5.85
    endloop
  endfacet
  facet normal 0 0 -1
    outer loop
      vertex 66.87507707522404 -3.3198281055602936 5.85
      vertex 66.87507707522404 -5.080171894439706 5.85
      vertex 66.77837059953514 -3.6047161962642025 5.85
    endloop
  endfacet
  facet normal 0 0 -1
    outer loop
      vertex 66.77837059953514 -3.6047161962642025 5.85
      vertex 66.77837059953514 -4.795283803735797 5.85
      vertex 66.71967681884024 -3.8997897578938816 5.85
    endloop
  endfacet
  facet normal 0 0 -1
    outer loop
      vertex 67.85 -2.2081415712957915 5.85
      vertex 68.05302347917593 -3.807749481825783 5.85
      vertex 68.0099260280537 -3.9347104787699165 5.85
    endloop
  endfacet
  facet normal 0 0 -1
    outer loop
      vertex 67.85 -2.2081415712957915 5.85
      vertex 68.0099260280537 -3.9347104787699165 5.85
      vertex 67.98376901709184 -4.066210652974448 5.85
    endloop
  endfacet
  facet normal 0 0 -1
    outer loop
      vertex 67.85 -2.2081415712957915 5.85
      vertex 67.85 -6.191858428704209 5.85
      vertex 67.59984871327994 -2.3752873173301596 5.85
    endloop
  endfacet
  facet normal 0 0 -1
    outer loop
      vertex 67.85 -2.2081415712957915 5.85
      vertex 67.98376901709184 -4.066210652974448 5.85
      vertex 67.975 -4.2 5.85
    endloop
  endfacet
  facet normal 0 0 -1
    outer loop
      vertex 67.17528731733016 -2.7998487132799426 5.85
      vertex 67.17528731733016 -5.600151286720058 5.85
      vertex 67.0081415712958 -3.0500000000000003 5.85
    endloop
  endfacet
  facet normal 0 0 -1
    outer loop
      vertex 67.37365440327095 -2.573654403270941 5.85
      vertex 67.37365440327095 -5.826345596729059 5.85
      vertex 67.17528731733016 -2.7998487132799426 5.85
    endloop
  endfacet
  facet normal 0 0 -1
    outer loop
      vertex 67.37365440327095 -2.573654403270941 5.85
      vertex 67.59984871327994 -2.3752873173301596 5.85
      vertex 67.59984871327994 -6.024712682669841 5.85
    endloop
  endfacet
  facet normal 0 0 -1
    outer loop
      vertex 68.4047161962642 -1.9783705995351433 5.85
      vertex 68.4875 -3.312323961120951 5.85
      vertex 68.11982810556029 -2.075077075224041 5.85
    endloop
  endfacet
  facet normal 0 0 -1
    outer loop
      vertex 68.4047161962642 -1.9783705995351433 5.85
      vertex 68.69978975789388 -1.9196768188402364 5.85
      vertex 68.73471047876991 -3.2099260280537054 5.85
    endloop
  endfacet
  facet normal 0 0 -1
    outer loop
      vertex 68.69978975789388 -1.9196768188402364 5.85
      vertex 69 -1.9000000000000004 5.85
      vertex 68.86621065297444 -3.1837690170918447 5.85
    endloop
  endfacet
  facet normal 0 0 -1
    outer loop
      vertex 67.85 -2.2081415712957915 5.85
      vertex 68.11982810556029 -2.075077075224041 5.85
      vertex 68.18681282620149 -3.5760195352660613 5.85
    endloop
  endfacet
  facet normal 0 0 -1
    outer loop
      vertex 68.11982810556029 -2.075077075224041 5.85
      vertex 68.27521554928379 -3.475215549283789 5.85
      vertex 68.18681282620149 -3.5760195352660613 5.85
    endloop
  endfacet
  facet normal 0 0 -1
    outer loop
      vertex 68.11982810556029 -2.075077075224041 5.85
      vertex 68.4875 -3.312323961120951 5.85
      vertex 68.37601953526607 -3.386812826201484 5.85
    endloop
  endfacet
  facet normal 0 0 -1
    outer loop
      vertex 68.4047161962642 -1.9783705995351433 5.85
      vertex 68.60774948182578 -3.2530234791759316 5.85
      vertex 68.4875 -3.312323961120951 5.85
    endloop
  endfacet
  facet normal 0 0 -1
    outer loop
      vertex 68.11982810556029 -2.075077075224041 5.85
      vertex 68.37601953526607 -3.386812826201484 5.85
      vertex 68.27521554928379 -3.475215549283789 5.85
    endloop
  endfacet
  facet normal 0 0 -1
    outer loop
      vertex 68.4047161962642 -1.9783705995351433 5.85
      vertex 68.73471047876991 -3.2099260280537054 5.85
      vertex 68.60774948182578 -3.2530234791759316 5.85
    endloop
  endfacet
  facet normal 0 0 -1
    outer loop
      vertex 68.69978975789388 -1.9196768188402364 5.85
      vertex 68.86621065297444 -3.1837690170918447 5.85
      vertex 68.73471047876991 -3.2099260280537054 5.85
    endloop
  endfacet
  facet normal 0 0 -1
    outer loop
      vertex 69 -1.9000000000000004 5.85
      vertex 69 -3.1750000000000003 5.85
      vertex 68.86621065297444 -3.1837690170918447 5.85
    endloop
  endfacet
  facet normal 0 0 -1
    outer loop
      vertex 69 -1.9000000000000004 5.85
      vertex 69.30021024210612 -1.9196768188402364 5.85
      vertex 69.13378934702556 -3.1837690170918447 5.85
    endloop
  endfacet
  facet normal 0 0 -1
    outer loop
      vertex 69.30021024210612 -1.9196768188402364 5.85
      vertex 69.5952838037358 -1.9783705995351433 5.85
      vertex 69.39225051817422 -3.2530234791759316 5.85
    endloop
  endfacet
  facet normal 0 0 -1
    outer loop
      vertex 69.5952838037358 -1.9783705995351433 5.85
      vertex 69.88017189443971 -2.075077075224041 5.85
      vertex 69.72478445071621 -3.475215549283789 5.85
    endloop
  endfacet
  facet normal 0 0 -1
    outer loop
      vertex 69 -1.9000000000000004 5.85
      vertex 69.13378934702556 -3.1837690170918447 5.85
      vertex 69 -3.1750000000000003 5.85
    endloop
  endfacet
  facet normal 0 0 -1
    outer loop
      vertex 69.30021024210612 -1.9196768188402364 5.85
      vertex 69.26528952123009 -3.2099260280537054 5.85
      vertex 69.13378934702556 -3.1837690170918447 5.85
    endloop
  endfacet
  facet normal 0 0 -1
    outer loop
      vertex 69.30021024210612 -1.9196768188402364 5.85
      vertex 69.39225051817422 -3.2530234791759316 5.85
      vertex 69.26528952123009 -3.2099260280537054 5.85
    endloop
  endfacet
  facet normal 0 0 -1
    outer loop
      vertex 69.5952838037358 -1.9783705995351433 5.85
      vertex 69.5125 -3.312323961120951 5.85
      vertex 69.39225051817422 -3.2530234791759316 5.85
    endloop
  endfacet
  facet normal 0 0 -1
    outer loop
      vertex 69.5952838037358 -1.9783705995351433 5.85
      vertex 69.62398046473393 -3.386812826201484 5.85
      vertex 69.5125 -3.312323961120951 5.85
    endloop
  endfacet
  facet normal 0 0 -1
    outer loop
      vertex 69.5952838037358 -1.9783705995351433 5.85
      vertex 69.72478445071621 -3.475215549283789 5.85
      vertex 69.62398046473393 -3.386812826201484 5.85
    endloop
  endfacet
  facet normal 0 0 -1
    outer loop
      vertex 69.88017189443971 -2.075077075224041 5.85
      vertex 69.81318717379851 -3.5760195352660613 5.85
      vertex 69.72478445071621 -3.475215549283789 5.85
    endloop
  endfacet
  facet normal 0 0 -1
    outer loop
      vertex 67.85 -2.2081415712957915 5.85
      vertex 68.18681282620149 -3.5760195352660613 5.85
      vertex 68.11232396112095 -3.6875 5.85
    endloop
  endfacet
  facet normal 0 0 -1
    outer loop
      vertex 67.85 -2.2081415712957915 5.85
      vertex 68.11232396112095 -3.6875 5.85
      vertex 68.05302347917593 -3.807749481825783 5.85
    endloop
  endfacet
  facet normal 0 0 -1
    outer loop
      vertex 69.88017189443971 -2.075077075224041 5.85
      vertex 69.88767603887905 -3.6875 5.85
      vertex 69.81318717379851 -3.5760195352660613 5.85
    endloop
  endfacet
  facet normal 0 0 -1
    outer loop
      vertex 69.88017189443971 -2.075077075224041 5.85
      vertex 69.94697652082407 -3.807749481825783 5.85
      vertex 69.88767603887905 -3.6875 5.85
    endloop
  endfacet
  facet normal 0 0 -1
    outer loop
      vertex 69.88017189443971 -2.075077075224041 5.85
      vertex 69.9900739719463 -3.9347104787699165 5.85
      vertex 69.94697652082407 -3.807749481825783 5.85
    endloop
  endfacet
  facet normal 0 0 -1
    outer loop
      vertex 69.88017189443971 -2.075077075224041 5.85
      vertex 70.01623098290816 -4.066210652974448 5.85
      vertex 69.9900739719463 -3.9347104787699165 5.85
    endloop
  endfacet
  facet normal -0.32143946530315504 0.9469301294951079 0
    outer loop
      vertex 68.4047161962642 -1.9783705995351433 5.85
      vertex 68.11982810556029 -2.075077075224041 5.85
      vertex 68.11982810556029 -2.075077075224041 7.715
    endloop
  endfacet
  facet normal -0.19509032201612864 0.9807852804032304 0
    outer loop
      vertex 68.4047161962642 -1.9783705995351433 5.85
      vertex 68.4047161962642 -1.9783705995351433 7.715
      vertex 68.69978975789388 -1.9196768188402364 5.85
    endloop
  endfacet
  facet normal -0.0654031292301433 0.9978589232386035 0
    outer loop
      vertex 68.69978975789388 -1.9196768188402364 5.85
      vertex 68.69978975789388 -1.9196768188402364 7.715
      vertex 69 -1.9000000000000004 5.85
    endloop
  endfacet
  facet normal 0.0654031292301433 0.9978589232386035 0
    outer loop
      vertex 69 -1.9000000000000004 5.85
      vertex 69 -1.9000000000000004 7.715
      vertex 69.30021024210612 -1.9196768188402364 5.85
    endloop
  endfacet
  facet normal 0.19509032201612864 0.9807852804032304 0
    outer loop
      vertex 69.30021024210612 -1.9196768188402364 5.85
      vertex 69.30021024210612 -1.9196768188402364 7.715
      vertex 69.5952838037358 -1.9783705995351433 5.85
    endloop
  endfacet
  facet normal 0.32143946530315504 0.9469301294951079 0
    outer loop
      vertex 69.5952838037358 -1.9783705995351433 5.85
      vertex 69.5952838037358 -1.9783705995351433 7.715
      vertex 69.88017189443971 -2.075077075224041 5.85
    endloop
  endfacet
  facet normal -0.6593458151000843 0.7518398074789641 0
    outer loop
      vertex 67.37365440327095 -2.573654403270941 5.85
      vertex 67.37365440327095 -2.573654403270941 7.715
      vertex 67.59984871327994 -2.3752873173301596 5.85
    endloop
  endfacet
  facet normal -0.5555702330196071 0.8314696123025421 0
    outer loop
      vertex 67.85 -2.2081415712957915 5.85
      vertex 67.59984871327994 -2.3752873173301596 5.85
      vertex 67.59984871327994 -2.3752873173301596 7.715
    endloop
  endfacet
  facet normal -0.44228869021900086 0.8968727415326885 0
    outer loop
      vertex 67.85 -2.2081415712957915 5.85
      vertex 67.85 -2.2081415712957915 7.715
      vertex 68.11982810556029 -2.075077075224041 5.85
    endloop
  endfacet
  facet normal -0.7518398074789664 0.6593458151000814 0
    outer loop
      vertex 67.37365440327095 -2.573654403270941 5.85
      vertex 67.17528731733016 -2.7998487132799426 5.85
      vertex 67.17528731733016 -2.7998487132799426 7.715
    endloop
  endfacet
  facet normal -0.8314696123025507 0.5555702330195941 0
    outer loop
      vertex 67.17528731733016 -2.7998487132799426 5.85
      vertex 67.0081415712958 -3.0500000000000003 5.85
      vertex 67.0081415712958 -3.0500000000000003 7.715
    endloop
  endfacet
  facet normal -0.8968727415326844 0.4422886902190092 0
    outer loop
      vertex 67.0081415712958 -3.0500000000000003 5.85
      vertex 66.87507707522404 -3.3198281055602936 5.85
      vertex 66.87507707522404 -3.3198281055602936 7.715
    endloop
  endfacet
  facet normal -0.9469301294950986 0.32143946530318207 0
    outer loop
      vertex 66.87507707522404 -3.3198281055602936 5.85
      vertex 66.77837059953514 -3.6047161962642025 5.85
      vertex 66.77837059953514 -3.6047161962642025 7.715
    endloop
  endfacet
  facet normal -0.9807852804032379 0.19509032201609117 0
    outer loop
      vertex 66.77837059953514 -3.6047161962642025 5.85
      vertex 66.71967681884024 -3.8997897578938816 5.85
      vertex 66.71967681884024 -3.8997897578938816 7.715
    endloop
  endfacet
  facet normal -0.9978589232386029 0.06540312923015201 0
    outer loop
      vertex 66.71967681884024 -3.8997897578938816 5.85
      vertex 66.7 -4.2 5.85
      vertex 66.7 -4.2 7.715
    endloop
  endfacet
  facet normal 0.44228869021900086 0.8968727415326885 0
    outer loop
      vertex 69.88017189443971 -2.075077075224041 5.85
      vertex 69.88017189443971 -2.075077075224041 7.715
      vertex 70.15 -2.2081415712957915 5.85
    endloop
  endfacet
  facet normal 0 0 -1
    outer loop
      vertex 66.71967681884024 -3.8997897578938816 5.85
      vertex 66.71967681884024 -4.500210242106119 5.85
      vertex 66.7 -4.2 5.85
    endloop
  endfacet
  facet normal 0 0 -1
    outer loop
      vertex 66.71967681884024 -3.8997897578938816 5.85
      vertex 66.77837059953514 -4.795283803735797 5.85
      vertex 66.71967681884024 -4.500210242106119 5.85
    endloop
  endfacet
  facet normal 0 0 -1
    outer loop
      vertex 66.77837059953514 -3.6047161962642025 5.85
      vertex 66.87507707522404 -5.080171894439706 5.85
      vertex 66.77837059953514 -4.795283803735797 5.85
    endloop
  endfacet
  facet normal 0 0 -1
    outer loop
      vertex 66.87507707522404 -3.3198281055602936 5.85
      vertex 67.0081415712958 -5.35 5.85
      vertex 66.87507707522404 -5.080171894439706 5.85
    endloop
  endfacet
  facet normal 0 0 -1
    outer loop
      vertex 67.85 -2.2081415712957915 5.85
      vertex 67.975 -4.2 5.85
      vertex 67.85 -6.191858428704209 5.85
    endloop
  endfacet
  facet normal 0 0 -1
    outer loop
      vertex 67.0081415712958 -3.0500000000000003 5.85
      vertex 67.17528731733016 -5.600151286720058 5.85
      vertex 67.0081415712958 -5.35 5.85
    endloop
  endfacet
  facet normal 0 0 -1
    outer loop
      vertex 67.17528731733016 -2.7998487132799426 5.85
      vertex 67.37365440327095 -5.826345596729059 5.85
      vertex 67.17528731733016 -5.600151286720058 5.85
    endloop
  endfacet
  facet normal 0 0 -1
    outer loop
      vertex 67.37365440327095 -2.573654403270941 5.85
      vertex 67.59984871327994 -6.024712682669841 5.85
      vertex 67.37365440327095 -5.826345596729059 5.85
    endloop
  endfacet
  facet normal 0 0 -1
    outer loop
      vertex 67.59984871327994 -2.3752873173301596 5.85
      vertex 67.85 -6.191858428704209 5.85
      vertex 67.59984871327994 -6.024712682669841 5.85
    endloop
  endfacet
  facet normal 0 0 -1
    outer loop
      vertex 67.975 -4.2 5.85
      vertex 67.98376901709184 -4.333789347025553 5.85
      vertex 67.85 -6.191858428704209 5.85
    endloop
  endfacet
  facet normal 0 0 -1
    outer loop
      vertex 67.98376901709184 -4.333789347025553 5.85
      vertex 68.11982810556029 -6.32492292477596 5.85
      vertex 67.85 -6.191858428704209 5.85
    endloop
  endfacet
  facet normal 0 0 -1
    outer loop
      vertex 67.98376901709184 -4.333789347025553 5.85
      vertex 68.0099260280537 -4.465289521230084 5.85
      vertex 68.11982810556029 -6.32492292477596 5.85
    endloop
  endfacet
  facet normal 0 0 -1
    outer loop
      vertex 68.0099260280537 -4.465289521230084 5.85
      vertex 68.05302347917593 -4.592250518174217 5.85
      vertex 68.11982810556029 -6.32492292477596 5.85
    endloop
  endfacet
  facet normal 0 0 -1
    outer loop
      vertex 68.05302347917593 -4.592250518174217 5.85
      vertex 68.11232396112095 -4.7125 5.85
      vertex 68.11982810556029 -6.32492292477596 5.85
    endloop
  endfacet
  facet normal 0 0 -1
    outer loop
      vertex 68.11232396112095 -4.7125 5.85
      vertex 68.18681282620149 -4.823980464733939 5.85
      vertex 68.11982810556029 -6.32492292477596 5.85
    endloop
  endfacet
  facet normal 0 0 -1
    outer loop
      vertex 68.18681282620149 -4.823980464733939 5.85
      vertex 68.27521554928379 -4.924784450716212 5.85
      vertex 68.11982810556029 -6.32492292477596 5.85
    endloop
  endfacet
  facet normal 0 0 -1
    outer loop
      vertex 68.27521554928379 -4.924784450716212 5.85
      vertex 68.37601953526607 -5.013187173798516 5.85
      vertex 68.4047161962642 -6.421629400464857 5.85
    endloop
  endfacet
  facet normal 0 0 -1
    outer loop
      vertex 68.37601953526607 -5.013187173798516 5.85
      vertex 68.4875 -5.087676038879049 5.85
      vertex 68.4047161962642 -6.421629400464857 5.85
    endloop
  endfacet
  facet normal 0 0 -1
    outer loop
      vertex 68.4875 -5.087676038879049 5.85
      vertex 68.60774948182578 -5.146976520824069 5.85
      vertex 68.4047161962642 -6.421629400464857 5.85
    endloop
  endfacet
  facet normal 0 0 -1
    outer loop
      vertex 68.60774948182578 -5.146976520824069 5.85
      vertex 68.73471047876991 -5.190073971946295 5.85
      vertex 68.69978975789388 -6.480323181159764 5.85
    endloop
  endfacet
  facet normal 0 0 -1
    outer loop
      vertex 68.73471047876991 -5.190073971946295 5.85
      vertex 68.86621065297444 -5.216230982908156 5.85
      vertex 68.69978975789388 -6.480323181159764 5.85
    endloop
  endfacet
  facet normal 0 0 -1
    outer loop
      vertex 68.86621065297444 -5.216230982908156 5.85
      vertex 69 -5.225 5.85
      vertex 69 -6.5 5.85
    endloop
  endfacet
  facet normal 0 0 -1
    outer loop
      vertex 68.27521554928379 -4.924784450716212 5.85
      vertex 68.4047161962642 -6.421629400464857 5.85
      vertex 68.11982810556029 -6.32492292477596 5.85
    endloop
  endfacet
  facet normal 0 0 -1
    outer loop
      vertex 68.60774948182578 -5.146976520824069 5.85
      vertex 68.69978975789388 -6.480323181159764 5.85
      vertex 68.4047161962642 -6.421629400464857 5.85
    endloop
  endfacet
  facet normal 0 0 -1
    outer loop
      vertex 68.86621065297444 -5.216230982908156 5.85
      vertex 69 -6.5 5.85
      vertex 68.69978975789388 -6.480323181159764 5.85
    endloop
  endfacet
  facet normal 0 0 -1
    outer loop
      vertex 69 -5.225 5.85
      vertex 69.13378934702556 -5.216230982908156 5.85
      vertex 69 -6.5 5.85
    endloop
  endfacet
  facet normal 0 0 -1
    outer loop
      vertex 69.13378934702556 -5.216230982908156 5.85
      vertex 69.26528952123009 -5.190073971946295 5.85
      vertex 69.30021024210612 -6.480323181159764 5.85
    endloop
  endfacet
  facet normal 0 0 -1
    outer loop
      vertex 69.39225051817422 -5.146976520824069 5.85
      vertex 69.5952838037358 -6.421629400464857 5.85
      vertex 69.26528952123009 -5.190073971946295 5.85
    endloop
  endfacet
  facet normal 0 0 -1
    outer loop
      vertex 69.94697652082407 -4.592250518174217 5.85
      vertex 70.15 -6.191858428704209 5.85
      vertex 69.88767603887905 -4.7125 5.85
    endloop
  endfacet
  facet normal 0 0 -1
    outer loop
      vertex 69.88767603887905 -4.7125 5.85
      vertex 70.15 -6.191858428704209 5.85
      vertex 69.81318717379851 -4.823980464733939 5.85
    endloop
  endfacet
  facet normal 0 0 -1
    outer loop
      vertex 69.81318717379851 -4.823980464733939 5.85
      vertex 69.88017189443971 -6.32492292477596 5.85
      vertex 69.72478445071621 -4.924784450716212 5.85
    endloop
  endfacet
  facet normal 0 0 -1
    outer loop
      vertex 69.62398046473393 -5.013187173798516 5.85
      vertex 69.88017189443971 -6.32492292477596 5.85
      vertex 69.5125 -5.087676038879049 5.85
    endloop
  endfacet
  facet normal 0 0 -1
    outer loop
      vertex 69.62398046473393 -5.013187173798516 5.85
      vertex 69.72478445071621 -4.924784450716212 5.85
      vertex 69.88017189443971 -6.32492292477596 5.85
    endloop
  endfacet
  facet normal 0 0 -1
    outer loop
      vertex 69.39225051817422 -5.146976520824069 5.85
      vertex 69.5125 -5.087676038879049 5.85
      vertex 69.5952838037358 -6.421629400464857 5.85
    endloop
  endfacet
  facet normal 0 0 -1
    outer loop
      vertex 69.13378934702556 -5.216230982908156 5.85
      vertex 69.30021024210612 -6.480323181159764 5.85
      vertex 69 -6.5 5.85
    endloop
  endfacet
  facet normal 0 0 -1
    outer loop
      vertex 69.26528952123009 -5.190073971946295 5.85
      vertex 69.5952838037358 -6.421629400464857 5.85
      vertex 69.30021024210612 -6.480323181159764 5.85
    endloop
  endfacet
  facet normal 0 0 -1
    outer loop
      vertex 69.81318717379851 -4.823980464733939 5.85
      vertex 70.15 -6.191858428704209 5.85
      vertex 69.88017189443971 -6.32492292477596 5.85
    endloop
  endfacet
  facet normal 0 0 -1
    outer loop
      vertex 69.5125 -5.087676038879049 5.85
      vertex 69.88017189443971 -6.32492292477596 5.85
      vertex 69.5952838037358 -6.421629400464857 5.85
    endloop
  endfacet
  facet normal -0.9978589232386029 -0.06540312923015192 0
    outer loop
      vertex 66.7 -4.2 5.85
      vertex 66.71967681884024 -4.500210242106119 5.85
      vertex 66.71967681884024 -4.500210242106119 7.715
    endloop
  endfacet
  facet normal -0.9807852804032376 -0.19509032201609172 0
    outer loop
      vertex 66.71967681884024 -4.500210242106119 5.85
      vertex 66.77837059953514 -4.795283803735797 5.85
      vertex 66.77837059953514 -4.795283803735797 7.715
    endloop
  endfacet
  facet normal -0.9469301294950986 -0.32143946530318207 0
    outer loop
      vertex 66.77837059953514 -4.795283803735797 5.85
      vertex 66.87507707522404 -5.080171894439706 5.85
      vertex 66.87507707522404 -5.080171894439706 7.715
    endloop
  endfacet
  facet normal -0.8968727415326844 -0.4422886902190092 0
    outer loop
      vertex 66.87507707522404 -5.080171894439706 5.85
      vertex 67.0081415712958 -5.35 5.85
      vertex 67.0081415712958 -5.35 7.715
    endloop
  endfacet
  facet normal -0.8314696123025511 -0.5555702330195934 0
    outer loop
      vertex 67.0081415712958 -5.35 5.85
      vertex 67.17528731733016 -5.600151286720058 5.85
      vertex 67.17528731733016 -5.600151286720058 7.715
    endloop
  endfacet
  facet normal -0.7518398074789657 -0.6593458151000821 0
    outer loop
      vertex 67.17528731733016 -5.600151286720058 5.85
      vertex 67.37365440327095 -5.826345596729059 5.85
      vertex 67.37365440327095 -5.826345596729059 7.715
    endloop
  endfacet
  facet normal -0.659345815100085 -0.7518398074789632 0
    outer loop
      vertex 67.37365440327095 -5.826345596729059 5.85
      vertex 67.59984871327994 -6.024712682669841 5.85
      vertex 67.59984871327994 -6.024712682669841 7.715
    endloop
  endfacet
  facet normal -0.5555702330196071 -0.8314696123025421 0
    outer loop
      vertex 67.59984871327994 -6.024712682669841 5.85
      vertex 67.85 -6.191858428704209 5.85
      vertex 67.85 -6.191858428704209 7.715
    endloop
  endfacet
  facet normal -0.4422886902190021 -0.8968727415326879 0
    outer loop
      vertex 67.85 -6.191858428704209 5.85
      vertex 68.11982810556029 -6.32492292477596 5.85
      vertex 68.11982810556029 -6.32492292477596 7.715
    endloop
  endfacet
  facet normal -0.32143946530315365 -0.9469301294951082 0
    outer loop
      vertex 68.11982810556029 -6.32492292477596 5.85
      vertex 68.4047161962642 -6.421629400464857 5.85
      vertex 68.4047161962642 -6.421629400464857 7.715
    endloop
  endfacet
  facet normal -0.19509032201612864 -0.9807852804032304 0
    outer loop
      vertex 68.4047161962642 -6.421629400464857 5.85
      vertex 68.69978975789388 -6.480323181159764 5.85
      vertex 68.69978975789388 -6.480323181159764 7.715
    endloop
  endfacet
  facet normal -0.0654031292301433 -0.9978589232386035 0
    outer loop
      vertex 68.69978975789388 -6.480323181159764 5.85
      vertex 69 -6.5 5.85
      vertex 69 -6.5 7.715
    endloop
  endfacet
  facet normal 0.19509032201612864 -0.9807852804032304 0
    outer loop
      vertex 69.30021024210612 -6.480323181159764 5.85
      vertex 69.5952838037358 -6.421629400464857 5.85
      vertex 69.5952838037358 -6.421629400464857 7.715
    endloop
  endfacet
  facet normal 0.0654031292301433 -0.9978589232386035 0
    outer loop
      vertex 69 -6.5 5.85
      vertex 69.30021024210612 -6.480323181159764 5.85
      vertex 69.30021024210612 -6.480323181159764 7.715
    endloop
  endfacet
  facet normal 0.32143946530315365 -0.9469301294951082 0
    outer loop
      vertex 69.5952838037358 -6.421629400464857 5.85
      vertex 69.88017189443971 -6.32492292477596 5.85
      vertex 69.88017189443971 -6.32492292477596 7.715
    endloop
  endfacet
  facet normal -0.32143946530315504 0.9469301294951079 0
    outer loop
      vertex 68.4047161962642 -1.9783705995351433 5.85
      vertex 68.11982810556029 -2.075077075224041 7.715
      vertex 68.4047161962642 -1.9783705995351433 7.715
    endloop
  endfacet
  facet normal -0.19509032201612864 0.9807852804032304 0
    outer loop
      vertex 68.69978975789388 -1.9196768188402364 5.85
      vertex 68.4047161962642 -1.9783705995351433 7.715
      vertex 68.69978975789388 -1.9196768188402364 7.715
    endloop
  endfacet
  facet normal -0.0654031292301433 0.9978589232386035 0
    outer loop
      vertex 69 -1.9000000000000004 5.85
      vertex 68.69978975789388 -1.9196768188402364 7.715
      vertex 69 -1.9000000000000004 7.715
    endloop
  endfacet
  facet normal 0.0654031292301433 0.9978589232386035 0
    outer loop
      vertex 69.30021024210612 -1.9196768188402364 5.85
      vertex 69 -1.9000000000000004 7.715
      vertex 69.30021024210612 -1.9196768188402364 7.715
    endloop
  endfacet
  facet normal 0.19509032201612864 0.9807852804032304 0
    outer loop
      vertex 69.5952838037358 -1.9783705995351433 5.85
      vertex 69.30021024210612 -1.9196768188402364 7.715
      vertex 69.5952838037358 -1.9783705995351433 7.715
    endloop
  endfacet
  facet normal 0.32143946530315504 0.9469301294951079 0
    outer loop
      vertex 69.88017189443971 -2.075077075224041 5.85
      vertex 69.5952838037358 -1.9783705995351433 7.715
      vertex 69.88017189443971 -2.075077075224041 7.715
    endloop
  endfacet
  facet normal -0.5555702330196071 0.8314696123025421 0
    outer loop
      vertex 67.85 -2.2081415712957915 5.85
      vertex 67.59984871327994 -2.3752873173301596 7.715
      vertex 67.85 -2.2081415712957915 7.715
    endloop
  endfacet
  facet normal -0.6593458151000843 0.7518398074789641 0
    outer loop
      vertex 67.59984871327994 -2.3752873173301596 5.85
      vertex 67.37365440327095 -2.573654403270941 7.715
      vertex 67.59984871327994 -2.3752873173301596 7.715
    endloop
  endfacet
  facet normal -0.7518398074789664 0.6593458151000814 0
    outer loop
      vertex 67.37365440327095 -2.573654403270941 5.85
      vertex 67.17528731733016 -2.7998487132799426 7.715
      vertex 67.37365440327095 -2.573654403270941 7.715
    endloop
  endfacet
  facet normal -0.8314696123025507 0.5555702330195941 0
    outer loop
      vertex 67.17528731733016 -2.7998487132799426 5.85
      vertex 67.0081415712958 -3.0500000000000003 7.715
      vertex 67.17528731733016 -2.7998487132799426 7.715
    endloop
  endfacet
  facet normal -0.8968727415326844 0.4422886902190092 0
    outer loop
      vertex 67.0081415712958 -3.0500000000000003 5.85
      vertex 66.87507707522404 -3.3198281055602936 7.715
      vertex 67.0081415712958 -3.0500000000000003 7.715
    endloop
  endfacet
  facet normal -0.9469301294950986 0.32143946530318207 0
    outer loop
      vertex 66.87507707522404 -3.3198281055602936 5.85
      vertex 66.77837059953514 -3.6047161962642025 7.715
      vertex 66.87507707522404 -3.3198281055602936 7.715
    endloop
  endfacet
  facet normal -0.9807852804032379 0.19509032201609117 0
    outer loop
      vertex 66.77837059953514 -3.6047161962642025 5.85
      vertex 66.71967681884024 -3.8997897578938816 7.715
      vertex 66.77837059953514 -3.6047161962642025 7.715
    endloop
  endfacet
  facet normal -0.9978589232386029 0.06540312923015201 0
    outer loop
      vertex 66.71967681884024 -3.8997897578938816 5.85
      vertex 66.7 -4.2 7.715
      vertex 66.71967681884024 -3.8997897578938816 7.715
    endloop
  endfacet
  facet normal -0.44228869021900086 0.8968727415326885 0
    outer loop
      vertex 68.11982810556029 -2.075077075224041 5.85
      vertex 67.85 -2.2081415712957915 7.715
      vertex 68.11982810556029 -2.075077075224041 7.715
    endloop
  endfacet
  facet normal -0.9978589232386029 -0.06540312923015192 0
    outer loop
      vertex 66.7 -4.2 5.85
      vertex 66.71967681884024 -4.500210242106119 7.715
      vertex 66.7 -4.2 7.715
    endloop
  endfacet
  facet normal -0.9807852804032376 -0.19509032201609172 0
    outer loop
      vertex 66.71967681884024 -4.500210242106119 5.85
      vertex 66.77837059953514 -4.795283803735797 7.715
      vertex 66.71967681884024 -4.500210242106119 7.715
    endloop
  endfacet
  facet normal -0.9469301294950986 -0.32143946530318207 0
    outer loop
      vertex 66.77837059953514 -4.795283803735797 5.85
      vertex 66.87507707522404 -5.080171894439706 7.715
      vertex 66.77837059953514 -4.795283803735797 7.715
    endloop
  endfacet
  facet normal -0.8968727415326844 -0.4422886902190092 0
    outer loop
      vertex 66.87507707522404 -5.080171894439706 5.85
      vertex 67.0081415712958 -5.35 7.715
      vertex 66.87507707522404 -5.080171894439706 7.715
    endloop
  endfacet
  facet normal -0.8314696123025511 -0.5555702330195934 0
    outer loop
      vertex 67.0081415712958 -5.35 5.85
      vertex 67.17528731733016 -5.600151286720058 7.715
      vertex 67.0081415712958 -5.35 7.715
    endloop
  endfacet
  facet normal -0.7518398074789657 -0.6593458151000821 0
    outer loop
      vertex 67.17528731733016 -5.600151286720058 5.85
      vertex 67.37365440327095 -5.826345596729059 7.715
      vertex 67.17528731733016 -5.600151286720058 7.715
    endloop
  endfacet
  facet normal -0.659345815100085 -0.7518398074789632 0
    outer loop
      vertex 67.37365440327095 -5.826345596729059 5.85
      vertex 67.59984871327994 -6.024712682669841 7.715
      vertex 67.37365440327095 -5.826345596729059 7.715
    endloop
  endfacet
  facet normal -0.5555702330196071 -0.8314696123025421 0
    outer loop
      vertex 67.59984871327994 -6.024712682669841 5.85
      vertex 67.85 -6.191858428704209 7.715
      vertex 67.59984871327994 -6.024712682669841 7.715
    endloop
  endfacet
  facet normal -0.4422886902190021 -0.8968727415326879 0
    outer loop
      vertex 67.85 -6.191858428704209 5.85
      vertex 68.11982810556029 -6.32492292477596 7.715
      vertex 67.85 -6.191858428704209 7.715
    endloop
  endfacet
  facet normal -0.32143946530315365 -0.9469301294951082 0
    outer loop
      vertex 68.11982810556029 -6.32492292477596 5.85
      vertex 68.4047161962642 -6.421629400464857 7.715
      vertex 68.11982810556029 -6.32492292477596 7.715
    endloop
  endfacet
  facet normal -0.19509032201612864 -0.9807852804032304 0
    outer loop
      vertex 68.4047161962642 -6.421629400464857 5.85
      vertex 68.69978975789388 -6.480323181159764 7.715
      vertex 68.4047161962642 -6.421629400464857 7.715
    endloop
  endfacet
  facet normal -0.0654031292301433 -0.9978589232386035 0
    outer loop
      vertex 68.69978975789388 -6.480323181159764 5.85
      vertex 69 -6.5 7.715
      vertex 68.69978975789388 -6.480323181159764 7.715
    endloop
  endfacet
  facet normal 0.0654031292301433 -0.9978589232386035 0
    outer loop
      vertex 69 -6.5 5.85
      vertex 69.30021024210612 -6.480323181159764 7.715
      vertex 69 -6.5 7.715
    endloop
  endfacet
  facet normal 0.19509032201612864 -0.9807852804032304 0
    outer loop
      vertex 69.30021024210612 -6.480323181159764 5.85
      vertex 69.5952838037358 -6.421629400464857 7.715
      vertex 69.30021024210612 -6.480323181159764 7.715
    endloop
  endfacet
  facet normal 0.32143946530315365 -0.9469301294951082 0
    outer loop
      vertex 69.5952838037358 -6.421629400464857 5.85
      vertex 69.88017189443971 -6.32492292477596 7.715
      vertex 69.5952838037358 -6.421629400464857 7.715
    endloop
  endfacet
  facet normal 0.4422886902190021 -0.8968727415326879 0
    outer loop
      vertex 69.88017189443971 -6.32492292477596 5.85
      vertex 70.15 -6.191858428704209 7.715
      vertex 69.88017189443971 -6.32492292477596 7.715
    endloop
  endfacet
  facet normal -0.8314696123025512 -0.5555702330195933 1.4126675875187244e-15
    outer loop
      vertex 67.0081415712958 -5.35 8.315
      vertex 67.17528731733016 -5.600151286720058 8.315
      vertex 67.17184533758602 -5.595 9.115
    endloop
  endfacet
  facet normal -0.7518398074789657 -0.6593458151000821 0
    outer loop
      vertex 67.17528731733016 -5.600151286720058 8.315
      vertex 67.37365440327095 -5.826345596729059 8.315
      vertex 67.37365440327095 -5.826345596729059 9.115
    endloop
  endfacet
  facet normal -0.659345815100085 -0.7518398074789633 0
    outer loop
      vertex 67.37365440327095 -5.826345596729059 8.315
      vertex 67.59984871327994 -6.024712682669841 8.315
      vertex 67.59984871327994 -6.024712682669841 9.115
    endloop
  endfacet
  facet normal -0.555570233019607 -0.8314696123025421 0
    outer loop
      vertex 67.59984871327994 -6.024712682669841 8.315
      vertex 67.85 -6.191858428704209 8.315
      vertex 67.85 -6.191858428704209 9.115
    endloop
  endfacet
  facet normal -0.8314696123026514 -0.5555702330194434 0
    outer loop
      vertex 67.17528731733016 -5.600151286720058 8.315
      vertex 67.17528731733016 -5.600151286720058 9.115
      vertex 67.17184533758602 -5.595 9.115
    endloop
  endfacet
  facet normal -0.7518398074789657 -0.6593458151000821 0
    outer loop
      vertex 67.17528731733016 -5.600151286720058 8.315
      vertex 67.37365440327095 -5.826345596729059 9.115
      vertex 67.17528731733016 -5.600151286720058 9.115
    endloop
  endfacet
  facet normal -0.659345815100085 -0.7518398074789633 0
    outer loop
      vertex 67.37365440327095 -5.826345596729059 8.315
      vertex 67.59984871327994 -6.024712682669841 9.115
      vertex 67.37365440327095 -5.826345596729059 9.115
    endloop
  endfacet
  facet normal -0.555570233019607 -0.8314696123025421 0
    outer loop
      vertex 67.59984871327994 -6.024712682669841 8.315
      vertex 67.85 -6.191858428704209 9.115
      vertex 67.59984871327994 -6.024712682669841 9.115
    endloop
  endfacet
  facet normal -0.4422886902190021 -0.8968727415326879 0
    outer loop
      vertex 67.85 -6.191858428704209 8.315
      vertex 68.11982810556029 -6.32492292477596 9.115
      vertex 67.85 -6.191858428704209 9.115
    endloop
  endfacet
  facet normal -0.4422886902190021 -0.8968727415326879 0
    outer loop
      vertex 67.85 -6.191858428704209 8.315
      vertex 68.11982810556029 -6.32492292477596 8.315
      vertex 68.11982810556029 -6.32492292477596 9.115
    endloop
  endfacet
  facet normal -0.32143946530315376 -0.9469301294951084 0
    outer loop
      vertex 68.11982810556029 -6.32492292477596 8.315
      vertex 68.4047161962642 -6.421629400464857 8.315
      vertex 68.4047161962642 -6.421629400464857 9.115
    endloop
  endfacet
  facet normal -0.19509032201612866 -0.9807852804032304 0
    outer loop
      vertex 68.4047161962642 -6.421629400464857 8.315
      vertex 68.69978975789388 -6.480323181159764 8.315
      vertex 68.69978975789388 -6.480323181159764 9.115
    endloop
  endfacet
  facet normal -0.06540312923014328 -0.9978589232386035 0
    outer loop
      vertex 68.69978975789388 -6.480323181159764 8.315
      vertex 69 -6.5 8.315
      vertex 69 -6.5 9.115
    endloop
  endfacet
  facet normal 0.19509032201612866 -0.9807852804032304 0
    outer loop
      vertex 69.30021024210612 -6.480323181159764 8.315
      vertex 69.5952838037358 -6.421629400464857 8.315
      vertex 69.5952838037358 -6.421629400464857 9.115
    endloop
  endfacet
  facet normal 0.06540312923014328 -0.9978589232386035 0
    outer loop
      vertex 69 -6.5 8.315
      vertex 69.30021024210612 -6.480323181159764 8.315
      vertex 69.30021024210612 -6.480323181159764 9.115
    endloop
  endfacet
  facet normal 0.32143946530315376 -0.9469301294951084 0
    outer loop
      vertex 69.5952838037358 -6.421629400464857 8.315
      vertex 69.88017189443971 -6.32492292477596 8.315
      vertex 69.88017189443971 -6.32492292477596 9.115
    endloop
  endfacet
  facet normal -0.32143946530315376 -0.9469301294951084 0
    outer loop
      vertex 68.11982810556029 -6.32492292477596 8.315
      vertex 68.4047161962642 -6.421629400464857 9.115
      vertex 68.11982810556029 -6.32492292477596 9.115
    endloop
  endfacet
  facet normal -0.19509032201612866 -0.9807852804032304 0
    outer loop
      vertex 68.4047161962642 -6.421629400464857 8.315
      vertex 68.69978975789388 -6.480323181159764 9.115
      vertex 68.4047161962642 -6.421629400464857 9.115
    endloop
  endfacet
  facet normal -0.06540312923014328 -0.9978589232386035 0
    outer loop
      vertex 68.69978975789388 -6.480323181159764 8.315
      vertex 69 -6.5 9.115
      vertex 68.69978975789388 -6.480323181159764 9.115
    endloop
  endfacet
  facet normal 0.06540312923014328 -0.9978589232386035 0
    outer loop
      vertex 69 -6.5 8.315
      vertex 69.30021024210612 -6.480323181159764 9.115
      vertex 69 -6.5 9.115
    endloop
  endfacet
  facet normal 0.19509032201612866 -0.9807852804032304 0
    outer loop
      vertex 69.30021024210612 -6.480323181159764 8.315
      vertex 69.5952838037358 -6.421629400464857 9.115
      vertex 69.30021024210612 -6.480323181159764 9.115
    endloop
  endfacet
  facet normal 0.32143946530315376 -0.9469301294951084 0
    outer loop
      vertex 69.5952838037358 -6.421629400464857 8.315
      vertex 69.88017189443971 -6.32492292477596 9.115
      vertex 69.5952838037358 -6.421629400464857 9.115
    endloop
  endfacet
  facet normal 0.4422886902190021 -0.8968727415326879 0
    outer loop
      vertex 69.88017189443971 -6.32492292477596 8.315
      vertex 70.15 -6.191858428704209 9.115
      vertex 69.88017189443971 -6.32492292477596 9.115
    endloop
  endfacet
  facet normal 0 0 -1
    outer loop
      vertex 69.88017189443971 -2.075077075224041 5.85
      vertex 70.15 -2.2081415712957915 5.85
      vertex 70.01623098290816 -4.066210652974448 5.85
    endloop
  endfacet
  facet normal 0 0 -1
    outer loop
      vertex 70.15 -2.2081415712957915 5.85
      vertex 70.025 -4.2 5.85
      vertex 70.01623098290816 -4.066210652974448 5.85
    endloop
  endfacet
  facet normal 0 0 -1
    outer loop
      vertex 70.15 -2.2081415712957915 5.85
      vertex 70.40015128672006 -2.3752873173301596 5.85
      vertex 70.40015128672006 -6.024712682669841 5.85
    endloop
  endfacet
  facet normal 0 0 -1
    outer loop
      vertex 70.40015128672006 -2.3752873173301596 5.85
      vertex 70.62634559672905 -2.573654403270941 5.85
      vertex 70.62634559672905 -5.826345596729059 5.85
    endloop
  endfacet
  facet normal 0 0 -1
    outer loop
      vertex 70.62634559672905 -2.573654403270941 5.85
      vertex 70.82471268266984 -2.7998487132799426 5.85
      vertex 70.82471268266984 -5.600151286720058 5.85
    endloop
  endfacet
  facet normal 0 0 -1
    outer loop
      vertex 70.82471268266984 -2.7998487132799426 5.85
      vertex 70.9918584287042 -3.0500000000000003 5.85
      vertex 70.9918584287042 -5.35 5.85
    endloop
  endfacet
  facet normal 0 0 -1
    outer loop
      vertex 70.9918584287042 -3.0500000000000003 5.85
      vertex 71.12492292477596 -3.3198281055602936 5.85
      vertex 71.12492292477596 -5.080171894439706 5.85
    endloop
  endfacet
  facet normal 0 0 -1
    outer loop
      vertex 71.12492292477596 -3.3198281055602936 5.85
      vertex 71.22162940046486 -3.6047161962642025 5.85
      vertex 71.22162940046486 -4.795283803735797 5.85
    endloop
  endfacet
  facet normal 0 0 -1
    outer loop
      vertex 71.22162940046486 -3.6047161962642025 5.85
      vertex 71.28032318115976 -3.8997897578938816 5.85
      vertex 71.28032318115976 -4.500210242106119 5.85
    endloop
  endfacet
  facet normal 0.5555702330196071 0.8314696123025421 0
    outer loop
      vertex 70.15 -2.2081415712957915 5.85
      vertex 70.15 -2.2081415712957915 7.715
      vertex 70.40015128672006 -2.3752873173301596 5.85
    endloop
  endfacet
  facet normal 0.6593458151000843 0.7518398074789641 0
    outer loop
      vertex 70.40015128672006 -2.3752873173301596 5.85
      vertex 70.40015128672006 -2.3752873173301596 7.715
      vertex 70.62634559672905 -2.573654403270941 5.85
    endloop
  endfacet
  facet normal 0.7518398074789664 0.6593458151000814 0
    outer loop
      vertex 70.62634559672905 -2.573654403270941 5.85
      vertex 70.62634559672905 -2.573654403270941 7.715
      vertex 70.82471268266984 -2.7998487132799426 5.85
    endloop
  endfacet
  facet normal 0.8314696123025507 0.5555702330195941 0
    outer loop
      vertex 70.82471268266984 -2.7998487132799426 5.85
      vertex 70.82471268266984 -2.7998487132799426 7.715
      vertex 70.9918584287042 -3.0500000000000003 5.85
    endloop
  endfacet
  facet normal 0.8968727415326844 0.4422886902190092 0
    outer loop
      vertex 70.9918584287042 -3.0500000000000003 5.85
      vertex 70.9918584287042 -3.0500000000000003 7.715
      vertex 71.12492292477596 -3.3198281055602936 5.85
    endloop
  endfacet
  facet normal 0.9469301294950986 0.32143946530318207 0
    outer loop
      vertex 71.12492292477596 -3.3198281055602936 5.85
      vertex 71.12492292477596 -3.3198281055602936 7.715
      vertex 71.22162940046486 -3.6047161962642025 5.85
    endloop
  endfacet
  facet normal 0.9807852804032379 0.19509032201609117 0
    outer loop
      vertex 71.22162940046486 -3.6047161962642025 5.85
      vertex 71.22162940046486 -3.6047161962642025 7.715
      vertex 71.28032318115976 -3.8997897578938816 5.85
    endloop
  endfacet
  facet normal 0.9978589232386029 0.06540312923015201 0
    outer loop
      vertex 71.28032318115976 -3.8997897578938816 5.85
      vertex 71.28032318115976 -3.8997897578938816 7.715
      vertex 71.3 -4.2 5.85
    endloop
  endfacet
  facet normal 0 0 -1
    outer loop
      vertex 70.15 -2.2081415712957915 5.85
      vertex 70.15 -6.191858428704209 5.85
      vertex 70.025 -4.2 5.85
    endloop
  endfacet
  facet normal 0 0 -1
    outer loop
      vertex 70.82471268266984 -2.7998487132799426 5.85
      vertex 70.9918584287042 -5.35 5.85
      vertex 70.82471268266984 -5.600151286720058 5.85
    endloop
  endfacet
  facet normal 0 0 -1
    outer loop
      vertex 70.15 -2.2081415712957915 5.85
      vertex 70.40015128672006 -6.024712682669841 5.85
      vertex 70.15 -6.191858428704209 5.85
    endloop
  endfacet
  facet normal 0 0 -1
    outer loop
      vertex 70.40015128672006 -2.3752873173301596 5.85
      vertex 70.62634559672905 -5.826345596729059 5.85
      vertex 70.40015128672006 -6.024712682669841 5.85
    endloop
  endfacet
  facet normal 0 0 -1
    outer loop
      vertex 70.025 -4.2 5.85
      vertex 70.15 -6.191858428704209 5.85
      vertex 70.01623098290816 -4.333789347025553 5.85
    endloop
  endfacet
  facet normal 0 0 -1
    outer loop
      vertex 69.9900739719463 -4.465289521230084 5.85
      vertex 70.01623098290816 -4.333789347025553 5.85
      vertex 70.15 -6.191858428704209 5.85
    endloop
  endfacet
  facet normal 0 0 -1
    outer loop
      vertex 69.9900739719463 -4.465289521230084 5.85
      vertex 70.15 -6.191858428704209 5.85
      vertex 69.94697652082407 -4.592250518174217 5.85
    endloop
  endfacet
  facet normal 0 0 -1
    outer loop
      vertex 70.62634559672905 -2.573654403270941 5.85
      vertex 70.82471268266984 -5.600151286720058 5.85
      vertex 70.62634559672905 -5.826345596729059 5.85
    endloop
  endfacet
  facet normal 0 0 -1
    outer loop
      vertex 71.22162940046486 -3.6047161962642025 5.85
      vertex 71.28032318115976 -4.500210242106119 5.85
      vertex 71.22162940046486 -4.795283803735797 5.85
    endloop
  endfacet
  facet normal 0 0 -1
    outer loop
      vertex 71.28032318115976 -3.8997897578938816 5.85
      vertex 71.3 -4.2 5.85
      vertex 71.28032318115976 -4.500210242106119 5.85
    endloop
  endfacet
  facet normal 0 0 -1
    outer loop
      vertex 70.9918584287042 -3.0500000000000003 5.85
      vertex 71.12492292477596 -5.080171894439706 5.85
      vertex 70.9918584287042 -5.35 5.85
    endloop
  endfacet
  facet normal 0 0 -1
    outer loop
      vertex 71.12492292477596 -3.3198281055602936 5.85
      vertex 71.22162940046486 -4.795283803735797 5.85
      vertex 71.12492292477596 -5.080171894439706 5.85
    endloop
  endfacet
  facet normal 0.9978589232386029 -0.06540312923015192 0
    outer loop
      vertex 71.3 -4.2 5.85
      vertex 71.3 -4.2 7.715
      vertex 71.28032318115976 -4.500210242106119 5.85
    endloop
  endfacet
  facet normal 0.9807852804032376 -0.19509032201609172 0
    outer loop
      vertex 71.28032318115976 -4.500210242106119 5.85
      vertex 71.28032318115976 -4.500210242106119 7.715
      vertex 71.22162940046486 -4.795283803735797 5.85
    endloop
  endfacet
  facet normal 0.9469301294950986 -0.32143946530318207 0
    outer loop
      vertex 71.22162940046486 -4.795283803735797 5.85
      vertex 71.22162940046486 -4.795283803735797 7.715
      vertex 71.12492292477596 -5.080171894439706 5.85
    endloop
  endfacet
  facet normal 0.8314696123025511 -0.5555702330195934 0
    outer loop
      vertex 70.9918584287042 -5.35 5.85
      vertex 70.9918584287042 -5.35 7.715
      vertex 70.82471268266984 -5.600151286720058 5.85
    endloop
  endfacet
  facet normal 0.5555702330196071 -0.8314696123025421 0
    outer loop
      vertex 70.40015128672006 -6.024712682669841 5.85
      vertex 70.40015128672006 -6.024712682669841 7.715
      vertex 70.15 -6.191858428704209 5.85
    endloop
  endfacet
  facet normal 0.659345815100085 -0.7518398074789632 0
    outer loop
      vertex 70.40015128672006 -6.024712682669841 5.85
      vertex 70.62634559672905 -5.826345596729059 5.85
      vertex 70.62634559672905 -5.826345596729059 7.715
    endloop
  endfacet
  facet normal 0.7518398074789657 -0.6593458151000821 0
    outer loop
      vertex 70.82471268266984 -5.600151286720058 5.85
      vertex 70.82471268266984 -5.600151286720058 7.715
      vertex 70.62634559672905 -5.826345596729059 5.85
    endloop
  endfacet
  facet normal 0.8968727415326844 -0.4422886902190092 0
    outer loop
      vertex 71.12492292477596 -5.080171894439706 5.85
      vertex 71.12492292477596 -5.080171894439706 7.715
      vertex 70.9918584287042 -5.35 5.85
    endloop
  endfacet
  facet normal 0.4422886902190021 -0.8968727415326879 0
    outer loop
      vertex 69.88017189443971 -6.32492292477596 5.85
      vertex 70.15 -6.191858428704209 5.85
      vertex 70.15 -6.191858428704209 7.715
    endloop
  endfacet
  facet normal 0.44228869021900086 0.8968727415326885 0
    outer loop
      vertex 69.88017189443971 -2.075077075224041 7.715
      vertex 70.15 -2.2081415712957915 7.715
      vertex 70.15 -2.2081415712957915 5.85
    endloop
  endfacet
  facet normal 0.5555702330196071 0.8314696123025421 0
    outer loop
      vertex 70.40015128672006 -2.3752873173301596 5.85
      vertex 70.15 -2.2081415712957915 7.715
      vertex 70.40015128672006 -2.3752873173301596 7.715
    endloop
  endfacet
  facet normal 0.6593458151000843 0.7518398074789641 0
    outer loop
      vertex 70.62634559672905 -2.573654403270941 5.85
      vertex 70.40015128672006 -2.3752873173301596 7.715
      vertex 70.62634559672905 -2.573654403270941 7.715
    endloop
  endfacet
  facet normal 0.7518398074789664 0.6593458151000814 0
    outer loop
      vertex 70.82471268266984 -2.7998487132799426 5.85
      vertex 70.62634559672905 -2.573654403270941 7.715
      vertex 70.82471268266984 -2.7998487132799426 7.715
    endloop
  endfacet
  facet normal 0.8314696123025507 0.5555702330195941 0
    outer loop
      vertex 70.9918584287042 -3.0500000000000003 5.85
      vertex 70.82471268266984 -2.7998487132799426 7.715
      vertex 70.9918584287042 -3.0500000000000003 7.715
    endloop
  endfacet
  facet normal 0.8968727415326844 0.4422886902190092 0
    outer loop
      vertex 71.12492292477596 -3.3198281055602936 5.85
      vertex 70.9918584287042 -3.0500000000000003 7.715
      vertex 71.12492292477596 -3.3198281055602936 7.715
    endloop
  endfacet
  facet normal 0.9469301294950986 0.32143946530318207 0
    outer loop
      vertex 71.22162940046486 -3.6047161962642025 5.85
      vertex 71.12492292477596 -3.3198281055602936 7.715
      vertex 71.22162940046486 -3.6047161962642025 7.715
    endloop
  endfacet
  facet normal 0.9807852804032379 0.19509032201609117 0
    outer loop
      vertex 71.28032318115976 -3.8997897578938816 5.85
      vertex 71.22162940046486 -3.6047161962642025 7.715
      vertex 71.28032318115976 -3.8997897578938816 7.715
    endloop
  endfacet
  facet normal 0.9978589232386029 0.06540312923015201 0
    outer loop
      vertex 71.3 -4.2 5.85
      vertex 71.28032318115976 -3.8997897578938816 7.715
      vertex 71.3 -4.2 7.715
    endloop
  endfacet
  facet normal 0.9978589232386029 -0.06540312923015192 0
    outer loop
      vertex 71.28032318115976 -4.500210242106119 5.85
      vertex 71.3 -4.2 7.715
      vertex 71.28032318115976 -4.500210242106119 7.715
    endloop
  endfacet
  facet normal 0.9807852804032376 -0.19509032201609172 0
    outer loop
      vertex 71.22162940046486 -4.795283803735797 5.85
      vertex 71.28032318115976 -4.500210242106119 7.715
      vertex 71.22162940046486 -4.795283803735797 7.715
    endloop
  endfacet
  facet normal 0.9469301294950986 -0.32143946530318207 0
    outer loop
      vertex 71.12492292477596 -5.080171894439706 5.85
      vertex 71.22162940046486 -4.795283803735797 7.715
      vertex 71.12492292477596 -5.080171894439706 7.715
    endloop
  endfacet
  facet normal 0.8314696123025511 -0.5555702330195934 0
    outer loop
      vertex 70.82471268266984 -5.600151286720058 5.85
      vertex 70.9918584287042 -5.35 7.715
      vertex 70.82471268266984 -5.600151286720058 7.715
    endloop
  endfacet
  facet normal 0.5555702330196071 -0.8314696123025421 0
    outer loop
      vertex 70.15 -6.191858428704209 5.85
      vertex 70.40015128672006 -6.024712682669841 7.715
      vertex 70.15 -6.191858428704209 7.715
    endloop
  endfacet
  facet normal 0.659345815100085 -0.7518398074789632 0
    outer loop
      vertex 70.40015128672006 -6.024712682669841 5.85
      vertex 70.62634559672905 -5.826345596729059 7.715
      vertex 70.40015128672006 -6.024712682669841 7.715
    endloop
  endfacet
  facet normal 0.7518398074789657 -0.6593458151000821 0
    outer loop
      vertex 70.62634559672905 -5.826345596729059 5.85
      vertex 70.82471268266984 -5.600151286720058 7.715
      vertex 70.62634559672905 -5.826345596729059 7.715
    endloop
  endfacet
  facet normal 0.8968727415326844 -0.4422886902190092 0
    outer loop
      vertex 70.9918584287042 -5.35 5.85
      vertex 71.12492292477596 -5.080171894439706 7.715
      vertex 70.9918584287042 -5.35 7.715
    endloop
  endfacet
  facet normal 0.555570233019607 -0.8314696123025421 0
    outer loop
      vertex 70.40015128672006 -6.024712682669841 8.315
      vertex 70.40015128672006 -6.024712682669841 9.115
      vertex 70.15 -6.191858428704209 8.315
    endloop
  endfacet
  facet normal 0.659345815100085 -0.7518398074789633 0
    outer loop
      vertex 70.40015128672006 -6.024712682669841 8.315
      vertex 70.62634559672905 -5.826345596729059 8.315
      vertex 70.62634559672905 -5.826345596729059 9.115
    endloop
  endfacet
  facet normal 0.7518398074789657 -0.6593458151000821 0
    outer loop
      vertex 70.82471268266984 -5.600151286720058 8.315
      vertex 70.82471268266984 -5.600151286720058 9.115
      vertex 70.62634559672905 -5.826345596729059 8.315
    endloop
  endfacet
  facet normal 0.8314696123026514 -0.5555702330194434 0
    outer loop
      vertex 70.82471268266984 -5.600151286720058 8.315
      vertex 70.82815466241398 -5.595 9.115
      vertex 70.82471268266984 -5.600151286720058 9.115
    endloop
  endfacet
  facet normal 0.555570233019607 -0.8314696123025421 0
    outer loop
      vertex 70.15 -6.191858428704209 8.315
      vertex 70.40015128672006 -6.024712682669841 9.115
      vertex 70.15 -6.191858428704209 9.115
    endloop
  endfacet
  facet normal 0.659345815100085 -0.7518398074789633 0
    outer loop
      vertex 70.40015128672006 -6.024712682669841 8.315
      vertex 70.62634559672905 -5.826345596729059 9.115
      vertex 70.40015128672006 -6.024712682669841 9.115
    endloop
  endfacet
  facet normal 0.7518398074789657 -0.6593458151000821 0
    outer loop
      vertex 70.62634559672905 -5.826345596729059 8.315
      vertex 70.82471268266984 -5.600151286720058 9.115
      vertex 70.62634559672905 -5.826345596729059 9.115
    endloop
  endfacet
  facet normal 0.4422886902190021 -0.8968727415326879 0
    outer loop
      vertex 69.88017189443971 -6.32492292477596 8.315
      vertex 70.15 -6.191858428704209 8.315
      vertex 70.15 -6.191858428704209 9.115
    endloop
  endfacet
  facet normal -0.3214394653031551 0.9469301294951079 0
    outer loop
      vertex 68.4047161962642 -1.9783705995351433 8.315
      vertex 68.11982810556029 -2.075077075224041 8.315
      vertex 68.11982810556029 -2.075077075224041 15.399999999999999
    endloop
  endfacet
  facet normal -0.19509032201612864 0.9807852804032304 0
    outer loop
      vertex 68.4047161962642 -1.9783705995351433 8.315
      vertex 68.4047161962642 -1.9783705995351433 15.399999999999999
      vertex 68.69978975789388 -1.9196768188402364 8.315
    endloop
  endfacet
  facet normal -0.06540312923014328 0.9978589232386034 0
    outer loop
      vertex 68.69978975789388 -1.9196768188402364 8.315
      vertex 68.69978975789388 -1.9196768188402364 15.399999999999999
      vertex 69 -1.9000000000000004 8.315
    endloop
  endfacet
  facet normal 0.06540312923014328 0.9978589232386034 0
    outer loop
      vertex 69 -1.9000000000000004 8.315
      vertex 69 -1.9000000000000004 15.399999999999999
      vertex 69.30021024210612 -1.9196768188402364 8.315
    endloop
  endfacet
  facet normal 0.19509032201612864 0.9807852804032304 0
    outer loop
      vertex 69.30021024210612 -1.9196768188402364 8.315
      vertex 69.30021024210612 -1.9196768188402364 15.399999999999999
      vertex 69.5952838037358 -1.9783705995351433 8.315
    endloop
  endfacet
  facet normal 0.3214394653031551 0.9469301294951079 0
    outer loop
      vertex 69.5952838037358 -1.9783705995351433 8.315
      vertex 69.5952838037358 -1.9783705995351433 15.399999999999999
      vertex 69.88017189443971 -2.075077075224041 8.315
    endloop
  endfacet
  facet normal -0.6593458151000843 0.7518398074789641 0
    outer loop
      vertex 67.37365440327095 -2.573654403270941 8.315
      vertex 67.37365440327095 -2.573654403270941 15.399999999999999
      vertex 67.59984871327994 -2.3752873173301596 8.315
    endloop
  endfacet
  facet normal -0.5555702330196071 0.831469612302542 0
    outer loop
      vertex 67.85 -2.2081415712957915 8.315
      vertex 67.59984871327994 -2.3752873173301596 8.315
      vertex 67.59984871327994 -2.3752873173301596 15.399999999999999
    endloop
  endfacet
  facet normal -0.44228869021900086 0.8968727415326885 0
    outer loop
      vertex 67.85 -2.2081415712957915 8.315
      vertex 67.85 -2.2081415712957915 15.399999999999999
      vertex 68.11982810556029 -2.075077075224041 8.315
    endloop
  endfacet
  facet normal -0.7518398074789664 0.6593458151000813 0
    outer loop
      vertex 67.37365440327095 -2.573654403270941 8.315
      vertex 67.17528731733016 -2.7998487132799426 8.315
      vertex 67.17528731733016 -2.7998487132799426 15.399999999999999
    endloop
  endfacet
  facet normal -0.8314696123025508 0.555570233019594 0
    outer loop
      vertex 67.17528731733016 -2.7998487132799426 8.315
      vertex 67.0081415712958 -3.0500000000000003 8.315
      vertex 67.0081415712958 -3.0500000000000003 15.399999999999999
    endloop
  endfacet
  facet normal -0.8968727415326844 0.4422886902190092 0
    outer loop
      vertex 67.0081415712958 -3.0500000000000003 8.315
      vertex 66.87507707522404 -3.3198281055602936 8.315
      vertex 66.87507707522404 -3.3198281055602936 15.399999999999999
    endloop
  endfacet
  facet normal -0.9469301294950988 0.3214394653031821 0
    outer loop
      vertex 66.87507707522404 -3.3198281055602936 8.315
      vertex 66.77837059953514 -3.6047161962642025 8.315
      vertex 66.77837059953514 -3.6047161962642025 15.399999999999999
    endloop
  endfacet
  facet normal -0.9807852804032378 0.19509032201609117 0
    outer loop
      vertex 66.77837059953514 -3.6047161962642025 8.315
      vertex 66.71967681884024 -3.8997897578938816 8.315
      vertex 66.71967681884024 -3.8997897578938816 15.399999999999999
    endloop
  endfacet
  facet normal -0.9978589232386028 0.06540312923015201 0
    outer loop
      vertex 66.71967681884024 -3.8997897578938816 8.315
      vertex 66.7 -4.2 8.315
      vertex 66.7 -4.2 15.399999999999999
    endloop
  endfacet
  facet normal 0.44228869021900086 0.8968727415326885 0
    outer loop
      vertex 69.88017189443971 -2.075077075224041 8.315
      vertex 69.88017189443971 -2.075077075224041 15.399999999999999
      vertex 70.15 -2.2081415712957915 8.315
    endloop
  endfacet
  facet normal -0.9978589232386028 -0.06540312923015192 -2.9080645989737554e-16
    outer loop
      vertex 66.7 -4.2 8.315
      vertex 66.71967681884024 -4.500210242106119 8.315
      vertex 66.71278097524898 -4.395 10.615
    endloop
  endfacet
  facet normal -0.9807852804032378 -0.19509032201609172 0
    outer loop
      vertex 66.71967681884024 -4.500210242106119 8.315
      vertex 66.77837059953514 -4.795283803735797 8.315
      vertex 66.77837059953514 -4.795283803735797 10.615
    endloop
  endfacet
  facet normal -0.9469301294950987 -0.3214394653031821 0
    outer loop
      vertex 66.77837059953514 -4.795283803735797 8.315
      vertex 66.87507707522404 -5.080171894439706 8.315
      vertex 66.87507707522404 -5.080171894439706 10.615
    endloop
  endfacet
  facet normal -0.8968727415326845 -0.44228869021900924 0
    outer loop
      vertex 66.87507707522404 -5.080171894439706 8.315
      vertex 67.0081415712958 -5.35 8.315
      vertex 67.0081415712958 -5.35 10.615
    endloop
  endfacet
  facet normal -0.831469612302549 -0.5555702330195965 0
    outer loop
      vertex 67.0081415712958 -5.35 8.315
      vertex 67.17184533758602 -5.595 9.115
      vertex 67.0081415712958 -5.35 10.615
    endloop
  endfacet
  facet normal -0.9978589232386025 -0.06540312923015824 0
    outer loop
      vertex 66.71967681884024 -4.500210242106119 8.315
      vertex 66.71967681884024 -4.500210242106119 10.615
      vertex 66.71278097524898 -4.395 10.615
    endloop
  endfacet
  facet normal -0.9807852804032378 -0.19509032201609172 0
    outer loop
      vertex 66.71967681884024 -4.500210242106119 8.315
      vertex 66.77837059953514 -4.795283803735797 10.615
      vertex 66.71967681884024 -4.500210242106119 10.615
    endloop
  endfacet
  facet normal -0.9469301294950987 -0.3214394653031821 0
    outer loop
      vertex 66.77837059953514 -4.795283803735797 8.315
      vertex 66.87507707522404 -5.080171894439706 10.615
      vertex 66.77837059953514 -4.795283803735797 10.615
    endloop
  endfacet
  facet normal -0.8968727415326845 -0.44228869021900924 0
    outer loop
      vertex 66.87507707522404 -5.080171894439706 8.315
      vertex 67.0081415712958 -5.35 10.615
      vertex 66.87507707522404 -5.080171894439706 10.615
    endloop
  endfacet
  facet normal -0.8314696123025491 -0.5555702330195965 0
    outer loop
      vertex 67.0081415712958 -5.35 10.615
      vertex 67.17184533758602 -5.595 9.115
      vertex 67.17184533758602 -5.595 10.615
    endloop
  endfacet
  facet normal -0.9978589232386031 -0.0654031292301485 0
    outer loop
      vertex 66.7 -4.2 8.315
      vertex 66.71278097524898 -4.395 10.615
      vertex 66.7 -4.2 15.399999999999999
    endloop
  endfacet
  facet normal 0.5555702330196071 0.831469612302542 0
    outer loop
      vertex 70.15 -2.2081415712957915 8.315
      vertex 70.15 -2.2081415712957915 15.399999999999999
      vertex 70.40015128672006 -2.3752873173301596 8.315
    endloop
  endfacet
  facet normal 0.6593458151000843 0.7518398074789641 0
    outer loop
      vertex 70.40015128672006 -2.3752873173301596 8.315
      vertex 70.40015128672006 -2.3752873173301596 15.399999999999999
      vertex 70.62634559672905 -2.573654403270941 8.315
    endloop
  endfacet
  facet normal 0.7518398074789664 0.6593458151000813 0
    outer loop
      vertex 70.62634559672905 -2.573654403270941 8.315
      vertex 70.62634559672905 -2.573654403270941 15.399999999999999
      vertex 70.82471268266984 -2.7998487132799426 8.315
    endloop
  endfacet
  facet normal 0.8314696123025508 0.555570233019594 0
    outer loop
      vertex 70.82471268266984 -2.7998487132799426 8.315
      vertex 70.82471268266984 -2.7998487132799426 15.399999999999999
      vertex 70.9918584287042 -3.0500000000000003 8.315
    endloop
  endfacet
  facet normal 0.8968727415326844 0.4422886902190092 0
    outer loop
      vertex 70.9918584287042 -3.0500000000000003 8.315
      vertex 70.9918584287042 -3.0500000000000003 15.399999999999999
      vertex 71.12492292477596 -3.3198281055602936 8.315
    endloop
  endfacet
  facet normal 0.9469301294950988 0.3214394653031821 0
    outer loop
      vertex 71.12492292477596 -3.3198281055602936 8.315
      vertex 71.12492292477596 -3.3198281055602936 15.399999999999999
      vertex 71.22162940046486 -3.6047161962642025 8.315
    endloop
  endfacet
  facet normal 0.9807852804032378 0.19509032201609117 0
    outer loop
      vertex 71.22162940046486 -3.6047161962642025 8.315
      vertex 71.22162940046486 -3.6047161962642025 15.399999999999999
      vertex 71.28032318115976 -3.8997897578938816 8.315
    endloop
  endfacet
  facet normal 0.9978589232386028 0.06540312923015201 0
    outer loop
      vertex 71.28032318115976 -3.8997897578938816 8.315
      vertex 71.28032318115976 -3.8997897578938816 15.399999999999999
      vertex 71.3 -4.2 8.315
    endloop
  endfacet
  facet normal 0.9978589232386028 -0.06540312923015192 0
    outer loop
      vertex 71.3 -4.2 8.315
      vertex 71.28032318115976 -4.500210242106119 10.615
      vertex 71.28032318115976 -4.500210242106119 8.315
    endloop
  endfacet
  facet normal 0.9807852804032378 -0.19509032201609172 0
    outer loop
      vertex 71.28032318115976 -4.500210242106119 8.315
      vertex 71.28032318115976 -4.500210242106119 10.615
      vertex 71.22162940046486 -4.795283803735797 8.315
    endloop
  endfacet
  facet normal 0.9469301294950987 -0.3214394653031821 0
    outer loop
      vertex 71.22162940046486 -4.795283803735797 8.315
      vertex 71.22162940046486 -4.795283803735797 10.615
      vertex 71.12492292477596 -5.080171894439706 8.315
    endloop
  endfacet
  facet normal 0.8314696123025512 -0.5555702330195934 0
    outer loop
      vertex 70.9918584287042 -5.35 8.315
      vertex 70.9918584287042 -5.35 10.615
      vertex 70.82471268266984 -5.600151286720058 8.315
    endloop
  endfacet
  facet normal 0.8968727415326845 -0.44228869021900924 0
    outer loop
      vertex 71.12492292477596 -5.080171894439706 8.315
      vertex 71.12492292477596 -5.080171894439706 10.615
      vertex 70.9918584287042 -5.35 8.315
    endloop
  endfacet
  facet normal 0.8314696123025449 -0.5555702330196027 1.4848077201868843e-15
    outer loop
      vertex 70.82471268266984 -5.600151286720058 8.315
      vertex 70.9918584287042 -5.35 10.615
      vertex 70.82815466241398 -5.595 9.115
    endloop
  endfacet
  facet normal 0.9978589232386025 -0.06540312923015827 -8.297963770842461e-16
    outer loop
      vertex 71.3 -4.2 8.315
      vertex 71.28721902475102 -4.395 10.615
      vertex 71.28032318115976 -4.500210242106119 10.615
    endloop
  endfacet
  facet normal 0.9807852804032378 -0.19509032201609172 0
    outer loop
      vertex 71.22162940046486 -4.795283803735797 8.315
      vertex 71.28032318115976 -4.500210242106119 10.615
      vertex 71.22162940046486 -4.795283803735797 10.615
    endloop
  endfacet
  facet normal 0.9469301294950987 -0.3214394653031821 0
    outer loop
      vertex 71.12492292477596 -5.080171894439706 8.315
      vertex 71.22162940046486 -4.795283803735797 10.615
      vertex 71.12492292477596 -5.080171894439706 10.615
    endloop
  endfacet
  facet normal 0.8968727415326845 -0.44228869021900924 0
    outer loop
      vertex 70.9918584287042 -5.35 8.315
      vertex 71.12492292477596 -5.080171894439706 10.615
      vertex 70.9918584287042 -5.35 10.615
    endloop
  endfacet
  facet normal 0.8314696123025491 -0.5555702330195965 0
    outer loop
      vertex 70.9918584287042 -5.35 10.615
      vertex 70.82815466241398 -5.595 10.615
      vertex 70.82815466241398 -5.595 9.115
    endloop
  endfacet
  facet normal 0.9978589232386031 -0.0654031292301485 0
    outer loop
      vertex 71.3 -4.2 8.315
      vertex 71.3 -4.2 15.399999999999999
      vertex 71.28721902475102 -4.395 10.615
    endloop
  endfacet
  facet normal -0.3214394653031551 0.9469301294951079 0
    outer loop
      vertex 68.4047161962642 -1.9783705995351433 8.315
      vertex 68.11982810556029 -2.075077075224041 15.399999999999999
      vertex 68.4047161962642 -1.9783705995351433 15.399999999999999
    endloop
  endfacet
  facet normal -0.19509032201612864 0.9807852804032304 0
    outer loop
      vertex 68.69978975789388 -1.9196768188402364 8.315
      vertex 68.4047161962642 -1.9783705995351433 15.399999999999999
      vertex 68.69978975789388 -1.9196768188402364 15.399999999999999
    endloop
  endfacet
  facet normal -0.06540312923014328 0.9978589232386034 0
    outer loop
      vertex 69 -1.9000000000000004 8.315
      vertex 68.69978975789388 -1.9196768188402364 15.399999999999999
      vertex 69 -1.9000000000000004 15.399999999999999
    endloop
  endfacet
  facet normal 0.06540312923014328 0.9978589232386034 0
    outer loop
      vertex 69.30021024210612 -1.9196768188402364 8.315
      vertex 69 -1.9000000000000004 15.399999999999999
      vertex 69.30021024210612 -1.9196768188402364 15.399999999999999
    endloop
  endfacet
  facet normal 0.19509032201612864 0.9807852804032304 0
    outer loop
      vertex 69.5952838037358 -1.9783705995351433 8.315
      vertex 69.30021024210612 -1.9196768188402364 15.399999999999999
      vertex 69.5952838037358 -1.9783705995351433 15.399999999999999
    endloop
  endfacet
  facet normal 0.3214394653031551 0.9469301294951079 0
    outer loop
      vertex 69.88017189443971 -2.075077075224041 8.315
      vertex 69.5952838037358 -1.9783705995351433 15.399999999999999
      vertex 69.88017189443971 -2.075077075224041 15.399999999999999
    endloop
  endfacet
  facet normal -0.5555702330196071 0.831469612302542 0
    outer loop
      vertex 67.85 -2.2081415712957915 8.315
      vertex 67.59984871327994 -2.3752873173301596 15.399999999999999
      vertex 67.85 -2.2081415712957915 15.399999999999999
    endloop
  endfacet
  facet normal -0.6593458151000843 0.7518398074789641 0
    outer loop
      vertex 67.59984871327994 -2.3752873173301596 8.315
      vertex 67.37365440327095 -2.573654403270941 15.399999999999999
      vertex 67.59984871327994 -2.3752873173301596 15.399999999999999
    endloop
  endfacet
  facet normal -0.7518398074789664 0.6593458151000813 0
    outer loop
      vertex 67.37365440327095 -2.573654403270941 8.315
      vertex 67.17528731733016 -2.7998487132799426 15.399999999999999
      vertex 67.37365440327095 -2.573654403270941 15.399999999999999
    endloop
  endfacet
  facet normal -0.8314696123025508 0.555570233019594 0
    outer loop
      vertex 67.17528731733016 -2.7998487132799426 8.315
      vertex 67.0081415712958 -3.0500000000000003 15.399999999999999
      vertex 67.17528731733016 -2.7998487132799426 15.399999999999999
    endloop
  endfacet
  facet normal -0.8968727415326844 0.4422886902190092 0
    outer loop
      vertex 67.0081415712958 -3.0500000000000003 8.315
      vertex 66.87507707522404 -3.3198281055602936 15.399999999999999
      vertex 67.0081415712958 -3.0500000000000003 15.399999999999999
    endloop
  endfacet
  facet normal -0.9469301294950988 0.3214394653031821 0
    outer loop
      vertex 66.87507707522404 -3.3198281055602936 8.315
      vertex 66.77837059953514 -3.6047161962642025 15.399999999999999
      vertex 66.87507707522404 -3.3198281055602936 15.399999999999999
    endloop
  endfacet
  facet normal -0.9807852804032378 0.19509032201609117 0
    outer loop
      vertex 66.77837059953514 -3.6047161962642025 8.315
      vertex 66.71967681884024 -3.8997897578938816 15.399999999999999
      vertex 66.77837059953514 -3.6047161962642025 15.399999999999999
    endloop
  endfacet
  facet normal -0.9978589232386028 0.06540312923015201 0
    outer loop
      vertex 66.71967681884024 -3.8997897578938816 8.315
      vertex 66.7 -4.2 15.399999999999999
      vertex 66.71967681884024 -3.8997897578938816 15.399999999999999
    endloop
  endfacet
  facet normal -0.44228869021900086 0.8968727415326885 0
    outer loop
      vertex 68.11982810556029 -2.075077075224041 8.315
      vertex 67.85 -2.2081415712957915 15.399999999999999
      vertex 68.11982810556029 -2.075077075224041 15.399999999999999
    endloop
  endfacet
  facet normal -0.9978589232386031 -0.0654031292301485 0
    outer loop
      vertex 66.71278097524898 -4.395 10.615
      vertex 66.71278097524898 -4.395 15.399999999999999
      vertex 66.7 -4.2 15.399999999999999
    endloop
  endfacet
  facet normal 0.44228869021900086 0.8968727415326885 0
    outer loop
      vertex 70.15 -2.2081415712957915 8.315
      vertex 69.88017189443971 -2.075077075224041 15.399999999999999
      vertex 70.15 -2.2081415712957915 15.399999999999999
    endloop
  endfacet
  facet normal 0.5555702330196071 0.831469612302542 0
    outer loop
      vertex 70.40015128672006 -2.3752873173301596 8.315
      vertex 70.15 -2.2081415712957915 15.399999999999999
      vertex 70.40015128672006 -2.3752873173301596 15.399999999999999
    endloop
  endfacet
  facet normal 0.6593458151000843 0.7518398074789641 0
    outer loop
      vertex 70.62634559672905 -2.573654403270941 8.315
      vertex 70.40015128672006 -2.3752873173301596 15.399999999999999
      vertex 70.62634559672905 -2.573654403270941 15.399999999999999
    endloop
  endfacet
  facet normal 0.7518398074789664 0.6593458151000813 0
    outer loop
      vertex 70.82471268266984 -2.7998487132799426 8.315
      vertex 70.62634559672905 -2.573654403270941 15.399999999999999
      vertex 70.82471268266984 -2.7998487132799426 15.399999999999999
    endloop
  endfacet
  facet normal 0.8314696123025508 0.555570233019594 0
    outer loop
      vertex 70.9918584287042 -3.0500000000000003 8.315
      vertex 70.82471268266984 -2.7998487132799426 15.399999999999999
      vertex 70.9918584287042 -3.0500000000000003 15.399999999999999
    endloop
  endfacet
  facet normal 0.8968727415326844 0.4422886902190092 0
    outer loop
      vertex 71.12492292477596 -3.3198281055602936 8.315
      vertex 70.9918584287042 -3.0500000000000003 15.399999999999999
      vertex 71.12492292477596 -3.3198281055602936 15.399999999999999
    endloop
  endfacet
  facet normal 0.9469301294950988 0.3214394653031821 0
    outer loop
      vertex 71.22162940046486 -3.6047161962642025 8.315
      vertex 71.12492292477596 -3.3198281055602936 15.399999999999999
      vertex 71.22162940046486 -3.6047161962642025 15.399999999999999
    endloop
  endfacet
  facet normal 0.9807852804032378 0.19509032201609117 0
    outer loop
      vertex 71.28032318115976 -3.8997897578938816 8.315
      vertex 71.22162940046486 -3.6047161962642025 15.399999999999999
      vertex 71.28032318115976 -3.8997897578938816 15.399999999999999
    endloop
  endfacet
  facet normal 0.9978589232386028 0.06540312923015201 0
    outer loop
      vertex 71.3 -4.2 8.315
      vertex 71.28032318115976 -3.8997897578938816 15.399999999999999
      vertex 71.3 -4.2 15.399999999999999
    endloop
  endfacet
  facet normal 0.9978589232386031 -0.0654031292301485 0
    outer loop
      vertex 71.28721902475102 -4.395 10.615
      vertex 71.3 -4.2 15.399999999999999
      vertex 71.28721902475102 -4.395 15.399999999999999
    endloop
  endfacet
  facet normal 0.9978589232386004 -0.06540312923018876 0
    outer loop
      vertex 93.98376901709184 -61.56621065297445 5.85
      vertex 93.98376901709184 -61.56621065297445 7.715
      vertex 93.975 -61.7 5.85
    endloop
  endfacet
  facet normal 0.9978589232386004 0.06540312923018876 0
    outer loop
      vertex 93.975 -61.7 5.85
      vertex 93.975 -61.7 7.715
      vertex 93.98376901709184 -61.83378934702556 5.85
    endloop
  endfacet
  facet normal 0.9807852804032395 0.19509032201608234 0
    outer loop
      vertex 93.98376901709184 -61.83378934702556 5.85
      vertex 93.98376901709184 -61.83378934702556 7.715
      vertex 94.0099260280537 -61.96528952123008 5.85
    endloop
  endfacet
  facet normal 0.5555702330196256 -0.8314696123025295 0
    outer loop
      vertex 94.4875 -60.81232396112095 5.85
      vertex 94.4875 -60.81232396112095 7.715
      vertex 94.37601953526607 -60.886812826201485 5.85
    endloop
  endfacet
  facet normal 0.4422886902189878 -0.896872741532695 0
    outer loop
      vertex 94.4875 -60.81232396112095 5.85
      vertex 94.60774948182578 -60.75302347917594 5.85
      vertex 94.60774948182578 -60.75302347917594 7.715
    endloop
  endfacet
  facet normal 0.3214394653031767 -0.9469301294951005 0
    outer loop
      vertex 94.73471047876991 -60.70992602805371 5.85
      vertex 94.73471047876991 -60.70992602805371 7.715
      vertex 94.60774948182578 -60.75302347917594 5.85
    endloop
  endfacet
  facet normal 0.19509032201612322 -0.9807852804032315 0
    outer loop
      vertex 94.73471047876991 -60.70992602805371 5.85
      vertex 94.86621065297444 -60.68376901709185 5.85
      vertex 94.86621065297444 -60.68376901709185 7.715
    endloop
  endfacet
  facet normal 0.065403129230136 -0.9978589232386039 0
    outer loop
      vertex 94.86621065297444 -60.68376901709185 5.85
      vertex 95 -60.675000000000004 5.85
      vertex 95 -60.675000000000004 7.715
    endloop
  endfacet
  facet normal -0.065403129230136 -0.9978589232386039 0
    outer loop
      vertex 95 -60.675000000000004 5.85
      vertex 95.13378934702556 -60.68376901709185 5.85
      vertex 95.13378934702556 -60.68376901709185 7.715
    endloop
  endfacet
  facet normal -0.19509032201612322 -0.9807852804032315 0
    outer loop
      vertex 95.13378934702556 -60.68376901709185 5.85
      vertex 95.26528952123009 -60.70992602805371 5.85
      vertex 95.26528952123009 -60.70992602805371 7.715
    endloop
  endfacet
  facet normal -0.3214394653031767 -0.9469301294951005 0
    outer loop
      vertex 95.26528952123009 -60.70992602805371 5.85
      vertex 95.39225051817422 -60.75302347917594 5.85
      vertex 95.39225051817422 -60.75302347917594 7.715
    endloop
  endfacet
  facet normal -0.4422886902189878 -0.896872741532695 0
    outer loop
      vertex 95.39225051817422 -60.75302347917594 5.85
      vertex 95.5125 -60.81232396112095 5.85
      vertex 95.5125 -60.81232396112095 7.715
    endloop
  endfacet
  facet normal 0.7518398074790141 -0.659345815100027 0
    outer loop
      vertex 94.18681282620149 -61.07601953526606 5.85
      vertex 94.27521554928379 -60.97521554928379 5.85
      vertex 94.27521554928379 -60.97521554928379 7.715
    endloop
  endfacet
  facet normal 0.6593458151000308 -0.751839807479011 0
    outer loop
      vertex 94.37601953526607 -60.886812826201485 5.85
      vertex 94.37601953526607 -60.886812826201485 7.715
      vertex 94.27521554928379 -60.97521554928379 5.85
    endloop
  endfacet
  facet normal 0.8968727415327054 -0.4422886902189668 0
    outer loop
      vertex 94.11232396112095 -61.1875 5.85
      vertex 94.11232396112095 -61.1875 7.715
      vertex 94.05302347917593 -61.30774948182579 5.85
    endloop
  endfacet
  facet normal 0.8314696123025216 -0.5555702330196379 0
    outer loop
      vertex 94.18681282620149 -61.07601953526606 5.85
      vertex 94.18681282620149 -61.07601953526606 7.715
      vertex 94.11232396112095 -61.1875 5.85
    endloop
  endfacet
  facet normal 0.9469301294950844 -0.32143946530322415 0
    outer loop
      vertex 94.05302347917593 -61.30774948182579 5.85
      vertex 94.05302347917593 -61.30774948182579 7.715
      vertex 94.0099260280537 -61.43471047876992 5.85
    endloop
  endfacet
  facet normal 0.9807852804032395 -0.19509032201608234 0
    outer loop
      vertex 93.98376901709184 -61.56621065297445 5.85
      vertex 94.0099260280537 -61.43471047876992 5.85
      vertex 94.0099260280537 -61.43471047876992 7.715
    endloop
  endfacet
  facet normal -0.5555702330196256 -0.8314696123025295 0
    outer loop
      vertex 95.5125 -60.81232396112095 5.85
      vertex 95.62398046473393 -60.886812826201485 5.85
      vertex 95.62398046473393 -60.886812826201485 7.715
    endloop
  endfacet
  facet normal -0.6593458151000308 -0.751839807479011 0
    outer loop
      vertex 95.62398046473393 -60.886812826201485 5.85
      vertex 95.72478445071621 -60.97521554928379 5.85
      vertex 95.72478445071621 -60.97521554928379 7.715
    endloop
  endfacet
  facet normal -0.7518398074790141 -0.659345815100027 0
    outer loop
      vertex 95.72478445071621 -60.97521554928379 5.85
      vertex 95.81318717379851 -61.07601953526606 5.85
      vertex 95.81318717379851 -61.07601953526606 7.715
    endloop
  endfacet
  facet normal -0.8314696123025216 -0.5555702330196379 0
    outer loop
      vertex 95.81318717379851 -61.07601953526606 5.85
      vertex 95.88767603887905 -61.1875 5.85
      vertex 95.88767603887905 -61.1875 7.715
    endloop
  endfacet
  facet normal -0.8968727415327054 -0.4422886902189668 0
    outer loop
      vertex 95.88767603887905 -61.1875 5.85
      vertex 95.94697652082407 -61.30774948182579 5.85
      vertex 95.94697652082407 -61.30774948182579 7.715
    endloop
  endfacet
  facet normal -0.9469301294950844 -0.32143946530322415 0
    outer loop
      vertex 95.94697652082407 -61.30774948182579 5.85
      vertex 95.9900739719463 -61.43471047876992 5.85
      vertex 95.9900739719463 -61.43471047876992 7.715
    endloop
  endfacet
  facet normal -0.9807852804032395 -0.19509032201608234 0
    outer loop
      vertex 95.9900739719463 -61.43471047876992 5.85
      vertex 96.01623098290816 -61.56621065297445 5.85
      vertex 96.01623098290816 -61.56621065297445 7.715
    endloop
  endfacet
  facet normal -0.9978589232386004 -0.06540312923018876 0
    outer loop
      vertex 96.01623098290816 -61.56621065297445 5.85
      vertex 96.025 -61.7 5.85
      vertex 96.025 -61.7 7.715
    endloop
  endfacet
  facet normal -0.9978589232386004 0.06540312923018876 0
    outer loop
      vertex 96.025 -61.7 5.85
      vertex 96.01623098290816 -61.83378934702556 5.85
      vertex 96.01623098290816 -61.83378934702556 7.715
    endloop
  endfacet
  facet normal 0.9469301294950844 0.32143946530322415 0
    outer loop
      vertex 94.0099260280537 -61.96528952123008 5.85
      vertex 94.0099260280537 -61.96528952123008 7.715
      vertex 94.05302347917593 -62.09225051817422 5.85
    endloop
  endfacet
  facet normal 0.8968727415327054 0.4422886902189668 0
    outer loop
      vertex 94.05302347917593 -62.09225051817422 5.85
      vertex 94.05302347917593 -62.09225051817422 7.715
      vertex 94.11232396112095 -62.212500000000006 5.85
    endloop
  endfacet
  facet normal 0.8314696123025216 0.5555702330196379 0
    outer loop
      vertex 94.11232396112095 -62.212500000000006 5.85
      vertex 94.11232396112095 -62.212500000000006 7.715
      vertex 94.18681282620149 -62.32398046473394 5.85
    endloop
  endfacet
  facet normal 0.7518398074790141 0.659345815100027 0
    outer loop
      vertex 94.18681282620149 -62.32398046473394 5.85
      vertex 94.18681282620149 -62.32398046473394 7.715
      vertex 94.27521554928379 -62.42478445071622 5.85
    endloop
  endfacet
  facet normal 0.6593458151000308 0.751839807479011 0
    outer loop
      vertex 94.27521554928379 -62.42478445071622 5.85
      vertex 94.27521554928379 -62.42478445071622 7.715
      vertex 94.37601953526607 -62.51318717379852 5.85
    endloop
  endfacet
  facet normal 0.5555702330196256 0.8314696123025295 0
    outer loop
      vertex 94.37601953526607 -62.51318717379852 5.85
      vertex 94.37601953526607 -62.51318717379852 7.715
      vertex 94.4875 -62.58767603887905 5.85
    endloop
  endfacet
  facet normal 0.4422886902189878 0.896872741532695 0
    outer loop
      vertex 94.4875 -62.58767603887905 5.85
      vertex 94.4875 -62.58767603887905 7.715
      vertex 94.60774948182578 -62.64697652082407 5.85
    endloop
  endfacet
  facet normal 0.3214394653031767 0.9469301294951005 0
    outer loop
      vertex 94.60774948182578 -62.64697652082407 5.85
      vertex 94.60774948182578 -62.64697652082407 7.715
      vertex 94.73471047876991 -62.6900739719463 5.85
    endloop
  endfacet
  facet normal 0.19509032201612322 0.9807852804032315 0
    outer loop
      vertex 94.73471047876991 -62.6900739719463 5.85
      vertex 94.73471047876991 -62.6900739719463 7.715
      vertex 94.86621065297444 -62.71623098290816 5.85
    endloop
  endfacet
  facet normal 0.065403129230136 0.9978589232386039 0
    outer loop
      vertex 94.86621065297444 -62.71623098290816 5.85
      vertex 94.86621065297444 -62.71623098290816 7.715
      vertex 95 -62.725 5.85
    endloop
  endfacet
  facet normal -0.9807852804032395 0.19509032201608234 0
    outer loop
      vertex 96.01623098290816 -61.83378934702556 5.85
      vertex 95.9900739719463 -61.96528952123008 5.85
      vertex 95.9900739719463 -61.96528952123008 7.715
    endloop
  endfacet
  facet normal -0.9469301294950844 0.32143946530322415 0
    outer loop
      vertex 95.9900739719463 -61.96528952123008 5.85
      vertex 95.94697652082407 -62.09225051817422 5.85
      vertex 95.94697652082407 -62.09225051817422 7.715
    endloop
  endfacet
  facet normal -0.8968727415327054 0.4422886902189668 0
    outer loop
      vertex 95.94697652082407 -62.09225051817422 5.85
      vertex 95.88767603887905 -62.212500000000006 5.85
      vertex 95.88767603887905 -62.212500000000006 7.715
    endloop
  endfacet
  facet normal -0.8314696123025216 0.5555702330196379 0
    outer loop
      vertex 95.88767603887905 -62.212500000000006 5.85
      vertex 95.81318717379851 -62.32398046473394 5.85
      vertex 95.81318717379851 -62.32398046473394 7.715
    endloop
  endfacet
  facet normal -0.4422886902189878 0.896872741532695 0
    outer loop
      vertex 95.39225051817422 -62.64697652082407 5.85
      vertex 95.39225051817422 -62.64697652082407 7.715
      vertex 95.5125 -62.58767603887905 5.85
    endloop
  endfacet
  facet normal -0.065403129230136 0.9978589232386039 0
    outer loop
      vertex 95 -62.725 5.85
      vertex 95 -62.725 7.715
      vertex 95.13378934702556 -62.71623098290816 5.85
    endloop
  endfacet
  facet normal -0.19509032201612322 0.9807852804032315 0
    outer loop
      vertex 95.13378934702556 -62.71623098290816 5.85
      vertex 95.13378934702556 -62.71623098290816 7.715
      vertex 95.26528952123009 -62.6900739719463 5.85
    endloop
  endfacet
  facet normal -0.3214394653031767 0.9469301294951005 0
    outer loop
      vertex 95.39225051817422 -62.64697652082407 5.85
      vertex 95.26528952123009 -62.6900739719463 5.85
      vertex 95.26528952123009 -62.6900739719463 7.715
    endloop
  endfacet
  facet normal -0.6593458151000308 0.751839807479011 0
    outer loop
      vertex 95.62398046473393 -62.51318717379852 5.85
      vertex 95.62398046473393 -62.51318717379852 7.715
      vertex 95.72478445071621 -62.42478445071622 5.85
    endloop
  endfacet
  facet normal -0.5555702330196256 0.8314696123025295 0
    outer loop
      vertex 95.62398046473393 -62.51318717379852 5.85
      vertex 95.5125 -62.58767603887905 5.85
      vertex 95.5125 -62.58767603887905 7.715
    endloop
  endfacet
  facet normal -0.7518398074790141 0.659345815100027 0
    outer loop
      vertex 95.81318717379851 -62.32398046473394 5.85
      vertex 95.72478445071621 -62.42478445071622 5.85
      vertex 95.72478445071621 -62.42478445071622 7.715
    endloop
  endfacet
  facet normal 0.9807852804032395 -0.19509032201608234 0
    outer loop
      vertex 93.98376901709184 -61.56621065297445 5.85
      vertex 94.0099260280537 -61.43471047876992 7.715
      vertex 93.98376901709184 -61.56621065297445 7.715
    endloop
  endfacet
  facet normal 0.9978589232386004 -0.06540312923018876 0
    outer loop
      vertex 93.975 -61.7 5.85
      vertex 93.98376901709184 -61.56621065297445 7.715
      vertex 93.975 -61.7 7.715
    endloop
  endfacet
  facet normal 0.9978589232386004 0.06540312923018876 0
    outer loop
      vertex 93.98376901709184 -61.83378934702556 5.85
      vertex 93.975 -61.7 7.715
      vertex 93.98376901709184 -61.83378934702556 7.715
    endloop
  endfacet
  facet normal 0.9978589232386006 -0.06540312923018876 0
    outer loop
      vertex 93.98376901709184 -61.56621065297445 8.315
      vertex 93.98376901709184 -61.56621065297445 10.34
      vertex 93.975 -61.7 8.315
    endloop
  endfacet
  facet normal 0.9978589232386006 0.06540312923018876 0
    outer loop
      vertex 93.975 -61.7 8.315
      vertex 93.975 -61.7 10.34
      vertex 93.98376901709184 -61.83378934702556 8.315
    endloop
  endfacet
  facet normal 0.9807852804032396 0.1950903220160824 0
    outer loop
      vertex 93.98376901709184 -61.83378934702556 8.315
      vertex 93.98376901709184 -61.83378934702556 10.34
      vertex 94.0099260280537 -61.96528952123008 8.315
    endloop
  endfacet
  facet normal 0.4422886902189878 -0.896872741532695 0
    outer loop
      vertex 94.4875 -60.81232396112095 5.85
      vertex 94.60774948182578 -60.75302347917594 7.715
      vertex 94.4875 -60.81232396112095 7.715
    endloop
  endfacet
  facet normal 0.3214394653031767 -0.9469301294951005 0
    outer loop
      vertex 94.60774948182578 -60.75302347917594 5.85
      vertex 94.73471047876991 -60.70992602805371 7.715
      vertex 94.60774948182578 -60.75302347917594 7.715
    endloop
  endfacet
  facet normal 0.19509032201612322 -0.9807852804032315 0
    outer loop
      vertex 94.73471047876991 -60.70992602805371 5.85
      vertex 94.86621065297444 -60.68376901709185 7.715
      vertex 94.73471047876991 -60.70992602805371 7.715
    endloop
  endfacet
  facet normal 0.065403129230136 -0.9978589232386039 0
    outer loop
      vertex 94.86621065297444 -60.68376901709185 5.85
      vertex 95 -60.675000000000004 7.715
      vertex 94.86621065297444 -60.68376901709185 7.715
    endloop
  endfacet
  facet normal -0.065403129230136 -0.9978589232386039 0
    outer loop
      vertex 95 -60.675000000000004 5.85
      vertex 95.13378934702556 -60.68376901709185 7.715
      vertex 95 -60.675000000000004 7.715
    endloop
  endfacet
  facet normal -0.19509032201612322 -0.9807852804032315 0
    outer loop
      vertex 95.13378934702556 -60.68376901709185 5.85
      vertex 95.26528952123009 -60.70992602805371 7.715
      vertex 95.13378934702556 -60.68376901709185 7.715
    endloop
  endfacet
  facet normal -0.3214394653031767 -0.9469301294951005 0
    outer loop
      vertex 95.26528952123009 -60.70992602805371 5.85
      vertex 95.39225051817422 -60.75302347917594 7.715
      vertex 95.26528952123009 -60.70992602805371 7.715
    endloop
  endfacet
  facet normal -0.4422886902189878 -0.896872741532695 0
    outer loop
      vertex 95.39225051817422 -60.75302347917594 5.85
      vertex 95.5125 -60.81232396112095 7.715
      vertex 95.39225051817422 -60.75302347917594 7.715
    endloop
  endfacet
  facet normal -0.5555702330196256 -0.8314696123025295 0
    outer loop
      vertex 95.5125 -60.81232396112095 5.85
      vertex 95.62398046473393 -60.886812826201485 7.715
      vertex 95.5125 -60.81232396112095 7.715
    endloop
  endfacet
  facet normal 0.7518398074790141 -0.659345815100027 0
    outer loop
      vertex 94.18681282620149 -61.07601953526606 5.85
      vertex 94.27521554928379 -60.97521554928379 7.715
      vertex 94.18681282620149 -61.07601953526606 7.715
    endloop
  endfacet
  facet normal 0.6593458151000308 -0.751839807479011 0
    outer loop
      vertex 94.27521554928379 -60.97521554928379 5.85
      vertex 94.37601953526607 -60.886812826201485 7.715
      vertex 94.27521554928379 -60.97521554928379 7.715
    endloop
  endfacet
  facet normal 0.5555702330196256 -0.8314696123025295 0
    outer loop
      vertex 94.37601953526607 -60.886812826201485 5.85
      vertex 94.4875 -60.81232396112095 7.715
      vertex 94.37601953526607 -60.886812826201485 7.715
    endloop
  endfacet
  facet normal 0.8314696123025216 -0.5555702330196379 0
    outer loop
      vertex 94.11232396112095 -61.1875 5.85
      vertex 94.18681282620149 -61.07601953526606 7.715
      vertex 94.11232396112095 -61.1875 7.715
    endloop
  endfacet
  facet normal 0.8968727415327054 -0.4422886902189668 0
    outer loop
      vertex 94.05302347917593 -61.30774948182579 5.85
      vertex 94.11232396112095 -61.1875 7.715
      vertex 94.05302347917593 -61.30774948182579 7.715
    endloop
  endfacet
  facet normal 0.9469301294950844 -0.32143946530322415 0
    outer loop
      vertex 94.0099260280537 -61.43471047876992 5.85
      vertex 94.05302347917593 -61.30774948182579 7.715
      vertex 94.0099260280537 -61.43471047876992 7.715
    endloop
  endfacet
  facet normal -0.6593458151000308 -0.751839807479011 0
    outer loop
      vertex 95.62398046473393 -60.886812826201485 5.85
      vertex 95.72478445071621 -60.97521554928379 7.715
      vertex 95.62398046473393 -60.886812826201485 7.715
    endloop
  endfacet
  facet normal -0.7518398074790141 -0.659345815100027 0
    outer loop
      vertex 95.72478445071621 -60.97521554928379 5.85
      vertex 95.81318717379851 -61.07601953526606 7.715
      vertex 95.72478445071621 -60.97521554928379 7.715
    endloop
  endfacet
  facet normal -0.8314696123025216 -0.5555702330196379 0
    outer loop
      vertex 95.81318717379851 -61.07601953526606 5.85
      vertex 95.88767603887905 -61.1875 7.715
      vertex 95.81318717379851 -61.07601953526606 7.715
    endloop
  endfacet
  facet normal -0.8968727415327054 -0.4422886902189668 0
    outer loop
      vertex 95.88767603887905 -61.1875 5.85
      vertex 95.94697652082407 -61.30774948182579 7.715
      vertex 95.88767603887905 -61.1875 7.715
    endloop
  endfacet
  facet normal -0.9469301294950844 -0.32143946530322415 0
    outer loop
      vertex 95.94697652082407 -61.30774948182579 5.85
      vertex 95.9900739719463 -61.43471047876992 7.715
      vertex 95.94697652082407 -61.30774948182579 7.715
    endloop
  endfacet
  facet normal -0.9807852804032395 -0.19509032201608234 0
    outer loop
      vertex 95.9900739719463 -61.43471047876992 5.85
      vertex 96.01623098290816 -61.56621065297445 7.715
      vertex 95.9900739719463 -61.43471047876992 7.715
    endloop
  endfacet
  facet normal -0.9978589232386004 -0.06540312923018876 0
    outer loop
      vertex 96.01623098290816 -61.56621065297445 5.85
      vertex 96.025 -61.7 7.715
      vertex 96.01623098290816 -61.56621065297445 7.715
    endloop
  endfacet
  facet normal -0.9978589232386004 0.06540312923018876 0
    outer loop
      vertex 96.025 -61.7 5.85
      vertex 96.01623098290816 -61.83378934702556 7.715
      vertex 96.025 -61.7 7.715
    endloop
  endfacet
  facet normal 0.5555702330196257 -0.8314696123025296 0
    outer loop
      vertex 94.4875 -60.81232396112095 8.315
      vertex 94.4875 -60.81232396112095 10.34
      vertex 94.37601953526607 -60.886812826201485 8.315
    endloop
  endfacet
  facet normal 0.44228869021898776 -0.896872741532695 0
    outer loop
      vertex 94.4875 -60.81232396112095 8.315
      vertex 94.60774948182578 -60.75302347917594 8.315
      vertex 94.60774948182578 -60.75302347917594 10.34
    endloop
  endfacet
  facet normal 0.3214394653031767 -0.9469301294951006 0
    outer loop
      vertex 94.73471047876991 -60.70992602805371 8.315
      vertex 94.73471047876991 -60.70992602805371 10.34
      vertex 94.60774948182578 -60.75302347917594 8.315
    endloop
  endfacet
  facet normal 0.19509032201612317 -0.9807852804032314 0
    outer loop
      vertex 94.73471047876991 -60.70992602805371 8.315
      vertex 94.86621065297444 -60.68376901709185 8.315
      vertex 94.86621065297444 -60.68376901709185 10.34
    endloop
  endfacet
  facet normal 0.065403129230136 -0.997858923238604 0
    outer loop
      vertex 94.86621065297444 -60.68376901709185 8.315
      vertex 95 -60.675000000000004 8.315
      vertex 95 -60.675000000000004 10.34
    endloop
  endfacet
  facet normal -0.065403129230136 -0.997858923238604 0
    outer loop
      vertex 95 -60.675000000000004 8.315
      vertex 95.13378934702556 -60.68376901709185 8.315
      vertex 95.13378934702556 -60.68376901709185 10.34
    endloop
  endfacet
  facet normal -0.19509032201612317 -0.9807852804032314 0
    outer loop
      vertex 95.13378934702556 -60.68376901709185 8.315
      vertex 95.26528952123009 -60.70992602805371 8.315
      vertex 95.26528952123009 -60.70992602805371 10.34
    endloop
  endfacet
  facet normal -0.3214394653031767 -0.9469301294951006 0
    outer loop
      vertex 95.26528952123009 -60.70992602805371 8.315
      vertex 95.39225051817422 -60.75302347917594 8.315
      vertex 95.39225051817422 -60.75302347917594 10.34
    endloop
  endfacet
  facet normal -0.44228869021898776 -0.896872741532695 0
    outer loop
      vertex 95.39225051817422 -60.75302347917594 8.315
      vertex 95.5125 -60.81232396112095 8.315
      vertex 95.5125 -60.81232396112095 10.34
    endloop
  endfacet
  facet normal 0.7518398074790141 -0.659345815100027 0
    outer loop
      vertex 94.18681282620149 -61.07601953526606 8.315
      vertex 94.27521554928379 -60.97521554928379 8.315
      vertex 94.27521554928379 -60.97521554928379 10.34
    endloop
  endfacet
  facet normal 0.6593458151000308 -0.7518398074790109 0
    outer loop
      vertex 94.37601953526607 -60.886812826201485 8.315
      vertex 94.37601953526607 -60.886812826201485 10.34
      vertex 94.27521554928379 -60.97521554928379 8.315
    endloop
  endfacet
  facet normal 0.8968727415327055 -0.4422886902189668 0
    outer loop
      vertex 94.11232396112095 -61.1875 8.315
      vertex 94.11232396112095 -61.1875 10.34
      vertex 94.05302347917593 -61.30774948182579 8.315
    endloop
  endfacet
  facet normal 0.8314696123025214 -0.5555702330196378 0
    outer loop
      vertex 94.18681282620149 -61.07601953526606 8.315
      vertex 94.18681282620149 -61.07601953526606 10.34
      vertex 94.11232396112095 -61.1875 8.315
    endloop
  endfacet
  facet normal 0.9469301294950844 -0.3214394653032242 0
    outer loop
      vertex 94.05302347917593 -61.30774948182579 8.315
      vertex 94.05302347917593 -61.30774948182579 10.34
      vertex 94.0099260280537 -61.43471047876992 8.315
    endloop
  endfacet
  facet normal 0.9807852804032396 -0.1950903220160824 0
    outer loop
      vertex 93.98376901709184 -61.56621065297445 8.315
      vertex 94.0099260280537 -61.43471047876992 8.315
      vertex 94.0099260280537 -61.43471047876992 10.34
    endloop
  endfacet
  facet normal -0.5555702330196257 -0.8314696123025296 0
    outer loop
      vertex 95.5125 -60.81232396112095 8.315
      vertex 95.62398046473393 -60.886812826201485 8.315
      vertex 95.62398046473393 -60.886812826201485 10.34
    endloop
  endfacet
  facet normal -0.6593458151000308 -0.7518398074790109 0
    outer loop
      vertex 95.62398046473393 -60.886812826201485 8.315
      vertex 95.72478445071621 -60.97521554928379 8.315
      vertex 95.72478445071621 -60.97521554928379 10.34
    endloop
  endfacet
  facet normal -0.7518398074790141 -0.659345815100027 0
    outer loop
      vertex 95.72478445071621 -60.97521554928379 8.315
      vertex 95.81318717379851 -61.07601953526606 8.315
      vertex 95.81318717379851 -61.07601953526606 10.34
    endloop
  endfacet
  facet normal -0.8314696123025214 -0.5555702330196378 0
    outer loop
      vertex 95.81318717379851 -61.07601953526606 8.315
      vertex 95.88767603887905 -61.1875 8.315
      vertex 95.88767603887905 -61.1875 10.34
    endloop
  endfacet
  facet normal -0.8968727415327055 -0.4422886902189668 0
    outer loop
      vertex 95.88767603887905 -61.1875 8.315
      vertex 95.94697652082407 -61.30774948182579 8.315
      vertex 95.94697652082407 -61.30774948182579 10.34
    endloop
  endfacet
  facet normal -0.9469301294950844 -0.3214394653032242 0
    outer loop
      vertex 95.94697652082407 -61.30774948182579 8.315
      vertex 95.9900739719463 -61.43471047876992 8.315
      vertex 95.9900739719463 -61.43471047876992 10.34
    endloop
  endfacet
  facet normal -0.9807852804032396 -0.1950903220160824 0
    outer loop
      vertex 95.9900739719463 -61.43471047876992 8.315
      vertex 96.01623098290816 -61.56621065297445 8.315
      vertex 96.01623098290816 -61.56621065297445 10.34
    endloop
  endfacet
  facet normal -0.9978589232386006 -0.06540312923018876 0
    outer loop
      vertex 96.01623098290816 -61.56621065297445 8.315
      vertex 96.025 -61.7 8.315
      vertex 96.025 -61.7 10.34
    endloop
  endfacet
  facet normal -0.9978589232386006 0.06540312923018876 0
    outer loop
      vertex 96.025 -61.7 8.315
      vertex 96.01623098290816 -61.83378934702556 8.315
      vertex 96.01623098290816 -61.83378934702556 10.34
    endloop
  endfacet
  facet normal 0.9807852804032395 0.19509032201608234 0
    outer loop
      vertex 94.0099260280537 -61.96528952123008 5.85
      vertex 93.98376901709184 -61.83378934702556 7.715
      vertex 94.0099260280537 -61.96528952123008 7.715
    endloop
  endfacet
  facet normal 0.9469301294950844 0.32143946530322415 0
    outer loop
      vertex 94.05302347917593 -62.09225051817422 5.85
      vertex 94.0099260280537 -61.96528952123008 7.715
      vertex 94.05302347917593 -62.09225051817422 7.715
    endloop
  endfacet
  facet normal 0.8968727415327054 0.4422886902189668 0
    outer loop
      vertex 94.11232396112095 -62.212500000000006 5.85
      vertex 94.05302347917593 -62.09225051817422 7.715
      vertex 94.11232396112095 -62.212500000000006 7.715
    endloop
  endfacet
  facet normal 0.8314696123025216 0.5555702330196379 0
    outer loop
      vertex 94.18681282620149 -62.32398046473394 5.85
      vertex 94.11232396112095 -62.212500000000006 7.715
      vertex 94.18681282620149 -62.32398046473394 7.715
    endloop
  endfacet
  facet normal 0.7518398074790141 0.659345815100027 0
    outer loop
      vertex 94.27521554928379 -62.42478445071622 5.85
      vertex 94.18681282620149 -62.32398046473394 7.715
      vertex 94.27521554928379 -62.42478445071622 7.715
    endloop
  endfacet
  facet normal 0.6593458151000308 0.751839807479011 0
    outer loop
      vertex 94.37601953526607 -62.51318717379852 5.85
      vertex 94.27521554928379 -62.42478445071622 7.715
      vertex 94.37601953526607 -62.51318717379852 7.715
    endloop
  endfacet
  facet normal 0.5555702330196256 0.8314696123025295 0
    outer loop
      vertex 94.4875 -62.58767603887905 5.85
      vertex 94.37601953526607 -62.51318717379852 7.715
      vertex 94.4875 -62.58767603887905 7.715
    endloop
  endfacet
  facet normal 0.4422886902189878 0.896872741532695 0
    outer loop
      vertex 94.60774948182578 -62.64697652082407 5.85
      vertex 94.4875 -62.58767603887905 7.715
      vertex 94.60774948182578 -62.64697652082407 7.715
    endloop
  endfacet
  facet normal 0.3214394653031767 0.9469301294951005 0
    outer loop
      vertex 94.73471047876991 -62.6900739719463 5.85
      vertex 94.60774948182578 -62.64697652082407 7.715
      vertex 94.73471047876991 -62.6900739719463 7.715
    endloop
  endfacet
  facet normal 0.19509032201612322 0.9807852804032315 0
    outer loop
      vertex 94.86621065297444 -62.71623098290816 5.85
      vertex 94.73471047876991 -62.6900739719463 7.715
      vertex 94.86621065297444 -62.71623098290816 7.715
    endloop
  endfacet
  facet normal 0.065403129230136 0.9978589232386039 0
    outer loop
      vertex 95 -62.725 5.85
      vertex 94.86621065297444 -62.71623098290816 7.715
      vertex 95 -62.725 7.715
    endloop
  endfacet
  facet normal -0.9469301294950844 0.32143946530322415 0
    outer loop
      vertex 95.9900739719463 -61.96528952123008 5.85
      vertex 95.94697652082407 -62.09225051817422 7.715
      vertex 95.9900739719463 -61.96528952123008 7.715
    endloop
  endfacet
  facet normal -0.8968727415327054 0.4422886902189668 0
    outer loop
      vertex 95.94697652082407 -62.09225051817422 5.85
      vertex 95.88767603887905 -62.212500000000006 7.715
      vertex 95.94697652082407 -62.09225051817422 7.715
    endloop
  endfacet
  facet normal -0.8314696123025216 0.5555702330196379 0
    outer loop
      vertex 95.88767603887905 -62.212500000000006 5.85
      vertex 95.81318717379851 -62.32398046473394 7.715
      vertex 95.88767603887905 -62.212500000000006 7.715
    endloop
  endfacet
  facet normal -0.7518398074790141 0.659345815100027 0
    outer loop
      vertex 95.81318717379851 -62.32398046473394 5.85
      vertex 95.72478445071621 -62.42478445071622 7.715
      vertex 95.81318717379851 -62.32398046473394 7.715
    endloop
  endfacet
  facet normal -0.4422886902189878 0.896872741532695 0
    outer loop
      vertex 95.5125 -62.58767603887905 5.85
      vertex 95.39225051817422 -62.64697652082407 7.715
      vertex 95.5125 -62.58767603887905 7.715
    endloop
  endfacet
  facet normal -0.065403129230136 0.9978589232386039 0
    outer loop
      vertex 95.13378934702556 -62.71623098290816 5.85
      vertex 95 -62.725 7.715
      vertex 95.13378934702556 -62.71623098290816 7.715
    endloop
  endfacet
  facet normal -0.19509032201612322 0.9807852804032315 0
    outer loop
      vertex 95.26528952123009 -62.6900739719463 5.85
      vertex 95.13378934702556 -62.71623098290816 7.715
      vertex 95.26528952123009 -62.6900739719463 7.715
    endloop
  endfacet
  facet normal -0.3214394653031767 0.9469301294951005 0
    outer loop
      vertex 95.39225051817422 -62.64697652082407 5.85
      vertex 95.26528952123009 -62.6900739719463 7.715
      vertex 95.39225051817422 -62.64697652082407 7.715
    endloop
  endfacet
  facet normal -0.6593458151000308 0.751839807479011 0
    outer loop
      vertex 95.72478445071621 -62.42478445071622 5.85
      vertex 95.62398046473393 -62.51318717379852 7.715
      vertex 95.72478445071621 -62.42478445071622 7.715
    endloop
  endfacet
  facet normal -0.5555702330196256 0.8314696123025295 0
    outer loop
      vertex 95.62398046473393 -62.51318717379852 5.85
      vertex 95.5125 -62.58767603887905 7.715
      vertex 95.62398046473393 -62.51318717379852 7.715
    endloop
  endfacet
  facet normal -0.9807852804032395 0.19509032201608234 0
    outer loop
      vertex 96.01623098290816 -61.83378934702556 5.85
      vertex 95.9900739719463 -61.96528952123008 7.715
      vertex 96.01623098290816 -61.83378934702556 7.715
    endloop
  endfacet
  facet normal 0.9469301294950844 0.3214394653032242 0
    outer loop
      vertex 94.0099260280537 -61.96528952123008 8.315
      vertex 94.0099260280537 -61.96528952123008 10.34
      vertex 94.05302347917593 -62.09225051817422 8.315
    endloop
  endfacet
  facet normal 0.8968727415327055 0.4422886902189668 0
    outer loop
      vertex 94.05302347917593 -62.09225051817422 8.315
      vertex 94.05302347917593 -62.09225051817422 10.34
      vertex 94.11232396112095 -62.212500000000006 8.315
    endloop
  endfacet
  facet normal 0.8314696123025214 0.5555702330196378 0
    outer loop
      vertex 94.11232396112095 -62.212500000000006 8.315
      vertex 94.11232396112095 -62.212500000000006 10.34
      vertex 94.18681282620149 -62.32398046473394 8.315
    endloop
  endfacet
  facet normal 0.7518398074790141 0.659345815100027 0
    outer loop
      vertex 94.18681282620149 -62.32398046473394 8.315
      vertex 94.18681282620149 -62.32398046473394 10.34
      vertex 94.27521554928379 -62.42478445071622 8.315
    endloop
  endfacet
  facet normal 0.6593458151000308 0.7518398074790109 0
    outer loop
      vertex 94.27521554928379 -62.42478445071622 8.315
      vertex 94.27521554928379 -62.42478445071622 10.34
      vertex 94.37601953526607 -62.51318717379852 8.315
    endloop
  endfacet
  facet normal 0.5555702330196257 0.8314696123025296 0
    outer loop
      vertex 94.37601953526607 -62.51318717379852 8.315
      vertex 94.37601953526607 -62.51318717379852 10.34
      vertex 94.4875 -62.58767603887905 8.315
    endloop
  endfacet
  facet normal 0.44228869021898776 0.896872741532695 0
    outer loop
      vertex 94.4875 -62.58767603887905 8.315
      vertex 94.4875 -62.58767603887905 10.34
      vertex 94.60774948182578 -62.64697652082407 8.315
    endloop
  endfacet
  facet normal 0.3214394653031767 0.9469301294951006 0
    outer loop
      vertex 94.60774948182578 -62.64697652082407 8.315
      vertex 94.60774948182578 -62.64697652082407 10.34
      vertex 94.73471047876991 -62.6900739719463 8.315
    endloop
  endfacet
  facet normal 0.19509032201612317 0.9807852804032314 0
    outer loop
      vertex 94.73471047876991 -62.6900739719463 8.315
      vertex 94.73471047876991 -62.6900739719463 10.34
      vertex 94.86621065297444 -62.71623098290816 8.315
    endloop
  endfacet
  facet normal 0.065403129230136 0.997858923238604 0
    outer loop
      vertex 94.86621065297444 -62.71623098290816 8.315
      vertex 94.86621065297444 -62.71623098290816 10.34
      vertex 95 -62.725 8.315
    endloop
  endfacet
  facet normal -0.9807852804032396 0.1950903220160824 0
    outer loop
      vertex 96.01623098290816 -61.83378934702556 8.315
      vertex 95.9900739719463 -61.96528952123008 8.315
      vertex 95.9900739719463 -61.96528952123008 10.34
    endloop
  endfacet
  facet normal -0.9469301294950844 0.3214394653032242 0
    outer loop
      vertex 95.9900739719463 -61.96528952123008 8.315
      vertex 95.94697652082407 -62.09225051817422 8.315
      vertex 95.94697652082407 -62.09225051817422 10.34
    endloop
  endfacet
  facet normal -0.8968727415327055 0.4422886902189668 0
    outer loop
      vertex 95.94697652082407 -62.09225051817422 8.315
      vertex 95.88767603887905 -62.212500000000006 8.315
      vertex 95.88767603887905 -62.212500000000006 10.34
    endloop
  endfacet
  facet normal -0.8314696123025214 0.5555702330196378 0
    outer loop
      vertex 95.88767603887905 -62.212500000000006 8.315
      vertex 95.81318717379851 -62.32398046473394 8.315
      vertex 95.81318717379851 -62.32398046473394 10.34
    endloop
  endfacet
  facet normal -0.44228869021898776 0.896872741532695 0
    outer loop
      vertex 95.39225051817422 -62.64697652082407 8.315
      vertex 95.39225051817422 -62.64697652082407 10.34
      vertex 95.5125 -62.58767603887905 8.315
    endloop
  endfacet
  facet normal -0.065403129230136 0.997858923238604 0
    outer loop
      vertex 95 -62.725 8.315
      vertex 95 -62.725 10.34
      vertex 95.13378934702556 -62.71623098290816 8.315
    endloop
  endfacet
  facet normal -0.19509032201612317 0.9807852804032314 0
    outer loop
      vertex 95.13378934702556 -62.71623098290816 8.315
      vertex 95.13378934702556 -62.71623098290816 10.34
      vertex 95.26528952123009 -62.6900739719463 8.315
    endloop
  endfacet
  facet normal -0.3214394653031767 0.9469301294951006 0
    outer loop
      vertex 95.39225051817422 -62.64697652082407 8.315
      vertex 95.26528952123009 -62.6900739719463 8.315
      vertex 95.26528952123009 -62.6900739719463 10.34
    endloop
  endfacet
  facet normal -0.6593458151000308 0.7518398074790109 0
    outer loop
      vertex 95.62398046473393 -62.51318717379852 8.315
      vertex 95.62398046473393 -62.51318717379852 10.34
      vertex 95.72478445071621 -62.42478445071622 8.315
    endloop
  endfacet
  facet normal -0.5555702330196257 0.8314696123025296 0
    outer loop
      vertex 95.62398046473393 -62.51318717379852 8.315
      vertex 95.5125 -62.58767603887905 8.315
      vertex 95.5125 -62.58767603887905 10.34
    endloop
  endfacet
  facet normal -0.7518398074790141 0.659345815100027 0
    outer loop
      vertex 95.81318717379851 -62.32398046473394 8.315
      vertex 95.72478445071621 -62.42478445071622 8.315
      vertex 95.72478445071621 -62.42478445071622 10.34
    endloop
  endfacet
  facet normal 0.9807852804032396 -0.1950903220160824 0
    outer loop
      vertex 93.98376901709184 -61.56621065297445 8.315
      vertex 94.0099260280537 -61.43471047876992 10.34
      vertex 93.98376901709184 -61.56621065297445 10.34
    endloop
  endfacet
  facet normal 0.9978589232386006 -0.06540312923018876 0
    outer loop
      vertex 93.975 -61.7 8.315
      vertex 93.98376901709184 -61.56621065297445 10.34
      vertex 93.975 -61.7 10.34
    endloop
  endfacet
  facet normal 0.9978589232386006 0.06540312923018876 0
    outer loop
      vertex 93.98376901709184 -61.83378934702556 8.315
      vertex 93.975 -61.7 10.34
      vertex 93.98376901709184 -61.83378934702556 10.34
    endloop
  endfacet
  facet normal 0 0 -1
    outer loop
      vertex 93.98376901709184 -61.56621065297445 10.34
      vertex 94.0099260280537 -61.43471047876992 10.34
      vertex 93.98376901709184 -61.83378934702556 10.34
    endloop
  endfacet
  facet normal 0 0 -1
    outer loop
      vertex 93.98376901709184 -61.56621065297445 10.34
      vertex 93.98376901709184 -61.83378934702556 10.34
      vertex 93.975 -61.7 10.34
    endloop
  endfacet
  facet normal 0.44228869021898776 -0.896872741532695 0
    outer loop
      vertex 94.4875 -60.81232396112095 8.315
      vertex 94.60774948182578 -60.75302347917594 10.34
      vertex 94.4875 -60.81232396112095 10.34
    endloop
  endfacet
  facet normal 0.3214394653031767 -0.9469301294951006 0
    outer loop
      vertex 94.60774948182578 -60.75302347917594 8.315
      vertex 94.73471047876991 -60.70992602805371 10.34
      vertex 94.60774948182578 -60.75302347917594 10.34
    endloop
  endfacet
  facet normal 0.19509032201612317 -0.9807852804032314 0
    outer loop
      vertex 94.73471047876991 -60.70992602805371 8.315
      vertex 94.86621065297444 -60.68376901709185 10.34
      vertex 94.73471047876991 -60.70992602805371 10.34
    endloop
  endfacet
  facet normal 0.065403129230136 -0.997858923238604 0
    outer loop
      vertex 94.86621065297444 -60.68376901709185 8.315
      vertex 95 -60.675000000000004 10.34
      vertex 94.86621065297444 -60.68376901709185 10.34
    endloop
  endfacet
  facet normal -0.065403129230136 -0.997858923238604 0
    outer loop
      vertex 95 -60.675000000000004 8.315
      vertex 95.13378934702556 -60.68376901709185 10.34
      vertex 95 -60.675000000000004 10.34
    endloop
  endfacet
  facet normal -0.19509032201612317 -0.9807852804032314 0
    outer loop
      vertex 95.13378934702556 -60.68376901709185 8.315
      vertex 95.26528952123009 -60.70992602805371 10.34
      vertex 95.13378934702556 -60.68376901709185 10.34
    endloop
  endfacet
  facet normal -0.3214394653031767 -0.9469301294951006 0
    outer loop
      vertex 95.26528952123009 -60.70992602805371 8.315
      vertex 95.39225051817422 -60.75302347917594 10.34
      vertex 95.26528952123009 -60.70992602805371 10.34
    endloop
  endfacet
  facet normal -0.44228869021898776 -0.896872741532695 0
    outer loop
      vertex 95.39225051817422 -60.75302347917594 8.315
      vertex 95.5125 -60.81232396112095 10.34
      vertex 95.39225051817422 -60.75302347917594 10.34
    endloop
  endfacet
  facet normal -0.5555702330196257 -0.8314696123025296 0
    outer loop
      vertex 95.5125 -60.81232396112095 8.315
      vertex 95.62398046473393 -60.886812826201485 10.34
      vertex 95.5125 -60.81232396112095 10.34
    endloop
  endfacet
  facet normal 0.7518398074790141 -0.659345815100027 0
    outer loop
      vertex 94.18681282620149 -61.07601953526606 8.315
      vertex 94.27521554928379 -60.97521554928379 10.34
      vertex 94.18681282620149 -61.07601953526606 10.34
    endloop
  endfacet
  facet normal 0.6593458151000308 -0.7518398074790109 0
    outer loop
      vertex 94.27521554928379 -60.97521554928379 8.315
      vertex 94.37601953526607 -60.886812826201485 10.34
      vertex 94.27521554928379 -60.97521554928379 10.34
    endloop
  endfacet
  facet normal 0.5555702330196257 -0.8314696123025296 0
    outer loop
      vertex 94.37601953526607 -60.886812826201485 8.315
      vertex 94.4875 -60.81232396112095 10.34
      vertex 94.37601953526607 -60.886812826201485 10.34
    endloop
  endfacet
  facet normal 0.8314696123025214 -0.5555702330196378 0
    outer loop
      vertex 94.11232396112095 -61.1875 8.315
      vertex 94.18681282620149 -61.07601953526606 10.34
      vertex 94.11232396112095 -61.1875 10.34
    endloop
  endfacet
  facet normal 0.8968727415327055 -0.4422886902189668 0
    outer loop
      vertex 94.05302347917593 -61.30774948182579 8.315
      vertex 94.11232396112095 -61.1875 10.34
      vertex 94.05302347917593 -61.30774948182579 10.34
    endloop
  endfacet
  facet normal 0.9469301294950844 -0.3214394653032242 0
    outer loop
      vertex 94.0099260280537 -61.43471047876992 8.315
      vertex 94.05302347917593 -61.30774948182579 10.34
      vertex 94.0099260280537 -61.43471047876992 10.34
    endloop
  endfacet
  facet normal -0.6593458151000308 -0.7518398074790109 0
    outer loop
      vertex 95.62398046473393 -60.886812826201485 8.315
      vertex 95.72478445071621 -60.97521554928379 10.34
      vertex 95.62398046473393 -60.886812826201485 10.34
    endloop
  endfacet
  facet normal -0.7518398074790141 -0.659345815100027 0
    outer loop
      vertex 95.72478445071621 -60.97521554928379 8.315
      vertex 95.81318717379851 -61.07601953526606 10.34
      vertex 95.72478445071621 -60.97521554928379 10.34
    endloop
  endfacet
  facet normal -0.8314696123025214 -0.5555702330196378 0
    outer loop
      vertex 95.81318717379851 -61.07601953526606 8.315
      vertex 95.88767603887905 -61.1875 10.34
      vertex 95.81318717379851 -61.07601953526606 10.34
    endloop
  endfacet
  facet normal -0.8968727415327055 -0.4422886902189668 0
    outer loop
      vertex 95.88767603887905 -61.1875 8.315
      vertex 95.94697652082407 -61.30774948182579 10.34
      vertex 95.88767603887905 -61.1875 10.34
    endloop
  endfacet
  facet normal -0.9469301294950844 -0.3214394653032242 0
    outer loop
      vertex 95.94697652082407 -61.30774948182579 8.315
      vertex 95.9900739719463 -61.43471047876992 10.34
      vertex 95.94697652082407 -61.30774948182579 10.34
    endloop
  endfacet
  facet normal -0.9807852804032396 -0.1950903220160824 0
    outer loop
      vertex 95.9900739719463 -61.43471047876992 8.315
      vertex 96.01623098290816 -61.56621065297445 10.34
      vertex 95.9900739719463 -61.43471047876992 10.34
    endloop
  endfacet
  facet normal -0.9978589232386006 -0.06540312923018876 0
    outer loop
      vertex 96.01623098290816 -61.56621065297445 8.315
      vertex 96.025 -61.7 10.34
      vertex 96.01623098290816 -61.56621065297445 10.34
    endloop
  endfacet
  facet normal -0.9978589232386006 0.06540312923018876 0
    outer loop
      vertex 96.025 -61.7 8.315
      vertex 96.01623098290816 -61.83378934702556 10.34
      vertex 96.025 -61.7 10.34
    endloop
  endfacet
  facet normal 0 0 -1
    outer loop
      vertex 94.86621065297444 -60.68376901709185 10.34
      vertex 95 -60.675000000000004 10.34
      vertex 94.86621065297444 -62.71623098290816 10.34
    endloop
  endfacet
  facet normal 0 0 -1
    outer loop
      vertex 94.18681282620149 -61.07601953526606 10.34
      vertex 94.27521554928379 -60.97521554928379 10.34
      vertex 94.18681282620149 -62.32398046473394 10.34
    endloop
  endfacet
  facet normal 0 0 -1
    outer loop
      vertex 94.11232396112095 -61.1875 10.34
      vertex 94.05302347917593 -62.09225051817422 10.34
      vertex 94.05302347917593 -61.30774948182579 10.34
    endloop
  endfacet
  facet normal 0 0 -1
    outer loop
      vertex 94.05302347917593 -61.30774948182579 10.34
      vertex 94.0099260280537 -61.96528952123008 10.34
      vertex 94.0099260280537 -61.43471047876992 10.34
    endloop
  endfacet
  facet normal 0 0 -1
    outer loop
      vertex 94.18681282620149 -61.07601953526606 10.34
      vertex 94.11232396112095 -62.212500000000006 10.34
      vertex 94.11232396112095 -61.1875 10.34
    endloop
  endfacet
  facet normal 0 0 -1
    outer loop
      vertex 94.37601953526607 -60.886812826201485 10.34
      vertex 94.27521554928379 -62.42478445071622 10.34
      vertex 94.27521554928379 -60.97521554928379 10.34
    endloop
  endfacet
  facet normal 0 0 -1
    outer loop
      vertex 94.4875 -60.81232396112095 10.34
      vertex 94.37601953526607 -62.51318717379852 10.34
      vertex 94.37601953526607 -60.886812826201485 10.34
    endloop
  endfacet
  facet normal 0 0 -1
    outer loop
      vertex 93.98376901709184 -61.83378934702556 10.34
      vertex 94.0099260280537 -61.43471047876992 10.34
      vertex 94.0099260280537 -61.96528952123008 10.34
    endloop
  endfacet
  facet normal 0 0 -1
    outer loop
      vertex 94.05302347917593 -61.30774948182579 10.34
      vertex 94.05302347917593 -62.09225051817422 10.34
      vertex 94.0099260280537 -61.96528952123008 10.34
    endloop
  endfacet
  facet normal 0 0 -1
    outer loop
      vertex 94.11232396112095 -61.1875 10.34
      vertex 94.11232396112095 -62.212500000000006 10.34
      vertex 94.05302347917593 -62.09225051817422 10.34
    endloop
  endfacet
  facet normal 0 0 -1
    outer loop
      vertex 94.18681282620149 -61.07601953526606 10.34
      vertex 94.18681282620149 -62.32398046473394 10.34
      vertex 94.11232396112095 -62.212500000000006 10.34
    endloop
  endfacet
  facet normal 0 0 -1
    outer loop
      vertex 94.4875 -60.81232396112095 10.34
      vertex 94.60774948182578 -60.75302347917594 10.34
      vertex 94.4875 -62.58767603887905 10.34
    endloop
  endfacet
  facet normal 0 0 -1
    outer loop
      vertex 94.73471047876991 -60.70992602805371 10.34
      vertex 94.60774948182578 -62.64697652082407 10.34
      vertex 94.60774948182578 -60.75302347917594 10.34
    endloop
  endfacet
  facet normal 0 0 -1
    outer loop
      vertex 94.73471047876991 -60.70992602805371 10.34
      vertex 94.86621065297444 -60.68376901709185 10.34
      vertex 94.73471047876991 -62.6900739719463 10.34
    endloop
  endfacet
  facet normal 0 0 -1
    outer loop
      vertex 95 -60.675000000000004 10.34
      vertex 95.13378934702556 -60.68376901709185 10.34
      vertex 95 -62.725 10.34
    endloop
  endfacet
  facet normal 0 0 -1
    outer loop
      vertex 95.13378934702556 -60.68376901709185 10.34
      vertex 95.26528952123009 -60.70992602805371 10.34
      vertex 95.13378934702556 -62.71623098290816 10.34
    endloop
  endfacet
  facet normal 0 0 -1
    outer loop
      vertex 95.26528952123009 -60.70992602805371 10.34
      vertex 95.39225051817422 -60.75302347917594 10.34
      vertex 95.26528952123009 -62.6900739719463 10.34
    endloop
  endfacet
  facet normal 0 0 -1
    outer loop
      vertex 95.39225051817422 -60.75302347917594 10.34
      vertex 95.5125 -60.81232396112095 10.34
      vertex 95.39225051817422 -62.64697652082407 10.34
    endloop
  endfacet
  facet normal 0 0 -1
    outer loop
      vertex 95.5125 -60.81232396112095 10.34
      vertex 95.62398046473393 -60.886812826201485 10.34
      vertex 95.5125 -62.58767603887905 10.34
    endloop
  endfacet
  facet normal 0 0 -1
    outer loop
      vertex 95.62398046473393 -60.886812826201485 10.34
      vertex 95.72478445071621 -60.97521554928379 10.34
      vertex 95.62398046473393 -62.51318717379852 10.34
    endloop
  endfacet
  facet normal 0 0 -1
    outer loop
      vertex 95.72478445071621 -60.97521554928379 10.34
      vertex 95.81318717379851 -61.07601953526606 10.34
      vertex 95.72478445071621 -62.42478445071622 10.34
    endloop
  endfacet
  facet normal 0 0 -1
    outer loop
      vertex 95.81318717379851 -61.07601953526606 10.34
      vertex 95.88767603887905 -61.1875 10.34
      vertex 95.81318717379851 -62.32398046473394 10.34
    endloop
  endfacet
  facet normal 0 0 -1
    outer loop
      vertex 95.88767603887905 -61.1875 10.34
      vertex 95.94697652082407 -61.30774948182579 10.34
      vertex 95.88767603887905 -62.212500000000006 10.34
    endloop
  endfacet
  facet normal 0 0 -1
    outer loop
      vertex 95.94697652082407 -61.30774948182579 10.34
      vertex 95.9900739719463 -61.43471047876992 10.34
      vertex 95.94697652082407 -62.09225051817422 10.34
    endloop
  endfacet
  facet normal 0 0 -1
    outer loop
      vertex 95.9900739719463 -61.43471047876992 10.34
      vertex 96.01623098290816 -61.56621065297445 10.34
      vertex 95.9900739719463 -61.96528952123008 10.34
    endloop
  endfacet
  facet normal 0 0 -1
    outer loop
      vertex 95.94697652082407 -61.30774948182579 10.34
      vertex 95.94697652082407 -62.09225051817422 10.34
      vertex 95.88767603887905 -62.212500000000006 10.34
    endloop
  endfacet
  facet normal 0 0 -1
    outer loop
      vertex 95.9900739719463 -61.43471047876992 10.34
      vertex 95.9900739719463 -61.96528952123008 10.34
      vertex 95.94697652082407 -62.09225051817422 10.34
    endloop
  endfacet
  facet normal 0 0 -1
    outer loop
      vertex 96.01623098290816 -61.56621065297445 10.34
      vertex 96.025 -61.7 10.34
      vertex 96.01623098290816 -61.83378934702556 10.34
    endloop
  endfacet
  facet normal 0 0 -1
    outer loop
      vertex 96.01623098290816 -61.56621065297445 10.34
      vertex 96.01623098290816 -61.83378934702556 10.34
      vertex 95.9900739719463 -61.96528952123008 10.34
    endloop
  endfacet
  facet normal 0.9807852804032396 0.1950903220160824 0
    outer loop
      vertex 94.0099260280537 -61.96528952123008 8.315
      vertex 93.98376901709184 -61.83378934702556 10.34
      vertex 94.0099260280537 -61.96528952123008 10.34
    endloop
  endfacet
  facet normal 0.9469301294950844 0.3214394653032242 0
    outer loop
      vertex 94.05302347917593 -62.09225051817422 8.315
      vertex 94.0099260280537 -61.96528952123008 10.34
      vertex 94.05302347917593 -62.09225051817422 10.34
    endloop
  endfacet
  facet normal 0.8968727415327055 0.4422886902189668 0
    outer loop
      vertex 94.11232396112095 -62.212500000000006 8.315
      vertex 94.05302347917593 -62.09225051817422 10.34
      vertex 94.11232396112095 -62.212500000000006 10.34
    endloop
  endfacet
  facet normal 0.8314696123025214 0.5555702330196378 0
    outer loop
      vertex 94.18681282620149 -62.32398046473394 8.315
      vertex 94.11232396112095 -62.212500000000006 10.34
      vertex 94.18681282620149 -62.32398046473394 10.34
    endloop
  endfacet
  facet normal 0.7518398074790141 0.659345815100027 0
    outer loop
      vertex 94.27521554928379 -62.42478445071622 8.315
      vertex 94.18681282620149 -62.32398046473394 10.34
      vertex 94.27521554928379 -62.42478445071622 10.34
    endloop
  endfacet
  facet normal 0.6593458151000308 0.7518398074790109 0
    outer loop
      vertex 94.37601953526607 -62.51318717379852 8.315
      vertex 94.27521554928379 -62.42478445071622 10.34
      vertex 94.37601953526607 -62.51318717379852 10.34
    endloop
  endfacet
  facet normal 0.5555702330196257 0.8314696123025296 0
    outer loop
      vertex 94.4875 -62.58767603887905 8.315
      vertex 94.37601953526607 -62.51318717379852 10.34
      vertex 94.4875 -62.58767603887905 10.34
    endloop
  endfacet
  facet normal 0.44228869021898776 0.896872741532695 0
    outer loop
      vertex 94.60774948182578 -62.64697652082407 8.315
      vertex 94.4875 -62.58767603887905 10.34
      vertex 94.60774948182578 -62.64697652082407 10.34
    endloop
  endfacet
  facet normal 0.3214394653031767 0.9469301294951006 0
    outer loop
      vertex 94.73471047876991 -62.6900739719463 8.315
      vertex 94.60774948182578 -62.64697652082407 10.34
      vertex 94.73471047876991 -62.6900739719463 10.34
    endloop
  endfacet
  facet normal 0.19509032201612317 0.9807852804032314 0
    outer loop
      vertex 94.86621065297444 -62.71623098290816 8.315
      vertex 94.73471047876991 -62.6900739719463 10.34
      vertex 94.86621065297444 -62.71623098290816 10.34
    endloop
  endfacet
  facet normal 0.065403129230136 0.997858923238604 0
    outer loop
      vertex 95 -62.725 8.315
      vertex 94.86621065297444 -62.71623098290816 10.34
      vertex 95 -62.725 10.34
    endloop
  endfacet
  facet normal -0.9469301294950844 0.3214394653032242 0
    outer loop
      vertex 95.9900739719463 -61.96528952123008 8.315
      vertex 95.94697652082407 -62.09225051817422 10.34
      vertex 95.9900739719463 -61.96528952123008 10.34
    endloop
  endfacet
  facet normal -0.8968727415327055 0.4422886902189668 0
    outer loop
      vertex 95.94697652082407 -62.09225051817422 8.315
      vertex 95.88767603887905 -62.212500000000006 10.34
      vertex 95.94697652082407 -62.09225051817422 10.34
    endloop
  endfacet
  facet normal -0.8314696123025214 0.5555702330196378 0
    outer loop
      vertex 95.88767603887905 -62.212500000000006 8.315
      vertex 95.81318717379851 -62.32398046473394 10.34
      vertex 95.88767603887905 -62.212500000000006 10.34
    endloop
  endfacet
  facet normal -0.7518398074790141 0.659345815100027 0
    outer loop
      vertex 95.81318717379851 -62.32398046473394 8.315
      vertex 95.72478445071621 -62.42478445071622 10.34
      vertex 95.81318717379851 -62.32398046473394 10.34
    endloop
  endfacet
  facet normal -0.44228869021898776 0.896872741532695 0
    outer loop
      vertex 95.5125 -62.58767603887905 8.315
      vertex 95.39225051817422 -62.64697652082407 10.34
      vertex 95.5125 -62.58767603887905 10.34
    endloop
  endfacet
  facet normal -0.065403129230136 0.997858923238604 0
    outer loop
      vertex 95.13378934702556 -62.71623098290816 8.315
      vertex 95 -62.725 10.34
      vertex 95.13378934702556 -62.71623098290816 10.34
    endloop
  endfacet
  facet normal -0.19509032201612317 0.9807852804032314 0
    outer loop
      vertex 95.26528952123009 -62.6900739719463 8.315
      vertex 95.13378934702556 -62.71623098290816 10.34
      vertex 95.26528952123009 -62.6900739719463 10.34
    endloop
  endfacet
  facet normal -0.3214394653031767 0.9469301294951006 0
    outer loop
      vertex 95.39225051817422 -62.64697652082407 8.315
      vertex 95.26528952123009 -62.6900739719463 10.34
      vertex 95.39225051817422 -62.64697652082407 10.34
    endloop
  endfacet
  facet normal -0.6593458151000308 0.7518398074790109 0
    outer loop
      vertex 95.72478445071621 -62.42478445071622 8.315
      vertex 95.62398046473393 -62.51318717379852 10.34
      vertex 95.72478445071621 -62.42478445071622 10.34
    endloop
  endfacet
  facet normal -0.5555702330196257 0.8314696123025296 0
    outer loop
      vertex 95.62398046473393 -62.51318717379852 8.315
      vertex 95.5125 -62.58767603887905 10.34
      vertex 95.62398046473393 -62.51318717379852 10.34
    endloop
  endfacet
  facet normal -0.9807852804032396 0.1950903220160824 0
    outer loop
      vertex 96.01623098290816 -61.83378934702556 8.315
      vertex 95.9900739719463 -61.96528952123008 10.34
      vertex 96.01623098290816 -61.83378934702556 10.34
    endloop
  endfacet
  facet normal 0 0 -1
    outer loop
      vertex 94.27521554928379 -60.97521554928379 10.34
      vertex 94.27521554928379 -62.42478445071622 10.34
      vertex 94.18681282620149 -62.32398046473394 10.34
    endloop
  endfacet
  facet normal 0 0 -1
    outer loop
      vertex 94.37601953526607 -60.886812826201485 10.34
      vertex 94.37601953526607 -62.51318717379852 10.34
      vertex 94.27521554928379 -62.42478445071622 10.34
    endloop
  endfacet
  facet normal 0 0 -1
    outer loop
      vertex 94.4875 -60.81232396112095 10.34
      vertex 94.4875 -62.58767603887905 10.34
      vertex 94.37601953526607 -62.51318717379852 10.34
    endloop
  endfacet
  facet normal 0 0 -1
    outer loop
      vertex 94.60774948182578 -60.75302347917594 10.34
      vertex 94.60774948182578 -62.64697652082407 10.34
      vertex 94.4875 -62.58767603887905 10.34
    endloop
  endfacet
  facet normal 0 0 -1
    outer loop
      vertex 94.73471047876991 -60.70992602805371 10.34
      vertex 94.73471047876991 -62.6900739719463 10.34
      vertex 94.60774948182578 -62.64697652082407 10.34
    endloop
  endfacet
  facet normal 0 0 -1
    outer loop
      vertex 94.86621065297444 -60.68376901709185 10.34
      vertex 94.86621065297444 -62.71623098290816 10.34
      vertex 94.73471047876991 -62.6900739719463 10.34
    endloop
  endfacet
  facet normal 0 0 -1
    outer loop
      vertex 95 -60.675000000000004 10.34
      vertex 95 -62.725 10.34
      vertex 94.86621065297444 -62.71623098290816 10.34
    endloop
  endfacet
  facet normal 0 0 -1
    outer loop
      vertex 95.13378934702556 -60.68376901709185 10.34
      vertex 95.13378934702556 -62.71623098290816 10.34
      vertex 95 -62.725 10.34
    endloop
  endfacet
  facet normal 0 0 -1
    outer loop
      vertex 95.26528952123009 -60.70992602805371 10.34
      vertex 95.26528952123009 -62.6900739719463 10.34
      vertex 95.13378934702556 -62.71623098290816 10.34
    endloop
  endfacet
  facet normal 0 0 -1
    outer loop
      vertex 95.39225051817422 -60.75302347917594 10.34
      vertex 95.39225051817422 -62.64697652082407 10.34
      vertex 95.26528952123009 -62.6900739719463 10.34
    endloop
  endfacet
  facet normal 0 0 -1
    outer loop
      vertex 95.5125 -60.81232396112095 10.34
      vertex 95.5125 -62.58767603887905 10.34
      vertex 95.39225051817422 -62.64697652082407 10.34
    endloop
  endfacet
  facet normal 0 0 -1
    outer loop
      vertex 95.62398046473393 -60.886812826201485 10.34
      vertex 95.62398046473393 -62.51318717379852 10.34
      vertex 95.5125 -62.58767603887905 10.34
    endloop
  endfacet
  facet normal 0 0 -1
    outer loop
      vertex 95.72478445071621 -60.97521554928379 10.34
      vertex 95.72478445071621 -62.42478445071622 10.34
      vertex 95.62398046473393 -62.51318717379852 10.34
    endloop
  endfacet
  facet normal 0 0 -1
    outer loop
      vertex 95.88767603887905 -61.1875 10.34
      vertex 95.88767603887905 -62.212500000000006 10.34
      vertex 95.81318717379851 -62.32398046473394 10.34
    endloop
  endfacet
  facet normal 0 0 -1
    outer loop
      vertex 95.81318717379851 -61.07601953526606 10.34
      vertex 95.81318717379851 -62.32398046473394 10.34
      vertex 95.72478445071621 -62.42478445071622 10.34
    endloop
  endfacet
  facet normal 0.9978589232386005 -0.06540312923019008 0
    outer loop
      vertex 98.98376901709184 -4.066210652974448 5.85
      vertex 98.98376901709184 -4.066210652974448 7.715
      vertex 98.975 -4.2 5.85
    endloop
  endfacet
  facet normal 0.5555702330196303 -0.8314696123025266 0
    outer loop
      vertex 99.4875 -3.312323961120951 5.85
      vertex 99.4875 -3.312323961120951 7.715
      vertex 99.37601953526607 -3.386812826201484 5.85
    endloop
  endfacet
  facet normal 0.751839807479007 -0.6593458151000352 0
    outer loop
      vertex 99.18681282620149 -3.5760195352660613 5.85
      vertex 99.27521554928379 -3.475215549283789 5.85
      vertex 99.27521554928379 -3.475215549283789 7.715
    endloop
  endfacet
  facet normal 0.6593458151000362 -0.7518398074790059 0
    outer loop
      vertex 99.27521554928379 -3.475215549283789 5.85
      vertex 99.37601953526607 -3.386812826201484 5.85
      vertex 99.37601953526607 -3.386812826201484 7.715
    endloop
  endfacet
  facet normal 0.4422886902190091 -0.8968727415326845 0
    outer loop
      vertex 99.4875 -3.312323961120951 5.85
      vertex 99.60774948182578 -3.2530234791759316 5.85
      vertex 99.60774948182578 -3.2530234791759316 7.715
    endloop
  endfacet
  facet normal 0.32143946530315887 -0.9469301294951066 0
    outer loop
      vertex 99.73471047876991 -3.2099260280537054 5.85
      vertex 99.73471047876991 -3.2099260280537054 7.715
      vertex 99.60774948182578 -3.2530234791759316 5.85
    endloop
  endfacet
  facet normal 0.1950903220161264 -0.9807852804032309 0
    outer loop
      vertex 99.73471047876991 -3.2099260280537054 5.85
      vertex 99.86621065297444 -3.1837690170918447 5.85
      vertex 99.86621065297444 -3.1837690170918447 7.715
    endloop
  endfacet
  facet normal 0.06540312923014259 -0.9978589232386035 0
    outer loop
      vertex 99.86621065297444 -3.1837690170918447 5.85
      vertex 100 -3.1750000000000003 5.85
      vertex 100 -3.1750000000000003 7.715
    endloop
  endfacet
  facet normal 0.896872741532699 -0.44228869021897993 0
    outer loop
      vertex 99.11232396112095 -3.6875 5.85
      vertex 99.11232396112095 -3.6875 7.715
      vertex 99.05302347917593 -3.807749481825783 5.85
    endloop
  endfacet
  facet normal 0.8314696123025255 -0.5555702330196317 0
    outer loop
      vertex 99.18681282620149 -3.5760195352660613 5.85
      vertex 99.18681282620149 -3.5760195352660613 7.715
      vertex 99.11232396112095 -3.6875 5.85
    endloop
  endfacet
  facet normal 0.9469301294950834 -0.3214394653032272 0
    outer loop
      vertex 99.05302347917593 -3.807749481825783 5.85
      vertex 99.05302347917593 -3.807749481825783 7.715
      vertex 99.0099260280537 -3.9347104787699165 5.85
    endloop
  endfacet
  facet normal 0.9807852804032413 -0.19509032201607415 0
    outer loop
      vertex 98.98376901709184 -4.066210652974448 5.85
      vertex 99.0099260280537 -3.9347104787699165 5.85
      vertex 99.0099260280537 -3.9347104787699165 7.715
    endloop
  endfacet
  facet normal -0.06540312923014259 -0.9978589232386035 0
    outer loop
      vertex 100 -3.1750000000000003 5.85
      vertex 100.13378934702556 -3.1837690170918447 5.85
      vertex 100.13378934702556 -3.1837690170918447 7.715
    endloop
  endfacet
  facet normal -0.1950903220161264 -0.9807852804032309 0
    outer loop
      vertex 100.13378934702556 -3.1837690170918447 5.85
      vertex 100.26528952123009 -3.2099260280537054 5.85
      vertex 100.26528952123009 -3.2099260280537054 7.715
    endloop
  endfacet
  facet normal -0.32143946530315887 -0.9469301294951066 0
    outer loop
      vertex 100.26528952123009 -3.2099260280537054 5.85
      vertex 100.39225051817422 -3.2530234791759316 5.85
      vertex 100.39225051817422 -3.2530234791759316 7.715
    endloop
  endfacet
  facet normal -0.4422886902190091 -0.8968727415326845 0
    outer loop
      vertex 100.39225051817422 -3.2530234791759316 5.85
      vertex 100.5125 -3.312323961120951 5.85
      vertex 100.5125 -3.312323961120951 7.715
    endloop
  endfacet
  facet normal -0.5555702330196303 -0.8314696123025266 0
    outer loop
      vertex 100.5125 -3.312323961120951 5.85
      vertex 100.62398046473393 -3.386812826201484 5.85
      vertex 100.62398046473393 -3.386812826201484 7.715
    endloop
  endfacet
  facet normal -0.6593458151000362 -0.7518398074790059 0
    outer loop
      vertex 100.62398046473393 -3.386812826201484 5.85
      vertex 100.72478445071621 -3.475215549283789 5.85
      vertex 100.72478445071621 -3.475215549283789 7.715
    endloop
  endfacet
  facet normal -0.751839807479007 -0.6593458151000352 0
    outer loop
      vertex 100.72478445071621 -3.475215549283789 5.85
      vertex 100.81318717379851 -3.5760195352660613 5.85
      vertex 100.81318717379851 -3.5760195352660613 7.715
    endloop
  endfacet
  facet normal -0.8314696123025255 -0.5555702330196317 0
    outer loop
      vertex 100.81318717379851 -3.5760195352660613 5.85
      vertex 100.88767603887905 -3.6875 5.85
      vertex 100.88767603887905 -3.6875 7.715
    endloop
  endfacet
  facet normal -0.896872741532699 -0.44228869021897993 0
    outer loop
      vertex 100.88767603887905 -3.6875 5.85
      vertex 100.94697652082407 -3.807749481825783 5.85
      vertex 100.94697652082407 -3.807749481825783 7.715
    endloop
  endfacet
  facet normal -0.9469301294950834 -0.3214394653032272 0
    outer loop
      vertex 100.94697652082407 -3.807749481825783 5.85
      vertex 100.9900739719463 -3.9347104787699165 5.85
      vertex 100.9900739719463 -3.9347104787699165 7.715
    endloop
  endfacet
  facet normal -0.9807852804032413 -0.19509032201607415 0
    outer loop
      vertex 100.9900739719463 -3.9347104787699165 5.85
      vertex 101.01623098290816 -4.066210652974448 5.85
      vertex 101.01623098290816 -4.066210652974448 7.715
    endloop
  endfacet
  facet normal 0.9978589232386005 0.06540312923019008 0
    outer loop
      vertex 98.975 -4.2 5.85
      vertex 98.975 -4.2 7.715
      vertex 98.98376901709184 -4.333789347025553 5.85
    endloop
  endfacet
  facet normal 0.9807852804032414 0.19509032201607351 0
    outer loop
      vertex 98.98376901709184 -4.333789347025553 5.85
      vertex 98.98376901709184 -4.333789347025553 7.715
      vertex 99.0099260280537 -4.465289521230084 5.85
    endloop
  endfacet
  facet normal 0.9469301294950829 0.3214394653032282 0
    outer loop
      vertex 99.0099260280537 -4.465289521230084 5.85
      vertex 99.0099260280537 -4.465289521230084 7.715
      vertex 99.05302347917593 -4.592250518174217 5.85
    endloop
  endfacet
  facet normal 0.896872741532699 0.44228869021897993 0
    outer loop
      vertex 99.05302347917593 -4.592250518174217 5.85
      vertex 99.05302347917593 -4.592250518174217 7.715
      vertex 99.11232396112095 -4.7125 5.85
    endloop
  endfacet
  facet normal 0.8314696123025255 0.5555702330196317 0
    outer loop
      vertex 99.11232396112095 -4.7125 5.85
      vertex 99.11232396112095 -4.7125 7.715
      vertex 99.18681282620149 -4.823980464733939 5.85
    endloop
  endfacet
  facet normal 0.7518398074790085 0.6593458151000336 0
    outer loop
      vertex 99.18681282620149 -4.823980464733939 5.85
      vertex 99.18681282620149 -4.823980464733939 7.715
      vertex 99.27521554928379 -4.924784450716212 5.85
    endloop
  endfacet
  facet normal 0.6593458151000344 0.7518398074790077 0
    outer loop
      vertex 99.27521554928379 -4.924784450716212 5.85
      vertex 99.27521554928379 -4.924784450716212 7.715
      vertex 99.37601953526607 -5.013187173798516 5.85
    endloop
  endfacet
  facet normal 0.5555702330196303 0.8314696123025266 0
    outer loop
      vertex 99.37601953526607 -5.013187173798516 5.85
      vertex 99.37601953526607 -5.013187173798516 7.715
      vertex 99.4875 -5.087676038879049 5.85
    endloop
  endfacet
  facet normal 0.4422886902190091 0.8968727415326845 0
    outer loop
      vertex 99.4875 -5.087676038879049 5.85
      vertex 99.4875 -5.087676038879049 7.715
      vertex 99.60774948182578 -5.146976520824069 5.85
    endloop
  endfacet
  facet normal 0.32143946530315887 0.9469301294951066 0
    outer loop
      vertex 99.60774948182578 -5.146976520824069 5.85
      vertex 99.60774948182578 -5.146976520824069 7.715
      vertex 99.73471047876991 -5.190073971946295 5.85
    endloop
  endfacet
  facet normal 0.19509032201612955 0.9807852804032302 0
    outer loop
      vertex 99.73471047876991 -5.190073971946295 5.85
      vertex 99.73471047876991 -5.190073971946295 7.715
      vertex 99.86621065297444 -5.216230982908156 5.85
    endloop
  endfacet
  facet normal 0.065403129230136 0.9978589232386039 0
    outer loop
      vertex 99.86621065297444 -5.216230982908156 5.85
      vertex 99.86621065297444 -5.216230982908156 7.715
      vertex 100 -5.225 5.85
    endloop
  endfacet
  facet normal -0.9807852804032414 0.19509032201607351 0
    outer loop
      vertex 100.9900739719463 -4.465289521230084 5.85
      vertex 100.9900739719463 -4.465289521230084 7.715
      vertex 101.01623098290816 -4.333789347025553 5.85
    endloop
  endfacet
  facet normal -0.9469301294950829 0.3214394653032282 0
    outer loop
      vertex 100.9900739719463 -4.465289521230084 5.85
      vertex 100.94697652082407 -4.592250518174217 5.85
      vertex 100.94697652082407 -4.592250518174217 7.715
    endloop
  endfacet
  facet normal -0.4422886902190091 0.8968727415326845 0
    outer loop
      vertex 100.39225051817422 -5.146976520824069 5.85
      vertex 100.39225051817422 -5.146976520824069 7.715
      vertex 100.5125 -5.087676038879049 5.85
    endloop
  endfacet
  facet normal -0.896872741532699 0.44228869021897993 0
    outer loop
      vertex 100.94697652082407 -4.592250518174217 5.85
      vertex 100.88767603887905 -4.7125 5.85
      vertex 100.88767603887905 -4.7125 7.715
    endloop
  endfacet
  facet normal -0.8314696123025255 0.5555702330196317 0
    outer loop
      vertex 100.88767603887905 -4.7125 5.85
      vertex 100.81318717379851 -4.823980464733939 5.85
      vertex 100.81318717379851 -4.823980464733939 7.715
    endloop
  endfacet
  facet normal -0.7518398074790085 0.6593458151000336 0
    outer loop
      vertex 100.81318717379851 -4.823980464733939 5.85
      vertex 100.72478445071621 -4.924784450716212 5.85
      vertex 100.72478445071621 -4.924784450716212 7.715
    endloop
  endfacet
  facet normal -0.6593458151000344 0.7518398074790077 0
    outer loop
      vertex 100.62398046473393 -5.013187173798516 5.85
      vertex 100.62398046473393 -5.013187173798516 7.715
      vertex 100.72478445071621 -4.924784450716212 5.85
    endloop
  endfacet
  facet normal -0.5555702330196303 0.8314696123025266 0
    outer loop
      vertex 100.62398046473393 -5.013187173798516 5.85
      vertex 100.5125 -5.087676038879049 5.85
      vertex 100.5125 -5.087676038879049 7.715
    endloop
  endfacet
  facet normal -0.9978589232386005 -0.06540312923019008 0
    outer loop
      vertex 101.01623098290816 -4.066210652974448 5.85
      vertex 101.025 -4.2 5.85
      vertex 101.025 -4.2 7.715
    endloop
  endfacet
  facet normal -0.9978589232386005 0.06540312923019008 0
    outer loop
      vertex 101.025 -4.2 5.85
      vertex 101.01623098290816 -4.333789347025553 5.85
      vertex 101.01623098290816 -4.333789347025553 7.715
    endloop
  endfacet
  facet normal -0.065403129230136 0.9978589232386039 0
    outer loop
      vertex 100 -5.225 5.85
      vertex 100 -5.225 7.715
      vertex 100.13378934702556 -5.216230982908156 5.85
    endloop
  endfacet
  facet normal -0.19509032201612955 0.9807852804032302 0
    outer loop
      vertex 100.13378934702556 -5.216230982908156 5.85
      vertex 100.13378934702556 -5.216230982908156 7.715
      vertex 100.26528952123009 -5.190073971946295 5.85
    endloop
  endfacet
  facet normal -0.32143946530315887 0.9469301294951066 0
    outer loop
      vertex 100.39225051817422 -5.146976520824069 5.85
      vertex 100.26528952123009 -5.190073971946295 5.85
      vertex 100.26528952123009 -5.190073971946295 7.715
    endloop
  endfacet
  facet normal 0.9807852804032413 -0.19509032201607415 0
    outer loop
      vertex 98.98376901709184 -4.066210652974448 5.85
      vertex 99.0099260280537 -3.9347104787699165 7.715
      vertex 98.98376901709184 -4.066210652974448 7.715
    endloop
  endfacet
  facet normal 0.751839807479007 -0.6593458151000352 0
    outer loop
      vertex 99.18681282620149 -3.5760195352660613 5.85
      vertex 99.27521554928379 -3.475215549283789 7.715
      vertex 99.18681282620149 -3.5760195352660613 7.715
    endloop
  endfacet
  facet normal 0.6593458151000362 -0.7518398074790059 0
    outer loop
      vertex 99.27521554928379 -3.475215549283789 5.85
      vertex 99.37601953526607 -3.386812826201484 7.715
      vertex 99.27521554928379 -3.475215549283789 7.715
    endloop
  endfacet
  facet normal 0.5555702330196303 -0.8314696123025266 0
    outer loop
      vertex 99.37601953526607 -3.386812826201484 5.85
      vertex 99.4875 -3.312323961120951 7.715
      vertex 99.37601953526607 -3.386812826201484 7.715
    endloop
  endfacet
  facet normal 0.4422886902190091 -0.8968727415326845 0
    outer loop
      vertex 99.4875 -3.312323961120951 5.85
      vertex 99.60774948182578 -3.2530234791759316 7.715
      vertex 99.4875 -3.312323961120951 7.715
    endloop
  endfacet
  facet normal 0.32143946530315887 -0.9469301294951066 0
    outer loop
      vertex 99.60774948182578 -3.2530234791759316 5.85
      vertex 99.73471047876991 -3.2099260280537054 7.715
      vertex 99.60774948182578 -3.2530234791759316 7.715
    endloop
  endfacet
  facet normal 0.1950903220161264 -0.9807852804032309 0
    outer loop
      vertex 99.73471047876991 -3.2099260280537054 5.85
      vertex 99.86621065297444 -3.1837690170918447 7.715
      vertex 99.73471047876991 -3.2099260280537054 7.715
    endloop
  endfacet
  facet normal 0.06540312923014259 -0.9978589232386035 0
    outer loop
      vertex 99.86621065297444 -3.1837690170918447 5.85
      vertex 100 -3.1750000000000003 7.715
      vertex 99.86621065297444 -3.1837690170918447 7.715
    endloop
  endfacet
  facet normal 0.8314696123025255 -0.5555702330196317 0
    outer loop
      vertex 99.11232396112095 -3.6875 5.85
      vertex 99.18681282620149 -3.5760195352660613 7.715
      vertex 99.11232396112095 -3.6875 7.715
    endloop
  endfacet
  facet normal 0.896872741532699 -0.44228869021897993 0
    outer loop
      vertex 99.05302347917593 -3.807749481825783 5.85
      vertex 99.11232396112095 -3.6875 7.715
      vertex 99.05302347917593 -3.807749481825783 7.715
    endloop
  endfacet
  facet normal 0.9469301294950834 -0.3214394653032272 0
    outer loop
      vertex 99.0099260280537 -3.9347104787699165 5.85
      vertex 99.05302347917593 -3.807749481825783 7.715
      vertex 99.0099260280537 -3.9347104787699165 7.715
    endloop
  endfacet
  facet normal -0.06540312923014259 -0.9978589232386035 0
    outer loop
      vertex 100 -3.1750000000000003 5.85
      vertex 100.13378934702556 -3.1837690170918447 7.715
      vertex 100 -3.1750000000000003 7.715
    endloop
  endfacet
  facet normal -0.1950903220161264 -0.9807852804032309 0
    outer loop
      vertex 100.13378934702556 -3.1837690170918447 5.85
      vertex 100.26528952123009 -3.2099260280537054 7.715
      vertex 100.13378934702556 -3.1837690170918447 7.715
    endloop
  endfacet
  facet normal -0.32143946530315887 -0.9469301294951066 0
    outer loop
      vertex 100.26528952123009 -3.2099260280537054 5.85
      vertex 100.39225051817422 -3.2530234791759316 7.715
      vertex 100.26528952123009 -3.2099260280537054 7.715
    endloop
  endfacet
  facet normal -0.4422886902190091 -0.8968727415326845 0
    outer loop
      vertex 100.39225051817422 -3.2530234791759316 5.85
      vertex 100.5125 -3.312323961120951 7.715
      vertex 100.39225051817422 -3.2530234791759316 7.715
    endloop
  endfacet
  facet normal -0.5555702330196303 -0.8314696123025266 0
    outer loop
      vertex 100.5125 -3.312323961120951 5.85
      vertex 100.62398046473393 -3.386812826201484 7.715
      vertex 100.5125 -3.312323961120951 7.715
    endloop
  endfacet
  facet normal -0.6593458151000362 -0.7518398074790059 0
    outer loop
      vertex 100.62398046473393 -3.386812826201484 5.85
      vertex 100.72478445071621 -3.475215549283789 7.715
      vertex 100.62398046473393 -3.386812826201484 7.715
    endloop
  endfacet
  facet normal -0.751839807479007 -0.6593458151000352 0
    outer loop
      vertex 100.72478445071621 -3.475215549283789 5.85
      vertex 100.81318717379851 -3.5760195352660613 7.715
      vertex 100.72478445071621 -3.475215549283789 7.715
    endloop
  endfacet
  facet normal -0.8314696123025255 -0.5555702330196317 0
    outer loop
      vertex 100.81318717379851 -3.5760195352660613 5.85
      vertex 100.88767603887905 -3.6875 7.715
      vertex 100.81318717379851 -3.5760195352660613 7.715
    endloop
  endfacet
  facet normal -0.896872741532699 -0.44228869021897993 0
    outer loop
      vertex 100.88767603887905 -3.6875 5.85
      vertex 100.94697652082407 -3.807749481825783 7.715
      vertex 100.88767603887905 -3.6875 7.715
    endloop
  endfacet
  facet normal -0.9469301294950834 -0.3214394653032272 0
    outer loop
      vertex 100.94697652082407 -3.807749481825783 5.85
      vertex 100.9900739719463 -3.9347104787699165 7.715
      vertex 100.94697652082407 -3.807749481825783 7.715
    endloop
  endfacet
  facet normal -0.9807852804032413 -0.19509032201607415 0
    outer loop
      vertex 100.9900739719463 -3.9347104787699165 5.85
      vertex 101.01623098290816 -4.066210652974448 7.715
      vertex 100.9900739719463 -3.9347104787699165 7.715
    endloop
  endfacet
  facet normal -0.9978589232386005 -0.06540312923019008 0
    outer loop
      vertex 101.01623098290816 -4.066210652974448 5.85
      vertex 101.025 -4.2 7.715
      vertex 101.01623098290816 -4.066210652974448 7.715
    endloop
  endfacet
  facet normal 0.9978589232386005 -0.06540312923019007 0
    outer loop
      vertex 98.98376901709184 -4.066210652974448 8.315
      vertex 98.98376901709184 -4.066210652974448 10.34
      vertex 98.975 -4.2 8.315
    endloop
  endfacet
  facet normal 0.5555702330196303 -0.8314696123025266 0
    outer loop
      vertex 99.4875 -3.312323961120951 8.315
      vertex 99.4875 -3.312323961120951 10.34
      vertex 99.37601953526607 -3.386812826201484 8.315
    endloop
  endfacet
  facet normal 0.7518398074790069 -0.6593458151000352 0
    outer loop
      vertex 99.18681282620149 -3.5760195352660613 8.315
      vertex 99.27521554928379 -3.475215549283789 8.315
      vertex 99.27521554928379 -3.475215549283789 10.34
    endloop
  endfacet
  facet normal 0.6593458151000362 -0.7518398074790059 0
    outer loop
      vertex 99.27521554928379 -3.475215549283789 8.315
      vertex 99.37601953526607 -3.386812826201484 8.315
      vertex 99.37601953526607 -3.386812826201484 10.34
    endloop
  endfacet
  facet normal 0.44228869021900913 -0.8968727415326846 0
    outer loop
      vertex 99.4875 -3.312323961120951 8.315
      vertex 99.60774948182578 -3.2530234791759316 8.315
      vertex 99.60774948182578 -3.2530234791759316 10.34
    endloop
  endfacet
  facet normal 0.3214394653031589 -0.9469301294951066 0
    outer loop
      vertex 99.73471047876991 -3.2099260280537054 8.315
      vertex 99.73471047876991 -3.2099260280537054 10.34
      vertex 99.60774948182578 -3.2530234791759316 8.315
    endloop
  endfacet
  facet normal 0.19509032201612636 -0.9807852804032308 0
    outer loop
      vertex 99.73471047876991 -3.2099260280537054 8.315
      vertex 99.86621065297444 -3.1837690170918447 8.315
      vertex 99.86621065297444 -3.1837690170918447 10.34
    endloop
  endfacet
  facet normal 0.06540312923014258 -0.9978589232386035 0
    outer loop
      vertex 99.86621065297444 -3.1837690170918447 8.315
      vertex 100 -3.1750000000000003 8.315
      vertex 100 -3.1750000000000003 10.34
    endloop
  endfacet
  facet normal 0.8968727415326989 -0.4422886902189799 0
    outer loop
      vertex 99.11232396112095 -3.6875 8.315
      vertex 99.11232396112095 -3.6875 10.34
      vertex 99.05302347917593 -3.807749481825783 8.315
    endloop
  endfacet
  facet normal 0.8314696123025255 -0.5555702330196317 0
    outer loop
      vertex 99.18681282620149 -3.5760195352660613 8.315
      vertex 99.18681282620149 -3.5760195352660613 10.34
      vertex 99.11232396112095 -3.6875 8.315
    endloop
  endfacet
  facet normal 0.9469301294950834 -0.32143946530322726 0
    outer loop
      vertex 99.05302347917593 -3.807749481825783 8.315
      vertex 99.05302347917593 -3.807749481825783 10.34
      vertex 99.0099260280537 -3.9347104787699165 8.315
    endloop
  endfacet
  facet normal 0.9807852804032412 -0.19509032201607412 0
    outer loop
      vertex 98.98376901709184 -4.066210652974448 8.315
      vertex 99.0099260280537 -3.9347104787699165 8.315
      vertex 99.0099260280537 -3.9347104787699165 10.34
    endloop
  endfacet
  facet normal -0.06540312923014258 -0.9978589232386035 0
    outer loop
      vertex 100 -3.1750000000000003 8.315
      vertex 100.13378934702556 -3.1837690170918447 8.315
      vertex 100.13378934702556 -3.1837690170918447 10.34
    endloop
  endfacet
  facet normal -0.19509032201612636 -0.9807852804032308 0
    outer loop
      vertex 100.13378934702556 -3.1837690170918447 8.315
      vertex 100.26528952123009 -3.2099260280537054 8.315
      vertex 100.26528952123009 -3.2099260280537054 10.34
    endloop
  endfacet
  facet normal -0.3214394653031589 -0.9469301294951066 0
    outer loop
      vertex 100.26528952123009 -3.2099260280537054 8.315
      vertex 100.39225051817422 -3.2530234791759316 8.315
      vertex 100.39225051817422 -3.2530234791759316 10.34
    endloop
  endfacet
  facet normal -0.44228869021900913 -0.8968727415326846 0
    outer loop
      vertex 100.39225051817422 -3.2530234791759316 8.315
      vertex 100.5125 -3.312323961120951 8.315
      vertex 100.5125 -3.312323961120951 10.34
    endloop
  endfacet
  facet normal -0.5555702330196303 -0.8314696123025266 0
    outer loop
      vertex 100.5125 -3.312323961120951 8.315
      vertex 100.62398046473393 -3.386812826201484 8.315
      vertex 100.62398046473393 -3.386812826201484 10.34
    endloop
  endfacet
  facet normal -0.6593458151000362 -0.7518398074790059 0
    outer loop
      vertex 100.62398046473393 -3.386812826201484 8.315
      vertex 100.72478445071621 -3.475215549283789 8.315
      vertex 100.72478445071621 -3.475215549283789 10.34
    endloop
  endfacet
  facet normal -0.7518398074790069 -0.6593458151000352 0
    outer loop
      vertex 100.72478445071621 -3.475215549283789 8.315
      vertex 100.81318717379851 -3.5760195352660613 8.315
      vertex 100.81318717379851 -3.5760195352660613 10.34
    endloop
  endfacet
  facet normal -0.8314696123025255 -0.5555702330196317 0
    outer loop
      vertex 100.81318717379851 -3.5760195352660613 8.315
      vertex 100.88767603887905 -3.6875 8.315
      vertex 100.88767603887905 -3.6875 10.34
    endloop
  endfacet
  facet normal -0.8968727415326989 -0.4422886902189799 0
    outer loop
      vertex 100.88767603887905 -3.6875 8.315
      vertex 100.94697652082407 -3.807749481825783 8.315
      vertex 100.94697652082407 -3.807749481825783 10.34
    endloop
  endfacet
  facet normal -0.9469301294950834 -0.32143946530322726 0
    outer loop
      vertex 100.94697652082407 -3.807749481825783 8.315
      vertex 100.9900739719463 -3.9347104787699165 8.315
      vertex 100.9900739719463 -3.9347104787699165 10.34
    endloop
  endfacet
  facet normal -0.9807852804032412 -0.19509032201607412 0
    outer loop
      vertex 100.9900739719463 -3.9347104787699165 8.315
      vertex 101.01623098290816 -4.066210652974448 8.315
      vertex 101.01623098290816 -4.066210652974448 10.34
    endloop
  endfacet
  facet normal 0.9978589232386005 -0.06540312923019008 0
    outer loop
      vertex 98.975 -4.2 5.85
      vertex 98.98376901709184 -4.066210652974448 7.715
      vertex 98.975 -4.2 7.715
    endloop
  endfacet
  facet normal 0.9978589232386005 0.06540312923019008 0
    outer loop
      vertex 98.98376901709184 -4.333789347025553 5.85
      vertex 98.975 -4.2 7.715
      vertex 98.98376901709184 -4.333789347025553 7.715
    endloop
  endfacet
  facet normal 0.9807852804032414 0.19509032201607351 0
    outer loop
      vertex 99.0099260280537 -4.465289521230084 5.85
      vertex 98.98376901709184 -4.333789347025553 7.715
      vertex 99.0099260280537 -4.465289521230084 7.715
    endloop
  endfacet
  facet normal 0.9469301294950829 0.3214394653032282 0
    outer loop
      vertex 99.05302347917593 -4.592250518174217 5.85
      vertex 99.0099260280537 -4.465289521230084 7.715
      vertex 99.05302347917593 -4.592250518174217 7.715
    endloop
  endfacet
  facet normal 0.896872741532699 0.44228869021897993 0
    outer loop
      vertex 99.11232396112095 -4.7125 5.85
      vertex 99.05302347917593 -4.592250518174217 7.715
      vertex 99.11232396112095 -4.7125 7.715
    endloop
  endfacet
  facet normal 0.8314696123025255 0.5555702330196317 0
    outer loop
      vertex 99.18681282620149 -4.823980464733939 5.85
      vertex 99.11232396112095 -4.7125 7.715
      vertex 99.18681282620149 -4.823980464733939 7.715
    endloop
  endfacet
  facet normal 0.7518398074790085 0.6593458151000336 0
    outer loop
      vertex 99.27521554928379 -4.924784450716212 5.85
      vertex 99.18681282620149 -4.823980464733939 7.715
      vertex 99.27521554928379 -4.924784450716212 7.715
    endloop
  endfacet
  facet normal 0.6593458151000344 0.7518398074790077 0
    outer loop
      vertex 99.37601953526607 -5.013187173798516 5.85
      vertex 99.27521554928379 -4.924784450716212 7.715
      vertex 99.37601953526607 -5.013187173798516 7.715
    endloop
  endfacet
  facet normal 0.5555702330196303 0.8314696123025266 0
    outer loop
      vertex 99.4875 -5.087676038879049 5.85
      vertex 99.37601953526607 -5.013187173798516 7.715
      vertex 99.4875 -5.087676038879049 7.715
    endloop
  endfacet
  facet normal 0.4422886902190091 0.8968727415326845 0
    outer loop
      vertex 99.60774948182578 -5.146976520824069 5.85
      vertex 99.4875 -5.087676038879049 7.715
      vertex 99.60774948182578 -5.146976520824069 7.715
    endloop
  endfacet
  facet normal 0.32143946530315887 0.9469301294951066 0
    outer loop
      vertex 99.73471047876991 -5.190073971946295 5.85
      vertex 99.60774948182578 -5.146976520824069 7.715
      vertex 99.73471047876991 -5.190073971946295 7.715
    endloop
  endfacet
  facet normal 0.19509032201612955 0.9807852804032302 0
    outer loop
      vertex 99.86621065297444 -5.216230982908156 5.85
      vertex 99.73471047876991 -5.190073971946295 7.715
      vertex 99.86621065297444 -5.216230982908156 7.715
    endloop
  endfacet
  facet normal 0.065403129230136 0.9978589232386039 0
    outer loop
      vertex 100 -5.225 5.85
      vertex 99.86621065297444 -5.216230982908156 7.715
      vertex 100 -5.225 7.715
    endloop
  endfacet
  facet normal -0.9469301294950829 0.3214394653032282 0
    outer loop
      vertex 100.9900739719463 -4.465289521230084 5.85
      vertex 100.94697652082407 -4.592250518174217 7.715
      vertex 100.9900739719463 -4.465289521230084 7.715
    endloop
  endfacet
  facet normal -0.896872741532699 0.44228869021897993 0
    outer loop
      vertex 100.94697652082407 -4.592250518174217 5.85
      vertex 100.88767603887905 -4.7125 7.715
      vertex 100.94697652082407 -4.592250518174217 7.715
    endloop
  endfacet
  facet normal -0.4422886902190091 0.8968727415326845 0
    outer loop
      vertex 100.5125 -5.087676038879049 5.85
      vertex 100.39225051817422 -5.146976520824069 7.715
      vertex 100.5125 -5.087676038879049 7.715
    endloop
  endfacet
  facet normal -0.8314696123025255 0.5555702330196317 0
    outer loop
      vertex 100.88767603887905 -4.7125 5.85
      vertex 100.81318717379851 -4.823980464733939 7.715
      vertex 100.88767603887905 -4.7125 7.715
    endloop
  endfacet
  facet normal -0.7518398074790085 0.6593458151000336 0
    outer loop
      vertex 100.81318717379851 -4.823980464733939 5.85
      vertex 100.72478445071621 -4.924784450716212 7.715
      vertex 100.81318717379851 -4.823980464733939 7.715
    endloop
  endfacet
  facet normal -0.6593458151000344 0.7518398074790077 0
    outer loop
      vertex 100.72478445071621 -4.924784450716212 5.85
      vertex 100.62398046473393 -5.013187173798516 7.715
      vertex 100.72478445071621 -4.924784450716212 7.715
    endloop
  endfacet
  facet normal -0.5555702330196303 0.8314696123025266 0
    outer loop
      vertex 100.62398046473393 -5.013187173798516 5.85
      vertex 100.5125 -5.087676038879049 7.715
      vertex 100.62398046473393 -5.013187173798516 7.715
    endloop
  endfacet
  facet normal -0.9978589232386005 0.06540312923019008 0
    outer loop
      vertex 101.025 -4.2 5.85
      vertex 101.01623098290816 -4.333789347025553 7.715
      vertex 101.025 -4.2 7.715
    endloop
  endfacet
  facet normal -0.9807852804032414 0.19509032201607351 0
    outer loop
      vertex 101.01623098290816 -4.333789347025553 5.85
      vertex 100.9900739719463 -4.465289521230084 7.715
      vertex 101.01623098290816 -4.333789347025553 7.715
    endloop
  endfacet
  facet normal -0.065403129230136 0.9978589232386039 0
    outer loop
      vertex 100.13378934702556 -5.216230982908156 5.85
      vertex 100 -5.225 7.715
      vertex 100.13378934702556 -5.216230982908156 7.715
    endloop
  endfacet
  facet normal -0.19509032201612955 0.9807852804032302 0
    outer loop
      vertex 100.26528952123009 -5.190073971946295 5.85
      vertex 100.13378934702556 -5.216230982908156 7.715
      vertex 100.26528952123009 -5.190073971946295 7.715
    endloop
  endfacet
  facet normal -0.32143946530315887 0.9469301294951066 0
    outer loop
      vertex 100.39225051817422 -5.146976520824069 5.85
      vertex 100.26528952123009 -5.190073971946295 7.715
      vertex 100.39225051817422 -5.146976520824069 7.715
    endloop
  endfacet
  facet normal 0.9978589232386005 0.06540312923019007 0
    outer loop
      vertex 98.975 -4.2 8.315
      vertex 98.975 -4.2 10.34
      vertex 98.98376901709184 -4.333789347025553 8.315
    endloop
  endfacet
  facet normal 0.9807852804032413 0.1950903220160735 0
    outer loop
      vertex 98.98376901709184 -4.333789347025553 8.315
      vertex 98.98376901709184 -4.333789347025553 10.34
      vertex 99.0099260280537 -4.465289521230084 8.315
    endloop
  endfacet
  facet normal 0.946930129495083 0.32143946530322826 0
    outer loop
      vertex 99.0099260280537 -4.465289521230084 8.315
      vertex 99.0099260280537 -4.465289521230084 10.34
      vertex 99.05302347917593 -4.592250518174217 8.315
    endloop
  endfacet
  facet normal 0.8968727415326989 0.4422886902189799 0
    outer loop
      vertex 99.05302347917593 -4.592250518174217 8.315
      vertex 99.05302347917593 -4.592250518174217 10.34
      vertex 99.11232396112095 -4.7125 8.315
    endloop
  endfacet
  facet normal 0.8314696123025255 0.5555702330196317 0
    outer loop
      vertex 99.11232396112095 -4.7125 8.315
      vertex 99.11232396112095 -4.7125 10.34
      vertex 99.18681282620149 -4.823980464733939 8.315
    endloop
  endfacet
  facet normal 0.7518398074790084 0.6593458151000336 0
    outer loop
      vertex 99.18681282620149 -4.823980464733939 8.315
      vertex 99.18681282620149 -4.823980464733939 10.34
      vertex 99.27521554928379 -4.924784450716212 8.315
    endloop
  endfacet
  facet normal 0.6593458151000344 0.7518398074790076 0
    outer loop
      vertex 99.27521554928379 -4.924784450716212 8.315
      vertex 99.27521554928379 -4.924784450716212 10.34
      vertex 99.37601953526607 -5.013187173798516 8.315
    endloop
  endfacet
  facet normal 0.5555702330196303 0.8314696123025266 0
    outer loop
      vertex 99.37601953526607 -5.013187173798516 8.315
      vertex 99.37601953526607 -5.013187173798516 10.34
      vertex 99.4875 -5.087676038879049 8.315
    endloop
  endfacet
  facet normal 0.44228869021900913 0.8968727415326846 0
    outer loop
      vertex 99.4875 -5.087676038879049 8.315
      vertex 99.4875 -5.087676038879049 10.34
      vertex 99.60774948182578 -5.146976520824069 8.315
    endloop
  endfacet
  facet normal 0.3214394653031589 0.9469301294951066 0
    outer loop
      vertex 99.60774948182578 -5.146976520824069 8.315
      vertex 99.60774948182578 -5.146976520824069 10.34
      vertex 99.73471047876991 -5.190073971946295 8.315
    endloop
  endfacet
  facet normal 0.19509032201612958 0.9807852804032302 0
    outer loop
      vertex 99.73471047876991 -5.190073971946295 8.315
      vertex 99.73471047876991 -5.190073971946295 10.34
      vertex 99.86621065297444 -5.216230982908156 8.315
    endloop
  endfacet
  facet normal 0.065403129230136 0.997858923238604 0
    outer loop
      vertex 99.86621065297444 -5.216230982908156 8.315
      vertex 99.86621065297444 -5.216230982908156 10.34
      vertex 100 -5.225 8.315
    endloop
  endfacet
  facet normal -0.9807852804032413 0.1950903220160735 0
    outer loop
      vertex 100.9900739719463 -4.465289521230084 8.315
      vertex 100.9900739719463 -4.465289521230084 10.34
      vertex 101.01623098290816 -4.333789347025553 8.315
    endloop
  endfacet
  facet normal -0.946930129495083 0.32143946530322826 0
    outer loop
      vertex 100.9900739719463 -4.465289521230084 8.315
      vertex 100.94697652082407 -4.592250518174217 8.315
      vertex 100.94697652082407 -4.592250518174217 10.34
    endloop
  endfacet
  facet normal -0.44228869021900913 0.8968727415326846 0
    outer loop
      vertex 100.39225051817422 -5.146976520824069 8.315
      vertex 100.39225051817422 -5.146976520824069 10.34
      vertex 100.5125 -5.087676038879049 8.315
    endloop
  endfacet
  facet normal -0.8968727415326989 0.4422886902189799 0
    outer loop
      vertex 100.94697652082407 -4.592250518174217 8.315
      vertex 100.88767603887905 -4.7125 8.315
      vertex 100.88767603887905 -4.7125 10.34
    endloop
  endfacet
  facet normal -0.8314696123025255 0.5555702330196317 0
    outer loop
      vertex 100.88767603887905 -4.7125 8.315
      vertex 100.81318717379851 -4.823980464733939 8.315
      vertex 100.81318717379851 -4.823980464733939 10.34
    endloop
  endfacet
  facet normal -0.7518398074790084 0.6593458151000336 0
    outer loop
      vertex 100.81318717379851 -4.823980464733939 8.315
      vertex 100.72478445071621 -4.924784450716212 8.315
      vertex 100.72478445071621 -4.924784450716212 10.34
    endloop
  endfacet
  facet normal -0.6593458151000344 0.7518398074790076 0
    outer loop
      vertex 100.62398046473393 -5.013187173798516 8.315
      vertex 100.62398046473393 -5.013187173798516 10.34
      vertex 100.72478445071621 -4.924784450716212 8.315
    endloop
  endfacet
  facet normal -0.5555702330196303 0.8314696123025266 0
    outer loop
      vertex 100.62398046473393 -5.013187173798516 8.315
      vertex 100.5125 -5.087676038879049 8.315
      vertex 100.5125 -5.087676038879049 10.34
    endloop
  endfacet
  facet normal -0.9978589232386005 -0.06540312923019007 0
    outer loop
      vertex 101.01623098290816 -4.066210652974448 8.315
      vertex 101.025 -4.2 8.315
      vertex 101.025 -4.2 10.34
    endloop
  endfacet
  facet normal -0.9978589232386005 0.06540312923019007 0
    outer loop
      vertex 101.025 -4.2 8.315
      vertex 101.01623098290816 -4.333789347025553 8.315
      vertex 101.01623098290816 -4.333789347025553 10.34
    endloop
  endfacet
  facet normal -0.065403129230136 0.997858923238604 0
    outer loop
      vertex 100 -5.225 8.315
      vertex 100 -5.225 10.34
      vertex 100.13378934702556 -5.216230982908156 8.315
    endloop
  endfacet
  facet normal -0.19509032201612958 0.9807852804032302 0
    outer loop
      vertex 100.13378934702556 -5.216230982908156 8.315
      vertex 100.13378934702556 -5.216230982908156 10.34
      vertex 100.26528952123009 -5.190073971946295 8.315
    endloop
  endfacet
  facet normal -0.3214394653031589 0.9469301294951066 0
    outer loop
      vertex 100.39225051817422 -5.146976520824069 8.315
      vertex 100.26528952123009 -5.190073971946295 8.315
      vertex 100.26528952123009 -5.190073971946295 10.34
    endloop
  endfacet
  facet normal 0.9807852804032412 -0.19509032201607412 0
    outer loop
      vertex 98.98376901709184 -4.066210652974448 8.315
      vertex 99.0099260280537 -3.9347104787699165 10.34
      vertex 98.98376901709184 -4.066210652974448 10.34
    endloop
  endfacet
  facet normal 0.7518398074790069 -0.6593458151000352 0
    outer loop
      vertex 99.18681282620149 -3.5760195352660613 8.315
      vertex 99.27521554928379 -3.475215549283789 10.34
      vertex 99.18681282620149 -3.5760195352660613 10.34
    endloop
  endfacet
  facet normal 0.6593458151000362 -0.7518398074790059 0
    outer loop
      vertex 99.27521554928379 -3.475215549283789 8.315
      vertex 99.37601953526607 -3.386812826201484 10.34
      vertex 99.27521554928379 -3.475215549283789 10.34
    endloop
  endfacet
  facet normal 0.5555702330196303 -0.8314696123025266 0
    outer loop
      vertex 99.37601953526607 -3.386812826201484 8.315
      vertex 99.4875 -3.312323961120951 10.34
      vertex 99.37601953526607 -3.386812826201484 10.34
    endloop
  endfacet
  facet normal 0.44228869021900913 -0.8968727415326846 0
    outer loop
      vertex 99.4875 -3.312323961120951 8.315
      vertex 99.60774948182578 -3.2530234791759316 10.34
      vertex 99.4875 -3.312323961120951 10.34
    endloop
  endfacet
  facet normal 0.3214394653031589 -0.9469301294951066 0
    outer loop
      vertex 99.60774948182578 -3.2530234791759316 8.315
      vertex 99.73471047876991 -3.2099260280537054 10.34
      vertex 99.60774948182578 -3.2530234791759316 10.34
    endloop
  endfacet
  facet normal 0.19509032201612636 -0.9807852804032308 0
    outer loop
      vertex 99.73471047876991 -3.2099260280537054 8.315
      vertex 99.86621065297444 -3.1837690170918447 10.34
      vertex 99.73471047876991 -3.2099260280537054 10.34
    endloop
  endfacet
  facet normal 0.06540312923014258 -0.9978589232386035 0
    outer loop
      vertex 99.86621065297444 -3.1837690170918447 8.315
      vertex 100 -3.1750000000000003 10.34
      vertex 99.86621065297444 -3.1837690170918447 10.34
    endloop
  endfacet
  facet normal 0.8314696123025255 -0.5555702330196317 0
    outer loop
      vertex 99.11232396112095 -3.6875 8.315
      vertex 99.18681282620149 -3.5760195352660613 10.34
      vertex 99.11232396112095 -3.6875 10.34
    endloop
  endfacet
  facet normal 0.8968727415326989 -0.4422886902189799 0
    outer loop
      vertex 99.05302347917593 -3.807749481825783 8.315
      vertex 99.11232396112095 -3.6875 10.34
      vertex 99.05302347917593 -3.807749481825783 10.34
    endloop
  endfacet
  facet normal 0.9469301294950834 -0.32143946530322726 0
    outer loop
      vertex 99.0099260280537 -3.9347104787699165 8.315
      vertex 99.05302347917593 -3.807749481825783 10.34
      vertex 99.0099260280537 -3.9347104787699165 10.34
    endloop
  endfacet
  facet normal -0.06540312923014258 -0.9978589232386035 0
    outer loop
      vertex 100 -3.1750000000000003 8.315
      vertex 100.13378934702556 -3.1837690170918447 10.34
      vertex 100 -3.1750000000000003 10.34
    endloop
  endfacet
  facet normal -0.19509032201612636 -0.9807852804032308 0
    outer loop
      vertex 100.13378934702556 -3.1837690170918447 8.315
      vertex 100.26528952123009 -3.2099260280537054 10.34
      vertex 100.13378934702556 -3.1837690170918447 10.34
    endloop
  endfacet
  facet normal -0.3214394653031589 -0.9469301294951066 0
    outer loop
      vertex 100.26528952123009 -3.2099260280537054 8.315
      vertex 100.39225051817422 -3.2530234791759316 10.34
      vertex 100.26528952123009 -3.2099260280537054 10.34
    endloop
  endfacet
  facet normal -0.44228869021900913 -0.8968727415326846 0
    outer loop
      vertex 100.39225051817422 -3.2530234791759316 8.315
      vertex 100.5125 -3.312323961120951 10.34
      vertex 100.39225051817422 -3.2530234791759316 10.34
    endloop
  endfacet
  facet normal -0.5555702330196303 -0.8314696123025266 0
    outer loop
      vertex 100.5125 -3.312323961120951 8.315
      vertex 100.62398046473393 -3.386812826201484 10.34
      vertex 100.5125 -3.312323961120951 10.34
    endloop
  endfacet
  facet normal -0.6593458151000362 -0.7518398074790059 0
    outer loop
      vertex 100.62398046473393 -3.386812826201484 8.315
      vertex 100.72478445071621 -3.475215549283789 10.34
      vertex 100.62398046473393 -3.386812826201484 10.34
    endloop
  endfacet
  facet normal -0.7518398074790069 -0.6593458151000352 0
    outer loop
      vertex 100.72478445071621 -3.475215549283789 8.315
      vertex 100.81318717379851 -3.5760195352660613 10.34
      vertex 100.72478445071621 -3.475215549283789 10.34
    endloop
  endfacet
  facet normal -0.8314696123025255 -0.5555702330196317 0
    outer loop
      vertex 100.81318717379851 -3.5760195352660613 8.315
      vertex 100.88767603887905 -3.6875 10.34
      vertex 100.81318717379851 -3.5760195352660613 10.34
    endloop
  endfacet
  facet normal -0.8968727415326989 -0.4422886902189799 0
    outer loop
      vertex 100.88767603887905 -3.6875 8.315
      vertex 100.94697652082407 -3.807749481825783 10.34
      vertex 100.88767603887905 -3.6875 10.34
    endloop
  endfacet
  facet normal -0.9469301294950834 -0.32143946530322726 0
    outer loop
      vertex 100.94697652082407 -3.807749481825783 8.315
      vertex 100.9900739719463 -3.9347104787699165 10.34
      vertex 100.94697652082407 -3.807749481825783 10.34
    endloop
  endfacet
  facet normal -0.9807852804032412 -0.19509032201607412 0
    outer loop
      vertex 100.9900739719463 -3.9347104787699165 8.315
      vertex 101.01623098290816 -4.066210652974448 10.34
      vertex 100.9900739719463 -3.9347104787699165 10.34
    endloop
  endfacet
  facet normal -0.9978589232386005 -0.06540312923019007 0
    outer loop
      vertex 101.01623098290816 -4.066210652974448 8.315
      vertex 101.025 -4.2 10.34
      vertex 101.01623098290816 -4.066210652974448 10.34
    endloop
  endfacet
  facet normal 0 0 -1
    outer loop
      vertex 98.98376901709184 -4.066210652974448 10.34
      vertex 99.0099260280537 -3.9347104787699165 10.34
      vertex 98.98376901709184 -4.333789347025553 10.34
    endloop
  endfacet
  facet normal 0 0 -1
    outer loop
      vertex 99.18681282620149 -3.5760195352660613 10.34
      vertex 99.11232396112095 -4.7125 10.34
      vertex 99.11232396112095 -3.6875 10.34
    endloop
  endfacet
  facet normal 0 0 -1
    outer loop
      vertex 99.18681282620149 -3.5760195352660613 10.34
      vertex 99.27521554928379 -3.475215549283789 10.34
      vertex 99.18681282620149 -4.823980464733939 10.34
    endloop
  endfacet
  facet normal 0 0 -1
    outer loop
      vertex 99.11232396112095 -3.6875 10.34
      vertex 99.05302347917593 -4.592250518174217 10.34
      vertex 99.05302347917593 -3.807749481825783 10.34
    endloop
  endfacet
  facet normal 0 0 -1
    outer loop
      vertex 99.05302347917593 -3.807749481825783 10.34
      vertex 99.0099260280537 -4.465289521230084 10.34
      vertex 99.0099260280537 -3.9347104787699165 10.34
    endloop
  endfacet
  facet normal 0 0 -1
    outer loop
      vertex 99.27521554928379 -3.475215549283789 10.34
      vertex 99.37601953526607 -3.386812826201484 10.34
      vertex 99.27521554928379 -4.924784450716212 10.34
    endloop
  endfacet
  facet normal 0 0 -1
    outer loop
      vertex 99.4875 -3.312323961120951 10.34
      vertex 99.37601953526607 -5.013187173798516 10.34
      vertex 99.37601953526607 -3.386812826201484 10.34
    endloop
  endfacet
  facet normal 0 0 -1
    outer loop
      vertex 99.73471047876991 -3.2099260280537054 10.34
      vertex 99.86621065297444 -3.1837690170918447 10.34
      vertex 99.73471047876991 -5.190073971946295 10.34
    endloop
  endfacet
  facet normal 0 0 -1
    outer loop
      vertex 99.86621065297444 -3.1837690170918447 10.34
      vertex 100 -3.1750000000000003 10.34
      vertex 99.86621065297444 -5.216230982908156 10.34
    endloop
  endfacet
  facet normal 0 0 -1
    outer loop
      vertex 99.4875 -3.312323961120951 10.34
      vertex 99.60774948182578 -3.2530234791759316 10.34
      vertex 99.4875 -5.087676038879049 10.34
    endloop
  endfacet
  facet normal 0 0 -1
    outer loop
      vertex 99.73471047876991 -3.2099260280537054 10.34
      vertex 99.60774948182578 -5.146976520824069 10.34
      vertex 99.60774948182578 -3.2530234791759316 10.34
    endloop
  endfacet
  facet normal 0 0 -1
    outer loop
      vertex 100 -3.1750000000000003 10.34
      vertex 100.13378934702556 -3.1837690170918447 10.34
      vertex 100 -5.225 10.34
    endloop
  endfacet
  facet normal 0 0 -1
    outer loop
      vertex 100.13378934702556 -3.1837690170918447 10.34
      vertex 100.26528952123009 -3.2099260280537054 10.34
      vertex 100.13378934702556 -5.216230982908156 10.34
    endloop
  endfacet
  facet normal 0 0 -1
    outer loop
      vertex 100.26528952123009 -3.2099260280537054 10.34
      vertex 100.39225051817422 -3.2530234791759316 10.34
      vertex 100.26528952123009 -5.190073971946295 10.34
    endloop
  endfacet
  facet normal 0 0 -1
    outer loop
      vertex 100.39225051817422 -3.2530234791759316 10.34
      vertex 100.5125 -3.312323961120951 10.34
      vertex 100.39225051817422 -5.146976520824069 10.34
    endloop
  endfacet
  facet normal 0 0 -1
    outer loop
      vertex 100.5125 -3.312323961120951 10.34
      vertex 100.62398046473393 -3.386812826201484 10.34
      vertex 100.5125 -5.087676038879049 10.34
    endloop
  endfacet
  facet normal 0 0 -1
    outer loop
      vertex 100.62398046473393 -3.386812826201484 10.34
      vertex 100.72478445071621 -3.475215549283789 10.34
      vertex 100.62398046473393 -5.013187173798516 10.34
    endloop
  endfacet
  facet normal 0 0 -1
    outer loop
      vertex 100.72478445071621 -3.475215549283789 10.34
      vertex 100.81318717379851 -3.5760195352660613 10.34
      vertex 100.72478445071621 -4.924784450716212 10.34
    endloop
  endfacet
  facet normal 0 0 -1
    outer loop
      vertex 100.81318717379851 -3.5760195352660613 10.34
      vertex 100.88767603887905 -3.6875 10.34
      vertex 100.81318717379851 -4.823980464733939 10.34
    endloop
  endfacet
  facet normal 0 0 -1
    outer loop
      vertex 100.88767603887905 -3.6875 10.34
      vertex 100.94697652082407 -3.807749481825783 10.34
      vertex 100.88767603887905 -4.7125 10.34
    endloop
  endfacet
  facet normal 0 0 -1
    outer loop
      vertex 100.94697652082407 -3.807749481825783 10.34
      vertex 100.9900739719463 -3.9347104787699165 10.34
      vertex 100.94697652082407 -4.592250518174217 10.34
    endloop
  endfacet
  facet normal 0.9978589232386005 -0.06540312923019007 0
    outer loop
      vertex 98.975 -4.2 8.315
      vertex 98.98376901709184 -4.066210652974448 10.34
      vertex 98.975 -4.2 10.34
    endloop
  endfacet
  facet normal 0.9978589232386005 0.06540312923019007 0
    outer loop
      vertex 98.98376901709184 -4.333789347025553 8.315
      vertex 98.975 -4.2 10.34
      vertex 98.98376901709184 -4.333789347025553 10.34
    endloop
  endfacet
  facet normal 0.9807852804032413 0.1950903220160735 0
    outer loop
      vertex 99.0099260280537 -4.465289521230084 8.315
      vertex 98.98376901709184 -4.333789347025553 10.34
      vertex 99.0099260280537 -4.465289521230084 10.34
    endloop
  endfacet
  facet normal 0.946930129495083 0.32143946530322826 0
    outer loop
      vertex 99.05302347917593 -4.592250518174217 8.315
      vertex 99.0099260280537 -4.465289521230084 10.34
      vertex 99.05302347917593 -4.592250518174217 10.34
    endloop
  endfacet
  facet normal 0.8968727415326989 0.4422886902189799 0
    outer loop
      vertex 99.11232396112095 -4.7125 8.315
      vertex 99.05302347917593 -4.592250518174217 10.34
      vertex 99.11232396112095 -4.7125 10.34
    endloop
  endfacet
  facet normal 0.8314696123025255 0.5555702330196317 0
    outer loop
      vertex 99.18681282620149 -4.823980464733939 8.315
      vertex 99.11232396112095 -4.7125 10.34
      vertex 99.18681282620149 -4.823980464733939 10.34
    endloop
  endfacet
  facet normal 0.7518398074790084 0.6593458151000336 0
    outer loop
      vertex 99.27521554928379 -4.924784450716212 8.315
      vertex 99.18681282620149 -4.823980464733939 10.34
      vertex 99.27521554928379 -4.924784450716212 10.34
    endloop
  endfacet
  facet normal 0.6593458151000344 0.7518398074790076 0
    outer loop
      vertex 99.37601953526607 -5.013187173798516 8.315
      vertex 99.27521554928379 -4.924784450716212 10.34
      vertex 99.37601953526607 -5.013187173798516 10.34
    endloop
  endfacet
  facet normal 0.5555702330196303 0.8314696123025266 0
    outer loop
      vertex 99.4875 -5.087676038879049 8.315
      vertex 99.37601953526607 -5.013187173798516 10.34
      vertex 99.4875 -5.087676038879049 10.34
    endloop
  endfacet
  facet normal 0.44228869021900913 0.8968727415326846 0
    outer loop
      vertex 99.60774948182578 -5.146976520824069 8.315
      vertex 99.4875 -5.087676038879049 10.34
      vertex 99.60774948182578 -5.146976520824069 10.34
    endloop
  endfacet
  facet normal 0.3214394653031589 0.9469301294951066 0
    outer loop
      vertex 99.73471047876991 -5.190073971946295 8.315
      vertex 99.60774948182578 -5.146976520824069 10.34
      vertex 99.73471047876991 -5.190073971946295 10.34
    endloop
  endfacet
  facet normal 0.19509032201612958 0.9807852804032302 0
    outer loop
      vertex 99.86621065297444 -5.216230982908156 8.315
      vertex 99.73471047876991 -5.190073971946295 10.34
      vertex 99.86621065297444 -5.216230982908156 10.34
    endloop
  endfacet
  facet normal 0.065403129230136 0.997858923238604 0
    outer loop
      vertex 100 -5.225 8.315
      vertex 99.86621065297444 -5.216230982908156 10.34
      vertex 100 -5.225 10.34
    endloop
  endfacet
  facet normal -0.946930129495083 0.32143946530322826 0
    outer loop
      vertex 100.9900739719463 -4.465289521230084 8.315
      vertex 100.94697652082407 -4.592250518174217 10.34
      vertex 100.9900739719463 -4.465289521230084 10.34
    endloop
  endfacet
  facet normal -0.8968727415326989 0.4422886902189799 0
    outer loop
      vertex 100.94697652082407 -4.592250518174217 8.315
      vertex 100.88767603887905 -4.7125 10.34
      vertex 100.94697652082407 -4.592250518174217 10.34
    endloop
  endfacet
  facet normal -0.44228869021900913 0.8968727415326846 0
    outer loop
      vertex 100.5125 -5.087676038879049 8.315
      vertex 100.39225051817422 -5.146976520824069 10.34
      vertex 100.5125 -5.087676038879049 10.34
    endloop
  endfacet
  facet normal -0.8314696123025255 0.5555702330196317 0
    outer loop
      vertex 100.88767603887905 -4.7125 8.315
      vertex 100.81318717379851 -4.823980464733939 10.34
      vertex 100.88767603887905 -4.7125 10.34
    endloop
  endfacet
  facet normal -0.7518398074790084 0.6593458151000336 0
    outer loop
      vertex 100.81318717379851 -4.823980464733939 8.315
      vertex 100.72478445071621 -4.924784450716212 10.34
      vertex 100.81318717379851 -4.823980464733939 10.34
    endloop
  endfacet
  facet normal -0.6593458151000344 0.7518398074790076 0
    outer loop
      vertex 100.72478445071621 -4.924784450716212 8.315
      vertex 100.62398046473393 -5.013187173798516 10.34
      vertex 100.72478445071621 -4.924784450716212 10.34
    endloop
  endfacet
  facet normal -0.5555702330196303 0.8314696123025266 0
    outer loop
      vertex 100.62398046473393 -5.013187173798516 8.315
      vertex 100.5125 -5.087676038879049 10.34
      vertex 100.62398046473393 -5.013187173798516 10.34
    endloop
  endfacet
  facet normal -0.9978589232386005 0.06540312923019007 0
    outer loop
      vertex 101.025 -4.2 8.315
      vertex 101.01623098290816 -4.333789347025553 10.34
      vertex 101.025 -4.2 10.34
    endloop
  endfacet
  facet normal -0.9807852804032413 0.1950903220160735 0
    outer loop
      vertex 101.01623098290816 -4.333789347025553 8.315
      vertex 100.9900739719463 -4.465289521230084 10.34
      vertex 101.01623098290816 -4.333789347025553 10.34
    endloop
  endfacet
  facet normal -0.065403129230136 0.997858923238604 0
    outer loop
      vertex 100.13378934702556 -5.216230982908156 8.315
      vertex 100 -5.225 10.34
      vertex 100.13378934702556 -5.216230982908156 10.34
    endloop
  endfacet
  facet normal -0.19509032201612958 0.9807852804032302 0
    outer loop
      vertex 100.26528952123009 -5.190073971946295 8.315
      vertex 100.13378934702556 -5.216230982908156 10.34
      vertex 100.26528952123009 -5.190073971946295 10.34
    endloop
  endfacet
  facet normal -0.3214394653031589 0.9469301294951066 0
    outer loop
      vertex 100.39225051817422 -5.146976520824069 8.315
      vertex 100.26528952123009 -5.190073971946295 10.34
      vertex 100.39225051817422 -5.146976520824069 10.34
    endloop
  endfacet
  facet normal 0 0 -1
    outer loop
      vertex 98.98376901709184 -4.066210652974448 10.34
      vertex 98.98376901709184 -4.333789347025553 10.34
      vertex 98.975 -4.2 10.34
    endloop
  endfacet
  facet normal 0 0 -1
    outer loop
      vertex 99.0099260280537 -3.9347104787699165 10.34
      vertex 99.0099260280537 -4.465289521230084 10.34
      vertex 98.98376901709184 -4.333789347025553 10.34
    endloop
  endfacet
  facet normal 0 0 -1
    outer loop
      vertex 99.05302347917593 -3.807749481825783 10.34
      vertex 99.05302347917593 -4.592250518174217 10.34
      vertex 99.0099260280537 -4.465289521230084 10.34
    endloop
  endfacet
  facet normal 0 0 -1
    outer loop
      vertex 99.11232396112095 -3.6875 10.34
      vertex 99.11232396112095 -4.7125 10.34
      vertex 99.05302347917593 -4.592250518174217 10.34
    endloop
  endfacet
  facet normal 0 0 -1
    outer loop
      vertex 99.18681282620149 -3.5760195352660613 10.34
      vertex 99.18681282620149 -4.823980464733939 10.34
      vertex 99.11232396112095 -4.7125 10.34
    endloop
  endfacet
  facet normal 0 0 -1
    outer loop
      vertex 99.27521554928379 -3.475215549283789 10.34
      vertex 99.27521554928379 -4.924784450716212 10.34
      vertex 99.18681282620149 -4.823980464733939 10.34
    endloop
  endfacet
  facet normal 0 0 -1
    outer loop
      vertex 99.37601953526607 -3.386812826201484 10.34
      vertex 99.37601953526607 -5.013187173798516 10.34
      vertex 99.27521554928379 -4.924784450716212 10.34
    endloop
  endfacet
  facet normal 0 0 -1
    outer loop
      vertex 99.4875 -3.312323961120951 10.34
      vertex 99.4875 -5.087676038879049 10.34
      vertex 99.37601953526607 -5.013187173798516 10.34
    endloop
  endfacet
  facet normal 0 0 -1
    outer loop
      vertex 99.60774948182578 -3.2530234791759316 10.34
      vertex 99.60774948182578 -5.146976520824069 10.34
      vertex 99.4875 -5.087676038879049 10.34
    endloop
  endfacet
  facet normal 0 0 -1
    outer loop
      vertex 99.73471047876991 -3.2099260280537054 10.34
      vertex 99.73471047876991 -5.190073971946295 10.34
      vertex 99.60774948182578 -5.146976520824069 10.34
    endloop
  endfacet
  facet normal 0 0 -1
    outer loop
      vertex 99.86621065297444 -3.1837690170918447 10.34
      vertex 99.86621065297444 -5.216230982908156 10.34
      vertex 99.73471047876991 -5.190073971946295 10.34
    endloop
  endfacet
  facet normal 0 0 -1
    outer loop
      vertex 100 -3.1750000000000003 10.34
      vertex 100 -5.225 10.34
      vertex 99.86621065297444 -5.216230982908156 10.34
    endloop
  endfacet
  facet normal 0 0 -1
    outer loop
      vertex 100.13378934702556 -3.1837690170918447 10.34
      vertex 100.13378934702556 -5.216230982908156 10.34
      vertex 100 -5.225 10.34
    endloop
  endfacet
  facet normal 0 0 -1
    outer loop
      vertex 100.26528952123009 -3.2099260280537054 10.34
      vertex 100.26528952123009 -5.190073971946295 10.34
      vertex 100.13378934702556 -5.216230982908156 10.34
    endloop
  endfacet
  facet normal 0 0 -1
    outer loop
      vertex 100.39225051817422 -3.2530234791759316 10.34
      vertex 100.39225051817422 -5.146976520824069 10.34
      vertex 100.26528952123009 -5.190073971946295 10.34
    endloop
  endfacet
  facet normal 0 0 -1
    outer loop
      vertex 100.5125 -3.312323961120951 10.34
      vertex 100.5125 -5.087676038879049 10.34
      vertex 100.39225051817422 -5.146976520824069 10.34
    endloop
  endfacet
  facet normal 0 0 -1
    outer loop
      vertex 100.9900739719463 -3.9347104787699165 10.34
      vertex 101.01623098290816 -4.066210652974448 10.34
      vertex 100.9900739719463 -4.465289521230084 10.34
    endloop
  endfacet
  facet normal 0 0 -1
    outer loop
      vertex 100.94697652082407 -3.807749481825783 10.34
      vertex 100.94697652082407 -4.592250518174217 10.34
      vertex 100.88767603887905 -4.7125 10.34
    endloop
  endfacet
  facet normal 0 0 -1
    outer loop
      vertex 100.9900739719463 -3.9347104787699165 10.34
      vertex 100.9900739719463 -4.465289521230084 10.34
      vertex 100.94697652082407 -4.592250518174217 10.34
    endloop
  endfacet
  facet normal 0 0 -1
    outer loop
      vertex 100.62398046473393 -3.386812826201484 10.34
      vertex 100.62398046473393 -5.013187173798516 10.34
      vertex 100.5125 -5.087676038879049 10.34
    endloop
  endfacet
  facet normal 0 0 -1
    outer loop
      vertex 100.72478445071621 -3.475215549283789 10.34
      vertex 100.72478445071621 -4.924784450716212 10.34
      vertex 100.62398046473393 -5.013187173798516 10.34
    endloop
  endfacet
  facet normal 0 0 -1
    outer loop
      vertex 100.81318717379851 -3.5760195352660613 10.34
      vertex 100.81318717379851 -4.823980464733939 10.34
      vertex 100.72478445071621 -4.924784450716212 10.34
    endloop
  endfacet
  facet normal 0 0 -1
    outer loop
      vertex 100.88767603887905 -3.6875 10.34
      vertex 100.88767603887905 -4.7125 10.34
      vertex 100.81318717379851 -4.823980464733939 10.34
    endloop
  endfacet
  facet normal 0 0 -1
    outer loop
      vertex 101.01623098290816 -4.066210652974448 10.34
      vertex 101.025 -4.2 10.34
      vertex 101.01623098290816 -4.333789347025553 10.34
    endloop
  endfacet
  facet normal 0 0 -1
    outer loop
      vertex 101.01623098290816 -4.066210652974448 10.34
      vertex 101.01623098290816 -4.333789347025553 10.34
      vertex 100.9900739719463 -4.465289521230084 10.34
    endloop
  endfacet
  facet normal 0.5555702330196012 -0.8314696123025459 0
    outer loop
      vertex 39.4875 -60.81232396112095 5.85
      vertex 39.4875 -60.81232396112095 7.715
      vertex 39.37601953526606 -60.886812826201485 5.85
    endloop
  endfacet
  facet normal 0.4422886902189668 -0.8968727415327054 0
    outer loop
      vertex 39.4875 -60.81232396112095 5.85
      vertex 39.607749481825785 -60.75302347917594 5.85
      vertex 39.607749481825785 -60.75302347917594 7.715
    endloop
  endfacet
  facet normal 0.3214394653031767 -0.9469301294951005 0
    outer loop
      vertex 39.73471047876992 -60.70992602805371 5.85
      vertex 39.73471047876992 -60.70992602805371 7.715
      vertex 39.607749481825785 -60.75302347917594 5.85
    endloop
  endfacet
  facet normal 0.19509032201613336 -0.9807852804032295 0
    outer loop
      vertex 39.73471047876992 -60.70992602805371 5.85
      vertex 39.866210652974445 -60.68376901709185 5.85
      vertex 39.866210652974445 -60.68376901709185 7.715
    endloop
  endfacet
  facet normal 0.065403129230136 -0.9978589232386039 0
    outer loop
      vertex 39.866210652974445 -60.68376901709185 5.85
      vertex 40 -60.675000000000004 5.85
      vertex 40 -60.675000000000004 7.715
    endloop
  endfacet
  facet normal 0.9978589232386039 -0.065403129230136 0
    outer loop
      vertex 38.983769017091845 -61.56621065297445 5.85
      vertex 38.983769017091845 -61.56621065297445 7.715
      vertex 38.975 -61.7 5.85
    endloop
  endfacet
  facet normal 0.9978589232386039 0.065403129230136 0
    outer loop
      vertex 38.975 -61.7 5.85
      vertex 38.975 -61.7 7.715
      vertex 38.983769017091845 -61.83378934702556 5.85
    endloop
  endfacet
  facet normal 0.7518398074789878 -0.659345815100057 0
    outer loop
      vertex 39.18681282620148 -61.07601953526606 5.85
      vertex 39.275215549283786 -60.97521554928379 5.85
      vertex 39.275215549283786 -60.97521554928379 7.715
    endloop
  endfacet
  facet normal 0.659345815100057 -0.7518398074789878 0
    outer loop
      vertex 39.37601953526606 -60.886812826201485 5.85
      vertex 39.37601953526606 -60.886812826201485 7.715
      vertex 39.275215549283786 -60.97521554928379 5.85
    endloop
  endfacet
  facet normal 0.8968727415327054 -0.4422886902189668 0
    outer loop
      vertex 39.11232396112095 -61.1875 5.85
      vertex 39.11232396112095 -61.1875 7.715
      vertex 39.053023479175934 -61.30774948182579 5.85
    endloop
  endfacet
  facet normal 0.8314696123025459 -0.5555702330196012 0
    outer loop
      vertex 39.18681282620148 -61.07601953526606 5.85
      vertex 39.18681282620148 -61.07601953526606 7.715
      vertex 39.11232396112095 -61.1875 5.85
    endloop
  endfacet
  facet normal 0.9469301294951005 -0.3214394653031767 0
    outer loop
      vertex 39.053023479175934 -61.30774948182579 5.85
      vertex 39.053023479175934 -61.30774948182579 7.715
      vertex 39.009926028053705 -61.43471047876992 5.85
    endloop
  endfacet
  facet normal 0.9807852804032295 -0.19509032201613336 0
    outer loop
      vertex 38.983769017091845 -61.56621065297445 5.85
      vertex 39.009926028053705 -61.43471047876992 5.85
      vertex 39.009926028053705 -61.43471047876992 7.715
    endloop
  endfacet
  facet normal -0.065403129230136 -0.9978589232386039 0
    outer loop
      vertex 40 -60.675000000000004 5.85
      vertex 40.133789347025555 -60.68376901709185 5.85
      vertex 40.133789347025555 -60.68376901709185 7.715
    endloop
  endfacet
  facet normal -0.19509032201613336 -0.9807852804032295 0
    outer loop
      vertex 40.133789347025555 -60.68376901709185 5.85
      vertex 40.26528952123008 -60.70992602805371 5.85
      vertex 40.26528952123008 -60.70992602805371 7.715
    endloop
  endfacet
  facet normal -0.3214394653031767 -0.9469301294951005 0
    outer loop
      vertex 40.26528952123008 -60.70992602805371 5.85
      vertex 40.392250518174215 -60.75302347917594 5.85
      vertex 40.392250518174215 -60.75302347917594 7.715
    endloop
  endfacet
  facet normal -0.4422886902189668 -0.8968727415327054 0
    outer loop
      vertex 40.392250518174215 -60.75302347917594 5.85
      vertex 40.5125 -60.81232396112095 5.85
      vertex 40.5125 -60.81232396112095 7.715
    endloop
  endfacet
  facet normal -0.5555702330196012 -0.8314696123025459 0
    outer loop
      vertex 40.5125 -60.81232396112095 5.85
      vertex 40.62398046473394 -60.886812826201485 5.85
      vertex 40.62398046473394 -60.886812826201485 7.715
    endloop
  endfacet
  facet normal -0.659345815100057 -0.7518398074789878 0
    outer loop
      vertex 40.62398046473394 -60.886812826201485 5.85
      vertex 40.724784450716214 -60.97521554928379 5.85
      vertex 40.724784450716214 -60.97521554928379 7.715
    endloop
  endfacet
  facet normal -0.7518398074789878 -0.659345815100057 0
    outer loop
      vertex 40.724784450716214 -60.97521554928379 5.85
      vertex 40.81318717379852 -61.07601953526606 5.85
      vertex 40.81318717379852 -61.07601953526606 7.715
    endloop
  endfacet
  facet normal -0.8314696123025459 -0.5555702330196012 0
    outer loop
      vertex 40.81318717379852 -61.07601953526606 5.85
      vertex 40.88767603887905 -61.1875 5.85
      vertex 40.88767603887905 -61.1875 7.715
    endloop
  endfacet
  facet normal -0.8968727415327054 -0.4422886902189668 0
    outer loop
      vertex 40.88767603887905 -61.1875 5.85
      vertex 40.946976520824066 -61.30774948182579 5.85
      vertex 40.946976520824066 -61.30774948182579 7.715
    endloop
  endfacet
  facet normal -0.9469301294951005 -0.3214394653031767 0
    outer loop
      vertex 40.946976520824066 -61.30774948182579 5.85
      vertex 40.990073971946295 -61.43471047876992 5.85
      vertex 40.990073971946295 -61.43471047876992 7.715
    endloop
  endfacet
  facet normal -0.9807852804032295 -0.19509032201613336 0
    outer loop
      vertex 40.990073971946295 -61.43471047876992 5.85
      vertex 41.016230982908155 -61.56621065297445 5.85
      vertex 41.016230982908155 -61.56621065297445 7.715
    endloop
  endfacet
  facet normal -0.9978589232386039 -0.065403129230136 0
    outer loop
      vertex 41.016230982908155 -61.56621065297445 5.85
      vertex 41.025 -61.7 5.85
      vertex 41.025 -61.7 7.715
    endloop
  endfacet
  facet normal -0.9978589232386039 0.065403129230136 0
    outer loop
      vertex 41.025 -61.7 5.85
      vertex 41.016230982908155 -61.83378934702556 5.85
      vertex 41.016230982908155 -61.83378934702556 7.715
    endloop
  endfacet
  facet normal 0.9807852804032295 0.19509032201613336 0
    outer loop
      vertex 38.983769017091845 -61.83378934702556 5.85
      vertex 38.983769017091845 -61.83378934702556 7.715
      vertex 39.009926028053705 -61.96528952123008 5.85
    endloop
  endfacet
  facet normal 0.9469301294951005 0.3214394653031767 0
    outer loop
      vertex 39.009926028053705 -61.96528952123008 5.85
      vertex 39.009926028053705 -61.96528952123008 7.715
      vertex 39.053023479175934 -62.09225051817422 5.85
    endloop
  endfacet
  facet normal 0.8968727415327054 0.4422886902189668 0
    outer loop
      vertex 39.053023479175934 -62.09225051817422 5.85
      vertex 39.053023479175934 -62.09225051817422 7.715
      vertex 39.11232396112095 -62.212500000000006 5.85
    endloop
  endfacet
  facet normal 0.8314696123025459 0.5555702330196012 0
    outer loop
      vertex 39.11232396112095 -62.212500000000006 5.85
      vertex 39.11232396112095 -62.212500000000006 7.715
      vertex 39.18681282620148 -62.32398046473394 5.85
    endloop
  endfacet
  facet normal 0.7518398074789878 0.659345815100057 0
    outer loop
      vertex 39.18681282620148 -62.32398046473394 5.85
      vertex 39.18681282620148 -62.32398046473394 7.715
      vertex 39.275215549283786 -62.42478445071622 5.85
    endloop
  endfacet
  facet normal 0.659345815100057 0.7518398074789878 0
    outer loop
      vertex 39.275215549283786 -62.42478445071622 5.85
      vertex 39.275215549283786 -62.42478445071622 7.715
      vertex 39.37601953526606 -62.51318717379852 5.85
    endloop
  endfacet
  facet normal 0.5555702330196012 0.8314696123025459 0
    outer loop
      vertex 39.37601953526606 -62.51318717379852 5.85
      vertex 39.37601953526606 -62.51318717379852 7.715
      vertex 39.4875 -62.58767603887905 5.85
    endloop
  endfacet
  facet normal 0.4422886902189668 0.8968727415327054 0
    outer loop
      vertex 39.4875 -62.58767603887905 5.85
      vertex 39.4875 -62.58767603887905 7.715
      vertex 39.607749481825785 -62.64697652082407 5.85
    endloop
  endfacet
  facet normal 0.3214394653031767 0.9469301294951005 0
    outer loop
      vertex 39.607749481825785 -62.64697652082407 5.85
      vertex 39.607749481825785 -62.64697652082407 7.715
      vertex 39.73471047876992 -62.6900739719463 5.85
    endloop
  endfacet
  facet normal 0.19509032201613336 0.9807852804032295 0
    outer loop
      vertex 39.73471047876992 -62.6900739719463 5.85
      vertex 39.73471047876992 -62.6900739719463 7.715
      vertex 39.866210652974445 -62.71623098290816 5.85
    endloop
  endfacet
  facet normal 0.065403129230136 0.9978589232386039 0
    outer loop
      vertex 39.866210652974445 -62.71623098290816 5.85
      vertex 39.866210652974445 -62.71623098290816 7.715
      vertex 40 -62.725 5.85
    endloop
  endfacet
  facet normal -0.9807852804032295 0.19509032201613336 0
    outer loop
      vertex 41.016230982908155 -61.83378934702556 5.85
      vertex 40.990073971946295 -61.96528952123008 5.85
      vertex 40.990073971946295 -61.96528952123008 7.715
    endloop
  endfacet
  facet normal -0.9469301294951005 0.3214394653031767 0
    outer loop
      vertex 40.990073971946295 -61.96528952123008 5.85
      vertex 40.946976520824066 -62.09225051817422 5.85
      vertex 40.946976520824066 -62.09225051817422 7.715
    endloop
  endfacet
  facet normal -0.8968727415327054 0.4422886902189668 0
    outer loop
      vertex 40.946976520824066 -62.09225051817422 5.85
      vertex 40.88767603887905 -62.212500000000006 5.85
      vertex 40.88767603887905 -62.212500000000006 7.715
    endloop
  endfacet
  facet normal -0.8314696123025459 0.5555702330196012 0
    outer loop
      vertex 40.88767603887905 -62.212500000000006 5.85
      vertex 40.81318717379852 -62.32398046473394 5.85
      vertex 40.81318717379852 -62.32398046473394 7.715
    endloop
  endfacet
  facet normal -0.4422886902189668 0.8968727415327054 0
    outer loop
      vertex 40.392250518174215 -62.64697652082407 5.85
      vertex 40.392250518174215 -62.64697652082407 7.715
      vertex 40.5125 -62.58767603887905 5.85
    endloop
  endfacet
  facet normal -0.065403129230136 0.9978589232386039 0
    outer loop
      vertex 40 -62.725 5.85
      vertex 40 -62.725 7.715
      vertex 40.133789347025555 -62.71623098290816 5.85
    endloop
  endfacet
  facet normal -0.19509032201613336 0.9807852804032295 0
    outer loop
      vertex 40.133789347025555 -62.71623098290816 5.85
      vertex 40.133789347025555 -62.71623098290816 7.715
      vertex 40.26528952123008 -62.6900739719463 5.85
    endloop
  endfacet
  facet normal -0.3214394653031767 0.9469301294951005 0
    outer loop
      vertex 40.392250518174215 -62.64697652082407 5.85
      vertex 40.26528952123008 -62.6900739719463 5.85
      vertex 40.26528952123008 -62.6900739719463 7.715
    endloop
  endfacet
  facet normal -0.659345815100057 0.7518398074789878 0
    outer loop
      vertex 40.62398046473394 -62.51318717379852 5.85
      vertex 40.62398046473394 -62.51318717379852 7.715
      vertex 40.724784450716214 -62.42478445071622 5.85
    endloop
  endfacet
  facet normal -0.5555702330196012 0.8314696123025459 0
    outer loop
      vertex 40.62398046473394 -62.51318717379852 5.85
      vertex 40.5125 -62.58767603887905 5.85
      vertex 40.5125 -62.58767603887905 7.715
    endloop
  endfacet
  facet normal -0.7518398074789878 0.659345815100057 0
    outer loop
      vertex 40.81318717379852 -62.32398046473394 5.85
      vertex 40.724784450716214 -62.42478445071622 5.85
      vertex 40.724784450716214 -62.42478445071622 7.715
    endloop
  endfacet
  facet normal 0.4422886902189668 -0.8968727415327054 0
    outer loop
      vertex 39.4875 -60.81232396112095 5.85
      vertex 39.607749481825785 -60.75302347917594 7.715
      vertex 39.4875 -60.81232396112095 7.715
    endloop
  endfacet
  facet normal 0.3214394653031767 -0.9469301294951005 0
    outer loop
      vertex 39.607749481825785 -60.75302347917594 5.85
      vertex 39.73471047876992 -60.70992602805371 7.715
      vertex 39.607749481825785 -60.75302347917594 7.715
    endloop
  endfacet
  facet normal 0.19509032201613336 -0.9807852804032295 0
    outer loop
      vertex 39.73471047876992 -60.70992602805371 5.85
      vertex 39.866210652974445 -60.68376901709185 7.715
      vertex 39.73471047876992 -60.70992602805371 7.715
    endloop
  endfacet
  facet normal 0.065403129230136 -0.9978589232386039 0
    outer loop
      vertex 39.866210652974445 -60.68376901709185 5.85
      vertex 40 -60.675000000000004 7.715
      vertex 39.866210652974445 -60.68376901709185 7.715
    endloop
  endfacet
  facet normal 0.9807852804032295 -0.19509032201613336 0
    outer loop
      vertex 38.983769017091845 -61.56621065297445 5.85
      vertex 39.009926028053705 -61.43471047876992 7.715
      vertex 38.983769017091845 -61.56621065297445 7.715
    endloop
  endfacet
  facet normal 0.9978589232386039 -0.065403129230136 0
    outer loop
      vertex 38.975 -61.7 5.85
      vertex 38.983769017091845 -61.56621065297445 7.715
      vertex 38.975 -61.7 7.715
    endloop
  endfacet
  facet normal 0.9978589232386039 0.065403129230136 0
    outer loop
      vertex 38.983769017091845 -61.83378934702556 5.85
      vertex 38.975 -61.7 7.715
      vertex 38.983769017091845 -61.83378934702556 7.715
    endloop
  endfacet
  facet normal 0.7518398074789878 -0.659345815100057 0
    outer loop
      vertex 39.18681282620148 -61.07601953526606 5.85
      vertex 39.275215549283786 -60.97521554928379 7.715
      vertex 39.18681282620148 -61.07601953526606 7.715
    endloop
  endfacet
  facet normal 0.659345815100057 -0.7518398074789878 0
    outer loop
      vertex 39.275215549283786 -60.97521554928379 5.85
      vertex 39.37601953526606 -60.886812826201485 7.715
      vertex 39.275215549283786 -60.97521554928379 7.715
    endloop
  endfacet
  facet normal 0.5555702330196012 -0.8314696123025459 0
    outer loop
      vertex 39.37601953526606 -60.886812826201485 5.85
      vertex 39.4875 -60.81232396112095 7.715
      vertex 39.37601953526606 -60.886812826201485 7.715
    endloop
  endfacet
  facet normal 0.8314696123025459 -0.5555702330196012 0
    outer loop
      vertex 39.11232396112095 -61.1875 5.85
      vertex 39.18681282620148 -61.07601953526606 7.715
      vertex 39.11232396112095 -61.1875 7.715
    endloop
  endfacet
  facet normal 0.8968727415327054 -0.4422886902189668 0
    outer loop
      vertex 39.053023479175934 -61.30774948182579 5.85
      vertex 39.11232396112095 -61.1875 7.715
      vertex 39.053023479175934 -61.30774948182579 7.715
    endloop
  endfacet
  facet normal 0.9469301294951005 -0.3214394653031767 0
    outer loop
      vertex 39.009926028053705 -61.43471047876992 5.85
      vertex 39.053023479175934 -61.30774948182579 7.715
      vertex 39.009926028053705 -61.43471047876992 7.715
    endloop
  endfacet
  facet normal -0.065403129230136 -0.9978589232386039 0
    outer loop
      vertex 40 -60.675000000000004 5.85
      vertex 40.133789347025555 -60.68376901709185 7.715
      vertex 40 -60.675000000000004 7.715
    endloop
  endfacet
  facet normal -0.19509032201613336 -0.9807852804032295 0
    outer loop
      vertex 40.133789347025555 -60.68376901709185 5.85
      vertex 40.26528952123008 -60.70992602805371 7.715
      vertex 40.133789347025555 -60.68376901709185 7.715
    endloop
  endfacet
  facet normal -0.3214394653031767 -0.9469301294951005 0
    outer loop
      vertex 40.26528952123008 -60.70992602805371 5.85
      vertex 40.392250518174215 -60.75302347917594 7.715
      vertex 40.26528952123008 -60.70992602805371 7.715
    endloop
  endfacet
  facet normal -0.4422886902189668 -0.8968727415327054 0
    outer loop
      vertex 40.392250518174215 -60.75302347917594 5.85
      vertex 40.5125 -60.81232396112095 7.715
      vertex 40.392250518174215 -60.75302347917594 7.715
    endloop
  endfacet
  facet normal -0.5555702330196012 -0.8314696123025459 0
    outer loop
      vertex 40.5125 -60.81232396112095 5.85
      vertex 40.62398046473394 -60.886812826201485 7.715
      vertex 40.5125 -60.81232396112095 7.715
    endloop
  endfacet
  facet normal -0.659345815100057 -0.7518398074789878 0
    outer loop
      vertex 40.62398046473394 -60.886812826201485 5.85
      vertex 40.724784450716214 -60.97521554928379 7.715
      vertex 40.62398046473394 -60.886812826201485 7.715
    endloop
  endfacet
  facet normal -0.7518398074789878 -0.659345815100057 0
    outer loop
      vertex 40.724784450716214 -60.97521554928379 5.85
      vertex 40.81318717379852 -61.07601953526606 7.715
      vertex 40.724784450716214 -60.97521554928379 7.715
    endloop
  endfacet
  facet normal -0.8314696123025459 -0.5555702330196012 0
    outer loop
      vertex 40.81318717379852 -61.07601953526606 5.85
      vertex 40.88767603887905 -61.1875 7.715
      vertex 40.81318717379852 -61.07601953526606 7.715
    endloop
  endfacet
  facet normal -0.8968727415327054 -0.4422886902189668 0
    outer loop
      vertex 40.88767603887905 -61.1875 5.85
      vertex 40.946976520824066 -61.30774948182579 7.715
      vertex 40.88767603887905 -61.1875 7.715
    endloop
  endfacet
  facet normal -0.9469301294951005 -0.3214394653031767 0
    outer loop
      vertex 40.946976520824066 -61.30774948182579 5.85
      vertex 40.990073971946295 -61.43471047876992 7.715
      vertex 40.946976520824066 -61.30774948182579 7.715
    endloop
  endfacet
  facet normal -0.9807852804032295 -0.19509032201613336 0
    outer loop
      vertex 40.990073971946295 -61.43471047876992 5.85
      vertex 41.016230982908155 -61.56621065297445 7.715
      vertex 40.990073971946295 -61.43471047876992 7.715
    endloop
  endfacet
  facet normal -0.9978589232386039 -0.065403129230136 0
    outer loop
      vertex 41.016230982908155 -61.56621065297445 5.85
      vertex 41.025 -61.7 7.715
      vertex 41.016230982908155 -61.56621065297445 7.715
    endloop
  endfacet
  facet normal -0.9978589232386039 0.065403129230136 0
    outer loop
      vertex 41.025 -61.7 5.85
      vertex 41.016230982908155 -61.83378934702556 7.715
      vertex 41.025 -61.7 7.715
    endloop
  endfacet
  facet normal 0.5555702330196013 -0.831469612302546 0
    outer loop
      vertex 39.4875 -60.81232396112095 8.315
      vertex 39.4875 -60.81232396112095 10.34
      vertex 39.37601953526606 -60.886812826201485 8.315
    endloop
  endfacet
  facet normal 0.4422886902189668 -0.8968727415327055 0
    outer loop
      vertex 39.4875 -60.81232396112095 8.315
      vertex 39.607749481825785 -60.75302347917594 8.315
      vertex 39.607749481825785 -60.75302347917594 10.34
    endloop
  endfacet
  facet normal 0.3214394653031767 -0.9469301294951006 0
    outer loop
      vertex 39.73471047876992 -60.70992602805371 8.315
      vertex 39.73471047876992 -60.70992602805371 10.34
      vertex 39.607749481825785 -60.75302347917594 8.315
    endloop
  endfacet
  facet normal 0.19509032201613333 -0.9807852804032294 0
    outer loop
      vertex 39.73471047876992 -60.70992602805371 8.315
      vertex 39.866210652974445 -60.68376901709185 8.315
      vertex 39.866210652974445 -60.68376901709185 10.34
    endloop
  endfacet
  facet normal 0.065403129230136 -0.997858923238604 0
    outer loop
      vertex 39.866210652974445 -60.68376901709185 8.315
      vertex 40 -60.675000000000004 8.315
      vertex 40 -60.675000000000004 10.34
    endloop
  endfacet
  facet normal 0.997858923238604 -0.065403129230136 0
    outer loop
      vertex 38.983769017091845 -61.56621065297445 8.315
      vertex 38.983769017091845 -61.56621065297445 10.34
      vertex 38.975 -61.7 8.315
    endloop
  endfacet
  facet normal 0.997858923238604 0.065403129230136 0
    outer loop
      vertex 38.975 -61.7 8.315
      vertex 38.975 -61.7 10.34
      vertex 38.983769017091845 -61.83378934702556 8.315
    endloop
  endfacet
  facet normal 0.7518398074789878 -0.6593458151000569 0
    outer loop
      vertex 39.18681282620148 -61.07601953526606 8.315
      vertex 39.275215549283786 -60.97521554928379 8.315
      vertex 39.275215549283786 -60.97521554928379 10.34
    endloop
  endfacet
  facet normal 0.6593458151000569 -0.7518398074789878 0
    outer loop
      vertex 39.37601953526606 -60.886812826201485 8.315
      vertex 39.37601953526606 -60.886812826201485 10.34
      vertex 39.275215549283786 -60.97521554928379 8.315
    endloop
  endfacet
  facet normal 0.8968727415327055 -0.4422886902189668 0
    outer loop
      vertex 39.11232396112095 -61.1875 8.315
      vertex 39.11232396112095 -61.1875 10.34
      vertex 39.053023479175934 -61.30774948182579 8.315
    endloop
  endfacet
  facet normal 0.831469612302546 -0.5555702330196013 0
    outer loop
      vertex 39.18681282620148 -61.07601953526606 8.315
      vertex 39.18681282620148 -61.07601953526606 10.34
      vertex 39.11232396112095 -61.1875 8.315
    endloop
  endfacet
  facet normal 0.9469301294951006 -0.3214394653031767 0
    outer loop
      vertex 39.053023479175934 -61.30774948182579 8.315
      vertex 39.053023479175934 -61.30774948182579 10.34
      vertex 39.009926028053705 -61.43471047876992 8.315
    endloop
  endfacet
  facet normal 0.9807852804032294 -0.19509032201613333 0
    outer loop
      vertex 38.983769017091845 -61.56621065297445 8.315
      vertex 39.009926028053705 -61.43471047876992 8.315
      vertex 39.009926028053705 -61.43471047876992 10.34
    endloop
  endfacet
  facet normal -0.065403129230136 -0.997858923238604 0
    outer loop
      vertex 40 -60.675000000000004 8.315
      vertex 40.133789347025555 -60.68376901709185 8.315
      vertex 40.133789347025555 -60.68376901709185 10.34
    endloop
  endfacet
  facet normal -0.19509032201613333 -0.9807852804032294 0
    outer loop
      vertex 40.133789347025555 -60.68376901709185 8.315
      vertex 40.26528952123008 -60.70992602805371 8.315
      vertex 40.26528952123008 -60.70992602805371 10.34
    endloop
  endfacet
  facet normal -0.3214394653031767 -0.9469301294951006 0
    outer loop
      vertex 40.26528952123008 -60.70992602805371 8.315
      vertex 40.392250518174215 -60.75302347917594 8.315
      vertex 40.392250518174215 -60.75302347917594 10.34
    endloop
  endfacet
  facet normal -0.4422886902189668 -0.8968727415327055 0
    outer loop
      vertex 40.392250518174215 -60.75302347917594 8.315
      vertex 40.5125 -60.81232396112095 8.315
      vertex 40.5125 -60.81232396112095 10.34
    endloop
  endfacet
  facet normal -0.5555702330196013 -0.831469612302546 0
    outer loop
      vertex 40.5125 -60.81232396112095 8.315
      vertex 40.62398046473394 -60.886812826201485 8.315
      vertex 40.62398046473394 -60.886812826201485 10.34
    endloop
  endfacet
  facet normal -0.6593458151000569 -0.7518398074789878 0
    outer loop
      vertex 40.62398046473394 -60.886812826201485 8.315
      vertex 40.724784450716214 -60.97521554928379 8.315
      vertex 40.724784450716214 -60.97521554928379 10.34
    endloop
  endfacet
  facet normal -0.7518398074789878 -0.6593458151000569 0
    outer loop
      vertex 40.724784450716214 -60.97521554928379 8.315
      vertex 40.81318717379852 -61.07601953526606 8.315
      vertex 40.81318717379852 -61.07601953526606 10.34
    endloop
  endfacet
  facet normal -0.831469612302546 -0.5555702330196013 0
    outer loop
      vertex 40.81318717379852 -61.07601953526606 8.315
      vertex 40.88767603887905 -61.1875 8.315
      vertex 40.88767603887905 -61.1875 10.34
    endloop
  endfacet
  facet normal -0.8968727415327055 -0.4422886902189668 0
    outer loop
      vertex 40.88767603887905 -61.1875 8.315
      vertex 40.946976520824066 -61.30774948182579 8.315
      vertex 40.946976520824066 -61.30774948182579 10.34
    endloop
  endfacet
  facet normal -0.9469301294951006 -0.3214394653031767 0
    outer loop
      vertex 40.946976520824066 -61.30774948182579 8.315
      vertex 40.990073971946295 -61.43471047876992 8.315
      vertex 40.990073971946295 -61.43471047876992 10.34
    endloop
  endfacet
  facet normal -0.9807852804032294 -0.19509032201613333 0
    outer loop
      vertex 40.990073971946295 -61.43471047876992 8.315
      vertex 41.016230982908155 -61.56621065297445 8.315
      vertex 41.016230982908155 -61.56621065297445 10.34
    endloop
  endfacet
  facet normal -0.997858923238604 -0.065403129230136 0
    outer loop
      vertex 41.016230982908155 -61.56621065297445 8.315
      vertex 41.025 -61.7 8.315
      vertex 41.025 -61.7 10.34
    endloop
  endfacet
  facet normal -0.997858923238604 0.065403129230136 0
    outer loop
      vertex 41.025 -61.7 8.315
      vertex 41.016230982908155 -61.83378934702556 8.315
      vertex 41.016230982908155 -61.83378934702556 10.34
    endloop
  endfacet
  facet normal 0.9807852804032295 0.19509032201613336 0
    outer loop
      vertex 39.009926028053705 -61.96528952123008 5.85
      vertex 38.983769017091845 -61.83378934702556 7.715
      vertex 39.009926028053705 -61.96528952123008 7.715
    endloop
  endfacet
  facet normal 0.9469301294951005 0.3214394653031767 0
    outer loop
      vertex 39.053023479175934 -62.09225051817422 5.85
      vertex 39.009926028053705 -61.96528952123008 7.715
      vertex 39.053023479175934 -62.09225051817422 7.715
    endloop
  endfacet
  facet normal 0.8968727415327054 0.4422886902189668 0
    outer loop
      vertex 39.11232396112095 -62.212500000000006 5.85
      vertex 39.053023479175934 -62.09225051817422 7.715
      vertex 39.11232396112095 -62.212500000000006 7.715
    endloop
  endfacet
  facet normal 0.8314696123025459 0.5555702330196012 0
    outer loop
      vertex 39.18681282620148 -62.32398046473394 5.85
      vertex 39.11232396112095 -62.212500000000006 7.715
      vertex 39.18681282620148 -62.32398046473394 7.715
    endloop
  endfacet
  facet normal 0.7518398074789878 0.659345815100057 0
    outer loop
      vertex 39.275215549283786 -62.42478445071622 5.85
      vertex 39.18681282620148 -62.32398046473394 7.715
      vertex 39.275215549283786 -62.42478445071622 7.715
    endloop
  endfacet
  facet normal 0.659345815100057 0.7518398074789878 0
    outer loop
      vertex 39.37601953526606 -62.51318717379852 5.85
      vertex 39.275215549283786 -62.42478445071622 7.715
      vertex 39.37601953526606 -62.51318717379852 7.715
    endloop
  endfacet
  facet normal 0.5555702330196012 0.8314696123025459 0
    outer loop
      vertex 39.4875 -62.58767603887905 5.85
      vertex 39.37601953526606 -62.51318717379852 7.715
      vertex 39.4875 -62.58767603887905 7.715
    endloop
  endfacet
  facet normal 0.4422886902189668 0.8968727415327054 0
    outer loop
      vertex 39.607749481825785 -62.64697652082407 5.85
      vertex 39.4875 -62.58767603887905 7.715
      vertex 39.607749481825785 -62.64697652082407 7.715
    endloop
  endfacet
  facet normal 0.3214394653031767 0.9469301294951005 0
    outer loop
      vertex 39.73471047876992 -62.6900739719463 5.85
      vertex 39.607749481825785 -62.64697652082407 7.715
      vertex 39.73471047876992 -62.6900739719463 7.715
    endloop
  endfacet
  facet normal 0.19509032201613336 0.9807852804032295 0
    outer loop
      vertex 39.866210652974445 -62.71623098290816 5.85
      vertex 39.73471047876992 -62.6900739719463 7.715
      vertex 39.866210652974445 -62.71623098290816 7.715
    endloop
  endfacet
  facet normal 0.065403129230136 0.9978589232386039 0
    outer loop
      vertex 40 -62.725 5.85
      vertex 39.866210652974445 -62.71623098290816 7.715
      vertex 40 -62.725 7.715
    endloop
  endfacet
  facet normal -0.9469301294951005 0.3214394653031767 0
    outer loop
      vertex 40.990073971946295 -61.96528952123008 5.85
      vertex 40.946976520824066 -62.09225051817422 7.715
      vertex 40.990073971946295 -61.96528952123008 7.715
    endloop
  endfacet
  facet normal -0.8968727415327054 0.4422886902189668 0
    outer loop
      vertex 40.946976520824066 -62.09225051817422 5.85
      vertex 40.88767603887905 -62.212500000000006 7.715
      vertex 40.946976520824066 -62.09225051817422 7.715
    endloop
  endfacet
  facet normal -0.8314696123025459 0.5555702330196012 0
    outer loop
      vertex 40.88767603887905 -62.212500000000006 5.85
      vertex 40.81318717379852 -62.32398046473394 7.715
      vertex 40.88767603887905 -62.212500000000006 7.715
    endloop
  endfacet
  facet normal -0.7518398074789878 0.659345815100057 0
    outer loop
      vertex 40.81318717379852 -62.32398046473394 5.85
      vertex 40.724784450716214 -62.42478445071622 7.715
      vertex 40.81318717379852 -62.32398046473394 7.715
    endloop
  endfacet
  facet normal -0.4422886902189668 0.8968727415327054 0
    outer loop
      vertex 40.5125 -62.58767603887905 5.85
      vertex 40.392250518174215 -62.64697652082407 7.715
      vertex 40.5125 -62.58767603887905 7.715
    endloop
  endfacet
  facet normal -0.065403129230136 0.9978589232386039 0
    outer loop
      vertex 40.133789347025555 -62.71623098290816 5.85
      vertex 40 -62.725 7.715
      vertex 40.133789347025555 -62.71623098290816 7.715
    endloop
  endfacet
  facet normal -0.19509032201613336 0.9807852804032295 0
    outer loop
      vertex 40.26528952123008 -62.6900739719463 5.85
      vertex 40.133789347025555 -62.71623098290816 7.715
      vertex 40.26528952123008 -62.6900739719463 7.715
    endloop
  endfacet
  facet normal -0.3214394653031767 0.9469301294951005 0
    outer loop
      vertex 40.392250518174215 -62.64697652082407 5.85
      vertex 40.26528952123008 -62.6900739719463 7.715
      vertex 40.392250518174215 -62.64697652082407 7.715
    endloop
  endfacet
  facet normal -0.659345815100057 0.7518398074789878 0
    outer loop
      vertex 40.724784450716214 -62.42478445071622 5.85
      vertex 40.62398046473394 -62.51318717379852 7.715
      vertex 40.724784450716214 -62.42478445071622 7.715
    endloop
  endfacet
  facet normal -0.5555702330196012 0.8314696123025459 0
    outer loop
      vertex 40.62398046473394 -62.51318717379852 5.85
      vertex 40.5125 -62.58767603887905 7.715
      vertex 40.62398046473394 -62.51318717379852 7.715
    endloop
  endfacet
  facet normal -0.9807852804032295 0.19509032201613336 0
    outer loop
      vertex 41.016230982908155 -61.83378934702556 5.85
      vertex 40.990073971946295 -61.96528952123008 7.715
      vertex 41.016230982908155 -61.83378934702556 7.715
    endloop
  endfacet
  facet normal 0.9807852804032294 0.19509032201613333 0
    outer loop
      vertex 38.983769017091845 -61.83378934702556 8.315
      vertex 38.983769017091845 -61.83378934702556 10.34
      vertex 39.009926028053705 -61.96528952123008 8.315
    endloop
  endfacet
  facet normal 0.9469301294951006 0.3214394653031767 0
    outer loop
      vertex 39.009926028053705 -61.96528952123008 8.315
      vertex 39.009926028053705 -61.96528952123008 10.34
      vertex 39.053023479175934 -62.09225051817422 8.315
    endloop
  endfacet
  facet normal 0.8968727415327055 0.4422886902189668 0
    outer loop
      vertex 39.053023479175934 -62.09225051817422 8.315
      vertex 39.053023479175934 -62.09225051817422 10.34
      vertex 39.11232396112095 -62.212500000000006 8.315
    endloop
  endfacet
  facet normal 0.831469612302546 0.5555702330196013 0
    outer loop
      vertex 39.11232396112095 -62.212500000000006 8.315
      vertex 39.11232396112095 -62.212500000000006 10.34
      vertex 39.18681282620148 -62.32398046473394 8.315
    endloop
  endfacet
  facet normal 0.7518398074789878 0.6593458151000569 0
    outer loop
      vertex 39.18681282620148 -62.32398046473394 8.315
      vertex 39.18681282620148 -62.32398046473394 10.34
      vertex 39.275215549283786 -62.42478445071622 8.315
    endloop
  endfacet
  facet normal 0.6593458151000569 0.7518398074789878 0
    outer loop
      vertex 39.275215549283786 -62.42478445071622 8.315
      vertex 39.275215549283786 -62.42478445071622 10.34
      vertex 39.37601953526606 -62.51318717379852 8.315
    endloop
  endfacet
  facet normal 0.5555702330196013 0.831469612302546 0
    outer loop
      vertex 39.37601953526606 -62.51318717379852 8.315
      vertex 39.37601953526606 -62.51318717379852 10.34
      vertex 39.4875 -62.58767603887905 8.315
    endloop
  endfacet
  facet normal 0.4422886902189668 0.8968727415327055 0
    outer loop
      vertex 39.4875 -62.58767603887905 8.315
      vertex 39.4875 -62.58767603887905 10.34
      vertex 39.607749481825785 -62.64697652082407 8.315
    endloop
  endfacet
  facet normal 0.3214394653031767 0.9469301294951006 0
    outer loop
      vertex 39.607749481825785 -62.64697652082407 8.315
      vertex 39.607749481825785 -62.64697652082407 10.34
      vertex 39.73471047876992 -62.6900739719463 8.315
    endloop
  endfacet
  facet normal 0.19509032201613333 0.9807852804032294 0
    outer loop
      vertex 39.73471047876992 -62.6900739719463 8.315
      vertex 39.73471047876992 -62.6900739719463 10.34
      vertex 39.866210652974445 -62.71623098290816 8.315
    endloop
  endfacet
  facet normal 0.065403129230136 0.997858923238604 0
    outer loop
      vertex 39.866210652974445 -62.71623098290816 8.315
      vertex 39.866210652974445 -62.71623098290816 10.34
      vertex 40 -62.725 8.315
    endloop
  endfacet
  facet normal -0.9807852804032294 0.19509032201613333 0
    outer loop
      vertex 41.016230982908155 -61.83378934702556 8.315
      vertex 40.990073971946295 -61.96528952123008 8.315
      vertex 40.990073971946295 -61.96528952123008 10.34
    endloop
  endfacet
  facet normal -0.9469301294951006 0.3214394653031767 0
    outer loop
      vertex 40.990073971946295 -61.96528952123008 8.315
      vertex 40.946976520824066 -62.09225051817422 8.315
      vertex 40.946976520824066 -62.09225051817422 10.34
    endloop
  endfacet
  facet normal -0.8968727415327055 0.4422886902189668 0
    outer loop
      vertex 40.946976520824066 -62.09225051817422 8.315
      vertex 40.88767603887905 -62.212500000000006 8.315
      vertex 40.88767603887905 -62.212500000000006 10.34
    endloop
  endfacet
  facet normal -0.831469612302546 0.5555702330196013 0
    outer loop
      vertex 40.88767603887905 -62.212500000000006 8.315
      vertex 40.81318717379852 -62.32398046473394 8.315
      vertex 40.81318717379852 -62.32398046473394 10.34
    endloop
  endfacet
  facet normal -0.4422886902189668 0.8968727415327055 0
    outer loop
      vertex 40.392250518174215 -62.64697652082407 8.315
      vertex 40.392250518174215 -62.64697652082407 10.34
      vertex 40.5125 -62.58767603887905 8.315
    endloop
  endfacet
  facet normal -0.065403129230136 0.997858923238604 0
    outer loop
      vertex 40 -62.725 8.315
      vertex 40 -62.725 10.34
      vertex 40.133789347025555 -62.71623098290816 8.315
    endloop
  endfacet
  facet normal -0.19509032201613333 0.9807852804032294 0
    outer loop
      vertex 40.133789347025555 -62.71623098290816 8.315
      vertex 40.133789347025555 -62.71623098290816 10.34
      vertex 40.26528952123008 -62.6900739719463 8.315
    endloop
  endfacet
  facet normal -0.3214394653031767 0.9469301294951006 0
    outer loop
      vertex 40.392250518174215 -62.64697652082407 8.315
      vertex 40.26528952123008 -62.6900739719463 8.315
      vertex 40.26528952123008 -62.6900739719463 10.34
    endloop
  endfacet
  facet normal -0.6593458151000569 0.7518398074789878 0
    outer loop
      vertex 40.62398046473394 -62.51318717379852 8.315
      vertex 40.62398046473394 -62.51318717379852 10.34
      vertex 40.724784450716214 -62.42478445071622 8.315
    endloop
  endfacet
  facet normal -0.5555702330196013 0.831469612302546 0
    outer loop
      vertex 40.62398046473394 -62.51318717379852 8.315
      vertex 40.5125 -62.58767603887905 8.315
      vertex 40.5125 -62.58767603887905 10.34
    endloop
  endfacet
  facet normal -0.7518398074789878 0.6593458151000569 0
    outer loop
      vertex 40.81318717379852 -62.32398046473394 8.315
      vertex 40.724784450716214 -62.42478445071622 8.315
      vertex 40.724784450716214 -62.42478445071622 10.34
    endloop
  endfacet
  facet normal 0.4422886902189668 -0.8968727415327055 0
    outer loop
      vertex 39.4875 -60.81232396112095 8.315
      vertex 39.607749481825785 -60.75302347917594 10.34
      vertex 39.4875 -60.81232396112095 10.34
    endloop
  endfacet
  facet normal 0.3214394653031767 -0.9469301294951006 0
    outer loop
      vertex 39.607749481825785 -60.75302347917594 8.315
      vertex 39.73471047876992 -60.70992602805371 10.34
      vertex 39.607749481825785 -60.75302347917594 10.34
    endloop
  endfacet
  facet normal 0.19509032201613333 -0.9807852804032294 0
    outer loop
      vertex 39.73471047876992 -60.70992602805371 8.315
      vertex 39.866210652974445 -60.68376901709185 10.34
      vertex 39.73471047876992 -60.70992602805371 10.34
    endloop
  endfacet
  facet normal 0.065403129230136 -0.997858923238604 0
    outer loop
      vertex 39.866210652974445 -60.68376901709185 8.315
      vertex 40 -60.675000000000004 10.34
      vertex 39.866210652974445 -60.68376901709185 10.34
    endloop
  endfacet
  facet normal 0.9807852804032294 -0.19509032201613333 0
    outer loop
      vertex 38.983769017091845 -61.56621065297445 8.315
      vertex 39.009926028053705 -61.43471047876992 10.34
      vertex 38.983769017091845 -61.56621065297445 10.34
    endloop
  endfacet
  facet normal 0.997858923238604 -0.065403129230136 0
    outer loop
      vertex 38.975 -61.7 8.315
      vertex 38.983769017091845 -61.56621065297445 10.34
      vertex 38.975 -61.7 10.34
    endloop
  endfacet
  facet normal 0.997858923238604 0.065403129230136 0
    outer loop
      vertex 38.983769017091845 -61.83378934702556 8.315
      vertex 38.975 -61.7 10.34
      vertex 38.983769017091845 -61.83378934702556 10.34
    endloop
  endfacet
  facet normal 0.7518398074789878 -0.6593458151000569 0
    outer loop
      vertex 39.18681282620148 -61.07601953526606 8.315
      vertex 39.275215549283786 -60.97521554928379 10.34
      vertex 39.18681282620148 -61.07601953526606 10.34
    endloop
  endfacet
  facet normal 0.6593458151000569 -0.7518398074789878 0
    outer loop
      vertex 39.275215549283786 -60.97521554928379 8.315
      vertex 39.37601953526606 -60.886812826201485 10.34
      vertex 39.275215549283786 -60.97521554928379 10.34
    endloop
  endfacet
  facet normal 0.5555702330196013 -0.831469612302546 0
    outer loop
      vertex 39.37601953526606 -60.886812826201485 8.315
      vertex 39.4875 -60.81232396112095 10.34
      vertex 39.37601953526606 -60.886812826201485 10.34
    endloop
  endfacet
  facet normal 0.831469612302546 -0.5555702330196013 0
    outer loop
      vertex 39.11232396112095 -61.1875 8.315
      vertex 39.18681282620148 -61.07601953526606 10.34
      vertex 39.11232396112095 -61.1875 10.34
    endloop
  endfacet
  facet normal 0.8968727415327055 -0.4422886902189668 0
    outer loop
      vertex 39.053023479175934 -61.30774948182579 8.315
      vertex 39.11232396112095 -61.1875 10.34
      vertex 39.053023479175934 -61.30774948182579 10.34
    endloop
  endfacet
  facet normal 0.9469301294951006 -0.3214394653031767 0
    outer loop
      vertex 39.009926028053705 -61.43471047876992 8.315
      vertex 39.053023479175934 -61.30774948182579 10.34
      vertex 39.009926028053705 -61.43471047876992 10.34
    endloop
  endfacet
  facet normal -0.065403129230136 -0.997858923238604 0
    outer loop
      vertex 40 -60.675000000000004 8.315
      vertex 40.133789347025555 -60.68376901709185 10.34
      vertex 40 -60.675000000000004 10.34
    endloop
  endfacet
  facet normal -0.19509032201613333 -0.9807852804032294 0
    outer loop
      vertex 40.133789347025555 -60.68376901709185 8.315
      vertex 40.26528952123008 -60.70992602805371 10.34
      vertex 40.133789347025555 -60.68376901709185 10.34
    endloop
  endfacet
  facet normal -0.3214394653031767 -0.9469301294951006 0
    outer loop
      vertex 40.26528952123008 -60.70992602805371 8.315
      vertex 40.392250518174215 -60.75302347917594 10.34
      vertex 40.26528952123008 -60.70992602805371 10.34
    endloop
  endfacet
  facet normal -0.4422886902189668 -0.8968727415327055 0
    outer loop
      vertex 40.392250518174215 -60.75302347917594 8.315
      vertex 40.5125 -60.81232396112095 10.34
      vertex 40.392250518174215 -60.75302347917594 10.34
    endloop
  endfacet
  facet normal -0.5555702330196013 -0.831469612302546 0
    outer loop
      vertex 40.5125 -60.81232396112095 8.315
      vertex 40.62398046473394 -60.886812826201485 10.34
      vertex 40.5125 -60.81232396112095 10.34
    endloop
  endfacet
  facet normal -0.6593458151000569 -0.7518398074789878 0
    outer loop
      vertex 40.62398046473394 -60.886812826201485 8.315
      vertex 40.724784450716214 -60.97521554928379 10.34
      vertex 40.62398046473394 -60.886812826201485 10.34
    endloop
  endfacet
  facet normal -0.7518398074789878 -0.6593458151000569 0
    outer loop
      vertex 40.724784450716214 -60.97521554928379 8.315
      vertex 40.81318717379852 -61.07601953526606 10.34
      vertex 40.724784450716214 -60.97521554928379 10.34
    endloop
  endfacet
  facet normal -0.831469612302546 -0.5555702330196013 0
    outer loop
      vertex 40.81318717379852 -61.07601953526606 8.315
      vertex 40.88767603887905 -61.1875 10.34
      vertex 40.81318717379852 -61.07601953526606 10.34
    endloop
  endfacet
  facet normal -0.8968727415327055 -0.4422886902189668 0
    outer loop
      vertex 40.88767603887905 -61.1875 8.315
      vertex 40.946976520824066 -61.30774948182579 10.34
      vertex 40.88767603887905 -61.1875 10.34
    endloop
  endfacet
  facet normal -0.9469301294951006 -0.3214394653031767 0
    outer loop
      vertex 40.946976520824066 -61.30774948182579 8.315
      vertex 40.990073971946295 -61.43471047876992 10.34
      vertex 40.946976520824066 -61.30774948182579 10.34
    endloop
  endfacet
  facet normal -0.9807852804032294 -0.19509032201613333 0
    outer loop
      vertex 40.990073971946295 -61.43471047876992 8.315
      vertex 41.016230982908155 -61.56621065297445 10.34
      vertex 40.990073971946295 -61.43471047876992 10.34
    endloop
  endfacet
  facet normal -0.997858923238604 -0.065403129230136 0
    outer loop
      vertex 41.016230982908155 -61.56621065297445 8.315
      vertex 41.025 -61.7 10.34
      vertex 41.016230982908155 -61.56621065297445 10.34
    endloop
  endfacet
  facet normal -0.997858923238604 0.065403129230136 0
    outer loop
      vertex 41.025 -61.7 8.315
      vertex 41.016230982908155 -61.83378934702556 10.34
      vertex 41.025 -61.7 10.34
    endloop
  endfacet
  facet normal 0 0 -1
    outer loop
      vertex 38.983769017091845 -61.56621065297445 10.34
      vertex 39.009926028053705 -61.43471047876992 10.34
      vertex 38.983769017091845 -61.83378934702556 10.34
    endloop
  endfacet
  facet normal 0 0 -1
    outer loop
      vertex 38.983769017091845 -61.56621065297445 10.34
      vertex 38.983769017091845 -61.83378934702556 10.34
      vertex 38.975 -61.7 10.34
    endloop
  endfacet
  facet normal 0 0 -1
    outer loop
      vertex 39.866210652974445 -60.68376901709185 10.34
      vertex 40 -60.675000000000004 10.34
      vertex 39.866210652974445 -62.71623098290816 10.34
    endloop
  endfacet
  facet normal 0 0 -1
    outer loop
      vertex 39.18681282620148 -61.07601953526606 10.34
      vertex 39.275215549283786 -60.97521554928379 10.34
      vertex 39.18681282620148 -62.32398046473394 10.34
    endloop
  endfacet
  facet normal 0 0 -1
    outer loop
      vertex 39.11232396112095 -61.1875 10.34
      vertex 39.053023479175934 -62.09225051817422 10.34
      vertex 39.053023479175934 -61.30774948182579 10.34
    endloop
  endfacet
  facet normal 0 0 -1
    outer loop
      vertex 39.053023479175934 -61.30774948182579 10.34
      vertex 39.009926028053705 -61.96528952123008 10.34
      vertex 39.009926028053705 -61.43471047876992 10.34
    endloop
  endfacet
  facet normal 0 0 -1
    outer loop
      vertex 39.18681282620148 -61.07601953526606 10.34
      vertex 39.11232396112095 -62.212500000000006 10.34
      vertex 39.11232396112095 -61.1875 10.34
    endloop
  endfacet
  facet normal 0 0 -1
    outer loop
      vertex 39.37601953526606 -60.886812826201485 10.34
      vertex 39.275215549283786 -62.42478445071622 10.34
      vertex 39.275215549283786 -60.97521554928379 10.34
    endloop
  endfacet
  facet normal 0 0 -1
    outer loop
      vertex 39.4875 -60.81232396112095 10.34
      vertex 39.37601953526606 -62.51318717379852 10.34
      vertex 39.37601953526606 -60.886812826201485 10.34
    endloop
  endfacet
  facet normal 0 0 -1
    outer loop
      vertex 38.983769017091845 -61.83378934702556 10.34
      vertex 39.009926028053705 -61.43471047876992 10.34
      vertex 39.009926028053705 -61.96528952123008 10.34
    endloop
  endfacet
  facet normal 0 0 -1
    outer loop
      vertex 39.053023479175934 -61.30774948182579 10.34
      vertex 39.053023479175934 -62.09225051817422 10.34
      vertex 39.009926028053705 -61.96528952123008 10.34
    endloop
  endfacet
  facet normal 0 0 -1
    outer loop
      vertex 39.11232396112095 -61.1875 10.34
      vertex 39.11232396112095 -62.212500000000006 10.34
      vertex 39.053023479175934 -62.09225051817422 10.34
    endloop
  endfacet
  facet normal 0 0 -1
    outer loop
      vertex 39.18681282620148 -61.07601953526606 10.34
      vertex 39.18681282620148 -62.32398046473394 10.34
      vertex 39.11232396112095 -62.212500000000006 10.34
    endloop
  endfacet
  facet normal 0 0 -1
    outer loop
      vertex 39.4875 -60.81232396112095 10.34
      vertex 39.607749481825785 -60.75302347917594 10.34
      vertex 39.4875 -62.58767603887905 10.34
    endloop
  endfacet
  facet normal 0 0 -1
    outer loop
      vertex 39.73471047876992 -60.70992602805371 10.34
      vertex 39.607749481825785 -62.64697652082407 10.34
      vertex 39.607749481825785 -60.75302347917594 10.34
    endloop
  endfacet
  facet normal 0 0 -1
    outer loop
      vertex 39.73471047876992 -60.70992602805371 10.34
      vertex 39.866210652974445 -60.68376901709185 10.34
      vertex 39.73471047876992 -62.6900739719463 10.34
    endloop
  endfacet
  facet normal 0 0 -1
    outer loop
      vertex 40 -60.675000000000004 10.34
      vertex 40.133789347025555 -60.68376901709185 10.34
      vertex 40 -62.725 10.34
    endloop
  endfacet
  facet normal 0 0 -1
    outer loop
      vertex 40.133789347025555 -60.68376901709185 10.34
      vertex 40.26528952123008 -60.70992602805371 10.34
      vertex 40.133789347025555 -62.71623098290816 10.34
    endloop
  endfacet
  facet normal 0 0 -1
    outer loop
      vertex 40.26528952123008 -60.70992602805371 10.34
      vertex 40.392250518174215 -60.75302347917594 10.34
      vertex 40.26528952123008 -62.6900739719463 10.34
    endloop
  endfacet
  facet normal 0 0 -1
    outer loop
      vertex 40.392250518174215 -60.75302347917594 10.34
      vertex 40.5125 -60.81232396112095 10.34
      vertex 40.392250518174215 -62.64697652082407 10.34
    endloop
  endfacet
  facet normal 0 0 -1
    outer loop
      vertex 40.5125 -60.81232396112095 10.34
      vertex 40.62398046473394 -60.886812826201485 10.34
      vertex 40.5125 -62.58767603887905 10.34
    endloop
  endfacet
  facet normal 0 0 -1
    outer loop
      vertex 40.62398046473394 -60.886812826201485 10.34
      vertex 40.724784450716214 -60.97521554928379 10.34
      vertex 40.62398046473394 -62.51318717379852 10.34
    endloop
  endfacet
  facet normal 0 0 -1
    outer loop
      vertex 40.724784450716214 -60.97521554928379 10.34
      vertex 40.81318717379852 -61.07601953526606 10.34
      vertex 40.724784450716214 -62.42478445071622 10.34
    endloop
  endfacet
  facet normal 0 0 -1
    outer loop
      vertex 40.81318717379852 -61.07601953526606 10.34
      vertex 40.88767603887905 -61.1875 10.34
      vertex 40.81318717379852 -62.32398046473394 10.34
    endloop
  endfacet
  facet normal 0 0 -1
    outer loop
      vertex 40.88767603887905 -61.1875 10.34
      vertex 40.946976520824066 -61.30774948182579 10.34
      vertex 40.88767603887905 -62.212500000000006 10.34
    endloop
  endfacet
  facet normal 0 0 -1
    outer loop
      vertex 40.946976520824066 -61.30774948182579 10.34
      vertex 40.990073971946295 -61.43471047876992 10.34
      vertex 40.946976520824066 -62.09225051817422 10.34
    endloop
  endfacet
  facet normal 0 0 -1
    outer loop
      vertex 40.990073971946295 -61.43471047876992 10.34
      vertex 41.016230982908155 -61.56621065297445 10.34
      vertex 40.990073971946295 -61.96528952123008 10.34
    endloop
  endfacet
  facet normal 0 0 -1
    outer loop
      vertex 40.946976520824066 -61.30774948182579 10.34
      vertex 40.946976520824066 -62.09225051817422 10.34
      vertex 40.88767603887905 -62.212500000000006 10.34
    endloop
  endfacet
  facet normal 0 0 -1
    outer loop
      vertex 40.990073971946295 -61.43471047876992 10.34
      vertex 40.990073971946295 -61.96528952123008 10.34
      vertex 40.946976520824066 -62.09225051817422 10.34
    endloop
  endfacet
  facet normal 0 0 -1
    outer loop
      vertex 41.016230982908155 -61.56621065297445 10.34
      vertex 41.025 -61.7 10.34
      vertex 41.016230982908155 -61.83378934702556 10.34
    endloop
  endfacet
  facet normal 0 0 -1
    outer loop
      vertex 41.016230982908155 -61.56621065297445 10.34
      vertex 41.016230982908155 -61.83378934702556 10.34
      vertex 40.990073971946295 -61.96528952123008 10.34
    endloop
  endfacet
  facet normal 0.9807852804032294 0.19509032201613333 0
    outer loop
      vertex 39.009926028053705 -61.96528952123008 8.315
      vertex 38.983769017091845 -61.83378934702556 10.34
      vertex 39.009926028053705 -61.96528952123008 10.34
    endloop
  endfacet
  facet normal 0.9469301294951006 0.3214394653031767 0
    outer loop
      vertex 39.053023479175934 -62.09225051817422 8.315
      vertex 39.009926028053705 -61.96528952123008 10.34
      vertex 39.053023479175934 -62.09225051817422 10.34
    endloop
  endfacet
  facet normal 0.8968727415327055 0.4422886902189668 0
    outer loop
      vertex 39.11232396112095 -62.212500000000006 8.315
      vertex 39.053023479175934 -62.09225051817422 10.34
      vertex 39.11232396112095 -62.212500000000006 10.34
    endloop
  endfacet
  facet normal 0.831469612302546 0.5555702330196013 0
    outer loop
      vertex 39.18681282620148 -62.32398046473394 8.315
      vertex 39.11232396112095 -62.212500000000006 10.34
      vertex 39.18681282620148 -62.32398046473394 10.34
    endloop
  endfacet
  facet normal 0.7518398074789878 0.6593458151000569 0
    outer loop
      vertex 39.275215549283786 -62.42478445071622 8.315
      vertex 39.18681282620148 -62.32398046473394 10.34
      vertex 39.275215549283786 -62.42478445071622 10.34
    endloop
  endfacet
  facet normal 0.6593458151000569 0.7518398074789878 0
    outer loop
      vertex 39.37601953526606 -62.51318717379852 8.315
      vertex 39.275215549283786 -62.42478445071622 10.34
      vertex 39.37601953526606 -62.51318717379852 10.34
    endloop
  endfacet
  facet normal 0.5555702330196013 0.831469612302546 0
    outer loop
      vertex 39.4875 -62.58767603887905 8.315
      vertex 39.37601953526606 -62.51318717379852 10.34
      vertex 39.4875 -62.58767603887905 10.34
    endloop
  endfacet
  facet normal 0.4422886902189668 0.8968727415327055 0
    outer loop
      vertex 39.607749481825785 -62.64697652082407 8.315
      vertex 39.4875 -62.58767603887905 10.34
      vertex 39.607749481825785 -62.64697652082407 10.34
    endloop
  endfacet
  facet normal 0.3214394653031767 0.9469301294951006 0
    outer loop
      vertex 39.73471047876992 -62.6900739719463 8.315
      vertex 39.607749481825785 -62.64697652082407 10.34
      vertex 39.73471047876992 -62.6900739719463 10.34
    endloop
  endfacet
  facet normal 0.19509032201613333 0.9807852804032294 0
    outer loop
      vertex 39.866210652974445 -62.71623098290816 8.315
      vertex 39.73471047876992 -62.6900739719463 10.34
      vertex 39.866210652974445 -62.71623098290816 10.34
    endloop
  endfacet
  facet normal 0.065403129230136 0.997858923238604 0
    outer loop
      vertex 40 -62.725 8.315
      vertex 39.866210652974445 -62.71623098290816 10.34
      vertex 40 -62.725 10.34
    endloop
  endfacet
  facet normal -0.9469301294951006 0.3214394653031767 0
    outer loop
      vertex 40.990073971946295 -61.96528952123008 8.315
      vertex 40.946976520824066 -62.09225051817422 10.34
      vertex 40.990073971946295 -61.96528952123008 10.34
    endloop
  endfacet
  facet normal -0.8968727415327055 0.4422886902189668 0
    outer loop
      vertex 40.946976520824066 -62.09225051817422 8.315
      vertex 40.88767603887905 -62.212500000000006 10.34
      vertex 40.946976520824066 -62.09225051817422 10.34
    endloop
  endfacet
  facet normal -0.831469612302546 0.5555702330196013 0
    outer loop
      vertex 40.88767603887905 -62.212500000000006 8.315
      vertex 40.81318717379852 -62.32398046473394 10.34
      vertex 40.88767603887905 -62.212500000000006 10.34
    endloop
  endfacet
  facet normal -0.7518398074789878 0.6593458151000569 0
    outer loop
      vertex 40.81318717379852 -62.32398046473394 8.315
      vertex 40.724784450716214 -62.42478445071622 10.34
      vertex 40.81318717379852 -62.32398046473394 10.34
    endloop
  endfacet
  facet normal -0.4422886902189668 0.8968727415327055 0
    outer loop
      vertex 40.5125 -62.58767603887905 8.315
      vertex 40.392250518174215 -62.64697652082407 10.34
      vertex 40.5125 -62.58767603887905 10.34
    endloop
  endfacet
  facet normal -0.065403129230136 0.997858923238604 0
    outer loop
      vertex 40.133789347025555 -62.71623098290816 8.315
      vertex 40 -62.725 10.34
      vertex 40.133789347025555 -62.71623098290816 10.34
    endloop
  endfacet
  facet normal -0.19509032201613333 0.9807852804032294 0
    outer loop
      vertex 40.26528952123008 -62.6900739719463 8.315
      vertex 40.133789347025555 -62.71623098290816 10.34
      vertex 40.26528952123008 -62.6900739719463 10.34
    endloop
  endfacet
  facet normal -0.3214394653031767 0.9469301294951006 0
    outer loop
      vertex 40.392250518174215 -62.64697652082407 8.315
      vertex 40.26528952123008 -62.6900739719463 10.34
      vertex 40.392250518174215 -62.64697652082407 10.34
    endloop
  endfacet
  facet normal -0.6593458151000569 0.7518398074789878 0
    outer loop
      vertex 40.724784450716214 -62.42478445071622 8.315
      vertex 40.62398046473394 -62.51318717379852 10.34
      vertex 40.724784450716214 -62.42478445071622 10.34
    endloop
  endfacet
  facet normal -0.5555702330196013 0.831469612302546 0
    outer loop
      vertex 40.62398046473394 -62.51318717379852 8.315
      vertex 40.5125 -62.58767603887905 10.34
      vertex 40.62398046473394 -62.51318717379852 10.34
    endloop
  endfacet
  facet normal -0.9807852804032294 0.19509032201613333 0
    outer loop
      vertex 41.016230982908155 -61.83378934702556 8.315
      vertex 40.990073971946295 -61.96528952123008 10.34
      vertex 41.016230982908155 -61.83378934702556 10.34
    endloop
  endfacet
  facet normal 0 0 -1
    outer loop
      vertex 39.275215549283786 -60.97521554928379 10.34
      vertex 39.275215549283786 -62.42478445071622 10.34
      vertex 39.18681282620148 -62.32398046473394 10.34
    endloop
  endfacet
  facet normal 0 0 -1
    outer loop
      vertex 39.37601953526606 -60.886812826201485 10.34
      vertex 39.37601953526606 -62.51318717379852 10.34
      vertex 39.275215549283786 -62.42478445071622 10.34
    endloop
  endfacet
  facet normal 0 0 -1
    outer loop
      vertex 39.4875 -60.81232396112095 10.34
      vertex 39.4875 -62.58767603887905 10.34
      vertex 39.37601953526606 -62.51318717379852 10.34
    endloop
  endfacet
  facet normal 0 0 -1
    outer loop
      vertex 39.607749481825785 -60.75302347917594 10.34
      vertex 39.607749481825785 -62.64697652082407 10.34
      vertex 39.4875 -62.58767603887905 10.34
    endloop
  endfacet
  facet normal 0 0 -1
    outer loop
      vertex 39.73471047876992 -60.70992602805371 10.34
      vertex 39.73471047876992 -62.6900739719463 10.34
      vertex 39.607749481825785 -62.64697652082407 10.34
    endloop
  endfacet
  facet normal 0 0 -1
    outer loop
      vertex 39.866210652974445 -60.68376901709185 10.34
      vertex 39.866210652974445 -62.71623098290816 10.34
      vertex 39.73471047876992 -62.6900739719463 10.34
    endloop
  endfacet
  facet normal 0 0 -1
    outer loop
      vertex 40 -60.675000000000004 10.34
      vertex 40 -62.725 10.34
      vertex 39.866210652974445 -62.71623098290816 10.34
    endloop
  endfacet
  facet normal 0 0 -1
    outer loop
      vertex 40.133789347025555 -60.68376901709185 10.34
      vertex 40.133789347025555 -62.71623098290816 10.34
      vertex 40 -62.725 10.34
    endloop
  endfacet
  facet normal 0 0 -1
    outer loop
      vertex 40.26528952123008 -60.70992602805371 10.34
      vertex 40.26528952123008 -62.6900739719463 10.34
      vertex 40.133789347025555 -62.71623098290816 10.34
    endloop
  endfacet
  facet normal 0 0 -1
    outer loop
      vertex 40.392250518174215 -60.75302347917594 10.34
      vertex 40.392250518174215 -62.64697652082407 10.34
      vertex 40.26528952123008 -62.6900739719463 10.34
    endloop
  endfacet
  facet normal 0 0 -1
    outer loop
      vertex 40.5125 -60.81232396112095 10.34
      vertex 40.5125 -62.58767603887905 10.34
      vertex 40.392250518174215 -62.64697652082407 10.34
    endloop
  endfacet
  facet normal 0 0 -1
    outer loop
      vertex 40.62398046473394 -60.886812826201485 10.34
      vertex 40.62398046473394 -62.51318717379852 10.34
      vertex 40.5125 -62.58767603887905 10.34
    endloop
  endfacet
  facet normal 0 0 -1
    outer loop
      vertex 40.724784450716214 -60.97521554928379 10.34
      vertex 40.724784450716214 -62.42478445071622 10.34
      vertex 40.62398046473394 -62.51318717379852 10.34
    endloop
  endfacet
  facet normal 0 0 -1
    outer loop
      vertex 40.88767603887905 -61.1875 10.34
      vertex 40.88767603887905 -62.212500000000006 10.34
      vertex 40.81318717379852 -62.32398046473394 10.34
    endloop
  endfacet
  facet normal 0 0 -1
    outer loop
      vertex 40.81318717379852 -61.07601953526606 10.34
      vertex 40.81318717379852 -62.32398046473394 10.34
      vertex 40.724784450716214 -62.42478445071622 10.34
    endloop
  endfacet
  facet normal 0.9978589232386005 -0.06540312923019008 0
    outer loop
      vertex 67.98376901709184 -4.066210652974448 5.85
      vertex 67.98376901709184 -4.066210652974448 7.715
      vertex 67.975 -4.2 5.85
    endloop
  endfacet
  facet normal 0.5555702330196303 -0.8314696123025266 0
    outer loop
      vertex 68.4875 -3.312323961120951 5.85
      vertex 68.4875 -3.312323961120951 7.715
      vertex 68.37601953526607 -3.386812826201484 5.85
    endloop
  endfacet
  facet normal 0.751839807479007 -0.6593458151000352 0
    outer loop
      vertex 68.18681282620149 -3.5760195352660613 5.85
      vertex 68.27521554928379 -3.475215549283789 5.85
      vertex 68.27521554928379 -3.475215549283789 7.715
    endloop
  endfacet
  facet normal 0.6593458151000362 -0.7518398074790059 0
    outer loop
      vertex 68.27521554928379 -3.475215549283789 5.85
      vertex 68.37601953526607 -3.386812826201484 5.85
      vertex 68.37601953526607 -3.386812826201484 7.715
    endloop
  endfacet
  facet normal 0.4422886902190091 -0.8968727415326845 0
    outer loop
      vertex 68.4875 -3.312323961120951 5.85
      vertex 68.60774948182578 -3.2530234791759316 5.85
      vertex 68.60774948182578 -3.2530234791759316 7.715
    endloop
  endfacet
  facet normal 0.32143946530315887 -0.9469301294951066 0
    outer loop
      vertex 68.73471047876991 -3.2099260280537054 5.85
      vertex 68.73471047876991 -3.2099260280537054 7.715
      vertex 68.60774948182578 -3.2530234791759316 5.85
    endloop
  endfacet
  facet normal 0.1950903220161264 -0.9807852804032309 0
    outer loop
      vertex 68.73471047876991 -3.2099260280537054 5.85
      vertex 68.86621065297444 -3.1837690170918447 5.85
      vertex 68.86621065297444 -3.1837690170918447 7.715
    endloop
  endfacet
  facet normal 0.06540312923014259 -0.9978589232386035 0
    outer loop
      vertex 68.86621065297444 -3.1837690170918447 5.85
      vertex 69 -3.1750000000000003 5.85
      vertex 69 -3.1750000000000003 7.715
    endloop
  endfacet
  facet normal 0.896872741532699 -0.44228869021897993 0
    outer loop
      vertex 68.11232396112095 -3.6875 5.85
      vertex 68.11232396112095 -3.6875 7.715
      vertex 68.05302347917593 -3.807749481825783 5.85
    endloop
  endfacet
  facet normal 0.8314696123025255 -0.5555702330196317 0
    outer loop
      vertex 68.18681282620149 -3.5760195352660613 5.85
      vertex 68.18681282620149 -3.5760195352660613 7.715
      vertex 68.11232396112095 -3.6875 5.85
    endloop
  endfacet
  facet normal 0.9469301294950834 -0.3214394653032272 0
    outer loop
      vertex 68.05302347917593 -3.807749481825783 5.85
      vertex 68.05302347917593 -3.807749481825783 7.715
      vertex 68.0099260280537 -3.9347104787699165 5.85
    endloop
  endfacet
  facet normal 0.9807852804032413 -0.19509032201607415 0
    outer loop
      vertex 67.98376901709184 -4.066210652974448 5.85
      vertex 68.0099260280537 -3.9347104787699165 5.85
      vertex 68.0099260280537 -3.9347104787699165 7.715
    endloop
  endfacet
  facet normal -0.06540312923014259 -0.9978589232386035 0
    outer loop
      vertex 69 -3.1750000000000003 5.85
      vertex 69.13378934702556 -3.1837690170918447 5.85
      vertex 69.13378934702556 -3.1837690170918447 7.715
    endloop
  endfacet
  facet normal -0.1950903220161264 -0.9807852804032309 0
    outer loop
      vertex 69.13378934702556 -3.1837690170918447 5.85
      vertex 69.26528952123009 -3.2099260280537054 5.85
      vertex 69.26528952123009 -3.2099260280537054 7.715
    endloop
  endfacet
  facet normal -0.32143946530315887 -0.9469301294951066 0
    outer loop
      vertex 69.26528952123009 -3.2099260280537054 5.85
      vertex 69.39225051817422 -3.2530234791759316 5.85
      vertex 69.39225051817422 -3.2530234791759316 7.715
    endloop
  endfacet
  facet normal -0.4422886902190091 -0.8968727415326845 0
    outer loop
      vertex 69.39225051817422 -3.2530234791759316 5.85
      vertex 69.5125 -3.312323961120951 5.85
      vertex 69.5125 -3.312323961120951 7.715
    endloop
  endfacet
  facet normal -0.5555702330196303 -0.8314696123025266 0
    outer loop
      vertex 69.5125 -3.312323961120951 5.85
      vertex 69.62398046473393 -3.386812826201484 5.85
      vertex 69.62398046473393 -3.386812826201484 7.715
    endloop
  endfacet
  facet normal -0.6593458151000362 -0.7518398074790059 0
    outer loop
      vertex 69.62398046473393 -3.386812826201484 5.85
      vertex 69.72478445071621 -3.475215549283789 5.85
      vertex 69.72478445071621 -3.475215549283789 7.715
    endloop
  endfacet
  facet normal -0.751839807479007 -0.6593458151000352 0
    outer loop
      vertex 69.72478445071621 -3.475215549283789 5.85
      vertex 69.81318717379851 -3.5760195352660613 5.85
      vertex 69.81318717379851 -3.5760195352660613 7.715
    endloop
  endfacet
  facet normal -0.8314696123025255 -0.5555702330196317 0
    outer loop
      vertex 69.81318717379851 -3.5760195352660613 5.85
      vertex 69.88767603887905 -3.6875 5.85
      vertex 69.88767603887905 -3.6875 7.715
    endloop
  endfacet
  facet normal -0.896872741532699 -0.44228869021897993 0
    outer loop
      vertex 69.88767603887905 -3.6875 5.85
      vertex 69.94697652082407 -3.807749481825783 5.85
      vertex 69.94697652082407 -3.807749481825783 7.715
    endloop
  endfacet
  facet normal -0.9469301294950834 -0.3214394653032272 0
    outer loop
      vertex 69.94697652082407 -3.807749481825783 5.85
      vertex 69.9900739719463 -3.9347104787699165 5.85
      vertex 69.9900739719463 -3.9347104787699165 7.715
    endloop
  endfacet
  facet normal 0.9978589232386005 0.06540312923019008 0
    outer loop
      vertex 67.975 -4.2 5.85
      vertex 67.975 -4.2 7.715
      vertex 67.98376901709184 -4.333789347025553 5.85
    endloop
  endfacet
  facet normal 0.9807852804032414 0.19509032201607351 0
    outer loop
      vertex 67.98376901709184 -4.333789347025553 5.85
      vertex 67.98376901709184 -4.333789347025553 7.715
      vertex 68.0099260280537 -4.465289521230084 5.85
    endloop
  endfacet
  facet normal 0.9469301294950829 0.3214394653032282 0
    outer loop
      vertex 68.0099260280537 -4.465289521230084 5.85
      vertex 68.0099260280537 -4.465289521230084 7.715
      vertex 68.05302347917593 -4.592250518174217 5.85
    endloop
  endfacet
  facet normal 0.896872741532699 0.44228869021897993 0
    outer loop
      vertex 68.05302347917593 -4.592250518174217 5.85
      vertex 68.05302347917593 -4.592250518174217 7.715
      vertex 68.11232396112095 -4.7125 5.85
    endloop
  endfacet
  facet normal 0.8314696123025255 0.5555702330196317 0
    outer loop
      vertex 68.11232396112095 -4.7125 5.85
      vertex 68.11232396112095 -4.7125 7.715
      vertex 68.18681282620149 -4.823980464733939 5.85
    endloop
  endfacet
  facet normal 0.7518398074790085 0.6593458151000336 0
    outer loop
      vertex 68.18681282620149 -4.823980464733939 5.85
      vertex 68.18681282620149 -4.823980464733939 7.715
      vertex 68.27521554928379 -4.924784450716212 5.85
    endloop
  endfacet
  facet normal 0.6593458151000344 0.7518398074790077 0
    outer loop
      vertex 68.27521554928379 -4.924784450716212 5.85
      vertex 68.27521554928379 -4.924784450716212 7.715
      vertex 68.37601953526607 -5.013187173798516 5.85
    endloop
  endfacet
  facet normal 0.5555702330196303 0.8314696123025266 0
    outer loop
      vertex 68.37601953526607 -5.013187173798516 5.85
      vertex 68.37601953526607 -5.013187173798516 7.715
      vertex 68.4875 -5.087676038879049 5.85
    endloop
  endfacet
  facet normal 0.4422886902190091 0.8968727415326845 0
    outer loop
      vertex 68.4875 -5.087676038879049 5.85
      vertex 68.4875 -5.087676038879049 7.715
      vertex 68.60774948182578 -5.146976520824069 5.85
    endloop
  endfacet
  facet normal -0.9807852804032414 0.19509032201607351 0
    outer loop
      vertex 69.9900739719463 -4.465289521230084 5.85
      vertex 69.9900739719463 -4.465289521230084 7.715
      vertex 70.01623098290816 -4.333789347025553 5.85
    endloop
  endfacet
  facet normal -0.9469301294950829 0.3214394653032282 0
    outer loop
      vertex 69.9900739719463 -4.465289521230084 5.85
      vertex 69.94697652082407 -4.592250518174217 5.85
      vertex 69.94697652082407 -4.592250518174217 7.715
    endloop
  endfacet
  facet normal -0.4422886902190091 0.8968727415326845 0
    outer loop
      vertex 69.39225051817422 -5.146976520824069 5.85
      vertex 69.39225051817422 -5.146976520824069 7.715
      vertex 69.5125 -5.087676038879049 5.85
    endloop
  endfacet
  facet normal -0.896872741532699 0.44228869021897993 0
    outer loop
      vertex 69.94697652082407 -4.592250518174217 5.85
      vertex 69.88767603887905 -4.7125 5.85
      vertex 69.88767603887905 -4.7125 7.715
    endloop
  endfacet
  facet normal -0.8314696123025255 0.5555702330196317 0
    outer loop
      vertex 69.88767603887905 -4.7125 5.85
      vertex 69.81318717379851 -4.823980464733939 5.85
      vertex 69.81318717379851 -4.823980464733939 7.715
    endloop
  endfacet
  facet normal -0.7518398074790085 0.6593458151000336 0
    outer loop
      vertex 69.81318717379851 -4.823980464733939 5.85
      vertex 69.72478445071621 -4.924784450716212 5.85
      vertex 69.72478445071621 -4.924784450716212 7.715
    endloop
  endfacet
  facet normal -0.6593458151000344 0.7518398074790077 0
    outer loop
      vertex 69.62398046473393 -5.013187173798516 5.85
      vertex 69.62398046473393 -5.013187173798516 7.715
      vertex 69.72478445071621 -4.924784450716212 5.85
    endloop
  endfacet
  facet normal -0.5555702330196303 0.8314696123025266 0
    outer loop
      vertex 69.62398046473393 -5.013187173798516 5.85
      vertex 69.5125 -5.087676038879049 5.85
      vertex 69.5125 -5.087676038879049 7.715
    endloop
  endfacet
  facet normal 0.32143946530315887 0.9469301294951066 0
    outer loop
      vertex 68.60774948182578 -5.146976520824069 5.85
      vertex 68.60774948182578 -5.146976520824069 7.715
      vertex 68.73471047876991 -5.190073971946295 5.85
    endloop
  endfacet
  facet normal 0.19509032201612955 0.9807852804032302 0
    outer loop
      vertex 68.73471047876991 -5.190073971946295 5.85
      vertex 68.73471047876991 -5.190073971946295 7.715
      vertex 68.86621065297444 -5.216230982908156 5.85
    endloop
  endfacet
  facet normal 0.065403129230136 0.9978589232386039 0
    outer loop
      vertex 68.86621065297444 -5.216230982908156 5.85
      vertex 68.86621065297444 -5.216230982908156 7.715
      vertex 69 -5.225 5.85
    endloop
  endfacet
  facet normal -0.065403129230136 0.9978589232386039 0
    outer loop
      vertex 69 -5.225 5.85
      vertex 69 -5.225 7.715
      vertex 69.13378934702556 -5.216230982908156 5.85
    endloop
  endfacet
  facet normal -0.19509032201612955 0.9807852804032302 0
    outer loop
      vertex 69.13378934702556 -5.216230982908156 5.85
      vertex 69.13378934702556 -5.216230982908156 7.715
      vertex 69.26528952123009 -5.190073971946295 5.85
    endloop
  endfacet
  facet normal -0.32143946530315887 0.9469301294951066 0
    outer loop
      vertex 69.39225051817422 -5.146976520824069 5.85
      vertex 69.26528952123009 -5.190073971946295 5.85
      vertex 69.26528952123009 -5.190073971946295 7.715
    endloop
  endfacet
  facet normal 0.9807852804032413 -0.19509032201607415 0
    outer loop
      vertex 67.98376901709184 -4.066210652974448 5.85
      vertex 68.0099260280537 -3.9347104787699165 7.715
      vertex 67.98376901709184 -4.066210652974448 7.715
    endloop
  endfacet
  facet normal 0.751839807479007 -0.6593458151000352 0
    outer loop
      vertex 68.18681282620149 -3.5760195352660613 5.85
      vertex 68.27521554928379 -3.475215549283789 7.715
      vertex 68.18681282620149 -3.5760195352660613 7.715
    endloop
  endfacet
  facet normal 0.6593458151000362 -0.7518398074790059 0
    outer loop
      vertex 68.27521554928379 -3.475215549283789 5.85
      vertex 68.37601953526607 -3.386812826201484 7.715
      vertex 68.27521554928379 -3.475215549283789 7.715
    endloop
  endfacet
  facet normal 0.5555702330196303 -0.8314696123025266 0
    outer loop
      vertex 68.37601953526607 -3.386812826201484 5.85
      vertex 68.4875 -3.312323961120951 7.715
      vertex 68.37601953526607 -3.386812826201484 7.715
    endloop
  endfacet
  facet normal 0.4422886902190091 -0.8968727415326845 0
    outer loop
      vertex 68.4875 -3.312323961120951 5.85
      vertex 68.60774948182578 -3.2530234791759316 7.715
      vertex 68.4875 -3.312323961120951 7.715
    endloop
  endfacet
  facet normal 0.32143946530315887 -0.9469301294951066 0
    outer loop
      vertex 68.60774948182578 -3.2530234791759316 5.85
      vertex 68.73471047876991 -3.2099260280537054 7.715
      vertex 68.60774948182578 -3.2530234791759316 7.715
    endloop
  endfacet
  facet normal 0.1950903220161264 -0.9807852804032309 0
    outer loop
      vertex 68.73471047876991 -3.2099260280537054 5.85
      vertex 68.86621065297444 -3.1837690170918447 7.715
      vertex 68.73471047876991 -3.2099260280537054 7.715
    endloop
  endfacet
  facet normal 0.06540312923014259 -0.9978589232386035 0
    outer loop
      vertex 68.86621065297444 -3.1837690170918447 5.85
      vertex 69 -3.1750000000000003 7.715
      vertex 68.86621065297444 -3.1837690170918447 7.715
    endloop
  endfacet
  facet normal 0.8314696123025255 -0.5555702330196317 0
    outer loop
      vertex 68.11232396112095 -3.6875 5.85
      vertex 68.18681282620149 -3.5760195352660613 7.715
      vertex 68.11232396112095 -3.6875 7.715
    endloop
  endfacet
  facet normal 0.896872741532699 -0.44228869021897993 0
    outer loop
      vertex 68.05302347917593 -3.807749481825783 5.85
      vertex 68.11232396112095 -3.6875 7.715
      vertex 68.05302347917593 -3.807749481825783 7.715
    endloop
  endfacet
  facet normal 0.9469301294950834 -0.3214394653032272 0
    outer loop
      vertex 68.0099260280537 -3.9347104787699165 5.85
      vertex 68.05302347917593 -3.807749481825783 7.715
      vertex 68.0099260280537 -3.9347104787699165 7.715
    endloop
  endfacet
  facet normal -0.06540312923014259 -0.9978589232386035 0
    outer loop
      vertex 69 -3.1750000000000003 5.85
      vertex 69.13378934702556 -3.1837690170918447 7.715
      vertex 69 -3.1750000000000003 7.715
    endloop
  endfacet
  facet normal -0.1950903220161264 -0.9807852804032309 0
    outer loop
      vertex 69.13378934702556 -3.1837690170918447 5.85
      vertex 69.26528952123009 -3.2099260280537054 7.715
      vertex 69.13378934702556 -3.1837690170918447 7.715
    endloop
  endfacet
  facet normal -0.32143946530315887 -0.9469301294951066 0
    outer loop
      vertex 69.26528952123009 -3.2099260280537054 5.85
      vertex 69.39225051817422 -3.2530234791759316 7.715
      vertex 69.26528952123009 -3.2099260280537054 7.715
    endloop
  endfacet
  facet normal -0.4422886902190091 -0.8968727415326845 0
    outer loop
      vertex 69.39225051817422 -3.2530234791759316 5.85
      vertex 69.5125 -3.312323961120951 7.715
      vertex 69.39225051817422 -3.2530234791759316 7.715
    endloop
  endfacet
  facet normal -0.5555702330196303 -0.8314696123025266 0
    outer loop
      vertex 69.5125 -3.312323961120951 5.85
      vertex 69.62398046473393 -3.386812826201484 7.715
      vertex 69.5125 -3.312323961120951 7.715
    endloop
  endfacet
  facet normal -0.6593458151000362 -0.7518398074790059 0
    outer loop
      vertex 69.62398046473393 -3.386812826201484 5.85
      vertex 69.72478445071621 -3.475215549283789 7.715
      vertex 69.62398046473393 -3.386812826201484 7.715
    endloop
  endfacet
  facet normal -0.751839807479007 -0.6593458151000352 0
    outer loop
      vertex 69.72478445071621 -3.475215549283789 5.85
      vertex 69.81318717379851 -3.5760195352660613 7.715
      vertex 69.72478445071621 -3.475215549283789 7.715
    endloop
  endfacet
  facet normal -0.8314696123025255 -0.5555702330196317 0
    outer loop
      vertex 69.81318717379851 -3.5760195352660613 5.85
      vertex 69.88767603887905 -3.6875 7.715
      vertex 69.81318717379851 -3.5760195352660613 7.715
    endloop
  endfacet
  facet normal -0.896872741532699 -0.44228869021897993 0
    outer loop
      vertex 69.88767603887905 -3.6875 5.85
      vertex 69.94697652082407 -3.807749481825783 7.715
      vertex 69.88767603887905 -3.6875 7.715
    endloop
  endfacet
  facet normal -0.9469301294950834 -0.3214394653032272 0
    outer loop
      vertex 69.94697652082407 -3.807749481825783 5.85
      vertex 69.9900739719463 -3.9347104787699165 7.715
      vertex 69.94697652082407 -3.807749481825783 7.715
    endloop
  endfacet
  facet normal -0.9807852804032413 -0.19509032201607415 0
    outer loop
      vertex 69.9900739719463 -3.9347104787699165 5.85
      vertex 70.01623098290816 -4.066210652974448 7.715
      vertex 69.9900739719463 -3.9347104787699165 7.715
    endloop
  endfacet
  facet normal 0.9978589232386005 -0.06540312923019007 0
    outer loop
      vertex 67.98376901709184 -4.066210652974448 8.315
      vertex 67.98376901709184 -4.066210652974448 10.34
      vertex 67.975 -4.2 8.315
    endloop
  endfacet
  facet normal 0.5555702330196303 -0.8314696123025266 0
    outer loop
      vertex 68.4875 -3.312323961120951 8.315
      vertex 68.4875 -3.312323961120951 10.34
      vertex 68.37601953526607 -3.386812826201484 8.315
    endloop
  endfacet
  facet normal 0.7518398074790069 -0.6593458151000352 0
    outer loop
      vertex 68.18681282620149 -3.5760195352660613 8.315
      vertex 68.27521554928379 -3.475215549283789 8.315
      vertex 68.27521554928379 -3.475215549283789 10.34
    endloop
  endfacet
  facet normal 0.6593458151000362 -0.7518398074790059 0
    outer loop
      vertex 68.27521554928379 -3.475215549283789 8.315
      vertex 68.37601953526607 -3.386812826201484 8.315
      vertex 68.37601953526607 -3.386812826201484 10.34
    endloop
  endfacet
  facet normal 0.44228869021900913 -0.8968727415326846 0
    outer loop
      vertex 68.4875 -3.312323961120951 8.315
      vertex 68.60774948182578 -3.2530234791759316 8.315
      vertex 68.60774948182578 -3.2530234791759316 10.34
    endloop
  endfacet
  facet normal 0.3214394653031589 -0.9469301294951066 0
    outer loop
      vertex 68.73471047876991 -3.2099260280537054 8.315
      vertex 68.73471047876991 -3.2099260280537054 10.34
      vertex 68.60774948182578 -3.2530234791759316 8.315
    endloop
  endfacet
  facet normal 0.19509032201612636 -0.9807852804032308 0
    outer loop
      vertex 68.73471047876991 -3.2099260280537054 8.315
      vertex 68.86621065297444 -3.1837690170918447 8.315
      vertex 68.86621065297444 -3.1837690170918447 10.34
    endloop
  endfacet
  facet normal 0.06540312923014258 -0.9978589232386035 0
    outer loop
      vertex 68.86621065297444 -3.1837690170918447 8.315
      vertex 69 -3.1750000000000003 8.315
      vertex 69 -3.1750000000000003 10.34
    endloop
  endfacet
  facet normal 0.8968727415326989 -0.4422886902189799 0
    outer loop
      vertex 68.11232396112095 -3.6875 8.315
      vertex 68.11232396112095 -3.6875 10.34
      vertex 68.05302347917593 -3.807749481825783 8.315
    endloop
  endfacet
  facet normal 0.8314696123025255 -0.5555702330196317 0
    outer loop
      vertex 68.18681282620149 -3.5760195352660613 8.315
      vertex 68.18681282620149 -3.5760195352660613 10.34
      vertex 68.11232396112095 -3.6875 8.315
    endloop
  endfacet
  facet normal 0.9469301294950834 -0.32143946530322726 0
    outer loop
      vertex 68.05302347917593 -3.807749481825783 8.315
      vertex 68.05302347917593 -3.807749481825783 10.34
      vertex 68.0099260280537 -3.9347104787699165 8.315
    endloop
  endfacet
  facet normal 0.9807852804032412 -0.19509032201607412 0
    outer loop
      vertex 67.98376901709184 -4.066210652974448 8.315
      vertex 68.0099260280537 -3.9347104787699165 8.315
      vertex 68.0099260280537 -3.9347104787699165 10.34
    endloop
  endfacet
  facet normal -0.06540312923014258 -0.9978589232386035 0
    outer loop
      vertex 69 -3.1750000000000003 8.315
      vertex 69.13378934702556 -3.1837690170918447 8.315
      vertex 69.13378934702556 -3.1837690170918447 10.34
    endloop
  endfacet
  facet normal -0.19509032201612636 -0.9807852804032308 0
    outer loop
      vertex 69.13378934702556 -3.1837690170918447 8.315
      vertex 69.26528952123009 -3.2099260280537054 8.315
      vertex 69.26528952123009 -3.2099260280537054 10.34
    endloop
  endfacet
  facet normal -0.3214394653031589 -0.9469301294951066 0
    outer loop
      vertex 69.26528952123009 -3.2099260280537054 8.315
      vertex 69.39225051817422 -3.2530234791759316 8.315
      vertex 69.39225051817422 -3.2530234791759316 10.34
    endloop
  endfacet
  facet normal -0.44228869021900913 -0.8968727415326846 0
    outer loop
      vertex 69.39225051817422 -3.2530234791759316 8.315
      vertex 69.5125 -3.312323961120951 8.315
      vertex 69.5125 -3.312323961120951 10.34
    endloop
  endfacet
  facet normal -0.5555702330196303 -0.8314696123025266 0
    outer loop
      vertex 69.5125 -3.312323961120951 8.315
      vertex 69.62398046473393 -3.386812826201484 8.315
      vertex 69.62398046473393 -3.386812826201484 10.34
    endloop
  endfacet
  facet normal -0.6593458151000362 -0.7518398074790059 0
    outer loop
      vertex 69.62398046473393 -3.386812826201484 8.315
      vertex 69.72478445071621 -3.475215549283789 8.315
      vertex 69.72478445071621 -3.475215549283789 10.34
    endloop
  endfacet
  facet normal -0.7518398074790069 -0.6593458151000352 0
    outer loop
      vertex 69.72478445071621 -3.475215549283789 8.315
      vertex 69.81318717379851 -3.5760195352660613 8.315
      vertex 69.81318717379851 -3.5760195352660613 10.34
    endloop
  endfacet
  facet normal -0.8314696123025255 -0.5555702330196317 0
    outer loop
      vertex 69.81318717379851 -3.5760195352660613 8.315
      vertex 69.88767603887905 -3.6875 8.315
      vertex 69.88767603887905 -3.6875 10.34
    endloop
  endfacet
  facet normal -0.8968727415326989 -0.4422886902189799 0
    outer loop
      vertex 69.88767603887905 -3.6875 8.315
      vertex 69.94697652082407 -3.807749481825783 8.315
      vertex 69.94697652082407 -3.807749481825783 10.34
    endloop
  endfacet
  facet normal -0.9469301294950834 -0.32143946530322726 0
    outer loop
      vertex 69.94697652082407 -3.807749481825783 8.315
      vertex 69.9900739719463 -3.9347104787699165 8.315
      vertex 69.9900739719463 -3.9347104787699165 10.34
    endloop
  endfacet
  facet normal 0.9978589232386005 -0.06540312923019008 0
    outer loop
      vertex 67.975 -4.2 5.85
      vertex 67.98376901709184 -4.066210652974448 7.715
      vertex 67.975 -4.2 7.715
    endloop
  endfacet
  facet normal 0.9978589232386005 0.06540312923019008 0
    outer loop
      vertex 67.98376901709184 -4.333789347025553 5.85
      vertex 67.975 -4.2 7.715
      vertex 67.98376901709184 -4.333789347025553 7.715
    endloop
  endfacet
  facet normal 0.9807852804032414 0.19509032201607351 0
    outer loop
      vertex 68.0099260280537 -4.465289521230084 5.85
      vertex 67.98376901709184 -4.333789347025553 7.715
      vertex 68.0099260280537 -4.465289521230084 7.715
    endloop
  endfacet
  facet normal 0.9469301294950829 0.3214394653032282 0
    outer loop
      vertex 68.05302347917593 -4.592250518174217 5.85
      vertex 68.0099260280537 -4.465289521230084 7.715
      vertex 68.05302347917593 -4.592250518174217 7.715
    endloop
  endfacet
  facet normal 0.896872741532699 0.44228869021897993 0
    outer loop
      vertex 68.11232396112095 -4.7125 5.85
      vertex 68.05302347917593 -4.592250518174217 7.715
      vertex 68.11232396112095 -4.7125 7.715
    endloop
  endfacet
  facet normal 0.8314696123025255 0.5555702330196317 0
    outer loop
      vertex 68.18681282620149 -4.823980464733939 5.85
      vertex 68.11232396112095 -4.7125 7.715
      vertex 68.18681282620149 -4.823980464733939 7.715
    endloop
  endfacet
  facet normal 0.7518398074790085 0.6593458151000336 0
    outer loop
      vertex 68.27521554928379 -4.924784450716212 5.85
      vertex 68.18681282620149 -4.823980464733939 7.715
      vertex 68.27521554928379 -4.924784450716212 7.715
    endloop
  endfacet
  facet normal 0.6593458151000344 0.7518398074790077 0
    outer loop
      vertex 68.37601953526607 -5.013187173798516 5.85
      vertex 68.27521554928379 -4.924784450716212 7.715
      vertex 68.37601953526607 -5.013187173798516 7.715
    endloop
  endfacet
  facet normal 0.5555702330196303 0.8314696123025266 0
    outer loop
      vertex 68.4875 -5.087676038879049 5.85
      vertex 68.37601953526607 -5.013187173798516 7.715
      vertex 68.4875 -5.087676038879049 7.715
    endloop
  endfacet
  facet normal 0.4422886902190091 0.8968727415326845 0
    outer loop
      vertex 68.60774948182578 -5.146976520824069 5.85
      vertex 68.4875 -5.087676038879049 7.715
      vertex 68.60774948182578 -5.146976520824069 7.715
    endloop
  endfacet
  facet normal -0.9469301294950829 0.3214394653032282 0
    outer loop
      vertex 69.9900739719463 -4.465289521230084 5.85
      vertex 69.94697652082407 -4.592250518174217 7.715
      vertex 69.9900739719463 -4.465289521230084 7.715
    endloop
  endfacet
  facet normal -0.896872741532699 0.44228869021897993 0
    outer loop
      vertex 69.94697652082407 -4.592250518174217 5.85
      vertex 69.88767603887905 -4.7125 7.715
      vertex 69.94697652082407 -4.592250518174217 7.715
    endloop
  endfacet
  facet normal -0.4422886902190091 0.8968727415326845 0
    outer loop
      vertex 69.5125 -5.087676038879049 5.85
      vertex 69.39225051817422 -5.146976520824069 7.715
      vertex 69.5125 -5.087676038879049 7.715
    endloop
  endfacet
  facet normal -0.8314696123025255 0.5555702330196317 0
    outer loop
      vertex 69.88767603887905 -4.7125 5.85
      vertex 69.81318717379851 -4.823980464733939 7.715
      vertex 69.88767603887905 -4.7125 7.715
    endloop
  endfacet
  facet normal -0.7518398074790085 0.6593458151000336 0
    outer loop
      vertex 69.81318717379851 -4.823980464733939 5.85
      vertex 69.72478445071621 -4.924784450716212 7.715
      vertex 69.81318717379851 -4.823980464733939 7.715
    endloop
  endfacet
  facet normal -0.6593458151000344 0.7518398074790077 0
    outer loop
      vertex 69.72478445071621 -4.924784450716212 5.85
      vertex 69.62398046473393 -5.013187173798516 7.715
      vertex 69.72478445071621 -4.924784450716212 7.715
    endloop
  endfacet
  facet normal -0.5555702330196303 0.8314696123025266 0
    outer loop
      vertex 69.62398046473393 -5.013187173798516 5.85
      vertex 69.5125 -5.087676038879049 7.715
      vertex 69.62398046473393 -5.013187173798516 7.715
    endloop
  endfacet
  facet normal 0.32143946530315887 0.9469301294951066 0
    outer loop
      vertex 68.73471047876991 -5.190073971946295 5.85
      vertex 68.60774948182578 -5.146976520824069 7.715
      vertex 68.73471047876991 -5.190073971946295 7.715
    endloop
  endfacet
  facet normal 0.19509032201612955 0.9807852804032302 0
    outer loop
      vertex 68.86621065297444 -5.216230982908156 5.85
      vertex 68.73471047876991 -5.190073971946295 7.715
      vertex 68.86621065297444 -5.216230982908156 7.715
    endloop
  endfacet
  facet normal 0.065403129230136 0.9978589232386039 0
    outer loop
      vertex 69 -5.225 5.85
      vertex 68.86621065297444 -5.216230982908156 7.715
      vertex 69 -5.225 7.715
    endloop
  endfacet
  facet normal -0.065403129230136 0.9978589232386039 0
    outer loop
      vertex 69.13378934702556 -5.216230982908156 5.85
      vertex 69 -5.225 7.715
      vertex 69.13378934702556 -5.216230982908156 7.715
    endloop
  endfacet
  facet normal -0.19509032201612955 0.9807852804032302 0
    outer loop
      vertex 69.26528952123009 -5.190073971946295 5.85
      vertex 69.13378934702556 -5.216230982908156 7.715
      vertex 69.26528952123009 -5.190073971946295 7.715
    endloop
  endfacet
  facet normal -0.32143946530315887 0.9469301294951066 0
    outer loop
      vertex 69.39225051817422 -5.146976520824069 5.85
      vertex 69.26528952123009 -5.190073971946295 7.715
      vertex 69.39225051817422 -5.146976520824069 7.715
    endloop
  endfacet
  facet normal 0.9978589232386005 0.06540312923019007 0
    outer loop
      vertex 67.975 -4.2 8.315
      vertex 67.975 -4.2 10.34
      vertex 67.98376901709184 -4.333789347025553 8.315
    endloop
  endfacet
  facet normal 0.9807852804032413 0.1950903220160735 0
    outer loop
      vertex 67.98376901709184 -4.333789347025553 8.315
      vertex 67.98376901709184 -4.333789347025553 10.34
      vertex 68.0099260280537 -4.465289521230084 8.315
    endloop
  endfacet
  facet normal 0.946930129495083 0.32143946530322826 0
    outer loop
      vertex 68.0099260280537 -4.465289521230084 8.315
      vertex 68.0099260280537 -4.465289521230084 10.34
      vertex 68.05302347917593 -4.592250518174217 8.315
    endloop
  endfacet
  facet normal 0.8968727415326989 0.4422886902189799 0
    outer loop
      vertex 68.05302347917593 -4.592250518174217 8.315
      vertex 68.05302347917593 -4.592250518174217 10.34
      vertex 68.11232396112095 -4.7125 8.315
    endloop
  endfacet
  facet normal 0.8314696123025255 0.5555702330196317 0
    outer loop
      vertex 68.11232396112095 -4.7125 8.315
      vertex 68.11232396112095 -4.7125 10.34
      vertex 68.18681282620149 -4.823980464733939 8.315
    endloop
  endfacet
  facet normal 0.7518398074790084 0.6593458151000336 0
    outer loop
      vertex 68.18681282620149 -4.823980464733939 8.315
      vertex 68.18681282620149 -4.823980464733939 10.34
      vertex 68.27521554928379 -4.924784450716212 8.315
    endloop
  endfacet
  facet normal 0.6593458151000344 0.7518398074790076 0
    outer loop
      vertex 68.27521554928379 -4.924784450716212 8.315
      vertex 68.27521554928379 -4.924784450716212 10.34
      vertex 68.37601953526607 -5.013187173798516 8.315
    endloop
  endfacet
  facet normal 0.5555702330196303 0.8314696123025266 0
    outer loop
      vertex 68.37601953526607 -5.013187173798516 8.315
      vertex 68.37601953526607 -5.013187173798516 10.34
      vertex 68.4875 -5.087676038879049 8.315
    endloop
  endfacet
  facet normal 0.44228869021900913 0.8968727415326846 0
    outer loop
      vertex 68.4875 -5.087676038879049 8.315
      vertex 68.4875 -5.087676038879049 10.34
      vertex 68.60774948182578 -5.146976520824069 8.315
    endloop
  endfacet
  facet normal -0.9807852804032413 0.1950903220160735 0
    outer loop
      vertex 69.9900739719463 -4.465289521230084 8.315
      vertex 69.9900739719463 -4.465289521230084 10.34
      vertex 70.01623098290816 -4.333789347025553 8.315
    endloop
  endfacet
  facet normal -0.946930129495083 0.32143946530322826 0
    outer loop
      vertex 69.9900739719463 -4.465289521230084 8.315
      vertex 69.94697652082407 -4.592250518174217 8.315
      vertex 69.94697652082407 -4.592250518174217 10.34
    endloop
  endfacet
  facet normal -0.44228869021900913 0.8968727415326846 0
    outer loop
      vertex 69.39225051817422 -5.146976520824069 8.315
      vertex 69.39225051817422 -5.146976520824069 10.34
      vertex 69.5125 -5.087676038879049 8.315
    endloop
  endfacet
  facet normal -0.8968727415326989 0.4422886902189799 0
    outer loop
      vertex 69.94697652082407 -4.592250518174217 8.315
      vertex 69.88767603887905 -4.7125 8.315
      vertex 69.88767603887905 -4.7125 10.34
    endloop
  endfacet
  facet normal -0.8314696123025255 0.5555702330196317 0
    outer loop
      vertex 69.88767603887905 -4.7125 8.315
      vertex 69.81318717379851 -4.823980464733939 8.315
      vertex 69.81318717379851 -4.823980464733939 10.34
    endloop
  endfacet
  facet normal -0.7518398074790084 0.6593458151000336 0
    outer loop
      vertex 69.81318717379851 -4.823980464733939 8.315
      vertex 69.72478445071621 -4.924784450716212 8.315
      vertex 69.72478445071621 -4.924784450716212 10.34
    endloop
  endfacet
  facet normal -0.6593458151000344 0.7518398074790076 0
    outer loop
      vertex 69.62398046473393 -5.013187173798516 8.315
      vertex 69.62398046473393 -5.013187173798516 10.34
      vertex 69.72478445071621 -4.924784450716212 8.315
    endloop
  endfacet
  facet normal -0.5555702330196303 0.8314696123025266 0
    outer loop
      vertex 69.62398046473393 -5.013187173798516 8.315
      vertex 69.5125 -5.087676038879049 8.315
      vertex 69.5125 -5.087676038879049 10.34
    endloop
  endfacet
  facet normal 0.3214394653031589 0.9469301294951066 0
    outer loop
      vertex 68.60774948182578 -5.146976520824069 8.315
      vertex 68.60774948182578 -5.146976520824069 10.34
      vertex 68.73471047876991 -5.190073971946295 8.315
    endloop
  endfacet
  facet normal 0.19509032201612958 0.9807852804032302 0
    outer loop
      vertex 68.73471047876991 -5.190073971946295 8.315
      vertex 68.73471047876991 -5.190073971946295 10.34
      vertex 68.86621065297444 -5.216230982908156 8.315
    endloop
  endfacet
  facet normal 0.065403129230136 0.997858923238604 0
    outer loop
      vertex 68.86621065297444 -5.216230982908156 8.315
      vertex 68.86621065297444 -5.216230982908156 10.34
      vertex 69 -5.225 8.315
    endloop
  endfacet
  facet normal -0.065403129230136 0.997858923238604 0
    outer loop
      vertex 69 -5.225 8.315
      vertex 69 -5.225 10.34
      vertex 69.13378934702556 -5.216230982908156 8.315
    endloop
  endfacet
  facet normal -0.19509032201612958 0.9807852804032302 0
    outer loop
      vertex 69.13378934702556 -5.216230982908156 8.315
      vertex 69.13378934702556 -5.216230982908156 10.34
      vertex 69.26528952123009 -5.190073971946295 8.315
    endloop
  endfacet
  facet normal -0.3214394653031589 0.9469301294951066 0
    outer loop
      vertex 69.39225051817422 -5.146976520824069 8.315
      vertex 69.26528952123009 -5.190073971946295 8.315
      vertex 69.26528952123009 -5.190073971946295 10.34
    endloop
  endfacet
  facet normal -0.9807852804032413 -0.19509032201607415 0
    outer loop
      vertex 69.9900739719463 -3.9347104787699165 5.85
      vertex 70.01623098290816 -4.066210652974448 5.85
      vertex 70.01623098290816 -4.066210652974448 7.715
    endloop
  endfacet
  facet normal -0.9978589232386005 -0.06540312923019008 0
    outer loop
      vertex 70.01623098290816 -4.066210652974448 5.85
      vertex 70.025 -4.2 5.85
      vertex 70.025 -4.2 7.715
    endloop
  endfacet
  facet normal -0.9978589232386005 0.06540312923019008 0
    outer loop
      vertex 70.025 -4.2 5.85
      vertex 70.01623098290816 -4.333789347025553 5.85
      vertex 70.01623098290816 -4.333789347025553 7.715
    endloop
  endfacet
  facet normal -0.9978589232386005 -0.06540312923019008 0
    outer loop
      vertex 70.01623098290816 -4.066210652974448 5.85
      vertex 70.025 -4.2 7.715
      vertex 70.01623098290816 -4.066210652974448 7.715
    endloop
  endfacet
  facet normal -0.9807852804032412 -0.19509032201607412 0
    outer loop
      vertex 69.9900739719463 -3.9347104787699165 8.315
      vertex 70.01623098290816 -4.066210652974448 8.315
      vertex 70.01623098290816 -4.066210652974448 10.34
    endloop
  endfacet
  facet normal -0.9978589232386005 0.06540312923019008 0
    outer loop
      vertex 70.025 -4.2 5.85
      vertex 70.01623098290816 -4.333789347025553 7.715
      vertex 70.025 -4.2 7.715
    endloop
  endfacet
  facet normal -0.9807852804032414 0.19509032201607351 0
    outer loop
      vertex 69.9900739719463 -4.465289521230084 7.715
      vertex 70.01623098290816 -4.333789347025553 7.715
      vertex 70.01623098290816 -4.333789347025553 5.85
    endloop
  endfacet
  facet normal -0.9978589232386005 -0.06540312923019007 0
    outer loop
      vertex 70.01623098290816 -4.066210652974448 8.315
      vertex 70.025 -4.2 8.315
      vertex 70.025 -4.2 10.34
    endloop
  endfacet
  facet normal -0.9978589232386005 0.06540312923019007 0
    outer loop
      vertex 70.025 -4.2 8.315
      vertex 70.01623098290816 -4.333789347025553 8.315
      vertex 70.01623098290816 -4.333789347025553 10.34
    endloop
  endfacet
  facet normal 0.9807852804032412 -0.19509032201607412 0
    outer loop
      vertex 67.98376901709184 -4.066210652974448 8.315
      vertex 68.0099260280537 -3.9347104787699165 10.34
      vertex 67.98376901709184 -4.066210652974448 10.34
    endloop
  endfacet
  facet normal 0.7518398074790069 -0.6593458151000352 0
    outer loop
      vertex 68.18681282620149 -3.5760195352660613 8.315
      vertex 68.27521554928379 -3.475215549283789 10.34
      vertex 68.18681282620149 -3.5760195352660613 10.34
    endloop
  endfacet
  facet normal 0.6593458151000362 -0.7518398074790059 0
    outer loop
      vertex 68.27521554928379 -3.475215549283789 8.315
      vertex 68.37601953526607 -3.386812826201484 10.34
      vertex 68.27521554928379 -3.475215549283789 10.34
    endloop
  endfacet
  facet normal 0.5555702330196303 -0.8314696123025266 0
    outer loop
      vertex 68.37601953526607 -3.386812826201484 8.315
      vertex 68.4875 -3.312323961120951 10.34
      vertex 68.37601953526607 -3.386812826201484 10.34
    endloop
  endfacet
  facet normal 0.44228869021900913 -0.8968727415326846 0
    outer loop
      vertex 68.4875 -3.312323961120951 8.315
      vertex 68.60774948182578 -3.2530234791759316 10.34
      vertex 68.4875 -3.312323961120951 10.34
    endloop
  endfacet
  facet normal 0.3214394653031589 -0.9469301294951066 0
    outer loop
      vertex 68.60774948182578 -3.2530234791759316 8.315
      vertex 68.73471047876991 -3.2099260280537054 10.34
      vertex 68.60774948182578 -3.2530234791759316 10.34
    endloop
  endfacet
  facet normal 0.19509032201612636 -0.9807852804032308 0
    outer loop
      vertex 68.73471047876991 -3.2099260280537054 8.315
      vertex 68.86621065297444 -3.1837690170918447 10.34
      vertex 68.73471047876991 -3.2099260280537054 10.34
    endloop
  endfacet
  facet normal 0.06540312923014258 -0.9978589232386035 0
    outer loop
      vertex 68.86621065297444 -3.1837690170918447 8.315
      vertex 69 -3.1750000000000003 10.34
      vertex 68.86621065297444 -3.1837690170918447 10.34
    endloop
  endfacet
  facet normal 0.8314696123025255 -0.5555702330196317 0
    outer loop
      vertex 68.11232396112095 -3.6875 8.315
      vertex 68.18681282620149 -3.5760195352660613 10.34
      vertex 68.11232396112095 -3.6875 10.34
    endloop
  endfacet
  facet normal 0.8968727415326989 -0.4422886902189799 0
    outer loop
      vertex 68.05302347917593 -3.807749481825783 8.315
      vertex 68.11232396112095 -3.6875 10.34
      vertex 68.05302347917593 -3.807749481825783 10.34
    endloop
  endfacet
  facet normal 0.9469301294950834 -0.32143946530322726 0
    outer loop
      vertex 68.0099260280537 -3.9347104787699165 8.315
      vertex 68.05302347917593 -3.807749481825783 10.34
      vertex 68.0099260280537 -3.9347104787699165 10.34
    endloop
  endfacet
  facet normal -0.06540312923014258 -0.9978589232386035 0
    outer loop
      vertex 69 -3.1750000000000003 8.315
      vertex 69.13378934702556 -3.1837690170918447 10.34
      vertex 69 -3.1750000000000003 10.34
    endloop
  endfacet
  facet normal -0.19509032201612636 -0.9807852804032308 0
    outer loop
      vertex 69.13378934702556 -3.1837690170918447 8.315
      vertex 69.26528952123009 -3.2099260280537054 10.34
      vertex 69.13378934702556 -3.1837690170918447 10.34
    endloop
  endfacet
  facet normal -0.3214394653031589 -0.9469301294951066 0
    outer loop
      vertex 69.26528952123009 -3.2099260280537054 8.315
      vertex 69.39225051817422 -3.2530234791759316 10.34
      vertex 69.26528952123009 -3.2099260280537054 10.34
    endloop
  endfacet
  facet normal -0.44228869021900913 -0.8968727415326846 0
    outer loop
      vertex 69.39225051817422 -3.2530234791759316 8.315
      vertex 69.5125 -3.312323961120951 10.34
      vertex 69.39225051817422 -3.2530234791759316 10.34
    endloop
  endfacet
  facet normal -0.5555702330196303 -0.8314696123025266 0
    outer loop
      vertex 69.5125 -3.312323961120951 8.315
      vertex 69.62398046473393 -3.386812826201484 10.34
      vertex 69.5125 -3.312323961120951 10.34
    endloop
  endfacet
  facet normal -0.6593458151000362 -0.7518398074790059 0
    outer loop
      vertex 69.62398046473393 -3.386812826201484 8.315
      vertex 69.72478445071621 -3.475215549283789 10.34
      vertex 69.62398046473393 -3.386812826201484 10.34
    endloop
  endfacet
  facet normal -0.7518398074790069 -0.6593458151000352 0
    outer loop
      vertex 69.72478445071621 -3.475215549283789 8.315
      vertex 69.81318717379851 -3.5760195352660613 10.34
      vertex 69.72478445071621 -3.475215549283789 10.34
    endloop
  endfacet
  facet normal -0.8314696123025255 -0.5555702330196317 0
    outer loop
      vertex 69.81318717379851 -3.5760195352660613 8.315
      vertex 69.88767603887905 -3.6875 10.34
      vertex 69.81318717379851 -3.5760195352660613 10.34
    endloop
  endfacet
  facet normal -0.8968727415326989 -0.4422886902189799 0
    outer loop
      vertex 69.88767603887905 -3.6875 8.315
      vertex 69.94697652082407 -3.807749481825783 10.34
      vertex 69.88767603887905 -3.6875 10.34
    endloop
  endfacet
  facet normal -0.9469301294950834 -0.32143946530322726 0
    outer loop
      vertex 69.94697652082407 -3.807749481825783 8.315
      vertex 69.9900739719463 -3.9347104787699165 10.34
      vertex 69.94697652082407 -3.807749481825783 10.34
    endloop
  endfacet
  facet normal -0.9807852804032412 -0.19509032201607412 0
    outer loop
      vertex 69.9900739719463 -3.9347104787699165 8.315
      vertex 70.01623098290816 -4.066210652974448 10.34
      vertex 69.9900739719463 -3.9347104787699165 10.34
    endloop
  endfacet
  facet normal 0 0 -1
    outer loop
      vertex 67.98376901709184 -4.066210652974448 10.34
      vertex 68.0099260280537 -3.9347104787699165 10.34
      vertex 67.98376901709184 -4.333789347025553 10.34
    endloop
  endfacet
  facet normal 0 0 -1
    outer loop
      vertex 68.18681282620149 -3.5760195352660613 10.34
      vertex 68.11232396112095 -4.7125 10.34
      vertex 68.11232396112095 -3.6875 10.34
    endloop
  endfacet
  facet normal 0 0 -1
    outer loop
      vertex 68.18681282620149 -3.5760195352660613 10.34
      vertex 68.27521554928379 -3.475215549283789 10.34
      vertex 68.18681282620149 -4.823980464733939 10.34
    endloop
  endfacet
  facet normal 0 0 -1
    outer loop
      vertex 68.11232396112095 -3.6875 10.34
      vertex 68.05302347917593 -4.592250518174217 10.34
      vertex 68.05302347917593 -3.807749481825783 10.34
    endloop
  endfacet
  facet normal 0 0 -1
    outer loop
      vertex 68.05302347917593 -3.807749481825783 10.34
      vertex 68.0099260280537 -4.465289521230084 10.34
      vertex 68.0099260280537 -3.9347104787699165 10.34
    endloop
  endfacet
  facet normal 0 0 -1
    outer loop
      vertex 68.27521554928379 -3.475215549283789 10.34
      vertex 68.37601953526607 -3.386812826201484 10.34
      vertex 68.27521554928379 -4.924784450716212 10.34
    endloop
  endfacet
  facet normal 0 0 -1
    outer loop
      vertex 68.4875 -3.312323961120951 10.34
      vertex 68.37601953526607 -5.013187173798516 10.34
      vertex 68.37601953526607 -3.386812826201484 10.34
    endloop
  endfacet
  facet normal 0 0 -1
    outer loop
      vertex 68.73471047876991 -3.2099260280537054 10.34
      vertex 68.86621065297444 -3.1837690170918447 10.34
      vertex 68.73471047876991 -5.190073971946295 10.34
    endloop
  endfacet
  facet normal 0 0 -1
    outer loop
      vertex 68.86621065297444 -3.1837690170918447 10.34
      vertex 69 -3.1750000000000003 10.34
      vertex 68.86621065297444 -5.216230982908156 10.34
    endloop
  endfacet
  facet normal 0 0 -1
    outer loop
      vertex 68.4875 -3.312323961120951 10.34
      vertex 68.60774948182578 -3.2530234791759316 10.34
      vertex 68.4875 -5.087676038879049 10.34
    endloop
  endfacet
  facet normal 0 0 -1
    outer loop
      vertex 68.73471047876991 -3.2099260280537054 10.34
      vertex 68.60774948182578 -5.146976520824069 10.34
      vertex 68.60774948182578 -3.2530234791759316 10.34
    endloop
  endfacet
  facet normal 0 0 -1
    outer loop
      vertex 69 -3.1750000000000003 10.34
      vertex 69.13378934702556 -3.1837690170918447 10.34
      vertex 69 -5.225 10.34
    endloop
  endfacet
  facet normal 0 0 -1
    outer loop
      vertex 69.13378934702556 -3.1837690170918447 10.34
      vertex 69.26528952123009 -3.2099260280537054 10.34
      vertex 69.13378934702556 -5.216230982908156 10.34
    endloop
  endfacet
  facet normal 0 0 -1
    outer loop
      vertex 69.26528952123009 -3.2099260280537054 10.34
      vertex 69.39225051817422 -3.2530234791759316 10.34
      vertex 69.26528952123009 -5.190073971946295 10.34
    endloop
  endfacet
  facet normal 0 0 -1
    outer loop
      vertex 69.39225051817422 -3.2530234791759316 10.34
      vertex 69.5125 -3.312323961120951 10.34
      vertex 69.39225051817422 -5.146976520824069 10.34
    endloop
  endfacet
  facet normal 0 0 -1
    outer loop
      vertex 69.5125 -3.312323961120951 10.34
      vertex 69.62398046473393 -3.386812826201484 10.34
      vertex 69.5125 -5.087676038879049 10.34
    endloop
  endfacet
  facet normal 0 0 -1
    outer loop
      vertex 69.62398046473393 -3.386812826201484 10.34
      vertex 69.72478445071621 -3.475215549283789 10.34
      vertex 69.62398046473393 -5.013187173798516 10.34
    endloop
  endfacet
  facet normal 0 0 -1
    outer loop
      vertex 69.72478445071621 -3.475215549283789 10.34
      vertex 69.81318717379851 -3.5760195352660613 10.34
      vertex 69.72478445071621 -4.924784450716212 10.34
    endloop
  endfacet
  facet normal 0 0 -1
    outer loop
      vertex 69.81318717379851 -3.5760195352660613 10.34
      vertex 69.88767603887905 -3.6875 10.34
      vertex 69.81318717379851 -4.823980464733939 10.34
    endloop
  endfacet
  facet normal 0 0 -1
    outer loop
      vertex 69.88767603887905 -3.6875 10.34
      vertex 69.94697652082407 -3.807749481825783 10.34
      vertex 69.88767603887905 -4.7125 10.34
    endloop
  endfacet
  facet normal 0 0 -1
    outer loop
      vertex 69.94697652082407 -3.807749481825783 10.34
      vertex 69.9900739719463 -3.9347104787699165 10.34
      vertex 69.94697652082407 -4.592250518174217 10.34
    endloop
  endfacet
  facet normal 0.9978589232386005 -0.06540312923019007 0
    outer loop
      vertex 67.975 -4.2 8.315
      vertex 67.98376901709184 -4.066210652974448 10.34
      vertex 67.975 -4.2 10.34
    endloop
  endfacet
  facet normal 0.9978589232386005 0.06540312923019007 0
    outer loop
      vertex 67.98376901709184 -4.333789347025553 8.315
      vertex 67.975 -4.2 10.34
      vertex 67.98376901709184 -4.333789347025553 10.34
    endloop
  endfacet
  facet normal 0.9807852804032413 0.1950903220160735 0
    outer loop
      vertex 68.0099260280537 -4.465289521230084 8.315
      vertex 67.98376901709184 -4.333789347025553 10.34
      vertex 68.0099260280537 -4.465289521230084 10.34
    endloop
  endfacet
  facet normal 0.946930129495083 0.32143946530322826 0
    outer loop
      vertex 68.05302347917593 -4.592250518174217 8.315
      vertex 68.0099260280537 -4.465289521230084 10.34
      vertex 68.05302347917593 -4.592250518174217 10.34
    endloop
  endfacet
  facet normal 0.8968727415326989 0.4422886902189799 0
    outer loop
      vertex 68.11232396112095 -4.7125 8.315
      vertex 68.05302347917593 -4.592250518174217 10.34
      vertex 68.11232396112095 -4.7125 10.34
    endloop
  endfacet
  facet normal 0.8314696123025255 0.5555702330196317 0
    outer loop
      vertex 68.18681282620149 -4.823980464733939 8.315
      vertex 68.11232396112095 -4.7125 10.34
      vertex 68.18681282620149 -4.823980464733939 10.34
    endloop
  endfacet
  facet normal 0.7518398074790084 0.6593458151000336 0
    outer loop
      vertex 68.27521554928379 -4.924784450716212 8.315
      vertex 68.18681282620149 -4.823980464733939 10.34
      vertex 68.27521554928379 -4.924784450716212 10.34
    endloop
  endfacet
  facet normal 0.6593458151000344 0.7518398074790076 0
    outer loop
      vertex 68.37601953526607 -5.013187173798516 8.315
      vertex 68.27521554928379 -4.924784450716212 10.34
      vertex 68.37601953526607 -5.013187173798516 10.34
    endloop
  endfacet
  facet normal 0.5555702330196303 0.8314696123025266 0
    outer loop
      vertex 68.4875 -5.087676038879049 8.315
      vertex 68.37601953526607 -5.013187173798516 10.34
      vertex 68.4875 -5.087676038879049 10.34
    endloop
  endfacet
  facet normal 0.44228869021900913 0.8968727415326846 0
    outer loop
      vertex 68.60774948182578 -5.146976520824069 8.315
      vertex 68.4875 -5.087676038879049 10.34
      vertex 68.60774948182578 -5.146976520824069 10.34
    endloop
  endfacet
  facet normal -0.946930129495083 0.32143946530322826 0
    outer loop
      vertex 69.9900739719463 -4.465289521230084 8.315
      vertex 69.94697652082407 -4.592250518174217 10.34
      vertex 69.9900739719463 -4.465289521230084 10.34
    endloop
  endfacet
  facet normal -0.8968727415326989 0.4422886902189799 0
    outer loop
      vertex 69.94697652082407 -4.592250518174217 8.315
      vertex 69.88767603887905 -4.7125 10.34
      vertex 69.94697652082407 -4.592250518174217 10.34
    endloop
  endfacet
  facet normal -0.44228869021900913 0.8968727415326846 0
    outer loop
      vertex 69.5125 -5.087676038879049 8.315
      vertex 69.39225051817422 -5.146976520824069 10.34
      vertex 69.5125 -5.087676038879049 10.34
    endloop
  endfacet
  facet normal -0.8314696123025255 0.5555702330196317 0
    outer loop
      vertex 69.88767603887905 -4.7125 8.315
      vertex 69.81318717379851 -4.823980464733939 10.34
      vertex 69.88767603887905 -4.7125 10.34
    endloop
  endfacet
  facet normal -0.7518398074790084 0.6593458151000336 0
    outer loop
      vertex 69.81318717379851 -4.823980464733939 8.315
      vertex 69.72478445071621 -4.924784450716212 10.34
      vertex 69.81318717379851 -4.823980464733939 10.34
    endloop
  endfacet
  facet normal -0.6593458151000344 0.7518398074790076 0
    outer loop
      vertex 69.72478445071621 -4.924784450716212 8.315
      vertex 69.62398046473393 -5.013187173798516 10.34
      vertex 69.72478445071621 -4.924784450716212 10.34
    endloop
  endfacet
  facet normal -0.5555702330196303 0.8314696123025266 0
    outer loop
      vertex 69.62398046473393 -5.013187173798516 8.315
      vertex 69.5125 -5.087676038879049 10.34
      vertex 69.62398046473393 -5.013187173798516 10.34
    endloop
  endfacet
  facet normal 0.3214394653031589 0.9469301294951066 0
    outer loop
      vertex 68.73471047876991 -5.190073971946295 8.315
      vertex 68.60774948182578 -5.146976520824069 10.34
      vertex 68.73471047876991 -5.190073971946295 10.34
    endloop
  endfacet
  facet normal 0.19509032201612958 0.9807852804032302 0
    outer loop
      vertex 68.86621065297444 -5.216230982908156 8.315
      vertex 68.73471047876991 -5.190073971946295 10.34
      vertex 68.86621065297444 -5.216230982908156 10.34
    endloop
  endfacet
  facet normal 0.065403129230136 0.997858923238604 0
    outer loop
      vertex 69 -5.225 8.315
      vertex 68.86621065297444 -5.216230982908156 10.34
      vertex 69 -5.225 10.34
    endloop
  endfacet
  facet normal -0.065403129230136 0.997858923238604 0
    outer loop
      vertex 69.13378934702556 -5.216230982908156 8.315
      vertex 69 -5.225 10.34
      vertex 69.13378934702556 -5.216230982908156 10.34
    endloop
  endfacet
  facet normal -0.19509032201612958 0.9807852804032302 0
    outer loop
      vertex 69.26528952123009 -5.190073971946295 8.315
      vertex 69.13378934702556 -5.216230982908156 10.34
      vertex 69.26528952123009 -5.190073971946295 10.34
    endloop
  endfacet
  facet normal -0.3214394653031589 0.9469301294951066 0
    outer loop
      vertex 69.39225051817422 -5.146976520824069 8.315
      vertex 69.26528952123009 -5.190073971946295 10.34
      vertex 69.39225051817422 -5.146976520824069 10.34
    endloop
  endfacet
  facet normal 0 0 -1
    outer loop
      vertex 67.98376901709184 -4.066210652974448 10.34
      vertex 67.98376901709184 -4.333789347025553 10.34
      vertex 67.975 -4.2 10.34
    endloop
  endfacet
  facet normal 0 0 -1
    outer loop
      vertex 68.0099260280537 -3.9347104787699165 10.34
      vertex 68.0099260280537 -4.465289521230084 10.34
      vertex 67.98376901709184 -4.333789347025553 10.34
    endloop
  endfacet
  facet normal 0 0 -1
    outer loop
      vertex 68.05302347917593 -3.807749481825783 10.34
      vertex 68.05302347917593 -4.592250518174217 10.34
      vertex 68.0099260280537 -4.465289521230084 10.34
    endloop
  endfacet
  facet normal 0 0 -1
    outer loop
      vertex 68.11232396112095 -3.6875 10.34
      vertex 68.11232396112095 -4.7125 10.34
      vertex 68.05302347917593 -4.592250518174217 10.34
    endloop
  endfacet
  facet normal 0 0 -1
    outer loop
      vertex 68.18681282620149 -3.5760195352660613 10.34
      vertex 68.18681282620149 -4.823980464733939 10.34
      vertex 68.11232396112095 -4.7125 10.34
    endloop
  endfacet
  facet normal 0 0 -1
    outer loop
      vertex 68.27521554928379 -3.475215549283789 10.34
      vertex 68.27521554928379 -4.924784450716212 10.34
      vertex 68.18681282620149 -4.823980464733939 10.34
    endloop
  endfacet
  facet normal 0 0 -1
    outer loop
      vertex 68.37601953526607 -3.386812826201484 10.34
      vertex 68.37601953526607 -5.013187173798516 10.34
      vertex 68.27521554928379 -4.924784450716212 10.34
    endloop
  endfacet
  facet normal 0 0 -1
    outer loop
      vertex 68.4875 -3.312323961120951 10.34
      vertex 68.4875 -5.087676038879049 10.34
      vertex 68.37601953526607 -5.013187173798516 10.34
    endloop
  endfacet
  facet normal 0 0 -1
    outer loop
      vertex 68.60774948182578 -3.2530234791759316 10.34
      vertex 68.60774948182578 -5.146976520824069 10.34
      vertex 68.4875 -5.087676038879049 10.34
    endloop
  endfacet
  facet normal 0 0 -1
    outer loop
      vertex 68.73471047876991 -3.2099260280537054 10.34
      vertex 68.73471047876991 -5.190073971946295 10.34
      vertex 68.60774948182578 -5.146976520824069 10.34
    endloop
  endfacet
  facet normal 0 0 -1
    outer loop
      vertex 68.86621065297444 -3.1837690170918447 10.34
      vertex 68.86621065297444 -5.216230982908156 10.34
      vertex 68.73471047876991 -5.190073971946295 10.34
    endloop
  endfacet
  facet normal 0 0 -1
    outer loop
      vertex 69 -3.1750000000000003 10.34
      vertex 69 -5.225 10.34
      vertex 68.86621065297444 -5.216230982908156 10.34
    endloop
  endfacet
  facet normal 0 0 -1
    outer loop
      vertex 69.13378934702556 -3.1837690170918447 10.34
      vertex 69.13378934702556 -5.216230982908156 10.34
      vertex 69 -5.225 10.34
    endloop
  endfacet
  facet normal 0 0 -1
    outer loop
      vertex 69.26528952123009 -3.2099260280537054 10.34
      vertex 69.26528952123009 -5.190073971946295 10.34
      vertex 69.13378934702556 -5.216230982908156 10.34
    endloop
  endfacet
  facet normal 0 0 -1
    outer loop
      vertex 69.39225051817422 -3.2530234791759316 10.34
      vertex 69.39225051817422 -5.146976520824069 10.34
      vertex 69.26528952123009 -5.190073971946295 10.34
    endloop
  endfacet
  facet normal 0 0 -1
    outer loop
      vertex 69.5125 -3.312323961120951 10.34
      vertex 69.5125 -5.087676038879049 10.34
      vertex 69.39225051817422 -5.146976520824069 10.34
    endloop
  endfacet
  facet normal 0 0 -1
    outer loop
      vertex 69.9900739719463 -3.9347104787699165 10.34
      vertex 70.01623098290816 -4.066210652974448 10.34
      vertex 69.9900739719463 -4.465289521230084 10.34
    endloop
  endfacet
  facet normal 0 0 -1
    outer loop
      vertex 69.94697652082407 -3.807749481825783 10.34
      vertex 69.94697652082407 -4.592250518174217 10.34
      vertex 69.88767603887905 -4.7125 10.34
    endloop
  endfacet
  facet normal 0 0 -1
    outer loop
      vertex 69.9900739719463 -3.9347104787699165 10.34
      vertex 69.9900739719463 -4.465289521230084 10.34
      vertex 69.94697652082407 -4.592250518174217 10.34
    endloop
  endfacet
  facet normal 0 0 -1
    outer loop
      vertex 69.62398046473393 -3.386812826201484 10.34
      vertex 69.62398046473393 -5.013187173798516 10.34
      vertex 69.5125 -5.087676038879049 10.34
    endloop
  endfacet
  facet normal 0 0 -1
    outer loop
      vertex 69.72478445071621 -3.475215549283789 10.34
      vertex 69.72478445071621 -4.924784450716212 10.34
      vertex 69.62398046473393 -5.013187173798516 10.34
    endloop
  endfacet
  facet normal 0 0 -1
    outer loop
      vertex 69.81318717379851 -3.5760195352660613 10.34
      vertex 69.81318717379851 -4.823980464733939 10.34
      vertex 69.72478445071621 -4.924784450716212 10.34
    endloop
  endfacet
  facet normal 0 0 -1
    outer loop
      vertex 69.88767603887905 -3.6875 10.34
      vertex 69.88767603887905 -4.7125 10.34
      vertex 69.81318717379851 -4.823980464733939 10.34
    endloop
  endfacet
  facet normal -0.9978589232386005 -0.06540312923019007 0
    outer loop
      vertex 70.01623098290816 -4.066210652974448 8.315
      vertex 70.025 -4.2 10.34
      vertex 70.01623098290816 -4.066210652974448 10.34
    endloop
  endfacet
  facet normal -0.9978589232386005 0.06540312923019007 0
    outer loop
      vertex 70.025 -4.2 8.315
      vertex 70.01623098290816 -4.333789347025553 10.34
      vertex 70.025 -4.2 10.34
    endloop
  endfacet
  facet normal -0.9807852804032413 0.1950903220160735 0
    outer loop
      vertex 70.01623098290816 -4.333789347025553 8.315
      vertex 69.9900739719463 -4.465289521230084 10.34
      vertex 70.01623098290816 -4.333789347025553 10.34
    endloop
  endfacet
  facet normal 0 0 -1
    outer loop
      vertex 70.01623098290816 -4.066210652974448 10.34
      vertex 70.025 -4.2 10.34
      vertex 70.01623098290816 -4.333789347025553 10.34
    endloop
  endfacet
  facet normal 0 0 -1
    outer loop
      vertex 69.9900739719463 -4.465289521230084 10.34
      vertex 70.01623098290816 -4.066210652974448 10.34
      vertex 70.01623098290816 -4.333789347025553 10.34
    endloop
  endfacet
  facet normal 0 0 -1
    outer loop
      vertex 37.45441558772843 -59.15441558772843 7.715
      vertex 37.8084588555686 -58.843927974951555 7.715
      vertex 37.778370599535144 -61.10471619626421 7.715
    endloop
  endfacet
  facet normal -0.8314696123025532 0.5555702330195903 0
    outer loop
      vertex 37.14392797495155 -59.508458855568605 7.715
      vertex 36.882308546376024 -59.900000000000006 7.715
      vertex 36.882308546376024 -59.900000000000006 8.315
    endloop
  endfacet
  facet normal -0.6593458151000691 0.7518398074789773 0
    outer loop
      vertex 37.45441558772843 -59.15441558772843 7.715
      vertex 37.8084588555686 -58.843927974951555 8.315
      vertex 37.8084588555686 -58.843927974951555 7.715
    endloop
  endfacet
  facet normal -0.7518398074789773 0.6593458151000691 0
    outer loop
      vertex 37.45441558772843 -59.15441558772843 7.715
      vertex 37.14392797495155 -59.508458855568605 7.715
      vertex 37.14392797495155 -59.508458855568605 8.315
    endloop
  endfacet
  facet normal 0 0 -1
    outer loop
      vertex 37.8084588555686 -58.843927974951555 7.715
      vertex 38.17528731733016 -60.29984871327994 7.715
      vertex 38.008141571295795 -60.550000000000004 7.715
    endloop
  endfacet
  facet normal 0 0 -1
    outer loop
      vertex 37.8084588555686 -58.843927974951555 7.715
      vertex 38.008141571295795 -60.550000000000004 7.715
      vertex 37.87507707522404 -60.8198281055603 7.715
    endloop
  endfacet
  facet normal 0 0 -1
    outer loop
      vertex 37.8084588555686 -58.843927974951555 7.715
      vertex 37.87507707522404 -60.8198281055603 7.715
      vertex 37.778370599535144 -61.10471619626421 7.715
    endloop
  endfacet
  facet normal 0 0 -1
    outer loop
      vertex 37.45441558772843 -59.15441558772843 7.715
      vertex 37.778370599535144 -61.10471619626421 7.715
      vertex 37.719676818840234 -61.399789757893885 7.715
    endloop
  endfacet
  facet normal 0 0 -1
    outer loop
      vertex 37.45441558772843 -59.15441558772843 7.715
      vertex 37.719676818840234 -61.399789757893885 7.715
      vertex 37.7 -61.7 7.715
    endloop
  endfacet
  facet normal -0.8968727415326844 0.442288690219009 0
    outer loop
      vertex 36.882308546376024 -59.900000000000006 7.715
      vertex 36.67403368295937 -60.32233964348568 7.715
      vertex 36.67403368295937 -60.32233964348568 8.315
    endloop
  endfacet
  facet normal -0.946930129495106 0.3214394653031609 0
    outer loop
      vertex 36.67403368295937 -60.32233964348568 7.715
      vertex 36.522667025359354 -60.76825143763093 7.715
      vertex 36.522667025359354 -60.76825143763093 8.315
    endloop
  endfacet
  facet normal 0 0 -1
    outer loop
      vertex 36.882308546376024 -59.900000000000006 7.715
      vertex 36.882308546376024 -63.5 7.715
      vertex 36.67403368295937 -60.32233964348568 7.715
    endloop
  endfacet
  facet normal 0 0 -1
    outer loop
      vertex 36.522667025359354 -60.76825143763093 7.715
      vertex 36.522667025359354 -62.631748562369076 7.715
      vertex 36.43079849905428 -61.23010570800782 7.715
    endloop
  endfacet
  facet normal 0 0 -1
    outer loop
      vertex 36.43079849905428 -61.23010570800782 7.715
      vertex 36.43079849905428 -62.169894291992186 7.715
      vertex 36.4 -61.7 7.715
    endloop
  endfacet
  facet normal 0 0 -1
    outer loop
      vertex 36.67403368295937 -60.32233964348568 7.715
      vertex 36.67403368295937 -63.07766035651433 7.715
      vertex 36.522667025359354 -60.76825143763093 7.715
    endloop
  endfacet
  facet normal 0 0 -1
    outer loop
      vertex 37.14392797495155 -59.508458855568605 7.715
      vertex 37.14392797495155 -63.8915411444314 7.715
      vertex 36.882308546376024 -59.900000000000006 7.715
    endloop
  endfacet
  facet normal 0 0 -1
    outer loop
      vertex 37.45441558772843 -59.15441558772843 7.715
      vertex 37.45441558772843 -64.24558441227157 7.715
      vertex 37.14392797495155 -59.508458855568605 7.715
    endloop
  endfacet
  facet normal 0 0 -1
    outer loop
      vertex 37.45441558772843 -59.15441558772843 7.715
      vertex 37.7 -61.7 7.715
      vertex 37.8084588555686 -64.55607202504845 7.715
    endloop
  endfacet
  facet normal -0.9807852804032309 0.19509032201612564 0
    outer loop
      vertex 36.522667025359354 -60.76825143763093 7.715
      vertex 36.43079849905428 -61.23010570800782 7.715
      vertex 36.43079849905428 -61.23010570800782 8.315
    endloop
  endfacet
  facet normal -0.9978589232386033 0.0654031292301484 0
    outer loop
      vertex 36.43079849905428 -61.23010570800782 7.715
      vertex 36.4 -61.7 7.715
      vertex 36.4 -61.7 8.315
    endloop
  endfacet
  facet normal -0.5555702330195903 0.8314696123025532 0
    outer loop
      vertex 37.8084588555686 -58.843927974951555 7.715
      vertex 37.8084588555686 -58.843927974951555 8.315
      vertex 38.2 -58.58230854637603 8.315
    endloop
  endfacet
  facet normal -0.7518398074789773 0.6593458151000691 0
    outer loop
      vertex 37.45441558772843 -59.15441558772843 7.715
      vertex 37.14392797495155 -59.508458855568605 8.315
      vertex 37.45441558772843 -59.15441558772843 8.315
    endloop
  endfacet
  facet normal -0.6593458151000691 0.7518398074789773 0
    outer loop
      vertex 37.45441558772843 -59.15441558772843 7.715
      vertex 37.45441558772843 -59.15441558772843 8.315
      vertex 37.8084588555686 -58.843927974951555 8.315
    endloop
  endfacet
  facet normal -0.8314696123025532 0.5555702330195903 0
    outer loop
      vertex 37.14392797495155 -59.508458855568605 7.715
      vertex 36.882308546376024 -59.900000000000006 8.315
      vertex 37.14392797495155 -59.508458855568605 8.315
    endloop
  endfacet
  facet normal -0.8968727415326844 0.442288690219009 0
    outer loop
      vertex 36.882308546376024 -59.900000000000006 7.715
      vertex 36.67403368295937 -60.32233964348568 8.315
      vertex 36.882308546376024 -59.900000000000006 8.315
    endloop
  endfacet
  facet normal -0.946930129495106 0.3214394653031609 0
    outer loop
      vertex 36.67403368295937 -60.32233964348568 7.715
      vertex 36.522667025359354 -60.76825143763093 8.315
      vertex 36.67403368295937 -60.32233964348568 8.315
    endloop
  endfacet
  facet normal 0 0 1
    outer loop
      vertex 37.8084588555686 -58.843927974951555 8.315
      vertex 38.008141571295795 -60.550000000000004 8.315
      vertex 38.17528731733016 -60.29984871327994 8.315
    endloop
  endfacet
  facet normal 0 0 1
    outer loop
      vertex 37.8084588555686 -58.843927974951555 8.315
      vertex 37.87507707522404 -60.8198281055603 8.315
      vertex 38.008141571295795 -60.550000000000004 8.315
    endloop
  endfacet
  facet normal 0 0 1
    outer loop
      vertex 37.8084588555686 -58.843927974951555 8.315
      vertex 37.778370599535144 -61.10471619626421 8.315
      vertex 37.87507707522404 -60.8198281055603 8.315
    endloop
  endfacet
  facet normal 0 0 1
    outer loop
      vertex 37.8084588555686 -58.843927974951555 8.315
      vertex 37.719676818840234 -61.399789757893885 8.315
      vertex 37.778370599535144 -61.10471619626421 8.315
    endloop
  endfacet
  facet normal 0 0 1
    outer loop
      vertex 37.45441558772843 -59.15441558772843 8.315
      vertex 37.45441558772843 -64.24558441227157 8.315
      vertex 37.8084588555686 -58.843927974951555 8.315
    endloop
  endfacet
  facet normal -0.9807852804032309 0.19509032201612564 0
    outer loop
      vertex 36.522667025359354 -60.76825143763093 7.715
      vertex 36.43079849905428 -61.23010570800782 8.315
      vertex 36.522667025359354 -60.76825143763093 8.315
    endloop
  endfacet
  facet normal -0.9978589232386033 0.0654031292301484 0
    outer loop
      vertex 36.43079849905428 -61.23010570800782 7.715
      vertex 36.4 -61.7 8.315
      vertex 36.43079849905428 -61.23010570800782 8.315
    endloop
  endfacet
  facet normal -0.9978589232386033 -0.0654031292301484 0
    outer loop
      vertex 36.4 -61.7 7.715
      vertex 36.43079849905428 -62.169894291992186 8.315
      vertex 36.4 -61.7 8.315
    endloop
  endfacet
  facet normal 0 0 1
    outer loop
      vertex 36.882308546376024 -59.900000000000006 8.315
      vertex 36.67403368295937 -60.32233964348568 8.315
      vertex 36.67403368295937 -63.07766035651433 8.315
    endloop
  endfacet
  facet normal 0 0 1
    outer loop
      vertex 37.14392797495155 -59.508458855568605 8.315
      vertex 36.882308546376024 -59.900000000000006 8.315
      vertex 36.882308546376024 -63.5 8.315
    endloop
  endfacet
  facet normal 0 0 1
    outer loop
      vertex 36.67403368295937 -60.32233964348568 8.315
      vertex 36.522667025359354 -60.76825143763093 8.315
      vertex 36.522667025359354 -62.631748562369076 8.315
    endloop
  endfacet
  facet normal 0 0 1
    outer loop
      vertex 36.522667025359354 -60.76825143763093 8.315
      vertex 36.43079849905428 -61.23010570800782 8.315
      vertex 36.43079849905428 -62.169894291992186 8.315
    endloop
  endfacet
  facet normal 0 0 1
    outer loop
      vertex 36.43079849905428 -61.23010570800782 8.315
      vertex 36.4 -61.7 8.315
      vertex 36.43079849905428 -62.169894291992186 8.315
    endloop
  endfacet
  facet normal 0 0 1
    outer loop
      vertex 36.522667025359354 -60.76825143763093 8.315
      vertex 36.43079849905428 -62.169894291992186 8.315
      vertex 36.522667025359354 -62.631748562369076 8.315
    endloop
  endfacet
  facet normal 0 0 1
    outer loop
      vertex 37.45441558772843 -59.15441558772843 8.315
      vertex 37.14392797495155 -59.508458855568605 8.315
      vertex 37.14392797495155 -63.8915411444314 8.315
    endloop
  endfacet
  facet normal 0 0 1
    outer loop
      vertex 37.8084588555686 -58.843927974951555 8.315
      vertex 37.45441558772843 -64.24558441227157 8.315
      vertex 37.719676818840234 -61.399789757893885 8.315
    endloop
  endfacet
  facet normal 0 0 -1
    outer loop
      vertex 36.43079849905428 -61.23010570800782 7.715
      vertex 36.522667025359354 -62.631748562369076 7.715
      vertex 36.43079849905428 -62.169894291992186 7.715
    endloop
  endfacet
  facet normal 0 0 -1
    outer loop
      vertex 36.522667025359354 -60.76825143763093 7.715
      vertex 36.67403368295937 -63.07766035651433 7.715
      vertex 36.522667025359354 -62.631748562369076 7.715
    endloop
  endfacet
  facet normal 0 0 -1
    outer loop
      vertex 36.67403368295937 -60.32233964348568 7.715
      vertex 36.882308546376024 -63.5 7.715
      vertex 36.67403368295937 -63.07766035651433 7.715
    endloop
  endfacet
  facet normal 0 0 -1
    outer loop
      vertex 36.882308546376024 -59.900000000000006 7.715
      vertex 37.14392797495155 -63.8915411444314 7.715
      vertex 36.882308546376024 -63.5 7.715
    endloop
  endfacet
  facet normal 0 0 -1
    outer loop
      vertex 37.14392797495155 -59.508458855568605 7.715
      vertex 37.45441558772843 -64.24558441227157 7.715
      vertex 37.14392797495155 -63.8915411444314 7.715
    endloop
  endfacet
  facet normal 0 0 -1
    outer loop
      vertex 37.45441558772843 -59.15441558772843 7.715
      vertex 37.8084588555686 -64.55607202504845 7.715
      vertex 37.45441558772843 -64.24558441227157 7.715
    endloop
  endfacet
  facet normal 0 0 -1
    outer loop
      vertex 37.7 -61.7 7.715
      vertex 37.719676818840234 -62.00021024210612 7.715
      vertex 37.8084588555686 -64.55607202504845 7.715
    endloop
  endfacet
  facet normal -0.9978589232386033 -0.0654031292301484 0
    outer loop
      vertex 36.4 -61.7 7.715
      vertex 36.43079849905428 -62.169894291992186 7.715
      vertex 36.43079849905428 -62.169894291992186 8.315
    endloop
  endfacet
  facet normal -0.9807852804032309 -0.19509032201612564 0
    outer loop
      vertex 36.43079849905428 -62.169894291992186 7.715
      vertex 36.522667025359354 -62.631748562369076 7.715
      vertex 36.522667025359354 -62.631748562369076 8.315
    endloop
  endfacet
  facet normal 0 0 -1
    outer loop
      vertex 37.719676818840234 -62.00021024210612 7.715
      vertex 37.778370599535144 -62.2952838037358 7.715
      vertex 37.8084588555686 -64.55607202504845 7.715
    endloop
  endfacet
  facet normal 0 0 -1
    outer loop
      vertex 37.778370599535144 -62.2952838037358 7.715
      vertex 37.87507707522404 -62.58017189443971 7.715
      vertex 37.8084588555686 -64.55607202504845 7.715
    endloop
  endfacet
  facet normal 0 0 -1
    outer loop
      vertex 37.87507707522404 -62.58017189443971 7.715
      vertex 38.008141571295795 -62.85 7.715
      vertex 37.8084588555686 -64.55607202504845 7.715
    endloop
  endfacet
  facet normal 0 0 -1
    outer loop
      vertex 37.8084588555686 -64.55607202504845 7.715
      vertex 38.008141571295795 -62.85 7.715
      vertex 38.17528731733016 -63.10015128672006 7.715
    endloop
  endfacet
  facet normal -0.946930129495106 -0.3214394653031609 0
    outer loop
      vertex 36.522667025359354 -62.631748562369076 7.715
      vertex 36.67403368295937 -63.07766035651433 7.715
      vertex 36.67403368295937 -63.07766035651433 8.315
    endloop
  endfacet
  facet normal -0.8968727415326844 -0.442288690219009 0
    outer loop
      vertex 36.67403368295937 -63.07766035651433 7.715
      vertex 36.882308546376024 -63.5 7.715
      vertex 36.882308546376024 -63.5 8.315
    endloop
  endfacet
  facet normal -0.8314696123025532 -0.5555702330195903 0
    outer loop
      vertex 36.882308546376024 -63.5 7.715
      vertex 37.14392797495155 -63.8915411444314 7.715
      vertex 37.14392797495155 -63.8915411444314 8.315
    endloop
  endfacet
  facet normal 0 0 -1
    outer loop
      vertex 37.8084588555686 -64.55607202504845 7.715
      vertex 38.17528731733016 -63.10015128672006 7.715
      vertex 37.87420171602333 -64.60000000000001 7.715
    endloop
  endfacet
  facet normal -0.7518398074789706 -0.6593458151000766 0
    outer loop
      vertex 37.14392797495155 -63.8915411444314 7.715
      vertex 37.45441558772843 -64.24558441227157 7.715
      vertex 37.45441558772843 -64.24558441227157 8.315
    endloop
  endfacet
  facet normal -0.6593458151000776 -0.7518398074789697 0
    outer loop
      vertex 37.45441558772843 -64.24558441227157 7.715
      vertex 37.8084588555686 -64.55607202504845 7.715
      vertex 37.45441558772843 -64.24558441227157 8.315
    endloop
  endfacet
  facet normal -0.5555702330196038 -0.8314696123025442 0
    outer loop
      vertex 37.8084588555686 -64.55607202504845 7.715
      vertex 37.87420171602333 -64.60000000000001 7.715
      vertex 37.8084588555686 -64.55607202504845 8.315
    endloop
  endfacet
  facet normal -0.9807852804032309 -0.19509032201612564 0
    outer loop
      vertex 36.43079849905428 -62.169894291992186 7.715
      vertex 36.522667025359354 -62.631748562369076 8.315
      vertex 36.43079849905428 -62.169894291992186 8.315
    endloop
  endfacet
  facet normal -0.946930129495106 -0.3214394653031609 0
    outer loop
      vertex 36.522667025359354 -62.631748562369076 7.715
      vertex 36.67403368295937 -63.07766035651433 8.315
      vertex 36.522667025359354 -62.631748562369076 8.315
    endloop
  endfacet
  facet normal 0 0 1
    outer loop
      vertex 36.67403368295937 -60.32233964348568 8.315
      vertex 36.522667025359354 -62.631748562369076 8.315
      vertex 36.67403368295937 -63.07766035651433 8.315
    endloop
  endfacet
  facet normal 0 0 1
    outer loop
      vertex 36.882308546376024 -59.900000000000006 8.315
      vertex 36.67403368295937 -63.07766035651433 8.315
      vertex 36.882308546376024 -63.5 8.315
    endloop
  endfacet
  facet normal 0 0 1
    outer loop
      vertex 37.14392797495155 -59.508458855568605 8.315
      vertex 36.882308546376024 -63.5 8.315
      vertex 37.14392797495155 -63.8915411444314 8.315
    endloop
  endfacet
  facet normal 0 0 1
    outer loop
      vertex 37.45441558772843 -59.15441558772843 8.315
      vertex 37.14392797495155 -63.8915411444314 8.315
      vertex 37.45441558772843 -64.24558441227157 8.315
    endloop
  endfacet
  facet normal 0 0 1
    outer loop
      vertex 37.719676818840234 -61.399789757893885 8.315
      vertex 37.45441558772843 -64.24558441227157 8.315
      vertex 37.7 -61.7 8.315
    endloop
  endfacet
  facet normal 0 0 1
    outer loop
      vertex 37.7 -61.7 8.315
      vertex 37.45441558772843 -64.24558441227157 8.315
      vertex 37.719676818840234 -62.00021024210612 8.315
    endloop
  endfacet
  facet normal 0 0 1
    outer loop
      vertex 37.719676818840234 -62.00021024210612 8.315
      vertex 37.45441558772843 -64.24558441227157 8.315
      vertex 37.778370599535144 -62.2952838037358 8.315
    endloop
  endfacet
  facet normal -0.8968727415326844 -0.442288690219009 0
    outer loop
      vertex 36.67403368295937 -63.07766035651433 7.715
      vertex 36.882308546376024 -63.5 8.315
      vertex 36.67403368295937 -63.07766035651433 8.315
    endloop
  endfacet
  facet normal -0.8314696123025532 -0.5555702330195903 0
    outer loop
      vertex 36.882308546376024 -63.5 7.715
      vertex 37.14392797495155 -63.8915411444314 8.315
      vertex 36.882308546376024 -63.5 8.315
    endloop
  endfacet
  facet normal 0 0 1
    outer loop
      vertex 37.778370599535144 -62.2952838037358 8.315
      vertex 37.8084588555686 -64.55607202504845 8.315
      vertex 37.87507707522404 -62.58017189443971 8.315
    endloop
  endfacet
  facet normal 0 0 1
    outer loop
      vertex 37.87507707522404 -62.58017189443971 8.315
      vertex 37.8084588555686 -64.55607202504845 8.315
      vertex 38.008141571295795 -62.85 8.315
    endloop
  endfacet
  facet normal 0 0 1
    outer loop
      vertex 37.8084588555686 -64.55607202504845 8.315
      vertex 38.17528731733016 -63.10015128672006 8.315
      vertex 38.008141571295795 -62.85 8.315
    endloop
  endfacet
  facet normal 0 0 1
    outer loop
      vertex 37.778370599535144 -62.2952838037358 8.315
      vertex 37.45441558772843 -64.24558441227157 8.315
      vertex 37.8084588555686 -64.55607202504845 8.315
    endloop
  endfacet
  facet normal -0.7518398074789706 -0.6593458151000766 0
    outer loop
      vertex 37.14392797495155 -63.8915411444314 7.715
      vertex 37.45441558772843 -64.24558441227157 8.315
      vertex 37.14392797495155 -63.8915411444314 8.315
    endloop
  endfacet
  facet normal -0.6593458151000776 -0.7518398074789697 0
    outer loop
      vertex 37.8084588555686 -64.55607202504845 7.715
      vertex 37.8084588555686 -64.55607202504845 8.315
      vertex 37.45441558772843 -64.24558441227157 8.315
    endloop
  endfacet
  facet normal -0.5555702330196038 -0.8314696123025442 0
    outer loop
      vertex 37.87420171602333 -64.60000000000001 7.715
      vertex 37.87420171602333 -64.60000000000001 8.315
      vertex 37.8084588555686 -64.55607202504845 8.315
    endloop
  endfacet
  facet normal 0 0 1
    outer loop
      vertex 37.8084588555686 -64.55607202504845 8.315
      vertex 37.87420171602333 -64.60000000000001 8.315
      vertex 38.17528731733016 -63.10015128672006 8.315
    endloop
  endfacet
  facet normal 0 0 -1
    outer loop
      vertex 38.622339643485674 -58.37403368295937 7.715
      vertex 39.06825143763093 -58.22266702535936 7.715
      vertex 38.85 -59.7081415712958 7.715
    endloop
  endfacet
  facet normal 0 0 -1
    outer loop
      vertex 39.06825143763093 -58.22266702535936 7.715
      vertex 39.53010570800782 -58.130798499054286 7.715
      vertex 39.404716196264204 -59.47837059953515 7.715
    endloop
  endfacet
  facet normal 0 0 -1
    outer loop
      vertex 39.53010570800782 -58.130798499054286 7.715
      vertex 40 -58.1 7.715
      vertex 39.69978975789388 -59.41967681884024 7.715
    endloop
  endfacet
  facet normal -0.442288690219009 0.8968727415326844 0
    outer loop
      vertex 38.2 -58.58230854637603 7.715
      vertex 38.622339643485674 -58.37403368295937 8.315
      vertex 38.622339643485674 -58.37403368295937 7.715
    endloop
  endfacet
  facet normal -0.5555702330195903 0.8314696123025532 0
    outer loop
      vertex 37.8084588555686 -58.843927974951555 7.715
      vertex 38.2 -58.58230854637603 8.315
      vertex 38.2 -58.58230854637603 7.715
    endloop
  endfacet
  facet normal -0.3214394653031609 0.946930129495106 0
    outer loop
      vertex 38.622339643485674 -58.37403368295937 7.715
      vertex 39.06825143763093 -58.22266702535936 8.315
      vertex 39.06825143763093 -58.22266702535936 7.715
    endloop
  endfacet
  facet normal -0.19509032201612564 0.9807852804032309 0
    outer loop
      vertex 39.06825143763093 -58.22266702535936 7.715
      vertex 39.53010570800782 -58.130798499054286 8.315
      vertex 39.53010570800782 -58.130798499054286 7.715
    endloop
  endfacet
  facet normal -0.0654031292301484 0.9978589232386033 0
    outer loop
      vertex 39.53010570800782 -58.130798499054286 7.715
      vertex 40 -58.1 8.315
      vertex 40 -58.1 7.715
    endloop
  endfacet
  facet normal 0 0 -1
    outer loop
      vertex 38.2 -58.58230854637603 7.715
      vertex 38.622339643485674 -58.37403368295937 7.715
      vertex 38.59984871327994 -59.87528731733016 7.715
    endloop
  endfacet
  facet normal 0 0 -1
    outer loop
      vertex 37.8084588555686 -58.843927974951555 7.715
      vertex 38.2 -58.58230854637603 7.715
      vertex 38.17528731733016 -60.29984871327994 7.715
    endloop
  endfacet
  facet normal 0 0 -1
    outer loop
      vertex 38.2 -58.58230854637603 7.715
      vertex 38.59984871327994 -59.87528731733016 7.715
      vertex 38.37365440327094 -60.07365440327094 7.715
    endloop
  endfacet
  facet normal 0 0 -1
    outer loop
      vertex 38.2 -58.58230854637603 7.715
      vertex 38.37365440327094 -60.07365440327094 7.715
      vertex 38.17528731733016 -60.29984871327994 7.715
    endloop
  endfacet
  facet normal 0 0 -1
    outer loop
      vertex 38.622339643485674 -58.37403368295937 7.715
      vertex 38.85 -59.7081415712958 7.715
      vertex 38.59984871327994 -59.87528731733016 7.715
    endloop
  endfacet
  facet normal 0 0 -1
    outer loop
      vertex 39.06825143763093 -58.22266702535936 7.715
      vertex 39.404716196264204 -59.47837059953515 7.715
      vertex 39.119828105560295 -59.575077075224044 7.715
    endloop
  endfacet
  facet normal 0 0 -1
    outer loop
      vertex 39.06825143763093 -58.22266702535936 7.715
      vertex 39.119828105560295 -59.575077075224044 7.715
      vertex 38.85 -59.7081415712958 7.715
    endloop
  endfacet
  facet normal 0 0 -1
    outer loop
      vertex 39.53010570800782 -58.130798499054286 7.715
      vertex 39.69978975789388 -59.41967681884024 7.715
      vertex 39.404716196264204 -59.47837059953515 7.715
    endloop
  endfacet
  facet normal 0 0 -1
    outer loop
      vertex 39.69978975789388 -59.41967681884024 7.715
      vertex 40 -58.1 7.715
      vertex 40 -59.400000000000006 7.715
    endloop
  endfacet
  facet normal 0 0 -1
    outer loop
      vertex 40 -58.1 7.715
      vertex 40.46989429199218 -58.130798499054286 7.715
      vertex 40 -59.400000000000006 7.715
    endloop
  endfacet
  facet normal 0 0 -1
    outer loop
      vertex 40.46989429199218 -58.130798499054286 7.715
      vertex 40.93174856236907 -58.22266702535936 7.715
      vertex 40.30021024210612 -59.41967681884024 7.715
    endloop
  endfacet
  facet normal 0 0 -1
    outer loop
      vertex 40.93174856236907 -58.22266702535936 7.715
      vertex 41.377660356514326 -58.37403368295937 7.715
      vertex 40.880171894439705 -59.575077075224044 7.715
    endloop
  endfacet
  facet normal 0.0654031292301484 0.9978589232386033 0
    outer loop
      vertex 40 -58.1 7.715
      vertex 40.46989429199218 -58.130798499054286 8.315
      vertex 40.46989429199218 -58.130798499054286 7.715
    endloop
  endfacet
  facet normal 0.19509032201612564 0.9807852804032309 0
    outer loop
      vertex 40.46989429199218 -58.130798499054286 7.715
      vertex 40.93174856236907 -58.22266702535936 8.315
      vertex 40.93174856236907 -58.22266702535936 7.715
    endloop
  endfacet
  facet normal 0.3214394653031609 0.946930129495106 0
    outer loop
      vertex 40.93174856236907 -58.22266702535936 7.715
      vertex 41.377660356514326 -58.37403368295937 8.315
      vertex 41.377660356514326 -58.37403368295937 7.715
    endloop
  endfacet
  facet normal 0.442288690219009 0.8968727415326844 0
    outer loop
      vertex 41.377660356514326 -58.37403368295937 7.715
      vertex 41.8 -58.58230854637603 8.315
      vertex 41.8 -58.58230854637603 7.715
    endloop
  endfacet
  facet normal 0 0 -1
    outer loop
      vertex 40.46989429199218 -58.130798499054286 7.715
      vertex 40.30021024210612 -59.41967681884024 7.715
      vertex 40 -59.400000000000006 7.715
    endloop
  endfacet
  facet normal 0 0 -1
    outer loop
      vertex 40.93174856236907 -58.22266702535936 7.715
      vertex 40.595283803735796 -59.47837059953515 7.715
      vertex 40.30021024210612 -59.41967681884024 7.715
    endloop
  endfacet
  facet normal 0 0 -1
    outer loop
      vertex 40.93174856236907 -58.22266702535936 7.715
      vertex 40.880171894439705 -59.575077075224044 7.715
      vertex 40.595283803735796 -59.47837059953515 7.715
    endloop
  endfacet
  facet normal 0 0 -1
    outer loop
      vertex 41.377660356514326 -58.37403368295937 7.715
      vertex 41.15 -59.7081415712958 7.715
      vertex 40.880171894439705 -59.575077075224044 7.715
    endloop
  endfacet
  facet normal 0 0 -1
    outer loop
      vertex 41.377660356514326 -58.37403368295937 7.715
      vertex 41.8 -58.58230854637603 7.715
      vertex 41.40015128672006 -59.87528731733016 7.715
    endloop
  endfacet
  facet normal 0 0 -1
    outer loop
      vertex 41.8 -58.58230854637603 7.715
      vertex 42.1915411444314 -58.843927974951555 7.715
      vertex 41.82471268266984 -60.29984871327994 7.715
    endloop
  endfacet
  facet normal 0 0 -1
    outer loop
      vertex 41.377660356514326 -58.37403368295937 7.715
      vertex 41.40015128672006 -59.87528731733016 7.715
      vertex 41.15 -59.7081415712958 7.715
    endloop
  endfacet
  facet normal 0 0 -1
    outer loop
      vertex 41.8 -58.58230854637603 7.715
      vertex 41.62634559672906 -60.07365440327094 7.715
      vertex 41.40015128672006 -59.87528731733016 7.715
    endloop
  endfacet
  facet normal 0 0 -1
    outer loop
      vertex 41.8 -58.58230854637603 7.715
      vertex 41.82471268266984 -60.29984871327994 7.715
      vertex 41.62634559672906 -60.07365440327094 7.715
    endloop
  endfacet
  facet normal 0 0 -1
    outer loop
      vertex 38.983769017091845 -61.56621065297445 7.715
      vertex 39.009926028053705 -61.43471047876992 7.715
      vertex 38.983769017091845 -61.83378934702556 7.715
    endloop
  endfacet
  facet normal 0 0 -1
    outer loop
      vertex 38.983769017091845 -61.56621065297445 7.715
      vertex 38.983769017091845 -61.83378934702556 7.715
      vertex 38.975 -61.7 7.715
    endloop
  endfacet
  facet normal 0 0 -1
    outer loop
      vertex 39.18681282620148 -61.07601953526606 7.715
      vertex 39.275215549283786 -60.97521554928379 7.715
      vertex 39.18681282620148 -62.32398046473394 7.715
    endloop
  endfacet
  facet normal 0 0 -1
    outer loop
      vertex 39.11232396112095 -61.1875 7.715
      vertex 39.053023479175934 -62.09225051817422 7.715
      vertex 39.053023479175934 -61.30774948182579 7.715
    endloop
  endfacet
  facet normal 0 0 -1
    outer loop
      vertex 39.053023479175934 -61.30774948182579 7.715
      vertex 39.009926028053705 -61.96528952123008 7.715
      vertex 39.009926028053705 -61.43471047876992 7.715
    endloop
  endfacet
  facet normal 0 0 -1
    outer loop
      vertex 39.18681282620148 -61.07601953526606 7.715
      vertex 39.11232396112095 -62.212500000000006 7.715
      vertex 39.11232396112095 -61.1875 7.715
    endloop
  endfacet
  facet normal 0 0 -1
    outer loop
      vertex 39.37601953526606 -60.886812826201485 7.715
      vertex 39.37601953526606 -62.51318717379852 7.715
      vertex 39.275215549283786 -60.97521554928379 7.715
    endloop
  endfacet
  facet normal 0 0 -1
    outer loop
      vertex 39.4875 -60.81232396112095 7.715
      vertex 39.4875 -62.58767603887905 7.715
      vertex 39.37601953526606 -60.886812826201485 7.715
    endloop
  endfacet
  facet normal 0 0 -1
    outer loop
      vertex 38.983769017091845 -61.83378934702556 7.715
      vertex 39.009926028053705 -61.43471047876992 7.715
      vertex 39.009926028053705 -61.96528952123008 7.715
    endloop
  endfacet
  facet normal 0 0 -1
    outer loop
      vertex 39.053023479175934 -61.30774948182579 7.715
      vertex 39.053023479175934 -62.09225051817422 7.715
      vertex 39.009926028053705 -61.96528952123008 7.715
    endloop
  endfacet
  facet normal 0 0 -1
    outer loop
      vertex 39.11232396112095 -61.1875 7.715
      vertex 39.11232396112095 -62.212500000000006 7.715
      vertex 39.053023479175934 -62.09225051817422 7.715
    endloop
  endfacet
  facet normal 0 0 -1
    outer loop
      vertex 39.18681282620148 -61.07601953526606 7.715
      vertex 39.18681282620148 -62.32398046473394 7.715
      vertex 39.11232396112095 -62.212500000000006 7.715
    endloop
  endfacet
  facet normal 0 0 -1
    outer loop
      vertex 39.4875 -60.81232396112095 7.715
      vertex 39.607749481825785 -60.75302347917594 7.715
      vertex 39.4875 -62.58767603887905 7.715
    endloop
  endfacet
  facet normal 0 0 -1
    outer loop
      vertex 39.73471047876992 -60.70992602805371 7.715
      vertex 39.607749481825785 -62.64697652082407 7.715
      vertex 39.607749481825785 -60.75302347917594 7.715
    endloop
  endfacet
  facet normal 0 0 -1
    outer loop
      vertex 39.73471047876992 -60.70992602805371 7.715
      vertex 39.866210652974445 -60.68376901709185 7.715
      vertex 39.866210652974445 -62.71623098290816 7.715
    endloop
  endfacet
  facet normal 0 0 -1
    outer loop
      vertex 39.866210652974445 -60.68376901709185 7.715
      vertex 40 -60.675000000000004 7.715
      vertex 40 -62.725 7.715
    endloop
  endfacet
  facet normal 0 0 -1
    outer loop
      vertex 40 -60.675000000000004 7.715
      vertex 40.133789347025555 -60.68376901709185 7.715
      vertex 40.133789347025555 -62.71623098290816 7.715
    endloop
  endfacet
  facet normal 0 0 -1
    outer loop
      vertex 40.133789347025555 -60.68376901709185 7.715
      vertex 40.26528952123008 -60.70992602805371 7.715
      vertex 40.26528952123008 -62.6900739719463 7.715
    endloop
  endfacet
  facet normal 0 0 -1
    outer loop
      vertex 40.26528952123008 -60.70992602805371 7.715
      vertex 40.392250518174215 -60.75302347917594 7.715
      vertex 40.26528952123008 -62.6900739719463 7.715
    endloop
  endfacet
  facet normal 0 0 -1
    outer loop
      vertex 40.392250518174215 -60.75302347917594 7.715
      vertex 40.5125 -60.81232396112095 7.715
      vertex 40.392250518174215 -62.64697652082407 7.715
    endloop
  endfacet
  facet normal 0 0 -1
    outer loop
      vertex 40.5125 -60.81232396112095 7.715
      vertex 40.62398046473394 -60.886812826201485 7.715
      vertex 40.62398046473394 -62.51318717379852 7.715
    endloop
  endfacet
  facet normal 0 0 -1
    outer loop
      vertex 40.62398046473394 -60.886812826201485 7.715
      vertex 40.724784450716214 -60.97521554928379 7.715
      vertex 40.724784450716214 -62.42478445071622 7.715
    endloop
  endfacet
  facet normal 0 0 -1
    outer loop
      vertex 40.724784450716214 -60.97521554928379 7.715
      vertex 40.81318717379852 -61.07601953526606 7.715
      vertex 40.724784450716214 -62.42478445071622 7.715
    endloop
  endfacet
  facet normal 0 0 -1
    outer loop
      vertex 40.81318717379852 -61.07601953526606 7.715
      vertex 40.88767603887905 -61.1875 7.715
      vertex 40.81318717379852 -62.32398046473394 7.715
    endloop
  endfacet
  facet normal 0 0 -1
    outer loop
      vertex 40.88767603887905 -61.1875 7.715
      vertex 40.946976520824066 -61.30774948182579 7.715
      vertex 40.88767603887905 -62.212500000000006 7.715
    endloop
  endfacet
  facet normal 0 0 -1
    outer loop
      vertex 40.946976520824066 -61.30774948182579 7.715
      vertex 40.990073971946295 -61.43471047876992 7.715
      vertex 40.946976520824066 -62.09225051817422 7.715
    endloop
  endfacet
  facet normal 0 0 -1
    outer loop
      vertex 40.990073971946295 -61.43471047876992 7.715
      vertex 41.016230982908155 -61.56621065297445 7.715
      vertex 40.990073971946295 -61.96528952123008 7.715
    endloop
  endfacet
  facet normal 0 0 -1
    outer loop
      vertex 40.946976520824066 -61.30774948182579 7.715
      vertex 40.946976520824066 -62.09225051817422 7.715
      vertex 40.88767603887905 -62.212500000000006 7.715
    endloop
  endfacet
  facet normal 0 0 -1
    outer loop
      vertex 40.990073971946295 -61.43471047876992 7.715
      vertex 40.990073971946295 -61.96528952123008 7.715
      vertex 40.946976520824066 -62.09225051817422 7.715
    endloop
  endfacet
  facet normal 0 0 -1
    outer loop
      vertex 41.016230982908155 -61.56621065297445 7.715
      vertex 41.025 -61.7 7.715
      vertex 41.016230982908155 -61.83378934702556 7.715
    endloop
  endfacet
  facet normal 0 0 -1
    outer loop
      vertex 41.016230982908155 -61.56621065297445 7.715
      vertex 41.016230982908155 -61.83378934702556 7.715
      vertex 40.990073971946295 -61.96528952123008 7.715
    endloop
  endfacet
  facet normal 0.5555702330195903 0.8314696123025532 0
    outer loop
      vertex 41.8 -58.58230854637603 7.715
      vertex 42.1915411444314 -58.843927974951555 8.315
      vertex 42.1915411444314 -58.843927974951555 7.715
    endloop
  endfacet
  facet normal 0.6593458151000691 0.7518398074789773 0
    outer loop
      vertex 42.1915411444314 -58.843927974951555 7.715
      vertex 42.54558441227157 -59.15441558772843 8.315
      vertex 42.54558441227157 -59.15441558772843 7.715
    endloop
  endfacet
  facet normal 0.7518398074789773 0.6593458151000691 0
    outer loop
      vertex 42.54558441227157 -59.15441558772843 7.715
      vertex 42.54558441227157 -59.15441558772843 8.315
      vertex 42.85607202504845 -59.508458855568605 7.715
    endloop
  endfacet
  facet normal 0.8314696123025532 0.5555702330195903 0
    outer loop
      vertex 42.85607202504845 -59.508458855568605 7.715
      vertex 42.85607202504845 -59.508458855568605 8.315
      vertex 43.117691453623976 -59.900000000000006 7.715
    endloop
  endfacet
  facet normal 0 0 -1
    outer loop
      vertex 41.82471268266984 -60.29984871327994 7.715
      vertex 42.1915411444314 -58.843927974951555 7.715
      vertex 41.991858428704205 -60.550000000000004 7.715
    endloop
  endfacet
  facet normal 0 0 -1
    outer loop
      vertex 41.991858428704205 -60.550000000000004 7.715
      vertex 42.1915411444314 -58.843927974951555 7.715
      vertex 42.12492292477596 -60.8198281055603 7.715
    endloop
  endfacet
  facet normal 0 0 -1
    outer loop
      vertex 42.1915411444314 -58.843927974951555 7.715
      vertex 42.221629400464856 -61.10471619626421 7.715
      vertex 42.12492292477596 -60.8198281055603 7.715
    endloop
  endfacet
  facet normal 0 0 -1
    outer loop
      vertex 42.1915411444314 -58.843927974951555 7.715
      vertex 42.280323181159766 -61.399789757893885 7.715
      vertex 42.221629400464856 -61.10471619626421 7.715
    endloop
  endfacet
  facet normal 0 0 -1
    outer loop
      vertex 42.1915411444314 -58.843927974951555 7.715
      vertex 42.3 -61.7 7.715
      vertex 42.280323181159766 -61.399789757893885 7.715
    endloop
  endfacet
  facet normal 0 0 -1
    outer loop
      vertex 42.1915411444314 -58.843927974951555 7.715
      vertex 42.54558441227157 -59.15441558772843 7.715
      vertex 42.54558441227157 -64.24558441227157 7.715
    endloop
  endfacet
  facet normal 0.8968727415326844 0.442288690219009 0
    outer loop
      vertex 43.117691453623976 -59.900000000000006 7.715
      vertex 43.117691453623976 -59.900000000000006 8.315
      vertex 43.32596631704063 -60.32233964348568 7.715
    endloop
  endfacet
  facet normal 0.946930129495106 0.3214394653031609 0
    outer loop
      vertex 43.32596631704063 -60.32233964348568 7.715
      vertex 43.32596631704063 -60.32233964348568 8.315
      vertex 43.477332974640646 -60.76825143763093 7.715
    endloop
  endfacet
  facet normal 0 0 -1
    outer loop
      vertex 42.54558441227157 -59.15441558772843 7.715
      vertex 42.85607202504845 -59.508458855568605 7.715
      vertex 42.85607202504845 -63.8915411444314 7.715
    endloop
  endfacet
  facet normal 0 0 -1
    outer loop
      vertex 42.1915411444314 -58.843927974951555 7.715
      vertex 42.54558441227157 -64.24558441227157 7.715
      vertex 42.3 -61.7 7.715
    endloop
  endfacet
  facet normal 0 0 -1
    outer loop
      vertex 42.85607202504845 -59.508458855568605 7.715
      vertex 43.117691453623976 -59.900000000000006 7.715
      vertex 43.117691453623976 -63.5 7.715
    endloop
  endfacet
  facet normal 0 0 -1
    outer loop
      vertex 43.117691453623976 -59.900000000000006 7.715
      vertex 43.32596631704063 -60.32233964348568 7.715
      vertex 43.32596631704063 -63.07766035651433 7.715
    endloop
  endfacet
  facet normal 0 0 -1
    outer loop
      vertex 43.32596631704063 -60.32233964348568 7.715
      vertex 43.477332974640646 -60.76825143763093 7.715
      vertex 43.477332974640646 -62.631748562369076 7.715
    endloop
  endfacet
  facet normal 0 0 -1
    outer loop
      vertex 43.477332974640646 -60.76825143763093 7.715
      vertex 43.56920150094572 -61.23010570800782 7.715
      vertex 43.56920150094572 -62.169894291992186 7.715
    endloop
  endfacet
  facet normal 0 0 -1
    outer loop
      vertex 43.56920150094572 -61.23010570800782 7.715
      vertex 43.6 -61.7 7.715
      vertex 43.56920150094572 -62.169894291992186 7.715
    endloop
  endfacet
  facet normal 0 0 -1
    outer loop
      vertex 43.477332974640646 -60.76825143763093 7.715
      vertex 43.56920150094572 -62.169894291992186 7.715
      vertex 43.477332974640646 -62.631748562369076 7.715
    endloop
  endfacet
  facet normal 0.9807852804032309 0.19509032201612564 0
    outer loop
      vertex 43.477332974640646 -60.76825143763093 7.715
      vertex 43.477332974640646 -60.76825143763093 8.315
      vertex 43.56920150094572 -61.23010570800782 7.715
    endloop
  endfacet
  facet normal 0.9978589232386033 0.0654031292301484 0
    outer loop
      vertex 43.56920150094572 -61.23010570800782 7.715
      vertex 43.56920150094572 -61.23010570800782 8.315
      vertex 43.6 -61.7 7.715
    endloop
  endfacet
  facet normal 0.9978589232386033 -0.0654031292301484 0
    outer loop
      vertex 43.6 -61.7 7.715
      vertex 43.6 -61.7 8.315
      vertex 43.56920150094572 -62.169894291992186 7.715
    endloop
  endfacet
  facet normal -0.442288690219009 0.8968727415326844 0
    outer loop
      vertex 38.2 -58.58230854637603 7.715
      vertex 38.2 -58.58230854637603 8.315
      vertex 38.622339643485674 -58.37403368295937 8.315
    endloop
  endfacet
  facet normal -0.3214394653031609 0.946930129495106 0
    outer loop
      vertex 38.622339643485674 -58.37403368295937 7.715
      vertex 38.622339643485674 -58.37403368295937 8.315
      vertex 39.06825143763093 -58.22266702535936 8.315
    endloop
  endfacet
  facet normal -0.19509032201612564 0.9807852804032309 0
    outer loop
      vertex 39.06825143763093 -58.22266702535936 7.715
      vertex 39.06825143763093 -58.22266702535936 8.315
      vertex 39.53010570800782 -58.130798499054286 8.315
    endloop
  endfacet
  facet normal -0.0654031292301484 0.9978589232386033 0
    outer loop
      vertex 39.53010570800782 -58.130798499054286 7.715
      vertex 39.53010570800782 -58.130798499054286 8.315
      vertex 40 -58.1 8.315
    endloop
  endfacet
  facet normal 0 0 1
    outer loop
      vertex 38.622339643485674 -58.37403368295937 8.315
      vertex 39.119828105560295 -59.575077075224044 8.315
      vertex 39.06825143763093 -58.22266702535936 8.315
    endloop
  endfacet
  facet normal 0 0 1
    outer loop
      vertex 39.06825143763093 -58.22266702535936 8.315
      vertex 39.69978975789388 -59.41967681884024 8.315
      vertex 39.53010570800782 -58.130798499054286 8.315
    endloop
  endfacet
  facet normal 0 0 1
    outer loop
      vertex 39.53010570800782 -58.130798499054286 8.315
      vertex 40 -59.400000000000006 8.315
      vertex 40 -58.1 8.315
    endloop
  endfacet
  facet normal 0 0 1
    outer loop
      vertex 38.2 -58.58230854637603 8.315
      vertex 38.59984871327994 -59.87528731733016 8.315
      vertex 38.622339643485674 -58.37403368295937 8.315
    endloop
  endfacet
  facet normal 0 0 1
    outer loop
      vertex 37.8084588555686 -58.843927974951555 8.315
      vertex 38.17528731733016 -60.29984871327994 8.315
      vertex 38.2 -58.58230854637603 8.315
    endloop
  endfacet
  facet normal 0 0 1
    outer loop
      vertex 38.622339643485674 -58.37403368295937 8.315
      vertex 38.85 -59.7081415712958 8.315
      vertex 39.119828105560295 -59.575077075224044 8.315
    endloop
  endfacet
  facet normal 0 0 1
    outer loop
      vertex 38.2 -58.58230854637603 8.315
      vertex 38.37365440327094 -60.07365440327094 8.315
      vertex 38.59984871327994 -59.87528731733016 8.315
    endloop
  endfacet
  facet normal 0 0 1
    outer loop
      vertex 38.2 -58.58230854637603 8.315
      vertex 38.17528731733016 -60.29984871327994 8.315
      vertex 38.37365440327094 -60.07365440327094 8.315
    endloop
  endfacet
  facet normal 0 0 1
    outer loop
      vertex 38.622339643485674 -58.37403368295937 8.315
      vertex 38.59984871327994 -59.87528731733016 8.315
      vertex 38.85 -59.7081415712958 8.315
    endloop
  endfacet
  facet normal 0 0 1
    outer loop
      vertex 39.06825143763093 -58.22266702535936 8.315
      vertex 39.119828105560295 -59.575077075224044 8.315
      vertex 39.404716196264204 -59.47837059953515 8.315
    endloop
  endfacet
  facet normal 0 0 1
    outer loop
      vertex 39.06825143763093 -58.22266702535936 8.315
      vertex 39.404716196264204 -59.47837059953515 8.315
      vertex 39.69978975789388 -59.41967681884024 8.315
    endloop
  endfacet
  facet normal 0 0 1
    outer loop
      vertex 39.53010570800782 -58.130798499054286 8.315
      vertex 39.69978975789388 -59.41967681884024 8.315
      vertex 40 -59.400000000000006 8.315
    endloop
  endfacet
  facet normal 0.0654031292301484 0.9978589232386033 0
    outer loop
      vertex 40 -58.1 7.715
      vertex 40 -58.1 8.315
      vertex 40.46989429199218 -58.130798499054286 8.315
    endloop
  endfacet
  facet normal 0.19509032201612564 0.9807852804032309 0
    outer loop
      vertex 40.46989429199218 -58.130798499054286 7.715
      vertex 40.46989429199218 -58.130798499054286 8.315
      vertex 40.93174856236907 -58.22266702535936 8.315
    endloop
  endfacet
  facet normal 0.3214394653031609 0.946930129495106 0
    outer loop
      vertex 40.93174856236907 -58.22266702535936 7.715
      vertex 40.93174856236907 -58.22266702535936 8.315
      vertex 41.377660356514326 -58.37403368295937 8.315
    endloop
  endfacet
  facet normal 0.442288690219009 0.8968727415326844 0
    outer loop
      vertex 41.377660356514326 -58.37403368295937 7.715
      vertex 41.377660356514326 -58.37403368295937 8.315
      vertex 41.8 -58.58230854637603 8.315
    endloop
  endfacet
  facet normal 0.5555702330195903 0.8314696123025532 0
    outer loop
      vertex 41.8 -58.58230854637603 7.715
      vertex 41.8 -58.58230854637603 8.315
      vertex 42.1915411444314 -58.843927974951555 8.315
    endloop
  endfacet
  facet normal 0 0 1
    outer loop
      vertex 40 -58.1 8.315
      vertex 40 -59.400000000000006 8.315
      vertex 40.46989429199218 -58.130798499054286 8.315
    endloop
  endfacet
  facet normal 0 0 1
    outer loop
      vertex 40.46989429199218 -58.130798499054286 8.315
      vertex 40.595283803735796 -59.47837059953515 8.315
      vertex 40.93174856236907 -58.22266702535936 8.315
    endloop
  endfacet
  facet normal 0 0 1
    outer loop
      vertex 40.93174856236907 -58.22266702535936 8.315
      vertex 41.15 -59.7081415712958 8.315
      vertex 41.377660356514326 -58.37403368295937 8.315
    endloop
  endfacet
  facet normal 0 0 1
    outer loop
      vertex 40.46989429199218 -58.130798499054286 8.315
      vertex 40 -59.400000000000006 8.315
      vertex 40.30021024210612 -59.41967681884024 8.315
    endloop
  endfacet
  facet normal 0 0 1
    outer loop
      vertex 40.46989429199218 -58.130798499054286 8.315
      vertex 40.30021024210612 -59.41967681884024 8.315
      vertex 40.595283803735796 -59.47837059953515 8.315
    endloop
  endfacet
  facet normal 0 0 1
    outer loop
      vertex 40.93174856236907 -58.22266702535936 8.315
      vertex 40.595283803735796 -59.47837059953515 8.315
      vertex 40.880171894439705 -59.575077075224044 8.315
    endloop
  endfacet
  facet normal 0 0 1
    outer loop
      vertex 40.93174856236907 -58.22266702535936 8.315
      vertex 40.880171894439705 -59.575077075224044 8.315
      vertex 41.15 -59.7081415712958 8.315
    endloop
  endfacet
  facet normal 0 0 1
    outer loop
      vertex 41.377660356514326 -58.37403368295937 8.315
      vertex 41.40015128672006 -59.87528731733016 8.315
      vertex 41.8 -58.58230854637603 8.315
    endloop
  endfacet
  facet normal 0 0 1
    outer loop
      vertex 41.8 -58.58230854637603 8.315
      vertex 41.82471268266984 -60.29984871327994 8.315
      vertex 42.1915411444314 -58.843927974951555 8.315
    endloop
  endfacet
  facet normal 0 0 1
    outer loop
      vertex 41.377660356514326 -58.37403368295937 8.315
      vertex 41.15 -59.7081415712958 8.315
      vertex 41.40015128672006 -59.87528731733016 8.315
    endloop
  endfacet
  facet normal 0 0 1
    outer loop
      vertex 41.8 -58.58230854637603 8.315
      vertex 41.40015128672006 -59.87528731733016 8.315
      vertex 41.62634559672906 -60.07365440327094 8.315
    endloop
  endfacet
  facet normal 0 0 1
    outer loop
      vertex 41.8 -58.58230854637603 8.315
      vertex 41.62634559672906 -60.07365440327094 8.315
      vertex 41.82471268266984 -60.29984871327994 8.315
    endloop
  endfacet
  facet normal 0 0 1
    outer loop
      vertex 38.983769017091845 -61.56621065297445 8.315
      vertex 38.975 -61.7 8.315
      vertex 38.983769017091845 -61.83378934702556 8.315
    endloop
  endfacet
  facet normal 0 0 1
    outer loop
      vertex 38.983769017091845 -61.56621065297445 8.315
      vertex 38.983769017091845 -61.83378934702556 8.315
      vertex 39.009926028053705 -61.96528952123008 8.315
    endloop
  endfacet
  facet normal 0 0 1
    outer loop
      vertex 39.866210652974445 -60.68376901709185 8.315
      vertex 39.866210652974445 -62.71623098290816 8.315
      vertex 40 -60.675000000000004 8.315
    endloop
  endfacet
  facet normal 0 0 1
    outer loop
      vertex 39.053023479175934 -61.30774948182579 8.315
      vertex 39.009926028053705 -61.43471047876992 8.315
      vertex 39.053023479175934 -62.09225051817422 8.315
    endloop
  endfacet
  facet normal 0 0 1
    outer loop
      vertex 39.11232396112095 -61.1875 8.315
      vertex 39.053023479175934 -61.30774948182579 8.315
      vertex 39.11232396112095 -62.212500000000006 8.315
    endloop
  endfacet
  facet normal 0 0 1
    outer loop
      vertex 39.18681282620148 -61.07601953526606 8.315
      vertex 39.11232396112095 -61.1875 8.315
      vertex 39.18681282620148 -62.32398046473394 8.315
    endloop
  endfacet
  facet normal 0 0 1
    outer loop
      vertex 39.18681282620148 -61.07601953526606 8.315
      vertex 39.275215549283786 -62.42478445071622 8.315
      vertex 39.275215549283786 -60.97521554928379 8.315
    endloop
  endfacet
  facet normal 0 0 1
    outer loop
      vertex 39.37601953526606 -60.886812826201485 8.315
      vertex 39.275215549283786 -60.97521554928379 8.315
      vertex 39.275215549283786 -62.42478445071622 8.315
    endloop
  endfacet
  facet normal 0 0 1
    outer loop
      vertex 39.4875 -60.81232396112095 8.315
      vertex 39.37601953526606 -60.886812826201485 8.315
      vertex 39.37601953526606 -62.51318717379852 8.315
    endloop
  endfacet
  facet normal 0 0 1
    outer loop
      vertex 38.983769017091845 -61.56621065297445 8.315
      vertex 39.053023479175934 -62.09225051817422 8.315
      vertex 39.009926028053705 -61.43471047876992 8.315
    endloop
  endfacet
  facet normal 0 0 1
    outer loop
      vertex 39.053023479175934 -61.30774948182579 8.315
      vertex 39.053023479175934 -62.09225051817422 8.315
      vertex 39.11232396112095 -62.212500000000006 8.315
    endloop
  endfacet
  facet normal 0 0 1
    outer loop
      vertex 38.983769017091845 -61.56621065297445 8.315
      vertex 39.009926028053705 -61.96528952123008 8.315
      vertex 39.053023479175934 -62.09225051817422 8.315
    endloop
  endfacet
  facet normal 0 0 1
    outer loop
      vertex 39.4875 -60.81232396112095 8.315
      vertex 39.607749481825785 -62.64697652082407 8.315
      vertex 39.607749481825785 -60.75302347917594 8.315
    endloop
  endfacet
  facet normal 0 0 1
    outer loop
      vertex 39.73471047876992 -60.70992602805371 8.315
      vertex 39.607749481825785 -60.75302347917594 8.315
      vertex 39.73471047876992 -62.6900739719463 8.315
    endloop
  endfacet
  facet normal 0 0 1
    outer loop
      vertex 39.73471047876992 -60.70992602805371 8.315
      vertex 39.73471047876992 -62.6900739719463 8.315
      vertex 39.866210652974445 -60.68376901709185 8.315
    endloop
  endfacet
  facet normal 0 0 1
    outer loop
      vertex 40 -60.675000000000004 8.315
      vertex 40 -62.725 8.315
      vertex 40.133789347025555 -60.68376901709185 8.315
    endloop
  endfacet
  facet normal 0 0 1
    outer loop
      vertex 40.133789347025555 -60.68376901709185 8.315
      vertex 40.133789347025555 -62.71623098290816 8.315
      vertex 40.26528952123008 -60.70992602805371 8.315
    endloop
  endfacet
  facet normal 0 0 1
    outer loop
      vertex 40.26528952123008 -60.70992602805371 8.315
      vertex 40.392250518174215 -62.64697652082407 8.315
      vertex 40.392250518174215 -60.75302347917594 8.315
    endloop
  endfacet
  facet normal 0 0 1
    outer loop
      vertex 40.392250518174215 -60.75302347917594 8.315
      vertex 40.5125 -62.58767603887905 8.315
      vertex 40.5125 -60.81232396112095 8.315
    endloop
  endfacet
  facet normal 0 0 1
    outer loop
      vertex 40.5125 -60.81232396112095 8.315
      vertex 40.5125 -62.58767603887905 8.315
      vertex 40.62398046473394 -60.886812826201485 8.315
    endloop
  endfacet
  facet normal 0 0 1
    outer loop
      vertex 40.62398046473394 -60.886812826201485 8.315
      vertex 40.62398046473394 -62.51318717379852 8.315
      vertex 40.724784450716214 -60.97521554928379 8.315
    endloop
  endfacet
  facet normal 0 0 1
    outer loop
      vertex 40.724784450716214 -60.97521554928379 8.315
      vertex 40.81318717379852 -62.32398046473394 8.315
      vertex 40.81318717379852 -61.07601953526606 8.315
    endloop
  endfacet
  facet normal 0 0 1
    outer loop
      vertex 40.81318717379852 -61.07601953526606 8.315
      vertex 40.88767603887905 -62.212500000000006 8.315
      vertex 40.88767603887905 -61.1875 8.315
    endloop
  endfacet
  facet normal 0 0 1
    outer loop
      vertex 40.88767603887905 -61.1875 8.315
      vertex 40.946976520824066 -62.09225051817422 8.315
      vertex 40.946976520824066 -61.30774948182579 8.315
    endloop
  endfacet
  facet normal 0 0 1
    outer loop
      vertex 40.946976520824066 -61.30774948182579 8.315
      vertex 41.016230982908155 -61.83378934702556 8.315
      vertex 40.990073971946295 -61.43471047876992 8.315
    endloop
  endfacet
  facet normal 0 0 1
    outer loop
      vertex 40.946976520824066 -61.30774948182579 8.315
      vertex 40.990073971946295 -61.96528952123008 8.315
      vertex 41.016230982908155 -61.83378934702556 8.315
    endloop
  endfacet
  facet normal 0 0 1
    outer loop
      vertex 40.81318717379852 -61.07601953526606 8.315
      vertex 40.81318717379852 -62.32398046473394 8.315
      vertex 40.88767603887905 -62.212500000000006 8.315
    endloop
  endfacet
  facet normal 0 0 1
    outer loop
      vertex 40.946976520824066 -61.30774948182579 8.315
      vertex 40.946976520824066 -62.09225051817422 8.315
      vertex 40.990073971946295 -61.96528952123008 8.315
    endloop
  endfacet
  facet normal 0 0 1
    outer loop
      vertex 40.88767603887905 -61.1875 8.315
      vertex 40.88767603887905 -62.212500000000006 8.315
      vertex 40.946976520824066 -62.09225051817422 8.315
    endloop
  endfacet
  facet normal 0 0 1
    outer loop
      vertex 40.990073971946295 -61.43471047876992 8.315
      vertex 41.016230982908155 -61.83378934702556 8.315
      vertex 41.016230982908155 -61.56621065297445 8.315
    endloop
  endfacet
  facet normal 0 0 1
    outer loop
      vertex 41.016230982908155 -61.56621065297445 8.315
      vertex 41.016230982908155 -61.83378934702556 8.315
      vertex 41.025 -61.7 8.315
    endloop
  endfacet
  facet normal 0.6593458151000691 0.7518398074789773 0
    outer loop
      vertex 42.1915411444314 -58.843927974951555 7.715
      vertex 42.1915411444314 -58.843927974951555 8.315
      vertex 42.54558441227157 -59.15441558772843 8.315
    endloop
  endfacet
  facet normal 0.7518398074789773 0.6593458151000691 0
    outer loop
      vertex 42.85607202504845 -59.508458855568605 7.715
      vertex 42.54558441227157 -59.15441558772843 8.315
      vertex 42.85607202504845 -59.508458855568605 8.315
    endloop
  endfacet
  facet normal 0.8314696123025532 0.5555702330195903 0
    outer loop
      vertex 43.117691453623976 -59.900000000000006 7.715
      vertex 42.85607202504845 -59.508458855568605 8.315
      vertex 43.117691453623976 -59.900000000000006 8.315
    endloop
  endfacet
  facet normal 0 0 1
    outer loop
      vertex 42.1915411444314 -58.843927974951555 8.315
      vertex 42.221629400464856 -61.10471619626421 8.315
      vertex 42.54558441227157 -59.15441558772843 8.315
    endloop
  endfacet
  facet normal 0.8968727415326844 0.442288690219009 0
    outer loop
      vertex 43.32596631704063 -60.32233964348568 7.715
      vertex 43.117691453623976 -59.900000000000006 8.315
      vertex 43.32596631704063 -60.32233964348568 8.315
    endloop
  endfacet
  facet normal 0.946930129495106 0.3214394653031609 0
    outer loop
      vertex 43.477332974640646 -60.76825143763093 7.715
      vertex 43.32596631704063 -60.32233964348568 8.315
      vertex 43.477332974640646 -60.76825143763093 8.315
    endloop
  endfacet
  facet normal 0 0 1
    outer loop
      vertex 41.82471268266984 -60.29984871327994 8.315
      vertex 41.991858428704205 -60.550000000000004 8.315
      vertex 42.1915411444314 -58.843927974951555 8.315
    endloop
  endfacet
  facet normal 0 0 1
    outer loop
      vertex 41.991858428704205 -60.550000000000004 8.315
      vertex 42.12492292477596 -60.8198281055603 8.315
      vertex 42.1915411444314 -58.843927974951555 8.315
    endloop
  endfacet
  facet normal 0 0 1
    outer loop
      vertex 42.1915411444314 -58.843927974951555 8.315
      vertex 42.12492292477596 -60.8198281055603 8.315
      vertex 42.221629400464856 -61.10471619626421 8.315
    endloop
  endfacet
  facet normal 0 0 1
    outer loop
      vertex 42.54558441227157 -59.15441558772843 8.315
      vertex 42.221629400464856 -61.10471619626421 8.315
      vertex 42.280323181159766 -61.399789757893885 8.315
    endloop
  endfacet
  facet normal 0 0 1
    outer loop
      vertex 42.54558441227157 -59.15441558772843 8.315
      vertex 42.280323181159766 -61.399789757893885 8.315
      vertex 42.3 -61.7 8.315
    endloop
  endfacet
  facet normal 0.9807852804032309 0.19509032201612564 0
    outer loop
      vertex 43.56920150094572 -61.23010570800782 7.715
      vertex 43.477332974640646 -60.76825143763093 8.315
      vertex 43.56920150094572 -61.23010570800782 8.315
    endloop
  endfacet
  facet normal 0.9978589232386033 0.0654031292301484 0
    outer loop
      vertex 43.6 -61.7 7.715
      vertex 43.56920150094572 -61.23010570800782 8.315
      vertex 43.6 -61.7 8.315
    endloop
  endfacet
  facet normal 0 0 1
    outer loop
      vertex 42.54558441227157 -59.15441558772843 8.315
      vertex 42.3 -61.7 8.315
      vertex 42.280323181159766 -62.00021024210612 8.315
    endloop
  endfacet
  facet normal 0 0 1
    outer loop
      vertex 42.54558441227157 -59.15441558772843 8.315
      vertex 42.54558441227157 -64.24558441227157 8.315
      vertex 42.85607202504845 -59.508458855568605 8.315
    endloop
  endfacet
  facet normal 0 0 1
    outer loop
      vertex 42.85607202504845 -59.508458855568605 8.315
      vertex 42.85607202504845 -63.8915411444314 8.315
      vertex 43.117691453623976 -59.900000000000006 8.315
    endloop
  endfacet
  facet normal 0 0 1
    outer loop
      vertex 43.117691453623976 -59.900000000000006 8.315
      vertex 43.117691453623976 -63.5 8.315
      vertex 43.32596631704063 -60.32233964348568 8.315
    endloop
  endfacet
  facet normal 0 0 1
    outer loop
      vertex 43.32596631704063 -60.32233964348568 8.315
      vertex 43.32596631704063 -63.07766035651433 8.315
      vertex 43.477332974640646 -60.76825143763093 8.315
    endloop
  endfacet
  facet normal 0 0 1
    outer loop
      vertex 43.477332974640646 -60.76825143763093 8.315
      vertex 43.477332974640646 -62.631748562369076 8.315
      vertex 43.56920150094572 -61.23010570800782 8.315
    endloop
  endfacet
  facet normal 0 0 1
    outer loop
      vertex 43.56920150094572 -61.23010570800782 8.315
      vertex 43.56920150094572 -62.169894291992186 8.315
      vertex 43.6 -61.7 8.315
    endloop
  endfacet
  facet normal 0 0 -1
    outer loop
      vertex 39.275215549283786 -60.97521554928379 7.715
      vertex 39.275215549283786 -62.42478445071622 7.715
      vertex 39.18681282620148 -62.32398046473394 7.715
    endloop
  endfacet
  facet normal 0 0 -1
    outer loop
      vertex 39.275215549283786 -60.97521554928379 7.715
      vertex 39.37601953526606 -62.51318717379852 7.715
      vertex 39.275215549283786 -62.42478445071622 7.715
    endloop
  endfacet
  facet normal 0 0 -1
    outer loop
      vertex 39.37601953526606 -60.886812826201485 7.715
      vertex 39.4875 -62.58767603887905 7.715
      vertex 39.37601953526606 -62.51318717379852 7.715
    endloop
  endfacet
  facet normal 0 0 -1
    outer loop
      vertex 39.607749481825785 -60.75302347917594 7.715
      vertex 39.607749481825785 -62.64697652082407 7.715
      vertex 39.4875 -62.58767603887905 7.715
    endloop
  endfacet
  facet normal 0 0 -1
    outer loop
      vertex 39.73471047876992 -60.70992602805371 7.715
      vertex 39.73471047876992 -62.6900739719463 7.715
      vertex 39.607749481825785 -62.64697652082407 7.715
    endloop
  endfacet
  facet normal 0 0 -1
    outer loop
      vertex 39.73471047876992 -60.70992602805371 7.715
      vertex 39.866210652974445 -62.71623098290816 7.715
      vertex 39.73471047876992 -62.6900739719463 7.715
    endloop
  endfacet
  facet normal 0 0 -1
    outer loop
      vertex 39.866210652974445 -60.68376901709185 7.715
      vertex 40 -62.725 7.715
      vertex 39.866210652974445 -62.71623098290816 7.715
    endloop
  endfacet
  facet normal 0 0 -1
    outer loop
      vertex 37.87420171602333 -64.60000000000001 7.715
      vertex 38.17528731733016 -63.10015128672006 7.715
      vertex 38.37365440327094 -63.32634559672906 7.715
    endloop
  endfacet
  facet normal 0 0 -1
    outer loop
      vertex 37.87420171602333 -64.60000000000001 7.715
      vertex 38.37365440327094 -63.32634559672906 7.715
      vertex 38.59984871327994 -63.52471268266984 7.715
    endloop
  endfacet
  facet normal 0 0 -1
    outer loop
      vertex 40 -60.675000000000004 7.715
      vertex 40.133789347025555 -62.71623098290816 7.715
      vertex 40 -62.725 7.715
    endloop
  endfacet
  facet normal 0 0 -1
    outer loop
      vertex 40.133789347025555 -60.68376901709185 7.715
      vertex 40.26528952123008 -62.6900739719463 7.715
      vertex 40.133789347025555 -62.71623098290816 7.715
    endloop
  endfacet
  facet normal 0 0 -1
    outer loop
      vertex 40.392250518174215 -60.75302347917594 7.715
      vertex 40.392250518174215 -62.64697652082407 7.715
      vertex 40.26528952123008 -62.6900739719463 7.715
    endloop
  endfacet
  facet normal 0 0 -1
    outer loop
      vertex 40.5125 -60.81232396112095 7.715
      vertex 40.5125 -62.58767603887905 7.715
      vertex 40.392250518174215 -62.64697652082407 7.715
    endloop
  endfacet
  facet normal 0 0 -1
    outer loop
      vertex 40.5125 -60.81232396112095 7.715
      vertex 40.62398046473394 -62.51318717379852 7.715
      vertex 40.5125 -62.58767603887905 7.715
    endloop
  endfacet
  facet normal 0 0 -1
    outer loop
      vertex 40.62398046473394 -60.886812826201485 7.715
      vertex 40.724784450716214 -62.42478445071622 7.715
      vertex 40.62398046473394 -62.51318717379852 7.715
    endloop
  endfacet
  facet normal 0 0 -1
    outer loop
      vertex 40.88767603887905 -61.1875 7.715
      vertex 40.88767603887905 -62.212500000000006 7.715
      vertex 40.81318717379852 -62.32398046473394 7.715
    endloop
  endfacet
  facet normal 0 0 -1
    outer loop
      vertex 40.81318717379852 -61.07601953526606 7.715
      vertex 40.81318717379852 -62.32398046473394 7.715
      vertex 40.724784450716214 -62.42478445071622 7.715
    endloop
  endfacet
  facet normal 0 0 -1
    outer loop
      vertex 41.82471268266984 -63.10015128672006 7.715
      vertex 42.12579828397667 -64.60000000000001 7.715
      vertex 41.62634559672906 -63.32634559672906 7.715
    endloop
  endfacet
  facet normal 0 0 -1
    outer loop
      vertex 41.62634559672906 -63.32634559672906 7.715
      vertex 42.12579828397667 -64.60000000000001 7.715
      vertex 41.40015128672006 -63.52471268266984 7.715
    endloop
  endfacet
  facet normal 0 0 -1
    outer loop
      vertex 37.87420171602333 -64.60000000000001 7.715
      vertex 38.59984871327994 -63.52471268266984 7.715
      vertex 38.85 -63.69185842870421 7.715
    endloop
  endfacet
  facet normal 0 0 -1
    outer loop
      vertex 37.87420171602333 -64.60000000000001 7.715
      vertex 38.85 -63.69185842870421 7.715
      vertex 39.119828105560295 -63.82492292477596 7.715
    endloop
  endfacet
  facet normal 0 0 -1
    outer loop
      vertex 37.87420171602333 -64.60000000000001 7.715
      vertex 39.119828105560295 -63.82492292477596 7.715
      vertex 39.404716196264204 -63.92162940046486 7.715
    endloop
  endfacet
  facet normal 0 0 -1
    outer loop
      vertex 37.87420171602333 -64.60000000000001 7.715
      vertex 39.404716196264204 -63.92162940046486 7.715
      vertex 39.69978975789388 -63.98032318115977 7.715
    endloop
  endfacet
  facet normal 0 0 -1
    outer loop
      vertex 37.87420171602333 -64.60000000000001 7.715
      vertex 39.69978975789388 -63.98032318115977 7.715
      vertex 42.12579828397667 -64.60000000000001 7.715
    endloop
  endfacet
  facet normal 0 0 -1
    outer loop
      vertex 39.69978975789388 -63.98032318115977 7.715
      vertex 40 -64 7.715
      vertex 42.12579828397667 -64.60000000000001 7.715
    endloop
  endfacet
  facet normal 0 0 -1
    outer loop
      vertex 40 -64 7.715
      vertex 40.30021024210612 -63.98032318115977 7.715
      vertex 42.12579828397667 -64.60000000000001 7.715
    endloop
  endfacet
  facet normal 0 0 -1
    outer loop
      vertex 40.595283803735796 -63.92162940046486 7.715
      vertex 42.12579828397667 -64.60000000000001 7.715
      vertex 40.30021024210612 -63.98032318115977 7.715
    endloop
  endfacet
  facet normal 0 0 -1
    outer loop
      vertex 40.595283803735796 -63.92162940046486 7.715
      vertex 40.880171894439705 -63.82492292477596 7.715
      vertex 42.12579828397667 -64.60000000000001 7.715
    endloop
  endfacet
  facet normal 0 0 -1
    outer loop
      vertex 40.880171894439705 -63.82492292477596 7.715
      vertex 41.15 -63.69185842870421 7.715
      vertex 42.12579828397667 -64.60000000000001 7.715
    endloop
  endfacet
  facet normal 0 0 -1
    outer loop
      vertex 41.40015128672006 -63.52471268266984 7.715
      vertex 42.12579828397667 -64.60000000000001 7.715
      vertex 41.15 -63.69185842870421 7.715
    endloop
  endfacet
  facet normal 0 0 -1
    outer loop
      vertex 42.85607202504845 -59.508458855568605 7.715
      vertex 43.117691453623976 -63.5 7.715
      vertex 42.85607202504845 -63.8915411444314 7.715
    endloop
  endfacet
  facet normal 0 0 -1
    outer loop
      vertex 42.3 -61.7 7.715
      vertex 42.54558441227157 -64.24558441227157 7.715
      vertex 42.280323181159766 -62.00021024210612 7.715
    endloop
  endfacet
  facet normal 0 0 -1
    outer loop
      vertex 42.280323181159766 -62.00021024210612 7.715
      vertex 42.54558441227157 -64.24558441227157 7.715
      vertex 42.221629400464856 -62.2952838037358 7.715
    endloop
  endfacet
  facet normal 0 0 -1
    outer loop
      vertex 42.54558441227157 -59.15441558772843 7.715
      vertex 42.85607202504845 -63.8915411444314 7.715
      vertex 42.54558441227157 -64.24558441227157 7.715
    endloop
  endfacet
  facet normal 0 0 -1
    outer loop
      vertex 43.32596631704063 -60.32233964348568 7.715
      vertex 43.477332974640646 -62.631748562369076 7.715
      vertex 43.32596631704063 -63.07766035651433 7.715
    endloop
  endfacet
  facet normal 0 0 -1
    outer loop
      vertex 43.117691453623976 -59.900000000000006 7.715
      vertex 43.32596631704063 -63.07766035651433 7.715
      vertex 43.117691453623976 -63.5 7.715
    endloop
  endfacet
  facet normal 0.9807852804032309 -0.19509032201612564 0
    outer loop
      vertex 43.56920150094572 -62.169894291992186 7.715
      vertex 43.56920150094572 -62.169894291992186 8.315
      vertex 43.477332974640646 -62.631748562369076 7.715
    endloop
  endfacet
  facet normal 0.946930129495106 -0.3214394653031609 0
    outer loop
      vertex 43.477332974640646 -62.631748562369076 7.715
      vertex 43.477332974640646 -62.631748562369076 8.315
      vertex 43.32596631704063 -63.07766035651433 7.715
    endloop
  endfacet
  facet normal 0 0 -1
    outer loop
      vertex 42.221629400464856 -62.2952838037358 7.715
      vertex 42.1915411444314 -64.55607202504845 7.715
      vertex 42.12492292477596 -62.58017189443971 7.715
    endloop
  endfacet
  facet normal 0 0 -1
    outer loop
      vertex 41.991858428704205 -62.85 7.715
      vertex 42.12492292477596 -62.58017189443971 7.715
      vertex 42.1915411444314 -64.55607202504845 7.715
    endloop
  endfacet
  facet normal 0 0 -1
    outer loop
      vertex 41.991858428704205 -62.85 7.715
      vertex 42.1915411444314 -64.55607202504845 7.715
      vertex 41.82471268266984 -63.10015128672006 7.715
    endloop
  endfacet
  facet normal 0 0 -1
    outer loop
      vertex 42.221629400464856 -62.2952838037358 7.715
      vertex 42.54558441227157 -64.24558441227157 7.715
      vertex 42.1915411444314 -64.55607202504845 7.715
    endloop
  endfacet
  facet normal 0.8968727415326844 -0.442288690219009 0
    outer loop
      vertex 43.32596631704063 -63.07766035651433 7.715
      vertex 43.32596631704063 -63.07766035651433 8.315
      vertex 43.117691453623976 -63.5 7.715
    endloop
  endfacet
  facet normal 0.8314696123025532 -0.5555702330195903 0
    outer loop
      vertex 42.85607202504845 -63.8915411444314 7.715
      vertex 43.117691453623976 -63.5 7.715
      vertex 43.117691453623976 -63.5 8.315
    endloop
  endfacet
  facet normal 0 0 -1
    outer loop
      vertex 41.82471268266984 -63.10015128672006 7.715
      vertex 42.1915411444314 -64.55607202504845 7.715
      vertex 42.12579828397667 -64.60000000000001 7.715
    endloop
  endfacet
  facet normal 0.6593458151000776 -0.7518398074789697 0
    outer loop
      vertex 42.54558441227157 -64.24558441227157 7.715
      vertex 42.1915411444314 -64.55607202504845 8.315
      vertex 42.1915411444314 -64.55607202504845 7.715
    endloop
  endfacet
  facet normal 0.7518398074789706 -0.6593458151000766 0
    outer loop
      vertex 42.85607202504845 -63.8915411444314 7.715
      vertex 42.85607202504845 -63.8915411444314 8.315
      vertex 42.54558441227157 -64.24558441227157 7.715
    endloop
  endfacet
  facet normal 0.5555702330196038 -0.8314696123025442 0
    outer loop
      vertex 42.1915411444314 -64.55607202504845 7.715
      vertex 42.12579828397667 -64.60000000000001 8.315
      vertex 42.12579828397667 -64.60000000000001 7.715
    endloop
  endfacet
  facet normal 0 0 1
    outer loop
      vertex 39.11232396112095 -61.1875 8.315
      vertex 39.11232396112095 -62.212500000000006 8.315
      vertex 39.18681282620148 -62.32398046473394 8.315
    endloop
  endfacet
  facet normal 0 0 1
    outer loop
      vertex 39.18681282620148 -61.07601953526606 8.315
      vertex 39.18681282620148 -62.32398046473394 8.315
      vertex 39.275215549283786 -62.42478445071622 8.315
    endloop
  endfacet
  facet normal 0 0 1
    outer loop
      vertex 39.37601953526606 -60.886812826201485 8.315
      vertex 39.275215549283786 -62.42478445071622 8.315
      vertex 39.37601953526606 -62.51318717379852 8.315
    endloop
  endfacet
  facet normal 0 0 1
    outer loop
      vertex 39.4875 -60.81232396112095 8.315
      vertex 39.37601953526606 -62.51318717379852 8.315
      vertex 39.4875 -62.58767603887905 8.315
    endloop
  endfacet
  facet normal 0 0 1
    outer loop
      vertex 39.4875 -60.81232396112095 8.315
      vertex 39.4875 -62.58767603887905 8.315
      vertex 39.607749481825785 -62.64697652082407 8.315
    endloop
  endfacet
  facet normal 0 0 1
    outer loop
      vertex 39.607749481825785 -60.75302347917594 8.315
      vertex 39.607749481825785 -62.64697652082407 8.315
      vertex 39.73471047876992 -62.6900739719463 8.315
    endloop
  endfacet
  facet normal 0 0 1
    outer loop
      vertex 39.866210652974445 -60.68376901709185 8.315
      vertex 39.73471047876992 -62.6900739719463 8.315
      vertex 39.866210652974445 -62.71623098290816 8.315
    endloop
  endfacet
  facet normal 0 0 1
    outer loop
      vertex 40 -60.675000000000004 8.315
      vertex 39.866210652974445 -62.71623098290816 8.315
      vertex 40 -62.725 8.315
    endloop
  endfacet
  facet normal 0 0 1
    outer loop
      vertex 37.87420171602333 -64.60000000000001 8.315
      vertex 38.37365440327094 -63.32634559672906 8.315
      vertex 38.17528731733016 -63.10015128672006 8.315
    endloop
  endfacet
  facet normal 0 0 1
    outer loop
      vertex 37.87420171602333 -64.60000000000001 8.315
      vertex 38.59984871327994 -63.52471268266984 8.315
      vertex 38.37365440327094 -63.32634559672906 8.315
    endloop
  endfacet
  facet normal 0 0 1
    outer loop
      vertex 40.133789347025555 -60.68376901709185 8.315
      vertex 40 -62.725 8.315
      vertex 40.133789347025555 -62.71623098290816 8.315
    endloop
  endfacet
  facet normal 0 0 1
    outer loop
      vertex 40.26528952123008 -60.70992602805371 8.315
      vertex 40.133789347025555 -62.71623098290816 8.315
      vertex 40.26528952123008 -62.6900739719463 8.315
    endloop
  endfacet
  facet normal 0 0 1
    outer loop
      vertex 40.392250518174215 -60.75302347917594 8.315
      vertex 40.392250518174215 -62.64697652082407 8.315
      vertex 40.5125 -62.58767603887905 8.315
    endloop
  endfacet
  facet normal 0 0 1
    outer loop
      vertex 40.26528952123008 -60.70992602805371 8.315
      vertex 40.26528952123008 -62.6900739719463 8.315
      vertex 40.392250518174215 -62.64697652082407 8.315
    endloop
  endfacet
  facet normal 0 0 1
    outer loop
      vertex 40.62398046473394 -60.886812826201485 8.315
      vertex 40.5125 -62.58767603887905 8.315
      vertex 40.62398046473394 -62.51318717379852 8.315
    endloop
  endfacet
  facet normal 0 0 1
    outer loop
      vertex 40.724784450716214 -60.97521554928379 8.315
      vertex 40.62398046473394 -62.51318717379852 8.315
      vertex 40.724784450716214 -62.42478445071622 8.315
    endloop
  endfacet
  facet normal 0 0 1
    outer loop
      vertex 40.724784450716214 -60.97521554928379 8.315
      vertex 40.724784450716214 -62.42478445071622 8.315
      vertex 40.81318717379852 -62.32398046473394 8.315
    endloop
  endfacet
  facet normal 0 0 1
    outer loop
      vertex 41.82471268266984 -63.10015128672006 8.315
      vertex 41.62634559672906 -63.32634559672906 8.315
      vertex 42.12579828397667 -64.60000000000001 8.315
    endloop
  endfacet
  facet normal 0 0 1
    outer loop
      vertex 41.62634559672906 -63.32634559672906 8.315
      vertex 41.40015128672006 -63.52471268266984 8.315
      vertex 42.12579828397667 -64.60000000000001 8.315
    endloop
  endfacet
  facet normal 0 0 1
    outer loop
      vertex 37.87420171602333 -64.60000000000001 8.315
      vertex 38.85 -63.69185842870421 8.315
      vertex 38.59984871327994 -63.52471268266984 8.315
    endloop
  endfacet
  facet normal 0 0 1
    outer loop
      vertex 37.87420171602333 -64.60000000000001 8.315
      vertex 39.119828105560295 -63.82492292477596 8.315
      vertex 38.85 -63.69185842870421 8.315
    endloop
  endfacet
  facet normal 0 0 1
    outer loop
      vertex 37.87420171602333 -64.60000000000001 8.315
      vertex 39.404716196264204 -63.92162940046486 8.315
      vertex 39.119828105560295 -63.82492292477596 8.315
    endloop
  endfacet
  facet normal 0 0 1
    outer loop
      vertex 37.87420171602333 -64.60000000000001 8.315
      vertex 39.69978975789388 -63.98032318115977 8.315
      vertex 39.404716196264204 -63.92162940046486 8.315
    endloop
  endfacet
  facet normal 0 0 1
    outer loop
      vertex 37.87420171602333 -64.60000000000001 8.315
      vertex 40 -64 8.315
      vertex 39.69978975789388 -63.98032318115977 8.315
    endloop
  endfacet
  facet normal 0 0 1
    outer loop
      vertex 37.87420171602333 -64.60000000000001 8.315
      vertex 40.30021024210612 -63.98032318115977 8.315
      vertex 40 -64 8.315
    endloop
  endfacet
  facet normal 0 0 1
    outer loop
      vertex 37.87420171602333 -64.60000000000001 8.315
      vertex 40.595283803735796 -63.92162940046486 8.315
      vertex 40.30021024210612 -63.98032318115977 8.315
    endloop
  endfacet
  facet normal 0 0 1
    outer loop
      vertex 37.87420171602333 -64.60000000000001 8.315
      vertex 42.12579828397667 -64.60000000000001 8.315
      vertex 40.595283803735796 -63.92162940046486 8.315
    endloop
  endfacet
  facet normal 0 0 1
    outer loop
      vertex 40.595283803735796 -63.92162940046486 8.315
      vertex 42.12579828397667 -64.60000000000001 8.315
      vertex 40.880171894439705 -63.82492292477596 8.315
    endloop
  endfacet
  facet normal 0 0 1
    outer loop
      vertex 40.880171894439705 -63.82492292477596 8.315
      vertex 42.12579828397667 -64.60000000000001 8.315
      vertex 41.15 -63.69185842870421 8.315
    endloop
  endfacet
  facet normal 0 0 1
    outer loop
      vertex 41.40015128672006 -63.52471268266984 8.315
      vertex 41.15 -63.69185842870421 8.315
      vertex 42.12579828397667 -64.60000000000001 8.315
    endloop
  endfacet
  facet normal 0.9978589232386033 -0.0654031292301484 0
    outer loop
      vertex 43.6 -61.7 8.315
      vertex 43.56920150094572 -62.169894291992186 8.315
      vertex 43.56920150094572 -62.169894291992186 7.715
    endloop
  endfacet
  facet normal 0.9807852804032309 -0.19509032201612564 0
    outer loop
      vertex 43.477332974640646 -62.631748562369076 7.715
      vertex 43.56920150094572 -62.169894291992186 8.315
      vertex 43.477332974640646 -62.631748562369076 8.315
    endloop
  endfacet
  facet normal 0 0 1
    outer loop
      vertex 42.54558441227157 -59.15441558772843 8.315
      vertex 42.280323181159766 -62.00021024210612 8.315
      vertex 42.1915411444314 -64.55607202504845 8.315
    endloop
  endfacet
  facet normal 0 0 1
    outer loop
      vertex 42.54558441227157 -59.15441558772843 8.315
      vertex 42.1915411444314 -64.55607202504845 8.315
      vertex 42.54558441227157 -64.24558441227157 8.315
    endloop
  endfacet
  facet normal 0 0 1
    outer loop
      vertex 42.85607202504845 -59.508458855568605 8.315
      vertex 42.54558441227157 -64.24558441227157 8.315
      vertex 42.85607202504845 -63.8915411444314 8.315
    endloop
  endfacet
  facet normal 0 0 1
    outer loop
      vertex 43.477332974640646 -60.76825143763093 8.315
      vertex 43.32596631704063 -63.07766035651433 8.315
      vertex 43.477332974640646 -62.631748562369076 8.315
    endloop
  endfacet
  facet normal 0 0 1
    outer loop
      vertex 43.32596631704063 -60.32233964348568 8.315
      vertex 43.117691453623976 -63.5 8.315
      vertex 43.32596631704063 -63.07766035651433 8.315
    endloop
  endfacet
  facet normal 0 0 1
    outer loop
      vertex 43.56920150094572 -61.23010570800782 8.315
      vertex 43.477332974640646 -62.631748562369076 8.315
      vertex 43.56920150094572 -62.169894291992186 8.315
    endloop
  endfacet
  facet normal 0 0 1
    outer loop
      vertex 43.117691453623976 -59.900000000000006 8.315
      vertex 42.85607202504845 -63.8915411444314 8.315
      vertex 43.117691453623976 -63.5 8.315
    endloop
  endfacet
  facet normal 0.8314696123025532 -0.5555702330195903 0
    outer loop
      vertex 42.85607202504845 -63.8915411444314 7.715
      vertex 43.117691453623976 -63.5 8.315
      vertex 42.85607202504845 -63.8915411444314 8.315
    endloop
  endfacet
  facet normal 0.946930129495106 -0.3214394653031609 0
    outer loop
      vertex 43.32596631704063 -63.07766035651433 7.715
      vertex 43.477332974640646 -62.631748562369076 8.315
      vertex 43.32596631704063 -63.07766035651433 8.315
    endloop
  endfacet
  facet normal 0.8968727415326844 -0.442288690219009 0
    outer loop
      vertex 43.117691453623976 -63.5 7.715
      vertex 43.32596631704063 -63.07766035651433 8.315
      vertex 43.117691453623976 -63.5 8.315
    endloop
  endfacet
  facet normal 0 0 1
    outer loop
      vertex 42.280323181159766 -62.00021024210612 8.315
      vertex 42.221629400464856 -62.2952838037358 8.315
      vertex 42.1915411444314 -64.55607202504845 8.315
    endloop
  endfacet
  facet normal 0 0 1
    outer loop
      vertex 42.221629400464856 -62.2952838037358 8.315
      vertex 42.12492292477596 -62.58017189443971 8.315
      vertex 42.1915411444314 -64.55607202504845 8.315
    endloop
  endfacet
  facet normal 0 0 1
    outer loop
      vertex 41.991858428704205 -62.85 8.315
      vertex 42.1915411444314 -64.55607202504845 8.315
      vertex 42.12492292477596 -62.58017189443971 8.315
    endloop
  endfacet
  facet normal 0 0 1
    outer loop
      vertex 41.991858428704205 -62.85 8.315
      vertex 41.82471268266984 -63.10015128672006 8.315
      vertex 42.1915411444314 -64.55607202504845 8.315
    endloop
  endfacet
  facet normal 0.6593458151000776 -0.7518398074789697 0
    outer loop
      vertex 42.54558441227157 -64.24558441227157 7.715
      vertex 42.54558441227157 -64.24558441227157 8.315
      vertex 42.1915411444314 -64.55607202504845 8.315
    endloop
  endfacet
  facet normal 0.7518398074789706 -0.6593458151000766 0
    outer loop
      vertex 42.54558441227157 -64.24558441227157 7.715
      vertex 42.85607202504845 -63.8915411444314 8.315
      vertex 42.54558441227157 -64.24558441227157 8.315
    endloop
  endfacet
  facet normal 0.5555702330196038 -0.8314696123025442 0
    outer loop
      vertex 42.1915411444314 -64.55607202504845 7.715
      vertex 42.1915411444314 -64.55607202504845 8.315
      vertex 42.12579828397667 -64.60000000000001 8.315
    endloop
  endfacet
  facet normal 0 0 1
    outer loop
      vertex 41.82471268266984 -63.10015128672006 8.315
      vertex 42.12579828397667 -64.60000000000001 8.315
      vertex 42.1915411444314 -64.55607202504845 8.315
    endloop
  endfacet
  facet normal -0.8314696123025495 0.555570233019596 0
    outer loop
      vertex 65.88230854637602 -2.4000000000000004 7.715
      vertex 65.88230854637602 -2.4000000000000004 8.315
      vertex 66.14392797495155 -2.008458855568606 7.715
    endloop
  endfacet
  facet normal -0.8968727415326807 0.44228869021901684 0
    outer loop
      vertex 65.88230854637602 -2.4000000000000004 7.715
      vertex 65.67403368295936 -2.8223396434856767 7.715
      vertex 65.67403368295936 -2.8223396434856767 8.315
    endloop
  endfacet
  facet normal 0 0 -1
    outer loop
      vertex 65.52266702535935 -3.2682514376309255 7.715
      vertex 65.52266702535935 -5.131748562369075 7.715
      vertex 65.43079849905428 -3.7301057080078146 7.715
    endloop
  endfacet
  facet normal 0 0 -1
    outer loop
      vertex 65.88230854637602 -2.4000000000000004 7.715
      vertex 65.88230854637602 -6 7.715
      vertex 65.67403368295936 -2.8223396434856767 7.715
    endloop
  endfacet
  facet normal 0 0 -1
    outer loop
      vertex 65.67403368295936 -2.8223396434856767 7.715
      vertex 65.67403368295936 -5.577660356514324 7.715
      vertex 65.52266702535935 -3.2682514376309255 7.715
    endloop
  endfacet
  facet normal -0.980785280403228 0.19509032201614035 0
    outer loop
      vertex 65.52266702535935 -3.2682514376309255 7.715
      vertex 65.43079849905428 -3.7301057080078146 7.715
      vertex 65.43079849905428 -3.7301057080078146 8.315
    endloop
  endfacet
  facet normal -0.9469301294951096 0.3214394653031502 0
    outer loop
      vertex 65.67403368295936 -2.8223396434856767 7.715
      vertex 65.52266702535935 -3.2682514376309255 7.715
      vertex 65.52266702535935 -3.2682514376309255 8.315
    endloop
  endfacet
  facet normal -0.9978589232386053 0.06540312923011805 0
    outer loop
      vertex 65.43079849905428 -3.7301057080078146 7.715
      vertex 65.4 -4.2 7.715
      vertex 65.4 -4.2 8.315
    endloop
  endfacet
  facet normal 0 0 -1
    outer loop
      vertex 66.74452096508395 -1.4 7.715
      vertex 67.85 -2.2081415712957915 7.715
      vertex 67.59984871327994 -2.3752873173301596 7.715
    endloop
  endfacet
  facet normal 0 0 -1
    outer loop
      vertex 66.74452096508395 -1.4 7.715
      vertex 68.69978975789388 -1.9196768188402364 7.715
      vertex 68.4047161962642 -1.9783705995351433 7.715
    endloop
  endfacet
  facet normal 0 0 -1
    outer loop
      vertex 66.74452096508395 -1.4 7.715
      vertex 68.11982810556029 -2.075077075224041 7.715
      vertex 67.85 -2.2081415712957915 7.715
    endloop
  endfacet
  facet normal 0 0 -1
    outer loop
      vertex 66.74452096508395 -1.4 7.715
      vertex 68.4047161962642 -1.9783705995351433 7.715
      vertex 68.11982810556029 -2.075077075224041 7.715
    endloop
  endfacet
  facet normal -0.6593458151000824 0.7518398074789656 0
    outer loop
      vertex 66.74452096508395 -1.4 7.715
      vertex 66.45441558772843 -1.6544155877284288 7.715
      vertex 66.74452096508395 -1.4 8.315
    endloop
  endfacet
  facet normal -0.751839807478971 0.6593458151000762 0
    outer loop
      vertex 66.45441558772843 -1.6544155877284288 7.715
      vertex 66.14392797495155 -2.008458855568606 7.715
      vertex 66.14392797495155 -2.008458855568606 8.315
    endloop
  endfacet
  facet normal 0 0 -1
    outer loop
      vertex 66.74452096508395 -1.4 7.715
      vertex 69 -1.9000000000000004 7.715
      vertex 68.69978975789388 -1.9196768188402364 7.715
    endloop
  endfacet
  facet normal 0 0 -1
    outer loop
      vertex 66.74452096508395 -1.4 7.715
      vertex 69.30021024210612 -1.9196768188402364 7.715
      vertex 69 -1.9000000000000004 7.715
    endloop
  endfacet
  facet normal 0 0 -1
    outer loop
      vertex 66.74452096508395 -1.4 7.715
      vertex 69.5952838037358 -1.9783705995351433 7.715
      vertex 69.30021024210612 -1.9196768188402364 7.715
    endloop
  endfacet
  facet normal 0 0 -1
    outer loop
      vertex 66.74452096508395 -1.4 7.715
      vertex 71.25547903491605 -1.4 7.715
      vertex 69.5952838037358 -1.9783705995351433 7.715
    endloop
  endfacet
  facet normal 0 0 -1
    outer loop
      vertex 66.74452096508395 -1.4 7.715
      vertex 66.77837059953514 -3.6047161962642025 7.715
      vertex 66.45441558772843 -1.6544155877284288 7.715
    endloop
  endfacet
  facet normal 0 0 -1
    outer loop
      vertex 66.74452096508395 -1.4 7.715
      vertex 67.17528731733016 -2.7998487132799426 7.715
      vertex 67.0081415712958 -3.0500000000000003 7.715
    endloop
  endfacet
  facet normal 0 0 -1
    outer loop
      vertex 66.74452096508395 -1.4 7.715
      vertex 67.0081415712958 -3.0500000000000003 7.715
      vertex 66.87507707522404 -3.3198281055602936 7.715
    endloop
  endfacet
  facet normal 0 0 -1
    outer loop
      vertex 66.74452096508395 -1.4 7.715
      vertex 66.87507707522404 -3.3198281055602936 7.715
      vertex 66.77837059953514 -3.6047161962642025 7.715
    endloop
  endfacet
  facet normal 0 0 -1
    outer loop
      vertex 66.45441558772843 -1.6544155877284288 7.715
      vertex 66.77837059953514 -3.6047161962642025 7.715
      vertex 66.71967681884024 -3.8997897578938816 7.715
    endloop
  endfacet
  facet normal 0 0 -1
    outer loop
      vertex 66.74452096508395 -1.4 7.715
      vertex 67.59984871327994 -2.3752873173301596 7.715
      vertex 67.37365440327095 -2.573654403270941 7.715
    endloop
  endfacet
  facet normal 0 0 -1
    outer loop
      vertex 66.74452096508395 -1.4 7.715
      vertex 67.37365440327095 -2.573654403270941 7.715
      vertex 67.17528731733016 -2.7998487132799426 7.715
    endloop
  endfacet
  facet normal 0 0 -1
    outer loop
      vertex 65.88230854637602 -2.4000000000000004 7.715
      vertex 66.14392797495155 -2.008458855568606 7.715
      vertex 66.14392797495155 -6.391541144431395 7.715
    endloop
  endfacet
  facet normal 0 0 -1
    outer loop
      vertex 66.45441558772843 -1.6544155877284288 7.715
      vertex 66.45441558772843 -6.745584412271572 7.715
      vertex 66.14392797495155 -2.008458855568606 7.715
    endloop
  endfacet
  facet normal 0 0 -1
    outer loop
      vertex 66.45441558772843 -1.6544155877284288 7.715
      vertex 66.71967681884024 -3.8997897578938816 7.715
      vertex 66.7 -4.2 7.715
    endloop
  endfacet
  facet normal 0 0 -1
    outer loop
      vertex 67.98376901709184 -4.066210652974448 7.715
      vertex 68.0099260280537 -3.9347104787699165 7.715
      vertex 67.98376901709184 -4.333789347025553 7.715
    endloop
  endfacet
  facet normal 0 0 -1
    outer loop
      vertex 68.18681282620149 -3.5760195352660613 7.715
      vertex 68.11232396112095 -4.7125 7.715
      vertex 68.11232396112095 -3.6875 7.715
    endloop
  endfacet
  facet normal 0 0 -1
    outer loop
      vertex 68.18681282620149 -3.5760195352660613 7.715
      vertex 68.27521554928379 -3.475215549283789 7.715
      vertex 68.18681282620149 -4.823980464733939 7.715
    endloop
  endfacet
  facet normal 0 0 -1
    outer loop
      vertex 68.11232396112095 -3.6875 7.715
      vertex 68.05302347917593 -4.592250518174217 7.715
      vertex 68.05302347917593 -3.807749481825783 7.715
    endloop
  endfacet
  facet normal 0 0 -1
    outer loop
      vertex 68.05302347917593 -3.807749481825783 7.715
      vertex 68.0099260280537 -4.465289521230084 7.715
      vertex 68.0099260280537 -3.9347104787699165 7.715
    endloop
  endfacet
  facet normal 0 0 -1
    outer loop
      vertex 68.27521554928379 -3.475215549283789 7.715
      vertex 68.37601953526607 -3.386812826201484 7.715
      vertex 68.37601953526607 -5.013187173798516 7.715
    endloop
  endfacet
  facet normal 0 0 -1
    outer loop
      vertex 68.4875 -3.312323961120951 7.715
      vertex 68.4875 -5.087676038879049 7.715
      vertex 68.37601953526607 -3.386812826201484 7.715
    endloop
  endfacet
  facet normal 0 0 -1
    outer loop
      vertex 68.86621065297444 -3.1837690170918447 7.715
      vertex 69 -3.1750000000000003 7.715
      vertex 69 -5.225 7.715
    endloop
  endfacet
  facet normal 0 0 -1
    outer loop
      vertex 68.4875 -3.312323961120951 7.715
      vertex 68.60774948182578 -3.2530234791759316 7.715
      vertex 68.4875 -5.087676038879049 7.715
    endloop
  endfacet
  facet normal 0 0 -1
    outer loop
      vertex 68.73471047876991 -3.2099260280537054 7.715
      vertex 68.60774948182578 -5.146976520824069 7.715
      vertex 68.60774948182578 -3.2530234791759316 7.715
    endloop
  endfacet
  facet normal 0 0 -1
    outer loop
      vertex 68.73471047876991 -3.2099260280537054 7.715
      vertex 68.86621065297444 -3.1837690170918447 7.715
      vertex 68.86621065297444 -5.216230982908156 7.715
    endloop
  endfacet
  facet normal 0 0 -1
    outer loop
      vertex 69 -3.1750000000000003 7.715
      vertex 69.13378934702556 -3.1837690170918447 7.715
      vertex 69.13378934702556 -5.216230982908156 7.715
    endloop
  endfacet
  facet normal 0 0 -1
    outer loop
      vertex 69.13378934702556 -3.1837690170918447 7.715
      vertex 69.26528952123009 -3.2099260280537054 7.715
      vertex 69.26528952123009 -5.190073971946295 7.715
    endloop
  endfacet
  facet normal 0 0 -1
    outer loop
      vertex 69.26528952123009 -3.2099260280537054 7.715
      vertex 69.39225051817422 -3.2530234791759316 7.715
      vertex 69.26528952123009 -5.190073971946295 7.715
    endloop
  endfacet
  facet normal 0 0 -1
    outer loop
      vertex 69.39225051817422 -3.2530234791759316 7.715
      vertex 69.5125 -3.312323961120951 7.715
      vertex 69.39225051817422 -5.146976520824069 7.715
    endloop
  endfacet
  facet normal 0 0 -1
    outer loop
      vertex 69.5125 -3.312323961120951 7.715
      vertex 69.62398046473393 -3.386812826201484 7.715
      vertex 69.62398046473393 -5.013187173798516 7.715
    endloop
  endfacet
  facet normal 0 0 -1
    outer loop
      vertex 69.62398046473393 -3.386812826201484 7.715
      vertex 69.72478445071621 -3.475215549283789 7.715
      vertex 69.72478445071621 -4.924784450716212 7.715
    endloop
  endfacet
  facet normal 0 0 -1
    outer loop
      vertex 69.72478445071621 -3.475215549283789 7.715
      vertex 69.81318717379851 -3.5760195352660613 7.715
      vertex 69.72478445071621 -4.924784450716212 7.715
    endloop
  endfacet
  facet normal 0 0 -1
    outer loop
      vertex 69.81318717379851 -3.5760195352660613 7.715
      vertex 69.88767603887905 -3.6875 7.715
      vertex 69.81318717379851 -4.823980464733939 7.715
    endloop
  endfacet
  facet normal 0 0 -1
    outer loop
      vertex 69.88767603887905 -3.6875 7.715
      vertex 69.94697652082407 -3.807749481825783 7.715
      vertex 69.88767603887905 -4.7125 7.715
    endloop
  endfacet
  facet normal 0 0 -1
    outer loop
      vertex 69.94697652082407 -3.807749481825783 7.715
      vertex 69.9900739719463 -3.9347104787699165 7.715
      vertex 69.94697652082407 -4.592250518174217 7.715
    endloop
  endfacet
  facet normal -0.8968727415326807 0.44228869021901684 0
    outer loop
      vertex 65.88230854637602 -2.4000000000000004 7.715
      vertex 65.67403368295936 -2.8223396434856767 8.315
      vertex 65.88230854637602 -2.4000000000000004 8.315
    endloop
  endfacet
  facet normal -0.9469301294951096 0.3214394653031502 0
    outer loop
      vertex 65.67403368295936 -2.8223396434856767 7.715
      vertex 65.52266702535935 -3.2682514376309255 8.315
      vertex 65.67403368295936 -2.8223396434856767 8.315
    endloop
  endfacet
  facet normal -0.980785280403228 0.19509032201614035 0
    outer loop
      vertex 65.52266702535935 -3.2682514376309255 7.715
      vertex 65.43079849905428 -3.7301057080078146 8.315
      vertex 65.52266702535935 -3.2682514376309255 8.315
    endloop
  endfacet
  facet normal -0.9978589232386053 0.06540312923011805 0
    outer loop
      vertex 65.43079849905428 -3.7301057080078146 7.715
      vertex 65.4 -4.2 8.315
      vertex 65.43079849905428 -3.7301057080078146 8.315
    endloop
  endfacet
  facet normal 0 0 1
    outer loop
      vertex 65.88230854637602 -2.4000000000000004 8.315
      vertex 65.67403368295936 -2.8223396434856767 8.315
      vertex 65.67403368295936 -5.577660356514324 8.315
    endloop
  endfacet
  facet normal 0 0 1
    outer loop
      vertex 65.88230854637602 -2.4000000000000004 8.315
      vertex 65.88230854637602 -6 8.315
      vertex 66.14392797495155 -2.008458855568606 8.315
    endloop
  endfacet
  facet normal 0 0 1
    outer loop
      vertex 65.52266702535935 -3.2682514376309255 8.315
      vertex 65.43079849905428 -3.7301057080078146 8.315
      vertex 65.43079849905428 -4.669894291992186 8.315
    endloop
  endfacet
  facet normal 0 0 1
    outer loop
      vertex 65.67403368295936 -2.8223396434856767 8.315
      vertex 65.52266702535935 -3.2682514376309255 8.315
      vertex 65.52266702535935 -5.131748562369075 8.315
    endloop
  endfacet
  facet normal -0.751839807478971 0.6593458151000762 0
    outer loop
      vertex 66.45441558772843 -1.6544155877284288 7.715
      vertex 66.14392797495155 -2.008458855568606 8.315
      vertex 66.45441558772843 -1.6544155877284288 8.315
    endloop
  endfacet
  facet normal -0.6593458151000824 0.7518398074789656 0
    outer loop
      vertex 66.45441558772843 -1.6544155877284288 7.715
      vertex 66.45441558772843 -1.6544155877284288 8.315
      vertex 66.74452096508395 -1.4 8.315
    endloop
  endfacet
  facet normal 0 0 1
    outer loop
      vertex 66.74452096508395 -1.4 8.315
      vertex 67.59984871327994 -2.3752873173301596 8.315
      vertex 67.85 -2.2081415712957915 8.315
    endloop
  endfacet
  facet normal 0 0 1
    outer loop
      vertex 66.74452096508395 -1.4 8.315
      vertex 67.85 -2.2081415712957915 8.315
      vertex 68.11982810556029 -2.075077075224041 8.315
    endloop
  endfacet
  facet normal 0 0 1
    outer loop
      vertex 66.74452096508395 -1.4 8.315
      vertex 68.11982810556029 -2.075077075224041 8.315
      vertex 69.90591721194829 -1.4 8.315
    endloop
  endfacet
  facet normal 0 0 1
    outer loop
      vertex 68.4047161962642 -1.9783705995351433 8.315
      vertex 69.90591721194829 -1.4 8.315
      vertex 68.11982810556029 -2.075077075224041 8.315
    endloop
  endfacet
  facet normal 0 0 1
    outer loop
      vertex 68.4047161962642 -1.9783705995351433 8.315
      vertex 68.69978975789388 -1.9196768188402364 8.315
      vertex 69.90591721194829 -1.4 8.315
    endloop
  endfacet
  facet normal 0 0 1
    outer loop
      vertex 68.69978975789388 -1.9196768188402364 8.315
      vertex 69 -1.9000000000000004 8.315
      vertex 69.90591721194829 -1.4 8.315
    endloop
  endfacet
  facet normal 0 0 1
    outer loop
      vertex 69.90591721194829 -1.4 8.315
      vertex 69 -1.9000000000000004 8.315
      vertex 69.30021024210612 -1.9196768188402364 8.315
    endloop
  endfacet
  facet normal 0 0 1
    outer loop
      vertex 69.90591721194829 -1.4 8.315
      vertex 69.30021024210612 -1.9196768188402364 8.315
      vertex 69.5952838037358 -1.9783705995351433 8.315
    endloop
  endfacet
  facet normal 0 0 1
    outer loop
      vertex 69.90591721194829 -1.4 8.315
      vertex 69.5952838037358 -1.9783705995351433 8.315
      vertex 69.88017189443971 -2.075077075224041 8.315
    endloop
  endfacet
  facet normal -0.8314696123025495 0.555570233019596 0
    outer loop
      vertex 66.14392797495155 -2.008458855568606 7.715
      vertex 65.88230854637602 -2.4000000000000004 8.315
      vertex 66.14392797495155 -2.008458855568606 8.315
    endloop
  endfacet
  facet normal 0 0 1
    outer loop
      vertex 66.74452096508395 -1.4 8.315
      vertex 67.0081415712958 -3.0500000000000003 8.315
      vertex 67.17528731733016 -2.7998487132799426 8.315
    endloop
  endfacet
  facet normal 0 0 1
    outer loop
      vertex 66.74452096508395 -1.4 8.315
      vertex 66.87507707522404 -3.3198281055602936 8.315
      vertex 67.0081415712958 -3.0500000000000003 8.315
    endloop
  endfacet
  facet normal 0 0 1
    outer loop
      vertex 66.74452096508395 -1.4 8.315
      vertex 66.77837059953514 -3.6047161962642025 8.315
      vertex 66.87507707522404 -3.3198281055602936 8.315
    endloop
  endfacet
  facet normal 0 0 1
    outer loop
      vertex 66.74452096508395 -1.4 8.315
      vertex 66.71967681884024 -3.8997897578938816 8.315
      vertex 66.77837059953514 -3.6047161962642025 8.315
    endloop
  endfacet
  facet normal 0 0 1
    outer loop
      vertex 66.74452096508395 -1.4 8.315
      vertex 67.37365440327095 -2.573654403270941 8.315
      vertex 67.59984871327994 -2.3752873173301596 8.315
    endloop
  endfacet
  facet normal 0 0 1
    outer loop
      vertex 66.74452096508395 -1.4 8.315
      vertex 67.17528731733016 -2.7998487132799426 8.315
      vertex 67.37365440327095 -2.573654403270941 8.315
    endloop
  endfacet
  facet normal 0 0 1
    outer loop
      vertex 66.45441558772843 -1.6544155877284288 8.315
      vertex 66.14392797495155 -2.008458855568606 8.315
      vertex 66.14392797495155 -6.391541144431395 8.315
    endloop
  endfacet
  facet normal 0 0 1
    outer loop
      vertex 66.74452096508395 -1.4 8.315
      vertex 66.45441558772843 -1.6544155877284288 8.315
      vertex 66.45441558772843 -6.745584412271572 8.315
    endloop
  endfacet
  facet normal 0 0 1
    outer loop
      vertex 66.74452096508395 -1.4 8.315
      vertex 66.45441558772843 -6.745584412271572 8.315
      vertex 66.71967681884024 -3.8997897578938816 8.315
    endloop
  endfacet
  facet normal 0 0 1
    outer loop
      vertex 68.18681282620149 -3.5760195352660613 8.315
      vertex 68.27521554928379 -4.924784450716212 8.315
      vertex 68.27521554928379 -3.475215549283789 8.315
    endloop
  endfacet
  facet normal 0 0 1
    outer loop
      vertex 68.11232396112095 -3.6875 8.315
      vertex 68.05302347917593 -3.807749481825783 8.315
      vertex 68.11232396112095 -4.7125 8.315
    endloop
  endfacet
  facet normal 0 0 1
    outer loop
      vertex 68.05302347917593 -3.807749481825783 8.315
      vertex 68.0099260280537 -3.9347104787699165 8.315
      vertex 68.05302347917593 -4.592250518174217 8.315
    endloop
  endfacet
  facet normal 0 0 1
    outer loop
      vertex 68.18681282620149 -3.5760195352660613 8.315
      vertex 68.11232396112095 -3.6875 8.315
      vertex 68.18681282620149 -4.823980464733939 8.315
    endloop
  endfacet
  facet normal 0 0 1
    outer loop
      vertex 68.27521554928379 -3.475215549283789 8.315
      vertex 68.27521554928379 -4.924784450716212 8.315
      vertex 68.37601953526607 -3.386812826201484 8.315
    endloop
  endfacet
  facet normal 0 0 1
    outer loop
      vertex 68.4875 -3.312323961120951 8.315
      vertex 68.37601953526607 -3.386812826201484 8.315
      vertex 68.37601953526607 -5.013187173798516 8.315
    endloop
  endfacet
  facet normal 0 0 1
    outer loop
      vertex 68.73471047876991 -3.2099260280537054 8.315
      vertex 68.73471047876991 -5.190073971946295 8.315
      vertex 68.86621065297444 -3.1837690170918447 8.315
    endloop
  endfacet
  facet normal 0 0 1
    outer loop
      vertex 68.86621065297444 -3.1837690170918447 8.315
      vertex 68.86621065297444 -5.216230982908156 8.315
      vertex 69 -3.1750000000000003 8.315
    endloop
  endfacet
  facet normal 0 0 1
    outer loop
      vertex 68.4875 -3.312323961120951 8.315
      vertex 68.60774948182578 -5.146976520824069 8.315
      vertex 68.60774948182578 -3.2530234791759316 8.315
    endloop
  endfacet
  facet normal 0 0 1
    outer loop
      vertex 68.73471047876991 -3.2099260280537054 8.315
      vertex 68.60774948182578 -3.2530234791759316 8.315
      vertex 68.73471047876991 -5.190073971946295 8.315
    endloop
  endfacet
  facet normal 0 0 1
    outer loop
      vertex 69 -3.1750000000000003 8.315
      vertex 69 -5.225 8.315
      vertex 69.13378934702556 -3.1837690170918447 8.315
    endloop
  endfacet
  facet normal 0 0 1
    outer loop
      vertex 69.13378934702556 -3.1837690170918447 8.315
      vertex 69.13378934702556 -5.216230982908156 8.315
      vertex 69.26528952123009 -3.2099260280537054 8.315
    endloop
  endfacet
  facet normal 0 0 1
    outer loop
      vertex 69.26528952123009 -3.2099260280537054 8.315
      vertex 69.39225051817422 -5.146976520824069 8.315
      vertex 69.39225051817422 -3.2530234791759316 8.315
    endloop
  endfacet
  facet normal 0 0 1
    outer loop
      vertex 69.39225051817422 -3.2530234791759316 8.315
      vertex 69.5125 -5.087676038879049 8.315
      vertex 69.5125 -3.312323961120951 8.315
    endloop
  endfacet
  facet normal 0 0 1
    outer loop
      vertex 69.5125 -3.312323961120951 8.315
      vertex 69.5125 -5.087676038879049 8.315
      vertex 69.62398046473393 -3.386812826201484 8.315
    endloop
  endfacet
  facet normal 0 0 1
    outer loop
      vertex 69.62398046473393 -3.386812826201484 8.315
      vertex 69.62398046473393 -5.013187173798516 8.315
      vertex 69.72478445071621 -3.475215549283789 8.315
    endloop
  endfacet
  facet normal 0 0 1
    outer loop
      vertex 69.72478445071621 -3.475215549283789 8.315
      vertex 69.81318717379851 -4.823980464733939 8.315
      vertex 69.81318717379851 -3.5760195352660613 8.315
    endloop
  endfacet
  facet normal 0 0 1
    outer loop
      vertex 69.81318717379851 -3.5760195352660613 8.315
      vertex 69.88767603887905 -4.7125 8.315
      vertex 69.88767603887905 -3.6875 8.315
    endloop
  endfacet
  facet normal 0 0 1
    outer loop
      vertex 69.88767603887905 -3.6875 8.315
      vertex 69.94697652082407 -4.592250518174217 8.315
      vertex 69.94697652082407 -3.807749481825783 8.315
    endloop
  endfacet
  facet normal 0 0 1
    outer loop
      vertex 69.94697652082407 -3.807749481825783 8.315
      vertex 70.01623098290816 -4.333789347025553 8.315
      vertex 69.9900739719463 -3.9347104787699165 8.315
    endloop
  endfacet
  facet normal 0 0 -1
    outer loop
      vertex 65.43079849905428 -3.7301057080078146 7.715
      vertex 65.43079849905428 -4.669894291992186 7.715
      vertex 65.4 -4.2 7.715
    endloop
  endfacet
  facet normal 0 0 -1
    outer loop
      vertex 65.43079849905428 -3.7301057080078146 7.715
      vertex 65.52266702535935 -5.131748562369075 7.715
      vertex 65.43079849905428 -4.669894291992186 7.715
    endloop
  endfacet
  facet normal 0 0 -1
    outer loop
      vertex 65.52266702535935 -3.2682514376309255 7.715
      vertex 65.67403368295936 -5.577660356514324 7.715
      vertex 65.52266702535935 -5.131748562369075 7.715
    endloop
  endfacet
  facet normal 0 0 -1
    outer loop
      vertex 65.67403368295936 -2.8223396434856767 7.715
      vertex 65.88230854637602 -6 7.715
      vertex 65.67403368295936 -5.577660356514324 7.715
    endloop
  endfacet
  facet normal 0 0 -1
    outer loop
      vertex 65.88230854637602 -2.4000000000000004 7.715
      vertex 66.14392797495155 -6.391541144431395 7.715
      vertex 65.88230854637602 -6 7.715
    endloop
  endfacet
  facet normal -0.9978589232386053 -0.06540312923011798 0
    outer loop
      vertex 65.4 -4.2 7.715
      vertex 65.43079849905428 -4.669894291992186 7.715
      vertex 65.43079849905428 -4.669894291992186 8.315
    endloop
  endfacet
  facet normal -0.980785280403228 -0.19509032201614054 0
    outer loop
      vertex 65.43079849905428 -4.669894291992186 7.715
      vertex 65.52266702535935 -5.131748562369075 7.715
      vertex 65.52266702535935 -5.131748562369075 8.315
    endloop
  endfacet
  facet normal -0.9469301294951096 -0.3214394653031502 0
    outer loop
      vertex 65.52266702535935 -5.131748562369075 7.715
      vertex 65.67403368295936 -5.577660356514324 7.715
      vertex 65.67403368295936 -5.577660356514324 8.315
    endloop
  endfacet
  facet normal -0.8968727415326807 -0.44228869021901684 0
    outer loop
      vertex 65.67403368295936 -5.577660356514324 7.715
      vertex 65.88230854637602 -6 7.715
      vertex 65.88230854637602 -6 8.315
    endloop
  endfacet
  facet normal 0 0 -1
    outer loop
      vertex 66.45441558772843 -1.6544155877284288 7.715
      vertex 66.7 -4.2 7.715
      vertex 66.8084588555686 -7.056072025048447 7.715
    endloop
  endfacet
  facet normal 0 0 -1
    outer loop
      vertex 66.14392797495155 -2.008458855568606 7.715
      vertex 66.45441558772843 -6.745584412271572 7.715
      vertex 66.14392797495155 -6.391541144431395 7.715
    endloop
  endfacet
  facet normal 0 0 -1
    outer loop
      vertex 66.45441558772843 -1.6544155877284288 7.715
      vertex 66.8084588555686 -7.056072025048447 7.715
      vertex 66.45441558772843 -6.745584412271572 7.715
    endloop
  endfacet
  facet normal 0 0 -1
    outer loop
      vertex 67.98376901709184 -4.066210652974448 7.715
      vertex 67.98376901709184 -4.333789347025553 7.715
      vertex 67.975 -4.2 7.715
    endloop
  endfacet
  facet normal 0 0 -1
    outer loop
      vertex 66.7 -4.2 7.715
      vertex 66.71967681884024 -4.500210242106119 7.715
      vertex 66.8084588555686 -7.056072025048447 7.715
    endloop
  endfacet
  facet normal 0 0 -1
    outer loop
      vertex 66.71967681884024 -4.500210242106119 7.715
      vertex 66.77837059953514 -4.795283803735797 7.715
      vertex 66.8084588555686 -7.056072025048447 7.715
    endloop
  endfacet
  facet normal 0 0 -1
    outer loop
      vertex 66.77837059953514 -4.795283803735797 7.715
      vertex 66.87507707522404 -5.080171894439706 7.715
      vertex 66.8084588555686 -7.056072025048447 7.715
    endloop
  endfacet
  facet normal 0 0 -1
    outer loop
      vertex 66.87507707522404 -5.080171894439706 7.715
      vertex 67.0081415712958 -5.35 7.715
      vertex 66.8084588555686 -7.056072025048447 7.715
    endloop
  endfacet
  facet normal 0 0 -1
    outer loop
      vertex 67.0081415712958 -5.35 7.715
      vertex 67.17528731733016 -5.600151286720058 7.715
      vertex 66.8084588555686 -7.056072025048447 7.715
    endloop
  endfacet
  facet normal 0 0 -1
    outer loop
      vertex 68.0099260280537 -3.9347104787699165 7.715
      vertex 68.0099260280537 -4.465289521230084 7.715
      vertex 67.98376901709184 -4.333789347025553 7.715
    endloop
  endfacet
  facet normal 0 0 -1
    outer loop
      vertex 68.05302347917593 -3.807749481825783 7.715
      vertex 68.05302347917593 -4.592250518174217 7.715
      vertex 68.0099260280537 -4.465289521230084 7.715
    endloop
  endfacet
  facet normal 0 0 -1
    outer loop
      vertex 68.11232396112095 -3.6875 7.715
      vertex 68.11232396112095 -4.7125 7.715
      vertex 68.05302347917593 -4.592250518174217 7.715
    endloop
  endfacet
  facet normal 0 0 -1
    outer loop
      vertex 68.18681282620149 -3.5760195352660613 7.715
      vertex 68.18681282620149 -4.823980464733939 7.715
      vertex 68.11232396112095 -4.7125 7.715
    endloop
  endfacet
  facet normal 0 0 -1
    outer loop
      vertex 68.27521554928379 -3.475215549283789 7.715
      vertex 68.27521554928379 -4.924784450716212 7.715
      vertex 68.18681282620149 -4.823980464733939 7.715
    endloop
  endfacet
  facet normal 0 0 -1
    outer loop
      vertex 68.27521554928379 -3.475215549283789 7.715
      vertex 68.37601953526607 -5.013187173798516 7.715
      vertex 68.27521554928379 -4.924784450716212 7.715
    endloop
  endfacet
  facet normal 0 0 -1
    outer loop
      vertex 68.37601953526607 -3.386812826201484 7.715
      vertex 68.4875 -5.087676038879049 7.715
      vertex 68.37601953526607 -5.013187173798516 7.715
    endloop
  endfacet
  facet normal 0 0 -1
    outer loop
      vertex 68.60774948182578 -3.2530234791759316 7.715
      vertex 68.60774948182578 -5.146976520824069 7.715
      vertex 68.4875 -5.087676038879049 7.715
    endloop
  endfacet
  facet normal 0 0 -1
    outer loop
      vertex 68.73471047876991 -3.2099260280537054 7.715
      vertex 68.73471047876991 -5.190073971946295 7.715
      vertex 68.60774948182578 -5.146976520824069 7.715
    endloop
  endfacet
  facet normal 0 0 -1
    outer loop
      vertex 68.73471047876991 -3.2099260280537054 7.715
      vertex 68.86621065297444 -5.216230982908156 7.715
      vertex 68.73471047876991 -5.190073971946295 7.715
    endloop
  endfacet
  facet normal 0 0 -1
    outer loop
      vertex 68.86621065297444 -3.1837690170918447 7.715
      vertex 69 -5.225 7.715
      vertex 68.86621065297444 -5.216230982908156 7.715
    endloop
  endfacet
  facet normal 0 0 -1
    outer loop
      vertex 69 -3.1750000000000003 7.715
      vertex 69.13378934702556 -5.216230982908156 7.715
      vertex 69 -5.225 7.715
    endloop
  endfacet
  facet normal 0 0 -1
    outer loop
      vertex 69.13378934702556 -3.1837690170918447 7.715
      vertex 69.26528952123009 -5.190073971946295 7.715
      vertex 69.13378934702556 -5.216230982908156 7.715
    endloop
  endfacet
  facet normal 0 0 -1
    outer loop
      vertex 69.39225051817422 -3.2530234791759316 7.715
      vertex 69.39225051817422 -5.146976520824069 7.715
      vertex 69.26528952123009 -5.190073971946295 7.715
    endloop
  endfacet
  facet normal 0 0 -1
    outer loop
      vertex 69.5125 -3.312323961120951 7.715
      vertex 69.5125 -5.087676038879049 7.715
      vertex 69.39225051817422 -5.146976520824069 7.715
    endloop
  endfacet
  facet normal 0 0 -1
    outer loop
      vertex 69.9900739719463 -3.9347104787699165 7.715
      vertex 70.01623098290816 -4.066210652974448 7.715
      vertex 69.9900739719463 -4.465289521230084 7.715
    endloop
  endfacet
  facet normal 0 0 -1
    outer loop
      vertex 69.94697652082407 -3.807749481825783 7.715
      vertex 69.94697652082407 -4.592250518174217 7.715
      vertex 69.88767603887905 -4.7125 7.715
    endloop
  endfacet
  facet normal 0 0 -1
    outer loop
      vertex 69.9900739719463 -3.9347104787699165 7.715
      vertex 69.9900739719463 -4.465289521230084 7.715
      vertex 69.94697652082407 -4.592250518174217 7.715
    endloop
  endfacet
  facet normal 0 0 -1
    outer loop
      vertex 69.5125 -3.312323961120951 7.715
      vertex 69.62398046473393 -5.013187173798516 7.715
      vertex 69.5125 -5.087676038879049 7.715
    endloop
  endfacet
  facet normal 0 0 -1
    outer loop
      vertex 69.62398046473393 -3.386812826201484 7.715
      vertex 69.72478445071621 -4.924784450716212 7.715
      vertex 69.62398046473393 -5.013187173798516 7.715
    endloop
  endfacet
  facet normal 0 0 -1
    outer loop
      vertex 69.81318717379851 -3.5760195352660613 7.715
      vertex 69.81318717379851 -4.823980464733939 7.715
      vertex 69.72478445071621 -4.924784450716212 7.715
    endloop
  endfacet
  facet normal 0 0 -1
    outer loop
      vertex 69.88767603887905 -3.6875 7.715
      vertex 69.88767603887905 -4.7125 7.715
      vertex 69.81318717379851 -4.823980464733939 7.715
    endloop
  endfacet
  facet normal 0 0 -1
    outer loop
      vertex 67.17528731733016 -5.600151286720058 7.715
      vertex 67.37365440327095 -5.826345596729059 7.715
      vertex 67.2 -7.317691453623979 7.715
    endloop
  endfacet
  facet normal 0 0 -1
    outer loop
      vertex 67.37365440327095 -5.826345596729059 7.715
      vertex 67.59984871327994 -6.024712682669841 7.715
      vertex 67.2 -7.317691453623979 7.715
    endloop
  endfacet
  facet normal 0 0 -1
    outer loop
      vertex 67.17528731733016 -5.600151286720058 7.715
      vertex 67.2 -7.317691453623979 7.715
      vertex 66.8084588555686 -7.056072025048447 7.715
    endloop
  endfacet
  facet normal 0 0 -1
    outer loop
      vertex 67.59984871327994 -6.024712682669841 7.715
      vertex 67.85 -6.191858428704209 7.715
      vertex 67.62233964348567 -7.525966317040632 7.715
    endloop
  endfacet
  facet normal 0 0 -1
    outer loop
      vertex 67.85 -6.191858428704209 7.715
      vertex 68.11982810556029 -6.32492292477596 7.715
      vertex 67.62233964348567 -7.525966317040632 7.715
    endloop
  endfacet
  facet normal 0 0 -1
    outer loop
      vertex 67.59984871327994 -6.024712682669841 7.715
      vertex 67.62233964348567 -7.525966317040632 7.715
      vertex 67.2 -7.317691453623979 7.715
    endloop
  endfacet
  facet normal 0 0 -1
    outer loop
      vertex 67.62233964348567 -7.525966317040632 7.715
      vertex 68.11982810556029 -6.32492292477596 7.715
      vertex 68.06825143763092 -7.677332974640646 7.715
    endloop
  endfacet
  facet normal -0.8314696123025497 -0.5555702330195955 0
    outer loop
      vertex 65.88230854637602 -6 7.715
      vertex 66.14392797495155 -6.391541144431395 7.715
      vertex 66.14392797495155 -6.391541144431395 8.315
    endloop
  endfacet
  facet normal -0.7518398074789705 -0.6593458151000767 0
    outer loop
      vertex 66.14392797495155 -6.391541144431395 7.715
      vertex 66.45441558772843 -6.745584412271572 7.715
      vertex 66.45441558772843 -6.745584412271572 8.315
    endloop
  endfacet
  facet normal -0.6593458151000776 -0.7518398074789696 0
    outer loop
      vertex 66.45441558772843 -6.745584412271572 7.715
      vertex 66.8084588555686 -7.056072025048447 7.715
      vertex 66.45441558772843 -6.745584412271572 8.315
    endloop
  endfacet
  facet normal -0.5555702330195954 -0.8314696123025496 0
    outer loop
      vertex 66.8084588555686 -7.056072025048447 7.715
      vertex 67.2 -7.317691453623979 7.715
      vertex 66.8084588555686 -7.056072025048447 8.315
    endloop
  endfacet
  facet normal -0.4422886902190061 -0.8968727415326859 0
    outer loop
      vertex 67.2 -7.317691453623979 7.715
      vertex 67.62233964348567 -7.525966317040632 7.715
      vertex 67.2 -7.317691453623979 8.315
    endloop
  endfacet
  facet normal -0.3214394653031637 -0.9469301294951048 0
    outer loop
      vertex 67.62233964348567 -7.525966317040632 7.715
      vertex 68.06825143763092 -7.677332974640646 7.715
      vertex 67.62233964348567 -7.525966317040632 8.315
    endloop
  endfacet
  facet normal 0 0 -1
    outer loop
      vertex 68.11982810556029 -6.32492292477596 7.715
      vertex 68.4047161962642 -6.421629400464857 7.715
      vertex 68.06825143763092 -7.677332974640646 7.715
    endloop
  endfacet
  facet normal 0 0 -1
    outer loop
      vertex 68.4047161962642 -6.421629400464857 7.715
      vertex 68.69978975789388 -6.480323181159764 7.715
      vertex 68.06825143763092 -7.677332974640646 7.715
    endloop
  endfacet
  facet normal 0 0 -1
    outer loop
      vertex 68.69978975789388 -6.480323181159764 7.715
      vertex 69 -6.5 7.715
      vertex 68.53010570800781 -7.769201500945718 7.715
    endloop
  endfacet
  facet normal 0 0 -1
    outer loop
      vertex 69 -6.5 7.715
      vertex 69.30021024210612 -6.480323181159764 7.715
      vertex 69 -7.800000000000001 7.715
    endloop
  endfacet
  facet normal 0 0 -1
    outer loop
      vertex 69.30021024210612 -6.480323181159764 7.715
      vertex 69.5952838037358 -6.421629400464857 7.715
      vertex 69.46989429199219 -7.769201500945718 7.715
    endloop
  endfacet
  facet normal 0 0 -1
    outer loop
      vertex 69.5952838037358 -6.421629400464857 7.715
      vertex 69.88017189443971 -6.32492292477596 7.715
      vertex 69.93174856236908 -7.677332974640646 7.715
    endloop
  endfacet
  facet normal 0 0 -1
    outer loop
      vertex 69.88017189443971 -6.32492292477596 7.715
      vertex 70.15 -6.191858428704209 7.715
      vertex 69.93174856236908 -7.677332974640646 7.715
    endloop
  endfacet
  facet normal 0 0 -1
    outer loop
      vertex 68.69978975789388 -6.480323181159764 7.715
      vertex 68.53010570800781 -7.769201500945718 7.715
      vertex 68.06825143763092 -7.677332974640646 7.715
    endloop
  endfacet
  facet normal 0 0 -1
    outer loop
      vertex 69 -6.5 7.715
      vertex 69 -7.800000000000001 7.715
      vertex 68.53010570800781 -7.769201500945718 7.715
    endloop
  endfacet
  facet normal 0 0 -1
    outer loop
      vertex 69.30021024210612 -6.480323181159764 7.715
      vertex 69.46989429199219 -7.769201500945718 7.715
      vertex 69 -7.800000000000001 7.715
    endloop
  endfacet
  facet normal 0 0 -1
    outer loop
      vertex 69.5952838037358 -6.421629400464857 7.715
      vertex 69.93174856236908 -7.677332974640646 7.715
      vertex 69.46989429199219 -7.769201500945718 7.715
    endloop
  endfacet
  facet normal -0.19509032201612744 -0.9807852804032304 0
    outer loop
      vertex 68.06825143763092 -7.677332974640646 7.715
      vertex 68.53010570800781 -7.769201500945718 7.715
      vertex 68.06825143763092 -7.677332974640646 8.315
    endloop
  endfacet
  facet normal -0.06540312923014366 -0.9978589232386035 0
    outer loop
      vertex 68.53010570800781 -7.769201500945718 7.715
      vertex 69 -7.800000000000001 7.715
      vertex 68.53010570800781 -7.769201500945718 8.315
    endloop
  endfacet
  facet normal 0.06540312923014366 -0.9978589232386035 0
    outer loop
      vertex 69 -7.800000000000001 7.715
      vertex 69.46989429199219 -7.769201500945718 7.715
      vertex 69 -7.800000000000001 8.315
    endloop
  endfacet
  facet normal 0.19509032201612744 -0.9807852804032304 0
    outer loop
      vertex 69.93174856236908 -7.677332974640646 7.715
      vertex 69.46989429199219 -7.769201500945718 8.315
      vertex 69.46989429199219 -7.769201500945718 7.715
    endloop
  endfacet
  facet normal -0.9978589232386053 -0.06540312923011798 0
    outer loop
      vertex 65.4 -4.2 7.715
      vertex 65.43079849905428 -4.669894291992186 8.315
      vertex 65.4 -4.2 8.315
    endloop
  endfacet
  facet normal -0.980785280403228 -0.19509032201614054 0
    outer loop
      vertex 65.43079849905428 -4.669894291992186 7.715
      vertex 65.52266702535935 -5.131748562369075 8.315
      vertex 65.43079849905428 -4.669894291992186 8.315
    endloop
  endfacet
  facet normal 0 0 1
    outer loop
      vertex 65.43079849905428 -3.7301057080078146 8.315
      vertex 65.4 -4.2 8.315
      vertex 65.43079849905428 -4.669894291992186 8.315
    endloop
  endfacet
  facet normal 0 0 1
    outer loop
      vertex 65.52266702535935 -3.2682514376309255 8.315
      vertex 65.43079849905428 -4.669894291992186 8.315
      vertex 65.52266702535935 -5.131748562369075 8.315
    endloop
  endfacet
  facet normal 0 0 1
    outer loop
      vertex 65.67403368295936 -2.8223396434856767 8.315
      vertex 65.52266702535935 -5.131748562369075 8.315
      vertex 65.67403368295936 -5.577660356514324 8.315
    endloop
  endfacet
  facet normal 0 0 1
    outer loop
      vertex 65.88230854637602 -2.4000000000000004 8.315
      vertex 65.67403368295936 -5.577660356514324 8.315
      vertex 65.88230854637602 -6 8.315
    endloop
  endfacet
  facet normal -0.9469301294951096 -0.3214394653031502 0
    outer loop
      vertex 65.52266702535935 -5.131748562369075 7.715
      vertex 65.67403368295936 -5.577660356514324 8.315
      vertex 65.52266702535935 -5.131748562369075 8.315
    endloop
  endfacet
  facet normal -0.8968727415326807 -0.44228869021901684 0
    outer loop
      vertex 65.67403368295936 -5.577660356514324 7.715
      vertex 65.88230854637602 -6 8.315
      vertex 65.67403368295936 -5.577660356514324 8.315
    endloop
  endfacet
  facet normal -0.8314696123025497 -0.5555702330195955 0
    outer loop
      vertex 65.88230854637602 -6 7.715
      vertex 66.14392797495155 -6.391541144431395 8.315
      vertex 65.88230854637602 -6 8.315
    endloop
  endfacet
  facet normal 0 0 1
    outer loop
      vertex 66.14392797495155 -2.008458855568606 8.315
      vertex 65.88230854637602 -6 8.315
      vertex 66.14392797495155 -6.391541144431395 8.315
    endloop
  endfacet
  facet normal 0 0 1
    outer loop
      vertex 66.45441558772843 -1.6544155877284288 8.315
      vertex 66.14392797495155 -6.391541144431395 8.315
      vertex 66.45441558772843 -6.745584412271572 8.315
    endloop
  endfacet
  facet normal 0 0 1
    outer loop
      vertex 66.71967681884024 -3.8997897578938816 8.315
      vertex 66.45441558772843 -6.745584412271572 8.315
      vertex 66.7 -4.2 8.315
    endloop
  endfacet
  facet normal 0 0 1
    outer loop
      vertex 66.7 -4.2 8.315
      vertex 66.45441558772843 -6.745584412271572 8.315
      vertex 66.71967681884024 -4.500210242106119 8.315
    endloop
  endfacet
  facet normal 0 0 1
    outer loop
      vertex 67.98376901709184 -4.066210652974448 8.315
      vertex 67.975 -4.2 8.315
      vertex 67.98376901709184 -4.333789347025553 8.315
    endloop
  endfacet
  facet normal 0 0 1
    outer loop
      vertex 67.98376901709184 -4.066210652974448 8.315
      vertex 67.98376901709184 -4.333789347025553 8.315
      vertex 68.0099260280537 -4.465289521230084 8.315
    endloop
  endfacet
  facet normal 0 0 1
    outer loop
      vertex 66.71967681884024 -4.500210242106119 8.315
      vertex 66.45441558772843 -6.745584412271572 8.315
      vertex 66.77837059953514 -4.795283803735797 8.315
    endloop
  endfacet
  facet normal 0 0 1
    outer loop
      vertex 66.77837059953514 -4.795283803735797 8.315
      vertex 66.8084588555686 -7.056072025048447 8.315
      vertex 66.87507707522404 -5.080171894439706 8.315
    endloop
  endfacet
  facet normal 0 0 1
    outer loop
      vertex 66.87507707522404 -5.080171894439706 8.315
      vertex 66.8084588555686 -7.056072025048447 8.315
      vertex 67.0081415712958 -5.35 8.315
    endloop
  endfacet
  facet normal 0 0 1
    outer loop
      vertex 67.0081415712958 -5.35 8.315
      vertex 66.8084588555686 -7.056072025048447 8.315
      vertex 67.17528731733016 -5.600151286720058 8.315
    endloop
  endfacet
  facet normal 0 0 1
    outer loop
      vertex 67.98376901709184 -4.066210652974448 8.315
      vertex 68.05302347917593 -4.592250518174217 8.315
      vertex 68.0099260280537 -3.9347104787699165 8.315
    endloop
  endfacet
  facet normal 0 0 1
    outer loop
      vertex 67.98376901709184 -4.066210652974448 8.315
      vertex 68.0099260280537 -4.465289521230084 8.315
      vertex 68.05302347917593 -4.592250518174217 8.315
    endloop
  endfacet
  facet normal 0 0 1
    outer loop
      vertex 68.05302347917593 -3.807749481825783 8.315
      vertex 68.05302347917593 -4.592250518174217 8.315
      vertex 68.11232396112095 -4.7125 8.315
    endloop
  endfacet
  facet normal 0 0 1
    outer loop
      vertex 68.11232396112095 -3.6875 8.315
      vertex 68.11232396112095 -4.7125 8.315
      vertex 68.18681282620149 -4.823980464733939 8.315
    endloop
  endfacet
  facet normal 0 0 1
    outer loop
      vertex 68.18681282620149 -3.5760195352660613 8.315
      vertex 68.18681282620149 -4.823980464733939 8.315
      vertex 68.27521554928379 -4.924784450716212 8.315
    endloop
  endfacet
  facet normal 0 0 1
    outer loop
      vertex 68.37601953526607 -3.386812826201484 8.315
      vertex 68.27521554928379 -4.924784450716212 8.315
      vertex 68.37601953526607 -5.013187173798516 8.315
    endloop
  endfacet
  facet normal 0 0 1
    outer loop
      vertex 68.4875 -3.312323961120951 8.315
      vertex 68.37601953526607 -5.013187173798516 8.315
      vertex 68.4875 -5.087676038879049 8.315
    endloop
  endfacet
  facet normal 0 0 1
    outer loop
      vertex 68.4875 -3.312323961120951 8.315
      vertex 68.4875 -5.087676038879049 8.315
      vertex 68.60774948182578 -5.146976520824069 8.315
    endloop
  endfacet
  facet normal 0 0 1
    outer loop
      vertex 68.60774948182578 -3.2530234791759316 8.315
      vertex 68.60774948182578 -5.146976520824069 8.315
      vertex 68.73471047876991 -5.190073971946295 8.315
    endloop
  endfacet
  facet normal 0 0 1
    outer loop
      vertex 68.86621065297444 -3.1837690170918447 8.315
      vertex 68.73471047876991 -5.190073971946295 8.315
      vertex 68.86621065297444 -5.216230982908156 8.315
    endloop
  endfacet
  facet normal 0 0 1
    outer loop
      vertex 69 -3.1750000000000003 8.315
      vertex 68.86621065297444 -5.216230982908156 8.315
      vertex 69 -5.225 8.315
    endloop
  endfacet
  facet normal 0 0 1
    outer loop
      vertex 69.13378934702556 -3.1837690170918447 8.315
      vertex 69 -5.225 8.315
      vertex 69.13378934702556 -5.216230982908156 8.315
    endloop
  endfacet
  facet normal 0 0 1
    outer loop
      vertex 69.26528952123009 -3.2099260280537054 8.315
      vertex 69.13378934702556 -5.216230982908156 8.315
      vertex 69.26528952123009 -5.190073971946295 8.315
    endloop
  endfacet
  facet normal 0 0 1
    outer loop
      vertex 69.39225051817422 -3.2530234791759316 8.315
      vertex 69.39225051817422 -5.146976520824069 8.315
      vertex 69.5125 -5.087676038879049 8.315
    endloop
  endfacet
  facet normal 0 0 1
    outer loop
      vertex 69.26528952123009 -3.2099260280537054 8.315
      vertex 69.26528952123009 -5.190073971946295 8.315
      vertex 69.39225051817422 -5.146976520824069 8.315
    endloop
  endfacet
  facet normal 0 0 1
    outer loop
      vertex 69.94697652082407 -3.807749481825783 8.315
      vertex 69.9900739719463 -4.465289521230084 8.315
      vertex 70.01623098290816 -4.333789347025553 8.315
    endloop
  endfacet
  facet normal 0 0 1
    outer loop
      vertex 69.81318717379851 -3.5760195352660613 8.315
      vertex 69.81318717379851 -4.823980464733939 8.315
      vertex 69.88767603887905 -4.7125 8.315
    endloop
  endfacet
  facet normal 0 0 1
    outer loop
      vertex 69.94697652082407 -3.807749481825783 8.315
      vertex 69.94697652082407 -4.592250518174217 8.315
      vertex 69.9900739719463 -4.465289521230084 8.315
    endloop
  endfacet
  facet normal 0 0 1
    outer loop
      vertex 69.88767603887905 -3.6875 8.315
      vertex 69.88767603887905 -4.7125 8.315
      vertex 69.94697652082407 -4.592250518174217 8.315
    endloop
  endfacet
  facet normal 0 0 1
    outer loop
      vertex 69.62398046473393 -3.386812826201484 8.315
      vertex 69.5125 -5.087676038879049 8.315
      vertex 69.62398046473393 -5.013187173798516 8.315
    endloop
  endfacet
  facet normal 0 0 1
    outer loop
      vertex 69.72478445071621 -3.475215549283789 8.315
      vertex 69.62398046473393 -5.013187173798516 8.315
      vertex 69.72478445071621 -4.924784450716212 8.315
    endloop
  endfacet
  facet normal 0 0 1
    outer loop
      vertex 69.72478445071621 -3.475215549283789 8.315
      vertex 69.72478445071621 -4.924784450716212 8.315
      vertex 69.81318717379851 -4.823980464733939 8.315
    endloop
  endfacet
  facet normal -0.7518398074789705 -0.6593458151000767 0
    outer loop
      vertex 66.14392797495155 -6.391541144431395 7.715
      vertex 66.45441558772843 -6.745584412271572 8.315
      vertex 66.14392797495155 -6.391541144431395 8.315
    endloop
  endfacet
  facet normal -0.6593458151000776 -0.7518398074789696 0
    outer loop
      vertex 66.8084588555686 -7.056072025048447 7.715
      vertex 66.8084588555686 -7.056072025048447 8.315
      vertex 66.45441558772843 -6.745584412271572 8.315
    endloop
  endfacet
  facet normal 0 0 1
    outer loop
      vertex 66.77837059953514 -4.795283803735797 8.315
      vertex 66.45441558772843 -6.745584412271572 8.315
      vertex 66.8084588555686 -7.056072025048447 8.315
    endloop
  endfacet
  facet normal 0 0 1
    outer loop
      vertex 67.17528731733016 -5.600151286720058 8.315
      vertex 67.2 -7.317691453623979 8.315
      vertex 67.37365440327095 -5.826345596729059 8.315
    endloop
  endfacet
  facet normal 0 0 1
    outer loop
      vertex 67.37365440327095 -5.826345596729059 8.315
      vertex 67.2 -7.317691453623979 8.315
      vertex 67.59984871327994 -6.024712682669841 8.315
    endloop
  endfacet
  facet normal 0 0 1
    outer loop
      vertex 67.17528731733016 -5.600151286720058 8.315
      vertex 66.8084588555686 -7.056072025048447 8.315
      vertex 67.2 -7.317691453623979 8.315
    endloop
  endfacet
  facet normal 0 0 1
    outer loop
      vertex 67.59984871327994 -6.024712682669841 8.315
      vertex 67.62233964348567 -7.525966317040632 8.315
      vertex 67.85 -6.191858428704209 8.315
    endloop
  endfacet
  facet normal 0 0 1
    outer loop
      vertex 67.59984871327994 -6.024712682669841 8.315
      vertex 67.2 -7.317691453623979 8.315
      vertex 67.62233964348567 -7.525966317040632 8.315
    endloop
  endfacet
  facet normal 0 0 1
    outer loop
      vertex 67.85 -6.191858428704209 8.315
      vertex 67.62233964348567 -7.525966317040632 8.315
      vertex 68.06825143763092 -7.677332974640646 8.315
    endloop
  endfacet
  facet normal -0.5555702330195954 -0.8314696123025496 0
    outer loop
      vertex 67.2 -7.317691453623979 7.715
      vertex 67.2 -7.317691453623979 8.315
      vertex 66.8084588555686 -7.056072025048447 8.315
    endloop
  endfacet
  facet normal -0.4422886902190061 -0.8968727415326859 0
    outer loop
      vertex 67.62233964348567 -7.525966317040632 7.715
      vertex 67.62233964348567 -7.525966317040632 8.315
      vertex 67.2 -7.317691453623979 8.315
    endloop
  endfacet
  facet normal -0.3214394653031637 -0.9469301294951048 0
    outer loop
      vertex 68.06825143763092 -7.677332974640646 7.715
      vertex 68.06825143763092 -7.677332974640646 8.315
      vertex 67.62233964348567 -7.525966317040632 8.315
    endloop
  endfacet
  facet normal 0 0 1
    outer loop
      vertex 67.85 -6.191858428704209 8.315
      vertex 68.06825143763092 -7.677332974640646 8.315
      vertex 68.11982810556029 -6.32492292477596 8.315
    endloop
  endfacet
  facet normal 0 0 1
    outer loop
      vertex 68.11982810556029 -6.32492292477596 8.315
      vertex 68.06825143763092 -7.677332974640646 8.315
      vertex 68.4047161962642 -6.421629400464857 8.315
    endloop
  endfacet
  facet normal 0 0 1
    outer loop
      vertex 68.4047161962642 -6.421629400464857 8.315
      vertex 68.53010570800781 -7.769201500945718 8.315
      vertex 68.69978975789388 -6.480323181159764 8.315
    endloop
  endfacet
  facet normal 0 0 1
    outer loop
      vertex 68.69978975789388 -6.480323181159764 8.315
      vertex 68.53010570800781 -7.769201500945718 8.315
      vertex 69 -6.5 8.315
    endloop
  endfacet
  facet normal 0 0 1
    outer loop
      vertex 69 -6.5 8.315
      vertex 69.46989429199219 -7.769201500945718 8.315
      vertex 69.30021024210612 -6.480323181159764 8.315
    endloop
  endfacet
  facet normal 0 0 1
    outer loop
      vertex 69.30021024210612 -6.480323181159764 8.315
      vertex 69.93174856236908 -7.677332974640646 8.315
      vertex 69.5952838037358 -6.421629400464857 8.315
    endloop
  endfacet
  facet normal 0 0 1
    outer loop
      vertex 69.5952838037358 -6.421629400464857 8.315
      vertex 69.93174856236908 -7.677332974640646 8.315
      vertex 69.88017189443971 -6.32492292477596 8.315
    endloop
  endfacet
  facet normal -0.19509032201612744 -0.9807852804032304 0
    outer loop
      vertex 68.53010570800781 -7.769201500945718 7.715
      vertex 68.53010570800781 -7.769201500945718 8.315
      vertex 68.06825143763092 -7.677332974640646 8.315
    endloop
  endfacet
  facet normal -0.06540312923014366 -0.9978589232386035 0
    outer loop
      vertex 69 -7.800000000000001 7.715
      vertex 69 -7.800000000000001 8.315
      vertex 68.53010570800781 -7.769201500945718 8.315
    endloop
  endfacet
  facet normal 0.19509032201612744 -0.9807852804032304 0
    outer loop
      vertex 69.93174856236908 -7.677332974640646 7.715
      vertex 69.93174856236908 -7.677332974640646 8.315
      vertex 69.46989429199219 -7.769201500945718 8.315
    endloop
  endfacet
  facet normal 0.06540312923014366 -0.9978589232386035 0
    outer loop
      vertex 69.46989429199219 -7.769201500945718 7.715
      vertex 69.46989429199219 -7.769201500945718 8.315
      vertex 69 -7.800000000000001 8.315
    endloop
  endfacet
  facet normal 0 0 1
    outer loop
      vertex 68.4047161962642 -6.421629400464857 8.315
      vertex 68.06825143763092 -7.677332974640646 8.315
      vertex 68.53010570800781 -7.769201500945718 8.315
    endloop
  endfacet
  facet normal 0 0 1
    outer loop
      vertex 69 -6.5 8.315
      vertex 68.53010570800781 -7.769201500945718 8.315
      vertex 69 -7.800000000000001 8.315
    endloop
  endfacet
  facet normal 0 0 1
    outer loop
      vertex 69 -6.5 8.315
      vertex 69 -7.800000000000001 8.315
      vertex 69.46989429199219 -7.769201500945718 8.315
    endloop
  endfacet
  facet normal 0 0 1
    outer loop
      vertex 69.30021024210612 -6.480323181159764 8.315
      vertex 69.46989429199219 -7.769201500945718 8.315
      vertex 69.93174856236908 -7.677332974640646 8.315
    endloop
  endfacet
  facet normal 0 0 -1
    outer loop
      vertex 69.5952838037358 -1.9783705995351433 7.715
      vertex 71.25547903491605 -1.4 7.715
      vertex 69.88017189443971 -2.075077075224041 7.715
    endloop
  endfacet
  facet normal 0 0 -1
    outer loop
      vertex 69.88017189443971 -2.075077075224041 7.715
      vertex 71.25547903491605 -1.4 7.715
      vertex 70.15 -2.2081415712957915 7.715
    endloop
  endfacet
  facet normal 0 0 -1
    outer loop
      vertex 71.25547903491605 -1.4 7.715
      vertex 70.40015128672006 -2.3752873173301596 7.715
      vertex 70.15 -2.2081415712957915 7.715
    endloop
  endfacet
  facet normal 0.6593458151000824 0.7518398074789656 0
    outer loop
      vertex 71.25547903491605 -1.4 7.715
      vertex 71.54558441227157 -1.6544155877284288 8.315
      vertex 71.54558441227157 -1.6544155877284288 7.715
    endloop
  endfacet
  facet normal 0.751839807478971 0.6593458151000762 0
    outer loop
      vertex 71.54558441227157 -1.6544155877284288 7.715
      vertex 71.54558441227157 -1.6544155877284288 8.315
      vertex 71.85607202504845 -2.008458855568606 7.715
    endloop
  endfacet
  facet normal 0 0 -1
    outer loop
      vertex 71.25547903491605 -1.4 7.715
      vertex 70.62634559672905 -2.573654403270941 7.715
      vertex 70.40015128672006 -2.3752873173301596 7.715
    endloop
  endfacet
  facet normal 0 0 -1
    outer loop
      vertex 71.25547903491605 -1.4 7.715
      vertex 70.82471268266984 -2.7998487132799426 7.715
      vertex 70.62634559672905 -2.573654403270941 7.715
    endloop
  endfacet
  facet normal 0 0 -1
    outer loop
      vertex 71.25547903491605 -1.4 7.715
      vertex 70.9918584287042 -3.0500000000000003 7.715
      vertex 70.82471268266984 -2.7998487132799426 7.715
    endloop
  endfacet
  facet normal 0 0 -1
    outer loop
      vertex 71.25547903491605 -1.4 7.715
      vertex 71.12492292477596 -3.3198281055602936 7.715
      vertex 70.9918584287042 -3.0500000000000003 7.715
    endloop
  endfacet
  facet normal 0 0 -1
    outer loop
      vertex 71.25547903491605 -1.4 7.715
      vertex 71.22162940046486 -3.6047161962642025 7.715
      vertex 71.12492292477596 -3.3198281055602936 7.715
    endloop
  endfacet
  facet normal 0 0 -1
    outer loop
      vertex 71.25547903491605 -1.4 7.715
      vertex 71.28032318115976 -3.8997897578938816 7.715
      vertex 71.22162940046486 -3.6047161962642025 7.715
    endloop
  endfacet
  facet normal 0.8314696123025495 0.555570233019596 0
    outer loop
      vertex 71.85607202504845 -2.008458855568606 7.715
      vertex 71.85607202504845 -2.008458855568606 8.315
      vertex 72.11769145362398 -2.4000000000000004 7.715
    endloop
  endfacet
  facet normal 0 0 -1
    outer loop
      vertex 71.25547903491605 -1.4 7.715
      vertex 71.3 -4.2 7.715
      vertex 71.28032318115976 -3.8997897578938816 7.715
    endloop
  endfacet
  facet normal 0 0 -1
    outer loop
      vertex 71.25547903491605 -1.4 7.715
      vertex 71.54558441227157 -1.6544155877284288 7.715
      vertex 71.54558441227157 -6.745584412271572 7.715
    endloop
  endfacet
  facet normal 0 0 -1
    outer loop
      vertex 71.54558441227157 -1.6544155877284288 7.715
      vertex 71.85607202504845 -2.008458855568606 7.715
      vertex 71.85607202504845 -6.391541144431395 7.715
    endloop
  endfacet
  facet normal 0 0 -1
    outer loop
      vertex 71.25547903491605 -1.4 7.715
      vertex 71.54558441227157 -6.745584412271572 7.715
      vertex 71.3 -4.2 7.715
    endloop
  endfacet
  facet normal 0.8968727415326807 0.44228869021901684 0
    outer loop
      vertex 72.11769145362398 -2.4000000000000004 7.715
      vertex 72.11769145362398 -2.4000000000000004 8.315
      vertex 72.32596631704064 -2.8223396434856767 7.715
    endloop
  endfacet
  facet normal 0.9469301294951096 0.3214394653031502 0
    outer loop
      vertex 72.32596631704064 -2.8223396434856767 7.715
      vertex 72.32596631704064 -2.8223396434856767 8.315
      vertex 72.47733297464065 -3.2682514376309255 7.715
    endloop
  endfacet
  facet normal 0 0 -1
    outer loop
      vertex 71.85607202504845 -2.008458855568606 7.715
      vertex 72.11769145362398 -2.4000000000000004 7.715
      vertex 72.11769145362398 -6 7.715
    endloop
  endfacet
  facet normal 0 0 -1
    outer loop
      vertex 72.11769145362398 -2.4000000000000004 7.715
      vertex 72.32596631704064 -2.8223396434856767 7.715
      vertex 72.32596631704064 -5.577660356514324 7.715
    endloop
  endfacet
  facet normal 0 0 -1
    outer loop
      vertex 72.32596631704064 -2.8223396434856767 7.715
      vertex 72.47733297464065 -3.2682514376309255 7.715
      vertex 72.47733297464065 -5.131748562369075 7.715
    endloop
  endfacet
  facet normal 0 0 -1
    outer loop
      vertex 72.47733297464065 -3.2682514376309255 7.715
      vertex 72.56920150094572 -3.7301057080078146 7.715
      vertex 72.56920150094572 -4.669894291992186 7.715
    endloop
  endfacet
  facet normal 0.980785280403228 0.19509032201614035 0
    outer loop
      vertex 72.47733297464065 -3.2682514376309255 7.715
      vertex 72.47733297464065 -3.2682514376309255 8.315
      vertex 72.56920150094572 -3.7301057080078146 7.715
    endloop
  endfacet
  facet normal 0.9978589232386053 0.06540312923011805 0
    outer loop
      vertex 72.56920150094572 -3.7301057080078146 7.715
      vertex 72.56920150094572 -3.7301057080078146 8.315
      vertex 72.6 -4.2 7.715
    endloop
  endfacet
  facet normal 0.6593458151000824 0.7518398074789656 0
    outer loop
      vertex 71.25547903491605 -1.4 7.715
      vertex 71.25547903491605 -1.4 8.315
      vertex 71.54558441227157 -1.6544155877284288 8.315
    endloop
  endfacet
  facet normal 0.751839807478971 0.6593458151000762 0
    outer loop
      vertex 71.85607202504845 -2.008458855568606 7.715
      vertex 71.54558441227157 -1.6544155877284288 8.315
      vertex 71.85607202504845 -2.008458855568606 8.315
    endloop
  endfacet
  facet normal 0 0 1
    outer loop
      vertex 69.90591721194829 -1.4 8.315
      vertex 69.88017189443971 -2.075077075224041 8.315
      vertex 71.25547903491605 -1.4 8.315
    endloop
  endfacet
  facet normal 0 0 1
    outer loop
      vertex 69.88017189443971 -2.075077075224041 8.315
      vertex 70.15 -2.2081415712957915 8.315
      vertex 71.25547903491605 -1.4 8.315
    endloop
  endfacet
  facet normal 0 0 1
    outer loop
      vertex 71.25547903491605 -1.4 8.315
      vertex 70.15 -2.2081415712957915 8.315
      vertex 70.40015128672006 -2.3752873173301596 8.315
    endloop
  endfacet
  facet normal 0 0 1
    outer loop
      vertex 71.25547903491605 -1.4 8.315
      vertex 70.40015128672006 -2.3752873173301596 8.315
      vertex 70.62634559672905 -2.573654403270941 8.315
    endloop
  endfacet
  facet normal 0 0 1
    outer loop
      vertex 71.25547903491605 -1.4 8.315
      vertex 70.62634559672905 -2.573654403270941 8.315
      vertex 70.82471268266984 -2.7998487132799426 8.315
    endloop
  endfacet
  facet normal 0 0 1
    outer loop
      vertex 71.25547903491605 -1.4 8.315
      vertex 71.22162940046486 -3.6047161962642025 8.315
      vertex 71.54558441227157 -1.6544155877284288 8.315
    endloop
  endfacet
  facet normal 0 0 1
    outer loop
      vertex 71.25547903491605 -1.4 8.315
      vertex 70.82471268266984 -2.7998487132799426 8.315
      vertex 70.9918584287042 -3.0500000000000003 8.315
    endloop
  endfacet
  facet normal 0 0 1
    outer loop
      vertex 71.25547903491605 -1.4 8.315
      vertex 70.9918584287042 -3.0500000000000003 8.315
      vertex 71.12492292477596 -3.3198281055602936 8.315
    endloop
  endfacet
  facet normal 0 0 1
    outer loop
      vertex 71.25547903491605 -1.4 8.315
      vertex 71.12492292477596 -3.3198281055602936 8.315
      vertex 71.22162940046486 -3.6047161962642025 8.315
    endloop
  endfacet
  facet normal 0 0 1
    outer loop
      vertex 71.54558441227157 -1.6544155877284288 8.315
      vertex 71.22162940046486 -3.6047161962642025 8.315
      vertex 71.28032318115976 -3.8997897578938816 8.315
    endloop
  endfacet
  facet normal 0 0 1
    outer loop
      vertex 69.9900739719463 -3.9347104787699165 8.315
      vertex 70.01623098290816 -4.333789347025553 8.315
      vertex 70.01623098290816 -4.066210652974448 8.315
    endloop
  endfacet
  facet normal 0 0 1
    outer loop
      vertex 71.54558441227157 -1.6544155877284288 8.315
      vertex 71.28032318115976 -3.8997897578938816 8.315
      vertex 71.3 -4.2 8.315
    endloop
  endfacet
  facet normal 0 0 1
    outer loop
      vertex 71.54558441227157 -1.6544155877284288 8.315
      vertex 71.3 -4.2 8.315
      vertex 71.28032318115976 -4.500210242106119 8.315
    endloop
  endfacet
  facet normal 0 0 1
    outer loop
      vertex 71.54558441227157 -1.6544155877284288 8.315
      vertex 71.54558441227157 -6.745584412271572 8.315
      vertex 71.85607202504845 -2.008458855568606 8.315
    endloop
  endfacet
  facet normal 0 0 1
    outer loop
      vertex 71.85607202504845 -2.008458855568606 8.315
      vertex 71.85607202504845 -6.391541144431395 8.315
      vertex 72.11769145362398 -2.4000000000000004 8.315
    endloop
  endfacet
  facet normal 0.8314696123025495 0.555570233019596 0
    outer loop
      vertex 72.11769145362398 -2.4000000000000004 7.715
      vertex 71.85607202504845 -2.008458855568606 8.315
      vertex 72.11769145362398 -2.4000000000000004 8.315
    endloop
  endfacet
  facet normal 0.8968727415326807 0.44228869021901684 0
    outer loop
      vertex 72.32596631704064 -2.8223396434856767 7.715
      vertex 72.11769145362398 -2.4000000000000004 8.315
      vertex 72.32596631704064 -2.8223396434856767 8.315
    endloop
  endfacet
  facet normal 0.9469301294951096 0.3214394653031502 0
    outer loop
      vertex 72.47733297464065 -3.2682514376309255 7.715
      vertex 72.32596631704064 -2.8223396434856767 8.315
      vertex 72.47733297464065 -3.2682514376309255 8.315
    endloop
  endfacet
  facet normal 0.980785280403228 0.19509032201614035 0
    outer loop
      vertex 72.56920150094572 -3.7301057080078146 7.715
      vertex 72.47733297464065 -3.2682514376309255 8.315
      vertex 72.56920150094572 -3.7301057080078146 8.315
    endloop
  endfacet
  facet normal 0.9978589232386053 0.06540312923011805 0
    outer loop
      vertex 72.56920150094572 -3.7301057080078146 8.315
      vertex 72.6 -4.2 8.315
      vertex 72.6 -4.2 7.715
    endloop
  endfacet
  facet normal 0 0 1
    outer loop
      vertex 72.11769145362398 -2.4000000000000004 8.315
      vertex 72.11769145362398 -6 8.315
      vertex 72.32596631704064 -2.8223396434856767 8.315
    endloop
  endfacet
  facet normal 0 0 1
    outer loop
      vertex 72.32596631704064 -2.8223396434856767 8.315
      vertex 72.32596631704064 -5.577660356514324 8.315
      vertex 72.47733297464065 -3.2682514376309255 8.315
    endloop
  endfacet
  facet normal 0 0 1
    outer loop
      vertex 72.47733297464065 -3.2682514376309255 8.315
      vertex 72.47733297464065 -5.131748562369075 8.315
      vertex 72.56920150094572 -3.7301057080078146 8.315
    endloop
  endfacet
  facet normal 0 0 -1
    outer loop
      vertex 70.01623098290816 -4.066210652974448 7.715
      vertex 70.025 -4.2 7.715
      vertex 70.01623098290816 -4.333789347025553 7.715
    endloop
  endfacet
  facet normal 0 0 -1
    outer loop
      vertex 69.9900739719463 -4.465289521230084 7.715
      vertex 70.01623098290816 -4.066210652974448 7.715
      vertex 70.01623098290816 -4.333789347025553 7.715
    endloop
  endfacet
  facet normal 0 0 -1
    outer loop
      vertex 71.3 -4.2 7.715
      vertex 71.54558441227157 -6.745584412271572 7.715
      vertex 71.28032318115976 -4.500210242106119 7.715
    endloop
  endfacet
  facet normal 0 0 -1
    outer loop
      vertex 71.85607202504845 -2.008458855568606 7.715
      vertex 72.11769145362398 -6 7.715
      vertex 71.85607202504845 -6.391541144431395 7.715
    endloop
  endfacet
  facet normal 0 0 -1
    outer loop
      vertex 71.54558441227157 -1.6544155877284288 7.715
      vertex 71.85607202504845 -6.391541144431395 7.715
      vertex 71.54558441227157 -6.745584412271572 7.715
    endloop
  endfacet
  facet normal 0 0 -1
    outer loop
      vertex 71.28032318115976 -4.500210242106119 7.715
      vertex 71.54558441227157 -6.745584412271572 7.715
      vertex 71.22162940046486 -4.795283803735797 7.715
    endloop
  endfacet
  facet normal 0 0 -1
    outer loop
      vertex 71.22162940046486 -4.795283803735797 7.715
      vertex 71.1915411444314 -7.056072025048447 7.715
      vertex 71.12492292477596 -5.080171894439706 7.715
    endloop
  endfacet
  facet normal 0 0 -1
    outer loop
      vertex 71.12492292477596 -5.080171894439706 7.715
      vertex 71.1915411444314 -7.056072025048447 7.715
      vertex 70.9918584287042 -5.35 7.715
    endloop
  endfacet
  facet normal 0 0 -1
    outer loop
      vertex 70.9918584287042 -5.35 7.715
      vertex 71.1915411444314 -7.056072025048447 7.715
      vertex 70.82471268266984 -5.600151286720058 7.715
    endloop
  endfacet
  facet normal 0 0 -1
    outer loop
      vertex 72.32596631704064 -2.8223396434856767 7.715
      vertex 72.47733297464065 -5.131748562369075 7.715
      vertex 72.32596631704064 -5.577660356514324 7.715
    endloop
  endfacet
  facet normal 0 0 -1
    outer loop
      vertex 72.56920150094572 -3.7301057080078146 7.715
      vertex 72.6 -4.2 7.715
      vertex 72.56920150094572 -4.669894291992186 7.715
    endloop
  endfacet
  facet normal 0 0 -1
    outer loop
      vertex 72.47733297464065 -3.2682514376309255 7.715
      vertex 72.56920150094572 -4.669894291992186 7.715
      vertex 72.47733297464065 -5.131748562369075 7.715
    endloop
  endfacet
  facet normal 0 0 -1
    outer loop
      vertex 72.11769145362398 -2.4000000000000004 7.715
      vertex 72.32596631704064 -5.577660356514324 7.715
      vertex 72.11769145362398 -6 7.715
    endloop
  endfacet
  facet normal 0.9978589232386053 -0.06540312923011798 0
    outer loop
      vertex 72.6 -4.2 7.715
      vertex 72.6 -4.2 8.315
      vertex 72.56920150094572 -4.669894291992186 7.715
    endloop
  endfacet
  facet normal 0.980785280403228 -0.19509032201614054 0
    outer loop
      vertex 72.47733297464065 -5.131748562369075 7.715
      vertex 72.56920150094572 -4.669894291992186 7.715
      vertex 72.56920150094572 -4.669894291992186 8.315
    endloop
  endfacet
  facet normal 0.9469301294951096 -0.3214394653031502 0
    outer loop
      vertex 72.47733297464065 -5.131748562369075 7.715
      vertex 72.47733297464065 -5.131748562369075 8.315
      vertex 72.32596631704064 -5.577660356514324 7.715
    endloop
  endfacet
  facet normal 0.8968727415326807 -0.44228869021901684 0
    outer loop
      vertex 72.32596631704064 -5.577660356514324 7.715
      vertex 72.32596631704064 -5.577660356514324 8.315
      vertex 72.11769145362398 -6 7.715
    endloop
  endfacet
  facet normal 0.8314696123025497 -0.5555702330195955 0
    outer loop
      vertex 72.11769145362398 -6 7.715
      vertex 72.11769145362398 -6 8.315
      vertex 71.85607202504845 -6.391541144431395 7.715
    endloop
  endfacet
  facet normal 0 0 -1
    outer loop
      vertex 70.40015128672006 -6.024712682669841 7.715
      vertex 70.37766035651433 -7.525966317040632 7.715
      vertex 70.15 -6.191858428704209 7.715
    endloop
  endfacet
  facet normal 0 0 -1
    outer loop
      vertex 70.40015128672006 -6.024712682669841 7.715
      vertex 70.62634559672905 -5.826345596729059 7.715
      vertex 70.8 -7.317691453623979 7.715
    endloop
  endfacet
  facet normal 0 0 -1
    outer loop
      vertex 70.82471268266984 -5.600151286720058 7.715
      vertex 70.8 -7.317691453623979 7.715
      vertex 70.62634559672905 -5.826345596729059 7.715
    endloop
  endfacet
  facet normal 0 0 -1
    outer loop
      vertex 70.82471268266984 -5.600151286720058 7.715
      vertex 71.1915411444314 -7.056072025048447 7.715
      vertex 70.8 -7.317691453623979 7.715
    endloop
  endfacet
  facet normal 0 0 -1
    outer loop
      vertex 69.93174856236908 -7.677332974640646 7.715
      vertex 70.15 -6.191858428704209 7.715
      vertex 70.37766035651433 -7.525966317040632 7.715
    endloop
  endfacet
  facet normal 0 0 -1
    outer loop
      vertex 70.40015128672006 -6.024712682669841 7.715
      vertex 70.8 -7.317691453623979 7.715
      vertex 70.37766035651433 -7.525966317040632 7.715
    endloop
  endfacet
  facet normal 0 0 -1
    outer loop
      vertex 71.22162940046486 -4.795283803735797 7.715
      vertex 71.54558441227157 -6.745584412271572 7.715
      vertex 71.1915411444314 -7.056072025048447 7.715
    endloop
  endfacet
  facet normal 0.7518398074789705 -0.6593458151000767 0
    outer loop
      vertex 71.85607202504845 -6.391541144431395 7.715
      vertex 71.85607202504845 -6.391541144431395 8.315
      vertex 71.54558441227157 -6.745584412271572 7.715
    endloop
  endfacet
  facet normal 0.6593458151000776 -0.7518398074789696 0
    outer loop
      vertex 71.1915411444314 -7.056072025048447 7.715
      vertex 71.54558441227157 -6.745584412271572 7.715
      vertex 71.1915411444314 -7.056072025048447 8.315
    endloop
  endfacet
  facet normal 0.3214394653031637 -0.9469301294951048 0
    outer loop
      vertex 69.93174856236908 -7.677332974640646 7.715
      vertex 70.37766035651433 -7.525966317040632 7.715
      vertex 69.93174856236908 -7.677332974640646 8.315
    endloop
  endfacet
  facet normal 0.4422886902190061 -0.8968727415326859 0
    outer loop
      vertex 70.37766035651433 -7.525966317040632 7.715
      vertex 70.8 -7.317691453623979 7.715
      vertex 70.37766035651433 -7.525966317040632 8.315
    endloop
  endfacet
  facet normal 0.5555702330195954 -0.8314696123025496 0
    outer loop
      vertex 71.1915411444314 -7.056072025048447 7.715
      vertex 70.8 -7.317691453623979 8.315
      vertex 70.8 -7.317691453623979 7.715
    endloop
  endfacet
  facet normal 0 0 1
    outer loop
      vertex 70.01623098290816 -4.066210652974448 8.315
      vertex 70.01623098290816 -4.333789347025553 8.315
      vertex 70.025 -4.2 8.315
    endloop
  endfacet
  facet normal 0 0 1
    outer loop
      vertex 71.54558441227157 -1.6544155877284288 8.315
      vertex 71.28032318115976 -4.500210242106119 8.315
      vertex 71.1915411444314 -7.056072025048447 8.315
    endloop
  endfacet
  facet normal 0 0 1
    outer loop
      vertex 71.54558441227157 -1.6544155877284288 8.315
      vertex 71.1915411444314 -7.056072025048447 8.315
      vertex 71.54558441227157 -6.745584412271572 8.315
    endloop
  endfacet
  facet normal 0 0 1
    outer loop
      vertex 71.85607202504845 -2.008458855568606 8.315
      vertex 71.54558441227157 -6.745584412271572 8.315
      vertex 71.85607202504845 -6.391541144431395 8.315
    endloop
  endfacet
  facet normal 0 0 1
    outer loop
      vertex 71.28032318115976 -4.500210242106119 8.315
      vertex 71.22162940046486 -4.795283803735797 8.315
      vertex 71.1915411444314 -7.056072025048447 8.315
    endloop
  endfacet
  facet normal 0 0 1
    outer loop
      vertex 71.22162940046486 -4.795283803735797 8.315
      vertex 71.12492292477596 -5.080171894439706 8.315
      vertex 71.1915411444314 -7.056072025048447 8.315
    endloop
  endfacet
  facet normal 0 0 1
    outer loop
      vertex 71.12492292477596 -5.080171894439706 8.315
      vertex 70.9918584287042 -5.35 8.315
      vertex 71.1915411444314 -7.056072025048447 8.315
    endloop
  endfacet
  facet normal 0 0 1
    outer loop
      vertex 70.9918584287042 -5.35 8.315
      vertex 70.82471268266984 -5.600151286720058 8.315
      vertex 71.1915411444314 -7.056072025048447 8.315
    endloop
  endfacet
  facet normal 0.9978589232386053 -0.06540312923011798 0
    outer loop
      vertex 72.56920150094572 -4.669894291992186 7.715
      vertex 72.6 -4.2 8.315
      vertex 72.56920150094572 -4.669894291992186 8.315
    endloop
  endfacet
  facet normal 0.980785280403228 -0.19509032201614054 0
    outer loop
      vertex 72.47733297464065 -5.131748562369075 7.715
      vertex 72.56920150094572 -4.669894291992186 8.315
      vertex 72.47733297464065 -5.131748562369075 8.315
    endloop
  endfacet
  facet normal 0 0 1
    outer loop
      vertex 72.56920150094572 -3.7301057080078146 8.315
      vertex 72.56920150094572 -4.669894291992186 8.315
      vertex 72.6 -4.2 8.315
    endloop
  endfacet
  facet normal 0 0 1
    outer loop
      vertex 72.56920150094572 -3.7301057080078146 8.315
      vertex 72.47733297464065 -5.131748562369075 8.315
      vertex 72.56920150094572 -4.669894291992186 8.315
    endloop
  endfacet
  facet normal 0 0 1
    outer loop
      vertex 72.47733297464065 -3.2682514376309255 8.315
      vertex 72.32596631704064 -5.577660356514324 8.315
      vertex 72.47733297464065 -5.131748562369075 8.315
    endloop
  endfacet
  facet normal 0 0 1
    outer loop
      vertex 72.32596631704064 -2.8223396434856767 8.315
      vertex 72.11769145362398 -6 8.315
      vertex 72.32596631704064 -5.577660356514324 8.315
    endloop
  endfacet
  facet normal 0 0 1
    outer loop
      vertex 72.11769145362398 -2.4000000000000004 8.315
      vertex 71.85607202504845 -6.391541144431395 8.315
      vertex 72.11769145362398 -6 8.315
    endloop
  endfacet
  facet normal 0.9469301294951096 -0.3214394653031502 0
    outer loop
      vertex 72.32596631704064 -5.577660356514324 7.715
      vertex 72.47733297464065 -5.131748562369075 8.315
      vertex 72.32596631704064 -5.577660356514324 8.315
    endloop
  endfacet
  facet normal 0.8968727415326807 -0.44228869021901684 0
    outer loop
      vertex 72.11769145362398 -6 7.715
      vertex 72.32596631704064 -5.577660356514324 8.315
      vertex 72.11769145362398 -6 8.315
    endloop
  endfacet
  facet normal 0.8314696123025497 -0.5555702330195955 0
    outer loop
      vertex 71.85607202504845 -6.391541144431395 7.715
      vertex 72.11769145362398 -6 8.315
      vertex 71.85607202504845 -6.391541144431395 8.315
    endloop
  endfacet
  facet normal 0.7518398074789705 -0.6593458151000767 0
    outer loop
      vertex 71.54558441227157 -6.745584412271572 7.715
      vertex 71.85607202504845 -6.391541144431395 8.315
      vertex 71.54558441227157 -6.745584412271572 8.315
    endloop
  endfacet
  facet normal 0.6593458151000776 -0.7518398074789696 0
    outer loop
      vertex 71.54558441227157 -6.745584412271572 7.715
      vertex 71.54558441227157 -6.745584412271572 8.315
      vertex 71.1915411444314 -7.056072025048447 8.315
    endloop
  endfacet
  facet normal 0.5555702330195954 -0.8314696123025496 0
    outer loop
      vertex 71.1915411444314 -7.056072025048447 7.715
      vertex 71.1915411444314 -7.056072025048447 8.315
      vertex 70.8 -7.317691453623979 8.315
    endloop
  endfacet
  facet normal 0 0 1
    outer loop
      vertex 69.88017189443971 -6.32492292477596 8.315
      vertex 70.37766035651433 -7.525966317040632 8.315
      vertex 70.15 -6.191858428704209 8.315
    endloop
  endfacet
  facet normal 0 0 1
    outer loop
      vertex 70.40015128672006 -6.024712682669841 8.315
      vertex 70.15 -6.191858428704209 8.315
      vertex 70.37766035651433 -7.525966317040632 8.315
    endloop
  endfacet
  facet normal 0 0 1
    outer loop
      vertex 70.40015128672006 -6.024712682669841 8.315
      vertex 70.8 -7.317691453623979 8.315
      vertex 70.62634559672905 -5.826345596729059 8.315
    endloop
  endfacet
  facet normal 0 0 1
    outer loop
      vertex 70.82471268266984 -5.600151286720058 8.315
      vertex 70.62634559672905 -5.826345596729059 8.315
      vertex 70.8 -7.317691453623979 8.315
    endloop
  endfacet
  facet normal 0 0 1
    outer loop
      vertex 70.82471268266984 -5.600151286720058 8.315
      vertex 70.8 -7.317691453623979 8.315
      vertex 71.1915411444314 -7.056072025048447 8.315
    endloop
  endfacet
  facet normal 0 0 1
    outer loop
      vertex 69.88017189443971 -6.32492292477596 8.315
      vertex 69.93174856236908 -7.677332974640646 8.315
      vertex 70.37766035651433 -7.525966317040632 8.315
    endloop
  endfacet
  facet normal 0 0 1
    outer loop
      vertex 70.40015128672006 -6.024712682669841 8.315
      vertex 70.37766035651433 -7.525966317040632 8.315
      vertex 70.8 -7.317691453623979 8.315
    endloop
  endfacet
  facet normal 0.3214394653031637 -0.9469301294951048 0
    outer loop
      vertex 69.93174856236908 -7.677332974640646 8.315
      vertex 70.37766035651433 -7.525966317040632 7.715
      vertex 70.37766035651433 -7.525966317040632 8.315
    endloop
  endfacet
  facet normal 0.4422886902190061 -0.8968727415326859 0
    outer loop
      vertex 70.8 -7.317691453623979 7.715
      vertex 70.8 -7.317691453623979 8.315
      vertex 70.37766035651433 -7.525966317040632 8.315
    endloop
  endfacet
  facet normal -0.6593458151000824 0.7518398074789656 0
    outer loop
      vertex 97.74452096508395 -1.4 7.715
      vertex 97.45441558772843 -1.6544155877284288 7.715
      vertex 97.74452096508395 -1.4 8.315
    endloop
  endfacet
  facet normal -0.751839807478971 0.6593458151000762 0
    outer loop
      vertex 97.45441558772843 -1.6544155877284288 7.715
      vertex 97.14392797495155 -2.008458855568606 7.715
      vertex 97.14392797495155 -2.008458855568606 8.315
    endloop
  endfacet
  facet normal 0 0 -1
    outer loop
      vertex 97.74452096508395 -1.4 7.715
      vertex 97.77837059953514 -3.6047161962642025 7.715
      vertex 97.45441558772843 -1.6544155877284288 7.715
    endloop
  endfacet
  facet normal 0 0 -1
    outer loop
      vertex 97.74452096508395 -1.4 7.715
      vertex 98.17528731733016 -2.7998487132799426 7.715
      vertex 98.0081415712958 -3.0500000000000003 7.715
    endloop
  endfacet
  facet normal 0 0 -1
    outer loop
      vertex 97.74452096508395 -1.4 7.715
      vertex 98.0081415712958 -3.0500000000000003 7.715
      vertex 97.87507707522404 -3.3198281055602936 7.715
    endloop
  endfacet
  facet normal 0 0 -1
    outer loop
      vertex 97.74452096508395 -1.4 7.715
      vertex 97.87507707522404 -3.3198281055602936 7.715
      vertex 97.77837059953514 -3.6047161962642025 7.715
    endloop
  endfacet
  facet normal 0 0 -1
    outer loop
      vertex 97.45441558772843 -1.6544155877284288 7.715
      vertex 97.77837059953514 -3.6047161962642025 7.715
      vertex 97.71967681884024 -3.8997897578938816 7.715
    endloop
  endfacet
  facet normal -0.8314696123025495 0.555570233019596 0
    outer loop
      vertex 97.14392797495155 -2.008458855568606 7.715
      vertex 96.88230854637602 -2.4000000000000004 7.715
      vertex 96.88230854637602 -2.4000000000000004 8.315
    endloop
  endfacet
  facet normal -0.8968727415326807 0.44228869021901684 0
    outer loop
      vertex 96.88230854637602 -2.4000000000000004 7.715
      vertex 96.67403368295936 -2.8223396434856767 7.715
      vertex 96.67403368295936 -2.8223396434856767 8.315
    endloop
  endfacet
  facet normal 0 0 -1
    outer loop
      vertex 96.52266702535935 -3.2682514376309255 7.715
      vertex 96.52266702535935 -5.131748562369075 7.715
      vertex 96.43079849905428 -3.7301057080078146 7.715
    endloop
  endfacet
  facet normal 0 0 -1
    outer loop
      vertex 96.88230854637602 -2.4000000000000004 7.715
      vertex 96.88230854637602 -6 7.715
      vertex 96.67403368295936 -2.8223396434856767 7.715
    endloop
  endfacet
  facet normal 0 0 -1
    outer loop
      vertex 96.67403368295936 -2.8223396434856767 7.715
      vertex 96.67403368295936 -5.577660356514324 7.715
      vertex 96.52266702535935 -3.2682514376309255 7.715
    endloop
  endfacet
  facet normal 0 0 -1
    outer loop
      vertex 97.14392797495155 -2.008458855568606 7.715
      vertex 97.14392797495155 -6.391541144431395 7.715
      vertex 96.88230854637602 -2.4000000000000004 7.715
    endloop
  endfacet
  facet normal 0 0 -1
    outer loop
      vertex 97.45441558772843 -1.6544155877284288 7.715
      vertex 97.45441558772843 -6.745584412271572 7.715
      vertex 97.14392797495155 -2.008458855568606 7.715
    endloop
  endfacet
  facet normal 0 0 -1
    outer loop
      vertex 97.45441558772843 -1.6544155877284288 7.715
      vertex 97.71967681884024 -3.8997897578938816 7.715
      vertex 97.7 -4.2 7.715
    endloop
  endfacet
  facet normal -0.980785280403228 0.19509032201614035 0
    outer loop
      vertex 96.52266702535935 -3.2682514376309255 7.715
      vertex 96.43079849905428 -3.7301057080078146 7.715
      vertex 96.43079849905428 -3.7301057080078146 8.315
    endloop
  endfacet
  facet normal -0.9469301294951096 0.3214394653031502 0
    outer loop
      vertex 96.67403368295936 -2.8223396434856767 7.715
      vertex 96.52266702535935 -3.2682514376309255 7.715
      vertex 96.52266702535935 -3.2682514376309255 8.315
    endloop
  endfacet
  facet normal -0.9978589232386053 0.06540312923011805 0
    outer loop
      vertex 96.43079849905428 -3.7301057080078146 7.715
      vertex 96.4 -4.2 7.715
      vertex 96.4 -4.2 8.315
    endloop
  endfacet
  facet normal 0 0 -1
    outer loop
      vertex 97.74452096508395 -1.4 7.715
      vertex 98.85 -2.2081415712957915 7.715
      vertex 98.59984871327994 -2.3752873173301596 7.715
    endloop
  endfacet
  facet normal 0 0 -1
    outer loop
      vertex 97.74452096508395 -1.4 7.715
      vertex 99.69978975789388 -1.9196768188402364 7.715
      vertex 99.4047161962642 -1.9783705995351433 7.715
    endloop
  endfacet
  facet normal 0 0 -1
    outer loop
      vertex 97.74452096508395 -1.4 7.715
      vertex 99.11982810556029 -2.075077075224041 7.715
      vertex 98.85 -2.2081415712957915 7.715
    endloop
  endfacet
  facet normal 0 0 -1
    outer loop
      vertex 97.74452096508395 -1.4 7.715
      vertex 99.4047161962642 -1.9783705995351433 7.715
      vertex 99.11982810556029 -2.075077075224041 7.715
    endloop
  endfacet
  facet normal 0 0 -1
    outer loop
      vertex 97.74452096508395 -1.4 7.715
      vertex 100 -1.9000000000000004 7.715
      vertex 99.69978975789388 -1.9196768188402364 7.715
    endloop
  endfacet
  facet normal 0 0 -1
    outer loop
      vertex 97.74452096508395 -1.4 7.715
      vertex 100.30021024210612 -1.9196768188402364 7.715
      vertex 100 -1.9000000000000004 7.715
    endloop
  endfacet
  facet normal 0 0 -1
    outer loop
      vertex 97.74452096508395 -1.4 7.715
      vertex 100.5952838037358 -1.9783705995351433 7.715
      vertex 100.30021024210612 -1.9196768188402364 7.715
    endloop
  endfacet
  facet normal 0 0 -1
    outer loop
      vertex 97.74452096508395 -1.4 7.715
      vertex 102.25547903491605 -1.4 7.715
      vertex 100.5952838037358 -1.9783705995351433 7.715
    endloop
  endfacet
  facet normal 0 0 -1
    outer loop
      vertex 100.5952838037358 -1.9783705995351433 7.715
      vertex 102.25547903491605 -1.4 7.715
      vertex 100.88017189443971 -2.075077075224041 7.715
    endloop
  endfacet
  facet normal 0 0 -1
    outer loop
      vertex 100.88017189443971 -2.075077075224041 7.715
      vertex 102.25547903491605 -1.4 7.715
      vertex 101.15 -2.2081415712957915 7.715
    endloop
  endfacet
  facet normal 0 0 -1
    outer loop
      vertex 101.15 -2.2081415712957915 7.715
      vertex 102.25547903491605 -1.4 7.715
      vertex 101.40015128672006 -2.3752873173301596 7.715
    endloop
  endfacet
  facet normal 0 0 -1
    outer loop
      vertex 97.74452096508395 -1.4 7.715
      vertex 98.59984871327994 -2.3752873173301596 7.715
      vertex 98.37365440327095 -2.573654403270941 7.715
    endloop
  endfacet
  facet normal 0 0 -1
    outer loop
      vertex 97.74452096508395 -1.4 7.715
      vertex 98.37365440327095 -2.573654403270941 7.715
      vertex 98.17528731733016 -2.7998487132799426 7.715
    endloop
  endfacet
  facet normal 0 0 -1
    outer loop
      vertex 98.98376901709184 -4.066210652974448 7.715
      vertex 99.0099260280537 -3.9347104787699165 7.715
      vertex 98.98376901709184 -4.333789347025553 7.715
    endloop
  endfacet
  facet normal 0 0 -1
    outer loop
      vertex 99.18681282620149 -3.5760195352660613 7.715
      vertex 99.11232396112095 -4.7125 7.715
      vertex 99.11232396112095 -3.6875 7.715
    endloop
  endfacet
  facet normal 0 0 -1
    outer loop
      vertex 99.18681282620149 -3.5760195352660613 7.715
      vertex 99.27521554928379 -3.475215549283789 7.715
      vertex 99.18681282620149 -4.823980464733939 7.715
    endloop
  endfacet
  facet normal 0 0 -1
    outer loop
      vertex 99.11232396112095 -3.6875 7.715
      vertex 99.05302347917593 -4.592250518174217 7.715
      vertex 99.05302347917593 -3.807749481825783 7.715
    endloop
  endfacet
  facet normal 0 0 -1
    outer loop
      vertex 99.05302347917593 -3.807749481825783 7.715
      vertex 99.0099260280537 -4.465289521230084 7.715
      vertex 99.0099260280537 -3.9347104787699165 7.715
    endloop
  endfacet
  facet normal 0 0 -1
    outer loop
      vertex 99.27521554928379 -3.475215549283789 7.715
      vertex 99.37601953526607 -3.386812826201484 7.715
      vertex 99.37601953526607 -5.013187173798516 7.715
    endloop
  endfacet
  facet normal 0 0 -1
    outer loop
      vertex 99.4875 -3.312323961120951 7.715
      vertex 99.4875 -5.087676038879049 7.715
      vertex 99.37601953526607 -3.386812826201484 7.715
    endloop
  endfacet
  facet normal 0 0 -1
    outer loop
      vertex 99.86621065297444 -3.1837690170918447 7.715
      vertex 100 -3.1750000000000003 7.715
      vertex 100 -5.225 7.715
    endloop
  endfacet
  facet normal 0 0 -1
    outer loop
      vertex 99.4875 -3.312323961120951 7.715
      vertex 99.60774948182578 -3.2530234791759316 7.715
      vertex 99.4875 -5.087676038879049 7.715
    endloop
  endfacet
  facet normal 0 0 -1
    outer loop
      vertex 99.73471047876991 -3.2099260280537054 7.715
      vertex 99.60774948182578 -5.146976520824069 7.715
      vertex 99.60774948182578 -3.2530234791759316 7.715
    endloop
  endfacet
  facet normal 0 0 -1
    outer loop
      vertex 99.73471047876991 -3.2099260280537054 7.715
      vertex 99.86621065297444 -3.1837690170918447 7.715
      vertex 99.86621065297444 -5.216230982908156 7.715
    endloop
  endfacet
  facet normal 0 0 -1
    outer loop
      vertex 101.40015128672006 -2.3752873173301596 7.715
      vertex 102.25547903491605 -1.4 7.715
      vertex 101.62634559672905 -2.573654403270941 7.715
    endloop
  endfacet
  facet normal 0 0 -1
    outer loop
      vertex 101.62634559672905 -2.573654403270941 7.715
      vertex 102.25547903491605 -1.4 7.715
      vertex 101.82471268266984 -2.7998487132799426 7.715
    endloop
  endfacet
  facet normal 0 0 -1
    outer loop
      vertex 100 -3.1750000000000003 7.715
      vertex 100.13378934702556 -3.1837690170918447 7.715
      vertex 100.13378934702556 -5.216230982908156 7.715
    endloop
  endfacet
  facet normal 0 0 -1
    outer loop
      vertex 100.13378934702556 -3.1837690170918447 7.715
      vertex 100.26528952123009 -3.2099260280537054 7.715
      vertex 100.26528952123009 -5.190073971946295 7.715
    endloop
  endfacet
  facet normal 0 0 -1
    outer loop
      vertex 100.26528952123009 -3.2099260280537054 7.715
      vertex 100.39225051817422 -3.2530234791759316 7.715
      vertex 100.26528952123009 -5.190073971946295 7.715
    endloop
  endfacet
  facet normal 0 0 -1
    outer loop
      vertex 100.39225051817422 -3.2530234791759316 7.715
      vertex 100.5125 -3.312323961120951 7.715
      vertex 100.39225051817422 -5.146976520824069 7.715
    endloop
  endfacet
  facet normal 0 0 -1
    outer loop
      vertex 100.5125 -3.312323961120951 7.715
      vertex 100.62398046473393 -3.386812826201484 7.715
      vertex 100.62398046473393 -5.013187173798516 7.715
    endloop
  endfacet
  facet normal 0 0 -1
    outer loop
      vertex 100.62398046473393 -3.386812826201484 7.715
      vertex 100.72478445071621 -3.475215549283789 7.715
      vertex 100.72478445071621 -4.924784450716212 7.715
    endloop
  endfacet
  facet normal 0 0 -1
    outer loop
      vertex 100.72478445071621 -3.475215549283789 7.715
      vertex 100.81318717379851 -3.5760195352660613 7.715
      vertex 100.72478445071621 -4.924784450716212 7.715
    endloop
  endfacet
  facet normal 0 0 -1
    outer loop
      vertex 100.81318717379851 -3.5760195352660613 7.715
      vertex 100.88767603887905 -3.6875 7.715
      vertex 100.81318717379851 -4.823980464733939 7.715
    endloop
  endfacet
  facet normal 0 0 -1
    outer loop
      vertex 100.88767603887905 -3.6875 7.715
      vertex 100.94697652082407 -3.807749481825783 7.715
      vertex 100.88767603887905 -4.7125 7.715
    endloop
  endfacet
  facet normal 0 0 -1
    outer loop
      vertex 100.94697652082407 -3.807749481825783 7.715
      vertex 100.9900739719463 -3.9347104787699165 7.715
      vertex 100.94697652082407 -4.592250518174217 7.715
    endloop
  endfacet
  facet normal -0.751839807478971 0.6593458151000762 0
    outer loop
      vertex 97.45441558772843 -1.6544155877284288 7.715
      vertex 97.14392797495155 -2.008458855568606 8.315
      vertex 97.45441558772843 -1.6544155877284288 8.315
    endloop
  endfacet
  facet normal -0.6593458151000824 0.7518398074789656 0
    outer loop
      vertex 97.45441558772843 -1.6544155877284288 7.715
      vertex 97.45441558772843 -1.6544155877284288 8.315
      vertex 97.74452096508395 -1.4 8.315
    endloop
  endfacet
  facet normal -0.8968727415326807 0.44228869021901684 0
    outer loop
      vertex 96.88230854637602 -2.4000000000000004 7.715
      vertex 96.67403368295936 -2.8223396434856767 8.315
      vertex 96.88230854637602 -2.4000000000000004 8.315
    endloop
  endfacet
  facet normal -0.9469301294951096 0.3214394653031502 0
    outer loop
      vertex 96.67403368295936 -2.8223396434856767 7.715
      vertex 96.52266702535935 -3.2682514376309255 8.315
      vertex 96.67403368295936 -2.8223396434856767 8.315
    endloop
  endfacet
  facet normal -0.8314696123025495 0.555570233019596 0
    outer loop
      vertex 97.14392797495155 -2.008458855568606 7.715
      vertex 96.88230854637602 -2.4000000000000004 8.315
      vertex 97.14392797495155 -2.008458855568606 8.315
    endloop
  endfacet
  facet normal 0 0 1
    outer loop
      vertex 97.74452096508395 -1.4 8.315
      vertex 98.0081415712958 -3.0500000000000003 8.315
      vertex 98.17528731733016 -2.7998487132799426 8.315
    endloop
  endfacet
  facet normal 0 0 1
    outer loop
      vertex 97.74452096508395 -1.4 8.315
      vertex 97.87507707522404 -3.3198281055602936 8.315
      vertex 98.0081415712958 -3.0500000000000003 8.315
    endloop
  endfacet
  facet normal 0 0 1
    outer loop
      vertex 97.74452096508395 -1.4 8.315
      vertex 97.77837059953514 -3.6047161962642025 8.315
      vertex 97.87507707522404 -3.3198281055602936 8.315
    endloop
  endfacet
  facet normal 0 0 1
    outer loop
      vertex 97.74452096508395 -1.4 8.315
      vertex 97.71967681884024 -3.8997897578938816 8.315
      vertex 97.77837059953514 -3.6047161962642025 8.315
    endloop
  endfacet
  facet normal -0.980785280403228 0.19509032201614035 0
    outer loop
      vertex 96.52266702535935 -3.2682514376309255 7.715
      vertex 96.43079849905428 -3.7301057080078146 8.315
      vertex 96.52266702535935 -3.2682514376309255 8.315
    endloop
  endfacet
  facet normal -0.9978589232386053 0.06540312923011805 0
    outer loop
      vertex 96.43079849905428 -3.7301057080078146 7.715
      vertex 96.4 -4.2 8.315
      vertex 96.43079849905428 -3.7301057080078146 8.315
    endloop
  endfacet
  facet normal 0 0 1
    outer loop
      vertex 96.88230854637602 -2.4000000000000004 8.315
      vertex 96.67403368295936 -2.8223396434856767 8.315
      vertex 96.67403368295936 -5.577660356514324 8.315
    endloop
  endfacet
  facet normal 0 0 1
    outer loop
      vertex 97.14392797495155 -2.008458855568606 8.315
      vertex 96.88230854637602 -2.4000000000000004 8.315
      vertex 96.88230854637602 -6 8.315
    endloop
  endfacet
  facet normal 0 0 1
    outer loop
      vertex 96.52266702535935 -3.2682514376309255 8.315
      vertex 96.43079849905428 -3.7301057080078146 8.315
      vertex 96.43079849905428 -4.669894291992186 8.315
    endloop
  endfacet
  facet normal 0 0 1
    outer loop
      vertex 96.67403368295936 -2.8223396434856767 8.315
      vertex 96.52266702535935 -3.2682514376309255 8.315
      vertex 96.52266702535935 -5.131748562369075 8.315
    endloop
  endfacet
  facet normal 0 0 1
    outer loop
      vertex 97.45441558772843 -1.6544155877284288 8.315
      vertex 97.14392797495155 -2.008458855568606 8.315
      vertex 97.14392797495155 -6.391541144431395 8.315
    endloop
  endfacet
  facet normal 0 0 1
    outer loop
      vertex 97.74452096508395 -1.4 8.315
      vertex 97.45441558772843 -1.6544155877284288 8.315
      vertex 97.45441558772843 -6.745584412271572 8.315
    endloop
  endfacet
  facet normal 0 0 1
    outer loop
      vertex 97.74452096508395 -1.4 8.315
      vertex 97.45441558772843 -6.745584412271572 8.315
      vertex 97.71967681884024 -3.8997897578938816 8.315
    endloop
  endfacet
  facet normal 0 0 1
    outer loop
      vertex 97.74452096508395 -1.4 8.315
      vertex 98.59984871327994 -2.3752873173301596 8.315
      vertex 98.85 -2.2081415712957915 8.315
    endloop
  endfacet
  facet normal 0 0 1
    outer loop
      vertex 97.74452096508395 -1.4 8.315
      vertex 98.85 -2.2081415712957915 8.315
      vertex 99.11982810556029 -2.075077075224041 8.315
    endloop
  endfacet
  facet normal 0 0 1
    outer loop
      vertex 97.74452096508395 -1.4 8.315
      vertex 99.11982810556029 -2.075077075224041 8.315
      vertex 99.4047161962642 -1.9783705995351433 8.315
    endloop
  endfacet
  facet normal 0 0 1
    outer loop
      vertex 97.74452096508395 -1.4 8.315
      vertex 99.4047161962642 -1.9783705995351433 8.315
      vertex 102.25547903491605 -1.4 8.315
    endloop
  endfacet
  facet normal 0 0 1
    outer loop
      vertex 99.4047161962642 -1.9783705995351433 8.315
      vertex 99.69978975789388 -1.9196768188402364 8.315
      vertex 102.25547903491605 -1.4 8.315
    endloop
  endfacet
  facet normal 0 0 1
    outer loop
      vertex 99.69978975789388 -1.9196768188402364 8.315
      vertex 100 -1.9000000000000004 8.315
      vertex 102.25547903491605 -1.4 8.315
    endloop
  endfacet
  facet normal 0 0 1
    outer loop
      vertex 100 -1.9000000000000004 8.315
      vertex 100.30021024210612 -1.9196768188402364 8.315
      vertex 102.25547903491605 -1.4 8.315
    endloop
  endfacet
  facet normal 0 0 1
    outer loop
      vertex 100.30021024210612 -1.9196768188402364 8.315
      vertex 100.5952838037358 -1.9783705995351433 8.315
      vertex 102.25547903491605 -1.4 8.315
    endloop
  endfacet
  facet normal 0 0 1
    outer loop
      vertex 100.5952838037358 -1.9783705995351433 8.315
      vertex 100.88017189443971 -2.075077075224041 8.315
      vertex 102.25547903491605 -1.4 8.315
    endloop
  endfacet
  facet normal 0 0 1
    outer loop
      vertex 100.88017189443971 -2.075077075224041 8.315
      vertex 101.15 -2.2081415712957915 8.315
      vertex 102.25547903491605 -1.4 8.315
    endloop
  endfacet
  facet normal 0 0 1
    outer loop
      vertex 101.15 -2.2081415712957915 8.315
      vertex 101.40015128672006 -2.3752873173301596 8.315
      vertex 102.25547903491605 -1.4 8.315
    endloop
  endfacet
  facet normal 0 0 1
    outer loop
      vertex 97.74452096508395 -1.4 8.315
      vertex 98.37365440327095 -2.573654403270941 8.315
      vertex 98.59984871327994 -2.3752873173301596 8.315
    endloop
  endfacet
  facet normal 0 0 1
    outer loop
      vertex 97.74452096508395 -1.4 8.315
      vertex 98.17528731733016 -2.7998487132799426 8.315
      vertex 98.37365440327095 -2.573654403270941 8.315
    endloop
  endfacet
  facet normal 0 0 1
    outer loop
      vertex 99.18681282620149 -3.5760195352660613 8.315
      vertex 99.27521554928379 -4.924784450716212 8.315
      vertex 99.27521554928379 -3.475215549283789 8.315
    endloop
  endfacet
  facet normal 0 0 1
    outer loop
      vertex 99.05302347917593 -3.807749481825783 8.315
      vertex 99.0099260280537 -3.9347104787699165 8.315
      vertex 99.05302347917593 -4.592250518174217 8.315
    endloop
  endfacet
  facet normal 0 0 1
    outer loop
      vertex 99.11232396112095 -3.6875 8.315
      vertex 99.05302347917593 -3.807749481825783 8.315
      vertex 99.11232396112095 -4.7125 8.315
    endloop
  endfacet
  facet normal 0 0 1
    outer loop
      vertex 99.18681282620149 -3.5760195352660613 8.315
      vertex 99.11232396112095 -3.6875 8.315
      vertex 99.18681282620149 -4.823980464733939 8.315
    endloop
  endfacet
  facet normal 0 0 1
    outer loop
      vertex 99.27521554928379 -3.475215549283789 8.315
      vertex 99.27521554928379 -4.924784450716212 8.315
      vertex 99.37601953526607 -3.386812826201484 8.315
    endloop
  endfacet
  facet normal 0 0 1
    outer loop
      vertex 99.4875 -3.312323961120951 8.315
      vertex 99.37601953526607 -3.386812826201484 8.315
      vertex 99.37601953526607 -5.013187173798516 8.315
    endloop
  endfacet
  facet normal 0 0 1
    outer loop
      vertex 99.73471047876991 -3.2099260280537054 8.315
      vertex 99.73471047876991 -5.190073971946295 8.315
      vertex 99.86621065297444 -3.1837690170918447 8.315
    endloop
  endfacet
  facet normal 0 0 1
    outer loop
      vertex 99.86621065297444 -3.1837690170918447 8.315
      vertex 99.86621065297444 -5.216230982908156 8.315
      vertex 100 -3.1750000000000003 8.315
    endloop
  endfacet
  facet normal 0 0 1
    outer loop
      vertex 99.4875 -3.312323961120951 8.315
      vertex 99.60774948182578 -5.146976520824069 8.315
      vertex 99.60774948182578 -3.2530234791759316 8.315
    endloop
  endfacet
  facet normal 0 0 1
    outer loop
      vertex 99.73471047876991 -3.2099260280537054 8.315
      vertex 99.60774948182578 -3.2530234791759316 8.315
      vertex 99.73471047876991 -5.190073971946295 8.315
    endloop
  endfacet
  facet normal 0 0 1
    outer loop
      vertex 101.40015128672006 -2.3752873173301596 8.315
      vertex 101.62634559672905 -2.573654403270941 8.315
      vertex 102.25547903491605 -1.4 8.315
    endloop
  endfacet
  facet normal 0 0 1
    outer loop
      vertex 101.62634559672905 -2.573654403270941 8.315
      vertex 101.82471268266984 -2.7998487132799426 8.315
      vertex 102.25547903491605 -1.4 8.315
    endloop
  endfacet
  facet normal 0 0 1
    outer loop
      vertex 100 -3.1750000000000003 8.315
      vertex 100 -5.225 8.315
      vertex 100.13378934702556 -3.1837690170918447 8.315
    endloop
  endfacet
  facet normal 0 0 1
    outer loop
      vertex 100.13378934702556 -3.1837690170918447 8.315
      vertex 100.13378934702556 -5.216230982908156 8.315
      vertex 100.26528952123009 -3.2099260280537054 8.315
    endloop
  endfacet
  facet normal 0 0 1
    outer loop
      vertex 100.26528952123009 -3.2099260280537054 8.315
      vertex 100.39225051817422 -5.146976520824069 8.315
      vertex 100.39225051817422 -3.2530234791759316 8.315
    endloop
  endfacet
  facet normal 0 0 1
    outer loop
      vertex 100.39225051817422 -3.2530234791759316 8.315
      vertex 100.5125 -5.087676038879049 8.315
      vertex 100.5125 -3.312323961120951 8.315
    endloop
  endfacet
  facet normal 0 0 1
    outer loop
      vertex 100.5125 -3.312323961120951 8.315
      vertex 100.5125 -5.087676038879049 8.315
      vertex 100.62398046473393 -3.386812826201484 8.315
    endloop
  endfacet
  facet normal 0 0 1
    outer loop
      vertex 100.62398046473393 -3.386812826201484 8.315
      vertex 100.62398046473393 -5.013187173798516 8.315
      vertex 100.72478445071621 -3.475215549283789 8.315
    endloop
  endfacet
  facet normal 0 0 1
    outer loop
      vertex 100.72478445071621 -3.475215549283789 8.315
      vertex 100.81318717379851 -4.823980464733939 8.315
      vertex 100.81318717379851 -3.5760195352660613 8.315
    endloop
  endfacet
  facet normal 0 0 1
    outer loop
      vertex 100.81318717379851 -3.5760195352660613 8.315
      vertex 100.88767603887905 -4.7125 8.315
      vertex 100.88767603887905 -3.6875 8.315
    endloop
  endfacet
  facet normal 0 0 1
    outer loop
      vertex 100.88767603887905 -3.6875 8.315
      vertex 100.94697652082407 -4.592250518174217 8.315
      vertex 100.94697652082407 -3.807749481825783 8.315
    endloop
  endfacet
  facet normal 0 0 1
    outer loop
      vertex 100.94697652082407 -3.807749481825783 8.315
      vertex 101.01623098290816 -4.333789347025553 8.315
      vertex 100.9900739719463 -3.9347104787699165 8.315
    endloop
  endfacet
  facet normal 0 0 1
    outer loop
      vertex 100.9900739719463 -3.9347104787699165 8.315
      vertex 101.01623098290816 -4.333789347025553 8.315
      vertex 101.01623098290816 -4.066210652974448 8.315
    endloop
  endfacet
  facet normal 0 0 -1
    outer loop
      vertex 96.43079849905428 -3.7301057080078146 7.715
      vertex 96.43079849905428 -4.669894291992186 7.715
      vertex 96.4 -4.2 7.715
    endloop
  endfacet
  facet normal 0 0 -1
    outer loop
      vertex 96.43079849905428 -3.7301057080078146 7.715
      vertex 96.52266702535935 -5.131748562369075 7.715
      vertex 96.43079849905428 -4.669894291992186 7.715
    endloop
  endfacet
  facet normal 0 0 -1
    outer loop
      vertex 96.52266702535935 -3.2682514376309255 7.715
      vertex 96.67403368295936 -5.577660356514324 7.715
      vertex 96.52266702535935 -5.131748562369075 7.715
    endloop
  endfacet
  facet normal 0 0 -1
    outer loop
      vertex 96.67403368295936 -2.8223396434856767 7.715
      vertex 96.88230854637602 -6 7.715
      vertex 96.67403368295936 -5.577660356514324 7.715
    endloop
  endfacet
  facet normal 0 0 -1
    outer loop
      vertex 96.88230854637602 -2.4000000000000004 7.715
      vertex 97.14392797495155 -6.391541144431395 7.715
      vertex 96.88230854637602 -6 7.715
    endloop
  endfacet
  facet normal 0 0 -1
    outer loop
      vertex 97.45441558772843 -1.6544155877284288 7.715
      vertex 97.7 -4.2 7.715
      vertex 97.8084588555686 -7.056072025048447 7.715
    endloop
  endfacet
  facet normal 0 0 -1
    outer loop
      vertex 97.14392797495155 -2.008458855568606 7.715
      vertex 97.45441558772843 -6.745584412271572 7.715
      vertex 97.14392797495155 -6.391541144431395 7.715
    endloop
  endfacet
  facet normal 0 0 -1
    outer loop
      vertex 97.45441558772843 -1.6544155877284288 7.715
      vertex 97.8084588555686 -7.056072025048447 7.715
      vertex 97.45441558772843 -6.745584412271572 7.715
    endloop
  endfacet
  facet normal -0.9978589232386053 -0.06540312923011798 0
    outer loop
      vertex 96.4 -4.2 7.715
      vertex 96.43079849905428 -4.669894291992186 7.715
      vertex 96.43079849905428 -4.669894291992186 8.315
    endloop
  endfacet
  facet normal -0.980785280403228 -0.19509032201614054 0
    outer loop
      vertex 96.43079849905428 -4.669894291992186 7.715
      vertex 96.52266702535935 -5.131748562369075 7.715
      vertex 96.52266702535935 -5.131748562369075 8.315
    endloop
  endfacet
  facet normal 0 0 -1
    outer loop
      vertex 97.7 -4.2 7.715
      vertex 97.71967681884024 -4.500210242106119 7.715
      vertex 97.8084588555686 -7.056072025048447 7.715
    endloop
  endfacet
  facet normal 0 0 -1
    outer loop
      vertex 97.71967681884024 -4.500210242106119 7.715
      vertex 97.77837059953514 -4.795283803735797 7.715
      vertex 97.8084588555686 -7.056072025048447 7.715
    endloop
  endfacet
  facet normal 0 0 -1
    outer loop
      vertex 97.77837059953514 -4.795283803735797 7.715
      vertex 97.87507707522404 -5.080171894439706 7.715
      vertex 97.8084588555686 -7.056072025048447 7.715
    endloop
  endfacet
  facet normal 0 0 -1
    outer loop
      vertex 97.87507707522404 -5.080171894439706 7.715
      vertex 98.0081415712958 -5.35 7.715
      vertex 97.8084588555686 -7.056072025048447 7.715
    endloop
  endfacet
  facet normal 0 0 -1
    outer loop
      vertex 97.8084588555686 -7.056072025048447 7.715
      vertex 98.0081415712958 -5.35 7.715
      vertex 98.17528731733016 -5.600151286720058 7.715
    endloop
  endfacet
  facet normal -0.9469301294951096 -0.3214394653031502 0
    outer loop
      vertex 96.52266702535935 -5.131748562369075 7.715
      vertex 96.67403368295936 -5.577660356514324 7.715
      vertex 96.67403368295936 -5.577660356514324 8.315
    endloop
  endfacet
  facet normal -0.8968727415326807 -0.44228869021901684 0
    outer loop
      vertex 96.67403368295936 -5.577660356514324 7.715
      vertex 96.88230854637602 -6 7.715
      vertex 96.88230854637602 -6 8.315
    endloop
  endfacet
  facet normal -0.8314696123025497 -0.5555702330195955 0
    outer loop
      vertex 96.88230854637602 -6 7.715
      vertex 97.14392797495155 -6.391541144431395 7.715
      vertex 97.14392797495155 -6.391541144431395 8.315
    endloop
  endfacet
  facet normal -0.7518398074789705 -0.6593458151000767 0
    outer loop
      vertex 97.14392797495155 -6.391541144431395 7.715
      vertex 97.45441558772843 -6.745584412271572 7.715
      vertex 97.45441558772843 -6.745584412271572 8.315
    endloop
  endfacet
  facet normal -0.6593458151000776 -0.7518398074789696 0
    outer loop
      vertex 97.45441558772843 -6.745584412271572 7.715
      vertex 97.8084588555686 -7.056072025048447 7.715
      vertex 97.45441558772843 -6.745584412271572 8.315
    endloop
  endfacet
  facet normal -0.5555702330195954 -0.8314696123025496 0
    outer loop
      vertex 97.8084588555686 -7.056072025048447 7.715
      vertex 98.2 -7.317691453623979 7.715
      vertex 97.8084588555686 -7.056072025048447 8.315
    endloop
  endfacet
  facet normal 0 0 -1
    outer loop
      vertex 98.98376901709184 -4.066210652974448 7.715
      vertex 98.98376901709184 -4.333789347025553 7.715
      vertex 98.975 -4.2 7.715
    endloop
  endfacet
  facet normal 0 0 -1
    outer loop
      vertex 99.0099260280537 -3.9347104787699165 7.715
      vertex 99.0099260280537 -4.465289521230084 7.715
      vertex 98.98376901709184 -4.333789347025553 7.715
    endloop
  endfacet
  facet normal 0 0 -1
    outer loop
      vertex 99.05302347917593 -3.807749481825783 7.715
      vertex 99.05302347917593 -4.592250518174217 7.715
      vertex 99.0099260280537 -4.465289521230084 7.715
    endloop
  endfacet
  facet normal 0 0 -1
    outer loop
      vertex 99.11232396112095 -3.6875 7.715
      vertex 99.11232396112095 -4.7125 7.715
      vertex 99.05302347917593 -4.592250518174217 7.715
    endloop
  endfacet
  facet normal 0 0 -1
    outer loop
      vertex 99.18681282620149 -3.5760195352660613 7.715
      vertex 99.18681282620149 -4.823980464733939 7.715
      vertex 99.11232396112095 -4.7125 7.715
    endloop
  endfacet
  facet normal 0 0 -1
    outer loop
      vertex 99.27521554928379 -3.475215549283789 7.715
      vertex 99.27521554928379 -4.924784450716212 7.715
      vertex 99.18681282620149 -4.823980464733939 7.715
    endloop
  endfacet
  facet normal 0 0 -1
    outer loop
      vertex 99.27521554928379 -3.475215549283789 7.715
      vertex 99.37601953526607 -5.013187173798516 7.715
      vertex 99.27521554928379 -4.924784450716212 7.715
    endloop
  endfacet
  facet normal 0 0 -1
    outer loop
      vertex 99.37601953526607 -3.386812826201484 7.715
      vertex 99.4875 -5.087676038879049 7.715
      vertex 99.37601953526607 -5.013187173798516 7.715
    endloop
  endfacet
  facet normal 0 0 -1
    outer loop
      vertex 99.60774948182578 -3.2530234791759316 7.715
      vertex 99.60774948182578 -5.146976520824069 7.715
      vertex 99.4875 -5.087676038879049 7.715
    endloop
  endfacet
  facet normal 0 0 -1
    outer loop
      vertex 99.73471047876991 -3.2099260280537054 7.715
      vertex 99.73471047876991 -5.190073971946295 7.715
      vertex 99.60774948182578 -5.146976520824069 7.715
    endloop
  endfacet
  facet normal 0 0 -1
    outer loop
      vertex 99.73471047876991 -3.2099260280537054 7.715
      vertex 99.86621065297444 -5.216230982908156 7.715
      vertex 99.73471047876991 -5.190073971946295 7.715
    endloop
  endfacet
  facet normal 0 0 -1
    outer loop
      vertex 99.86621065297444 -3.1837690170918447 7.715
      vertex 100 -5.225 7.715
      vertex 99.86621065297444 -5.216230982908156 7.715
    endloop
  endfacet
  facet normal 0 0 -1
    outer loop
      vertex 100 -3.1750000000000003 7.715
      vertex 100.13378934702556 -5.216230982908156 7.715
      vertex 100 -5.225 7.715
    endloop
  endfacet
  facet normal 0 0 -1
    outer loop
      vertex 100.13378934702556 -3.1837690170918447 7.715
      vertex 100.26528952123009 -5.190073971946295 7.715
      vertex 100.13378934702556 -5.216230982908156 7.715
    endloop
  endfacet
  facet normal 0 0 -1
    outer loop
      vertex 100.39225051817422 -3.2530234791759316 7.715
      vertex 100.39225051817422 -5.146976520824069 7.715
      vertex 100.26528952123009 -5.190073971946295 7.715
    endloop
  endfacet
  facet normal 0 0 -1
    outer loop
      vertex 100.5125 -3.312323961120951 7.715
      vertex 100.5125 -5.087676038879049 7.715
      vertex 100.39225051817422 -5.146976520824069 7.715
    endloop
  endfacet
  facet normal 0 0 -1
    outer loop
      vertex 100.9900739719463 -3.9347104787699165 7.715
      vertex 101.01623098290816 -4.066210652974448 7.715
      vertex 100.9900739719463 -4.465289521230084 7.715
    endloop
  endfacet
  facet normal 0 0 -1
    outer loop
      vertex 100.94697652082407 -3.807749481825783 7.715
      vertex 100.94697652082407 -4.592250518174217 7.715
      vertex 100.88767603887905 -4.7125 7.715
    endloop
  endfacet
  facet normal 0 0 -1
    outer loop
      vertex 100.9900739719463 -3.9347104787699165 7.715
      vertex 100.9900739719463 -4.465289521230084 7.715
      vertex 100.94697652082407 -4.592250518174217 7.715
    endloop
  endfacet
  facet normal 0 0 -1
    outer loop
      vertex 100.5125 -3.312323961120951 7.715
      vertex 100.62398046473393 -5.013187173798516 7.715
      vertex 100.5125 -5.087676038879049 7.715
    endloop
  endfacet
  facet normal 0 0 -1
    outer loop
      vertex 100.62398046473393 -3.386812826201484 7.715
      vertex 100.72478445071621 -4.924784450716212 7.715
      vertex 100.62398046473393 -5.013187173798516 7.715
    endloop
  endfacet
  facet normal 0 0 -1
    outer loop
      vertex 100.81318717379851 -3.5760195352660613 7.715
      vertex 100.81318717379851 -4.823980464733939 7.715
      vertex 100.72478445071621 -4.924784450716212 7.715
    endloop
  endfacet
  facet normal 0 0 -1
    outer loop
      vertex 100.88767603887905 -3.6875 7.715
      vertex 100.88767603887905 -4.7125 7.715
      vertex 100.81318717379851 -4.823980464733939 7.715
    endloop
  endfacet
  facet normal 0 0 -1
    outer loop
      vertex 101.01623098290816 -4.066210652974448 7.715
      vertex 101.025 -4.2 7.715
      vertex 101.01623098290816 -4.333789347025553 7.715
    endloop
  endfacet
  facet normal 0 0 -1
    outer loop
      vertex 101.01623098290816 -4.066210652974448 7.715
      vertex 101.01623098290816 -4.333789347025553 7.715
      vertex 100.9900739719463 -4.465289521230084 7.715
    endloop
  endfacet
  facet normal 0 0 -1
    outer loop
      vertex 98.17528731733016 -5.600151286720058 7.715
      vertex 98.37365440327095 -5.826345596729059 7.715
      vertex 98.2 -7.317691453623979 7.715
    endloop
  endfacet
  facet normal 0 0 -1
    outer loop
      vertex 98.37365440327095 -5.826345596729059 7.715
      vertex 98.59984871327994 -6.024712682669841 7.715
      vertex 98.2 -7.317691453623979 7.715
    endloop
  endfacet
  facet normal 0 0 -1
    outer loop
      vertex 97.8084588555686 -7.056072025048447 7.715
      vertex 98.17528731733016 -5.600151286720058 7.715
      vertex 98.2 -7.317691453623979 7.715
    endloop
  endfacet
  facet normal 0 0 -1
    outer loop
      vertex 98.59984871327994 -6.024712682669841 7.715
      vertex 98.85 -6.191858428704209 7.715
      vertex 98.62233964348567 -7.525966317040632 7.715
    endloop
  endfacet
  facet normal 0 0 -1
    outer loop
      vertex 98.85 -6.191858428704209 7.715
      vertex 99.11982810556029 -6.32492292477596 7.715
      vertex 98.62233964348567 -7.525966317040632 7.715
    endloop
  endfacet
  facet normal 0 0 -1
    outer loop
      vertex 98.59984871327994 -6.024712682669841 7.715
      vertex 98.62233964348567 -7.525966317040632 7.715
      vertex 98.2 -7.317691453623979 7.715
    endloop
  endfacet
  facet normal 0 0 -1
    outer loop
      vertex 99.11982810556029 -6.32492292477596 7.715
      vertex 99.06825143763092 -7.677332974640646 7.715
      vertex 98.62233964348567 -7.525966317040632 7.715
    endloop
  endfacet
  facet normal 0 0 -1
    outer loop
      vertex 99.11982810556029 -6.32492292477596 7.715
      vertex 99.4047161962642 -6.421629400464857 7.715
      vertex 99.06825143763092 -7.677332974640646 7.715
    endloop
  endfacet
  facet normal 0 0 -1
    outer loop
      vertex 99.4047161962642 -6.421629400464857 7.715
      vertex 99.69978975789388 -6.480323181159764 7.715
      vertex 99.06825143763092 -7.677332974640646 7.715
    endloop
  endfacet
  facet normal 0 0 -1
    outer loop
      vertex 99.69978975789388 -6.480323181159764 7.715
      vertex 100 -6.5 7.715
      vertex 99.53010570800781 -7.769201500945718 7.715
    endloop
  endfacet
  facet normal 0 0 -1
    outer loop
      vertex 99.69978975789388 -6.480323181159764 7.715
      vertex 99.53010570800781 -7.769201500945718 7.715
      vertex 99.06825143763092 -7.677332974640646 7.715
    endloop
  endfacet
  facet normal 0 0 -1
    outer loop
      vertex 99.53010570800781 -7.769201500945718 7.715
      vertex 100 -6.5 7.715
      vertex 100 -7.800000000000001 7.715
    endloop
  endfacet
  facet normal -0.4422886902190061 -0.8968727415326859 0
    outer loop
      vertex 98.2 -7.317691453623979 7.715
      vertex 98.62233964348567 -7.525966317040632 7.715
      vertex 98.2 -7.317691453623979 8.315
    endloop
  endfacet
  facet normal -0.3214394653031637 -0.9469301294951048 0
    outer loop
      vertex 98.62233964348567 -7.525966317040632 7.715
      vertex 99.06825143763092 -7.677332974640646 7.715
      vertex 98.62233964348567 -7.525966317040632 8.315
    endloop
  endfacet
  facet normal -0.19509032201612744 -0.9807852804032304 0
    outer loop
      vertex 99.06825143763092 -7.677332974640646 7.715
      vertex 99.53010570800781 -7.769201500945718 7.715
      vertex 99.06825143763092 -7.677332974640646 8.315
    endloop
  endfacet
  facet normal -0.06540312923014366 -0.9978589232386035 0
    outer loop
      vertex 99.53010570800781 -7.769201500945718 7.715
      vertex 100 -7.800000000000001 7.715
      vertex 99.53010570800781 -7.769201500945718 8.315
    endloop
  endfacet
  facet normal 0 0 -1
    outer loop
      vertex 100 -6.5 7.715
      vertex 100.30021024210612 -6.480323181159764 7.715
      vertex 100 -7.800000000000001 7.715
    endloop
  endfacet
  facet normal 0 0 -1
    outer loop
      vertex 100.30021024210612 -6.480323181159764 7.715
      vertex 100.5952838037358 -6.421629400464857 7.715
      vertex 100.46989429199219 -7.769201500945718 7.715
    endloop
  endfacet
  facet normal 0 0 -1
    outer loop
      vertex 100.5952838037358 -6.421629400464857 7.715
      vertex 100.88017189443971 -6.32492292477596 7.715
      vertex 100.93174856236908 -7.677332974640646 7.715
    endloop
  endfacet
  facet normal 0 0 -1
    outer loop
      vertex 100.88017189443971 -6.32492292477596 7.715
      vertex 101.15 -6.191858428704209 7.715
      vertex 100.93174856236908 -7.677332974640646 7.715
    endloop
  endfacet
  facet normal 0 0 -1
    outer loop
      vertex 101.40015128672006 -6.024712682669841 7.715
      vertex 101.37766035651433 -7.525966317040632 7.715
      vertex 101.15 -6.191858428704209 7.715
    endloop
  endfacet
  facet normal 0 0 -1
    outer loop
      vertex 101.40015128672006 -6.024712682669841 7.715
      vertex 101.62634559672905 -5.826345596729059 7.715
      vertex 101.8 -7.317691453623979 7.715
    endloop
  endfacet
  facet normal 0 0 -1
    outer loop
      vertex 101.82471268266984 -5.600151286720058 7.715
      vertex 101.8 -7.317691453623979 7.715
      vertex 101.62634559672905 -5.826345596729059 7.715
    endloop
  endfacet
  facet normal 0 0 -1
    outer loop
      vertex 101.82471268266984 -5.600151286720058 7.715
      vertex 102.1915411444314 -7.056072025048447 7.715
      vertex 101.8 -7.317691453623979 7.715
    endloop
  endfacet
  facet normal 0 0 -1
    outer loop
      vertex 101.15 -6.191858428704209 7.715
      vertex 101.37766035651433 -7.525966317040632 7.715
      vertex 100.93174856236908 -7.677332974640646 7.715
    endloop
  endfacet
  facet normal 0 0 -1
    outer loop
      vertex 101.40015128672006 -6.024712682669841 7.715
      vertex 101.8 -7.317691453623979 7.715
      vertex 101.37766035651433 -7.525966317040632 7.715
    endloop
  endfacet
  facet normal 0 0 -1
    outer loop
      vertex 100.30021024210612 -6.480323181159764 7.715
      vertex 100.46989429199219 -7.769201500945718 7.715
      vertex 100 -7.800000000000001 7.715
    endloop
  endfacet
  facet normal 0 0 -1
    outer loop
      vertex 100.5952838037358 -6.421629400464857 7.715
      vertex 100.93174856236908 -7.677332974640646 7.715
      vertex 100.46989429199219 -7.769201500945718 7.715
    endloop
  endfacet
  facet normal 0.06540312923014366 -0.9978589232386035 0
    outer loop
      vertex 100 -7.800000000000001 7.715
      vertex 100.46989429199219 -7.769201500945718 7.715
      vertex 100 -7.800000000000001 8.315
    endloop
  endfacet
  facet normal 0.19509032201612744 -0.9807852804032304 0
    outer loop
      vertex 100.93174856236908 -7.677332974640646 7.715
      vertex 100.46989429199219 -7.769201500945718 8.315
      vertex 100.46989429199219 -7.769201500945718 7.715
    endloop
  endfacet
  facet normal 0.3214394653031637 -0.9469301294951048 0
    outer loop
      vertex 100.93174856236908 -7.677332974640646 7.715
      vertex 101.37766035651433 -7.525966317040632 7.715
      vertex 100.93174856236908 -7.677332974640646 8.315
    endloop
  endfacet
  facet normal 0.4422886902190061 -0.8968727415326859 0
    outer loop
      vertex 101.37766035651433 -7.525966317040632 7.715
      vertex 101.8 -7.317691453623979 7.715
      vertex 101.37766035651433 -7.525966317040632 8.315
    endloop
  endfacet
  facet normal 0.5555702330195954 -0.8314696123025496 0
    outer loop
      vertex 101.8 -7.317691453623979 7.715
      vertex 102.1915411444314 -7.056072025048447 7.715
      vertex 101.8 -7.317691453623979 8.315
    endloop
  endfacet
  facet normal -0.9978589232386053 -0.06540312923011798 0
    outer loop
      vertex 96.4 -4.2 7.715
      vertex 96.43079849905428 -4.669894291992186 8.315
      vertex 96.4 -4.2 8.315
    endloop
  endfacet
  facet normal -0.980785280403228 -0.19509032201614054 0
    outer loop
      vertex 96.43079849905428 -4.669894291992186 7.715
      vertex 96.52266702535935 -5.131748562369075 8.315
      vertex 96.43079849905428 -4.669894291992186 8.315
    endloop
  endfacet
  facet normal 0 0 1
    outer loop
      vertex 96.43079849905428 -3.7301057080078146 8.315
      vertex 96.4 -4.2 8.315
      vertex 96.43079849905428 -4.669894291992186 8.315
    endloop
  endfacet
  facet normal 0 0 1
    outer loop
      vertex 96.52266702535935 -3.2682514376309255 8.315
      vertex 96.43079849905428 -4.669894291992186 8.315
      vertex 96.52266702535935 -5.131748562369075 8.315
    endloop
  endfacet
  facet normal 0 0 1
    outer loop
      vertex 96.67403368295936 -2.8223396434856767 8.315
      vertex 96.52266702535935 -5.131748562369075 8.315
      vertex 96.67403368295936 -5.577660356514324 8.315
    endloop
  endfacet
  facet normal 0 0 1
    outer loop
      vertex 96.88230854637602 -2.4000000000000004 8.315
      vertex 96.67403368295936 -5.577660356514324 8.315
      vertex 96.88230854637602 -6 8.315
    endloop
  endfacet
  facet normal 0 0 1
    outer loop
      vertex 97.14392797495155 -2.008458855568606 8.315
      vertex 96.88230854637602 -6 8.315
      vertex 97.14392797495155 -6.391541144431395 8.315
    endloop
  endfacet
  facet normal 0 0 1
    outer loop
      vertex 97.45441558772843 -1.6544155877284288 8.315
      vertex 97.14392797495155 -6.391541144431395 8.315
      vertex 97.45441558772843 -6.745584412271572 8.315
    endloop
  endfacet
  facet normal 0 0 1
    outer loop
      vertex 97.71967681884024 -3.8997897578938816 8.315
      vertex 97.45441558772843 -6.745584412271572 8.315
      vertex 97.7 -4.2 8.315
    endloop
  endfacet
  facet normal 0 0 1
    outer loop
      vertex 97.7 -4.2 8.315
      vertex 97.45441558772843 -6.745584412271572 8.315
      vertex 97.71967681884024 -4.500210242106119 8.315
    endloop
  endfacet
  facet normal -0.9469301294951096 -0.3214394653031502 0
    outer loop
      vertex 96.52266702535935 -5.131748562369075 7.715
      vertex 96.67403368295936 -5.577660356514324 8.315
      vertex 96.52266702535935 -5.131748562369075 8.315
    endloop
  endfacet
  facet normal -0.8968727415326807 -0.44228869021901684 0
    outer loop
      vertex 96.67403368295936 -5.577660356514324 7.715
      vertex 96.88230854637602 -6 8.315
      vertex 96.67403368295936 -5.577660356514324 8.315
    endloop
  endfacet
  facet normal -0.8314696123025497 -0.5555702330195955 0
    outer loop
      vertex 96.88230854637602 -6 7.715
      vertex 97.14392797495155 -6.391541144431395 8.315
      vertex 96.88230854637602 -6 8.315
    endloop
  endfacet
  facet normal 0 0 1
    outer loop
      vertex 97.71967681884024 -4.500210242106119 8.315
      vertex 97.45441558772843 -6.745584412271572 8.315
      vertex 97.77837059953514 -4.795283803735797 8.315
    endloop
  endfacet
  facet normal 0 0 1
    outer loop
      vertex 97.77837059953514 -4.795283803735797 8.315
      vertex 97.8084588555686 -7.056072025048447 8.315
      vertex 97.87507707522404 -5.080171894439706 8.315
    endloop
  endfacet
  facet normal 0 0 1
    outer loop
      vertex 97.87507707522404 -5.080171894439706 8.315
      vertex 97.8084588555686 -7.056072025048447 8.315
      vertex 98.0081415712958 -5.35 8.315
    endloop
  endfacet
  facet normal 0 0 1
    outer loop
      vertex 97.8084588555686 -7.056072025048447 8.315
      vertex 98.17528731733016 -5.600151286720058 8.315
      vertex 98.0081415712958 -5.35 8.315
    endloop
  endfacet
  facet normal -0.7518398074789705 -0.6593458151000767 0
    outer loop
      vertex 97.14392797495155 -6.391541144431395 7.715
      vertex 97.45441558772843 -6.745584412271572 8.315
      vertex 97.14392797495155 -6.391541144431395 8.315
    endloop
  endfacet
  facet normal -0.6593458151000776 -0.7518398074789696 0
    outer loop
      vertex 97.8084588555686 -7.056072025048447 7.715
      vertex 97.8084588555686 -7.056072025048447 8.315
      vertex 97.45441558772843 -6.745584412271572 8.315
    endloop
  endfacet
  facet normal 0 0 1
    outer loop
      vertex 97.77837059953514 -4.795283803735797 8.315
      vertex 97.45441558772843 -6.745584412271572 8.315
      vertex 97.8084588555686 -7.056072025048447 8.315
    endloop
  endfacet
  facet normal 0 0 1
    outer loop
      vertex 98.98376901709184 -4.066210652974448 8.315
      vertex 98.975 -4.2 8.315
      vertex 98.98376901709184 -4.333789347025553 8.315
    endloop
  endfacet
  facet normal 0 0 1
    outer loop
      vertex 98.98376901709184 -4.066210652974448 8.315
      vertex 98.98376901709184 -4.333789347025553 8.315
      vertex 99.0099260280537 -4.465289521230084 8.315
    endloop
  endfacet
  facet normal 0 0 1
    outer loop
      vertex 98.98376901709184 -4.066210652974448 8.315
      vertex 99.05302347917593 -4.592250518174217 8.315
      vertex 99.0099260280537 -3.9347104787699165 8.315
    endloop
  endfacet
  facet normal 0 0 1
    outer loop
      vertex 99.05302347917593 -3.807749481825783 8.315
      vertex 99.05302347917593 -4.592250518174217 8.315
      vertex 99.11232396112095 -4.7125 8.315
    endloop
  endfacet
  facet normal 0 0 1
    outer loop
      vertex 98.98376901709184 -4.066210652974448 8.315
      vertex 99.0099260280537 -4.465289521230084 8.315
      vertex 99.05302347917593 -4.592250518174217 8.315
    endloop
  endfacet
  facet normal 0 0 1
    outer loop
      vertex 99.11232396112095 -3.6875 8.315
      vertex 99.11232396112095 -4.7125 8.315
      vertex 99.18681282620149 -4.823980464733939 8.315
    endloop
  endfacet
  facet normal 0 0 1
    outer loop
      vertex 99.18681282620149 -3.5760195352660613 8.315
      vertex 99.18681282620149 -4.823980464733939 8.315
      vertex 99.27521554928379 -4.924784450716212 8.315
    endloop
  endfacet
  facet normal 0 0 1
    outer loop
      vertex 99.37601953526607 -3.386812826201484 8.315
      vertex 99.27521554928379 -4.924784450716212 8.315
      vertex 99.37601953526607 -5.013187173798516 8.315
    endloop
  endfacet
  facet normal 0 0 1
    outer loop
      vertex 99.4875 -3.312323961120951 8.315
      vertex 99.37601953526607 -5.013187173798516 8.315
      vertex 99.4875 -5.087676038879049 8.315
    endloop
  endfacet
  facet normal 0 0 1
    outer loop
      vertex 99.4875 -3.312323961120951 8.315
      vertex 99.4875 -5.087676038879049 8.315
      vertex 99.60774948182578 -5.146976520824069 8.315
    endloop
  endfacet
  facet normal 0 0 1
    outer loop
      vertex 99.60774948182578 -3.2530234791759316 8.315
      vertex 99.60774948182578 -5.146976520824069 8.315
      vertex 99.73471047876991 -5.190073971946295 8.315
    endloop
  endfacet
  facet normal 0 0 1
    outer loop
      vertex 99.86621065297444 -3.1837690170918447 8.315
      vertex 99.73471047876991 -5.190073971946295 8.315
      vertex 99.86621065297444 -5.216230982908156 8.315
    endloop
  endfacet
  facet normal 0 0 1
    outer loop
      vertex 100 -3.1750000000000003 8.315
      vertex 99.86621065297444 -5.216230982908156 8.315
      vertex 100 -5.225 8.315
    endloop
  endfacet
  facet normal 0 0 1
    outer loop
      vertex 100.13378934702556 -3.1837690170918447 8.315
      vertex 100 -5.225 8.315
      vertex 100.13378934702556 -5.216230982908156 8.315
    endloop
  endfacet
  facet normal 0 0 1
    outer loop
      vertex 100.26528952123009 -3.2099260280537054 8.315
      vertex 100.13378934702556 -5.216230982908156 8.315
      vertex 100.26528952123009 -5.190073971946295 8.315
    endloop
  endfacet
  facet normal 0 0 1
    outer loop
      vertex 100.39225051817422 -3.2530234791759316 8.315
      vertex 100.39225051817422 -5.146976520824069 8.315
      vertex 100.5125 -5.087676038879049 8.315
    endloop
  endfacet
  facet normal 0 0 1
    outer loop
      vertex 100.26528952123009 -3.2099260280537054 8.315
      vertex 100.26528952123009 -5.190073971946295 8.315
      vertex 100.39225051817422 -5.146976520824069 8.315
    endloop
  endfacet
  facet normal 0 0 1
    outer loop
      vertex 100.94697652082407 -3.807749481825783 8.315
      vertex 100.9900739719463 -4.465289521230084 8.315
      vertex 101.01623098290816 -4.333789347025553 8.315
    endloop
  endfacet
  facet normal 0 0 1
    outer loop
      vertex 100.81318717379851 -3.5760195352660613 8.315
      vertex 100.81318717379851 -4.823980464733939 8.315
      vertex 100.88767603887905 -4.7125 8.315
    endloop
  endfacet
  facet normal 0 0 1
    outer loop
      vertex 100.94697652082407 -3.807749481825783 8.315
      vertex 100.94697652082407 -4.592250518174217 8.315
      vertex 100.9900739719463 -4.465289521230084 8.315
    endloop
  endfacet
  facet normal 0 0 1
    outer loop
      vertex 100.88767603887905 -3.6875 8.315
      vertex 100.88767603887905 -4.7125 8.315
      vertex 100.94697652082407 -4.592250518174217 8.315
    endloop
  endfacet
  facet normal 0 0 1
    outer loop
      vertex 100.62398046473393 -3.386812826201484 8.315
      vertex 100.5125 -5.087676038879049 8.315
      vertex 100.62398046473393 -5.013187173798516 8.315
    endloop
  endfacet
  facet normal 0 0 1
    outer loop
      vertex 100.72478445071621 -3.475215549283789 8.315
      vertex 100.62398046473393 -5.013187173798516 8.315
      vertex 100.72478445071621 -4.924784450716212 8.315
    endloop
  endfacet
  facet normal 0 0 1
    outer loop
      vertex 100.72478445071621 -3.475215549283789 8.315
      vertex 100.72478445071621 -4.924784450716212 8.315
      vertex 100.81318717379851 -4.823980464733939 8.315
    endloop
  endfacet
  facet normal 0 0 1
    outer loop
      vertex 101.01623098290816 -4.066210652974448 8.315
      vertex 101.01623098290816 -4.333789347025553 8.315
      vertex 101.025 -4.2 8.315
    endloop
  endfacet
  facet normal 0 0 1
    outer loop
      vertex 98.17528731733016 -5.600151286720058 8.315
      vertex 98.2 -7.317691453623979 8.315
      vertex 98.37365440327095 -5.826345596729059 8.315
    endloop
  endfacet
  facet normal 0 0 1
    outer loop
      vertex 98.37365440327095 -5.826345596729059 8.315
      vertex 98.2 -7.317691453623979 8.315
      vertex 98.59984871327994 -6.024712682669841 8.315
    endloop
  endfacet
  facet normal 0 0 1
    outer loop
      vertex 97.8084588555686 -7.056072025048447 8.315
      vertex 98.2 -7.317691453623979 8.315
      vertex 98.17528731733016 -5.600151286720058 8.315
    endloop
  endfacet
  facet normal 0 0 1
    outer loop
      vertex 98.59984871327994 -6.024712682669841 8.315
      vertex 98.62233964348567 -7.525966317040632 8.315
      vertex 98.85 -6.191858428704209 8.315
    endloop
  endfacet
  facet normal 0 0 1
    outer loop
      vertex 98.59984871327994 -6.024712682669841 8.315
      vertex 98.2 -7.317691453623979 8.315
      vertex 98.62233964348567 -7.525966317040632 8.315
    endloop
  endfacet
  facet normal 0 0 1
    outer loop
      vertex 98.85 -6.191858428704209 8.315
      vertex 98.62233964348567 -7.525966317040632 8.315
      vertex 99.06825143763092 -7.677332974640646 8.315
    endloop
  endfacet
  facet normal 0 0 1
    outer loop
      vertex 98.85 -6.191858428704209 8.315
      vertex 99.06825143763092 -7.677332974640646 8.315
      vertex 99.11982810556029 -6.32492292477596 8.315
    endloop
  endfacet
  facet normal 0 0 1
    outer loop
      vertex 99.11982810556029 -6.32492292477596 8.315
      vertex 99.06825143763092 -7.677332974640646 8.315
      vertex 99.4047161962642 -6.421629400464857 8.315
    endloop
  endfacet
  facet normal 0 0 1
    outer loop
      vertex 99.4047161962642 -6.421629400464857 8.315
      vertex 99.53010570800781 -7.769201500945718 8.315
      vertex 99.69978975789388 -6.480323181159764 8.315
    endloop
  endfacet
  facet normal 0 0 1
    outer loop
      vertex 99.69978975789388 -6.480323181159764 8.315
      vertex 99.53010570800781 -7.769201500945718 8.315
      vertex 100 -6.5 8.315
    endloop
  endfacet
  facet normal -0.5555702330195954 -0.8314696123025496 0
    outer loop
      vertex 98.2 -7.317691453623979 7.715
      vertex 98.2 -7.317691453623979 8.315
      vertex 97.8084588555686 -7.056072025048447 8.315
    endloop
  endfacet
  facet normal -0.4422886902190061 -0.8968727415326859 0
    outer loop
      vertex 98.62233964348567 -7.525966317040632 7.715
      vertex 98.62233964348567 -7.525966317040632 8.315
      vertex 98.2 -7.317691453623979 8.315
    endloop
  endfacet
  facet normal -0.3214394653031637 -0.9469301294951048 0
    outer loop
      vertex 99.06825143763092 -7.677332974640646 7.715
      vertex 99.06825143763092 -7.677332974640646 8.315
      vertex 98.62233964348567 -7.525966317040632 8.315
    endloop
  endfacet
  facet normal -0.19509032201612744 -0.9807852804032304 0
    outer loop
      vertex 99.53010570800781 -7.769201500945718 7.715
      vertex 99.53010570800781 -7.769201500945718 8.315
      vertex 99.06825143763092 -7.677332974640646 8.315
    endloop
  endfacet
  facet normal -0.06540312923014366 -0.9978589232386035 0
    outer loop
      vertex 100 -7.800000000000001 7.715
      vertex 100 -7.800000000000001 8.315
      vertex 99.53010570800781 -7.769201500945718 8.315
    endloop
  endfacet
  facet normal 0 0 1
    outer loop
      vertex 99.4047161962642 -6.421629400464857 8.315
      vertex 99.06825143763092 -7.677332974640646 8.315
      vertex 99.53010570800781 -7.769201500945718 8.315
    endloop
  endfacet
  facet normal 0 0 1
    outer loop
      vertex 99.53010570800781 -7.769201500945718 8.315
      vertex 100 -7.800000000000001 8.315
      vertex 100 -6.5 8.315
    endloop
  endfacet
  facet normal 0 0 1
    outer loop
      vertex 100 -6.5 8.315
      vertex 100.46989429199219 -7.769201500945718 8.315
      vertex 100.30021024210612 -6.480323181159764 8.315
    endloop
  endfacet
  facet normal 0 0 1
    outer loop
      vertex 100.30021024210612 -6.480323181159764 8.315
      vertex 100.93174856236908 -7.677332974640646 8.315
      vertex 100.5952838037358 -6.421629400464857 8.315
    endloop
  endfacet
  facet normal 0 0 1
    outer loop
      vertex 100.5952838037358 -6.421629400464857 8.315
      vertex 100.93174856236908 -7.677332974640646 8.315
      vertex 100.88017189443971 -6.32492292477596 8.315
    endloop
  endfacet
  facet normal 0 0 1
    outer loop
      vertex 100.88017189443971 -6.32492292477596 8.315
      vertex 101.37766035651433 -7.525966317040632 8.315
      vertex 101.15 -6.191858428704209 8.315
    endloop
  endfacet
  facet normal 0 0 1
    outer loop
      vertex 101.40015128672006 -6.024712682669841 8.315
      vertex 101.15 -6.191858428704209 8.315
      vertex 101.37766035651433 -7.525966317040632 8.315
    endloop
  endfacet
  facet normal 0 0 1
    outer loop
      vertex 101.40015128672006 -6.024712682669841 8.315
      vertex 101.8 -7.317691453623979 8.315
      vertex 101.62634559672905 -5.826345596729059 8.315
    endloop
  endfacet
  facet normal 0 0 1
    outer loop
      vertex 101.82471268266984 -5.600151286720058 8.315
      vertex 101.62634559672905 -5.826345596729059 8.315
      vertex 101.8 -7.317691453623979 8.315
    endloop
  endfacet
  facet normal 0 0 1
    outer loop
      vertex 101.82471268266984 -5.600151286720058 8.315
      vertex 101.8 -7.317691453623979 8.315
      vertex 102.1915411444314 -7.056072025048447 8.315
    endloop
  endfacet
  facet normal 0 0 1
    outer loop
      vertex 100.88017189443971 -6.32492292477596 8.315
      vertex 100.93174856236908 -7.677332974640646 8.315
      vertex 101.37766035651433 -7.525966317040632 8.315
    endloop
  endfacet
  facet normal 0 0 1
    outer loop
      vertex 101.40015128672006 -6.024712682669841 8.315
      vertex 101.37766035651433 -7.525966317040632 8.315
      vertex 101.8 -7.317691453623979 8.315
    endloop
  endfacet
  facet normal 0.19509032201612744 -0.9807852804032304 0
    outer loop
      vertex 100.93174856236908 -7.677332974640646 7.715
      vertex 100.93174856236908 -7.677332974640646 8.315
      vertex 100.46989429199219 -7.769201500945718 8.315
    endloop
  endfacet
  facet normal 0.06540312923014366 -0.9978589232386035 0
    outer loop
      vertex 100.46989429199219 -7.769201500945718 7.715
      vertex 100.46989429199219 -7.769201500945718 8.315
      vertex 100 -7.800000000000001 8.315
    endloop
  endfacet
  facet normal 0.3214394653031637 -0.9469301294951048 0
    outer loop
      vertex 101.37766035651433 -7.525966317040632 7.715
      vertex 101.37766035651433 -7.525966317040632 8.315
      vertex 100.93174856236908 -7.677332974640646 8.315
    endloop
  endfacet
  facet normal 0.4422886902190061 -0.8968727415326859 0
    outer loop
      vertex 101.8 -7.317691453623979 7.715
      vertex 101.8 -7.317691453623979 8.315
      vertex 101.37766035651433 -7.525966317040632 8.315
    endloop
  endfacet
  facet normal 0 0 1
    outer loop
      vertex 100 -6.5 8.315
      vertex 100 -7.800000000000001 8.315
      vertex 100.46989429199219 -7.769201500945718 8.315
    endloop
  endfacet
  facet normal 0 0 1
    outer loop
      vertex 100.30021024210612 -6.480323181159764 8.315
      vertex 100.46989429199219 -7.769201500945718 8.315
      vertex 100.93174856236908 -7.677332974640646 8.315
    endloop
  endfacet
  facet normal 0.6593458151000824 0.7518398074789656 0
    outer loop
      vertex 102.25547903491605 -1.4 7.715
      vertex 102.54558441227157 -1.6544155877284288 8.315
      vertex 102.54558441227157 -1.6544155877284288 7.715
    endloop
  endfacet
  facet normal 0.751839807478971 0.6593458151000762 0
    outer loop
      vertex 102.54558441227157 -1.6544155877284288 7.715
      vertex 102.54558441227157 -1.6544155877284288 8.315
      vertex 102.85607202504845 -2.008458855568606 7.715
    endloop
  endfacet
  facet normal 0 0 -1
    outer loop
      vertex 101.82471268266984 -2.7998487132799426 7.715
      vertex 102.25547903491605 -1.4 7.715
      vertex 101.9918584287042 -3.0500000000000003 7.715
    endloop
  endfacet
  facet normal 0 0 -1
    outer loop
      vertex 101.9918584287042 -3.0500000000000003 7.715
      vertex 102.25547903491605 -1.4 7.715
      vertex 102.12492292477596 -3.3198281055602936 7.715
    endloop
  endfacet
  facet normal 0 0 -1
    outer loop
      vertex 102.25547903491605 -1.4 7.715
      vertex 102.22162940046486 -3.6047161962642025 7.715
      vertex 102.12492292477596 -3.3198281055602936 7.715
    endloop
  endfacet
  facet normal 0 0 -1
    outer loop
      vertex 102.25547903491605 -1.4 7.715
      vertex 102.28032318115976 -3.8997897578938816 7.715
      vertex 102.22162940046486 -3.6047161962642025 7.715
    endloop
  endfacet
  facet normal 0.8314696123025495 0.555570233019596 0
    outer loop
      vertex 102.85607202504845 -2.008458855568606 7.715
      vertex 102.85607202504845 -2.008458855568606 8.315
      vertex 103.11769145362398 -2.4000000000000004 7.715
    endloop
  endfacet
  facet normal 0.8968727415326807 0.44228869021901684 0
    outer loop
      vertex 103.11769145362398 -2.4000000000000004 7.715
      vertex 103.11769145362398 -2.4000000000000004 8.315
      vertex 103.32596631704064 -2.8223396434856767 7.715
    endloop
  endfacet
  facet normal 0.9469301294951096 0.3214394653031502 0
    outer loop
      vertex 103.32596631704064 -2.8223396434856767 7.715
      vertex 103.32596631704064 -2.8223396434856767 8.315
      vertex 103.47733297464065 -3.2682514376309255 7.715
    endloop
  endfacet
  facet normal 0 0 -1
    outer loop
      vertex 102.25547903491605 -1.4 7.715
      vertex 102.3 -4.2 7.715
      vertex 102.28032318115976 -3.8997897578938816 7.715
    endloop
  endfacet
  facet normal 0 0 -1
    outer loop
      vertex 102.25547903491605 -1.4 7.715
      vertex 102.54558441227157 -1.6544155877284288 7.715
      vertex 102.54558441227157 -6.745584412271572 7.715
    endloop
  endfacet
  facet normal 0 0 -1
    outer loop
      vertex 102.54558441227157 -1.6544155877284288 7.715
      vertex 102.85607202504845 -2.008458855568606 7.715
      vertex 102.85607202504845 -6.391541144431395 7.715
    endloop
  endfacet
  facet normal 0 0 -1
    outer loop
      vertex 102.25547903491605 -1.4 7.715
      vertex 102.54558441227157 -6.745584412271572 7.715
      vertex 102.3 -4.2 7.715
    endloop
  endfacet
  facet normal 0 0 -1
    outer loop
      vertex 102.85607202504845 -2.008458855568606 7.715
      vertex 103.11769145362398 -2.4000000000000004 7.715
      vertex 103.11769145362398 -6 7.715
    endloop
  endfacet
  facet normal 0 0 -1
    outer loop
      vertex 103.11769145362398 -2.4000000000000004 7.715
      vertex 103.32596631704064 -2.8223396434856767 7.715
      vertex 103.32596631704064 -5.577660356514324 7.715
    endloop
  endfacet
  facet normal 0 0 -1
    outer loop
      vertex 103.32596631704064 -2.8223396434856767 7.715
      vertex 103.47733297464065 -3.2682514376309255 7.715
      vertex 103.47733297464065 -5.131748562369075 7.715
    endloop
  endfacet
  facet normal 0 0 -1
    outer loop
      vertex 103.47733297464065 -3.2682514376309255 7.715
      vertex 103.56920150094572 -3.7301057080078146 7.715
      vertex 103.56920150094572 -4.669894291992186 7.715
    endloop
  endfacet
  facet normal 0.980785280403228 0.19509032201614035 0
    outer loop
      vertex 103.47733297464065 -3.2682514376309255 7.715
      vertex 103.47733297464065 -3.2682514376309255 8.315
      vertex 103.56920150094572 -3.7301057080078146 7.715
    endloop
  endfacet
  facet normal 0.9978589232386053 0.06540312923011805 0
    outer loop
      vertex 103.56920150094572 -3.7301057080078146 7.715
      vertex 103.56920150094572 -3.7301057080078146 8.315
      vertex 103.6 -4.2 7.715
    endloop
  endfacet
  facet normal 0.6593458151000824 0.7518398074789656 0
    outer loop
      vertex 102.25547903491605 -1.4 7.715
      vertex 102.25547903491605 -1.4 8.315
      vertex 102.54558441227157 -1.6544155877284288 8.315
    endloop
  endfacet
  facet normal 0.751839807478971 0.6593458151000762 0
    outer loop
      vertex 102.85607202504845 -2.008458855568606 7.715
      vertex 102.54558441227157 -1.6544155877284288 8.315
      vertex 102.85607202504845 -2.008458855568606 8.315
    endloop
  endfacet
  facet normal 0.8314696123025495 0.555570233019596 0
    outer loop
      vertex 103.11769145362398 -2.4000000000000004 7.715
      vertex 102.85607202504845 -2.008458855568606 8.315
      vertex 103.11769145362398 -2.4000000000000004 8.315
    endloop
  endfacet
  facet normal 0.8968727415326807 0.44228869021901684 0
    outer loop
      vertex 103.32596631704064 -2.8223396434856767 7.715
      vertex 103.11769145362398 -2.4000000000000004 8.315
      vertex 103.32596631704064 -2.8223396434856767 8.315
    endloop
  endfacet
  facet normal 0 0 1
    outer loop
      vertex 102.25547903491605 -1.4 8.315
      vertex 102.22162940046486 -3.6047161962642025 8.315
      vertex 102.54558441227157 -1.6544155877284288 8.315
    endloop
  endfacet
  facet normal 0 0 1
    outer loop
      vertex 101.82471268266984 -2.7998487132799426 8.315
      vertex 101.9918584287042 -3.0500000000000003 8.315
      vertex 102.25547903491605 -1.4 8.315
    endloop
  endfacet
  facet normal 0 0 1
    outer loop
      vertex 101.9918584287042 -3.0500000000000003 8.315
      vertex 102.12492292477596 -3.3198281055602936 8.315
      vertex 102.25547903491605 -1.4 8.315
    endloop
  endfacet
  facet normal 0 0 1
    outer loop
      vertex 102.25547903491605 -1.4 8.315
      vertex 102.12492292477596 -3.3198281055602936 8.315
      vertex 102.22162940046486 -3.6047161962642025 8.315
    endloop
  endfacet
  facet normal 0 0 1
    outer loop
      vertex 102.54558441227157 -1.6544155877284288 8.315
      vertex 102.22162940046486 -3.6047161962642025 8.315
      vertex 102.28032318115976 -3.8997897578938816 8.315
    endloop
  endfacet
  facet normal 0.9469301294951096 0.3214394653031502 0
    outer loop
      vertex 103.47733297464065 -3.2682514376309255 7.715
      vertex 103.32596631704064 -2.8223396434856767 8.315
      vertex 103.47733297464065 -3.2682514376309255 8.315
    endloop
  endfacet
  facet normal 0.980785280403228 0.19509032201614035 0
    outer loop
      vertex 103.56920150094572 -3.7301057080078146 7.715
      vertex 103.47733297464065 -3.2682514376309255 8.315
      vertex 103.56920150094572 -3.7301057080078146 8.315
    endloop
  endfacet
  facet normal 0.9978589232386053 0.06540312923011805 0
    outer loop
      vertex 103.56920150094572 -3.7301057080078146 8.315
      vertex 103.6 -4.2 8.315
      vertex 103.6 -4.2 7.715
    endloop
  endfacet
  facet normal 0 0 1
    outer loop
      vertex 102.54558441227157 -1.6544155877284288 8.315
      vertex 102.28032318115976 -3.8997897578938816 8.315
      vertex 102.3 -4.2 8.315
    endloop
  endfacet
  facet normal 0 0 1
    outer loop
      vertex 102.54558441227157 -1.6544155877284288 8.315
      vertex 102.3 -4.2 8.315
      vertex 102.28032318115976 -4.500210242106119 8.315
    endloop
  endfacet
  facet normal 0 0 1
    outer loop
      vertex 102.54558441227157 -1.6544155877284288 8.315
      vertex 102.54558441227157 -6.745584412271572 8.315
      vertex 102.85607202504845 -2.008458855568606 8.315
    endloop
  endfacet
  facet normal 0 0 1
    outer loop
      vertex 102.85607202504845 -2.008458855568606 8.315
      vertex 102.85607202504845 -6.391541144431395 8.315
      vertex 103.11769145362398 -2.4000000000000004 8.315
    endloop
  endfacet
  facet normal 0 0 1
    outer loop
      vertex 103.11769145362398 -2.4000000000000004 8.315
      vertex 103.11769145362398 -6 8.315
      vertex 103.32596631704064 -2.8223396434856767 8.315
    endloop
  endfacet
  facet normal 0 0 1
    outer loop
      vertex 103.32596631704064 -2.8223396434856767 8.315
      vertex 103.32596631704064 -5.577660356514324 8.315
      vertex 103.47733297464065 -3.2682514376309255 8.315
    endloop
  endfacet
  facet normal 0 0 1
    outer loop
      vertex 103.47733297464065 -3.2682514376309255 8.315
      vertex 103.47733297464065 -5.131748562369075 8.315
      vertex 103.56920150094572 -3.7301057080078146 8.315
    endloop
  endfacet
  facet normal 0 0 -1
    outer loop
      vertex 102.3 -4.2 7.715
      vertex 102.54558441227157 -6.745584412271572 7.715
      vertex 102.28032318115976 -4.500210242106119 7.715
    endloop
  endfacet
  facet normal 0 0 -1
    outer loop
      vertex 102.85607202504845 -2.008458855568606 7.715
      vertex 103.11769145362398 -6 7.715
      vertex 102.85607202504845 -6.391541144431395 7.715
    endloop
  endfacet
  facet normal 0 0 -1
    outer loop
      vertex 102.54558441227157 -1.6544155877284288 7.715
      vertex 102.85607202504845 -6.391541144431395 7.715
      vertex 102.54558441227157 -6.745584412271572 7.715
    endloop
  endfacet
  facet normal 0 0 -1
    outer loop
      vertex 103.32596631704064 -2.8223396434856767 7.715
      vertex 103.47733297464065 -5.131748562369075 7.715
      vertex 103.32596631704064 -5.577660356514324 7.715
    endloop
  endfacet
  facet normal 0 0 -1
    outer loop
      vertex 103.56920150094572 -3.7301057080078146 7.715
      vertex 103.6 -4.2 7.715
      vertex 103.56920150094572 -4.669894291992186 7.715
    endloop
  endfacet
  facet normal 0 0 -1
    outer loop
      vertex 103.47733297464065 -3.2682514376309255 7.715
      vertex 103.56920150094572 -4.669894291992186 7.715
      vertex 103.47733297464065 -5.131748562369075 7.715
    endloop
  endfacet
  facet normal 0 0 -1
    outer loop
      vertex 103.11769145362398 -2.4000000000000004 7.715
      vertex 103.32596631704064 -5.577660356514324 7.715
      vertex 103.11769145362398 -6 7.715
    endloop
  endfacet
  facet normal 0.9978589232386053 -0.06540312923011798 0
    outer loop
      vertex 103.6 -4.2 7.715
      vertex 103.6 -4.2 8.315
      vertex 103.56920150094572 -4.669894291992186 7.715
    endloop
  endfacet
  facet normal 0.980785280403228 -0.19509032201614054 0
    outer loop
      vertex 103.47733297464065 -5.131748562369075 7.715
      vertex 103.56920150094572 -4.669894291992186 7.715
      vertex 103.56920150094572 -4.669894291992186 8.315
    endloop
  endfacet
  facet normal 0 0 -1
    outer loop
      vertex 102.28032318115976 -4.500210242106119 7.715
      vertex 102.54558441227157 -6.745584412271572 7.715
      vertex 102.22162940046486 -4.795283803735797 7.715
    endloop
  endfacet
  facet normal 0 0 -1
    outer loop
      vertex 102.22162940046486 -4.795283803735797 7.715
      vertex 102.1915411444314 -7.056072025048447 7.715
      vertex 102.12492292477596 -5.080171894439706 7.715
    endloop
  endfacet
  facet normal 0 0 -1
    outer loop
      vertex 101.9918584287042 -5.35 7.715
      vertex 102.12492292477596 -5.080171894439706 7.715
      vertex 102.1915411444314 -7.056072025048447 7.715
    endloop
  endfacet
  facet normal 0 0 -1
    outer loop
      vertex 101.9918584287042 -5.35 7.715
      vertex 102.1915411444314 -7.056072025048447 7.715
      vertex 101.82471268266984 -5.600151286720058 7.715
    endloop
  endfacet
  facet normal 0.9469301294951096 -0.3214394653031502 0
    outer loop
      vertex 103.47733297464065 -5.131748562369075 7.715
      vertex 103.47733297464065 -5.131748562369075 8.315
      vertex 103.32596631704064 -5.577660356514324 7.715
    endloop
  endfacet
  facet normal 0.8968727415326807 -0.44228869021901684 0
    outer loop
      vertex 103.32596631704064 -5.577660356514324 7.715
      vertex 103.32596631704064 -5.577660356514324 8.315
      vertex 103.11769145362398 -6 7.715
    endloop
  endfacet
  facet normal 0.8314696123025497 -0.5555702330195955 0
    outer loop
      vertex 103.11769145362398 -6 7.715
      vertex 103.11769145362398 -6 8.315
      vertex 102.85607202504845 -6.391541144431395 7.715
    endloop
  endfacet
  facet normal 0 0 -1
    outer loop
      vertex 102.22162940046486 -4.795283803735797 7.715
      vertex 102.54558441227157 -6.745584412271572 7.715
      vertex 102.1915411444314 -7.056072025048447 7.715
    endloop
  endfacet
  facet normal 0.7518398074789705 -0.6593458151000767 0
    outer loop
      vertex 102.85607202504845 -6.391541144431395 7.715
      vertex 102.85607202504845 -6.391541144431395 8.315
      vertex 102.54558441227157 -6.745584412271572 7.715
    endloop
  endfacet
  facet normal 0.6593458151000776 -0.7518398074789696 0
    outer loop
      vertex 102.1915411444314 -7.056072025048447 7.715
      vertex 102.54558441227157 -6.745584412271572 7.715
      vertex 102.1915411444314 -7.056072025048447 8.315
    endloop
  endfacet
  facet normal 0.9978589232386053 -0.06540312923011798 0
    outer loop
      vertex 103.56920150094572 -4.669894291992186 7.715
      vertex 103.6 -4.2 8.315
      vertex 103.56920150094572 -4.669894291992186 8.315
    endloop
  endfacet
  facet normal 0.980785280403228 -0.19509032201614054 0
    outer loop
      vertex 103.47733297464065 -5.131748562369075 7.715
      vertex 103.56920150094572 -4.669894291992186 8.315
      vertex 103.47733297464065 -5.131748562369075 8.315
    endloop
  endfacet
  facet normal 0 0 1
    outer loop
      vertex 102.54558441227157 -1.6544155877284288 8.315
      vertex 102.28032318115976 -4.500210242106119 8.315
      vertex 102.1915411444314 -7.056072025048447 8.315
    endloop
  endfacet
  facet normal 0 0 1
    outer loop
      vertex 102.54558441227157 -1.6544155877284288 8.315
      vertex 102.1915411444314 -7.056072025048447 8.315
      vertex 102.54558441227157 -6.745584412271572 8.315
    endloop
  endfacet
  facet normal 0 0 1
    outer loop
      vertex 102.85607202504845 -2.008458855568606 8.315
      vertex 102.54558441227157 -6.745584412271572 8.315
      vertex 102.85607202504845 -6.391541144431395 8.315
    endloop
  endfacet
  facet normal 0 0 1
    outer loop
      vertex 103.56920150094572 -3.7301057080078146 8.315
      vertex 103.56920150094572 -4.669894291992186 8.315
      vertex 103.6 -4.2 8.315
    endloop
  endfacet
  facet normal 0 0 1
    outer loop
      vertex 103.56920150094572 -3.7301057080078146 8.315
      vertex 103.47733297464065 -5.131748562369075 8.315
      vertex 103.56920150094572 -4.669894291992186 8.315
    endloop
  endfacet
  facet normal 0 0 1
    outer loop
      vertex 103.47733297464065 -3.2682514376309255 8.315
      vertex 103.32596631704064 -5.577660356514324 8.315
      vertex 103.47733297464065 -5.131748562369075 8.315
    endloop
  endfacet
  facet normal 0 0 1
    outer loop
      vertex 103.32596631704064 -2.8223396434856767 8.315
      vertex 103.11769145362398 -6 8.315
      vertex 103.32596631704064 -5.577660356514324 8.315
    endloop
  endfacet
  facet normal 0 0 1
    outer loop
      vertex 103.11769145362398 -2.4000000000000004 8.315
      vertex 102.85607202504845 -6.391541144431395 8.315
      vertex 103.11769145362398 -6 8.315
    endloop
  endfacet
  facet normal 0.9469301294951096 -0.3214394653031502 0
    outer loop
      vertex 103.32596631704064 -5.577660356514324 7.715
      vertex 103.47733297464065 -5.131748562369075 8.315
      vertex 103.32596631704064 -5.577660356514324 8.315
    endloop
  endfacet
  facet normal 0.8968727415326807 -0.44228869021901684 0
    outer loop
      vertex 103.11769145362398 -6 7.715
      vertex 103.32596631704064 -5.577660356514324 8.315
      vertex 103.11769145362398 -6 8.315
    endloop
  endfacet
  facet normal 0 0 1
    outer loop
      vertex 102.28032318115976 -4.500210242106119 8.315
      vertex 102.22162940046486 -4.795283803735797 8.315
      vertex 102.1915411444314 -7.056072025048447 8.315
    endloop
  endfacet
  facet normal 0 0 1
    outer loop
      vertex 102.22162940046486 -4.795283803735797 8.315
      vertex 102.12492292477596 -5.080171894439706 8.315
      vertex 102.1915411444314 -7.056072025048447 8.315
    endloop
  endfacet
  facet normal 0 0 1
    outer loop
      vertex 101.9918584287042 -5.35 8.315
      vertex 102.1915411444314 -7.056072025048447 8.315
      vertex 102.12492292477596 -5.080171894439706 8.315
    endloop
  endfacet
  facet normal 0 0 1
    outer loop
      vertex 101.9918584287042 -5.35 8.315
      vertex 101.82471268266984 -5.600151286720058 8.315
      vertex 102.1915411444314 -7.056072025048447 8.315
    endloop
  endfacet
  facet normal 0.8314696123025497 -0.5555702330195955 0
    outer loop
      vertex 102.85607202504845 -6.391541144431395 7.715
      vertex 103.11769145362398 -6 8.315
      vertex 102.85607202504845 -6.391541144431395 8.315
    endloop
  endfacet
  facet normal 0.7518398074789705 -0.6593458151000767 0
    outer loop
      vertex 102.54558441227157 -6.745584412271572 7.715
      vertex 102.85607202504845 -6.391541144431395 8.315
      vertex 102.54558441227157 -6.745584412271572 8.315
    endloop
  endfacet
  facet normal 0.6593458151000776 -0.7518398074789696 0
    outer loop
      vertex 102.54558441227157 -6.745584412271572 7.715
      vertex 102.54558441227157 -6.745584412271572 8.315
      vertex 102.1915411444314 -7.056072025048447 8.315
    endloop
  endfacet
  facet normal 0.5555702330195954 -0.8314696123025496 0
    outer loop
      vertex 101.8 -7.317691453623979 8.315
      vertex 102.1915411444314 -7.056072025048447 7.715
      vertex 102.1915411444314 -7.056072025048447 8.315
    endloop
  endfacet
  facet normal -0.8314696123025532 0.5555702330195903 0
    outer loop
      vertex 92.14392797495155 -59.508458855568605 7.715
      vertex 91.88230854637602 -59.900000000000006 7.715
      vertex 91.88230854637602 -59.900000000000006 8.315
    endloop
  endfacet
  facet normal 0 0 -1
    outer loop
      vertex 93.62233964348567 -58.37403368295937 7.715
      vertex 94.06825143763092 -58.22266702535936 7.715
      vertex 93.85 -59.7081415712958 7.715
    endloop
  endfacet
  facet normal -0.442288690219009 0.8968727415326844 0
    outer loop
      vertex 93.2 -58.58230854637603 7.715
      vertex 93.62233964348567 -58.37403368295937 8.315
      vertex 93.62233964348567 -58.37403368295937 7.715
    endloop
  endfacet
  facet normal -0.5555702330195903 0.8314696123025532 0
    outer loop
      vertex 93.2 -58.58230854637603 7.715
      vertex 92.8084588555686 -58.843927974951555 7.715
      vertex 93.2 -58.58230854637603 8.315
    endloop
  endfacet
  facet normal -0.3214394653031655 0.9469301294951042 0
    outer loop
      vertex 93.62233964348567 -58.37403368295937 7.715
      vertex 94.06825143763092 -58.22266702535936 8.315
      vertex 94.06825143763092 -58.22266702535936 7.715
    endloop
  endfacet
  facet normal 0 0 -1
    outer loop
      vertex 92.45441558772843 -59.15441558772843 7.715
      vertex 92.8084588555686 -58.843927974951555 7.715
      vertex 92.77837059953514 -61.10471619626421 7.715
    endloop
  endfacet
  facet normal 0 0 -1
    outer loop
      vertex 93.2 -58.58230854637603 7.715
      vertex 93.62233964348567 -58.37403368295937 7.715
      vertex 93.59984871327994 -59.87528731733016 7.715
    endloop
  endfacet
  facet normal 0 0 -1
    outer loop
      vertex 93.2 -58.58230854637603 7.715
      vertex 93.17528731733016 -60.29984871327994 7.715
      vertex 92.8084588555686 -58.843927974951555 7.715
    endloop
  endfacet
  facet normal 0 0 -1
    outer loop
      vertex 93.2 -58.58230854637603 7.715
      vertex 93.59984871327994 -59.87528731733016 7.715
      vertex 93.37365440327095 -60.07365440327094 7.715
    endloop
  endfacet
  facet normal 0 0 -1
    outer loop
      vertex 93.2 -58.58230854637603 7.715
      vertex 93.37365440327095 -60.07365440327094 7.715
      vertex 93.17528731733016 -60.29984871327994 7.715
    endloop
  endfacet
  facet normal 0 0 -1
    outer loop
      vertex 93.62233964348567 -58.37403368295937 7.715
      vertex 93.85 -59.7081415712958 7.715
      vertex 93.59984871327994 -59.87528731733016 7.715
    endloop
  endfacet
  facet normal -0.6593458151000766 0.7518398074789706 0
    outer loop
      vertex 92.45441558772843 -59.15441558772843 7.715
      vertex 92.8084588555686 -58.843927974951555 8.315
      vertex 92.8084588555686 -58.843927974951555 7.715
    endloop
  endfacet
  facet normal -0.7518398074789697 0.6593458151000776 0
    outer loop
      vertex 92.45441558772843 -59.15441558772843 7.715
      vertex 92.14392797495155 -59.508458855568605 7.715
      vertex 92.14392797495155 -59.508458855568605 8.315
    endloop
  endfacet
  facet normal -0.8968727415326784 0.4422886902190212 0
    outer loop
      vertex 91.88230854637602 -59.900000000000006 7.715
      vertex 91.67403368295936 -60.32233964348568 7.715
      vertex 91.67403368295936 -60.32233964348568 8.315
    endloop
  endfacet
  facet normal -0.9469301294951107 0.3214394653031474 0
    outer loop
      vertex 91.67403368295936 -60.32233964348568 7.715
      vertex 91.52266702535935 -60.76825143763093 7.715
      vertex 91.52266702535935 -60.76825143763093 8.315
    endloop
  endfacet
  facet normal 0 0 -1
    outer loop
      vertex 91.88230854637602 -59.900000000000006 7.715
      vertex 91.88230854637602 -63.5 7.715
      vertex 91.67403368295936 -60.32233964348568 7.715
    endloop
  endfacet
  facet normal 0 0 -1
    outer loop
      vertex 91.52266702535935 -60.76825143763093 7.715
      vertex 91.52266702535935 -62.631748562369076 7.715
      vertex 91.43079849905428 -61.23010570800782 7.715
    endloop
  endfacet
  facet normal 0 0 -1
    outer loop
      vertex 91.43079849905428 -61.23010570800782 7.715
      vertex 91.43079849905428 -62.169894291992186 7.715
      vertex 91.4 -61.7 7.715
    endloop
  endfacet
  facet normal 0 0 -1
    outer loop
      vertex 91.67403368295936 -60.32233964348568 7.715
      vertex 91.67403368295936 -63.07766035651433 7.715
      vertex 91.52266702535935 -60.76825143763093 7.715
    endloop
  endfacet
  facet normal -0.980785280403228 0.19509032201614016 0
    outer loop
      vertex 91.52266702535935 -60.76825143763093 7.715
      vertex 91.43079849905428 -61.23010570800782 7.715
      vertex 91.43079849905428 -61.23010570800782 8.315
    endloop
  endfacet
  facet normal -0.9978589232386051 0.06540312923011836 0
    outer loop
      vertex 91.43079849905428 -61.23010570800782 7.715
      vertex 91.4 -61.7 7.715
      vertex 91.4 -61.7 8.315
    endloop
  endfacet
  facet normal 0 0 -1
    outer loop
      vertex 92.8084588555686 -58.843927974951555 7.715
      vertex 93.17528731733016 -60.29984871327994 7.715
      vertex 93.0081415712958 -60.550000000000004 7.715
    endloop
  endfacet
  facet normal 0 0 -1
    outer loop
      vertex 92.8084588555686 -58.843927974951555 7.715
      vertex 93.0081415712958 -60.550000000000004 7.715
      vertex 92.87507707522404 -60.8198281055603 7.715
    endloop
  endfacet
  facet normal 0 0 -1
    outer loop
      vertex 92.8084588555686 -58.843927974951555 7.715
      vertex 92.87507707522404 -60.8198281055603 7.715
      vertex 92.77837059953514 -61.10471619626421 7.715
    endloop
  endfacet
  facet normal 0 0 -1
    outer loop
      vertex 92.45441558772843 -59.15441558772843 7.715
      vertex 92.77837059953514 -61.10471619626421 7.715
      vertex 92.71967681884024 -61.399789757893885 7.715
    endloop
  endfacet
  facet normal 0 0 -1
    outer loop
      vertex 92.45441558772843 -59.15441558772843 7.715
      vertex 92.71967681884024 -61.399789757893885 7.715
      vertex 92.7 -61.7 7.715
    endloop
  endfacet
  facet normal 0 0 -1
    outer loop
      vertex 92.14392797495155 -59.508458855568605 7.715
      vertex 92.14392797495155 -63.8915411444314 7.715
      vertex 91.88230854637602 -59.900000000000006 7.715
    endloop
  endfacet
  facet normal 0 0 -1
    outer loop
      vertex 92.45441558772843 -59.15441558772843 7.715
      vertex 92.45441558772843 -64.24558441227157 7.715
      vertex 92.14392797495155 -59.508458855568605 7.715
    endloop
  endfacet
  facet normal 0 0 -1
    outer loop
      vertex 92.45441558772843 -59.15441558772843 7.715
      vertex 92.7 -61.7 7.715
      vertex 92.8084588555686 -64.55607202504845 7.715
    endloop
  endfacet
  facet normal 0 0 -1
    outer loop
      vertex 93.98376901709184 -61.56621065297445 7.715
      vertex 94.0099260280537 -61.43471047876992 7.715
      vertex 93.98376901709184 -61.83378934702556 7.715
    endloop
  endfacet
  facet normal 0 0 -1
    outer loop
      vertex 93.98376901709184 -61.56621065297445 7.715
      vertex 93.98376901709184 -61.83378934702556 7.715
      vertex 93.975 -61.7 7.715
    endloop
  endfacet
  facet normal -0.5555702330195903 0.8314696123025532 0
    outer loop
      vertex 92.8084588555686 -58.843927974951555 7.715
      vertex 92.8084588555686 -58.843927974951555 8.315
      vertex 93.2 -58.58230854637603 8.315
    endloop
  endfacet
  facet normal -0.442288690219009 0.8968727415326844 0
    outer loop
      vertex 93.2 -58.58230854637603 7.715
      vertex 93.2 -58.58230854637603 8.315
      vertex 93.62233964348567 -58.37403368295937 8.315
    endloop
  endfacet
  facet normal -0.3214394653031655 0.9469301294951042 0
    outer loop
      vertex 93.62233964348567 -58.37403368295937 7.715
      vertex 93.62233964348567 -58.37403368295937 8.315
      vertex 94.06825143763092 -58.22266702535936 8.315
    endloop
  endfacet
  facet normal 0 0 1
    outer loop
      vertex 93.62233964348567 -58.37403368295937 8.315
      vertex 94.11982810556029 -59.575077075224044 8.315
      vertex 94.06825143763092 -58.22266702535936 8.315
    endloop
  endfacet
  facet normal -0.7518398074789697 0.6593458151000776 0
    outer loop
      vertex 92.45441558772843 -59.15441558772843 7.715
      vertex 92.14392797495155 -59.508458855568605 8.315
      vertex 92.45441558772843 -59.15441558772843 8.315
    endloop
  endfacet
  facet normal -0.6593458151000766 0.7518398074789706 0
    outer loop
      vertex 92.45441558772843 -59.15441558772843 7.715
      vertex 92.45441558772843 -59.15441558772843 8.315
      vertex 92.8084588555686 -58.843927974951555 8.315
    endloop
  endfacet
  facet normal -0.8314696123025532 0.5555702330195903 0
    outer loop
      vertex 92.14392797495155 -59.508458855568605 7.715
      vertex 91.88230854637602 -59.900000000000006 8.315
      vertex 92.14392797495155 -59.508458855568605 8.315
    endloop
  endfacet
  facet normal 0 0 1
    outer loop
      vertex 93.2 -58.58230854637603 8.315
      vertex 93.59984871327994 -59.87528731733016 8.315
      vertex 93.62233964348567 -58.37403368295937 8.315
    endloop
  endfacet
  facet normal 0 0 1
    outer loop
      vertex 93.2 -58.58230854637603 8.315
      vertex 92.8084588555686 -58.843927974951555 8.315
      vertex 93.17528731733016 -60.29984871327994 8.315
    endloop
  endfacet
  facet normal 0 0 1
    outer loop
      vertex 93.62233964348567 -58.37403368295937 8.315
      vertex 93.85 -59.7081415712958 8.315
      vertex 94.11982810556029 -59.575077075224044 8.315
    endloop
  endfacet
  facet normal 0 0 1
    outer loop
      vertex 93.2 -58.58230854637603 8.315
      vertex 93.37365440327095 -60.07365440327094 8.315
      vertex 93.59984871327994 -59.87528731733016 8.315
    endloop
  endfacet
  facet normal 0 0 1
    outer loop
      vertex 93.2 -58.58230854637603 8.315
      vertex 93.17528731733016 -60.29984871327994 8.315
      vertex 93.37365440327095 -60.07365440327094 8.315
    endloop
  endfacet
  facet normal 0 0 1
    outer loop
      vertex 93.62233964348567 -58.37403368295937 8.315
      vertex 93.59984871327994 -59.87528731733016 8.315
      vertex 93.85 -59.7081415712958 8.315
    endloop
  endfacet
  facet normal -0.8968727415326784 0.4422886902190212 0
    outer loop
      vertex 91.88230854637602 -59.900000000000006 7.715
      vertex 91.67403368295936 -60.32233964348568 8.315
      vertex 91.88230854637602 -59.900000000000006 8.315
    endloop
  endfacet
  facet normal -0.9469301294951107 0.3214394653031474 0
    outer loop
      vertex 91.67403368295936 -60.32233964348568 7.715
      vertex 91.52266702535935 -60.76825143763093 8.315
      vertex 91.67403368295936 -60.32233964348568 8.315
    endloop
  endfacet
  facet normal -0.980785280403228 0.19509032201614016 0
    outer loop
      vertex 91.52266702535935 -60.76825143763093 7.715
      vertex 91.43079849905428 -61.23010570800782 8.315
      vertex 91.52266702535935 -60.76825143763093 8.315
    endloop
  endfacet
  facet normal -0.9978589232386051 0.06540312923011836 0
    outer loop
      vertex 91.43079849905428 -61.23010570800782 7.715
      vertex 91.4 -61.7 8.315
      vertex 91.43079849905428 -61.23010570800782 8.315
    endloop
  endfacet
  facet normal -0.9978589232386051 -0.06540312923011836 0
    outer loop
      vertex 91.4 -61.7 7.715
      vertex 91.43079849905428 -62.169894291992186 8.315
      vertex 91.4 -61.7 8.315
    endloop
  endfacet
  facet normal 0 0 1
    outer loop
      vertex 91.88230854637602 -59.900000000000006 8.315
      vertex 91.67403368295936 -60.32233964348568 8.315
      vertex 91.67403368295936 -63.07766035651433 8.315
    endloop
  endfacet
  facet normal 0 0 1
    outer loop
      vertex 92.14392797495155 -59.508458855568605 8.315
      vertex 91.88230854637602 -59.900000000000006 8.315
      vertex 91.88230854637602 -63.5 8.315
    endloop
  endfacet
  facet normal 0 0 1
    outer loop
      vertex 91.67403368295936 -60.32233964348568 8.315
      vertex 91.52266702535935 -60.76825143763093 8.315
      vertex 91.52266702535935 -62.631748562369076 8.315
    endloop
  endfacet
  facet normal 0 0 1
    outer loop
      vertex 91.52266702535935 -60.76825143763093 8.315
      vertex 91.43079849905428 -61.23010570800782 8.315
      vertex 91.43079849905428 -62.169894291992186 8.315
    endloop
  endfacet
  facet normal 0 0 1
    outer loop
      vertex 91.43079849905428 -61.23010570800782 8.315
      vertex 91.4 -61.7 8.315
      vertex 91.43079849905428 -62.169894291992186 8.315
    endloop
  endfacet
  facet normal 0 0 1
    outer loop
      vertex 91.52266702535935 -60.76825143763093 8.315
      vertex 91.43079849905428 -62.169894291992186 8.315
      vertex 91.52266702535935 -62.631748562369076 8.315
    endloop
  endfacet
  facet normal 0 0 1
    outer loop
      vertex 92.8084588555686 -58.843927974951555 8.315
      vertex 93.0081415712958 -60.550000000000004 8.315
      vertex 93.17528731733016 -60.29984871327994 8.315
    endloop
  endfacet
  facet normal 0 0 1
    outer loop
      vertex 92.8084588555686 -58.843927974951555 8.315
      vertex 92.87507707522404 -60.8198281055603 8.315
      vertex 93.0081415712958 -60.550000000000004 8.315
    endloop
  endfacet
  facet normal 0 0 1
    outer loop
      vertex 92.8084588555686 -58.843927974951555 8.315
      vertex 92.77837059953514 -61.10471619626421 8.315
      vertex 92.87507707522404 -60.8198281055603 8.315
    endloop
  endfacet
  facet normal 0 0 1
    outer loop
      vertex 92.8084588555686 -58.843927974951555 8.315
      vertex 92.71967681884024 -61.399789757893885 8.315
      vertex 92.77837059953514 -61.10471619626421 8.315
    endloop
  endfacet
  facet normal 0 0 1
    outer loop
      vertex 92.45441558772843 -59.15441558772843 8.315
      vertex 92.45441558772843 -64.24558441227157 8.315
      vertex 92.8084588555686 -58.843927974951555 8.315
    endloop
  endfacet
  facet normal 0 0 1
    outer loop
      vertex 92.45441558772843 -59.15441558772843 8.315
      vertex 92.14392797495155 -59.508458855568605 8.315
      vertex 92.14392797495155 -63.8915411444314 8.315
    endloop
  endfacet
  facet normal 0 0 1
    outer loop
      vertex 92.8084588555686 -58.843927974951555 8.315
      vertex 92.45441558772843 -64.24558441227157 8.315
      vertex 92.71967681884024 -61.399789757893885 8.315
    endloop
  endfacet
  facet normal 0 0 1
    outer loop
      vertex 93.98376901709184 -61.56621065297445 8.315
      vertex 93.975 -61.7 8.315
      vertex 93.98376901709184 -61.83378934702556 8.315
    endloop
  endfacet
  facet normal 0 0 1
    outer loop
      vertex 93.98376901709184 -61.56621065297445 8.315
      vertex 93.98376901709184 -61.83378934702556 8.315
      vertex 94.0099260280537 -61.96528952123008 8.315
    endloop
  endfacet
  facet normal 0 0 -1
    outer loop
      vertex 91.43079849905428 -61.23010570800782 7.715
      vertex 91.52266702535935 -62.631748562369076 7.715
      vertex 91.43079849905428 -62.169894291992186 7.715
    endloop
  endfacet
  facet normal 0 0 -1
    outer loop
      vertex 91.52266702535935 -60.76825143763093 7.715
      vertex 91.67403368295936 -63.07766035651433 7.715
      vertex 91.52266702535935 -62.631748562369076 7.715
    endloop
  endfacet
  facet normal 0 0 -1
    outer loop
      vertex 91.67403368295936 -60.32233964348568 7.715
      vertex 91.88230854637602 -63.5 7.715
      vertex 91.67403368295936 -63.07766035651433 7.715
    endloop
  endfacet
  facet normal 0 0 -1
    outer loop
      vertex 91.88230854637602 -59.900000000000006 7.715
      vertex 92.14392797495155 -63.8915411444314 7.715
      vertex 91.88230854637602 -63.5 7.715
    endloop
  endfacet
  facet normal -0.9978589232386051 -0.06540312923011836 0
    outer loop
      vertex 91.4 -61.7 7.715
      vertex 91.43079849905428 -62.169894291992186 7.715
      vertex 91.43079849905428 -62.169894291992186 8.315
    endloop
  endfacet
  facet normal -0.980785280403228 -0.19509032201614016 0
    outer loop
      vertex 91.43079849905428 -62.169894291992186 7.715
      vertex 91.52266702535935 -62.631748562369076 7.715
      vertex 91.52266702535935 -62.631748562369076 8.315
    endloop
  endfacet
  facet normal -0.9469301294951107 -0.3214394653031474 0
    outer loop
      vertex 91.52266702535935 -62.631748562369076 7.715
      vertex 91.67403368295936 -63.07766035651433 7.715
      vertex 91.67403368295936 -63.07766035651433 8.315
    endloop
  endfacet
  facet normal -0.8968727415326784 -0.4422886902190212 0
    outer loop
      vertex 91.67403368295936 -63.07766035651433 7.715
      vertex 91.88230854637602 -63.5 7.715
      vertex 91.88230854637602 -63.5 8.315
    endloop
  endfacet
  facet normal 0 0 -1
    outer loop
      vertex 92.14392797495155 -59.508458855568605 7.715
      vertex 92.45441558772843 -64.24558441227157 7.715
      vertex 92.14392797495155 -63.8915411444314 7.715
    endloop
  endfacet
  facet normal 0 0 -1
    outer loop
      vertex 92.45441558772843 -59.15441558772843 7.715
      vertex 92.8084588555686 -64.55607202504845 7.715
      vertex 92.45441558772843 -64.24558441227157 7.715
    endloop
  endfacet
  facet normal 0 0 -1
    outer loop
      vertex 92.7 -61.7 7.715
      vertex 92.71967681884024 -62.00021024210612 7.715
      vertex 92.8084588555686 -64.55607202504845 7.715
    endloop
  endfacet
  facet normal 0 0 -1
    outer loop
      vertex 92.71967681884024 -62.00021024210612 7.715
      vertex 92.77837059953514 -62.2952838037358 7.715
      vertex 92.8084588555686 -64.55607202504845 7.715
    endloop
  endfacet
  facet normal 0 0 -1
    outer loop
      vertex 92.77837059953514 -62.2952838037358 7.715
      vertex 92.87507707522404 -62.58017189443971 7.715
      vertex 92.8084588555686 -64.55607202504845 7.715
    endloop
  endfacet
  facet normal 0 0 -1
    outer loop
      vertex 92.87507707522404 -62.58017189443971 7.715
      vertex 93.0081415712958 -62.85 7.715
      vertex 92.8084588555686 -64.55607202504845 7.715
    endloop
  endfacet
  facet normal 0 0 -1
    outer loop
      vertex 93.0081415712958 -62.85 7.715
      vertex 93.17528731733016 -63.10015128672006 7.715
      vertex 92.8084588555686 -64.55607202504845 7.715
    endloop
  endfacet
  facet normal 0 0 -1
    outer loop
      vertex 93.17528731733016 -63.10015128672006 7.715
      vertex 93.37365440327095 -63.32634559672906 7.715
      vertex 92.87420171602334 -64.60000000000001 7.715
    endloop
  endfacet
  facet normal 0 0 -1
    outer loop
      vertex 93.37365440327095 -63.32634559672906 7.715
      vertex 93.59984871327994 -63.52471268266984 7.715
      vertex 92.87420171602334 -64.60000000000001 7.715
    endloop
  endfacet
  facet normal -0.8314696123025532 -0.5555702330195903 0
    outer loop
      vertex 91.88230854637602 -63.5 7.715
      vertex 92.14392797495155 -63.8915411444314 7.715
      vertex 92.14392797495155 -63.8915411444314 8.315
    endloop
  endfacet
  facet normal 0 0 -1
    outer loop
      vertex 93.17528731733016 -63.10015128672006 7.715
      vertex 92.87420171602334 -64.60000000000001 7.715
      vertex 92.8084588555686 -64.55607202504845 7.715
    endloop
  endfacet
  facet normal 0 0 -1
    outer loop
      vertex 93.59984871327994 -63.52471268266984 7.715
      vertex 93.85 -63.69185842870421 7.715
      vertex 92.87420171602334 -64.60000000000001 7.715
    endloop
  endfacet
  facet normal 0 0 -1
    outer loop
      vertex 93.85 -63.69185842870421 7.715
      vertex 94.11982810556029 -63.82492292477596 7.715
      vertex 92.87420171602334 -64.60000000000001 7.715
    endloop
  endfacet
  facet normal 0 0 -1
    outer loop
      vertex 92.87420171602334 -64.60000000000001 7.715
      vertex 94.11982810556029 -63.82492292477596 7.715
      vertex 94.4047161962642 -63.92162940046486 7.715
    endloop
  endfacet
  facet normal 0 0 -1
    outer loop
      vertex 92.87420171602334 -64.60000000000001 7.715
      vertex 94.4047161962642 -63.92162940046486 7.715
      vertex 94.69978975789388 -63.98032318115977 7.715
    endloop
  endfacet
  facet normal -0.7518398074789632 -0.6593458151000852 0
    outer loop
      vertex 92.14392797495155 -63.8915411444314 7.715
      vertex 92.45441558772843 -64.24558441227157 7.715
      vertex 92.45441558772843 -64.24558441227157 8.315
    endloop
  endfacet
  facet normal -0.6593458151000852 -0.7518398074789632 0
    outer loop
      vertex 92.45441558772843 -64.24558441227157 7.715
      vertex 92.8084588555686 -64.55607202504845 7.715
      vertex 92.45441558772843 -64.24558441227157 8.315
    endloop
  endfacet
  facet normal -0.5555702330195623 -0.8314696123025719 0
    outer loop
      vertex 92.8084588555686 -64.55607202504845 7.715
      vertex 92.87420171602334 -64.60000000000001 7.715
      vertex 92.8084588555686 -64.55607202504845 8.315
    endloop
  endfacet
  facet normal -0.980785280403228 -0.19509032201614016 0
    outer loop
      vertex 91.43079849905428 -62.169894291992186 7.715
      vertex 91.52266702535935 -62.631748562369076 8.315
      vertex 91.43079849905428 -62.169894291992186 8.315
    endloop
  endfacet
  facet normal -0.9469301294951107 -0.3214394653031474 0
    outer loop
      vertex 91.52266702535935 -62.631748562369076 7.715
      vertex 91.67403368295936 -63.07766035651433 8.315
      vertex 91.52266702535935 -62.631748562369076 8.315
    endloop
  endfacet
  facet normal 0 0 1
    outer loop
      vertex 91.67403368295936 -60.32233964348568 8.315
      vertex 91.52266702535935 -62.631748562369076 8.315
      vertex 91.67403368295936 -63.07766035651433 8.315
    endloop
  endfacet
  facet normal 0 0 1
    outer loop
      vertex 91.88230854637602 -59.900000000000006 8.315
      vertex 91.67403368295936 -63.07766035651433 8.315
      vertex 91.88230854637602 -63.5 8.315
    endloop
  endfacet
  facet normal -0.8968727415326784 -0.4422886902190212 0
    outer loop
      vertex 91.67403368295936 -63.07766035651433 7.715
      vertex 91.88230854637602 -63.5 8.315
      vertex 91.67403368295936 -63.07766035651433 8.315
    endloop
  endfacet
  facet normal -0.8314696123025532 -0.5555702330195903 0
    outer loop
      vertex 91.88230854637602 -63.5 7.715
      vertex 92.14392797495155 -63.8915411444314 8.315
      vertex 91.88230854637602 -63.5 8.315
    endloop
  endfacet
  facet normal 0 0 1
    outer loop
      vertex 92.14392797495155 -59.508458855568605 8.315
      vertex 91.88230854637602 -63.5 8.315
      vertex 92.14392797495155 -63.8915411444314 8.315
    endloop
  endfacet
  facet normal 0 0 1
    outer loop
      vertex 92.45441558772843 -59.15441558772843 8.315
      vertex 92.14392797495155 -63.8915411444314 8.315
      vertex 92.45441558772843 -64.24558441227157 8.315
    endloop
  endfacet
  facet normal 0 0 1
    outer loop
      vertex 92.71967681884024 -61.399789757893885 8.315
      vertex 92.45441558772843 -64.24558441227157 8.315
      vertex 92.7 -61.7 8.315
    endloop
  endfacet
  facet normal 0 0 1
    outer loop
      vertex 92.7 -61.7 8.315
      vertex 92.45441558772843 -64.24558441227157 8.315
      vertex 92.71967681884024 -62.00021024210612 8.315
    endloop
  endfacet
  facet normal 0 0 1
    outer loop
      vertex 92.71967681884024 -62.00021024210612 8.315
      vertex 92.45441558772843 -64.24558441227157 8.315
      vertex 92.77837059953514 -62.2952838037358 8.315
    endloop
  endfacet
  facet normal 0 0 1
    outer loop
      vertex 92.77837059953514 -62.2952838037358 8.315
      vertex 92.8084588555686 -64.55607202504845 8.315
      vertex 92.87507707522404 -62.58017189443971 8.315
    endloop
  endfacet
  facet normal 0 0 1
    outer loop
      vertex 92.87507707522404 -62.58017189443971 8.315
      vertex 92.8084588555686 -64.55607202504845 8.315
      vertex 93.0081415712958 -62.85 8.315
    endloop
  endfacet
  facet normal 0 0 1
    outer loop
      vertex 93.0081415712958 -62.85 8.315
      vertex 92.8084588555686 -64.55607202504845 8.315
      vertex 93.17528731733016 -63.10015128672006 8.315
    endloop
  endfacet
  facet normal 0 0 1
    outer loop
      vertex 92.77837059953514 -62.2952838037358 8.315
      vertex 92.45441558772843 -64.24558441227157 8.315
      vertex 92.8084588555686 -64.55607202504845 8.315
    endloop
  endfacet
  facet normal 0 0 1
    outer loop
      vertex 93.17528731733016 -63.10015128672006 8.315
      vertex 92.87420171602334 -64.60000000000001 8.315
      vertex 93.37365440327095 -63.32634559672906 8.315
    endloop
  endfacet
  facet normal 0 0 1
    outer loop
      vertex 93.37365440327095 -63.32634559672906 8.315
      vertex 92.87420171602334 -64.60000000000001 8.315
      vertex 93.59984871327994 -63.52471268266984 8.315
    endloop
  endfacet
  facet normal -0.7518398074789632 -0.6593458151000852 0
    outer loop
      vertex 92.14392797495155 -63.8915411444314 7.715
      vertex 92.45441558772843 -64.24558441227157 8.315
      vertex 92.14392797495155 -63.8915411444314 8.315
    endloop
  endfacet
  facet normal -0.6593458151000852 -0.7518398074789632 0
    outer loop
      vertex 92.8084588555686 -64.55607202504845 7.715
      vertex 92.8084588555686 -64.55607202504845 8.315
      vertex 92.45441558772843 -64.24558441227157 8.315
    endloop
  endfacet
  facet normal -0.5555702330195623 -0.8314696123025719 0
    outer loop
      vertex 92.87420171602334 -64.60000000000001 7.715
      vertex 92.87420171602334 -64.60000000000001 8.315
      vertex 92.8084588555686 -64.55607202504845 8.315
    endloop
  endfacet
  facet normal 0 0 1
    outer loop
      vertex 93.17528731733016 -63.10015128672006 8.315
      vertex 92.8084588555686 -64.55607202504845 8.315
      vertex 92.87420171602334 -64.60000000000001 8.315
    endloop
  endfacet
  facet normal 0 0 1
    outer loop
      vertex 93.59984871327994 -63.52471268266984 8.315
      vertex 92.87420171602334 -64.60000000000001 8.315
      vertex 93.85 -63.69185842870421 8.315
    endloop
  endfacet
  facet normal 0 0 1
    outer loop
      vertex 93.85 -63.69185842870421 8.315
      vertex 92.87420171602334 -64.60000000000001 8.315
      vertex 94.11982810556029 -63.82492292477596 8.315
    endloop
  endfacet
  facet normal 0 0 1
    outer loop
      vertex 92.87420171602334 -64.60000000000001 8.315
      vertex 94.4047161962642 -63.92162940046486 8.315
      vertex 94.11982810556029 -63.82492292477596 8.315
    endloop
  endfacet
  facet normal 0 0 1
    outer loop
      vertex 92.87420171602334 -64.60000000000001 8.315
      vertex 94.69978975789388 -63.98032318115977 8.315
      vertex 94.4047161962642 -63.92162940046486 8.315
    endloop
  endfacet
  facet normal 0 0 -1
    outer loop
      vertex 94.06825143763092 -58.22266702535936 7.715
      vertex 94.53010570800781 -58.130798499054286 7.715
      vertex 94.4047161962642 -59.47837059953515 7.715
    endloop
  endfacet
  facet normal 0 0 -1
    outer loop
      vertex 94.53010570800781 -58.130798499054286 7.715
      vertex 95 -58.1 7.715
      vertex 94.69978975789388 -59.41967681884024 7.715
    endloop
  endfacet
  facet normal 0 0 -1
    outer loop
      vertex 95 -58.1 7.715
      vertex 95.46989429199219 -58.130798499054286 7.715
      vertex 95 -59.400000000000006 7.715
    endloop
  endfacet
  facet normal 0 0 -1
    outer loop
      vertex 95.46989429199219 -58.130798499054286 7.715
      vertex 95.93174856236908 -58.22266702535936 7.715
      vertex 95.30021024210612 -59.41967681884024 7.715
    endloop
  endfacet
  facet normal -0.19509032201612564 0.9807852804032309 0
    outer loop
      vertex 94.06825143763092 -58.22266702535936 7.715
      vertex 94.53010570800781 -58.130798499054286 8.315
      vertex 94.53010570800781 -58.130798499054286 7.715
    endloop
  endfacet
  facet normal -0.06540312923014742 0.9978589232386033 0
    outer loop
      vertex 94.53010570800781 -58.130798499054286 7.715
      vertex 95 -58.1 8.315
      vertex 95 -58.1 7.715
    endloop
  endfacet
  facet normal 0.06540312923014742 0.9978589232386033 0
    outer loop
      vertex 95 -58.1 7.715
      vertex 95.46989429199219 -58.130798499054286 8.315
      vertex 95.46989429199219 -58.130798499054286 7.715
    endloop
  endfacet
  facet normal 0.19509032201612564 0.9807852804032309 0
    outer loop
      vertex 95.46989429199219 -58.130798499054286 7.715
      vertex 95.93174856236908 -58.22266702535936 8.315
      vertex 95.93174856236908 -58.22266702535936 7.715
    endloop
  endfacet
  facet normal 0 0 -1
    outer loop
      vertex 94.06825143763092 -58.22266702535936 7.715
      vertex 94.4047161962642 -59.47837059953515 7.715
      vertex 94.11982810556029 -59.575077075224044 7.715
    endloop
  endfacet
  facet normal 0 0 -1
    outer loop
      vertex 93.85 -59.7081415712958 7.715
      vertex 94.06825143763092 -58.22266702535936 7.715
      vertex 94.11982810556029 -59.575077075224044 7.715
    endloop
  endfacet
  facet normal 0 0 -1
    outer loop
      vertex 94.53010570800781 -58.130798499054286 7.715
      vertex 94.69978975789388 -59.41967681884024 7.715
      vertex 94.4047161962642 -59.47837059953515 7.715
    endloop
  endfacet
  facet normal 0 0 -1
    outer loop
      vertex 95 -58.1 7.715
      vertex 95 -59.400000000000006 7.715
      vertex 94.69978975789388 -59.41967681884024 7.715
    endloop
  endfacet
  facet normal 0 0 -1
    outer loop
      vertex 95.46989429199219 -58.130798499054286 7.715
      vertex 95.30021024210612 -59.41967681884024 7.715
      vertex 95 -59.400000000000006 7.715
    endloop
  endfacet
  facet normal 0 0 -1
    outer loop
      vertex 95.93174856236908 -58.22266702535936 7.715
      vertex 95.5952838037358 -59.47837059953515 7.715
      vertex 95.30021024210612 -59.41967681884024 7.715
    endloop
  endfacet
  facet normal 0 0 -1
    outer loop
      vertex 95.93174856236908 -58.22266702535936 7.715
      vertex 95.88017189443971 -59.575077075224044 7.715
      vertex 95.5952838037358 -59.47837059953515 7.715
    endloop
  endfacet
  facet normal 0 0 -1
    outer loop
      vertex 95.93174856236908 -58.22266702535936 7.715
      vertex 96.37766035651433 -58.37403368295937 7.715
      vertex 95.88017189443971 -59.575077075224044 7.715
    endloop
  endfacet
  facet normal 0.3214394653031655 0.9469301294951042 0
    outer loop
      vertex 95.93174856236908 -58.22266702535936 7.715
      vertex 96.37766035651433 -58.37403368295937 8.315
      vertex 96.37766035651433 -58.37403368295937 7.715
    endloop
  endfacet
  facet normal 0.442288690219009 0.8968727415326844 0
    outer loop
      vertex 96.37766035651433 -58.37403368295937 7.715
      vertex 96.8 -58.58230854637603 8.315
      vertex 96.8 -58.58230854637603 7.715
    endloop
  endfacet
  facet normal 0.5555702330195903 0.8314696123025532 0
    outer loop
      vertex 96.8 -58.58230854637603 7.715
      vertex 97.1915411444314 -58.843927974951555 8.315
      vertex 97.1915411444314 -58.843927974951555 7.715
    endloop
  endfacet
  facet normal 0 0 -1
    outer loop
      vertex 95.88017189443971 -59.575077075224044 7.715
      vertex 96.37766035651433 -58.37403368295937 7.715
      vertex 96.15 -59.7081415712958 7.715
    endloop
  endfacet
  facet normal 0 0 -1
    outer loop
      vertex 96.37766035651433 -58.37403368295937 7.715
      vertex 96.8 -58.58230854637603 7.715
      vertex 96.40015128672006 -59.87528731733016 7.715
    endloop
  endfacet
  facet normal 0 0 -1
    outer loop
      vertex 96.8 -58.58230854637603 7.715
      vertex 97.1915411444314 -58.843927974951555 7.715
      vertex 96.82471268266984 -60.29984871327994 7.715
    endloop
  endfacet
  facet normal 0 0 -1
    outer loop
      vertex 96.37766035651433 -58.37403368295937 7.715
      vertex 96.40015128672006 -59.87528731733016 7.715
      vertex 96.15 -59.7081415712958 7.715
    endloop
  endfacet
  facet normal 0 0 -1
    outer loop
      vertex 96.8 -58.58230854637603 7.715
      vertex 96.62634559672905 -60.07365440327094 7.715
      vertex 96.40015128672006 -59.87528731733016 7.715
    endloop
  endfacet
  facet normal 0 0 -1
    outer loop
      vertex 96.8 -58.58230854637603 7.715
      vertex 96.82471268266984 -60.29984871327994 7.715
      vertex 96.62634559672905 -60.07365440327094 7.715
    endloop
  endfacet
  facet normal 0.6593458151000766 0.7518398074789706 0
    outer loop
      vertex 97.1915411444314 -58.843927974951555 7.715
      vertex 97.54558441227157 -59.15441558772843 8.315
      vertex 97.54558441227157 -59.15441558772843 7.715
    endloop
  endfacet
  facet normal 0.7518398074789697 0.6593458151000776 0
    outer loop
      vertex 97.54558441227157 -59.15441558772843 7.715
      vertex 97.54558441227157 -59.15441558772843 8.315
      vertex 97.85607202504845 -59.508458855568605 7.715
    endloop
  endfacet
  facet normal 0.8314696123025532 0.5555702330195903 0
    outer loop
      vertex 97.85607202504845 -59.508458855568605 7.715
      vertex 97.85607202504845 -59.508458855568605 8.315
      vertex 98.11769145362398 -59.900000000000006 7.715
    endloop
  endfacet
  facet normal 0 0 -1
    outer loop
      vertex 94.18681282620149 -61.07601953526606 7.715
      vertex 94.27521554928379 -60.97521554928379 7.715
      vertex 94.18681282620149 -62.32398046473394 7.715
    endloop
  endfacet
  facet normal 0 0 -1
    outer loop
      vertex 94.11232396112095 -61.1875 7.715
      vertex 94.05302347917593 -62.09225051817422 7.715
      vertex 94.05302347917593 -61.30774948182579 7.715
    endloop
  endfacet
  facet normal 0 0 -1
    outer loop
      vertex 94.05302347917593 -61.30774948182579 7.715
      vertex 94.0099260280537 -61.96528952123008 7.715
      vertex 94.0099260280537 -61.43471047876992 7.715
    endloop
  endfacet
  facet normal 0 0 -1
    outer loop
      vertex 94.18681282620149 -61.07601953526606 7.715
      vertex 94.11232396112095 -62.212500000000006 7.715
      vertex 94.11232396112095 -61.1875 7.715
    endloop
  endfacet
  facet normal 0 0 -1
    outer loop
      vertex 94.37601953526607 -60.886812826201485 7.715
      vertex 94.37601953526607 -62.51318717379852 7.715
      vertex 94.27521554928379 -60.97521554928379 7.715
    endloop
  endfacet
  facet normal 0 0 -1
    outer loop
      vertex 94.4875 -60.81232396112095 7.715
      vertex 94.4875 -62.58767603887905 7.715
      vertex 94.37601953526607 -60.886812826201485 7.715
    endloop
  endfacet
  facet normal 0 0 -1
    outer loop
      vertex 93.98376901709184 -61.83378934702556 7.715
      vertex 94.0099260280537 -61.43471047876992 7.715
      vertex 94.0099260280537 -61.96528952123008 7.715
    endloop
  endfacet
  facet normal 0 0 -1
    outer loop
      vertex 94.05302347917593 -61.30774948182579 7.715
      vertex 94.05302347917593 -62.09225051817422 7.715
      vertex 94.0099260280537 -61.96528952123008 7.715
    endloop
  endfacet
  facet normal 0 0 -1
    outer loop
      vertex 94.11232396112095 -61.1875 7.715
      vertex 94.11232396112095 -62.212500000000006 7.715
      vertex 94.05302347917593 -62.09225051817422 7.715
    endloop
  endfacet
  facet normal 0 0 -1
    outer loop
      vertex 94.18681282620149 -61.07601953526606 7.715
      vertex 94.18681282620149 -62.32398046473394 7.715
      vertex 94.11232396112095 -62.212500000000006 7.715
    endloop
  endfacet
  facet normal 0 0 -1
    outer loop
      vertex 94.4875 -60.81232396112095 7.715
      vertex 94.60774948182578 -60.75302347917594 7.715
      vertex 94.4875 -62.58767603887905 7.715
    endloop
  endfacet
  facet normal 0 0 -1
    outer loop
      vertex 94.73471047876991 -60.70992602805371 7.715
      vertex 94.60774948182578 -62.64697652082407 7.715
      vertex 94.60774948182578 -60.75302347917594 7.715
    endloop
  endfacet
  facet normal 0 0 -1
    outer loop
      vertex 94.73471047876991 -60.70992602805371 7.715
      vertex 94.86621065297444 -60.68376901709185 7.715
      vertex 94.86621065297444 -62.71623098290816 7.715
    endloop
  endfacet
  facet normal 0 0 -1
    outer loop
      vertex 94.86621065297444 -60.68376901709185 7.715
      vertex 95 -60.675000000000004 7.715
      vertex 95 -62.725 7.715
    endloop
  endfacet
  facet normal 0 0 -1
    outer loop
      vertex 95 -60.675000000000004 7.715
      vertex 95.13378934702556 -60.68376901709185 7.715
      vertex 95.13378934702556 -62.71623098290816 7.715
    endloop
  endfacet
  facet normal 0 0 -1
    outer loop
      vertex 95.13378934702556 -60.68376901709185 7.715
      vertex 95.26528952123009 -60.70992602805371 7.715
      vertex 95.26528952123009 -62.6900739719463 7.715
    endloop
  endfacet
  facet normal 0 0 -1
    outer loop
      vertex 95.26528952123009 -60.70992602805371 7.715
      vertex 95.39225051817422 -60.75302347917594 7.715
      vertex 95.26528952123009 -62.6900739719463 7.715
    endloop
  endfacet
  facet normal 0 0 -1
    outer loop
      vertex 95.39225051817422 -60.75302347917594 7.715
      vertex 95.5125 -60.81232396112095 7.715
      vertex 95.39225051817422 -62.64697652082407 7.715
    endloop
  endfacet
  facet normal 0 0 -1
    outer loop
      vertex 95.5125 -60.81232396112095 7.715
      vertex 95.62398046473393 -60.886812826201485 7.715
      vertex 95.62398046473393 -62.51318717379852 7.715
    endloop
  endfacet
  facet normal 0 0 -1
    outer loop
      vertex 95.62398046473393 -60.886812826201485 7.715
      vertex 95.72478445071621 -60.97521554928379 7.715
      vertex 95.72478445071621 -62.42478445071622 7.715
    endloop
  endfacet
  facet normal 0 0 -1
    outer loop
      vertex 95.72478445071621 -60.97521554928379 7.715
      vertex 95.81318717379851 -61.07601953526606 7.715
      vertex 95.72478445071621 -62.42478445071622 7.715
    endloop
  endfacet
  facet normal 0 0 -1
    outer loop
      vertex 95.81318717379851 -61.07601953526606 7.715
      vertex 95.88767603887905 -61.1875 7.715
      vertex 95.81318717379851 -62.32398046473394 7.715
    endloop
  endfacet
  facet normal 0 0 -1
    outer loop
      vertex 95.88767603887905 -61.1875 7.715
      vertex 95.94697652082407 -61.30774948182579 7.715
      vertex 95.88767603887905 -62.212500000000006 7.715
    endloop
  endfacet
  facet normal 0 0 -1
    outer loop
      vertex 95.94697652082407 -61.30774948182579 7.715
      vertex 95.9900739719463 -61.43471047876992 7.715
      vertex 95.94697652082407 -62.09225051817422 7.715
    endloop
  endfacet
  facet normal 0 0 -1
    outer loop
      vertex 95.9900739719463 -61.43471047876992 7.715
      vertex 96.01623098290816 -61.56621065297445 7.715
      vertex 95.9900739719463 -61.96528952123008 7.715
    endloop
  endfacet
  facet normal 0 0 -1
    outer loop
      vertex 95.94697652082407 -61.30774948182579 7.715
      vertex 95.94697652082407 -62.09225051817422 7.715
      vertex 95.88767603887905 -62.212500000000006 7.715
    endloop
  endfacet
  facet normal 0 0 -1
    outer loop
      vertex 95.9900739719463 -61.43471047876992 7.715
      vertex 95.9900739719463 -61.96528952123008 7.715
      vertex 95.94697652082407 -62.09225051817422 7.715
    endloop
  endfacet
  facet normal 0 0 -1
    outer loop
      vertex 97.1915411444314 -58.843927974951555 7.715
      vertex 96.9918584287042 -60.550000000000004 7.715
      vertex 96.82471268266984 -60.29984871327994 7.715
    endloop
  endfacet
  facet normal 0 0 -1
    outer loop
      vertex 97.1915411444314 -58.843927974951555 7.715
      vertex 97.12492292477596 -60.8198281055603 7.715
      vertex 96.9918584287042 -60.550000000000004 7.715
    endloop
  endfacet
  facet normal 0 0 -1
    outer loop
      vertex 97.1915411444314 -58.843927974951555 7.715
      vertex 97.22162940046486 -61.10471619626421 7.715
      vertex 97.12492292477596 -60.8198281055603 7.715
    endloop
  endfacet
  facet normal 0 0 -1
    outer loop
      vertex 97.1915411444314 -58.843927974951555 7.715
      vertex 97.28032318115976 -61.399789757893885 7.715
      vertex 97.22162940046486 -61.10471619626421 7.715
    endloop
  endfacet
  facet normal 0 0 -1
    outer loop
      vertex 97.1915411444314 -58.843927974951555 7.715
      vertex 97.3 -61.7 7.715
      vertex 97.28032318115976 -61.399789757893885 7.715
    endloop
  endfacet
  facet normal 0 0 -1
    outer loop
      vertex 97.1915411444314 -58.843927974951555 7.715
      vertex 97.54558441227157 -59.15441558772843 7.715
      vertex 97.54558441227157 -64.24558441227157 7.715
    endloop
  endfacet
  facet normal 0 0 -1
    outer loop
      vertex 96.01623098290816 -61.56621065297445 7.715
      vertex 96.025 -61.7 7.715
      vertex 96.01623098290816 -61.83378934702556 7.715
    endloop
  endfacet
  facet normal 0 0 -1
    outer loop
      vertex 96.01623098290816 -61.56621065297445 7.715
      vertex 96.01623098290816 -61.83378934702556 7.715
      vertex 95.9900739719463 -61.96528952123008 7.715
    endloop
  endfacet
  facet normal 0 0 -1
    outer loop
      vertex 97.54558441227157 -59.15441558772843 7.715
      vertex 97.85607202504845 -59.508458855568605 7.715
      vertex 97.85607202504845 -63.8915411444314 7.715
    endloop
  endfacet
  facet normal 0 0 -1
    outer loop
      vertex 97.1915411444314 -58.843927974951555 7.715
      vertex 97.54558441227157 -64.24558441227157 7.715
      vertex 97.3 -61.7 7.715
    endloop
  endfacet
  facet normal 0.8968727415326784 0.4422886902190212 0
    outer loop
      vertex 98.11769145362398 -59.900000000000006 7.715
      vertex 98.11769145362398 -59.900000000000006 8.315
      vertex 98.32596631704064 -60.32233964348568 7.715
    endloop
  endfacet
  facet normal 0.9469301294951107 0.3214394653031474 0
    outer loop
      vertex 98.32596631704064 -60.32233964348568 7.715
      vertex 98.32596631704064 -60.32233964348568 8.315
      vertex 98.47733297464065 -60.76825143763093 7.715
    endloop
  endfacet
  facet normal 0 0 -1
    outer loop
      vertex 97.85607202504845 -59.508458855568605 7.715
      vertex 98.11769145362398 -59.900000000000006 7.715
      vertex 98.11769145362398 -63.5 7.715
    endloop
  endfacet
  facet normal 0 0 -1
    outer loop
      vertex 98.11769145362398 -59.900000000000006 7.715
      vertex 98.32596631704064 -60.32233964348568 7.715
      vertex 98.32596631704064 -63.07766035651433 7.715
    endloop
  endfacet
  facet normal 0 0 -1
    outer loop
      vertex 98.32596631704064 -60.32233964348568 7.715
      vertex 98.47733297464065 -60.76825143763093 7.715
      vertex 98.47733297464065 -62.631748562369076 7.715
    endloop
  endfacet
  facet normal 0 0 -1
    outer loop
      vertex 98.47733297464065 -60.76825143763093 7.715
      vertex 98.56920150094572 -61.23010570800782 7.715
      vertex 98.56920150094572 -62.169894291992186 7.715
    endloop
  endfacet
  facet normal 0 0 -1
    outer loop
      vertex 98.56920150094572 -61.23010570800782 7.715
      vertex 98.6 -61.7 7.715
      vertex 98.56920150094572 -62.169894291992186 7.715
    endloop
  endfacet
  facet normal 0 0 -1
    outer loop
      vertex 98.47733297464065 -60.76825143763093 7.715
      vertex 98.56920150094572 -62.169894291992186 7.715
      vertex 98.47733297464065 -62.631748562369076 7.715
    endloop
  endfacet
  facet normal 0.980785280403228 0.19509032201614016 0
    outer loop
      vertex 98.47733297464065 -60.76825143763093 7.715
      vertex 98.47733297464065 -60.76825143763093 8.315
      vertex 98.56920150094572 -61.23010570800782 7.715
    endloop
  endfacet
  facet normal 0.9978589232386051 0.06540312923011836 0
    outer loop
      vertex 98.56920150094572 -61.23010570800782 7.715
      vertex 98.56920150094572 -61.23010570800782 8.315
      vertex 98.6 -61.7 7.715
    endloop
  endfacet
  facet normal 0.9978589232386051 -0.06540312923011836 0
    outer loop
      vertex 98.6 -61.7 7.715
      vertex 98.6 -61.7 8.315
      vertex 98.56920150094572 -62.169894291992186 7.715
    endloop
  endfacet
  facet normal -0.19509032201612564 0.9807852804032309 0
    outer loop
      vertex 94.06825143763092 -58.22266702535936 7.715
      vertex 94.06825143763092 -58.22266702535936 8.315
      vertex 94.53010570800781 -58.130798499054286 8.315
    endloop
  endfacet
  facet normal -0.06540312923014742 0.9978589232386033 0
    outer loop
      vertex 94.53010570800781 -58.130798499054286 7.715
      vertex 94.53010570800781 -58.130798499054286 8.315
      vertex 95 -58.1 8.315
    endloop
  endfacet
  facet normal 0.06540312923014742 0.9978589232386033 0
    outer loop
      vertex 95 -58.1 7.715
      vertex 95 -58.1 8.315
      vertex 95.46989429199219 -58.130798499054286 8.315
    endloop
  endfacet
  facet normal 0.19509032201612564 0.9807852804032309 0
    outer loop
      vertex 95.46989429199219 -58.130798499054286 7.715
      vertex 95.46989429199219 -58.130798499054286 8.315
      vertex 95.93174856236908 -58.22266702535936 8.315
    endloop
  endfacet
  facet normal 0 0 1
    outer loop
      vertex 94.06825143763092 -58.22266702535936 8.315
      vertex 94.69978975789388 -59.41967681884024 8.315
      vertex 94.53010570800781 -58.130798499054286 8.315
    endloop
  endfacet
  facet normal 0 0 1
    outer loop
      vertex 94.53010570800781 -58.130798499054286 8.315
      vertex 95 -59.400000000000006 8.315
      vertex 95 -58.1 8.315
    endloop
  endfacet
  facet normal 0 0 1
    outer loop
      vertex 95 -58.1 8.315
      vertex 95 -59.400000000000006 8.315
      vertex 95.46989429199219 -58.130798499054286 8.315
    endloop
  endfacet
  facet normal 0 0 1
    outer loop
      vertex 95.46989429199219 -58.130798499054286 8.315
      vertex 95.5952838037358 -59.47837059953515 8.315
      vertex 95.93174856236908 -58.22266702535936 8.315
    endloop
  endfacet
  facet normal 0 0 1
    outer loop
      vertex 94.06825143763092 -58.22266702535936 8.315
      vertex 94.11982810556029 -59.575077075224044 8.315
      vertex 94.4047161962642 -59.47837059953515 8.315
    endloop
  endfacet
  facet normal 0 0 1
    outer loop
      vertex 94.06825143763092 -58.22266702535936 8.315
      vertex 94.4047161962642 -59.47837059953515 8.315
      vertex 94.69978975789388 -59.41967681884024 8.315
    endloop
  endfacet
  facet normal 0 0 1
    outer loop
      vertex 94.53010570800781 -58.130798499054286 8.315
      vertex 94.69978975789388 -59.41967681884024 8.315
      vertex 95 -59.400000000000006 8.315
    endloop
  endfacet
  facet normal 0 0 1
    outer loop
      vertex 95.46989429199219 -58.130798499054286 8.315
      vertex 95 -59.400000000000006 8.315
      vertex 95.30021024210612 -59.41967681884024 8.315
    endloop
  endfacet
  facet normal 0 0 1
    outer loop
      vertex 95.46989429199219 -58.130798499054286 8.315
      vertex 95.30021024210612 -59.41967681884024 8.315
      vertex 95.5952838037358 -59.47837059953515 8.315
    endloop
  endfacet
  facet normal 0 0 1
    outer loop
      vertex 95.93174856236908 -58.22266702535936 8.315
      vertex 95.5952838037358 -59.47837059953515 8.315
      vertex 95.88017189443971 -59.575077075224044 8.315
    endloop
  endfacet
  facet normal 0 0 1
    outer loop
      vertex 95.93174856236908 -58.22266702535936 8.315
      vertex 95.88017189443971 -59.575077075224044 8.315
      vertex 96.15 -59.7081415712958 8.315
    endloop
  endfacet
  facet normal 0.3214394653031655 0.9469301294951042 0
    outer loop
      vertex 95.93174856236908 -58.22266702535936 7.715
      vertex 95.93174856236908 -58.22266702535936 8.315
      vertex 96.37766035651433 -58.37403368295937 8.315
    endloop
  endfacet
  facet normal 0.442288690219009 0.8968727415326844 0
    outer loop
      vertex 96.37766035651433 -58.37403368295937 7.715
      vertex 96.37766035651433 -58.37403368295937 8.315
      vertex 96.8 -58.58230854637603 8.315
    endloop
  endfacet
  facet normal 0.5555702330195903 0.8314696123025532 0
    outer loop
      vertex 96.8 -58.58230854637603 7.715
      vertex 96.8 -58.58230854637603 8.315
      vertex 97.1915411444314 -58.843927974951555 8.315
    endloop
  endfacet
  facet normal 0 0 1
    outer loop
      vertex 95.93174856236908 -58.22266702535936 8.315
      vertex 96.15 -59.7081415712958 8.315
      vertex 96.37766035651433 -58.37403368295937 8.315
    endloop
  endfacet
  facet normal 0.6593458151000766 0.7518398074789706 0
    outer loop
      vertex 97.1915411444314 -58.843927974951555 7.715
      vertex 97.1915411444314 -58.843927974951555 8.315
      vertex 97.54558441227157 -59.15441558772843 8.315
    endloop
  endfacet
  facet normal 0.7518398074789697 0.6593458151000776 0
    outer loop
      vertex 97.85607202504845 -59.508458855568605 7.715
      vertex 97.54558441227157 -59.15441558772843 8.315
      vertex 97.85607202504845 -59.508458855568605 8.315
    endloop
  endfacet
  facet normal 0 0 1
    outer loop
      vertex 96.37766035651433 -58.37403368295937 8.315
      vertex 96.40015128672006 -59.87528731733016 8.315
      vertex 96.8 -58.58230854637603 8.315
    endloop
  endfacet
  facet normal 0 0 1
    outer loop
      vertex 96.8 -58.58230854637603 8.315
      vertex 96.82471268266984 -60.29984871327994 8.315
      vertex 97.1915411444314 -58.843927974951555 8.315
    endloop
  endfacet
  facet normal 0 0 1
    outer loop
      vertex 96.37766035651433 -58.37403368295937 8.315
      vertex 96.15 -59.7081415712958 8.315
      vertex 96.40015128672006 -59.87528731733016 8.315
    endloop
  endfacet
  facet normal 0 0 1
    outer loop
      vertex 96.8 -58.58230854637603 8.315
      vertex 96.40015128672006 -59.87528731733016 8.315
      vertex 96.62634559672905 -60.07365440327094 8.315
    endloop
  endfacet
  facet normal 0 0 1
    outer loop
      vertex 96.8 -58.58230854637603 8.315
      vertex 96.62634559672905 -60.07365440327094 8.315
      vertex 96.82471268266984 -60.29984871327994 8.315
    endloop
  endfacet
  facet normal 0 0 1
    outer loop
      vertex 97.1915411444314 -58.843927974951555 8.315
      vertex 97.22162940046486 -61.10471619626421 8.315
      vertex 97.54558441227157 -59.15441558772843 8.315
    endloop
  endfacet
  facet normal 0 0 1
    outer loop
      vertex 94.86621065297444 -60.68376901709185 8.315
      vertex 94.86621065297444 -62.71623098290816 8.315
      vertex 95 -60.675000000000004 8.315
    endloop
  endfacet
  facet normal 0 0 1
    outer loop
      vertex 94.05302347917593 -61.30774948182579 8.315
      vertex 94.0099260280537 -61.43471047876992 8.315
      vertex 94.05302347917593 -62.09225051817422 8.315
    endloop
  endfacet
  facet normal 0 0 1
    outer loop
      vertex 94.11232396112095 -61.1875 8.315
      vertex 94.05302347917593 -61.30774948182579 8.315
      vertex 94.11232396112095 -62.212500000000006 8.315
    endloop
  endfacet
  facet normal 0 0 1
    outer loop
      vertex 94.18681282620149 -61.07601953526606 8.315
      vertex 94.27521554928379 -62.42478445071622 8.315
      vertex 94.27521554928379 -60.97521554928379 8.315
    endloop
  endfacet
  facet normal 0 0 1
    outer loop
      vertex 94.18681282620149 -61.07601953526606 8.315
      vertex 94.11232396112095 -61.1875 8.315
      vertex 94.18681282620149 -62.32398046473394 8.315
    endloop
  endfacet
  facet normal 0 0 1
    outer loop
      vertex 94.37601953526607 -60.886812826201485 8.315
      vertex 94.27521554928379 -60.97521554928379 8.315
      vertex 94.27521554928379 -62.42478445071622 8.315
    endloop
  endfacet
  facet normal 0 0 1
    outer loop
      vertex 94.4875 -60.81232396112095 8.315
      vertex 94.37601953526607 -60.886812826201485 8.315
      vertex 94.37601953526607 -62.51318717379852 8.315
    endloop
  endfacet
  facet normal 0 0 1
    outer loop
      vertex 93.98376901709184 -61.56621065297445 8.315
      vertex 94.05302347917593 -62.09225051817422 8.315
      vertex 94.0099260280537 -61.43471047876992 8.315
    endloop
  endfacet
  facet normal 0 0 1
    outer loop
      vertex 93.98376901709184 -61.56621065297445 8.315
      vertex 94.0099260280537 -61.96528952123008 8.315
      vertex 94.05302347917593 -62.09225051817422 8.315
    endloop
  endfacet
  facet normal 0 0 1
    outer loop
      vertex 94.05302347917593 -61.30774948182579 8.315
      vertex 94.05302347917593 -62.09225051817422 8.315
      vertex 94.11232396112095 -62.212500000000006 8.315
    endloop
  endfacet
  facet normal 0 0 1
    outer loop
      vertex 94.4875 -60.81232396112095 8.315
      vertex 94.60774948182578 -62.64697652082407 8.315
      vertex 94.60774948182578 -60.75302347917594 8.315
    endloop
  endfacet
  facet normal 0 0 1
    outer loop
      vertex 94.73471047876991 -60.70992602805371 8.315
      vertex 94.60774948182578 -60.75302347917594 8.315
      vertex 94.73471047876991 -62.6900739719463 8.315
    endloop
  endfacet
  facet normal 0 0 1
    outer loop
      vertex 94.73471047876991 -60.70992602805371 8.315
      vertex 94.73471047876991 -62.6900739719463 8.315
      vertex 94.86621065297444 -60.68376901709185 8.315
    endloop
  endfacet
  facet normal 0 0 1
    outer loop
      vertex 95 -60.675000000000004 8.315
      vertex 95 -62.725 8.315
      vertex 95.13378934702556 -60.68376901709185 8.315
    endloop
  endfacet
  facet normal 0 0 1
    outer loop
      vertex 95.13378934702556 -60.68376901709185 8.315
      vertex 95.13378934702556 -62.71623098290816 8.315
      vertex 95.26528952123009 -60.70992602805371 8.315
    endloop
  endfacet
  facet normal 0 0 1
    outer loop
      vertex 95.26528952123009 -60.70992602805371 8.315
      vertex 95.39225051817422 -62.64697652082407 8.315
      vertex 95.39225051817422 -60.75302347917594 8.315
    endloop
  endfacet
  facet normal 0 0 1
    outer loop
      vertex 95.39225051817422 -60.75302347917594 8.315
      vertex 95.5125 -62.58767603887905 8.315
      vertex 95.5125 -60.81232396112095 8.315
    endloop
  endfacet
  facet normal 0 0 1
    outer loop
      vertex 95.5125 -60.81232396112095 8.315
      vertex 95.5125 -62.58767603887905 8.315
      vertex 95.62398046473393 -60.886812826201485 8.315
    endloop
  endfacet
  facet normal 0 0 1
    outer loop
      vertex 95.62398046473393 -60.886812826201485 8.315
      vertex 95.62398046473393 -62.51318717379852 8.315
      vertex 95.72478445071621 -60.97521554928379 8.315
    endloop
  endfacet
  facet normal 0 0 1
    outer loop
      vertex 95.72478445071621 -60.97521554928379 8.315
      vertex 95.81318717379851 -62.32398046473394 8.315
      vertex 95.81318717379851 -61.07601953526606 8.315
    endloop
  endfacet
  facet normal 0 0 1
    outer loop
      vertex 95.81318717379851 -61.07601953526606 8.315
      vertex 95.88767603887905 -62.212500000000006 8.315
      vertex 95.88767603887905 -61.1875 8.315
    endloop
  endfacet
  facet normal 0 0 1
    outer loop
      vertex 95.88767603887905 -61.1875 8.315
      vertex 95.94697652082407 -62.09225051817422 8.315
      vertex 95.94697652082407 -61.30774948182579 8.315
    endloop
  endfacet
  facet normal 0 0 1
    outer loop
      vertex 95.94697652082407 -61.30774948182579 8.315
      vertex 96.01623098290816 -61.83378934702556 8.315
      vertex 95.9900739719463 -61.43471047876992 8.315
    endloop
  endfacet
  facet normal 0 0 1
    outer loop
      vertex 95.94697652082407 -61.30774948182579 8.315
      vertex 95.9900739719463 -61.96528952123008 8.315
      vertex 96.01623098290816 -61.83378934702556 8.315
    endloop
  endfacet
  facet normal 0 0 1
    outer loop
      vertex 95.81318717379851 -61.07601953526606 8.315
      vertex 95.81318717379851 -62.32398046473394 8.315
      vertex 95.88767603887905 -62.212500000000006 8.315
    endloop
  endfacet
  facet normal 0 0 1
    outer loop
      vertex 95.94697652082407 -61.30774948182579 8.315
      vertex 95.94697652082407 -62.09225051817422 8.315
      vertex 95.9900739719463 -61.96528952123008 8.315
    endloop
  endfacet
  facet normal 0 0 1
    outer loop
      vertex 95.88767603887905 -61.1875 8.315
      vertex 95.88767603887905 -62.212500000000006 8.315
      vertex 95.94697652082407 -62.09225051817422 8.315
    endloop
  endfacet
  facet normal 0 0 1
    outer loop
      vertex 97.1915411444314 -58.843927974951555 8.315
      vertex 96.82471268266984 -60.29984871327994 8.315
      vertex 96.9918584287042 -60.550000000000004 8.315
    endloop
  endfacet
  facet normal 0 0 1
    outer loop
      vertex 97.1915411444314 -58.843927974951555 8.315
      vertex 96.9918584287042 -60.550000000000004 8.315
      vertex 97.12492292477596 -60.8198281055603 8.315
    endloop
  endfacet
  facet normal 0 0 1
    outer loop
      vertex 97.1915411444314 -58.843927974951555 8.315
      vertex 97.12492292477596 -60.8198281055603 8.315
      vertex 97.22162940046486 -61.10471619626421 8.315
    endloop
  endfacet
  facet normal 0 0 1
    outer loop
      vertex 97.54558441227157 -59.15441558772843 8.315
      vertex 97.22162940046486 -61.10471619626421 8.315
      vertex 97.28032318115976 -61.399789757893885 8.315
    endloop
  endfacet
  facet normal 0 0 1
    outer loop
      vertex 97.54558441227157 -59.15441558772843 8.315
      vertex 97.28032318115976 -61.399789757893885 8.315
      vertex 97.3 -61.7 8.315
    endloop
  endfacet
  facet normal 0 0 1
    outer loop
      vertex 95.9900739719463 -61.43471047876992 8.315
      vertex 96.01623098290816 -61.83378934702556 8.315
      vertex 96.01623098290816 -61.56621065297445 8.315
    endloop
  endfacet
  facet normal 0 0 1
    outer loop
      vertex 96.01623098290816 -61.56621065297445 8.315
      vertex 96.01623098290816 -61.83378934702556 8.315
      vertex 96.025 -61.7 8.315
    endloop
  endfacet
  facet normal 0 0 1
    outer loop
      vertex 97.54558441227157 -59.15441558772843 8.315
      vertex 97.3 -61.7 8.315
      vertex 97.28032318115976 -62.00021024210612 8.315
    endloop
  endfacet
  facet normal 0 0 1
    outer loop
      vertex 97.54558441227157 -59.15441558772843 8.315
      vertex 97.54558441227157 -64.24558441227157 8.315
      vertex 97.85607202504845 -59.508458855568605 8.315
    endloop
  endfacet
  facet normal 0 0 1
    outer loop
      vertex 97.85607202504845 -59.508458855568605 8.315
      vertex 97.85607202504845 -63.8915411444314 8.315
      vertex 98.11769145362398 -59.900000000000006 8.315
    endloop
  endfacet
  facet normal 0.8314696123025532 0.5555702330195903 0
    outer loop
      vertex 98.11769145362398 -59.900000000000006 7.715
      vertex 97.85607202504845 -59.508458855568605 8.315
      vertex 98.11769145362398 -59.900000000000006 8.315
    endloop
  endfacet
  facet normal 0.8968727415326784 0.4422886902190212 0
    outer loop
      vertex 98.32596631704064 -60.32233964348568 7.715
      vertex 98.11769145362398 -59.900000000000006 8.315
      vertex 98.32596631704064 -60.32233964348568 8.315
    endloop
  endfacet
  facet normal 0.9469301294951107 0.3214394653031474 0
    outer loop
      vertex 98.47733297464065 -60.76825143763093 7.715
      vertex 98.32596631704064 -60.32233964348568 8.315
      vertex 98.47733297464065 -60.76825143763093 8.315
    endloop
  endfacet
  facet normal 0.980785280403228 0.19509032201614016 0
    outer loop
      vertex 98.56920150094572 -61.23010570800782 7.715
      vertex 98.47733297464065 -60.76825143763093 8.315
      vertex 98.56920150094572 -61.23010570800782 8.315
    endloop
  endfacet
  facet normal 0.9978589232386051 0.06540312923011836 0
    outer loop
      vertex 98.6 -61.7 7.715
      vertex 98.56920150094572 -61.23010570800782 8.315
      vertex 98.6 -61.7 8.315
    endloop
  endfacet
  facet normal 0 0 1
    outer loop
      vertex 98.11769145362398 -59.900000000000006 8.315
      vertex 98.11769145362398 -63.5 8.315
      vertex 98.32596631704064 -60.32233964348568 8.315
    endloop
  endfacet
  facet normal 0 0 1
    outer loop
      vertex 98.32596631704064 -60.32233964348568 8.315
      vertex 98.32596631704064 -63.07766035651433 8.315
      vertex 98.47733297464065 -60.76825143763093 8.315
    endloop
  endfacet
  facet normal 0 0 1
    outer loop
      vertex 98.47733297464065 -60.76825143763093 8.315
      vertex 98.47733297464065 -62.631748562369076 8.315
      vertex 98.56920150094572 -61.23010570800782 8.315
    endloop
  endfacet
  facet normal 0 0 1
    outer loop
      vertex 98.56920150094572 -61.23010570800782 8.315
      vertex 98.56920150094572 -62.169894291992186 8.315
      vertex 98.6 -61.7 8.315
    endloop
  endfacet
  facet normal 0 0 -1
    outer loop
      vertex 94.27521554928379 -60.97521554928379 7.715
      vertex 94.27521554928379 -62.42478445071622 7.715
      vertex 94.18681282620149 -62.32398046473394 7.715
    endloop
  endfacet
  facet normal 0 0 -1
    outer loop
      vertex 94.27521554928379 -60.97521554928379 7.715
      vertex 94.37601953526607 -62.51318717379852 7.715
      vertex 94.27521554928379 -62.42478445071622 7.715
    endloop
  endfacet
  facet normal 0 0 -1
    outer loop
      vertex 94.37601953526607 -60.886812826201485 7.715
      vertex 94.4875 -62.58767603887905 7.715
      vertex 94.37601953526607 -62.51318717379852 7.715
    endloop
  endfacet
  facet normal 0 0 -1
    outer loop
      vertex 94.60774948182578 -60.75302347917594 7.715
      vertex 94.60774948182578 -62.64697652082407 7.715
      vertex 94.4875 -62.58767603887905 7.715
    endloop
  endfacet
  facet normal 0 0 -1
    outer loop
      vertex 94.73471047876991 -60.70992602805371 7.715
      vertex 94.73471047876991 -62.6900739719463 7.715
      vertex 94.60774948182578 -62.64697652082407 7.715
    endloop
  endfacet
  facet normal 0 0 -1
    outer loop
      vertex 94.73471047876991 -60.70992602805371 7.715
      vertex 94.86621065297444 -62.71623098290816 7.715
      vertex 94.73471047876991 -62.6900739719463 7.715
    endloop
  endfacet
  facet normal 0 0 -1
    outer loop
      vertex 94.86621065297444 -60.68376901709185 7.715
      vertex 95 -62.725 7.715
      vertex 94.86621065297444 -62.71623098290816 7.715
    endloop
  endfacet
  facet normal 0 0 -1
    outer loop
      vertex 95 -60.675000000000004 7.715
      vertex 95.13378934702556 -62.71623098290816 7.715
      vertex 95 -62.725 7.715
    endloop
  endfacet
  facet normal 0 0 -1
    outer loop
      vertex 95.13378934702556 -60.68376901709185 7.715
      vertex 95.26528952123009 -62.6900739719463 7.715
      vertex 95.13378934702556 -62.71623098290816 7.715
    endloop
  endfacet
  facet normal 0 0 -1
    outer loop
      vertex 95.39225051817422 -60.75302347917594 7.715
      vertex 95.39225051817422 -62.64697652082407 7.715
      vertex 95.26528952123009 -62.6900739719463 7.715
    endloop
  endfacet
  facet normal 0 0 -1
    outer loop
      vertex 95.5125 -60.81232396112095 7.715
      vertex 95.5125 -62.58767603887905 7.715
      vertex 95.39225051817422 -62.64697652082407 7.715
    endloop
  endfacet
  facet normal 0 0 -1
    outer loop
      vertex 95.5125 -60.81232396112095 7.715
      vertex 95.62398046473393 -62.51318717379852 7.715
      vertex 95.5125 -62.58767603887905 7.715
    endloop
  endfacet
  facet normal 0 0 -1
    outer loop
      vertex 95.62398046473393 -60.886812826201485 7.715
      vertex 95.72478445071621 -62.42478445071622 7.715
      vertex 95.62398046473393 -62.51318717379852 7.715
    endloop
  endfacet
  facet normal 0 0 -1
    outer loop
      vertex 95.88767603887905 -61.1875 7.715
      vertex 95.88767603887905 -62.212500000000006 7.715
      vertex 95.81318717379851 -62.32398046473394 7.715
    endloop
  endfacet
  facet normal 0 0 -1
    outer loop
      vertex 95.81318717379851 -61.07601953526606 7.715
      vertex 95.81318717379851 -62.32398046473394 7.715
      vertex 95.72478445071621 -62.42478445071622 7.715
    endloop
  endfacet
  facet normal 0 0 -1
    outer loop
      vertex 97.85607202504845 -59.508458855568605 7.715
      vertex 98.11769145362398 -63.5 7.715
      vertex 97.85607202504845 -63.8915411444314 7.715
    endloop
  endfacet
  facet normal 0 0 -1
    outer loop
      vertex 97.3 -61.7 7.715
      vertex 97.54558441227157 -64.24558441227157 7.715
      vertex 97.28032318115976 -62.00021024210612 7.715
    endloop
  endfacet
  facet normal 0 0 -1
    outer loop
      vertex 97.28032318115976 -62.00021024210612 7.715
      vertex 97.54558441227157 -64.24558441227157 7.715
      vertex 97.22162940046486 -62.2952838037358 7.715
    endloop
  endfacet
  facet normal 0 0 -1
    outer loop
      vertex 97.54558441227157 -59.15441558772843 7.715
      vertex 97.85607202504845 -63.8915411444314 7.715
      vertex 97.54558441227157 -64.24558441227157 7.715
    endloop
  endfacet
  facet normal 0 0 -1
    outer loop
      vertex 96.82471268266984 -63.10015128672006 7.715
      vertex 97.12579828397666 -64.60000000000001 7.715
      vertex 96.62634559672905 -63.32634559672906 7.715
    endloop
  endfacet
  facet normal 0 0 -1
    outer loop
      vertex 96.62634559672905 -63.32634559672906 7.715
      vertex 97.12579828397666 -64.60000000000001 7.715
      vertex 96.40015128672006 -63.52471268266984 7.715
    endloop
  endfacet
  facet normal 0 0 -1
    outer loop
      vertex 97.22162940046486 -62.2952838037358 7.715
      vertex 97.1915411444314 -64.55607202504845 7.715
      vertex 97.12492292477596 -62.58017189443971 7.715
    endloop
  endfacet
  facet normal 0 0 -1
    outer loop
      vertex 96.9918584287042 -62.85 7.715
      vertex 97.12492292477596 -62.58017189443971 7.715
      vertex 97.1915411444314 -64.55607202504845 7.715
    endloop
  endfacet
  facet normal 0 0 -1
    outer loop
      vertex 96.9918584287042 -62.85 7.715
      vertex 97.1915411444314 -64.55607202504845 7.715
      vertex 96.82471268266984 -63.10015128672006 7.715
    endloop
  endfacet
  facet normal 0 0 -1
    outer loop
      vertex 97.22162940046486 -62.2952838037358 7.715
      vertex 97.54558441227157 -64.24558441227157 7.715
      vertex 97.1915411444314 -64.55607202504845 7.715
    endloop
  endfacet
  facet normal 0 0 -1
    outer loop
      vertex 92.87420171602334 -64.60000000000001 7.715
      vertex 94.69978975789388 -63.98032318115977 7.715
      vertex 97.12579828397666 -64.60000000000001 7.715
    endloop
  endfacet
  facet normal 0 0 -1
    outer loop
      vertex 94.69978975789388 -63.98032318115977 7.715
      vertex 95 -64 7.715
      vertex 97.12579828397666 -64.60000000000001 7.715
    endloop
  endfacet
  facet normal 0 0 -1
    outer loop
      vertex 95 -64 7.715
      vertex 95.30021024210612 -63.98032318115977 7.715
      vertex 97.12579828397666 -64.60000000000001 7.715
    endloop
  endfacet
  facet normal 0 0 -1
    outer loop
      vertex 95.5952838037358 -63.92162940046486 7.715
      vertex 97.12579828397666 -64.60000000000001 7.715
      vertex 95.30021024210612 -63.98032318115977 7.715
    endloop
  endfacet
  facet normal 0 0 -1
    outer loop
      vertex 95.5952838037358 -63.92162940046486 7.715
      vertex 95.88017189443971 -63.82492292477596 7.715
      vertex 97.12579828397666 -64.60000000000001 7.715
    endloop
  endfacet
  facet normal 0 0 -1
    outer loop
      vertex 95.88017189443971 -63.82492292477596 7.715
      vertex 96.15 -63.69185842870421 7.715
      vertex 97.12579828397666 -64.60000000000001 7.715
    endloop
  endfacet
  facet normal 0 0 -1
    outer loop
      vertex 96.40015128672006 -63.52471268266984 7.715
      vertex 97.12579828397666 -64.60000000000001 7.715
      vertex 96.15 -63.69185842870421 7.715
    endloop
  endfacet
  facet normal 0 0 -1
    outer loop
      vertex 96.82471268266984 -63.10015128672006 7.715
      vertex 97.1915411444314 -64.55607202504845 7.715
      vertex 97.12579828397666 -64.60000000000001 7.715
    endloop
  endfacet
  facet normal 0.6593458151000852 -0.7518398074789632 0
    outer loop
      vertex 97.54558441227157 -64.24558441227157 7.715
      vertex 97.1915411444314 -64.55607202504845 8.315
      vertex 97.1915411444314 -64.55607202504845 7.715
    endloop
  endfacet
  facet normal 0.7518398074789632 -0.6593458151000852 0
    outer loop
      vertex 97.85607202504845 -63.8915411444314 7.715
      vertex 97.85607202504845 -63.8915411444314 8.315
      vertex 97.54558441227157 -64.24558441227157 7.715
    endloop
  endfacet
  facet normal 0.5555702330195623 -0.8314696123025719 0
    outer loop
      vertex 97.1915411444314 -64.55607202504845 7.715
      vertex 97.12579828397666 -64.60000000000001 8.315
      vertex 97.12579828397666 -64.60000000000001 7.715
    endloop
  endfacet
  facet normal 0 0 -1
    outer loop
      vertex 98.32596631704064 -60.32233964348568 7.715
      vertex 98.47733297464065 -62.631748562369076 7.715
      vertex 98.32596631704064 -63.07766035651433 7.715
    endloop
  endfacet
  facet normal 0 0 -1
    outer loop
      vertex 98.11769145362398 -59.900000000000006 7.715
      vertex 98.32596631704064 -63.07766035651433 7.715
      vertex 98.11769145362398 -63.5 7.715
    endloop
  endfacet
  facet normal 0.980785280403228 -0.19509032201614016 0
    outer loop
      vertex 98.56920150094572 -62.169894291992186 7.715
      vertex 98.56920150094572 -62.169894291992186 8.315
      vertex 98.47733297464065 -62.631748562369076 7.715
    endloop
  endfacet
  facet normal 0.9469301294951107 -0.3214394653031474 0
    outer loop
      vertex 98.47733297464065 -62.631748562369076 7.715
      vertex 98.47733297464065 -62.631748562369076 8.315
      vertex 98.32596631704064 -63.07766035651433 7.715
    endloop
  endfacet
  facet normal 0.8968727415326784 -0.4422886902190212 0
    outer loop
      vertex 98.32596631704064 -63.07766035651433 7.715
      vertex 98.32596631704064 -63.07766035651433 8.315
      vertex 98.11769145362398 -63.5 7.715
    endloop
  endfacet
  facet normal 0.8314696123025532 -0.5555702330195903 0
    outer loop
      vertex 97.85607202504845 -63.8915411444314 7.715
      vertex 98.11769145362398 -63.5 7.715
      vertex 98.11769145362398 -63.5 8.315
    endloop
  endfacet
  facet normal 0 0 1
    outer loop
      vertex 94.11232396112095 -61.1875 8.315
      vertex 94.11232396112095 -62.212500000000006 8.315
      vertex 94.18681282620149 -62.32398046473394 8.315
    endloop
  endfacet
  facet normal 0 0 1
    outer loop
      vertex 94.18681282620149 -61.07601953526606 8.315
      vertex 94.18681282620149 -62.32398046473394 8.315
      vertex 94.27521554928379 -62.42478445071622 8.315
    endloop
  endfacet
  facet normal 0 0 1
    outer loop
      vertex 94.37601953526607 -60.886812826201485 8.315
      vertex 94.27521554928379 -62.42478445071622 8.315
      vertex 94.37601953526607 -62.51318717379852 8.315
    endloop
  endfacet
  facet normal 0 0 1
    outer loop
      vertex 94.4875 -60.81232396112095 8.315
      vertex 94.37601953526607 -62.51318717379852 8.315
      vertex 94.4875 -62.58767603887905 8.315
    endloop
  endfacet
  facet normal 0 0 1
    outer loop
      vertex 94.4875 -60.81232396112095 8.315
      vertex 94.4875 -62.58767603887905 8.315
      vertex 94.60774948182578 -62.64697652082407 8.315
    endloop
  endfacet
  facet normal 0 0 1
    outer loop
      vertex 94.60774948182578 -60.75302347917594 8.315
      vertex 94.60774948182578 -62.64697652082407 8.315
      vertex 94.73471047876991 -62.6900739719463 8.315
    endloop
  endfacet
  facet normal 0 0 1
    outer loop
      vertex 94.86621065297444 -60.68376901709185 8.315
      vertex 94.73471047876991 -62.6900739719463 8.315
      vertex 94.86621065297444 -62.71623098290816 8.315
    endloop
  endfacet
  facet normal 0 0 1
    outer loop
      vertex 95 -60.675000000000004 8.315
      vertex 94.86621065297444 -62.71623098290816 8.315
      vertex 95 -62.725 8.315
    endloop
  endfacet
  facet normal 0 0 1
    outer loop
      vertex 95.13378934702556 -60.68376901709185 8.315
      vertex 95 -62.725 8.315
      vertex 95.13378934702556 -62.71623098290816 8.315
    endloop
  endfacet
  facet normal 0 0 1
    outer loop
      vertex 95.26528952123009 -60.70992602805371 8.315
      vertex 95.13378934702556 -62.71623098290816 8.315
      vertex 95.26528952123009 -62.6900739719463 8.315
    endloop
  endfacet
  facet normal 0 0 1
    outer loop
      vertex 95.39225051817422 -60.75302347917594 8.315
      vertex 95.39225051817422 -62.64697652082407 8.315
      vertex 95.5125 -62.58767603887905 8.315
    endloop
  endfacet
  facet normal 0 0 1
    outer loop
      vertex 95.26528952123009 -60.70992602805371 8.315
      vertex 95.26528952123009 -62.6900739719463 8.315
      vertex 95.39225051817422 -62.64697652082407 8.315
    endloop
  endfacet
  facet normal 0 0 1
    outer loop
      vertex 95.62398046473393 -60.886812826201485 8.315
      vertex 95.5125 -62.58767603887905 8.315
      vertex 95.62398046473393 -62.51318717379852 8.315
    endloop
  endfacet
  facet normal 0 0 1
    outer loop
      vertex 95.72478445071621 -60.97521554928379 8.315
      vertex 95.62398046473393 -62.51318717379852 8.315
      vertex 95.72478445071621 -62.42478445071622 8.315
    endloop
  endfacet
  facet normal 0 0 1
    outer loop
      vertex 95.72478445071621 -60.97521554928379 8.315
      vertex 95.72478445071621 -62.42478445071622 8.315
      vertex 95.81318717379851 -62.32398046473394 8.315
    endloop
  endfacet
  facet normal 0 0 1
    outer loop
      vertex 97.54558441227157 -59.15441558772843 8.315
      vertex 97.28032318115976 -62.00021024210612 8.315
      vertex 97.1915411444314 -64.55607202504845 8.315
    endloop
  endfacet
  facet normal 0 0 1
    outer loop
      vertex 97.54558441227157 -59.15441558772843 8.315
      vertex 97.1915411444314 -64.55607202504845 8.315
      vertex 97.54558441227157 -64.24558441227157 8.315
    endloop
  endfacet
  facet normal 0 0 1
    outer loop
      vertex 97.85607202504845 -59.508458855568605 8.315
      vertex 97.54558441227157 -64.24558441227157 8.315
      vertex 97.85607202504845 -63.8915411444314 8.315
    endloop
  endfacet
  facet normal 0.8314696123025532 -0.5555702330195903 0
    outer loop
      vertex 97.85607202504845 -63.8915411444314 7.715
      vertex 98.11769145362398 -63.5 8.315
      vertex 97.85607202504845 -63.8915411444314 8.315
    endloop
  endfacet
  facet normal 0 0 1
    outer loop
      vertex 96.82471268266984 -63.10015128672006 8.315
      vertex 96.62634559672905 -63.32634559672906 8.315
      vertex 97.12579828397666 -64.60000000000001 8.315
    endloop
  endfacet
  facet normal 0 0 1
    outer loop
      vertex 96.62634559672905 -63.32634559672906 8.315
      vertex 96.40015128672006 -63.52471268266984 8.315
      vertex 97.12579828397666 -64.60000000000001 8.315
    endloop
  endfacet
  facet normal 0 0 1
    outer loop
      vertex 97.28032318115976 -62.00021024210612 8.315
      vertex 97.22162940046486 -62.2952838037358 8.315
      vertex 97.1915411444314 -64.55607202504845 8.315
    endloop
  endfacet
  facet normal 0 0 1
    outer loop
      vertex 97.22162940046486 -62.2952838037358 8.315
      vertex 97.12492292477596 -62.58017189443971 8.315
      vertex 97.1915411444314 -64.55607202504845 8.315
    endloop
  endfacet
  facet normal 0 0 1
    outer loop
      vertex 96.9918584287042 -62.85 8.315
      vertex 97.1915411444314 -64.55607202504845 8.315
      vertex 97.12492292477596 -62.58017189443971 8.315
    endloop
  endfacet
  facet normal 0 0 1
    outer loop
      vertex 96.9918584287042 -62.85 8.315
      vertex 96.82471268266984 -63.10015128672006 8.315
      vertex 97.1915411444314 -64.55607202504845 8.315
    endloop
  endfacet
  facet normal 0 0 1
    outer loop
      vertex 92.87420171602334 -64.60000000000001 8.315
      vertex 95 -64 8.315
      vertex 94.69978975789388 -63.98032318115977 8.315
    endloop
  endfacet
  facet normal 0 0 1
    outer loop
      vertex 92.87420171602334 -64.60000000000001 8.315
      vertex 95.30021024210612 -63.98032318115977 8.315
      vertex 95 -64 8.315
    endloop
  endfacet
  facet normal 0 0 1
    outer loop
      vertex 92.87420171602334 -64.60000000000001 8.315
      vertex 97.12579828397666 -64.60000000000001 8.315
      vertex 95.30021024210612 -63.98032318115977 8.315
    endloop
  endfacet
  facet normal 0.6593458151000852 -0.7518398074789632 0
    outer loop
      vertex 97.54558441227157 -64.24558441227157 7.715
      vertex 97.54558441227157 -64.24558441227157 8.315
      vertex 97.1915411444314 -64.55607202504845 8.315
    endloop
  endfacet
  facet normal 0.7518398074789632 -0.6593458151000852 0
    outer loop
      vertex 97.54558441227157 -64.24558441227157 7.715
      vertex 97.85607202504845 -63.8915411444314 8.315
      vertex 97.54558441227157 -64.24558441227157 8.315
    endloop
  endfacet
  facet normal 0.5555702330195623 -0.8314696123025719 0
    outer loop
      vertex 97.1915411444314 -64.55607202504845 7.715
      vertex 97.1915411444314 -64.55607202504845 8.315
      vertex 97.12579828397666 -64.60000000000001 8.315
    endloop
  endfacet
  facet normal 0 0 1
    outer loop
      vertex 95.5952838037358 -63.92162940046486 8.315
      vertex 95.30021024210612 -63.98032318115977 8.315
      vertex 97.12579828397666 -64.60000000000001 8.315
    endloop
  endfacet
  facet normal 0 0 1
    outer loop
      vertex 95.5952838037358 -63.92162940046486 8.315
      vertex 97.12579828397666 -64.60000000000001 8.315
      vertex 95.88017189443971 -63.82492292477596 8.315
    endloop
  endfacet
  facet normal 0 0 1
    outer loop
      vertex 95.88017189443971 -63.82492292477596 8.315
      vertex 97.12579828397666 -64.60000000000001 8.315
      vertex 96.15 -63.69185842870421 8.315
    endloop
  endfacet
  facet normal 0 0 1
    outer loop
      vertex 96.40015128672006 -63.52471268266984 8.315
      vertex 96.15 -63.69185842870421 8.315
      vertex 97.12579828397666 -64.60000000000001 8.315
    endloop
  endfacet
  facet normal 0 0 1
    outer loop
      vertex 96.82471268266984 -63.10015128672006 8.315
      vertex 97.12579828397666 -64.60000000000001 8.315
      vertex 97.1915411444314 -64.55607202504845 8.315
    endloop
  endfacet
  facet normal 0.9978589232386051 -0.06540312923011836 0
    outer loop
      vertex 98.6 -61.7 8.315
      vertex 98.56920150094572 -62.169894291992186 8.315
      vertex 98.56920150094572 -62.169894291992186 7.715
    endloop
  endfacet
  facet normal 0.980785280403228 -0.19509032201614016 0
    outer loop
      vertex 98.47733297464065 -62.631748562369076 7.715
      vertex 98.56920150094572 -62.169894291992186 8.315
      vertex 98.47733297464065 -62.631748562369076 8.315
    endloop
  endfacet
  facet normal 0 0 1
    outer loop
      vertex 98.47733297464065 -60.76825143763093 8.315
      vertex 98.32596631704064 -63.07766035651433 8.315
      vertex 98.47733297464065 -62.631748562369076 8.315
    endloop
  endfacet
  facet normal 0 0 1
    outer loop
      vertex 98.32596631704064 -60.32233964348568 8.315
      vertex 98.11769145362398 -63.5 8.315
      vertex 98.32596631704064 -63.07766035651433 8.315
    endloop
  endfacet
  facet normal 0 0 1
    outer loop
      vertex 98.56920150094572 -61.23010570800782 8.315
      vertex 98.47733297464065 -62.631748562369076 8.315
      vertex 98.56920150094572 -62.169894291992186 8.315
    endloop
  endfacet
  facet normal 0 0 1
    outer loop
      vertex 98.11769145362398 -59.900000000000006 8.315
      vertex 97.85607202504845 -63.8915411444314 8.315
      vertex 98.11769145362398 -63.5 8.315
    endloop
  endfacet
  facet normal 0.9469301294951107 -0.3214394653031474 0
    outer loop
      vertex 98.32596631704064 -63.07766035651433 7.715
      vertex 98.47733297464065 -62.631748562369076 8.315
      vertex 98.32596631704064 -63.07766035651433 8.315
    endloop
  endfacet
  facet normal 0.8968727415326784 -0.4422886902190212 0
    outer loop
      vertex 98.11769145362398 -63.5 7.715
      vertex 98.32596631704064 -63.07766035651433 8.315
      vertex 98.11769145362398 -63.5 8.315
    endloop
  endfacet
  facet normal 0 0 -1
    outer loop
      vertex 12.975 -4.395 10.615
      vertex 14.175 -5.595 10.615
      vertex 12.975 -61.60499999999999 10.615
    endloop
  endfacet
  facet normal -1 0 0
    outer loop
      vertex 12.975 -4.395 10.615
      vertex 12.975 -61.60499999999999 15.399999999999999
      vertex 12.975 -4.395 15.399999999999999
    endloop
  endfacet
  facet normal 0 0 -1
    outer loop
      vertex 12.975 -4.395 10.615
      vertex 67.17184533758602 -5.595 10.615
      vertex 14.175 -5.595 10.615
    endloop
  endfacet
  facet normal 0 1 0
    outer loop
      vertex 12.975 -4.395 10.615
      vertex 12.975 -4.395 15.399999999999999
      vertex 66.71278097524898 -4.395 10.615
    endloop
  endfacet
  facet normal 0 0 -1
    outer loop
      vertex 12.975 -4.395 10.615
      vertex 66.71278097524898 -4.395 10.615
      vertex 66.71967681884024 -4.500210242106119 10.615
    endloop
  endfacet
  facet normal 0 0 -1
    outer loop
      vertex 12.975 -4.395 10.615
      vertex 66.71967681884024 -4.500210242106119 10.615
      vertex 66.77837059953514 -4.795283803735797 10.615
    endloop
  endfacet
  facet normal 0 0 -1
    outer loop
      vertex 12.975 -4.395 10.615
      vertex 66.77837059953514 -4.795283803735797 10.615
      vertex 66.87507707522404 -5.080171894439706 10.615
    endloop
  endfacet
  facet normal 0 0 -1
    outer loop
      vertex 12.975 -4.395 10.615
      vertex 66.87507707522404 -5.080171894439706 10.615
      vertex 67.0081415712958 -5.35 10.615
    endloop
  endfacet
  facet normal 0 0 -1
    outer loop
      vertex 12.975 -4.395 10.615
      vertex 67.0081415712958 -5.35 10.615
      vertex 67.17184533758602 -5.595 10.615
    endloop
  endfacet
  facet normal 0 1 0
    outer loop
      vertex 12.975 -4.395 15.399999999999999
      vertex 66.71278097524898 -4.395 15.399999999999999
      vertex 66.71278097524898 -4.395 10.615
    endloop
  endfacet
  facet normal 0 0 -1
    outer loop
      vertex 12.975 -61.60499999999999 10.615
      vertex 14.175 -5.595 10.615
      vertex 14.175 -60.404999999999994 10.615
    endloop
  endfacet
  facet normal -1 0 0
    outer loop
      vertex 12.975 -4.395 10.615
      vertex 12.975 -61.60499999999999 10.615
      vertex 12.975 -61.60499999999999 15.399999999999999
    endloop
  endfacet
  facet normal 0 0 -1
    outer loop
      vertex 12.975 -61.60499999999999 10.615
      vertex 14.175 -60.404999999999994 10.615
      vertex 37.719676818840234 -61.399789757893885 10.615
    endloop
  endfacet
  facet normal 0 -1 0
    outer loop
      vertex 12.975 -61.60499999999999 10.615
      vertex 37.70622662896745 -61.60499999999999 10.615
      vertex 12.975 -61.60499999999999 15.399999999999999
    endloop
  endfacet
  facet normal 0 0 -1
    outer loop
      vertex 37.87507707522404 -60.8198281055603 10.615
      vertex 37.778370599535144 -61.10471619626421 10.615
      vertex 14.175 -60.404999999999994 10.615
    endloop
  endfacet
  facet normal 0 0 -1
    outer loop
      vertex 37.778370599535144 -61.10471619626421 10.615
      vertex 37.719676818840234 -61.399789757893885 10.615
      vertex 14.175 -60.404999999999994 10.615
    endloop
  endfacet
  facet normal 0 0 -1
    outer loop
      vertex 12.975 -61.60499999999999 10.615
      vertex 37.719676818840234 -61.399789757893885 10.615
      vertex 37.70622662896745 -61.60499999999999 10.615
    endloop
  endfacet
  facet normal 0 0 -1
    outer loop
      vertex 38.008141571295795 -60.550000000000004 10.615
      vertex 14.175 -60.404999999999994 10.615
      vertex 38.105027473794095 -60.404999999999994 10.615
    endloop
  endfacet
  facet normal 0 0 -1
    outer loop
      vertex 37.87507707522404 -60.8198281055603 10.615
      vertex 14.175 -60.404999999999994 10.615
      vertex 38.008141571295795 -60.550000000000004 10.615
    endloop
  endfacet
  facet normal 0 -1 0
    outer loop
      vertex 12.975 -61.60499999999999 15.399999999999999
      vertex 37.70622662896745 -61.60499999999999 10.615
      vertex 37.70622662896745 -61.60499999999999 15.399999999999999
    endloop
  endfacet
  facet normal 0 0 -1
    outer loop
      vertex 70.9918584287042 -5.35 10.615
      vertex 94.96613924050628 -5.595 10.615
      vertex 70.82815466241398 -5.595 10.615
    endloop
  endfacet
  facet normal 0 0 -1
    outer loop
      vertex 71.28721902475102 -4.395 10.615
      vertex 97.71967681884024 -4.500210242106119 10.615
      vertex 71.28032318115976 -4.500210242106119 10.615
    endloop
  endfacet
  facet normal 0 0 -1
    outer loop
      vertex 71.28032318115976 -4.500210242106119 10.615
      vertex 97.77837059953514 -4.795283803735797 10.615
      vertex 71.22162940046486 -4.795283803735797 10.615
    endloop
  endfacet
  facet normal 0 0 -1
    outer loop
      vertex 71.22162940046486 -4.795283803735797 10.615
      vertex 97.87507707522404 -5.080171894439706 10.615
      vertex 71.12492292477596 -5.080171894439706 10.615
    endloop
  endfacet
  facet normal 0 0 -1
    outer loop
      vertex 71.12492292477596 -5.080171894439706 10.615
      vertex 98.0081415712958 -5.35 10.615
      vertex 70.9918584287042 -5.35 10.615
    endloop
  endfacet
  facet normal 0 1 0
    outer loop
      vertex 71.28721902475102 -4.395 10.615
      vertex 75.27332863574007 -4.395 15.399999999999999
      vertex 97.71278097524898 -4.395 10.615
    endloop
  endfacet
  facet normal 0 1 0
    outer loop
      vertex 71.28721902475102 -4.395 10.615
      vertex 71.28721902475102 -4.395 15.399999999999999
      vertex 75.27332863574007 -4.395 15.399999999999999
    endloop
  endfacet
  facet normal 0 0 -1
    outer loop
      vertex 71.28721902475102 -4.395 10.615
      vertex 97.71278097524898 -4.395 10.615
      vertex 97.71967681884024 -4.500210242106119 10.615
    endloop
  endfacet
  facet normal 0 0 -1
    outer loop
      vertex 71.28032318115976 -4.500210242106119 10.615
      vertex 97.71967681884024 -4.500210242106119 10.615
      vertex 97.77837059953514 -4.795283803735797 10.615
    endloop
  endfacet
  facet normal 0 0 -1
    outer loop
      vertex 71.22162940046486 -4.795283803735797 10.615
      vertex 97.77837059953514 -4.795283803735797 10.615
      vertex 97.87507707522404 -5.080171894439706 10.615
    endloop
  endfacet
  facet normal 0 0 -1
    outer loop
      vertex 70.9918584287042 -5.35 10.615
      vertex 98.17184533758602 -5.595 10.615
      vertex 94.96613924050628 -5.595 10.615
    endloop
  endfacet
  facet normal 0 0 -1
    outer loop
      vertex 71.12492292477596 -5.080171894439706 10.615
      vertex 97.87507707522404 -5.080171894439706 10.615
      vertex 98.0081415712958 -5.35 10.615
    endloop
  endfacet
  facet normal 0 0 -1
    outer loop
      vertex 70.9918584287042 -5.35 10.615
      vertex 98.0081415712958 -5.35 10.615
      vertex 98.17184533758602 -5.595 10.615
    endloop
  endfacet
  facet normal 0 0 -1
    outer loop
      vertex 99.4047161962642 -6.421629400464857 10.615
      vertex 99.275 -30.650549482163395 10.615
      vertex 99.275 -6.377596685199419 10.615
    endloop
  endfacet
  facet normal 0 1 0
    outer loop
      vertex 75.27332863574007 -4.395 15.399999999999999
      vertex 97.71278097524898 -4.395 15.399999999999999
      vertex 97.71278097524898 -4.395 10.615
    endloop
  endfacet
  facet normal 0 0 -1
    outer loop
      vertex 99.4047161962642 -6.421629400464857 10.615
      vertex 99.69978975789388 -6.480323181159764 10.615
      vertex 100.475 -61.60499999999999 10.615
    endloop
  endfacet
  facet normal 0 0 -1
    outer loop
      vertex 99.69978975789388 -6.480323181159764 10.615
      vertex 100 -6.5 10.615
      vertex 100.475 -61.60499999999999 10.615
    endloop
  endfacet
  facet normal 0 0 -1
    outer loop
      vertex 100 -6.5 10.615
      vertex 100.30021024210612 -6.480323181159764 10.615
      vertex 100.475 -61.60499999999999 10.615
    endloop
  endfacet
  facet normal 0 0 -1
    outer loop
      vertex 100.30021024210612 -6.480323181159764 10.615
      vertex 100.475 -6.445555336623376 10.615
      vertex 100.475 -61.60499999999999 10.615
    endloop
  endfacet
  facet normal 0 0 -1
    outer loop
      vertex 99.4047161962642 -6.421629400464857 10.615
      vertex 100.475 -61.60499999999999 10.615
      vertex 99.275 -30.650549482163395 10.615
    endloop
  endfacet
  facet normal 1 0 0
    outer loop
      vertex 100.475 -6.445555336623376 10.615
      vertex 100.475 -6.445555336623376 15.399999999999999
      vertex 100.475 -61.60499999999999 15.399999999999999
    endloop
  endfacet
  facet normal 0 0 -1
    outer loop
      vertex 41.991858428704205 -60.550000000000004 10.615
      vertex 41.894972526205905 -60.404999999999994 10.615
      vertex 93.0081415712958 -60.550000000000004 10.615
    endloop
  endfacet
  facet normal 0 0 -1
    outer loop
      vertex 41.991858428704205 -60.550000000000004 10.615
      vertex 92.87507707522404 -60.8198281055603 10.615
      vertex 42.12492292477596 -60.8198281055603 10.615
    endloop
  endfacet
  facet normal 0 0 -1
    outer loop
      vertex 42.12492292477596 -60.8198281055603 10.615
      vertex 92.77837059953514 -61.10471619626421 10.615
      vertex 42.221629400464856 -61.10471619626421 10.615
    endloop
  endfacet
  facet normal 0 0 -1
    outer loop
      vertex 42.221629400464856 -61.10471619626421 10.615
      vertex 92.71967681884024 -61.399789757893885 10.615
      vertex 42.280323181159766 -61.399789757893885 10.615
    endloop
  endfacet
  facet normal 0 0 -1
    outer loop
      vertex 42.280323181159766 -61.399789757893885 10.615
      vertex 92.70622662896746 -61.60499999999999 10.615
      vertex 42.29377337103255 -61.60499999999999 10.615
    endloop
  endfacet
  facet normal 0 0 -1
    outer loop
      vertex 93.0081415712958 -60.550000000000004 10.615
      vertex 41.894972526205905 -60.404999999999994 10.615
      vertex 87.67045454545452 -60.404999999999994 10.615
    endloop
  endfacet
  facet normal 0 0 -1
    outer loop
      vertex 41.991858428704205 -60.550000000000004 10.615
      vertex 93.0081415712958 -60.550000000000004 10.615
      vertex 92.87507707522404 -60.8198281055603 10.615
    endloop
  endfacet
  facet normal 0 0 -1
    outer loop
      vertex 42.12492292477596 -60.8198281055603 10.615
      vertex 92.87507707522404 -60.8198281055603 10.615
      vertex 92.77837059953514 -61.10471619626421 10.615
    endloop
  endfacet
  facet normal 0 0 -1
    outer loop
      vertex 42.221629400464856 -61.10471619626421 10.615
      vertex 92.77837059953514 -61.10471619626421 10.615
      vertex 92.71967681884024 -61.399789757893885 10.615
    endloop
  endfacet
  facet normal 0 0 -1
    outer loop
      vertex 42.280323181159766 -61.399789757893885 10.615
      vertex 92.71967681884024 -61.399789757893885 10.615
      vertex 92.70622662896746 -61.60499999999999 10.615
    endloop
  endfacet
  facet normal 0 -1 0
    outer loop
      vertex 42.29377337103255 -61.60499999999999 10.615
      vertex 92.70622662896746 -61.60499999999999 10.615
      vertex 85.10186367080513 -61.60499999999999 15.399999999999999
    endloop
  endfacet
  facet normal 0 -1 0
    outer loop
      vertex 42.29377337103255 -61.60499999999999 10.615
      vertex 85.10186367080513 -61.60499999999999 15.399999999999999
      vertex 42.29377337103255 -61.60499999999999 15.399999999999999
    endloop
  endfacet
  facet normal 0 0 -1
    outer loop
      vertex 100.475 -61.60499999999999 10.615
      vertex 99.275 -52.93090909090906 10.615
      vertex 99.275 -30.650549482163395 10.615
    endloop
  endfacet
  facet normal 1 0 0
    outer loop
      vertex 100.475 -6.445555336623376 10.615
      vertex 100.475 -61.60499999999999 15.399999999999999
      vertex 100.475 -61.60499999999999 10.615
    endloop
  endfacet
  facet normal 0 0 -1
    outer loop
      vertex 93.0081415712958 -60.550000000000004 10.615
      vertex 87.67045454545452 -60.404999999999994 10.615
      vertex 93.1050274737941 -60.404999999999994 10.615
    endloop
  endfacet
  facet normal 0 0 -1
    outer loop
      vertex 100.475 -61.60499999999999 10.615
      vertex 99.275 -60.404999999999994 10.615
      vertex 99.275 -52.93090909090906 10.615
    endloop
  endfacet
  facet normal 0 0 -1
    outer loop
      vertex 100.475 -61.60499999999999 10.615
      vertex 96.8949725262059 -60.404999999999994 10.615
      vertex 99.275 -60.404999999999994 10.615
    endloop
  endfacet
  facet normal 0 0 -1
    outer loop
      vertex 96.9918584287042 -60.550000000000004 10.615
      vertex 96.8949725262059 -60.404999999999994 10.615
      vertex 100.475 -61.60499999999999 10.615
    endloop
  endfacet
  facet normal 0 0 -1
    outer loop
      vertex 96.9918584287042 -60.550000000000004 10.615
      vertex 100.475 -61.60499999999999 10.615
      vertex 97.12492292477596 -60.8198281055603 10.615
    endloop
  endfacet
  facet normal 0 0 -1
    outer loop
      vertex 97.12492292477596 -60.8198281055603 10.615
      vertex 100.475 -61.60499999999999 10.615
      vertex 97.22162940046486 -61.10471619626421 10.615
    endloop
  endfacet
  facet normal 0 0 -1
    outer loop
      vertex 97.22162940046486 -61.10471619626421 10.615
      vertex 100.475 -61.60499999999999 10.615
      vertex 97.28032318115976 -61.399789757893885 10.615
    endloop
  endfacet
  facet normal 0 0 -1
    outer loop
      vertex 97.28032318115976 -61.399789757893885 10.615
      vertex 100.475 -61.60499999999999 10.615
      vertex 97.29377337103254 -61.60499999999999 10.615
    endloop
  endfacet
  facet normal 0 -1 0
    outer loop
      vertex 97.29377337103254 -61.60499999999999 10.615
      vertex 100.475 -61.60499999999999 10.615
      vertex 100.475 -61.60499999999999 15.399999999999999
    endloop
  endfacet
  facet normal 0 -1 0
    outer loop
      vertex 85.10186367080513 -61.60499999999999 15.399999999999999
      vertex 92.70622662896746 -61.60499999999999 10.615
      vertex 92.70622662896746 -61.60499999999999 15.399999999999999
    endloop
  endfacet
  facet normal 0 -1 0
    outer loop
      vertex 97.29377337103254 -61.60499999999999 10.615
      vertex 100.475 -61.60499999999999 15.399999999999999
      vertex 97.29377337103254 -61.60499999999999 15.399999999999999
    endloop
  endfacet
  facet normal 0.8725060159497188 0 0.48860336893184547
    outer loop
      vertex 101.6 -11.1 16.8
      vertex 101.6 -23.9 16.8
      vertex 102.384 -11.884 15.399999999999999
    endloop
  endfacet
  facet normal 0 -0.8725060159497201 0.4886033689318429
    outer loop
      vertex 102.384 -11.884 15.399999999999999
      vertex 113.616 -11.884 15.399999999999999
      vertex 101.6 -11.1 16.8
    endloop
  endfacet
  facet normal 0 -0.8725060159497201 0.488603368931843
    outer loop
      vertex 101.6 -11.1 16.8
      vertex 113.616 -11.884 15.399999999999999
      vertex 114.39999999999999 -11.1 16.8
    endloop
  endfacet
  facet normal -0.8725060159497225 0 0.48860336893183876
    outer loop
      vertex 113.616 -23.116 15.399999999999999
      vertex 114.39999999999999 -11.1 16.8
      vertex 113.616 -11.884 15.399999999999999
    endloop
  endfacet
  facet normal 0.8725060159497188 0 0.48860336893184547
    outer loop
      vertex 101.6 -23.9 16.8
      vertex 102.384 -23.116 15.399999999999999
      vertex 102.384 -11.884 15.399999999999999
    endloop
  endfacet
  facet normal 0 0.8725060159497207 0.4886033689318422
    outer loop
      vertex 114.39999999999999 -23.9 16.8
      vertex 102.384 -23.116 15.399999999999999
      vertex 101.6 -23.9 16.8
    endloop
  endfacet
  facet normal -0.8725060159497225 0 0.48860336893183876
    outer loop
      vertex 113.616 -23.116 15.399999999999999
      vertex 114.39999999999999 -23.9 16.8
      vertex 114.39999999999999 -11.1 16.8
    endloop
  endfacet
  facet normal 0 0.8725060159497207 0.4886033689318421
    outer loop
      vertex 114.39999999999999 -23.9 16.8
      vertex 113.616 -23.116 15.399999999999999
      vertex 102.384 -23.116 15.399999999999999
    endloop
  endfacet
  facet normal 0 -0.8725060159497207 0.48860336893184214
    outer loop
      vertex 115.116 -45.184 15.399999999999999
      vertex 100.1 -44.4 16.8
      vertex 100.884 -45.184 15.399999999999999
    endloop
  endfacet
  facet normal 0 -0.8725060159497207 0.48860336893184214
    outer loop
      vertex 100.1 -44.4 16.8
      vertex 115.116 -45.184 15.399999999999999
      vertex 115.89999999999999 -44.4 16.8
    endloop
  endfacet
  facet normal 0.8725060159497188 0 0.4886033689318455
    outer loop
      vertex 100.1 -44.4 16.8
      vertex 100.1 -60.2 16.8
      vertex 100.884 -45.184 15.399999999999999
    endloop
  endfacet
  facet normal 0.8725060159497188 0 0.4886033689318455
    outer loop
      vertex 100.1 -60.2 16.8
      vertex 100.884 -59.416 15.399999999999999
      vertex 100.884 -45.184 15.399999999999999
    endloop
  endfacet
  facet normal 0 0.8725060159497188 0.4886033689318455
    outer loop
      vertex 101.67999999999999 -60.2 16.8
      vertex 100.884 -59.416 15.399999999999999
      vertex 100.1 -60.2 16.8
    endloop
  endfacet
  facet normal -0.8725060159497224 0 0.4886033689318387
    outer loop
      vertex 115.116 -45.184 15.399999999999999
      vertex 115.116 -59.416 15.399999999999999
      vertex 115.89999999999999 -44.4 16.8
    endloop
  endfacet
  facet normal -0.8725060159497225 0 0.48860336893183876
    outer loop
      vertex 115.89999999999999 -44.4 16.8
      vertex 115.116 -59.416 15.399999999999999
      vertex 115.89999999999999 -60.2 16.8
    endloop
  endfacet
  facet normal 0 0.8725060159497188 0.48860336893184547
    outer loop
      vertex 101.67999999999999 -60.2 16.8
      vertex 115.89999999999999 -60.2 16.8
      vertex 100.884 -59.416 15.399999999999999
    endloop
  endfacet
  facet normal 0 0.8725060159497188 0.4886033689318455
    outer loop
      vertex 100.884 -59.416 15.399999999999999
      vertex 115.89999999999999 -60.2 16.8
      vertex 115.116 -59.416 15.399999999999999
    endloop
  endfacet
  facet normal 0 -1 0
    outer loop
      vertex 14.175 -5.595 10.695
      vertex 14.175 -5.595 10.615
      vertex 67.17184533758602 -5.595 10.615
    endloop
  endfacet
  facet normal 0 -1 0
    outer loop
      vertex 14.175 -5.595 10.695
      vertex 67.17184533758602 -5.595 10.615
      vertex 70.82815466241398 -5.595 10.615
    endloop
  endfacet
  facet normal 0 1 0
    outer loop
      vertex 14.175 -60.404999999999994 10.695
      vertex 81.4813636363636 -60.404999999999994 10.695
      vertex 14.175 -60.404999999999994 10.615
    endloop
  endfacet
  facet normal 0 0 1
    outer loop
      vertex 39.404716196264204 -59.47837059953515 9.115
      vertex 40.880171894439705 -59.575077075224044 9.115
      vertex 39.69978975789388 -59.41967681884024 9.115
    endloop
  endfacet
  facet normal 0 0 1
    outer loop
      vertex 39.119828105560295 -59.575077075224044 9.115
      vertex 41.15 -59.7081415712958 9.115
      vertex 39.404716196264204 -59.47837059953515 9.115
    endloop
  endfacet
  facet normal 0 0 1
    outer loop
      vertex 38.85 -59.7081415712958 9.115
      vertex 41.40015128672006 -59.87528731733016 9.115
      vertex 39.119828105560295 -59.575077075224044 9.115
    endloop
  endfacet
  facet normal 0 0 1
    outer loop
      vertex 39.69978975789388 -59.41967681884024 9.115
      vertex 40.595283803735796 -59.47837059953515 9.115
      vertex 40 -59.400000000000006 9.115
    endloop
  endfacet
  facet normal 0 0 1
    outer loop
      vertex 40.30021024210612 -59.41967681884024 9.115
      vertex 40 -59.400000000000006 9.115
      vertex 40.595283803735796 -59.47837059953515 9.115
    endloop
  endfacet
  facet normal 0 0 1
    outer loop
      vertex 39.69978975789388 -59.41967681884024 9.115
      vertex 40.880171894439705 -59.575077075224044 9.115
      vertex 40.595283803735796 -59.47837059953515 9.115
    endloop
  endfacet
  facet normal 0 0 1
    outer loop
      vertex 39.404716196264204 -59.47837059953515 9.115
      vertex 41.15 -59.7081415712958 9.115
      vertex 40.880171894439705 -59.575077075224044 9.115
    endloop
  endfacet
  facet normal 0 0 1
    outer loop
      vertex 39.119828105560295 -59.575077075224044 9.115
      vertex 41.40015128672006 -59.87528731733016 9.115
      vertex 41.15 -59.7081415712958 9.115
    endloop
  endfacet
  facet normal 0 0 1
    outer loop
      vertex 38.37365440327094 -60.07365440327094 9.115
      vertex 41.40015128672006 -59.87528731733016 9.115
      vertex 38.59984871327994 -59.87528731733016 9.115
    endloop
  endfacet
  facet normal 0 0 1
    outer loop
      vertex 38.17528731733016 -60.29984871327994 9.115
      vertex 41.62634559672906 -60.07365440327094 9.115
      vertex 38.37365440327094 -60.07365440327094 9.115
    endloop
  endfacet
  facet normal 0 0 1
    outer loop
      vertex 38.85 -59.7081415712958 9.115
      vertex 38.59984871327994 -59.87528731733016 9.115
      vertex 41.40015128672006 -59.87528731733016 9.115
    endloop
  endfacet
  facet normal 0 0 1
    outer loop
      vertex 38.105027473794095 -60.404999999999994 9.115
      vertex 41.82471268266984 -60.29984871327994 9.115
      vertex 38.17528731733016 -60.29984871327994 9.115
    endloop
  endfacet
  facet normal 0 0 1
    outer loop
      vertex 41.40015128672006 -59.87528731733016 9.115
      vertex 38.37365440327094 -60.07365440327094 9.115
      vertex 41.62634559672906 -60.07365440327094 9.115
    endloop
  endfacet
  facet normal 0 0 1
    outer loop
      vertex 41.62634559672906 -60.07365440327094 9.115
      vertex 38.17528731733016 -60.29984871327994 9.115
      vertex 41.82471268266984 -60.29984871327994 9.115
    endloop
  endfacet
  facet normal 0 0 1
    outer loop
      vertex 41.82471268266984 -60.29984871327994 9.115
      vertex 38.105027473794095 -60.404999999999994 9.115
      vertex 41.894972526205905 -60.404999999999994 9.115
    endloop
  endfacet
  facet normal 0 1 0
    outer loop
      vertex 38.105027473794095 -60.404999999999994 10.615
      vertex 41.894972526205905 -60.404999999999994 9.115
      vertex 38.105027473794095 -60.404999999999994 9.115
    endloop
  endfacet
  facet normal 0 1 0
    outer loop
      vertex 38.105027473794095 -60.404999999999994 10.615
      vertex 41.894972526205905 -60.404999999999994 10.615
      vertex 41.894972526205905 -60.404999999999994 9.115
    endloop
  endfacet
  facet normal 0 1 0
    outer loop
      vertex 81.4813636363636 -60.404999999999994 10.695
      vertex 38.105027473794095 -60.404999999999994 10.615
      vertex 14.175 -60.404999999999994 10.615
    endloop
  endfacet
  facet normal 0 1 0
    outer loop
      vertex 81.4813636363636 -60.404999999999994 10.695
      vertex 41.894972526205905 -60.404999999999994 10.615
      vertex 38.105027473794095 -60.404999999999994 10.615
    endloop
  endfacet
  facet normal 0 -1 0
    outer loop
      vertex 14.175 -5.595 10.695
      vertex 70.82815466241398 -5.595 10.615
      vertex 94.96613924050628 -5.595 10.615
    endloop
  endfacet
  facet normal 0 0 1
    outer loop
      vertex 67.17528731733016 -5.600151286720058 9.115
      vertex 70.82471268266984 -5.600151286720058 9.115
      vertex 67.17184533758602 -5.595 9.115
    endloop
  endfacet
  facet normal 0 0 1
    outer loop
      vertex 67.37365440327095 -5.826345596729059 9.115
      vertex 70.82471268266984 -5.600151286720058 9.115
      vertex 67.17528731733016 -5.600151286720058 9.115
    endloop
  endfacet
  facet normal 0 0 1
    outer loop
      vertex 67.85 -6.191858428704209 9.115
      vertex 69.88017189443971 -6.32492292477596 9.115
      vertex 67.59984871327994 -6.024712682669841 9.115
    endloop
  endfacet
  facet normal 0 0 1
    outer loop
      vertex 67.59984871327994 -6.024712682669841 9.115
      vertex 70.62634559672905 -5.826345596729059 9.115
      vertex 67.37365440327095 -5.826345596729059 9.115
    endloop
  endfacet
  facet normal 0 0 1
    outer loop
      vertex 70.82471268266984 -5.600151286720058 9.115
      vertex 70.82815466241398 -5.595 9.115
      vertex 67.17184533758602 -5.595 9.115
    endloop
  endfacet
  facet normal 0 0 1
    outer loop
      vertex 67.59984871327994 -6.024712682669841 9.115
      vertex 69.88017189443971 -6.32492292477596 9.115
      vertex 70.15 -6.191858428704209 9.115
    endloop
  endfacet
  facet normal 0 0 1
    outer loop
      vertex 67.59984871327994 -6.024712682669841 9.115
      vertex 70.15 -6.191858428704209 9.115
      vertex 70.40015128672006 -6.024712682669841 9.115
    endloop
  endfacet
  facet normal 0 0 1
    outer loop
      vertex 67.37365440327095 -5.826345596729059 9.115
      vertex 70.62634559672905 -5.826345596729059 9.115
      vertex 70.82471268266984 -5.600151286720058 9.115
    endloop
  endfacet
  facet normal 0 0 1
    outer loop
      vertex 67.59984871327994 -6.024712682669841 9.115
      vertex 70.40015128672006 -6.024712682669841 9.115
      vertex 70.62634559672905 -5.826345596729059 9.115
    endloop
  endfacet
  facet normal 0 -1 0
    outer loop
      vertex 67.17184533758602 -5.595 9.115
      vertex 70.82815466241398 -5.595 9.115
      vertex 70.82815466241398 -5.595 10.615
    endloop
  endfacet
  facet normal 0 0 1
    outer loop
      vertex 68.11982810556029 -6.32492292477596 9.115
      vertex 69.5952838037358 -6.421629400464857 9.115
      vertex 67.85 -6.191858428704209 9.115
    endloop
  endfacet
  facet normal 0 0 1
    outer loop
      vertex 68.4047161962642 -6.421629400464857 9.115
      vertex 69.30021024210612 -6.480323181159764 9.115
      vertex 68.11982810556029 -6.32492292477596 9.115
    endloop
  endfacet
  facet normal 0 0 1
    outer loop
      vertex 68.4047161962642 -6.421629400464857 9.115
      vertex 68.69978975789388 -6.480323181159764 9.115
      vertex 69 -6.5 9.115
    endloop
  endfacet
  facet normal 0 0 1
    outer loop
      vertex 68.4047161962642 -6.421629400464857 9.115
      vertex 69 -6.5 9.115
      vertex 69.30021024210612 -6.480323181159764 9.115
    endloop
  endfacet
  facet normal 0 0 1
    outer loop
      vertex 67.85 -6.191858428704209 9.115
      vertex 69.5952838037358 -6.421629400464857 9.115
      vertex 69.88017189443971 -6.32492292477596 9.115
    endloop
  endfacet
  facet normal 0 0 1
    outer loop
      vertex 68.11982810556029 -6.32492292477596 9.115
      vertex 69.30021024210612 -6.480323181159764 9.115
      vertex 69.5952838037358 -6.421629400464857 9.115
    endloop
  endfacet
  facet normal 0 -1 0
    outer loop
      vertex 67.17184533758602 -5.595 9.115
      vertex 70.82815466241398 -5.595 10.615
      vertex 67.17184533758602 -5.595 10.615
    endloop
  endfacet
  facet normal 0 -1 0
    outer loop
      vertex 14.175 -5.595 10.695
      vertex 94.96613924050628 -5.595 10.615
      vertex 99.275 -5.595 10.695
    endloop
  endfacet
  facet normal 0 0 1
    outer loop
      vertex 99.275 -5.595 9.115
      vertex 98.17184533758602 -5.595 9.115
      vertex 98.17528731733016 -5.600151286720058 9.115
    endloop
  endfacet
  facet normal 0 0 1
    outer loop
      vertex 99.275 -5.595 9.115
      vertex 98.17528731733016 -5.600151286720058 9.115
      vertex 98.37365440327095 -5.826345596729059 9.115
    endloop
  endfacet
  facet normal 0 0 1
    outer loop
      vertex 99.275 -5.595 9.115
      vertex 98.37365440327095 -5.826345596729059 9.115
      vertex 98.59984871327994 -6.024712682669841 9.115
    endloop
  endfacet
  facet normal 0 0 1
    outer loop
      vertex 99.275 -5.595 9.115
      vertex 98.59984871327994 -6.024712682669841 9.115
      vertex 98.85 -6.191858428704209 9.115
    endloop
  endfacet
  facet normal 0 0 1
    outer loop
      vertex 99.275 -5.595 9.115
      vertex 98.85 -6.191858428704209 9.115
      vertex 99.11982810556029 -6.32492292477596 9.115
    endloop
  endfacet
  facet normal 0 0 1
    outer loop
      vertex 99.275 -5.595 9.115
      vertex 99.11982810556029 -6.32492292477596 9.115
      vertex 99.275 -6.377596685199419 9.115
    endloop
  endfacet
  facet normal 0 -1 0
    outer loop
      vertex 99.275 -5.595 9.115
      vertex 99.275 -5.595 10.465
      vertex 98.17184533758602 -5.595 9.115
    endloop
  endfacet
  facet normal -1 0 0
    outer loop
      vertex 99.275 -5.595 9.115
      vertex 99.275 -6.377596685199419 9.115
      vertex 99.275 -6.377596685199419 10.465
    endloop
  endfacet
  facet normal 0 -1 0
    outer loop
      vertex 99.275 -5.595 10.465
      vertex 98.17184533758602 -5.595 10.465
      vertex 98.17184533758602 -5.595 9.115
    endloop
  endfacet
  facet normal -1 0 0
    outer loop
      vertex 99.275 -5.595 9.115
      vertex 99.275 -6.377596685199419 10.465
      vertex 99.275 -5.595 10.465
    endloop
  endfacet
  facet normal 0 1 0
    outer loop
      vertex 81.4813636363636 -60.404999999999994 10.695
      vertex 87.67045454545452 -60.404999999999994 10.615
      vertex 41.894972526205905 -60.404999999999994 10.615
    endloop
  endfacet
  facet normal -1 0 0
    outer loop
      vertex 99.275 -27.269863636363624 10.695
      vertex 99.275 -30.650549482163395 10.615
      vertex 99.275 -52.93090909090906 10.615
    endloop
  endfacet
  facet normal -1 0 0
    outer loop
      vertex 99.275 -27.269863636363624 10.695
      vertex 99.275 -52.93090909090906 10.615
      vertex 99.275 -48.94472727272724 10.695
    endloop
  endfacet
  facet normal 0 0 1
    outer loop
      vertex 94.4047161962642 -59.47837059953515 9.115
      vertex 95.88017189443971 -59.575077075224044 9.115
      vertex 94.69978975789388 -59.41967681884024 9.115
    endloop
  endfacet
  facet normal 0 0 1
    outer loop
      vertex 94.11982810556029 -59.575077075224044 9.115
      vertex 96.15 -59.7081415712958 9.115
      vertex 94.4047161962642 -59.47837059953515 9.115
    endloop
  endfacet
  facet normal 0 0 1
    outer loop
      vertex 93.85 -59.7081415712958 9.115
      vertex 96.40015128672006 -59.87528731733016 9.115
      vertex 94.11982810556029 -59.575077075224044 9.115
    endloop
  endfacet
  facet normal 0 0 1
    outer loop
      vertex 94.69978975789388 -59.41967681884024 9.115
      vertex 95.5952838037358 -59.47837059953515 9.115
      vertex 95 -59.400000000000006 9.115
    endloop
  endfacet
  facet normal 0 0 1
    outer loop
      vertex 95.30021024210612 -59.41967681884024 9.115
      vertex 95 -59.400000000000006 9.115
      vertex 95.5952838037358 -59.47837059953515 9.115
    endloop
  endfacet
  facet normal 0 0 1
    outer loop
      vertex 94.69978975789388 -59.41967681884024 9.115
      vertex 95.88017189443971 -59.575077075224044 9.115
      vertex 95.5952838037358 -59.47837059953515 9.115
    endloop
  endfacet
  facet normal 0 0 1
    outer loop
      vertex 94.4047161962642 -59.47837059953515 9.115
      vertex 96.15 -59.7081415712958 9.115
      vertex 95.88017189443971 -59.575077075224044 9.115
    endloop
  endfacet
  facet normal 0 0 1
    outer loop
      vertex 94.11982810556029 -59.575077075224044 9.115
      vertex 96.40015128672006 -59.87528731733016 9.115
      vertex 96.15 -59.7081415712958 9.115
    endloop
  endfacet
  facet normal 0 0 1
    outer loop
      vertex 93.37365440327095 -60.07365440327094 9.115
      vertex 96.40015128672006 -59.87528731733016 9.115
      vertex 93.59984871327994 -59.87528731733016 9.115
    endloop
  endfacet
  facet normal 0 0 1
    outer loop
      vertex 93.17528731733016 -60.29984871327994 9.115
      vertex 96.62634559672905 -60.07365440327094 9.115
      vertex 93.37365440327095 -60.07365440327094 9.115
    endloop
  endfacet
  facet normal 0 0 1
    outer loop
      vertex 93.85 -59.7081415712958 9.115
      vertex 93.59984871327994 -59.87528731733016 9.115
      vertex 96.40015128672006 -59.87528731733016 9.115
    endloop
  endfacet
  facet normal 0 0 1
    outer loop
      vertex 93.1050274737941 -60.404999999999994 9.115
      vertex 96.8949725262059 -60.404999999999994 9.115
      vertex 93.17528731733016 -60.29984871327994 9.115
    endloop
  endfacet
  facet normal 0 0 1
    outer loop
      vertex 93.37365440327095 -60.07365440327094 9.115
      vertex 96.62634559672905 -60.07365440327094 9.115
      vertex 96.40015128672006 -59.87528731733016 9.115
    endloop
  endfacet
  facet normal 0 0 1
    outer loop
      vertex 96.62634559672905 -60.07365440327094 9.115
      vertex 93.17528731733016 -60.29984871327994 9.115
      vertex 96.82471268266984 -60.29984871327994 9.115
    endloop
  endfacet
  facet normal 0 0 1
    outer loop
      vertex 93.17528731733016 -60.29984871327994 9.115
      vertex 96.8949725262059 -60.404999999999994 9.115
      vertex 96.82471268266984 -60.29984871327994 9.115
    endloop
  endfacet
  facet normal 0 1 0
    outer loop
      vertex 93.1050274737941 -60.404999999999994 10.544752876366939
      vertex 96.8949725262059 -60.404999999999994 9.115
      vertex 93.1050274737941 -60.404999999999994 9.115
    endloop
  endfacet
  facet normal 0 1 0
    outer loop
      vertex 96.8949725262059 -60.404999999999994 9.115
      vertex 93.1050274737941 -60.404999999999994 10.544752876366939
      vertex 96.8949725262059 -60.404999999999994 10.49576416241097
    endloop
  endfacet
  facet normal 1 0 0
    outer loop
      vertex 14.175 -5.595 10.695
      vertex 14.175 -60.404999999999994 11.565
      vertex 14.175 -5.595 10.615
    endloop
  endfacet
  facet normal 1 0 0
    outer loop
      vertex 14.175 -5.595 10.695
      vertex 14.175 -5.595 11.565
      vertex 14.175 -60.404999999999994 11.565
    endloop
  endfacet
  facet normal 0 0 -1
    outer loop
      vertex 14.175 -5.595 11.565
      vertex 16.245 -7.664999999999999 11.565
      vertex 16.245 -58.335 11.565
    endloop
  endfacet
  facet normal 0 0 -1
    outer loop
      vertex 14.175 -5.595 11.565
      vertex 91.75500000000001 -7.664999999999999 11.565
      vertex 16.245 -7.664999999999999 11.565
    endloop
  endfacet
  facet normal 0 -1 0
    outer loop
      vertex 14.175 -5.595 10.695
      vertex 99.275 -5.595 10.695
      vertex 14.175 -5.595 11.565
    endloop
  endfacet
  facet normal 1 0 0
    outer loop
      vertex 14.175 -60.404999999999994 10.695
      vertex 14.175 -60.404999999999994 10.615
      vertex 14.175 -5.595 10.615
    endloop
  endfacet
  facet normal 1 0 0
    outer loop
      vertex 14.175 -60.404999999999994 10.695
      vertex 14.175 -5.595 10.615
      vertex 14.175 -60.404999999999994 11.565
    endloop
  endfacet
  facet normal 0 0 -1
    outer loop
      vertex 14.175 -5.595 11.565
      vertex 16.245 -58.335 11.565
      vertex 14.175 -60.404999999999994 11.565
    endloop
  endfacet
  facet normal 0 1 0
    outer loop
      vertex 14.175 -60.404999999999994 10.695
      vertex 14.175 -60.404999999999994 11.565
      vertex 81.4813636363636 -60.404999999999994 10.695
    endloop
  endfacet
  facet normal 0 0 -1
    outer loop
      vertex 16.245 -58.335 11.565
      vertex 91.75500000000001 -58.335 11.565
      vertex 14.175 -60.404999999999994 11.565
    endloop
  endfacet
  facet normal 0 0 -1
    outer loop
      vertex 14.175 -5.595 11.565
      vertex 99.275 -5.595 11.565
      vertex 91.75500000000001 -7.664999999999999 11.565
    endloop
  endfacet
  facet normal 0 -1 0
    outer loop
      vertex 14.175 -5.595 11.565
      vertex 99.275 -5.595 10.695
      vertex 99.275 -5.595 11.565
    endloop
  endfacet
  facet normal 0 -1 0
    outer loop
      vertex 99.275 -5.595 10.695
      vertex 94.96613924050628 -5.595 10.615
      vertex 98.17184533758602 -5.595 10.615
    endloop
  endfacet
  facet normal 0 -1 0
    outer loop
      vertex 99.275 -5.595 10.465
      vertex 99.275 -5.595 10.695
      vertex 98.17184533758602 -5.595 10.465
    endloop
  endfacet
  facet normal 0 -1 0
    outer loop
      vertex 99.275 -5.595 10.695
      vertex 98.17184533758602 -5.595 10.615
      vertex 98.17184533758602 -5.595 10.465
    endloop
  endfacet
  facet normal -1 0 0
    outer loop
      vertex 99.275 -5.595 10.465
      vertex 99.275 -6.377596685199419 10.465
      vertex 99.275 -6.377596685199419 10.615
    endloop
  endfacet
  facet normal -1 0 0
    outer loop
      vertex 99.275 -5.595 10.465
      vertex 99.275 -6.377596685199419 10.615
      vertex 99.275 -5.595 10.695
    endloop
  endfacet
  facet normal -1 0 0
    outer loop
      vertex 99.275 -5.595 10.695
      vertex 99.275 -6.377596685199419 10.615
      vertex 99.275 -27.269863636363624 10.695
    endloop
  endfacet
  facet normal -1 0 0
    outer loop
      vertex 99.275 -5.595 10.695
      vertex 99.275 -27.269863636363624 10.695
      vertex 99.275 -5.595 11.565
    endloop
  endfacet
  facet normal -1 0 0
    outer loop
      vertex 99.275 -27.269863636363624 10.695
      vertex 99.275 -6.377596685199419 10.615
      vertex 99.275 -30.650549482163395 10.615
    endloop
  endfacet
  facet normal 0 0 -1
    outer loop
      vertex 91.75500000000001 -7.664999999999999 11.565
      vertex 99.275 -5.595 11.565
      vertex 91.75500000000001 -58.335 11.565
    endloop
  endfacet
  facet normal -1 0 0
    outer loop
      vertex 99.275 -5.595 11.565
      vertex 99.275 -27.269863636363624 10.695
      vertex 99.275 -48.94472727272724 10.695
    endloop
  endfacet
  facet normal 0 1 0
    outer loop
      vertex 14.175 -60.404999999999994 11.565
      vertex 99.275 -60.404999999999994 11.565
      vertex 81.4813636363636 -60.404999999999994 10.695
    endloop
  endfacet
  facet normal 0 0 -1
    outer loop
      vertex 14.175 -60.404999999999994 11.565
      vertex 91.75500000000001 -58.335 11.565
      vertex 99.275 -60.404999999999994 11.565
    endloop
  endfacet
  facet normal -1 0 0
    outer loop
      vertex 99.275 -5.595 11.565
      vertex 99.275 -48.94472727272724 10.695
      vertex 99.275 -60.404999999999994 11.565
    endloop
  endfacet
  facet normal 0 0 -1
    outer loop
      vertex 99.275 -5.595 11.565
      vertex 99.275 -60.404999999999994 11.565
      vertex 91.75500000000001 -58.335 11.565
    endloop
  endfacet
  facet normal -1 0 0
    outer loop
      vertex 99.275 -48.94472727272724 10.695
      vertex 99.275 -52.93090909090906 10.615
      vertex 99.275 -60.404999999999994 11.565
    endloop
  endfacet
  facet normal 0 1 0
    outer loop
      vertex 99.275 -60.404999999999994 11.565
      vertex 93.1050274737941 -60.404999999999994 10.615
      vertex 87.67045454545452 -60.404999999999994 10.615
    endloop
  endfacet
  facet normal 0 1 0
    outer loop
      vertex 93.1050274737941 -60.404999999999994 10.615
      vertex 96.8949725262059 -60.404999999999994 10.615
      vertex 93.1050274737941 -60.404999999999994 10.544752876366939
    endloop
  endfacet
  facet normal 0 1 0
    outer loop
      vertex 96.8949725262059 -60.404999999999994 10.615
      vertex 96.8949725262059 -60.404999999999994 10.49576416241097
      vertex 93.1050274737941 -60.404999999999994 10.544752876366939
    endloop
  endfacet
  facet normal 0 1 0
    outer loop
      vertex 99.275 -60.404999999999994 11.565
      vertex 96.8949725262059 -60.404999999999994 10.615
      vertex 93.1050274737941 -60.404999999999994 10.615
    endloop
  endfacet
  facet normal -1 0 0
    outer loop
      vertex 99.275 -60.404999999999994 11.565
      vertex 99.275 -52.93090909090906 10.615
      vertex 99.275 -60.404999999999994 10.615
    endloop
  endfacet
  facet normal 0 1 0
    outer loop
      vertex 99.275 -60.404999999999994 11.565
      vertex 99.275 -60.404999999999994 10.615
      vertex 96.8949725262059 -60.404999999999994 10.615
    endloop
  endfacet
  facet normal 0 1 0
    outer loop
      vertex 81.4813636363636 -60.404999999999994 10.695
      vertex 99.275 -60.404999999999994 11.565
      vertex 87.67045454545452 -60.404999999999994 10.615
    endloop
  endfacet
  facet normal 1 0 0
    outer loop
      vertex 16.245 -7.664999999999999 11.565
      vertex 16.245 -7.664999999999999 16.8
      vertex 16.245 -58.335 16.8
    endloop
  endfacet
  facet normal 0 -1 0
    outer loop
      vertex 16.245 -7.664999999999999 11.565
      vertex 91.75500000000001 -7.664999999999999 11.565
      vertex 16.245 -7.664999999999999 16.8
    endloop
  endfacet
  facet normal 1 0 0
    outer loop
      vertex 16.245 -7.664999999999999 11.565
      vertex 16.245 -58.335 16.8
      vertex 16.245 -58.335 11.565
    endloop
  endfacet
  facet normal 0 1 0
    outer loop
      vertex 16.245 -58.335 11.565
      vertex 16.245 -58.335 16.8
      vertex 91.75500000000001 -58.335 16.8
    endloop
  endfacet
  facet normal 0 -1 0
    outer loop
      vertex 91.75500000000001 -7.664999999999999 11.565
      vertex 91.75500000000001 -7.664999999999999 16.8
      vertex 16.245 -7.664999999999999 16.8
    endloop
  endfacet
  facet normal -1 0 0
    outer loop
      vertex 91.75500000000001 -7.664999999999999 11.565
      vertex 91.75500000000001 -58.335 11.565
      vertex 91.75500000000001 -7.664999999999999 16.8
    endloop
  endfacet
  facet normal 0 1 0
    outer loop
      vertex 16.245 -58.335 11.565
      vertex 91.75500000000001 -58.335 16.8
      vertex 91.75500000000001 -58.335 11.565
    endloop
  endfacet
  facet normal -1 0 0
    outer loop
      vertex 91.75500000000001 -58.335 11.565
      vertex 91.75500000000001 -58.335 16.8
      vertex 91.75500000000001 -7.664999999999999 16.8
    endloop
  endfacet
  facet normal 0 0 1
    outer loop
      vertex 71.7 -64.60000000000001 5.1
      vertex 71.7 -66 5.1
      vertex 84.3 -66 5.1
    endloop
  endfacet
  facet normal 0 0 1
    outer loop
      vertex 71.7 -64.60000000000001 5.1
      vertex 84.3 -66 5.1
      vertex 84.3 -64.60000000000001 5.1
    endloop
  endfacet
  facet normal 1 0 0
    outer loop
      vertex 71.7 -64.60000000000001 9.8
      vertex 71.7 -66 5.1
      vertex 71.7 -64.60000000000001 5.1
    endloop
  endfacet
  facet normal -1 0 0
    outer loop
      vertex 84.3 -64.60000000000001 5.1
      vertex 84.3 -66 5.1
      vertex 84.3 -66 9.8
    endloop
  endfacet
  facet normal 1 0 0
    outer loop
      vertex 71.7 -64.60000000000001 9.8
      vertex 71.7 -66 9.8
      vertex 71.7 -66 5.1
    endloop
  endfacet
  facet normal -1 0 0
    outer loop
      vertex 84.3 -64.60000000000001 5.1
      vertex 84.3 -66 9.8
      vertex 84.3 -64.60000000000001 9.8
    endloop
  endfacet
  facet normal 0 0 -1
    outer loop
      vertex 84.3 -64.60000000000001 9.8
      vertex 71.7 -66 9.8
      vertex 71.7 -64.60000000000001 9.8
    endloop
  endfacet
  facet normal 0 0 -1
    outer loop
      vertex 71.7 -66 9.8
      vertex 84.3 -64.60000000000001 9.8
      vertex 84.3 -66 9.8
    endloop
  endfacet
endsolid OpenSCAD_Model
