solid OpenSCAD_Model
  facet normal -0.4713967233433575 -0.8819212715549761 0
    outer loop
      vertex 1 0.2679491937160492 0
      vertex 1.1154226213693619 0.2062545195221901 0
      vertex 1 0.2679491937160492 8
    endloop
  endfacet
  facet normal -0.5280678201484726 -0.8492022004938756 0
    outer loop
      vertex 1 0.2679491937160492 0
      vertex 0.8888595327734947 0.337060771882534 8
      vertex 0.8888595327734947 0.337060771882534 0
    endloop
  endfacet
  facet normal -0.7298640342308284 -0.6835923430936746 0
    outer loop
      vertex 0.49632038176059723 0.6813083663582802 0
      vertex 0.5857864394783974 0.5857864394783974 0
      vertex 0.49632038176059723 0.6813083663582802 8
    endloop
  endfacet
  facet normal -0.7730104622497544 -0.634393273334783 0
    outer loop
      vertex 0.49632038176059723 0.6813083663582802 0
      vertex 0.4132933169603348 0.7824771404266357 8
      vertex 0.4132933169603348 0.7824771404266357 0
    endloop
  endfacet
  facet normal -0.634393273334783 -0.7730104622497544 0
    outer loop
      vertex 0.7824771404266357 0.4132933169603348 0
      vertex 0.6813083663582802 0.49632038176059723 8
      vertex 0.6813083663582802 0.49632038176059723 0
    endloop
  endfacet
  facet normal -0.6835923430936746 -0.7298640342308284 0
    outer loop
      vertex 0.6813083663582802 0.49632038176059723 0
      vertex 0.5857864394783974 0.5857864394783974 8
      vertex 0.5857864394783974 0.5857864394783974 0
    endloop
  endfacet
  facet normal -0.5824777008612586 -0.8128466817299448 0
    outer loop
      vertex 0.8888595327734947 0.337060771882534 0
      vertex 0.7824771404266357 0.4132933169603348 8
      vertex 0.7824771404266357 0.4132933169603348 0
    endloop
  endfacet
  facet normal -0.35225000783407906 -0.9359059418450612 0
    outer loop
      vertex 1.234633132815361 0.15224093198776245 0
      vertex 1.3571210727095604 0.10613974183797836 0
      vertex 1.234633132815361 0.15224093198776245 8
    endloop
  endfacet
  facet normal -0.2902847025219059 -0.9569403280674134 0
    outer loop
      vertex 1.482361912727356 0.06814834475517273 0
      vertex 1.3571210727095604 0.10613974183797836 8
      vertex 1.3571210727095604 0.10613974183797836 0
    endloop
  endfacet
  facet normal -0.22707625522046462 -0.9738769810992817 0
    outer loop
      vertex 1.482361912727356 0.06814834475517273 0
      vertex 1.6098193526268005 0.038429439067840576 0
      vertex 1.482361912727356 0.06814834475517273 8
    endloop
  endfacet
  facet normal -0.41270707740186025 -0.9108638033550432 0
    outer loop
      vertex 1.234633132815361 0.15224093198776245 0
      vertex 1.1154226213693619 0.2062545195221901 8
      vertex 1.1154226213693619 0.2062545195221901 0
    endloop
  endfacet
  facet normal -0.16289544342237808 -0.9866433370333105 0
    outer loop
      vertex 1.6098193526268005 0.038429439067840576 0
      vertex 1.7389476150274277 0.017110280692577362 0
      vertex 1.6098193526268005 0.038429439067840576 8
    endloop
  endfacet
  facet normal -0.09801716228042794 -0.9951847245102249 0
    outer loop
      vertex 1.7389476150274277 0.017110280692577362 0
      vertex 1.8691937401890755 0.004282154142856598 0
      vertex 1.7389476150274277 0.017110280692577362 8
    endloop
  endfacet
  facet normal -0.032719087217007954 -0.9994645873324807 0
    outer loop
      vertex 1.8691937401890755 0.004282154142856598 0
      vertex 2 0 0
      vertex 1.8691937401890755 0.004282154142856598 8
    endloop
  endfacet
  facet normal -0.8128466817299448 -0.5824777008612586 0
    outer loop
      vertex 0.4132933169603348 0.7824771404266357 0
      vertex 0.337060771882534 0.8888595327734947 8
      vertex 0.337060771882534 0.8888595327734947 0
    endloop
  endfacet
  facet normal -0.8819212715549761 -0.4713967233433575 0
    outer loop
      vertex 0.2062545195221901 1.1154226213693619 0
      vertex 0.2679491937160492 1 0
      vertex 0.2062545195221901 1.1154226213693619 8
    endloop
  endfacet
  facet normal -0.8492022004938756 -0.5280678201484726 0
    outer loop
      vertex 0.337060771882534 0.8888595327734947 0
      vertex 0.2679491937160492 1 8
      vertex 0.2679491937160492 1 0
    endloop
  endfacet
  facet normal -0.9108638033550432 -0.41270707740186025 0
    outer loop
      vertex 0.2062545195221901 1.1154226213693619 0
      vertex 0.15224093198776245 1.234633132815361 8
      vertex 0.15224093198776245 1.234633132815361 0
    endloop
  endfacet
  facet normal -0.9359059418450612 -0.35225000783407906 0
    outer loop
      vertex 0.15224093198776245 1.234633132815361 0
      vertex 0.10613974183797836 1.3571210727095604 8
      vertex 0.10613974183797836 1.3571210727095604 0
    endloop
  endfacet
  facet normal -0.9569403280674134 -0.2902847025219059 0
    outer loop
      vertex 0.10613974183797836 1.3571210727095604 0
      vertex 0.06814834475517273 1.482361912727356 8
      vertex 0.06814834475517273 1.482361912727356 0
    endloop
  endfacet
  facet normal -0.9738769810992817 -0.22707625522046462 0
    outer loop
      vertex 0.06814834475517273 1.482361912727356 0
      vertex 0.038429439067840576 1.6098193526268005 8
      vertex 0.038429439067840576 1.6098193526268005 0
    endloop
  endfacet
  facet normal -0.9866433370333105 -0.16289544342237808 0
    outer loop
      vertex 0.038429439067840576 1.6098193526268005 0
      vertex 0.017110280692577362 1.7389476150274277 8
      vertex 0.017110280692577362 1.7389476150274277 0
    endloop
  endfacet
  facet normal -0.9951847245102249 -0.09801716228042794 0
    outer loop
      vertex 0.017110280692577362 1.7389476150274277 0
      vertex 0.004282154142856598 1.8691937401890755 8
      vertex 0.004282154142856598 1.8691937401890755 0
    endloop
  endfacet
  facet normal -0.9994645873324807 -0.032719087217007954 0
    outer loop
      vertex 0.004282154142856598 1.8691937401890755 0
      vertex 0 2 8
      vertex 0 2 0
    endloop
  endfacet
  facet normal 0 0 -1
    outer loop
      vertex 0.8888595327734947 0.337060771882534 0
      vertex 0.7824771404266357 0.4132933169603348 0
      vertex 0.7824771404266357 11.586706683039665 0
    endloop
  endfacet
  facet normal 0 0 -1
    outer loop
      vertex 1 0.2679491937160492 0
      vertex 0.8888595327734947 0.337060771882534 0
      vertex 0.8888595327734947 11.662939228117466 0
    endloop
  endfacet
  facet normal 0 0 -1
    outer loop
      vertex 1 0.2679491937160492 0
      vertex 1 11.73205080628395 0
      vertex 1.1154226213693619 0.2062545195221901 0
    endloop
  endfacet
  facet normal 0 0 -1
    outer loop
      vertex 0.49632038176059723 0.6813083663582802 0
      vertex 0.49632038176059723 11.31869163364172 0
      vertex 0.5857864394783974 0.5857864394783974 0
    endloop
  endfacet
  facet normal 0 0 -1
    outer loop
      vertex 0.4132933169603348 0.7824771404266357 0
      vertex 0.337060771882534 0.8888595327734947 0
      vertex 0.337060771882534 11.111140467226505 0
    endloop
  endfacet
  facet normal 0 0 -1
    outer loop
      vertex 0.337060771882534 0.8888595327734947 0
      vertex 0.2679491937160492 1 0
      vertex 0.2679491937160492 11 0
    endloop
  endfacet
  facet normal 0 0 -1
    outer loop
      vertex 0.49632038176059723 0.6813083663582802 0
      vertex 0.4132933169603348 0.7824771404266357 0
      vertex 0.4132933169603348 11.217522859573364 0
    endloop
  endfacet
  facet normal 0 0 -1
    outer loop
      vertex 0.2062545195221901 1.1154226213693619 0
      vertex 0.2062545195221901 10.884577378630638 0
      vertex 0.2679491937160492 1 0
    endloop
  endfacet
  facet normal 0 0 -1
    outer loop
      vertex 0.2062545195221901 1.1154226213693619 0
      vertex 0.15224093198776245 1.234633132815361 0
      vertex 0.15224093198776245 10.765366867184639 0
    endloop
  endfacet
  facet normal 0 0 -1
    outer loop
      vertex 0.15224093198776245 1.234633132815361 0
      vertex 0.10613974183797836 1.3571210727095604 0
      vertex 0.10613974183797836 10.64287892729044 0
    endloop
  endfacet
  facet normal 0 0 -1
    outer loop
      vertex 0.10613974183797836 1.3571210727095604 0
      vertex 0.06814834475517273 1.482361912727356 0
      vertex 0.06814834475517273 10.517638087272644 0
    endloop
  endfacet
  facet normal 0 0 -1
    outer loop
      vertex 0.06814834475517273 1.482361912727356 0
      vertex 0.038429439067840576 1.6098193526268005 0
      vertex 0.038429439067840576 10.3901806473732 0
    endloop
  endfacet
  facet normal 0 0 -1
    outer loop
      vertex 0.6813083663582802 0.49632038176059723 0
      vertex 0.5857864394783974 0.5857864394783974 0
      vertex 0.5857864394783974 11.414213560521603 0
    endloop
  endfacet
  facet normal 0 0 -1
    outer loop
      vertex 0.7824771404266357 0.4132933169603348 0
      vertex 0.6813083663582802 0.49632038176059723 0
      vertex 0.6813083663582802 11.503679618239403 0
    endloop
  endfacet
  facet normal 0 0 -1
    outer loop
      vertex 1.234633132815361 0.15224093198776245 0
      vertex 1.1154226213693619 0.2062545195221901 0
      vertex 1.1154226213693619 11.79374548047781 0
    endloop
  endfacet
  facet normal 0 0 -1
    outer loop
      vertex 1.234633132815361 0.15224093198776245 0
      vertex 1.234633132815361 11.847759068012238 0
      vertex 1.3571210727095604 0.10613974183797836 0
    endloop
  endfacet
  facet normal 0 0 -1
    outer loop
      vertex 1.482361912727356 0.06814834475517273 0
      vertex 1.3571210727095604 0.10613974183797836 0
      vertex 1.3571210727095604 11.893860258162022 0
    endloop
  endfacet
  facet normal 0 0 -1
    outer loop
      vertex 1.482361912727356 0.06814834475517273 0
      vertex 1.482361912727356 11.931851655244827 0
      vertex 1.6098193526268005 0.038429439067840576 0
    endloop
  endfacet
  facet normal 0 0 -1
    outer loop
      vertex 1.6098193526268005 0.038429439067840576 0
      vertex 1.6098193526268005 11.96157056093216 0
      vertex 1.7389476150274277 0.017110280692577362 0
    endloop
  endfacet
  facet normal 0 0 -1
    outer loop
      vertex 1.7389476150274277 0.017110280692577362 0
      vertex 1.7389476150274277 11.982889719307423 0
      vertex 1.8691937401890755 0.004282154142856598 0
    endloop
  endfacet
  facet normal 0 0 -1
    outer loop
      vertex 1.8691937401890755 0.004282154142856598 0
      vertex 1.8691937401890755 11.995717845857143 0
      vertex 2 0 0
    endloop
  endfacet
  facet normal 0 0 -1
    outer loop
      vertex 0.038429439067840576 1.6098193526268005 0
      vertex 0.017110280692577362 1.7389476150274277 0
      vertex 0.017110280692577362 10.261052384972572 0
    endloop
  endfacet
  facet normal 0 0 -1
    outer loop
      vertex 0.017110280692577362 1.7389476150274277 0
      vertex 0.004282154142856598 1.8691937401890755 0
      vertex 0.004282154142856598 10.130806259810925 0
    endloop
  endfacet
  facet normal 0 0 -1
    outer loop
      vertex 0.004282154142856598 1.8691937401890755 0
      vertex 0 2 0
      vertex 0 10 0
    endloop
  endfacet
  facet normal 0 -1 0
    outer loop
      vertex 2 0 0
      vertex 32 0 0
      vertex 12.3 0 2.1
    endloop
  endfacet
  facet normal 0 -1 0
    outer loop
      vertex 2 0 0
      vertex 12.3 0 2.1
      vertex 12.3 0 5.9
    endloop
  endfacet
  facet normal 0 0 -1
    outer loop
      vertex 2 0 0
      vertex 2 12 0
      vertex 32 0 0
    endloop
  endfacet
  facet normal -0.5824777008612586 -0.8128466817299448 0
    outer loop
      vertex 0.8888595327734947 0.337060771882534 0
      vertex 0.8888595327734947 0.337060771882534 8
      vertex 0.7824771404266357 0.4132933169603348 8
    endloop
  endfacet
  facet normal -0.5280678201484726 -0.8492022004938756 0
    outer loop
      vertex 1 0.2679491937160492 0
      vertex 1 0.2679491937160492 8
      vertex 0.8888595327734947 0.337060771882534 8
    endloop
  endfacet
  facet normal -0.7730104622497544 -0.634393273334783 0
    outer loop
      vertex 0.49632038176059723 0.6813083663582802 0
      vertex 0.49632038176059723 0.6813083663582802 8
      vertex 0.4132933169603348 0.7824771404266357 8
    endloop
  endfacet
  facet normal -0.634393273334783 -0.7730104622497544 0
    outer loop
      vertex 0.7824771404266357 0.4132933169603348 0
      vertex 0.7824771404266357 0.4132933169603348 8
      vertex 0.6813083663582802 0.49632038176059723 8
    endloop
  endfacet
  facet normal -0.6835923430936746 -0.7298640342308284 0
    outer loop
      vertex 0.6813083663582802 0.49632038176059723 0
      vertex 0.6813083663582802 0.49632038176059723 8
      vertex 0.5857864394783974 0.5857864394783974 8
    endloop
  endfacet
  facet normal -0.7298640342308284 -0.6835923430936746 0
    outer loop
      vertex 0.5857864394783974 0.5857864394783974 0
      vertex 0.5857864394783974 0.5857864394783974 8
      vertex 0.49632038176059723 0.6813083663582802 8
    endloop
  endfacet
  facet normal -0.41270707740186025 -0.9108638033550432 0
    outer loop
      vertex 1.234633132815361 0.15224093198776245 0
      vertex 1.234633132815361 0.15224093198776245 8
      vertex 1.1154226213693619 0.2062545195221901 8
    endloop
  endfacet
  facet normal -0.35225000783407906 -0.9359059418450612 0
    outer loop
      vertex 1.3571210727095604 0.10613974183797836 0
      vertex 1.3571210727095604 0.10613974183797836 8
      vertex 1.234633132815361 0.15224093198776245 8
    endloop
  endfacet
  facet normal -0.2902847025219059 -0.9569403280674134 0
    outer loop
      vertex 1.482361912727356 0.06814834475517273 0
      vertex 1.482361912727356 0.06814834475517273 8
      vertex 1.3571210727095604 0.10613974183797836 8
    endloop
  endfacet
  facet normal -0.22707625522046462 -0.9738769810992817 0
    outer loop
      vertex 1.6098193526268005 0.038429439067840576 0
      vertex 1.6098193526268005 0.038429439067840576 8
      vertex 1.482361912727356 0.06814834475517273 8
    endloop
  endfacet
  facet normal -0.4713967233433575 -0.8819212715549761 0
    outer loop
      vertex 1.1154226213693619 0.2062545195221901 0
      vertex 1.1154226213693619 0.2062545195221901 8
      vertex 1 0.2679491937160492 8
    endloop
  endfacet
  facet normal -0.16289544342237808 -0.9866433370333105 0
    outer loop
      vertex 1.7389476150274277 0.017110280692577362 0
      vertex 1.7389476150274277 0.017110280692577362 8
      vertex 1.6098193526268005 0.038429439067840576 8
    endloop
  endfacet
  facet normal -0.09801716228042794 -0.9951847245102249 0
    outer loop
      vertex 1.8691937401890755 0.004282154142856598 0
      vertex 1.8691937401890755 0.004282154142856598 8
      vertex 1.7389476150274277 0.017110280692577362 8
    endloop
  endfacet
  facet normal -0.032719087217007954 -0.9994645873324807 0
    outer loop
      vertex 2 0 0
      vertex 2 0 8
      vertex 1.8691937401890755 0.004282154142856598 8
    endloop
  endfacet
  facet normal -0.8128466817299448 -0.5824777008612586 0
    outer loop
      vertex 0.4132933169603348 0.7824771404266357 0
      vertex 0.4132933169603348 0.7824771404266357 8
      vertex 0.337060771882534 0.8888595327734947 8
    endloop
  endfacet
  facet normal -0.8492022004938756 -0.5280678201484726 0
    outer loop
      vertex 0.337060771882534 0.8888595327734947 0
      vertex 0.337060771882534 0.8888595327734947 8
      vertex 0.2679491937160492 1 8
    endloop
  endfacet
  facet normal -0.8819212715549761 -0.4713967233433575 0
    outer loop
      vertex 0.2679491937160492 1 0
      vertex 0.2679491937160492 1 8
      vertex 0.2062545195221901 1.1154226213693619 8
    endloop
  endfacet
  facet normal -0.9108638033550432 -0.41270707740186025 0
    outer loop
      vertex 0.2062545195221901 1.1154226213693619 0
      vertex 0.2062545195221901 1.1154226213693619 8
      vertex 0.15224093198776245 1.234633132815361 8
    endloop
  endfacet
  facet normal -0.9359059418450612 -0.35225000783407906 0
    outer loop
      vertex 0.15224093198776245 1.234633132815361 0
      vertex 0.15224093198776245 1.234633132815361 8
      vertex 0.10613974183797836 1.3571210727095604 8
    endloop
  endfacet
  facet normal -0.9569403280674134 -0.2902847025219059 0
    outer loop
      vertex 0.10613974183797836 1.3571210727095604 0
      vertex 0.10613974183797836 1.3571210727095604 8
      vertex 0.06814834475517273 1.482361912727356 8
    endloop
  endfacet
  facet normal -0.9738769810992817 -0.22707625522046462 0
    outer loop
      vertex 0.06814834475517273 1.482361912727356 0
      vertex 0.06814834475517273 1.482361912727356 8
      vertex 0.038429439067840576 1.6098193526268005 8
    endloop
  endfacet
  facet normal -0.9866433370333105 -0.16289544342237808 0
    outer loop
      vertex 0.038429439067840576 1.6098193526268005 0
      vertex 0.038429439067840576 1.6098193526268005 8
      vertex 0.017110280692577362 1.7389476150274277 8
    endloop
  endfacet
  facet normal -0.9951847245102249 -0.09801716228042794 0
    outer loop
      vertex 0.017110280692577362 1.7389476150274277 0
      vertex 0.017110280692577362 1.7389476150274277 8
      vertex 0.004282154142856598 1.8691937401890755 8
    endloop
  endfacet
  facet normal -0.9994645873324807 -0.032719087217007954 0
    outer loop
      vertex 0.004282154142856598 1.8691937401890755 0
      vertex 0.004282154142856598 1.8691937401890755 8
      vertex 0 2 8
    endloop
  endfacet
  facet normal 0 -1 0
    outer loop
      vertex 2 0 0
      vertex 12.3 0 5.9
      vertex 2 0 8
    endloop
  endfacet
  facet normal -1 0 0
    outer loop
      vertex 0 2 0
      vertex 0 2 8
      vertex 0 10 8
    endloop
  endfacet
  facet normal 0 0 1
    outer loop
      vertex 0.8888595327734947 0.337060771882534 8
      vertex 0.7824771404266357 11.586706683039665 8
      vertex 0.7824771404266357 0.4132933169603348 8
    endloop
  endfacet
  facet normal 0 0 1
    outer loop
      vertex 1 0.2679491937160492 8
      vertex 0.8888595327734947 11.662939228117466 8
      vertex 0.8888595327734947 0.337060771882534 8
    endloop
  endfacet
  facet normal 0 0 1
    outer loop
      vertex 1 0.2679491937160492 8
      vertex 1.1154226213693619 0.2062545195221901 8
      vertex 1 11.73205080628395 8
    endloop
  endfacet
  facet normal 0 0 1
    outer loop
      vertex 0.49632038176059723 0.6813083663582802 8
      vertex 0.5857864394783974 0.5857864394783974 8
      vertex 0.49632038176059723 11.31869163364172 8
    endloop
  endfacet
  facet normal 0 0 1
    outer loop
      vertex 0.4132933169603348 0.7824771404266357 8
      vertex 0.337060771882534 11.111140467226505 8
      vertex 0.337060771882534 0.8888595327734947 8
    endloop
  endfacet
  facet normal 0 0 1
    outer loop
      vertex 0.337060771882534 0.8888595327734947 8
      vertex 0.2679491937160492 11 8
      vertex 0.2679491937160492 1 8
    endloop
  endfacet
  facet normal 0 0 1
    outer loop
      vertex 0.49632038176059723 0.6813083663582802 8
      vertex 0.4132933169603348 11.217522859573364 8
      vertex 0.4132933169603348 0.7824771404266357 8
    endloop
  endfacet
  facet normal 0 0 1
    outer loop
      vertex 0.2062545195221901 1.1154226213693619 8
      vertex 0.2679491937160492 1 8
      vertex 0.2062545195221901 10.884577378630638 8
    endloop
  endfacet
  facet normal 0 0 1
    outer loop
      vertex 0.2062545195221901 1.1154226213693619 8
      vertex 0.15224093198776245 10.765366867184639 8
      vertex 0.15224093198776245 1.234633132815361 8
    endloop
  endfacet
  facet normal 0 0 1
    outer loop
      vertex 0.15224093198776245 1.234633132815361 8
      vertex 0.10613974183797836 10.64287892729044 8
      vertex 0.10613974183797836 1.3571210727095604 8
    endloop
  endfacet
  facet normal 0 0 1
    outer loop
      vertex 0.10613974183797836 1.3571210727095604 8
      vertex 0.06814834475517273 10.517638087272644 8
      vertex 0.06814834475517273 1.482361912727356 8
    endloop
  endfacet
  facet normal 0 0 1
    outer loop
      vertex 0.06814834475517273 1.482361912727356 8
      vertex 0.038429439067840576 10.3901806473732 8
      vertex 0.038429439067840576 1.6098193526268005 8
    endloop
  endfacet
  facet normal 0 0 1
    outer loop
      vertex 0.6813083663582802 0.49632038176059723 8
      vertex 0.5857864394783974 11.414213560521603 8
      vertex 0.5857864394783974 0.5857864394783974 8
    endloop
  endfacet
  facet normal 0 0 1
    outer loop
      vertex 0.7824771404266357 0.4132933169603348 8
      vertex 0.6813083663582802 11.503679618239403 8
      vertex 0.6813083663582802 0.49632038176059723 8
    endloop
  endfacet
  facet normal 0 0 1
    outer loop
      vertex 1.234633132815361 0.15224093198776245 8
      vertex 1.1154226213693619 11.79374548047781 8
      vertex 1.1154226213693619 0.2062545195221901 8
    endloop
  endfacet
  facet normal 0 0 1
    outer loop
      vertex 1.234633132815361 0.15224093198776245 8
      vertex 1.3571210727095604 0.10613974183797836 8
      vertex 1.234633132815361 11.847759068012238 8
    endloop
  endfacet
  facet normal 0 0 1
    outer loop
      vertex 1.482361912727356 0.06814834475517273 8
      vertex 1.3571210727095604 11.893860258162022 8
      vertex 1.3571210727095604 0.10613974183797836 8
    endloop
  endfacet
  facet normal 0 0 1
    outer loop
      vertex 1.482361912727356 0.06814834475517273 8
      vertex 1.6098193526268005 0.038429439067840576 8
      vertex 1.482361912727356 11.931851655244827 8
    endloop
  endfacet
  facet normal 0 0 1
    outer loop
      vertex 1.6098193526268005 0.038429439067840576 8
      vertex 1.7389476150274277 0.017110280692577362 8
      vertex 1.6098193526268005 11.96157056093216 8
    endloop
  endfacet
  facet normal 0 0 1
    outer loop
      vertex 1.7389476150274277 0.017110280692577362 8
      vertex 1.8691937401890755 0.004282154142856598 8
      vertex 1.7389476150274277 11.982889719307423 8
    endloop
  endfacet
  facet normal 0 0 1
    outer loop
      vertex 1.8691937401890755 0.004282154142856598 8
      vertex 2 0 8
      vertex 1.8691937401890755 11.995717845857143 8
    endloop
  endfacet
  facet normal 0 0 1
    outer loop
      vertex 0.038429439067840576 1.6098193526268005 8
      vertex 0.017110280692577362 10.261052384972572 8
      vertex 0.017110280692577362 1.7389476150274277 8
    endloop
  endfacet
  facet normal 0 0 1
    outer loop
      vertex 0.017110280692577362 1.7389476150274277 8
      vertex 0.004282154142856598 10.130806259810925 8
      vertex 0.004282154142856598 1.8691937401890755 8
    endloop
  endfacet
  facet normal 0 0 1
    outer loop
      vertex 0.004282154142856598 1.8691937401890755 8
      vertex 0 10 8
      vertex 0 2 8
    endloop
  endfacet
  facet normal 0 -1 0
    outer loop
      vertex 2 0 8
      vertex 12.3 0 5.9
      vertex 21.700000000000003 0 5.9
    endloop
  endfacet
  facet normal 0 0 1
    outer loop
      vertex 2 0 8
      vertex 32 0 8
      vertex 2 12 8
    endloop
  endfacet
  facet normal 0 0 -1
    outer loop
      vertex 0.004282154142856598 1.8691937401890755 0
      vertex 0 10 0
      vertex 0.004282154142856598 10.130806259810925 0
    endloop
  endfacet
  facet normal 0 0 -1
    outer loop
      vertex 0.017110280692577362 1.7389476150274277 0
      vertex 0.004282154142856598 10.130806259810925 0
      vertex 0.017110280692577362 10.261052384972572 0
    endloop
  endfacet
  facet normal 0 0 -1
    outer loop
      vertex 0.038429439067840576 1.6098193526268005 0
      vertex 0.017110280692577362 10.261052384972572 0
      vertex 0.038429439067840576 10.3901806473732 0
    endloop
  endfacet
  facet normal 0 0 -1
    outer loop
      vertex 0.06814834475517273 1.482361912727356 0
      vertex 0.038429439067840576 10.3901806473732 0
      vertex 0.06814834475517273 10.517638087272644 0
    endloop
  endfacet
  facet normal 0 0 -1
    outer loop
      vertex 0.10613974183797836 1.3571210727095604 0
      vertex 0.06814834475517273 10.517638087272644 0
      vertex 0.10613974183797836 10.64287892729044 0
    endloop
  endfacet
  facet normal 0 0 -1
    outer loop
      vertex 0.15224093198776245 1.234633132815361 0
      vertex 0.10613974183797836 10.64287892729044 0
      vertex 0.15224093198776245 10.765366867184639 0
    endloop
  endfacet
  facet normal 0 0 -1
    outer loop
      vertex 0.2062545195221901 1.1154226213693619 0
      vertex 0.15224093198776245 10.765366867184639 0
      vertex 0.2062545195221901 10.884577378630638 0
    endloop
  endfacet
  facet normal 0 0 -1
    outer loop
      vertex 0.2679491937160492 1 0
      vertex 0.2062545195221901 10.884577378630638 0
      vertex 0.2679491937160492 11 0
    endloop
  endfacet
  facet normal 0 0 -1
    outer loop
      vertex 0.337060771882534 0.8888595327734947 0
      vertex 0.2679491937160492 11 0
      vertex 0.337060771882534 11.111140467226505 0
    endloop
  endfacet
  facet normal 0 0 -1
    outer loop
      vertex 0.4132933169603348 0.7824771404266357 0
      vertex 0.337060771882534 11.111140467226505 0
      vertex 0.4132933169603348 11.217522859573364 0
    endloop
  endfacet
  facet normal 0 0 -1
    outer loop
      vertex 0.49632038176059723 0.6813083663582802 0
      vertex 0.4132933169603348 11.217522859573364 0
      vertex 0.49632038176059723 11.31869163364172 0
    endloop
  endfacet
  facet normal 0 0 -1
    outer loop
      vertex 0.5857864394783974 0.5857864394783974 0
      vertex 0.49632038176059723 11.31869163364172 0
      vertex 0.5857864394783974 11.414213560521603 0
    endloop
  endfacet
  facet normal 0 0 -1
    outer loop
      vertex 0.6813083663582802 0.49632038176059723 0
      vertex 0.5857864394783974 11.414213560521603 0
      vertex 0.6813083663582802 11.503679618239403 0
    endloop
  endfacet
  facet normal 0 0 -1
    outer loop
      vertex 0.7824771404266357 0.4132933169603348 0
      vertex 0.6813083663582802 11.503679618239403 0
      vertex 0.7824771404266357 11.586706683039665 0
    endloop
  endfacet
  facet normal 0 0 -1
    outer loop
      vertex 0.8888595327734947 0.337060771882534 0
      vertex 0.7824771404266357 11.586706683039665 0
      vertex 0.8888595327734947 11.662939228117466 0
    endloop
  endfacet
  facet normal 0 0 -1
    outer loop
      vertex 1 0.2679491937160492 0
      vertex 0.8888595327734947 11.662939228117466 0
      vertex 1 11.73205080628395 0
    endloop
  endfacet
  facet normal 0 0 -1
    outer loop
      vertex 1.1154226213693619 0.2062545195221901 0
      vertex 1 11.73205080628395 0
      vertex 1.1154226213693619 11.79374548047781 0
    endloop
  endfacet
  facet normal 0 0 -1
    outer loop
      vertex 1.234633132815361 0.15224093198776245 0
      vertex 1.1154226213693619 11.79374548047781 0
      vertex 1.234633132815361 11.847759068012238 0
    endloop
  endfacet
  facet normal 0 0 -1
    outer loop
      vertex 1.3571210727095604 0.10613974183797836 0
      vertex 1.234633132815361 11.847759068012238 0
      vertex 1.3571210727095604 11.893860258162022 0
    endloop
  endfacet
  facet normal 0 0 -1
    outer loop
      vertex 1.482361912727356 0.06814834475517273 0
      vertex 1.3571210727095604 11.893860258162022 0
      vertex 1.482361912727356 11.931851655244827 0
    endloop
  endfacet
  facet normal 0 0 -1
    outer loop
      vertex 1.6098193526268005 0.038429439067840576 0
      vertex 1.482361912727356 11.931851655244827 0
      vertex 1.6098193526268005 11.96157056093216 0
    endloop
  endfacet
  facet normal 0 0 -1
    outer loop
      vertex 1.7389476150274277 0.017110280692577362 0
      vertex 1.6098193526268005 11.96157056093216 0
      vertex 1.7389476150274277 11.982889719307423 0
    endloop
  endfacet
  facet normal 0 0 -1
    outer loop
      vertex 1.8691937401890755 0.004282154142856598 0
      vertex 1.7389476150274277 11.982889719307423 0
      vertex 1.8691937401890755 11.995717845857143 0
    endloop
  endfacet
  facet normal 0 0 -1
    outer loop
      vertex 2 0 0
      vertex 1.8691937401890755 11.995717845857143 0
      vertex 2 12 0
    endloop
  endfacet
  facet normal -1 0 0
    outer loop
      vertex 0 2 0
      vertex 0 10 8
      vertex 0 10 0
    endloop
  endfacet
  facet normal -0.9994645873324807 0.032719087217007954 0
    outer loop
      vertex 0 10 0
      vertex 0.004282154142856598 10.130806259810925 8
      vertex 0.004282154142856598 10.130806259810925 0
    endloop
  endfacet
  facet normal -0.9951847245102249 0.09801716228042794 0
    outer loop
      vertex 0.004282154142856598 10.130806259810925 0
      vertex 0.017110280692577362 10.261052384972572 8
      vertex 0.017110280692577362 10.261052384972572 0
    endloop
  endfacet
  facet normal -0.9866433370333105 0.16289544342237808 0
    outer loop
      vertex 0.017110280692577362 10.261052384972572 0
      vertex 0.038429439067840576 10.3901806473732 8
      vertex 0.038429439067840576 10.3901806473732 0
    endloop
  endfacet
  facet normal -0.9738769810992817 0.22707625522046462 0
    outer loop
      vertex 0.038429439067840576 10.3901806473732 0
      vertex 0.06814834475517273 10.517638087272644 8
      vertex 0.06814834475517273 10.517638087272644 0
    endloop
  endfacet
  facet normal -0.9569403280674134 0.2902847025219059 0
    outer loop
      vertex 0.06814834475517273 10.517638087272644 0
      vertex 0.10613974183797836 10.64287892729044 8
      vertex 0.10613974183797836 10.64287892729044 0
    endloop
  endfacet
  facet normal -0.9359059418450612 0.35225000783407906 0
    outer loop
      vertex 0.10613974183797836 10.64287892729044 0
      vertex 0.15224093198776245 10.765366867184639 8
      vertex 0.15224093198776245 10.765366867184639 0
    endloop
  endfacet
  facet normal -0.9108638033550432 0.41270707740186025 0
    outer loop
      vertex 0.15224093198776245 10.765366867184639 0
      vertex 0.2062545195221901 10.884577378630638 8
      vertex 0.2062545195221901 10.884577378630638 0
    endloop
  endfacet
  facet normal -0.8819212715549761 0.4713967233433575 0
    outer loop
      vertex 0.2062545195221901 10.884577378630638 0
      vertex 0.2679491937160492 11 8
      vertex 0.2679491937160492 11 0
    endloop
  endfacet
  facet normal -0.8492022004938756 0.5280678201484726 0
    outer loop
      vertex 0.2679491937160492 11 0
      vertex 0.337060771882534 11.111140467226505 8
      vertex 0.337060771882534 11.111140467226505 0
    endloop
  endfacet
  facet normal -0.8128466817299448 0.5824777008612586 0
    outer loop
      vertex 0.337060771882534 11.111140467226505 0
      vertex 0.4132933169603348 11.217522859573364 8
      vertex 0.4132933169603348 11.217522859573364 0
    endloop
  endfacet
  facet normal -0.7730104622497544 0.634393273334783 0
    outer loop
      vertex 0.4132933169603348 11.217522859573364 0
      vertex 0.49632038176059723 11.31869163364172 8
      vertex 0.49632038176059723 11.31869163364172 0
    endloop
  endfacet
  facet normal -0.7298640342308284 0.6835923430936746 0
    outer loop
      vertex 0.49632038176059723 11.31869163364172 0
      vertex 0.5857864394783974 11.414213560521603 8
      vertex 0.5857864394783974 11.414213560521603 0
    endloop
  endfacet
  facet normal -0.6835923430936746 0.7298640342308284 0
    outer loop
      vertex 0.5857864394783974 11.414213560521603 0
      vertex 0.6813083663582802 11.503679618239403 8
      vertex 0.6813083663582802 11.503679618239403 0
    endloop
  endfacet
  facet normal -0.634393273334783 0.7730104622497544 0
    outer loop
      vertex 0.6813083663582802 11.503679618239403 0
      vertex 0.7824771404266357 11.586706683039665 8
      vertex 0.7824771404266357 11.586706683039665 0
    endloop
  endfacet
  facet normal -0.5824777008612586 0.8128466817299448 0
    outer loop
      vertex 0.7824771404266357 11.586706683039665 0
      vertex 0.8888595327734947 11.662939228117466 8
      vertex 0.8888595327734947 11.662939228117466 0
    endloop
  endfacet
  facet normal -0.5280678201484726 0.8492022004938756 0
    outer loop
      vertex 0.8888595327734947 11.662939228117466 0
      vertex 1 11.73205080628395 8
      vertex 1 11.73205080628395 0
    endloop
  endfacet
  facet normal -0.4713967233433575 0.8819212715549761 0
    outer loop
      vertex 1 11.73205080628395 0
      vertex 1.1154226213693619 11.79374548047781 8
      vertex 1.1154226213693619 11.79374548047781 0
    endloop
  endfacet
  facet normal -0.41270707740186025 0.9108638033550432 0
    outer loop
      vertex 1.1154226213693619 11.79374548047781 0
      vertex 1.234633132815361 11.847759068012238 8
      vertex 1.234633132815361 11.847759068012238 0
    endloop
  endfacet
  facet normal -0.35225000783407906 0.9359059418450612 0
    outer loop
      vertex 1.234633132815361 11.847759068012238 0
      vertex 1.3571210727095604 11.893860258162022 8
      vertex 1.3571210727095604 11.893860258162022 0
    endloop
  endfacet
  facet normal -0.2902847025219059 0.9569403280674134 0
    outer loop
      vertex 1.3571210727095604 11.893860258162022 0
      vertex 1.482361912727356 11.931851655244827 8
      vertex 1.482361912727356 11.931851655244827 0
    endloop
  endfacet
  facet normal -0.22707625522046462 0.9738769810992817 0
    outer loop
      vertex 1.482361912727356 11.931851655244827 0
      vertex 1.6098193526268005 11.96157056093216 8
      vertex 1.6098193526268005 11.96157056093216 0
    endloop
  endfacet
  facet normal -0.16289544342237808 0.9866433370333105 0
    outer loop
      vertex 1.6098193526268005 11.96157056093216 0
      vertex 1.7389476150274277 11.982889719307423 8
      vertex 1.7389476150274277 11.982889719307423 0
    endloop
  endfacet
  facet normal -0.09801716228042794 0.9951847245102249 0
    outer loop
      vertex 1.7389476150274277 11.982889719307423 0
      vertex 1.8691937401890755 11.995717845857143 8
      vertex 1.8691937401890755 11.995717845857143 0
    endloop
  endfacet
  facet normal -0.032719087217007954 0.9994645873324807 0
    outer loop
      vertex 1.8691937401890755 11.995717845857143 0
      vertex 2 12 8
      vertex 2 12 0
    endloop
  endfacet
  facet normal 0 1 0
    outer loop
      vertex 2 12 0
      vertex 2 12 8
      vertex 12.3 12 2.1
    endloop
  endfacet
  facet normal 0 1 0
    outer loop
      vertex 2 12 0
      vertex 12.3 12 2.1
      vertex 21.700000000000003 12 2.1
    endloop
  endfacet
  facet normal 0 0 1
    outer loop
      vertex 0.004282154142856598 1.8691937401890755 8
      vertex 0.004282154142856598 10.130806259810925 8
      vertex 0 10 8
    endloop
  endfacet
  facet normal 0 0 1
    outer loop
      vertex 0.017110280692577362 1.7389476150274277 8
      vertex 0.017110280692577362 10.261052384972572 8
      vertex 0.004282154142856598 10.130806259810925 8
    endloop
  endfacet
  facet normal 0 0 1
    outer loop
      vertex 0.038429439067840576 1.6098193526268005 8
      vertex 0.038429439067840576 10.3901806473732 8
      vertex 0.017110280692577362 10.261052384972572 8
    endloop
  endfacet
  facet normal 0 0 1
    outer loop
      vertex 0.06814834475517273 1.482361912727356 8
      vertex 0.06814834475517273 10.517638087272644 8
      vertex 0.038429439067840576 10.3901806473732 8
    endloop
  endfacet
  facet normal 0 0 1
    outer loop
      vertex 0.10613974183797836 1.3571210727095604 8
      vertex 0.10613974183797836 10.64287892729044 8
      vertex 0.06814834475517273 10.517638087272644 8
    endloop
  endfacet
  facet normal 0 0 1
    outer loop
      vertex 0.15224093198776245 1.234633132815361 8
      vertex 0.15224093198776245 10.765366867184639 8
      vertex 0.10613974183797836 10.64287892729044 8
    endloop
  endfacet
  facet normal 0 0 1
    outer loop
      vertex 0.2062545195221901 1.1154226213693619 8
      vertex 0.2062545195221901 10.884577378630638 8
      vertex 0.15224093198776245 10.765366867184639 8
    endloop
  endfacet
  facet normal 0 0 1
    outer loop
      vertex 0.2679491937160492 1 8
      vertex 0.2679491937160492 11 8
      vertex 0.2062545195221901 10.884577378630638 8
    endloop
  endfacet
  facet normal 0 0 1
    outer loop
      vertex 0.337060771882534 0.8888595327734947 8
      vertex 0.337060771882534 11.111140467226505 8
      vertex 0.2679491937160492 11 8
    endloop
  endfacet
  facet normal 0 0 1
    outer loop
      vertex 0.4132933169603348 0.7824771404266357 8
      vertex 0.4132933169603348 11.217522859573364 8
      vertex 0.337060771882534 11.111140467226505 8
    endloop
  endfacet
  facet normal 0 0 1
    outer loop
      vertex 0.49632038176059723 0.6813083663582802 8
      vertex 0.49632038176059723 11.31869163364172 8
      vertex 0.4132933169603348 11.217522859573364 8
    endloop
  endfacet
  facet normal 0 0 1
    outer loop
      vertex 0.5857864394783974 0.5857864394783974 8
      vertex 0.5857864394783974 11.414213560521603 8
      vertex 0.49632038176059723 11.31869163364172 8
    endloop
  endfacet
  facet normal 0 0 1
    outer loop
      vertex 0.6813083663582802 0.49632038176059723 8
      vertex 0.6813083663582802 11.503679618239403 8
      vertex 0.5857864394783974 11.414213560521603 8
    endloop
  endfacet
  facet normal 0 0 1
    outer loop
      vertex 0.7824771404266357 0.4132933169603348 8
      vertex 0.7824771404266357 11.586706683039665 8
      vertex 0.6813083663582802 11.503679618239403 8
    endloop
  endfacet
  facet normal 0 0 1
    outer loop
      vertex 0.8888595327734947 0.337060771882534 8
      vertex 0.8888595327734947 11.662939228117466 8
      vertex 0.7824771404266357 11.586706683039665 8
    endloop
  endfacet
  facet normal 0 0 1
    outer loop
      vertex 1 0.2679491937160492 8
      vertex 1 11.73205080628395 8
      vertex 0.8888595327734947 11.662939228117466 8
    endloop
  endfacet
  facet normal 0 0 1
    outer loop
      vertex 1.1154226213693619 0.2062545195221901 8
      vertex 1.1154226213693619 11.79374548047781 8
      vertex 1 11.73205080628395 8
    endloop
  endfacet
  facet normal 0 0 1
    outer loop
      vertex 1.234633132815361 0.15224093198776245 8
      vertex 1.234633132815361 11.847759068012238 8
      vertex 1.1154226213693619 11.79374548047781 8
    endloop
  endfacet
  facet normal 0 0 1
    outer loop
      vertex 1.3571210727095604 0.10613974183797836 8
      vertex 1.3571210727095604 11.893860258162022 8
      vertex 1.234633132815361 11.847759068012238 8
    endloop
  endfacet
  facet normal 0 0 1
    outer loop
      vertex 1.482361912727356 0.06814834475517273 8
      vertex 1.482361912727356 11.931851655244827 8
      vertex 1.3571210727095604 11.893860258162022 8
    endloop
  endfacet
  facet normal 0 0 1
    outer loop
      vertex 1.6098193526268005 0.038429439067840576 8
      vertex 1.6098193526268005 11.96157056093216 8
      vertex 1.482361912727356 11.931851655244827 8
    endloop
  endfacet
  facet normal 0 0 1
    outer loop
      vertex 1.7389476150274277 0.017110280692577362 8
      vertex 1.7389476150274277 11.982889719307423 8
      vertex 1.6098193526268005 11.96157056093216 8
    endloop
  endfacet
  facet normal 0 0 1
    outer loop
      vertex 1.8691937401890755 0.004282154142856598 8
      vertex 1.8691937401890755 11.995717845857143 8
      vertex 1.7389476150274277 11.982889719307423 8
    endloop
  endfacet
  facet normal 0 0 1
    outer loop
      vertex 2 0 8
      vertex 2 12 8
      vertex 1.8691937401890755 11.995717845857143 8
    endloop
  endfacet
  facet normal -0.9994645873324807 0.032719087217007954 0
    outer loop
      vertex 0 10 0
      vertex 0 10 8
      vertex 0.004282154142856598 10.130806259810925 8
    endloop
  endfacet
  facet normal -0.9951847245102249 0.09801716228042794 0
    outer loop
      vertex 0.004282154142856598 10.130806259810925 0
      vertex 0.004282154142856598 10.130806259810925 8
      vertex 0.017110280692577362 10.261052384972572 8
    endloop
  endfacet
  facet normal -0.9866433370333105 0.16289544342237808 0
    outer loop
      vertex 0.017110280692577362 10.261052384972572 0
      vertex 0.017110280692577362 10.261052384972572 8
      vertex 0.038429439067840576 10.3901806473732 8
    endloop
  endfacet
  facet normal -0.9738769810992817 0.22707625522046462 0
    outer loop
      vertex 0.038429439067840576 10.3901806473732 0
      vertex 0.038429439067840576 10.3901806473732 8
      vertex 0.06814834475517273 10.517638087272644 8
    endloop
  endfacet
  facet normal -0.9569403280674134 0.2902847025219059 0
    outer loop
      vertex 0.06814834475517273 10.517638087272644 0
      vertex 0.06814834475517273 10.517638087272644 8
      vertex 0.10613974183797836 10.64287892729044 8
    endloop
  endfacet
  facet normal -0.9359059418450612 0.35225000783407906 0
    outer loop
      vertex 0.10613974183797836 10.64287892729044 0
      vertex 0.10613974183797836 10.64287892729044 8
      vertex 0.15224093198776245 10.765366867184639 8
    endloop
  endfacet
  facet normal -0.9108638033550432 0.41270707740186025 0
    outer loop
      vertex 0.15224093198776245 10.765366867184639 0
      vertex 0.15224093198776245 10.765366867184639 8
      vertex 0.2062545195221901 10.884577378630638 8
    endloop
  endfacet
  facet normal -0.8819212715549761 0.4713967233433575 0
    outer loop
      vertex 0.2062545195221901 10.884577378630638 0
      vertex 0.2062545195221901 10.884577378630638 8
      vertex 0.2679491937160492 11 8
    endloop
  endfacet
  facet normal -0.8492022004938756 0.5280678201484726 0
    outer loop
      vertex 0.2679491937160492 11 0
      vertex 0.2679491937160492 11 8
      vertex 0.337060771882534 11.111140467226505 8
    endloop
  endfacet
  facet normal -0.8128466817299448 0.5824777008612586 0
    outer loop
      vertex 0.337060771882534 11.111140467226505 0
      vertex 0.337060771882534 11.111140467226505 8
      vertex 0.4132933169603348 11.217522859573364 8
    endloop
  endfacet
  facet normal -0.7730104622497544 0.634393273334783 0
    outer loop
      vertex 0.4132933169603348 11.217522859573364 0
      vertex 0.4132933169603348 11.217522859573364 8
      vertex 0.49632038176059723 11.31869163364172 8
    endloop
  endfacet
  facet normal -0.7298640342308284 0.6835923430936746 0
    outer loop
      vertex 0.49632038176059723 11.31869163364172 0
      vertex 0.49632038176059723 11.31869163364172 8
      vertex 0.5857864394783974 11.414213560521603 8
    endloop
  endfacet
  facet normal -0.6835923430936746 0.7298640342308284 0
    outer loop
      vertex 0.5857864394783974 11.414213560521603 0
      vertex 0.5857864394783974 11.414213560521603 8
      vertex 0.6813083663582802 11.503679618239403 8
    endloop
  endfacet
  facet normal -0.634393273334783 0.7730104622497544 0
    outer loop
      vertex 0.6813083663582802 11.503679618239403 0
      vertex 0.6813083663582802 11.503679618239403 8
      vertex 0.7824771404266357 11.586706683039665 8
    endloop
  endfacet
  facet normal -0.5824777008612586 0.8128466817299448 0
    outer loop
      vertex 0.7824771404266357 11.586706683039665 0
      vertex 0.7824771404266357 11.586706683039665 8
      vertex 0.8888595327734947 11.662939228117466 8
    endloop
  endfacet
  facet normal -0.5280678201484726 0.8492022004938756 0
    outer loop
      vertex 0.8888595327734947 11.662939228117466 0
      vertex 0.8888595327734947 11.662939228117466 8
      vertex 1 11.73205080628395 8
    endloop
  endfacet
  facet normal -0.4713967233433575 0.8819212715549761 0
    outer loop
      vertex 1 11.73205080628395 0
      vertex 1 11.73205080628395 8
      vertex 1.1154226213693619 11.79374548047781 8
    endloop
  endfacet
  facet normal -0.41270707740186025 0.9108638033550432 0
    outer loop
      vertex 1.1154226213693619 11.79374548047781 0
      vertex 1.1154226213693619 11.79374548047781 8
      vertex 1.234633132815361 11.847759068012238 8
    endloop
  endfacet
  facet normal -0.35225000783407906 0.9359059418450612 0
    outer loop
      vertex 1.234633132815361 11.847759068012238 0
      vertex 1.234633132815361 11.847759068012238 8
      vertex 1.3571210727095604 11.893860258162022 8
    endloop
  endfacet
  facet normal -0.2902847025219059 0.9569403280674134 0
    outer loop
      vertex 1.3571210727095604 11.893860258162022 0
      vertex 1.3571210727095604 11.893860258162022 8
      vertex 1.482361912727356 11.931851655244827 8
    endloop
  endfacet
  facet normal -0.22707625522046462 0.9738769810992817 0
    outer loop
      vertex 1.482361912727356 11.931851655244827 0
      vertex 1.482361912727356 11.931851655244827 8
      vertex 1.6098193526268005 11.96157056093216 8
    endloop
  endfacet
  facet normal -0.16289544342237808 0.9866433370333105 0
    outer loop
      vertex 1.6098193526268005 11.96157056093216 0
      vertex 1.6098193526268005 11.96157056093216 8
      vertex 1.7389476150274277 11.982889719307423 8
    endloop
  endfacet
  facet normal -0.09801716228042794 0.9951847245102249 0
    outer loop
      vertex 1.7389476150274277 11.982889719307423 0
      vertex 1.7389476150274277 11.982889719307423 8
      vertex 1.8691937401890755 11.995717845857143 8
    endloop
  endfacet
  facet normal -0.032719087217007954 0.9994645873324807 0
    outer loop
      vertex 1.8691937401890755 11.995717845857143 0
      vertex 1.8691937401890755 11.995717845857143 8
      vertex 2 12 8
    endloop
  endfacet
  facet normal 0 1 0
    outer loop
      vertex 2 12 8
      vertex 12.3 12 5.9
      vertex 12.3 12 2.1
    endloop
  endfacet
  facet normal 0 1 0
    outer loop
      vertex 2 12 8
      vertex 32 12 8
      vertex 12.3 12 5.9
    endloop
  endfacet
  facet normal 0 -1 0
    outer loop
      vertex 32 0 0
      vertex 21.700000000000003 0 2.1
      vertex 12.3 0 2.1
    endloop
  endfacet
  facet normal 0 -1 0
    outer loop
      vertex 21.700000000000003 0 2.1
      vertex 26.614272641636205 0 2.863683844605873
      vertex 26.540779881161892 0 2.8913445609864556
    endloop
  endfacet
  facet normal 0 -1 0
    outer loop
      vertex 21.700000000000003 0 2.1
      vertex 26.540779881161892 0 2.8913445609864556
      vertex 26.469253571737198 0 2.923752710160774
    endloop
  endfacet
  facet normal 0 -1 0
    outer loop
      vertex 21.700000000000003 0 2.1
      vertex 26.469253571737198 0 2.923752710160774
      vertex 26.4 0 2.960769515458674
    endloop
  endfacet
  facet normal 0 -1 0
    outer loop
      vertex 21.700000000000003 0 2.1
      vertex 26.333315720376476 0 3.0022364652369458
      vertex 26.269486285189537 0 3.047975991650518
    endloop
  endfacet
  facet normal 0 -1 0
    outer loop
      vertex 21.700000000000003 0 2.1
      vertex 26.4 0 2.960769515458674
      vertex 26.333315720376476 0 3.0022364652369458
    endloop
  endfacet
  facet normal 0 -1 0
    outer loop
      vertex 21.700000000000003 0 2.1
      vertex 26.269486285189537 0 3.047975991650518
      vertex 26.20878502187992 0 3.097792231025227
    endloop
  endfacet
  facet normal 0 -1 0
    outer loop
      vertex 21.700000000000003 0 2.1
      vertex 26.765891613580646 0 2.8230576635161233
      vertex 26.689417145876973 0 2.840889008453118
    endloop
  endfacet
  facet normal 0 -1 0
    outer loop
      vertex 21.700000000000003 0 2.1
      vertex 26.689417145876973 0 2.840889008453118
      vertex 26.614272641636205 0 2.863683844605873
    endloop
  endfacet
  facet normal 0 -1 0
    outer loop
      vertex 21.700000000000003 0 2.1
      vertex 26.843368569335937 0 2.8102661663514277
      vertex 26.765891613580646 0 2.8230576635161233
    endloop
  endfacet
  facet normal 0 -1 0
    outer loop
      vertex 21.700000000000003 0 2.1
      vertex 26.92151624492383 0 2.8025692921136756
      vertex 26.843368569335937 0 2.8102661663514277
    endloop
  endfacet
  facet normal 0 -1 0
    outer loop
      vertex 21.700000000000003 0 2.1
      vertex 27 0 2.8
      vertex 26.92151624492383 0 2.8025692921136756
    endloop
  endfacet
  facet normal 0 -1 0
    outer loop
      vertex 21.700000000000003 0 2.1
      vertex 26.20878502187992 0 3.097792231025227
      vertex 26.151471862576145 0 3.151471862576143
    endloop
  endfacet
  facet normal 0 -1 0
    outer loop
      vertex 21.700000000000003 0 2.1
      vertex 26.151471862576145 0 3.151471862576143
      vertex 26.097792231025227 0 3.208785021879917
    endloop
  endfacet
  facet normal 0 -1 0
    outer loop
      vertex 21.700000000000003 0 2.1
      vertex 26.097792231025227 0 3.208785021879917
      vertex 26.047975991650517 0 3.269486285189535
    endloop
  endfacet
  facet normal 0 -1 0
    outer loop
      vertex 21.700000000000003 0 2.1
      vertex 26.047975991650517 0 3.269486285189535
      vertex 26.002236465236948 0 3.3333157203764774
    endloop
  endfacet
  facet normal 0 -1 0
    outer loop
      vertex 21.700000000000003 0 2.1
      vertex 26.002236465236948 0 3.3333157203764774
      vertex 25.960769515458672 0 3.4
    endloop
  endfacet
  facet normal 0 -1 0
    outer loop
      vertex 21.700000000000003 0 2.1
      vertex 25.960769515458672 0 3.4
      vertex 25.923752710160773 0 3.4692535717371986
    endloop
  endfacet
  facet normal 0 -1 0
    outer loop
      vertex 25.802569292113677 0 3.9215162449238283
      vertex 25.8 0 4
      vertex 21.700000000000003 0 2.1
    endloop
  endfacet
  facet normal 0 -1 0
    outer loop
      vertex 25.8 0 4
      vertex 25.802569292113677 0 4.078483755076172
      vertex 21.700000000000003 0 2.1
    endloop
  endfacet
  facet normal 0 -1 0
    outer loop
      vertex 21.700000000000003 0 2.1
      vertex 25.923752710160773 0 3.4692535717371986
      vertex 25.891344560986457 0 3.5407798811618925
    endloop
  endfacet
  facet normal 0 -1 0
    outer loop
      vertex 21.700000000000003 0 2.1
      vertex 25.891344560986457 0 3.5407798811618925
      vertex 25.863683844605873 0 3.614272641636206
    endloop
  endfacet
  facet normal 0 -1 0
    outer loop
      vertex 21.700000000000003 0 2.1
      vertex 25.863683844605873 0 3.614272641636206
      vertex 25.840889008453118 0 3.689417145876975
    endloop
  endfacet
  facet normal 0 -1 0
    outer loop
      vertex 21.700000000000003 0 2.1
      vertex 25.840889008453118 0 3.689417145876975
      vertex 25.823057663516124 0 3.765891613580646
    endloop
  endfacet
  facet normal 0 -1 0
    outer loop
      vertex 21.700000000000003 0 2.1
      vertex 25.823057663516124 0 3.765891613580646
      vertex 25.81026616635143 0 3.8433685693359383
    endloop
  endfacet
  facet normal 0 -1 0
    outer loop
      vertex 25.81026616635143 0 3.8433685693359383
      vertex 25.802569292113677 0 3.9215162449238283
      vertex 21.700000000000003 0 2.1
    endloop
  endfacet
  facet normal 0 -1 0
    outer loop
      vertex 25.802569292113677 0 4.078483755076172
      vertex 25.81026616635143 0 4.156631430664062
      vertex 21.700000000000003 0 2.1
    endloop
  endfacet
  facet normal 0 -1 0
    outer loop
      vertex 25.81026616635143 0 4.156631430664062
      vertex 25.823057663516124 0 4.234108386419354
      vertex 21.700000000000003 0 2.1
    endloop
  endfacet
  facet normal 0 -1 0
    outer loop
      vertex 25.823057663516124 0 4.234108386419354
      vertex 25.840889008453118 0 4.310582854123025
      vertex 21.700000000000003 0 2.1
    endloop
  endfacet
  facet normal 0 -1 0
    outer loop
      vertex 25.840889008453118 0 4.310582854123025
      vertex 25.863683844605873 0 4.385727358363794
      vertex 21.700000000000003 0 2.1
    endloop
  endfacet
  facet normal 0 -1 0
    outer loop
      vertex 25.863683844605873 0 4.385727358363794
      vertex 25.891344560986457 0 4.4592201188381075
      vertex 21.700000000000003 0 2.1
    endloop
  endfacet
  facet normal 0 -1 0
    outer loop
      vertex 25.891344560986457 0 4.4592201188381075
      vertex 25.923752710160773 0 4.530746428262802
      vertex 21.700000000000003 0 2.1
    endloop
  endfacet
  facet normal 0 -1 0
    outer loop
      vertex 25.923752710160773 0 4.530746428262802
      vertex 25.960769515458672 0 4.6
      vertex 21.700000000000003 0 2.1
    endloop
  endfacet
  facet normal 0 -1 0
    outer loop
      vertex 25.960769515458672 0 4.6
      vertex 26.002236465236948 0 4.666684279623523
      vertex 21.700000000000003 0 2.1
    endloop
  endfacet
  facet normal 0 -1 0
    outer loop
      vertex 32 0 0
      vertex 27 0 2.8
      vertex 21.700000000000003 0 2.1
    endloop
  endfacet
  facet normal 0 -1 0
    outer loop
      vertex 32 0 0
      vertex 27.07848375507617 0 2.8025692921136756
      vertex 27 0 2.8
    endloop
  endfacet
  facet normal 0 -1 0
    outer loop
      vertex 32 0 0
      vertex 27.156631430664063 0 2.8102661663514277
      vertex 27.07848375507617 0 2.8025692921136756
    endloop
  endfacet
  facet normal 0 -1 0
    outer loop
      vertex 32 0 0
      vertex 27.234108386419354 0 2.8230576635161233
      vertex 27.156631430664063 0 2.8102661663514277
    endloop
  endfacet
  facet normal 0 -1 0
    outer loop
      vertex 32 0 0
      vertex 27.310582854123027 0 2.840889008453118
      vertex 27.234108386419354 0 2.8230576635161233
    endloop
  endfacet
  facet normal 0 -1 0
    outer loop
      vertex 32 0 0
      vertex 27.385727358363795 0 2.863683844605873
      vertex 27.310582854123027 0 2.840889008453118
    endloop
  endfacet
  facet normal 0 -1 0
    outer loop
      vertex 32 0 0
      vertex 27.459220118838108 0 2.8913445609864556
      vertex 27.385727358363795 0 2.863683844605873
    endloop
  endfacet
  facet normal 0 -1 0
    outer loop
      vertex 32 0 0
      vertex 27.530746428262802 0 2.923752710160774
      vertex 27.459220118838108 0 2.8913445609864556
    endloop
  endfacet
  facet normal 0 -1 0
    outer loop
      vertex 32 0 0
      vertex 27.6 0 2.960769515458674
      vertex 27.530746428262802 0 2.923752710160774
    endloop
  endfacet
  facet normal 0 -1 0
    outer loop
      vertex 32 0 0
      vertex 27.666684279623524 0 3.0022364652369458
      vertex 27.6 0 2.960769515458674
    endloop
  endfacet
  facet normal 0 -1 0
    outer loop
      vertex 32 0 0
      vertex 27.730513714810463 0 3.047975991650518
      vertex 27.666684279623524 0 3.0022364652369458
    endloop
  endfacet
  facet normal 0 -1 0
    outer loop
      vertex 32 0 0
      vertex 27.79121497812008 0 3.097792231025227
      vertex 27.730513714810463 0 3.047975991650518
    endloop
  endfacet
  facet normal 0 -1 0
    outer loop
      vertex 32 0 0
      vertex 27.848528137423855 0 3.151471862576143
      vertex 27.79121497812008 0 3.097792231025227
    endloop
  endfacet
  facet normal 0 -1 0
    outer loop
      vertex 32 0 0
      vertex 27.902207768974773 0 3.208785021879917
      vertex 27.848528137423855 0 3.151471862576143
    endloop
  endfacet
  facet normal 0 -1 0
    outer loop
      vertex 32 0 0
      vertex 27.952024008349483 0 3.269486285189535
      vertex 27.902207768974773 0 3.208785021879917
    endloop
  endfacet
  facet normal 0 -1 0
    outer loop
      vertex 32 0 0
      vertex 27.997763534763052 0 3.3333157203764774
      vertex 27.952024008349483 0 3.269486285189535
    endloop
  endfacet
  facet normal 0 -1 0
    outer loop
      vertex 32 0 0
      vertex 28.039230484541328 0 3.4
      vertex 27.997763534763052 0 3.3333157203764774
    endloop
  endfacet
  facet normal 0 -1 0
    outer loop
      vertex 32 0 0
      vertex 28.076247289839227 0 3.4692535717371986
      vertex 28.039230484541328 0 3.4
    endloop
  endfacet
  facet normal 0 -1 0
    outer loop
      vertex 32 0 0
      vertex 28.108655439013543 0 3.5407798811618925
      vertex 28.076247289839227 0 3.4692535717371986
    endloop
  endfacet
  facet normal 0.032719087217007954 -0.9994645873324807 0
    outer loop
      vertex 32 0 0
      vertex 32.130806259810925 0.004282154142856598 0
      vertex 32 0 8
    endloop
  endfacet
  facet normal 0.09801716228042794 -0.9951847245102249 0
    outer loop
      vertex 32.130806259810925 0.004282154142856598 0
      vertex 32.26105238497257 0.017110280692577362 0
      vertex 32.130806259810925 0.004282154142856598 8
    endloop
  endfacet
  facet normal 0.16289544342237808 -0.9866433370333105 0
    outer loop
      vertex 32.26105238497257 0.017110280692577362 0
      vertex 32.3901806473732 0.038429439067840576 0
      vertex 32.26105238497257 0.017110280692577362 8
    endloop
  endfacet
  facet normal 0.22707625522046462 -0.9738769810992817 0
    outer loop
      vertex 32.3901806473732 0.038429439067840576 0
      vertex 32.517638087272644 0.06814834475517273 0
      vertex 32.3901806473732 0.038429439067840576 8
    endloop
  endfacet
  facet normal 0.2902847025219059 -0.9569403280674134 0
    outer loop
      vertex 32.517638087272644 0.06814834475517273 0
      vertex 32.64287892729044 0.10613974183797836 0
      vertex 32.517638087272644 0.06814834475517273 8
    endloop
  endfacet
  facet normal 0.35225000783407906 -0.9359059418450612 0
    outer loop
      vertex 32.64287892729044 0.10613974183797836 0
      vertex 32.76536686718464 0.15224093198776245 0
      vertex 32.64287892729044 0.10613974183797836 8
    endloop
  endfacet
  facet normal 0.41270707740186025 -0.9108638033550432 0
    outer loop
      vertex 32.76536686718464 0.15224093198776245 0
      vertex 32.88457737863064 0.2062545195221901 0
      vertex 32.76536686718464 0.15224093198776245 8
    endloop
  endfacet
  facet normal 0.4713967233433575 -0.8819212715549761 0
    outer loop
      vertex 32.88457737863064 0.2062545195221901 0
      vertex 33 0.2679491937160492 0
      vertex 32.88457737863064 0.2062545195221901 8
    endloop
  endfacet
  facet normal 0.5280678201484726 -0.8492022004938756 0
    outer loop
      vertex 33 0.2679491937160492 0
      vertex 33.111140467226505 0.337060771882534 0
      vertex 33 0.2679491937160492 8
    endloop
  endfacet
  facet normal 0.5824777008612586 -0.8128466817299448 0
    outer loop
      vertex 33.111140467226505 0.337060771882534 0
      vertex 33.217522859573364 0.4132933169603348 0
      vertex 33.111140467226505 0.337060771882534 8
    endloop
  endfacet
  facet normal 0.634393273334783 -0.7730104622497544 0
    outer loop
      vertex 33.217522859573364 0.4132933169603348 0
      vertex 33.31869163364172 0.49632038176059723 0
      vertex 33.217522859573364 0.4132933169603348 8
    endloop
  endfacet
  facet normal 0.6835923430936746 -0.7298640342308284 0
    outer loop
      vertex 33.31869163364172 0.49632038176059723 0
      vertex 33.4142135605216 0.5857864394783974 0
      vertex 33.31869163364172 0.49632038176059723 8
    endloop
  endfacet
  facet normal 0.7298640342308284 -0.6835923430936746 0
    outer loop
      vertex 33.4142135605216 0.5857864394783974 0
      vertex 33.5036796182394 0.6813083663582802 0
      vertex 33.4142135605216 0.5857864394783974 8
    endloop
  endfacet
  facet normal 0.7730104622497544 -0.634393273334783 0
    outer loop
      vertex 33.5036796182394 0.6813083663582802 0
      vertex 33.586706683039665 0.7824771404266357 0
      vertex 33.5036796182394 0.6813083663582802 8
    endloop
  endfacet
  facet normal 0.8128466817299448 -0.5824777008612586 0
    outer loop
      vertex 33.586706683039665 0.7824771404266357 0
      vertex 33.662939228117466 0.8888595327734947 0
      vertex 33.586706683039665 0.7824771404266357 8
    endloop
  endfacet
  facet normal 0.8492022004938756 -0.5280678201484726 0
    outer loop
      vertex 33.662939228117466 0.8888595327734947 0
      vertex 33.73205080628395 1 0
      vertex 33.662939228117466 0.8888595327734947 8
    endloop
  endfacet
  facet normal 0.8819212715549761 -0.4713967233433575 0
    outer loop
      vertex 33.73205080628395 1 0
      vertex 33.79374548047781 1.1154226213693619 0
      vertex 33.73205080628395 1 8
    endloop
  endfacet
  facet normal 0.9108638033550432 -0.41270707740186025 0
    outer loop
      vertex 33.79374548047781 1.1154226213693619 0
      vertex 33.84775906801224 1.234633132815361 0
      vertex 33.79374548047781 1.1154226213693619 8
    endloop
  endfacet
  facet normal 0.9359059418450612 -0.35225000783407906 0
    outer loop
      vertex 33.84775906801224 1.234633132815361 0
      vertex 33.89386025816202 1.3571210727095604 0
      vertex 33.84775906801224 1.234633132815361 8
    endloop
  endfacet
  facet normal 0.9569403280674134 -0.2902847025219059 0
    outer loop
      vertex 33.89386025816202 1.3571210727095604 0
      vertex 33.93185165524483 1.482361912727356 0
      vertex 33.89386025816202 1.3571210727095604 8
    endloop
  endfacet
  facet normal 0 -1 0
    outer loop
      vertex 32 0 0
      vertex 32 0 8
      vertex 28.108655439013543 0 3.5407798811618925
    endloop
  endfacet
  facet normal 0.9738769810992817 -0.22707625522046462 0
    outer loop
      vertex 33.93185165524483 1.482361912727356 0
      vertex 33.96157056093216 1.6098193526268005 0
      vertex 33.93185165524483 1.482361912727356 8
    endloop
  endfacet
  facet normal 0.9866433370333105 -0.16289544342237808 0
    outer loop
      vertex 33.96157056093216 1.6098193526268005 0
      vertex 33.98288971930742 1.7389476150274277 0
      vertex 33.96157056093216 1.6098193526268005 8
    endloop
  endfacet
  facet normal 0.9951847245102249 -0.09801716228042794 0
    outer loop
      vertex 33.98288971930742 1.7389476150274277 0
      vertex 33.99571784585714 1.8691937401890755 0
      vertex 33.98288971930742 1.7389476150274277 8
    endloop
  endfacet
  facet normal 0.9994645873324807 -0.032719087217007954 0
    outer loop
      vertex 33.99571784585714 1.8691937401890755 0
      vertex 34 2 0
      vertex 33.99571784585714 1.8691937401890755 8
    endloop
  endfacet
  facet normal 0 0 -1
    outer loop
      vertex 32 0 0
      vertex 32 12 0
      vertex 32.130806259810925 0.004282154142856598 0
    endloop
  endfacet
  facet normal 0 0 -1
    outer loop
      vertex 32.130806259810925 0.004282154142856598 0
      vertex 32.130806259810925 11.995717845857143 0
      vertex 32.26105238497257 0.017110280692577362 0
    endloop
  endfacet
  facet normal 0 0 -1
    outer loop
      vertex 32.26105238497257 0.017110280692577362 0
      vertex 32.26105238497257 11.982889719307423 0
      vertex 32.3901806473732 0.038429439067840576 0
    endloop
  endfacet
  facet normal 0 0 -1
    outer loop
      vertex 32.3901806473732 0.038429439067840576 0
      vertex 32.3901806473732 11.96157056093216 0
      vertex 32.517638087272644 0.06814834475517273 0
    endloop
  endfacet
  facet normal 0 0 -1
    outer loop
      vertex 32.517638087272644 0.06814834475517273 0
      vertex 32.517638087272644 11.931851655244827 0
      vertex 32.64287892729044 0.10613974183797836 0
    endloop
  endfacet
  facet normal 0 0 -1
    outer loop
      vertex 32.64287892729044 0.10613974183797836 0
      vertex 32.64287892729044 11.893860258162022 0
      vertex 32.76536686718464 0.15224093198776245 0
    endloop
  endfacet
  facet normal 0 0 -1
    outer loop
      vertex 32.76536686718464 0.15224093198776245 0
      vertex 32.76536686718464 11.847759068012238 0
      vertex 32.88457737863064 0.2062545195221901 0
    endloop
  endfacet
  facet normal 0 0 -1
    outer loop
      vertex 32.88457737863064 0.2062545195221901 0
      vertex 32.88457737863064 11.79374548047781 0
      vertex 33 0.2679491937160492 0
    endloop
  endfacet
  facet normal 0 0 -1
    outer loop
      vertex 33 0.2679491937160492 0
      vertex 33 11.73205080628395 0
      vertex 33.111140467226505 0.337060771882534 0
    endloop
  endfacet
  facet normal 0 0 -1
    outer loop
      vertex 33.111140467226505 0.337060771882534 0
      vertex 33.111140467226505 11.662939228117466 0
      vertex 33.217522859573364 0.4132933169603348 0
    endloop
  endfacet
  facet normal 0 0 -1
    outer loop
      vertex 33.217522859573364 0.4132933169603348 0
      vertex 33.217522859573364 11.586706683039665 0
      vertex 33.31869163364172 0.49632038176059723 0
    endloop
  endfacet
  facet normal 0 0 -1
    outer loop
      vertex 33.31869163364172 0.49632038176059723 0
      vertex 33.31869163364172 11.503679618239403 0
      vertex 33.4142135605216 0.5857864394783974 0
    endloop
  endfacet
  facet normal 0 0 -1
    outer loop
      vertex 33.4142135605216 0.5857864394783974 0
      vertex 33.4142135605216 11.414213560521603 0
      vertex 33.5036796182394 0.6813083663582802 0
    endloop
  endfacet
  facet normal 0 0 -1
    outer loop
      vertex 33.5036796182394 0.6813083663582802 0
      vertex 33.5036796182394 11.31869163364172 0
      vertex 33.586706683039665 0.7824771404266357 0
    endloop
  endfacet
  facet normal 0 0 -1
    outer loop
      vertex 33.586706683039665 0.7824771404266357 0
      vertex 33.586706683039665 11.217522859573364 0
      vertex 33.662939228117466 0.8888595327734947 0
    endloop
  endfacet
  facet normal 0 0 -1
    outer loop
      vertex 33.662939228117466 0.8888595327734947 0
      vertex 33.662939228117466 11.111140467226505 0
      vertex 33.73205080628395 1 0
    endloop
  endfacet
  facet normal 0 0 -1
    outer loop
      vertex 33.73205080628395 1 0
      vertex 33.73205080628395 11 0
      vertex 33.79374548047781 1.1154226213693619 0
    endloop
  endfacet
  facet normal 0 0 -1
    outer loop
      vertex 33.79374548047781 1.1154226213693619 0
      vertex 33.79374548047781 10.884577378630638 0
      vertex 33.84775906801224 1.234633132815361 0
    endloop
  endfacet
  facet normal 0 0 -1
    outer loop
      vertex 33.84775906801224 1.234633132815361 0
      vertex 33.84775906801224 10.765366867184639 0
      vertex 33.89386025816202 1.3571210727095604 0
    endloop
  endfacet
  facet normal 0 0 -1
    outer loop
      vertex 33.89386025816202 1.3571210727095604 0
      vertex 33.89386025816202 10.64287892729044 0
      vertex 33.93185165524483 1.482361912727356 0
    endloop
  endfacet
  facet normal 0 0 -1
    outer loop
      vertex 33.93185165524483 1.482361912727356 0
      vertex 33.93185165524483 10.517638087272644 0
      vertex 33.96157056093216 1.6098193526268005 0
    endloop
  endfacet
  facet normal 0 0 -1
    outer loop
      vertex 33.96157056093216 1.6098193526268005 0
      vertex 33.96157056093216 10.3901806473732 0
      vertex 33.98288971930742 1.7389476150274277 0
    endloop
  endfacet
  facet normal 0 0 -1
    outer loop
      vertex 33.98288971930742 1.7389476150274277 0
      vertex 33.98288971930742 10.261052384972572 0
      vertex 33.99571784585714 1.8691937401890755 0
    endloop
  endfacet
  facet normal 0 0 -1
    outer loop
      vertex 33.99571784585714 1.8691937401890755 0
      vertex 33.99571784585714 10.130806259810925 0
      vertex 34 2 0
    endloop
  endfacet
  facet normal 1 0 0
    outer loop
      vertex 34 2 0
      vertex 34 10 0
      vertex 34 2 8
    endloop
  endfacet
  facet normal 0 -1 0
    outer loop
      vertex 21.700000000000003 0 5.9
      vertex 21.700000000000003 0 2.1
      vertex 26.002236465236948 0 4.666684279623523
    endloop
  endfacet
  facet normal 0 -1 0
    outer loop
      vertex 21.700000000000003 0 5.9
      vertex 26.002236465236948 0 4.666684279623523
      vertex 26.047975991650517 0 4.730513714810465
    endloop
  endfacet
  facet normal 0 -1 0
    outer loop
      vertex 21.700000000000003 0 5.9
      vertex 26.047975991650517 0 4.730513714810465
      vertex 26.097792231025227 0 4.791214978120083
    endloop
  endfacet
  facet normal 0 -1 0
    outer loop
      vertex 21.700000000000003 0 5.9
      vertex 26.097792231025227 0 4.791214978120083
      vertex 26.151471862576145 0 4.848528137423857
    endloop
  endfacet
  facet normal 0 -1 0
    outer loop
      vertex 21.700000000000003 0 5.9
      vertex 26.151471862576145 0 4.848528137423857
      vertex 26.20878502187992 0 4.9022077689747725
    endloop
  endfacet
  facet normal 0 -1 0
    outer loop
      vertex 21.700000000000003 0 5.9
      vertex 26.20878502187992 0 4.9022077689747725
      vertex 26.269486285189537 0 4.952024008349483
    endloop
  endfacet
  facet normal 0 -1 0
    outer loop
      vertex 21.700000000000003 0 5.9
      vertex 26.269486285189537 0 4.952024008349483
      vertex 26.333315720376476 0 4.997763534763054
    endloop
  endfacet
  facet normal 0 -1 0
    outer loop
      vertex 21.700000000000003 0 5.9
      vertex 26.333315720376476 0 4.997763534763054
      vertex 26.4 0 5.039230484541326
    endloop
  endfacet
  facet normal 0 -1 0
    outer loop
      vertex 21.700000000000003 0 5.9
      vertex 26.4 0 5.039230484541326
      vertex 26.469253571737198 0 5.076247289839226
    endloop
  endfacet
  facet normal 0 -1 0
    outer loop
      vertex 21.700000000000003 0 5.9
      vertex 26.469253571737198 0 5.076247289839226
      vertex 26.540779881161892 0 5.108655439013544
    endloop
  endfacet
  facet normal 0 -1 0
    outer loop
      vertex 21.700000000000003 0 5.9
      vertex 26.540779881161892 0 5.108655439013544
      vertex 26.614272641636205 0 5.136316155394127
    endloop
  endfacet
  facet normal 0 -1 0
    outer loop
      vertex 21.700000000000003 0 5.9
      vertex 26.614272641636205 0 5.136316155394127
      vertex 26.689417145876973 0 5.159110991546882
    endloop
  endfacet
  facet normal 0 -1 0
    outer loop
      vertex 21.700000000000003 0 5.9
      vertex 26.689417145876973 0 5.159110991546882
      vertex 26.765891613580646 0 5.176942336483877
    endloop
  endfacet
  facet normal 0 -1 0
    outer loop
      vertex 2 0 8
      vertex 21.700000000000003 0 5.9
      vertex 32 0 8
    endloop
  endfacet
  facet normal 0 -1 0
    outer loop
      vertex 32 0 8
      vertex 28.136316155394127 0 3.614272641636206
      vertex 28.108655439013543 0 3.5407798811618925
    endloop
  endfacet
  facet normal 0 -1 0
    outer loop
      vertex 32 0 8
      vertex 28.159110991546882 0 3.689417145876975
      vertex 28.136316155394127 0 3.614272641636206
    endloop
  endfacet
  facet normal 0 -1 0
    outer loop
      vertex 32 0 8
      vertex 28.176942336483876 0 3.765891613580646
      vertex 28.159110991546882 0 3.689417145876975
    endloop
  endfacet
  facet normal 0 -1 0
    outer loop
      vertex 32 0 8
      vertex 28.18973383364857 0 3.8433685693359383
      vertex 28.176942336483876 0 3.765891613580646
    endloop
  endfacet
  facet normal 0 -1 0
    outer loop
      vertex 32 0 8
      vertex 28.197430707886323 0 3.9215162449238283
      vertex 28.18973383364857 0 3.8433685693359383
    endloop
  endfacet
  facet normal 0 -1 0
    outer loop
      vertex 32 0 8
      vertex 28.2 0 4
      vertex 28.197430707886323 0 3.9215162449238283
    endloop
  endfacet
  facet normal 0 -1 0
    outer loop
      vertex 32 0 8
      vertex 28.197430707886323 0 4.078483755076172
      vertex 28.2 0 4
    endloop
  endfacet
  facet normal 0 -1 0
    outer loop
      vertex 32 0 8
      vertex 28.18973383364857 0 4.156631430664062
      vertex 28.197430707886323 0 4.078483755076172
    endloop
  endfacet
  facet normal 0 -1 0
    outer loop
      vertex 32 0 8
      vertex 28.176942336483876 0 4.234108386419354
      vertex 28.18973383364857 0 4.156631430664062
    endloop
  endfacet
  facet normal 0 -1 0
    outer loop
      vertex 32 0 8
      vertex 28.159110991546882 0 4.310582854123025
      vertex 28.176942336483876 0 4.234108386419354
    endloop
  endfacet
  facet normal 0 -1 0
    outer loop
      vertex 32 0 8
      vertex 28.136316155394127 0 4.385727358363794
      vertex 28.159110991546882 0 4.310582854123025
    endloop
  endfacet
  facet normal 0 -1 0
    outer loop
      vertex 32 0 8
      vertex 28.108655439013543 0 4.4592201188381075
      vertex 28.136316155394127 0 4.385727358363794
    endloop
  endfacet
  facet normal 0 -1 0
    outer loop
      vertex 32 0 8
      vertex 28.076247289839227 0 4.530746428262802
      vertex 28.108655439013543 0 4.4592201188381075
    endloop
  endfacet
  facet normal 0 -1 0
    outer loop
      vertex 32 0 8
      vertex 28.039230484541328 0 4.6
      vertex 28.076247289839227 0 4.530746428262802
    endloop
  endfacet
  facet normal 0 -1 0
    outer loop
      vertex 32 0 8
      vertex 27.79121497812008 0 4.9022077689747725
      vertex 27.848528137423855 0 4.848528137423857
    endloop
  endfacet
  facet normal 0 -1 0
    outer loop
      vertex 32 0 8
      vertex 27.730513714810463 0 4.952024008349483
      vertex 27.79121497812008 0 4.9022077689747725
    endloop
  endfacet
  facet normal 0 -1 0
    outer loop
      vertex 32 0 8
      vertex 27.666684279623524 0 4.997763534763054
      vertex 27.730513714810463 0 4.952024008349483
    endloop
  endfacet
  facet normal 0 -1 0
    outer loop
      vertex 32 0 8
      vertex 27.997763534763052 0 4.666684279623523
      vertex 28.039230484541328 0 4.6
    endloop
  endfacet
  facet normal 0 -1 0
    outer loop
      vertex 32 0 8
      vertex 27.952024008349483 0 4.730513714810465
      vertex 27.997763534763052 0 4.666684279623523
    endloop
  endfacet
  facet normal 0 -1 0
    outer loop
      vertex 32 0 8
      vertex 27.902207768974773 0 4.791214978120083
      vertex 27.952024008349483 0 4.730513714810465
    endloop
  endfacet
  facet normal 0 -1 0
    outer loop
      vertex 32 0 8
      vertex 27.848528137423855 0 4.848528137423857
      vertex 27.902207768974773 0 4.791214978120083
    endloop
  endfacet
  facet normal 0.032719087217007954 -0.9994645873324807 0
    outer loop
      vertex 32.130806259810925 0.004282154142856598 0
      vertex 32.130806259810925 0.004282154142856598 8
      vertex 32 0 8
    endloop
  endfacet
  facet normal 0.09801716228042794 -0.9951847245102249 0
    outer loop
      vertex 32.26105238497257 0.017110280692577362 0
      vertex 32.26105238497257 0.017110280692577362 8
      vertex 32.130806259810925 0.004282154142856598 8
    endloop
  endfacet
  facet normal 0.16289544342237808 -0.9866433370333105 0
    outer loop
      vertex 32.3901806473732 0.038429439067840576 0
      vertex 32.3901806473732 0.038429439067840576 8
      vertex 32.26105238497257 0.017110280692577362 8
    endloop
  endfacet
  facet normal 0.22707625522046462 -0.9738769810992817 0
    outer loop
      vertex 32.517638087272644 0.06814834475517273 0
      vertex 32.517638087272644 0.06814834475517273 8
      vertex 32.3901806473732 0.038429439067840576 8
    endloop
  endfacet
  facet normal 0.2902847025219059 -0.9569403280674134 0
    outer loop
      vertex 32.64287892729044 0.10613974183797836 0
      vertex 32.64287892729044 0.10613974183797836 8
      vertex 32.517638087272644 0.06814834475517273 8
    endloop
  endfacet
  facet normal 0.35225000783407906 -0.9359059418450612 0
    outer loop
      vertex 32.76536686718464 0.15224093198776245 0
      vertex 32.76536686718464 0.15224093198776245 8
      vertex 32.64287892729044 0.10613974183797836 8
    endloop
  endfacet
  facet normal 0.41270707740186025 -0.9108638033550432 0
    outer loop
      vertex 32.88457737863064 0.2062545195221901 0
      vertex 32.88457737863064 0.2062545195221901 8
      vertex 32.76536686718464 0.15224093198776245 8
    endloop
  endfacet
  facet normal 0.4713967233433575 -0.8819212715549761 0
    outer loop
      vertex 33 0.2679491937160492 0
      vertex 33 0.2679491937160492 8
      vertex 32.88457737863064 0.2062545195221901 8
    endloop
  endfacet
  facet normal 0.5280678201484726 -0.8492022004938756 0
    outer loop
      vertex 33.111140467226505 0.337060771882534 0
      vertex 33.111140467226505 0.337060771882534 8
      vertex 33 0.2679491937160492 8
    endloop
  endfacet
  facet normal 0.5824777008612586 -0.8128466817299448 0
    outer loop
      vertex 33.217522859573364 0.4132933169603348 0
      vertex 33.217522859573364 0.4132933169603348 8
      vertex 33.111140467226505 0.337060771882534 8
    endloop
  endfacet
  facet normal 0.634393273334783 -0.7730104622497544 0
    outer loop
      vertex 33.31869163364172 0.49632038176059723 0
      vertex 33.31869163364172 0.49632038176059723 8
      vertex 33.217522859573364 0.4132933169603348 8
    endloop
  endfacet
  facet normal 0.6835923430936746 -0.7298640342308284 0
    outer loop
      vertex 33.4142135605216 0.5857864394783974 0
      vertex 33.4142135605216 0.5857864394783974 8
      vertex 33.31869163364172 0.49632038176059723 8
    endloop
  endfacet
  facet normal 0.7298640342308284 -0.6835923430936746 0
    outer loop
      vertex 33.5036796182394 0.6813083663582802 0
      vertex 33.5036796182394 0.6813083663582802 8
      vertex 33.4142135605216 0.5857864394783974 8
    endloop
  endfacet
  facet normal 0.7730104622497544 -0.634393273334783 0
    outer loop
      vertex 33.586706683039665 0.7824771404266357 0
      vertex 33.586706683039665 0.7824771404266357 8
      vertex 33.5036796182394 0.6813083663582802 8
    endloop
  endfacet
  facet normal 0.8128466817299448 -0.5824777008612586 0
    outer loop
      vertex 33.662939228117466 0.8888595327734947 0
      vertex 33.662939228117466 0.8888595327734947 8
      vertex 33.586706683039665 0.7824771404266357 8
    endloop
  endfacet
  facet normal 0.8492022004938756 -0.5280678201484726 0
    outer loop
      vertex 33.73205080628395 1 0
      vertex 33.73205080628395 1 8
      vertex 33.662939228117466 0.8888595327734947 8
    endloop
  endfacet
  facet normal 0.8819212715549761 -0.4713967233433575 0
    outer loop
      vertex 33.79374548047781 1.1154226213693619 0
      vertex 33.79374548047781 1.1154226213693619 8
      vertex 33.73205080628395 1 8
    endloop
  endfacet
  facet normal 0.9108638033550432 -0.41270707740186025 0
    outer loop
      vertex 33.84775906801224 1.234633132815361 0
      vertex 33.84775906801224 1.234633132815361 8
      vertex 33.79374548047781 1.1154226213693619 8
    endloop
  endfacet
  facet normal 0.9359059418450612 -0.35225000783407906 0
    outer loop
      vertex 33.89386025816202 1.3571210727095604 0
      vertex 33.89386025816202 1.3571210727095604 8
      vertex 33.84775906801224 1.234633132815361 8
    endloop
  endfacet
  facet normal 0.9569403280674134 -0.2902847025219059 0
    outer loop
      vertex 33.93185165524483 1.482361912727356 0
      vertex 33.93185165524483 1.482361912727356 8
      vertex 33.89386025816202 1.3571210727095604 8
    endloop
  endfacet
  facet normal 0.9738769810992817 -0.22707625522046462 0
    outer loop
      vertex 33.96157056093216 1.6098193526268005 0
      vertex 33.96157056093216 1.6098193526268005 8
      vertex 33.93185165524483 1.482361912727356 8
    endloop
  endfacet
  facet normal 0.9866433370333105 -0.16289544342237808 0
    outer loop
      vertex 33.98288971930742 1.7389476150274277 0
      vertex 33.98288971930742 1.7389476150274277 8
      vertex 33.96157056093216 1.6098193526268005 8
    endloop
  endfacet
  facet normal 0.9951847245102249 -0.09801716228042794 0
    outer loop
      vertex 33.99571784585714 1.8691937401890755 0
      vertex 33.99571784585714 1.8691937401890755 8
      vertex 33.98288971930742 1.7389476150274277 8
    endloop
  endfacet
  facet normal 0.9994645873324807 -0.032719087217007954 0
    outer loop
      vertex 34 2 0
      vertex 34 2 8
      vertex 33.99571784585714 1.8691937401890755 8
    endloop
  endfacet
  facet normal 0 -1 0
    outer loop
      vertex 32 0 8
      vertex 21.700000000000003 0 5.9
      vertex 26.765891613580646 0 5.176942336483877
    endloop
  endfacet
  facet normal 0 -1 0
    outer loop
      vertex 32 0 8
      vertex 26.765891613580646 0 5.176942336483877
      vertex 26.843368569335937 0 5.189733833648573
    endloop
  endfacet
  facet normal 0 -1 0
    outer loop
      vertex 32 0 8
      vertex 26.843368569335937 0 5.189733833648573
      vertex 26.92151624492383 0 5.197430707886324
    endloop
  endfacet
  facet normal 0 -1 0
    outer loop
      vertex 32 0 8
      vertex 26.92151624492383 0 5.197430707886324
      vertex 27 0 5.2
    endloop
  endfacet
  facet normal 0 -1 0
    outer loop
      vertex 32 0 8
      vertex 27.156631430664063 0 5.189733833648573
      vertex 27.234108386419354 0 5.176942336483877
    endloop
  endfacet
  facet normal 0 -1 0
    outer loop
      vertex 32 0 8
      vertex 27.385727358363795 0 5.136316155394127
      vertex 27.459220118838108 0 5.108655439013544
    endloop
  endfacet
  facet normal 0 -1 0
    outer loop
      vertex 32 0 8
      vertex 27.234108386419354 0 5.176942336483877
      vertex 27.310582854123027 0 5.159110991546882
    endloop
  endfacet
  facet normal 0 -1 0
    outer loop
      vertex 32 0 8
      vertex 27.310582854123027 0 5.159110991546882
      vertex 27.385727358363795 0 5.136316155394127
    endloop
  endfacet
  facet normal 0 -1 0
    outer loop
      vertex 32 0 8
      vertex 27.459220118838108 0 5.108655439013544
      vertex 27.530746428262802 0 5.076247289839226
    endloop
  endfacet
  facet normal 0 -1 0
    outer loop
      vertex 32 0 8
      vertex 27.530746428262802 0 5.076247289839226
      vertex 27.6 0 5.039230484541326
    endloop
  endfacet
  facet normal 0 -1 0
    outer loop
      vertex 32 0 8
      vertex 27.6 0 5.039230484541326
      vertex 27.666684279623524 0 4.997763534763054
    endloop
  endfacet
  facet normal 0 -1 0
    outer loop
      vertex 32 0 8
      vertex 27 0 5.2
      vertex 27.07848375507617 0 5.197430707886324
    endloop
  endfacet
  facet normal 0 -1 0
    outer loop
      vertex 32 0 8
      vertex 27.07848375507617 0 5.197430707886324
      vertex 27.156631430664063 0 5.189733833648573
    endloop
  endfacet
  facet normal 0 0 1
    outer loop
      vertex 32 0 8
      vertex 32.130806259810925 0.004282154142856598 8
      vertex 32 12 8
    endloop
  endfacet
  facet normal 0 0 1
    outer loop
      vertex 32.130806259810925 0.004282154142856598 8
      vertex 32.26105238497257 0.017110280692577362 8
      vertex 32.130806259810925 11.995717845857143 8
    endloop
  endfacet
  facet normal 0 0 1
    outer loop
      vertex 32.26105238497257 0.017110280692577362 8
      vertex 32.3901806473732 0.038429439067840576 8
      vertex 32.26105238497257 11.982889719307423 8
    endloop
  endfacet
  facet normal 0 0 1
    outer loop
      vertex 32.3901806473732 0.038429439067840576 8
      vertex 32.517638087272644 0.06814834475517273 8
      vertex 32.3901806473732 11.96157056093216 8
    endloop
  endfacet
  facet normal 0 0 1
    outer loop
      vertex 32.517638087272644 0.06814834475517273 8
      vertex 32.64287892729044 0.10613974183797836 8
      vertex 32.517638087272644 11.931851655244827 8
    endloop
  endfacet
  facet normal 0 0 1
    outer loop
      vertex 32.64287892729044 0.10613974183797836 8
      vertex 32.76536686718464 0.15224093198776245 8
      vertex 32.64287892729044 11.893860258162022 8
    endloop
  endfacet
  facet normal 0 0 1
    outer loop
      vertex 32.76536686718464 0.15224093198776245 8
      vertex 32.88457737863064 0.2062545195221901 8
      vertex 32.76536686718464 11.847759068012238 8
    endloop
  endfacet
  facet normal 0 0 1
    outer loop
      vertex 32.88457737863064 0.2062545195221901 8
      vertex 33 0.2679491937160492 8
      vertex 32.88457737863064 11.79374548047781 8
    endloop
  endfacet
  facet normal 0 0 1
    outer loop
      vertex 33 0.2679491937160492 8
      vertex 33.111140467226505 0.337060771882534 8
      vertex 33 11.73205080628395 8
    endloop
  endfacet
  facet normal 0 0 1
    outer loop
      vertex 33.111140467226505 0.337060771882534 8
      vertex 33.217522859573364 0.4132933169603348 8
      vertex 33.111140467226505 11.662939228117466 8
    endloop
  endfacet
  facet normal 0 0 1
    outer loop
      vertex 33.217522859573364 0.4132933169603348 8
      vertex 33.31869163364172 0.49632038176059723 8
      vertex 33.217522859573364 11.586706683039665 8
    endloop
  endfacet
  facet normal 0 0 1
    outer loop
      vertex 33.31869163364172 0.49632038176059723 8
      vertex 33.4142135605216 0.5857864394783974 8
      vertex 33.31869163364172 11.503679618239403 8
    endloop
  endfacet
  facet normal 0 0 1
    outer loop
      vertex 33.4142135605216 0.5857864394783974 8
      vertex 33.5036796182394 0.6813083663582802 8
      vertex 33.4142135605216 11.414213560521603 8
    endloop
  endfacet
  facet normal 0 0 1
    outer loop
      vertex 33.5036796182394 0.6813083663582802 8
      vertex 33.586706683039665 0.7824771404266357 8
      vertex 33.5036796182394 11.31869163364172 8
    endloop
  endfacet
  facet normal 0 0 1
    outer loop
      vertex 33.586706683039665 0.7824771404266357 8
      vertex 33.662939228117466 0.8888595327734947 8
      vertex 33.586706683039665 11.217522859573364 8
    endloop
  endfacet
  facet normal 0 0 1
    outer loop
      vertex 33.662939228117466 0.8888595327734947 8
      vertex 33.73205080628395 1 8
      vertex 33.662939228117466 11.111140467226505 8
    endloop
  endfacet
  facet normal 0 0 1
    outer loop
      vertex 33.73205080628395 1 8
      vertex 33.79374548047781 1.1154226213693619 8
      vertex 33.73205080628395 11 8
    endloop
  endfacet
  facet normal 0 0 1
    outer loop
      vertex 33.79374548047781 1.1154226213693619 8
      vertex 33.84775906801224 1.234633132815361 8
      vertex 33.79374548047781 10.884577378630638 8
    endloop
  endfacet
  facet normal 0 0 1
    outer loop
      vertex 33.84775906801224 1.234633132815361 8
      vertex 33.89386025816202 1.3571210727095604 8
      vertex 33.84775906801224 10.765366867184639 8
    endloop
  endfacet
  facet normal 0 0 1
    outer loop
      vertex 33.89386025816202 1.3571210727095604 8
      vertex 33.93185165524483 1.482361912727356 8
      vertex 33.89386025816202 10.64287892729044 8
    endloop
  endfacet
  facet normal 0 0 1
    outer loop
      vertex 33.93185165524483 1.482361912727356 8
      vertex 33.96157056093216 1.6098193526268005 8
      vertex 33.93185165524483 10.517638087272644 8
    endloop
  endfacet
  facet normal 0 0 1
    outer loop
      vertex 33.96157056093216 1.6098193526268005 8
      vertex 33.98288971930742 1.7389476150274277 8
      vertex 33.96157056093216 10.3901806473732 8
    endloop
  endfacet
  facet normal 0 0 1
    outer loop
      vertex 33.98288971930742 1.7389476150274277 8
      vertex 33.99571784585714 1.8691937401890755 8
      vertex 33.98288971930742 10.261052384972572 8
    endloop
  endfacet
  facet normal 0 0 1
    outer loop
      vertex 33.99571784585714 1.8691937401890755 8
      vertex 34 2 8
      vertex 33.99571784585714 10.130806259810925 8
    endloop
  endfacet
  facet normal 0 0 -1
    outer loop
      vertex 2 12 0
      vertex 32 12 0
      vertex 32 0 0
    endloop
  endfacet
  facet normal 0 1 0
    outer loop
      vertex 2 12 0
      vertex 21.700000000000003 12 2.1
      vertex 32 12 0
    endloop
  endfacet
  facet normal 0 1 0
    outer loop
      vertex 21.700000000000003 12 2.1
      vertex 26.540779881161892 12 2.8913445609864556
      vertex 26.614272641636205 12 2.863683844605873
    endloop
  endfacet
  facet normal 0 1 0
    outer loop
      vertex 21.700000000000003 12 2.1
      vertex 26.469253571737198 12 2.923752710160774
      vertex 26.540779881161892 12 2.8913445609864556
    endloop
  endfacet
  facet normal 0 1 0
    outer loop
      vertex 21.700000000000003 12 2.1
      vertex 26.4 12 2.960769515458674
      vertex 26.469253571737198 12 2.923752710160774
    endloop
  endfacet
  facet normal 0 1 0
    outer loop
      vertex 21.700000000000003 12 2.1
      vertex 26.269486285189537 12 3.047975991650518
      vertex 26.333315720376476 12 3.0022364652369458
    endloop
  endfacet
  facet normal 0 1 0
    outer loop
      vertex 21.700000000000003 12 2.1
      vertex 26.333315720376476 12 3.0022364652369458
      vertex 26.4 12 2.960769515458674
    endloop
  endfacet
  facet normal 0 1 0
    outer loop
      vertex 21.700000000000003 12 2.1
      vertex 26.20878502187992 12 3.097792231025227
      vertex 26.269486285189537 12 3.047975991650518
    endloop
  endfacet
  facet normal 0 1 0
    outer loop
      vertex 21.700000000000003 12 2.1
      vertex 26.689417145876973 12 2.840889008453118
      vertex 26.765891613580646 12 2.8230576635161233
    endloop
  endfacet
  facet normal 0 1 0
    outer loop
      vertex 21.700000000000003 12 2.1
      vertex 26.614272641636205 12 2.863683844605873
      vertex 26.689417145876973 12 2.840889008453118
    endloop
  endfacet
  facet normal 0 1 0
    outer loop
      vertex 21.700000000000003 12 2.1
      vertex 26.151471862576145 12 3.151471862576143
      vertex 26.20878502187992 12 3.097792231025227
    endloop
  endfacet
  facet normal 0 1 0
    outer loop
      vertex 21.700000000000003 12 2.1
      vertex 26.097792231025227 12 3.208785021879917
      vertex 26.151471862576145 12 3.151471862576143
    endloop
  endfacet
  facet normal 0 1 0
    outer loop
      vertex 21.700000000000003 12 2.1
      vertex 26.047975991650517 12 3.269486285189535
      vertex 26.097792231025227 12 3.208785021879917
    endloop
  endfacet
  facet normal 0 1 0
    outer loop
      vertex 21.700000000000003 12 2.1
      vertex 26.002236465236948 12 3.3333157203764774
      vertex 26.047975991650517 12 3.269486285189535
    endloop
  endfacet
  facet normal 0 1 0
    outer loop
      vertex 21.700000000000003 12 2.1
      vertex 21.700000000000003 12 5.9
      vertex 26.002236465236948 12 3.3333157203764774
    endloop
  endfacet
  facet normal 0 0 -1
    outer loop
      vertex 34 2 0
      vertex 33.99571784585714 10.130806259810925 0
      vertex 34 10 0
    endloop
  endfacet
  facet normal 0 0 -1
    outer loop
      vertex 33.99571784585714 1.8691937401890755 0
      vertex 33.98288971930742 10.261052384972572 0
      vertex 33.99571784585714 10.130806259810925 0
    endloop
  endfacet
  facet normal 0 0 -1
    outer loop
      vertex 33.98288971930742 1.7389476150274277 0
      vertex 33.96157056093216 10.3901806473732 0
      vertex 33.98288971930742 10.261052384972572 0
    endloop
  endfacet
  facet normal 0 0 -1
    outer loop
      vertex 32.130806259810925 0.004282154142856598 0
      vertex 32 12 0
      vertex 32.130806259810925 11.995717845857143 0
    endloop
  endfacet
  facet normal 0 0 -1
    outer loop
      vertex 32.26105238497257 0.017110280692577362 0
      vertex 32.130806259810925 11.995717845857143 0
      vertex 32.26105238497257 11.982889719307423 0
    endloop
  endfacet
  facet normal 0 0 -1
    outer loop
      vertex 32.3901806473732 0.038429439067840576 0
      vertex 32.26105238497257 11.982889719307423 0
      vertex 32.3901806473732 11.96157056093216 0
    endloop
  endfacet
  facet normal 0 0 -1
    outer loop
      vertex 32.517638087272644 0.06814834475517273 0
      vertex 32.3901806473732 11.96157056093216 0
      vertex 32.517638087272644 11.931851655244827 0
    endloop
  endfacet
  facet normal 0 0 -1
    outer loop
      vertex 32.64287892729044 0.10613974183797836 0
      vertex 32.517638087272644 11.931851655244827 0
      vertex 32.64287892729044 11.893860258162022 0
    endloop
  endfacet
  facet normal 0 0 -1
    outer loop
      vertex 32.76536686718464 0.15224093198776245 0
      vertex 32.64287892729044 11.893860258162022 0
      vertex 32.76536686718464 11.847759068012238 0
    endloop
  endfacet
  facet normal 0 0 -1
    outer loop
      vertex 32.88457737863064 0.2062545195221901 0
      vertex 32.76536686718464 11.847759068012238 0
      vertex 32.88457737863064 11.79374548047781 0
    endloop
  endfacet
  facet normal 0 0 -1
    outer loop
      vertex 33.31869163364172 0.49632038176059723 0
      vertex 33.217522859573364 11.586706683039665 0
      vertex 33.31869163364172 11.503679618239403 0
    endloop
  endfacet
  facet normal 0 0 -1
    outer loop
      vertex 33.4142135605216 0.5857864394783974 0
      vertex 33.31869163364172 11.503679618239403 0
      vertex 33.4142135605216 11.414213560521603 0
    endloop
  endfacet
  facet normal 0 0 -1
    outer loop
      vertex 33.96157056093216 1.6098193526268005 0
      vertex 33.93185165524483 10.517638087272644 0
      vertex 33.96157056093216 10.3901806473732 0
    endloop
  endfacet
  facet normal 0 0 -1
    outer loop
      vertex 33.93185165524483 1.482361912727356 0
      vertex 33.89386025816202 10.64287892729044 0
      vertex 33.93185165524483 10.517638087272644 0
    endloop
  endfacet
  facet normal 0 0 -1
    outer loop
      vertex 33.89386025816202 1.3571210727095604 0
      vertex 33.84775906801224 10.765366867184639 0
      vertex 33.89386025816202 10.64287892729044 0
    endloop
  endfacet
  facet normal 0 0 -1
    outer loop
      vertex 33.84775906801224 1.234633132815361 0
      vertex 33.79374548047781 10.884577378630638 0
      vertex 33.84775906801224 10.765366867184639 0
    endloop
  endfacet
  facet normal 0 0 -1
    outer loop
      vertex 33.79374548047781 1.1154226213693619 0
      vertex 33.73205080628395 11 0
      vertex 33.79374548047781 10.884577378630638 0
    endloop
  endfacet
  facet normal 0 0 -1
    outer loop
      vertex 33.586706683039665 0.7824771404266357 0
      vertex 33.5036796182394 11.31869163364172 0
      vertex 33.586706683039665 11.217522859573364 0
    endloop
  endfacet
  facet normal 0 0 -1
    outer loop
      vertex 33.73205080628395 1 0
      vertex 33.662939228117466 11.111140467226505 0
      vertex 33.73205080628395 11 0
    endloop
  endfacet
  facet normal 0 0 -1
    outer loop
      vertex 33.662939228117466 0.8888595327734947 0
      vertex 33.586706683039665 11.217522859573364 0
      vertex 33.662939228117466 11.111140467226505 0
    endloop
  endfacet
  facet normal 0 0 -1
    outer loop
      vertex 33.5036796182394 0.6813083663582802 0
      vertex 33.4142135605216 11.414213560521603 0
      vertex 33.5036796182394 11.31869163364172 0
    endloop
  endfacet
  facet normal 0 0 -1
    outer loop
      vertex 33 0.2679491937160492 0
      vertex 32.88457737863064 11.79374548047781 0
      vertex 33 11.73205080628395 0
    endloop
  endfacet
  facet normal 0 0 -1
    outer loop
      vertex 33.111140467226505 0.337060771882534 0
      vertex 33 11.73205080628395 0
      vertex 33.111140467226505 11.662939228117466 0
    endloop
  endfacet
  facet normal 0 0 -1
    outer loop
      vertex 33.217522859573364 0.4132933169603348 0
      vertex 33.111140467226505 11.662939228117466 0
      vertex 33.217522859573364 11.586706683039665 0
    endloop
  endfacet
  facet normal 0 1 0
    outer loop
      vertex 32 12 0
      vertex 21.700000000000003 12 2.1
      vertex 26.765891613580646 12 2.8230576635161233
    endloop
  endfacet
  facet normal 0 1 0
    outer loop
      vertex 32 12 0
      vertex 26.843368569335937 12 2.8102661663514277
      vertex 26.92151624492383 12 2.8025692921136756
    endloop
  endfacet
  facet normal 0 1 0
    outer loop
      vertex 32 12 0
      vertex 26.92151624492383 12 2.8025692921136756
      vertex 27 12 2.8
    endloop
  endfacet
  facet normal 0 1 0
    outer loop
      vertex 32 12 0
      vertex 26.765891613580646 12 2.8230576635161233
      vertex 26.843368569335937 12 2.8102661663514277
    endloop
  endfacet
  facet normal 0 1 0
    outer loop
      vertex 32 12 0
      vertex 27 12 2.8
      vertex 27.07848375507617 12 2.8025692921136756
    endloop
  endfacet
  facet normal 0 1 0
    outer loop
      vertex 32 12 0
      vertex 27.07848375507617 12 2.8025692921136756
      vertex 27.156631430664063 12 2.8102661663514277
    endloop
  endfacet
  facet normal 0 1 0
    outer loop
      vertex 32 12 0
      vertex 27.156631430664063 12 2.8102661663514277
      vertex 27.234108386419354 12 2.8230576635161233
    endloop
  endfacet
  facet normal 0 1 0
    outer loop
      vertex 32 12 0
      vertex 27.234108386419354 12 2.8230576635161233
      vertex 27.310582854123027 12 2.840889008453118
    endloop
  endfacet
  facet normal 0 1 0
    outer loop
      vertex 32 12 0
      vertex 27.310582854123027 12 2.840889008453118
      vertex 27.385727358363795 12 2.863683844605873
    endloop
  endfacet
  facet normal 0 1 0
    outer loop
      vertex 32 12 0
      vertex 27.385727358363795 12 2.863683844605873
      vertex 27.459220118838108 12 2.8913445609864556
    endloop
  endfacet
  facet normal 0 1 0
    outer loop
      vertex 32 12 0
      vertex 27.459220118838108 12 2.8913445609864556
      vertex 27.530746428262802 12 2.923752710160774
    endloop
  endfacet
  facet normal 0 1 0
    outer loop
      vertex 32 12 0
      vertex 27.530746428262802 12 2.923752710160774
      vertex 27.6 12 2.960769515458674
    endloop
  endfacet
  facet normal 0 1 0
    outer loop
      vertex 32 12 0
      vertex 27.6 12 2.960769515458674
      vertex 27.666684279623524 12 3.0022364652369458
    endloop
  endfacet
  facet normal 0 1 0
    outer loop
      vertex 32 12 0
      vertex 27.666684279623524 12 3.0022364652369458
      vertex 27.730513714810463 12 3.047975991650518
    endloop
  endfacet
  facet normal 0 1 0
    outer loop
      vertex 32 12 0
      vertex 27.730513714810463 12 3.047975991650518
      vertex 27.79121497812008 12 3.097792231025227
    endloop
  endfacet
  facet normal 0 1 0
    outer loop
      vertex 32 12 0
      vertex 27.79121497812008 12 3.097792231025227
      vertex 27.848528137423855 12 3.151471862576143
    endloop
  endfacet
  facet normal 0 1 0
    outer loop
      vertex 32 12 0
      vertex 27.848528137423855 12 3.151471862576143
      vertex 27.902207768974773 12 3.208785021879917
    endloop
  endfacet
  facet normal 0 1 0
    outer loop
      vertex 32 12 0
      vertex 27.902207768974773 12 3.208785021879917
      vertex 27.952024008349483 12 3.269486285189535
    endloop
  endfacet
  facet normal 0 1 0
    outer loop
      vertex 32 12 0
      vertex 27.952024008349483 12 3.269486285189535
      vertex 27.997763534763052 12 3.3333157203764774
    endloop
  endfacet
  facet normal 0 1 0
    outer loop
      vertex 32 12 0
      vertex 27.997763534763052 12 3.3333157203764774
      vertex 28.039230484541328 12 3.4
    endloop
  endfacet
  facet normal 0 1 0
    outer loop
      vertex 32 12 0
      vertex 28.039230484541328 12 3.4
      vertex 28.076247289839227 12 3.4692535717371986
    endloop
  endfacet
  facet normal 0 1 0
    outer loop
      vertex 32 12 0
      vertex 28.076247289839227 12 3.4692535717371986
      vertex 28.108655439013543 12 3.5407798811618925
    endloop
  endfacet
  facet normal 0 1 0
    outer loop
      vertex 32 12 0
      vertex 28.108655439013543 12 3.5407798811618925
      vertex 28.136316155394127 12 3.614272641636206
    endloop
  endfacet
  facet normal 0 1 0
    outer loop
      vertex 32 12 0
      vertex 28.136316155394127 12 3.614272641636206
      vertex 28.159110991546882 12 3.689417145876975
    endloop
  endfacet
  facet normal 0 1 0
    outer loop
      vertex 32 12 0
      vertex 28.159110991546882 12 3.689417145876975
      vertex 28.176942336483876 12 3.765891613580646
    endloop
  endfacet
  facet normal 0 1 0
    outer loop
      vertex 32 12 0
      vertex 28.176942336483876 12 3.765891613580646
      vertex 28.18973383364857 12 3.8433685693359383
    endloop
  endfacet
  facet normal 0 1 0
    outer loop
      vertex 32 12 0
      vertex 28.18973383364857 12 3.8433685693359383
      vertex 28.197430707886323 12 3.9215162449238283
    endloop
  endfacet
  facet normal 0 1 0
    outer loop
      vertex 32 12 0
      vertex 28.197430707886323 12 3.9215162449238283
      vertex 28.2 12 4
    endloop
  endfacet
  facet normal 0 1 0
    outer loop
      vertex 32 12 0
      vertex 28.2 12 4
      vertex 28.197430707886323 12 4.078483755076172
    endloop
  endfacet
  facet normal 0 1 0
    outer loop
      vertex 32 12 0
      vertex 28.197430707886323 12 4.078483755076172
      vertex 28.18973383364857 12 4.156631430664062
    endloop
  endfacet
  facet normal 0 1 0
    outer loop
      vertex 32 12 0
      vertex 28.18973383364857 12 4.156631430664062
      vertex 28.176942336483876 12 4.234108386419354
    endloop
  endfacet
  facet normal 0 1 0
    outer loop
      vertex 32 12 0
      vertex 28.176942336483876 12 4.234108386419354
      vertex 28.159110991546882 12 4.310582854123025
    endloop
  endfacet
  facet normal 0 1 0
    outer loop
      vertex 32 12 0
      vertex 28.159110991546882 12 4.310582854123025
      vertex 28.136316155394127 12 4.385727358363794
    endloop
  endfacet
  facet normal 0 1 0
    outer loop
      vertex 32 12 0
      vertex 28.136316155394127 12 4.385727358363794
      vertex 28.108655439013543 12 4.4592201188381075
    endloop
  endfacet
  facet normal 0.9994645873324807 0.032719087217007954 0
    outer loop
      vertex 34 10 0
      vertex 33.99571784585714 10.130806259810925 0
      vertex 34 10 8
    endloop
  endfacet
  facet normal 0.9951847245102249 0.09801716228042794 0
    outer loop
      vertex 33.99571784585714 10.130806259810925 0
      vertex 33.98288971930742 10.261052384972572 0
      vertex 33.99571784585714 10.130806259810925 8
    endloop
  endfacet
  facet normal 0.9866433370333105 0.16289544342237808 0
    outer loop
      vertex 33.98288971930742 10.261052384972572 0
      vertex 33.96157056093216 10.3901806473732 0
      vertex 33.98288971930742 10.261052384972572 8
    endloop
  endfacet
  facet normal 0.9738769810992817 0.22707625522046462 0
    outer loop
      vertex 33.96157056093216 10.3901806473732 0
      vertex 33.93185165524483 10.517638087272644 0
      vertex 33.96157056093216 10.3901806473732 8
    endloop
  endfacet
  facet normal 0.9569403280674134 0.2902847025219059 0
    outer loop
      vertex 33.93185165524483 10.517638087272644 0
      vertex 33.89386025816202 10.64287892729044 0
      vertex 33.93185165524483 10.517638087272644 8
    endloop
  endfacet
  facet normal 0.9359059418450612 0.35225000783407906 0
    outer loop
      vertex 33.89386025816202 10.64287892729044 0
      vertex 33.84775906801224 10.765366867184639 0
      vertex 33.89386025816202 10.64287892729044 8
    endloop
  endfacet
  facet normal 0.9108638033550432 0.41270707740186025 0
    outer loop
      vertex 33.84775906801224 10.765366867184639 0
      vertex 33.79374548047781 10.884577378630638 0
      vertex 33.84775906801224 10.765366867184639 8
    endloop
  endfacet
  facet normal 0.8492022004938756 0.5280678201484726 0
    outer loop
      vertex 33.73205080628395 11 0
      vertex 33.662939228117466 11.111140467226505 0
      vertex 33.73205080628395 11 8
    endloop
  endfacet
  facet normal 0.8819212715549761 0.4713967233433575 0
    outer loop
      vertex 33.73205080628395 11 0
      vertex 33.79374548047781 10.884577378630638 8
      vertex 33.79374548047781 10.884577378630638 0
    endloop
  endfacet
  facet normal 0.8128466817299448 0.5824777008612586 0
    outer loop
      vertex 33.662939228117466 11.111140467226505 0
      vertex 33.586706683039665 11.217522859573364 0
      vertex 33.662939228117466 11.111140467226505 8
    endloop
  endfacet
  facet normal 0.032719087217007954 0.9994645873324807 0
    outer loop
      vertex 32 12 0
      vertex 32.130806259810925 11.995717845857143 8
      vertex 32.130806259810925 11.995717845857143 0
    endloop
  endfacet
  facet normal 0.09801716228042794 0.9951847245102249 0
    outer loop
      vertex 32.130806259810925 11.995717845857143 0
      vertex 32.26105238497257 11.982889719307423 8
      vertex 32.26105238497257 11.982889719307423 0
    endloop
  endfacet
  facet normal 0.16289544342237808 0.9866433370333105 0
    outer loop
      vertex 32.26105238497257 11.982889719307423 0
      vertex 32.3901806473732 11.96157056093216 8
      vertex 32.3901806473732 11.96157056093216 0
    endloop
  endfacet
  facet normal 0.41270707740186025 0.9108638033550432 0
    outer loop
      vertex 32.88457737863064 11.79374548047781 0
      vertex 32.76536686718464 11.847759068012238 0
      vertex 32.88457737863064 11.79374548047781 8
    endloop
  endfacet
  facet normal 0.22707625522046462 0.9738769810992817 0
    outer loop
      vertex 32.3901806473732 11.96157056093216 0
      vertex 32.517638087272644 11.931851655244827 8
      vertex 32.517638087272644 11.931851655244827 0
    endloop
  endfacet
  facet normal 0.2902847025219059 0.9569403280674134 0
    outer loop
      vertex 32.64287892729044 11.893860258162022 0
      vertex 32.517638087272644 11.931851655244827 0
      vertex 32.64287892729044 11.893860258162022 8
    endloop
  endfacet
  facet normal 0.35225000783407906 0.9359059418450612 0
    outer loop
      vertex 32.64287892729044 11.893860258162022 0
      vertex 32.76536686718464 11.847759068012238 8
      vertex 32.76536686718464 11.847759068012238 0
    endloop
  endfacet
  facet normal 0.5824777008612586 0.8128466817299448 0
    outer loop
      vertex 33.217522859573364 11.586706683039665 0
      vertex 33.111140467226505 11.662939228117466 0
      vertex 33.217522859573364 11.586706683039665 8
    endloop
  endfacet
  facet normal 0.6835923430936746 0.7298640342308284 0
    outer loop
      vertex 33.4142135605216 11.414213560521603 0
      vertex 33.31869163364172 11.503679618239403 0
      vertex 33.4142135605216 11.414213560521603 8
    endloop
  endfacet
  facet normal 0.634393273334783 0.7730104622497544 0
    outer loop
      vertex 33.31869163364172 11.503679618239403 0
      vertex 33.217522859573364 11.586706683039665 0
      vertex 33.31869163364172 11.503679618239403 8
    endloop
  endfacet
  facet normal 0.7730104622497544 0.634393273334783 0
    outer loop
      vertex 33.586706683039665 11.217522859573364 0
      vertex 33.5036796182394 11.31869163364172 0
      vertex 33.586706683039665 11.217522859573364 8
    endloop
  endfacet
  facet normal 0.7298640342308284 0.6835923430936746 0
    outer loop
      vertex 33.4142135605216 11.414213560521603 0
      vertex 33.5036796182394 11.31869163364172 8
      vertex 33.5036796182394 11.31869163364172 0
    endloop
  endfacet
  facet normal 0.5280678201484726 0.8492022004938756 0
    outer loop
      vertex 33.111140467226505 11.662939228117466 0
      vertex 33 11.73205080628395 0
      vertex 33.111140467226505 11.662939228117466 8
    endloop
  endfacet
  facet normal 0.4713967233433575 0.8819212715549761 0
    outer loop
      vertex 32.88457737863064 11.79374548047781 0
      vertex 33 11.73205080628395 8
      vertex 33 11.73205080628395 0
    endloop
  endfacet
  facet normal 0 0 1
    outer loop
      vertex 2 12 8
      vertex 32 0 8
      vertex 32 12 8
    endloop
  endfacet
  facet normal 0 1 0
    outer loop
      vertex 25.960769515458672 12 3.4
      vertex 26.002236465236948 12 3.3333157203764774
      vertex 21.700000000000003 12 5.9
    endloop
  endfacet
  facet normal 0 1 0
    outer loop
      vertex 25.923752710160773 12 3.4692535717371986
      vertex 25.960769515458672 12 3.4
      vertex 21.700000000000003 12 5.9
    endloop
  endfacet
  facet normal 0 1 0
    outer loop
      vertex 25.891344560986457 12 3.5407798811618925
      vertex 25.923752710160773 12 3.4692535717371986
      vertex 21.700000000000003 12 5.9
    endloop
  endfacet
  facet normal 0 1 0
    outer loop
      vertex 25.863683844605873 12 3.614272641636206
      vertex 25.891344560986457 12 3.5407798811618925
      vertex 21.700000000000003 12 5.9
    endloop
  endfacet
  facet normal 0 1 0
    outer loop
      vertex 25.840889008453118 12 3.689417145876975
      vertex 25.863683844605873 12 3.614272641636206
      vertex 21.700000000000003 12 5.9
    endloop
  endfacet
  facet normal 0 1 0
    outer loop
      vertex 25.823057663516124 12 3.765891613580646
      vertex 25.840889008453118 12 3.689417145876975
      vertex 21.700000000000003 12 5.9
    endloop
  endfacet
  facet normal 0 1 0
    outer loop
      vertex 25.8 12 4
      vertex 25.802569292113677 12 3.9215162449238283
      vertex 21.700000000000003 12 5.9
    endloop
  endfacet
  facet normal 0 1 0
    outer loop
      vertex 25.802569292113677 12 4.078483755076172
      vertex 25.8 12 4
      vertex 21.700000000000003 12 5.9
    endloop
  endfacet
  facet normal 0 1 0
    outer loop
      vertex 25.81026616635143 12 3.8433685693359383
      vertex 25.823057663516124 12 3.765891613580646
      vertex 21.700000000000003 12 5.9
    endloop
  endfacet
  facet normal 0 1 0
    outer loop
      vertex 25.802569292113677 12 3.9215162449238283
      vertex 25.81026616635143 12 3.8433685693359383
      vertex 21.700000000000003 12 5.9
    endloop
  endfacet
  facet normal 0 1 0
    outer loop
      vertex 25.81026616635143 12 4.156631430664062
      vertex 25.802569292113677 12 4.078483755076172
      vertex 21.700000000000003 12 5.9
    endloop
  endfacet
  facet normal 0 1 0
    outer loop
      vertex 21.700000000000003 12 5.9
      vertex 25.823057663516124 12 4.234108386419354
      vertex 25.81026616635143 12 4.156631430664062
    endloop
  endfacet
  facet normal 0 1 0
    outer loop
      vertex 21.700000000000003 12 5.9
      vertex 25.840889008453118 12 4.310582854123025
      vertex 25.823057663516124 12 4.234108386419354
    endloop
  endfacet
  facet normal 0 1 0
    outer loop
      vertex 21.700000000000003 12 5.9
      vertex 25.863683844605873 12 4.385727358363794
      vertex 25.840889008453118 12 4.310582854123025
    endloop
  endfacet
  facet normal 0 1 0
    outer loop
      vertex 21.700000000000003 12 5.9
      vertex 25.891344560986457 12 4.4592201188381075
      vertex 25.863683844605873 12 4.385727358363794
    endloop
  endfacet
  facet normal 0 1 0
    outer loop
      vertex 21.700000000000003 12 5.9
      vertex 25.923752710160773 12 4.530746428262802
      vertex 25.891344560986457 12 4.4592201188381075
    endloop
  endfacet
  facet normal 0 1 0
    outer loop
      vertex 21.700000000000003 12 5.9
      vertex 25.960769515458672 12 4.6
      vertex 25.923752710160773 12 4.530746428262802
    endloop
  endfacet
  facet normal 0 1 0
    outer loop
      vertex 21.700000000000003 12 5.9
      vertex 26.002236465236948 12 4.666684279623523
      vertex 25.960769515458672 12 4.6
    endloop
  endfacet
  facet normal 0 1 0
    outer loop
      vertex 21.700000000000003 12 5.9
      vertex 26.047975991650517 12 4.730513714810465
      vertex 26.002236465236948 12 4.666684279623523
    endloop
  endfacet
  facet normal 0 1 0
    outer loop
      vertex 21.700000000000003 12 5.9
      vertex 26.097792231025227 12 4.791214978120083
      vertex 26.047975991650517 12 4.730513714810465
    endloop
  endfacet
  facet normal 0 1 0
    outer loop
      vertex 21.700000000000003 12 5.9
      vertex 26.151471862576145 12 4.848528137423857
      vertex 26.097792231025227 12 4.791214978120083
    endloop
  endfacet
  facet normal 0 1 0
    outer loop
      vertex 21.700000000000003 12 5.9
      vertex 26.20878502187992 12 4.9022077689747725
      vertex 26.151471862576145 12 4.848528137423857
    endloop
  endfacet
  facet normal 0 1 0
    outer loop
      vertex 21.700000000000003 12 5.9
      vertex 26.269486285189537 12 4.952024008349483
      vertex 26.20878502187992 12 4.9022077689747725
    endloop
  endfacet
  facet normal 0 1 0
    outer loop
      vertex 21.700000000000003 12 5.9
      vertex 26.333315720376476 12 4.997763534763054
      vertex 26.269486285189537 12 4.952024008349483
    endloop
  endfacet
  facet normal 0 1 0
    outer loop
      vertex 21.700000000000003 12 5.9
      vertex 26.4 12 5.039230484541326
      vertex 26.333315720376476 12 4.997763534763054
    endloop
  endfacet
  facet normal 0 1 0
    outer loop
      vertex 21.700000000000003 12 5.9
      vertex 26.469253571737198 12 5.076247289839226
      vertex 26.4 12 5.039230484541326
    endloop
  endfacet
  facet normal 0 1 0
    outer loop
      vertex 21.700000000000003 12 5.9
      vertex 26.540779881161892 12 5.108655439013544
      vertex 26.469253571737198 12 5.076247289839226
    endloop
  endfacet
  facet normal 0 1 0
    outer loop
      vertex 21.700000000000003 12 5.9
      vertex 26.614272641636205 12 5.136316155394127
      vertex 26.540779881161892 12 5.108655439013544
    endloop
  endfacet
  facet normal 0 1 0
    outer loop
      vertex 21.700000000000003 12 5.9
      vertex 26.689417145876973 12 5.159110991546882
      vertex 26.614272641636205 12 5.136316155394127
    endloop
  endfacet
  facet normal 0 1 0
    outer loop
      vertex 21.700000000000003 12 5.9
      vertex 26.765891613580646 12 5.176942336483877
      vertex 26.689417145876973 12 5.159110991546882
    endloop
  endfacet
  facet normal 0 1 0
    outer loop
      vertex 21.700000000000003 12 5.9
      vertex 26.843368569335937 12 5.189733833648573
      vertex 26.765891613580646 12 5.176942336483877
    endloop
  endfacet
  facet normal 0 1 0
    outer loop
      vertex 21.700000000000003 12 5.9
      vertex 26.92151624492383 12 5.197430707886324
      vertex 26.843368569335937 12 5.189733833648573
    endloop
  endfacet
  facet normal 0 1 0
    outer loop
      vertex 21.700000000000003 12 5.9
      vertex 27 12 5.2
      vertex 26.92151624492383 12 5.197430707886324
    endloop
  endfacet
  facet normal 0 1 0
    outer loop
      vertex 32 12 8
      vertex 21.700000000000003 12 5.9
      vertex 12.3 12 5.9
    endloop
  endfacet
  facet normal 1 0 0
    outer loop
      vertex 34 2 8
      vertex 34 10 0
      vertex 34 10 8
    endloop
  endfacet
  facet normal 0 0 1
    outer loop
      vertex 34 2 8
      vertex 34 10 8
      vertex 33.99571784585714 10.130806259810925 8
    endloop
  endfacet
  facet normal 0 0 1
    outer loop
      vertex 33.99571784585714 1.8691937401890755 8
      vertex 33.99571784585714 10.130806259810925 8
      vertex 33.98288971930742 10.261052384972572 8
    endloop
  endfacet
  facet normal 0 0 1
    outer loop
      vertex 33.98288971930742 1.7389476150274277 8
      vertex 33.98288971930742 10.261052384972572 8
      vertex 33.96157056093216 10.3901806473732 8
    endloop
  endfacet
  facet normal 0 0 1
    outer loop
      vertex 32.130806259810925 0.004282154142856598 8
      vertex 32.130806259810925 11.995717845857143 8
      vertex 32 12 8
    endloop
  endfacet
  facet normal 0 0 1
    outer loop
      vertex 32.26105238497257 0.017110280692577362 8
      vertex 32.26105238497257 11.982889719307423 8
      vertex 32.130806259810925 11.995717845857143 8
    endloop
  endfacet
  facet normal 0 0 1
    outer loop
      vertex 32.3901806473732 0.038429439067840576 8
      vertex 32.3901806473732 11.96157056093216 8
      vertex 32.26105238497257 11.982889719307423 8
    endloop
  endfacet
  facet normal 0 0 1
    outer loop
      vertex 32.517638087272644 0.06814834475517273 8
      vertex 32.517638087272644 11.931851655244827 8
      vertex 32.3901806473732 11.96157056093216 8
    endloop
  endfacet
  facet normal 0 0 1
    outer loop
      vertex 32.64287892729044 0.10613974183797836 8
      vertex 32.64287892729044 11.893860258162022 8
      vertex 32.517638087272644 11.931851655244827 8
    endloop
  endfacet
  facet normal 0 0 1
    outer loop
      vertex 32.76536686718464 0.15224093198776245 8
      vertex 32.76536686718464 11.847759068012238 8
      vertex 32.64287892729044 11.893860258162022 8
    endloop
  endfacet
  facet normal 0 0 1
    outer loop
      vertex 32.88457737863064 0.2062545195221901 8
      vertex 32.88457737863064 11.79374548047781 8
      vertex 32.76536686718464 11.847759068012238 8
    endloop
  endfacet
  facet normal 0 0 1
    outer loop
      vertex 33.31869163364172 0.49632038176059723 8
      vertex 33.31869163364172 11.503679618239403 8
      vertex 33.217522859573364 11.586706683039665 8
    endloop
  endfacet
  facet normal 0 0 1
    outer loop
      vertex 33.4142135605216 0.5857864394783974 8
      vertex 33.4142135605216 11.414213560521603 8
      vertex 33.31869163364172 11.503679618239403 8
    endloop
  endfacet
  facet normal 0 0 1
    outer loop
      vertex 33.96157056093216 1.6098193526268005 8
      vertex 33.96157056093216 10.3901806473732 8
      vertex 33.93185165524483 10.517638087272644 8
    endloop
  endfacet
  facet normal 0 0 1
    outer loop
      vertex 33.93185165524483 1.482361912727356 8
      vertex 33.93185165524483 10.517638087272644 8
      vertex 33.89386025816202 10.64287892729044 8
    endloop
  endfacet
  facet normal 0 0 1
    outer loop
      vertex 33.89386025816202 1.3571210727095604 8
      vertex 33.89386025816202 10.64287892729044 8
      vertex 33.84775906801224 10.765366867184639 8
    endloop
  endfacet
  facet normal 0 0 1
    outer loop
      vertex 33.84775906801224 1.234633132815361 8
      vertex 33.84775906801224 10.765366867184639 8
      vertex 33.79374548047781 10.884577378630638 8
    endloop
  endfacet
  facet normal 0 0 1
    outer loop
      vertex 33.79374548047781 1.1154226213693619 8
      vertex 33.79374548047781 10.884577378630638 8
      vertex 33.73205080628395 11 8
    endloop
  endfacet
  facet normal 0 0 1
    outer loop
      vertex 33.586706683039665 0.7824771404266357 8
      vertex 33.586706683039665 11.217522859573364 8
      vertex 33.5036796182394 11.31869163364172 8
    endloop
  endfacet
  facet normal 0 0 1
    outer loop
      vertex 33.73205080628395 1 8
      vertex 33.73205080628395 11 8
      vertex 33.662939228117466 11.111140467226505 8
    endloop
  endfacet
  facet normal 0 0 1
    outer loop
      vertex 33.662939228117466 0.8888595327734947 8
      vertex 33.662939228117466 11.111140467226505 8
      vertex 33.586706683039665 11.217522859573364 8
    endloop
  endfacet
  facet normal 0 0 1
    outer loop
      vertex 33.5036796182394 0.6813083663582802 8
      vertex 33.5036796182394 11.31869163364172 8
      vertex 33.4142135605216 11.414213560521603 8
    endloop
  endfacet
  facet normal 0 0 1
    outer loop
      vertex 33 0.2679491937160492 8
      vertex 33 11.73205080628395 8
      vertex 32.88457737863064 11.79374548047781 8
    endloop
  endfacet
  facet normal 0 0 1
    outer loop
      vertex 33.111140467226505 0.337060771882534 8
      vertex 33.111140467226505 11.662939228117466 8
      vertex 33 11.73205080628395 8
    endloop
  endfacet
  facet normal 0 0 1
    outer loop
      vertex 33.217522859573364 0.4132933169603348 8
      vertex 33.217522859573364 11.586706683039665 8
      vertex 33.111140467226505 11.662939228117466 8
    endloop
  endfacet
  facet normal 0 1 0
    outer loop
      vertex 32 12 8
      vertex 28.108655439013543 12 4.4592201188381075
      vertex 28.076247289839227 12 4.530746428262802
    endloop
  endfacet
  facet normal 0 1 0
    outer loop
      vertex 32 12 8
      vertex 28.076247289839227 12 4.530746428262802
      vertex 28.039230484541328 12 4.6
    endloop
  endfacet
  facet normal 0 1 0
    outer loop
      vertex 32 12 8
      vertex 27.848528137423855 12 4.848528137423857
      vertex 27.79121497812008 12 4.9022077689747725
    endloop
  endfacet
  facet normal 0 1 0
    outer loop
      vertex 32 12 8
      vertex 27.79121497812008 12 4.9022077689747725
      vertex 27.730513714810463 12 4.952024008349483
    endloop
  endfacet
  facet normal 0 1 0
    outer loop
      vertex 32 12 8
      vertex 27.730513714810463 12 4.952024008349483
      vertex 27.666684279623524 12 4.997763534763054
    endloop
  endfacet
  facet normal 0 1 0
    outer loop
      vertex 32 12 8
      vertex 28.039230484541328 12 4.6
      vertex 27.997763534763052 12 4.666684279623523
    endloop
  endfacet
  facet normal 0 1 0
    outer loop
      vertex 32 12 8
      vertex 27.997763534763052 12 4.666684279623523
      vertex 27.952024008349483 12 4.730513714810465
    endloop
  endfacet
  facet normal 0 1 0
    outer loop
      vertex 32 12 8
      vertex 27.952024008349483 12 4.730513714810465
      vertex 27.902207768974773 12 4.791214978120083
    endloop
  endfacet
  facet normal 0 1 0
    outer loop
      vertex 32 12 8
      vertex 27.902207768974773 12 4.791214978120083
      vertex 27.848528137423855 12 4.848528137423857
    endloop
  endfacet
  facet normal 0.9994645873324807 0.032719087217007954 0
    outer loop
      vertex 33.99571784585714 10.130806259810925 0
      vertex 33.99571784585714 10.130806259810925 8
      vertex 34 10 8
    endloop
  endfacet
  facet normal 0.9951847245102249 0.09801716228042794 0
    outer loop
      vertex 33.98288971930742 10.261052384972572 0
      vertex 33.98288971930742 10.261052384972572 8
      vertex 33.99571784585714 10.130806259810925 8
    endloop
  endfacet
  facet normal 0.9866433370333105 0.16289544342237808 0
    outer loop
      vertex 33.96157056093216 10.3901806473732 0
      vertex 33.96157056093216 10.3901806473732 8
      vertex 33.98288971930742 10.261052384972572 8
    endloop
  endfacet
  facet normal 0.9738769810992817 0.22707625522046462 0
    outer loop
      vertex 33.93185165524483 10.517638087272644 0
      vertex 33.93185165524483 10.517638087272644 8
      vertex 33.96157056093216 10.3901806473732 8
    endloop
  endfacet
  facet normal 0 1 0
    outer loop
      vertex 32 12 0
      vertex 28.108655439013543 12 4.4592201188381075
      vertex 32 12 8
    endloop
  endfacet
  facet normal 0.9569403280674134 0.2902847025219059 0
    outer loop
      vertex 33.89386025816202 10.64287892729044 0
      vertex 33.89386025816202 10.64287892729044 8
      vertex 33.93185165524483 10.517638087272644 8
    endloop
  endfacet
  facet normal 0.9359059418450612 0.35225000783407906 0
    outer loop
      vertex 33.84775906801224 10.765366867184639 0
      vertex 33.84775906801224 10.765366867184639 8
      vertex 33.89386025816202 10.64287892729044 8
    endloop
  endfacet
  facet normal 0.9108638033550432 0.41270707740186025 0
    outer loop
      vertex 33.79374548047781 10.884577378630638 0
      vertex 33.79374548047781 10.884577378630638 8
      vertex 33.84775906801224 10.765366867184639 8
    endloop
  endfacet
  facet normal 0.8819212715549761 0.4713967233433575 0
    outer loop
      vertex 33.73205080628395 11 0
      vertex 33.73205080628395 11 8
      vertex 33.79374548047781 10.884577378630638 8
    endloop
  endfacet
  facet normal 0.8492022004938756 0.5280678201484726 0
    outer loop
      vertex 33.662939228117466 11.111140467226505 0
      vertex 33.662939228117466 11.111140467226505 8
      vertex 33.73205080628395 11 8
    endloop
  endfacet
  facet normal 0.8128466817299448 0.5824777008612586 0
    outer loop
      vertex 33.586706683039665 11.217522859573364 0
      vertex 33.586706683039665 11.217522859573364 8
      vertex 33.662939228117466 11.111140467226505 8
    endloop
  endfacet
  facet normal 0.032719087217007954 0.9994645873324807 0
    outer loop
      vertex 32 12 0
      vertex 32 12 8
      vertex 32.130806259810925 11.995717845857143 8
    endloop
  endfacet
  facet normal 0.09801716228042794 0.9951847245102249 0
    outer loop
      vertex 32.130806259810925 11.995717845857143 0
      vertex 32.130806259810925 11.995717845857143 8
      vertex 32.26105238497257 11.982889719307423 8
    endloop
  endfacet
  facet normal 0.16289544342237808 0.9866433370333105 0
    outer loop
      vertex 32.26105238497257 11.982889719307423 0
      vertex 32.26105238497257 11.982889719307423 8
      vertex 32.3901806473732 11.96157056093216 8
    endloop
  endfacet
  facet normal 0.4713967233433575 0.8819212715549761 0
    outer loop
      vertex 32.88457737863064 11.79374548047781 0
      vertex 32.88457737863064 11.79374548047781 8
      vertex 33 11.73205080628395 8
    endloop
  endfacet
  facet normal 0.22707625522046462 0.9738769810992817 0
    outer loop
      vertex 32.3901806473732 11.96157056093216 0
      vertex 32.3901806473732 11.96157056093216 8
      vertex 32.517638087272644 11.931851655244827 8
    endloop
  endfacet
  facet normal 0.2902847025219059 0.9569403280674134 0
    outer loop
      vertex 32.517638087272644 11.931851655244827 0
      vertex 32.517638087272644 11.931851655244827 8
      vertex 32.64287892729044 11.893860258162022 8
    endloop
  endfacet
  facet normal 0.35225000783407906 0.9359059418450612 0
    outer loop
      vertex 32.64287892729044 11.893860258162022 0
      vertex 32.64287892729044 11.893860258162022 8
      vertex 32.76536686718464 11.847759068012238 8
    endloop
  endfacet
  facet normal 0.41270707740186025 0.9108638033550432 0
    outer loop
      vertex 32.76536686718464 11.847759068012238 0
      vertex 32.76536686718464 11.847759068012238 8
      vertex 32.88457737863064 11.79374548047781 8
    endloop
  endfacet
  facet normal 0.7298640342308284 0.6835923430936746 0
    outer loop
      vertex 33.4142135605216 11.414213560521603 0
      vertex 33.4142135605216 11.414213560521603 8
      vertex 33.5036796182394 11.31869163364172 8
    endloop
  endfacet
  facet normal 0.6835923430936746 0.7298640342308284 0
    outer loop
      vertex 33.31869163364172 11.503679618239403 0
      vertex 33.31869163364172 11.503679618239403 8
      vertex 33.4142135605216 11.414213560521603 8
    endloop
  endfacet
  facet normal 0.634393273334783 0.7730104622497544 0
    outer loop
      vertex 33.217522859573364 11.586706683039665 0
      vertex 33.217522859573364 11.586706683039665 8
      vertex 33.31869163364172 11.503679618239403 8
    endloop
  endfacet
  facet normal 0.7730104622497544 0.634393273334783 0
    outer loop
      vertex 33.5036796182394 11.31869163364172 0
      vertex 33.5036796182394 11.31869163364172 8
      vertex 33.586706683039665 11.217522859573364 8
    endloop
  endfacet
  facet normal 0.5280678201484726 0.8492022004938756 0
    outer loop
      vertex 33 11.73205080628395 0
      vertex 33 11.73205080628395 8
      vertex 33.111140467226505 11.662939228117466 8
    endloop
  endfacet
  facet normal 0.5824777008612586 0.8128466817299448 0
    outer loop
      vertex 33.111140467226505 11.662939228117466 0
      vertex 33.111140467226505 11.662939228117466 8
      vertex 33.217522859573364 11.586706683039665 8
    endloop
  endfacet
  facet normal 0 1 0
    outer loop
      vertex 32 12 8
      vertex 27 12 5.2
      vertex 21.700000000000003 12 5.9
    endloop
  endfacet
  facet normal 0 1 0
    outer loop
      vertex 32 12 8
      vertex 27.234108386419354 12 5.176942336483877
      vertex 27.156631430664063 12 5.189733833648573
    endloop
  endfacet
  facet normal 0 1 0
    outer loop
      vertex 32 12 8
      vertex 27.459220118838108 12 5.108655439013544
      vertex 27.385727358363795 12 5.136316155394127
    endloop
  endfacet
  facet normal 0 1 0
    outer loop
      vertex 32 12 8
      vertex 27.310582854123027 12 5.159110991546882
      vertex 27.234108386419354 12 5.176942336483877
    endloop
  endfacet
  facet normal 0 1 0
    outer loop
      vertex 32 12 8
      vertex 27.385727358363795 12 5.136316155394127
      vertex 27.310582854123027 12 5.159110991546882
    endloop
  endfacet
  facet normal 0 1 0
    outer loop
      vertex 32 12 8
      vertex 27.530746428262802 12 5.076247289839226
      vertex 27.459220118838108 12 5.108655439013544
    endloop
  endfacet
  facet normal 0 1 0
    outer loop
      vertex 32 12 8
      vertex 27.6 12 5.039230484541326
      vertex 27.530746428262802 12 5.076247289839226
    endloop
  endfacet
  facet normal 0 1 0
    outer loop
      vertex 32 12 8
      vertex 27.666684279623524 12 4.997763534763054
      vertex 27.6 12 5.039230484541326
    endloop
  endfacet
  facet normal 0 1 0
    outer loop
      vertex 32 12 8
      vertex 27.07848375507617 12 5.197430707886324
      vertex 27 12 5.2
    endloop
  endfacet
  facet normal 0 1 0
    outer loop
      vertex 32 12 8
      vertex 27.156631430664063 12 5.189733833648573
      vertex 27.07848375507617 12 5.197430707886324
    endloop
  endfacet
  facet normal 1 0 0
    outer loop
      vertex 12.3 0 2.1
      vertex 12.3 12 2.1
      vertex 12.3 0 5.9
    endloop
  endfacet
  facet normal 0 0 -1
    outer loop
      vertex 12.3 0 5.9
      vertex 12.3 12 5.9
      vertex 21.700000000000003 0 5.9
    endloop
  endfacet
  facet normal 0 0 1
    outer loop
      vertex 12.3 0 2.1
      vertex 21.700000000000003 12 2.1
      vertex 12.3 12 2.1
    endloop
  endfacet
  facet normal 1 0 0
    outer loop
      vertex 12.3 12 5.9
      vertex 12.3 0 5.9
      vertex 12.3 12 2.1
    endloop
  endfacet
  facet normal 0 0 1
    outer loop
      vertex 12.3 0 2.1
      vertex 21.700000000000003 0 2.1
      vertex 21.700000000000003 12 2.1
    endloop
  endfacet
  facet normal -1 0 0
    outer loop
      vertex 21.700000000000003 12 5.9
      vertex 21.700000000000003 0 2.1
      vertex 21.700000000000003 0 5.9
    endloop
  endfacet
  facet normal -1 0 0
    outer loop
      vertex 21.700000000000003 0 2.1
      vertex 21.700000000000003 12 5.9
      vertex 21.700000000000003 12 2.1
    endloop
  endfacet
  facet normal 0 0 -1
    outer loop
      vertex 12.3 12 5.9
      vertex 21.700000000000003 12 5.9
      vertex 21.700000000000003 0 5.9
    endloop
  endfacet
  facet normal 0.41270702980439566 0 0.9108638249211755
    outer loop
      vertex 26.469253571737198 0 2.923752710160774
      vertex 26.540779881161892 0 2.8913445609864556
      vertex 26.540779881161892 12 2.8913445609864556
    endloop
  endfacet
  facet normal 0.47139673682599437 0 0.8819212643483568
    outer loop
      vertex 26.4 0 2.960769515458674
      vertex 26.469253571737198 0 2.923752710160774
      vertex 26.469253571737198 12 2.923752710160774
    endloop
  endfacet
  facet normal 0.5280678506503638 0 0.8492021815265816
    outer loop
      vertex 26.333315720376476 0 3.0022364652369458
      vertex 26.4 0 2.960769515458674
      vertex 26.4 12 2.960769515458674
    endloop
  endfacet
  facet normal 0.35225004792123515 0 0.9359059267573251
    outer loop
      vertex 26.540779881161892 0 2.8913445609864556
      vertex 26.614272641636205 0 2.863683844605873
      vertex 26.614272641636205 12 2.863683844605873
    endloop
  endfacet
  facet normal 0.29028467725446644 0 0.9569403357322076
    outer loop
      vertex 26.614272641636205 0 2.863683844605873
      vertex 26.689417145876973 0 2.840889008453118
      vertex 26.689417145876973 12 2.840889008453118
    endloop
  endfacet
  facet normal 0.22707626303437023 0 0.9738769792773343
    outer loop
      vertex 26.689417145876973 0 2.840889008453118
      vertex 26.765891613580646 0 2.8230576635161233
      vertex 26.765891613580646 12 2.8230576635161233
    endloop
  endfacet
  facet normal 0.16289547339458724 0 0.9866433320848792
    outer loop
      vertex 26.765891613580646 0 2.8230576635161233
      vertex 26.843368569335937 0 2.8102661663514277
      vertex 26.843368569335937 12 2.8102661663514277
    endloop
  endfacet
  facet normal 0.09801714032956259 0 0.9951847266721967
    outer loop
      vertex 26.843368569335937 0 2.8102661663514277
      vertex 26.92151624492383 0 2.8025692921136756
      vertex 26.92151624492383 12 2.8025692921136756
    endloop
  endfacet
  facet normal 0.03271908282177581 0 0.9994645874763657
    outer loop
      vertex 26.92151624492383 0 2.8025692921136756
      vertex 27 0 2.8
      vertex 27 12 2.8
    endloop
  endfacet
  facet normal -0.03271908282177581 0 0.9994645874763657
    outer loop
      vertex 27 0 2.8
      vertex 27.07848375507617 0 2.8025692921136756
      vertex 27.07848375507617 12 2.8025692921136756
    endloop
  endfacet
  facet normal -0.09801714032956259 0 0.9951847266721967
    outer loop
      vertex 27.07848375507617 0 2.8025692921136756
      vertex 27.156631430664063 0 2.8102661663514277
      vertex 27.156631430664063 12 2.8102661663514277
    endloop
  endfacet
  facet normal -0.16289547339458724 0 0.9866433320848792
    outer loop
      vertex 27.156631430664063 0 2.8102661663514277
      vertex 27.234108386419354 0 2.8230576635161233
      vertex 27.234108386419354 12 2.8230576635161233
    endloop
  endfacet
  facet normal -0.22707626303437023 0 0.9738769792773343
    outer loop
      vertex 27.234108386419354 0 2.8230576635161233
      vertex 27.310582854123027 0 2.840889008453118
      vertex 27.310582854123027 12 2.840889008453118
    endloop
  endfacet
  facet normal -0.29028467725446644 0 0.9569403357322076
    outer loop
      vertex 27.310582854123027 0 2.840889008453118
      vertex 27.385727358363795 0 2.863683844605873
      vertex 27.385727358363795 12 2.863683844605873
    endloop
  endfacet
  facet normal -0.35225004792123515 0 0.9359059267573251
    outer loop
      vertex 27.385727358363795 0 2.863683844605873
      vertex 27.459220118838108 0 2.8913445609864556
      vertex 27.459220118838108 12 2.8913445609864556
    endloop
  endfacet
  facet normal -0.41270702980439566 0 0.9108638249211755
    outer loop
      vertex 27.459220118838108 0 2.8913445609864556
      vertex 27.530746428262802 0 2.923752710160774
      vertex 27.530746428262802 12 2.923752710160774
    endloop
  endfacet
  facet normal -0.47139673682599437 0 0.8819212643483568
    outer loop
      vertex 27.530746428262802 0 2.923752710160774
      vertex 27.6 0 2.960769515458674
      vertex 27.6 12 2.960769515458674
    endloop
  endfacet
  facet normal -0.5280678506503638 0 0.8492021815265816
    outer loop
      vertex 27.6 0 2.960769515458674
      vertex 27.666684279623524 0 3.0022364652369458
      vertex 27.666684279623524 12 3.0022364652369458
    endloop
  endfacet
  facet normal 0.6343932841636468 0 0.7730104533627358
    outer loop
      vertex 26.20878502187992 0 3.097792231025227
      vertex 26.269486285189537 0 3.047975991650518
      vertex 26.269486285189537 12 3.047975991650518
    endloop
  endfacet
  facet normal 0.6835923020228714 0 0.7298640726978356
    outer loop
      vertex 26.151471862576145 0 3.151471862576143
      vertex 26.20878502187992 0 3.097792231025227
      vertex 26.20878502187992 12 3.097792231025227
    endloop
  endfacet
  facet normal 0.58247769686782 0 0.8128466845916025
    outer loop
      vertex 26.269486285189537 0 3.047975991650518
      vertex 26.333315720376476 0 3.0022364652369458
      vertex 26.333315720376476 12 3.0022364652369458
    endloop
  endfacet
  facet normal 0.7298640726978272 0 0.6835923020228805
    outer loop
      vertex 26.151471862576145 0 3.151471862576143
      vertex 26.151471862576145 12 3.151471862576143
      vertex 26.097792231025227 0 3.208785021879917
    endloop
  endfacet
  facet normal 0.7730104533627326 0 0.6343932841636509
    outer loop
      vertex 26.097792231025227 0 3.208785021879917
      vertex 26.097792231025227 12 3.208785021879917
      vertex 26.047975991650517 0 3.269486285189535
    endloop
  endfacet
  facet normal 0.8492021815265597 0 0.5280678506503989
    outer loop
      vertex 26.002236465236948 0 3.3333157203764774
      vertex 26.002236465236948 12 3.3333157203764774
      vertex 25.960769515458672 0 3.4
    endloop
  endfacet
  facet normal 0.8819212643483589 0 0.4713967368259902
    outer loop
      vertex 25.960769515458672 0 3.4
      vertex 25.960769515458672 12 3.4
      vertex 25.923752710160773 0 3.4692535717371986
    endloop
  endfacet
  facet normal 0.9108638249211871 0 0.41270702980436963
    outer loop
      vertex 25.923752710160773 0 3.4692535717371986
      vertex 25.923752710160773 12 3.4692535717371986
      vertex 25.891344560986457 0 3.5407798811618925
    endloop
  endfacet
  facet normal 0.8128466845916292 0 0.5824776968677826
    outer loop
      vertex 26.047975991650517 0 3.269486285189535
      vertex 26.047975991650517 12 3.269486285189535
      vertex 26.002236465236948 0 3.3333157203764774
    endloop
  endfacet
  facet normal 0.935905926757319 0 0.3522500479212512
    outer loop
      vertex 25.891344560986457 0 3.5407798811618925
      vertex 25.891344560986457 12 3.5407798811618925
      vertex 25.863683844605873 0 3.614272641636206
    endloop
  endfacet
  facet normal 0.9569403357322086 0 0.29028467725446333
    outer loop
      vertex 25.863683844605873 0 3.614272641636206
      vertex 25.863683844605873 12 3.614272641636206
      vertex 25.840889008453118 0 3.689417145876975
    endloop
  endfacet
  facet normal 0.9738769792773361 0 0.2270762630343633
    outer loop
      vertex 25.840889008453118 0 3.689417145876975
      vertex 25.840889008453118 12 3.689417145876975
      vertex 25.823057663516124 0 3.765891613580646
    endloop
  endfacet
  facet normal 0.9866433320848806 0 0.162895473394579
    outer loop
      vertex 25.823057663516124 0 3.765891613580646
      vertex 25.823057663516124 12 3.765891613580646
      vertex 25.81026616635143 0 3.8433685693359383
    endloop
  endfacet
  facet normal 0.9951847266721969 0 0.0980171403295603
    outer loop
      vertex 25.81026616635143 0 3.8433685693359383
      vertex 25.81026616635143 12 3.8433685693359383
      vertex 25.802569292113677 0 3.9215162449238283
    endloop
  endfacet
  facet normal 0.9994645874763652 0 0.03271908282178673
    outer loop
      vertex 25.802569292113677 0 3.9215162449238283
      vertex 25.802569292113677 12 3.9215162449238283
      vertex 25.8 0 4
    endloop
  endfacet
  facet normal -0.58247769686782 0 0.8128466845916025
    outer loop
      vertex 27.666684279623524 0 3.0022364652369458
      vertex 27.730513714810463 0 3.047975991650518
      vertex 27.730513714810463 12 3.047975991650518
    endloop
  endfacet
  facet normal -0.6343932841636468 0 0.7730104533627358
    outer loop
      vertex 27.730513714810463 0 3.047975991650518
      vertex 27.79121497812008 0 3.097792231025227
      vertex 27.79121497812008 12 3.097792231025227
    endloop
  endfacet
  facet normal -0.6835923020228714 0 0.7298640726978356
    outer loop
      vertex 27.79121497812008 0 3.097792231025227
      vertex 27.848528137423855 0 3.151471862576143
      vertex 27.848528137423855 12 3.151471862576143
    endloop
  endfacet
  facet normal -0.7298640726978272 0 0.6835923020228805
    outer loop
      vertex 27.902207768974773 0 3.208785021879917
      vertex 27.902207768974773 12 3.208785021879917
      vertex 27.848528137423855 0 3.151471862576143
    endloop
  endfacet
  facet normal -0.7730104533627326 0 0.6343932841636509
    outer loop
      vertex 27.952024008349483 0 3.269486285189535
      vertex 27.952024008349483 12 3.269486285189535
      vertex 27.902207768974773 0 3.208785021879917
    endloop
  endfacet
  facet normal -0.8128466845916292 0 0.5824776968677826
    outer loop
      vertex 27.997763534763052 0 3.3333157203764774
      vertex 27.997763534763052 12 3.3333157203764774
      vertex 27.952024008349483 0 3.269486285189535
    endloop
  endfacet
  facet normal -0.8492021815265597 0 0.5280678506503989
    outer loop
      vertex 28.039230484541328 0 3.4
      vertex 28.039230484541328 12 3.4
      vertex 27.997763534763052 0 3.3333157203764774
    endloop
  endfacet
  facet normal -0.8819212643483589 0 0.4713967368259902
    outer loop
      vertex 28.076247289839227 0 3.4692535717371986
      vertex 28.076247289839227 12 3.4692535717371986
      vertex 28.039230484541328 0 3.4
    endloop
  endfacet
  facet normal -0.9108638249211871 0 0.41270702980436963
    outer loop
      vertex 28.108655439013543 0 3.5407798811618925
      vertex 28.108655439013543 12 3.5407798811618925
      vertex 28.076247289839227 0 3.4692535717371986
    endloop
  endfacet
  facet normal -0.935905926757319 0 0.3522500479212512
    outer loop
      vertex 28.136316155394127 0 3.614272641636206
      vertex 28.136316155394127 12 3.614272641636206
      vertex 28.108655439013543 0 3.5407798811618925
    endloop
  endfacet
  facet normal -0.9569403357322086 0 0.29028467725446333
    outer loop
      vertex 28.159110991546882 0 3.689417145876975
      vertex 28.159110991546882 12 3.689417145876975
      vertex 28.136316155394127 0 3.614272641636206
    endloop
  endfacet
  facet normal -0.9738769792773361 0 0.2270762630343633
    outer loop
      vertex 28.176942336483876 0 3.765891613580646
      vertex 28.176942336483876 12 3.765891613580646
      vertex 28.159110991546882 0 3.689417145876975
    endloop
  endfacet
  facet normal -0.9866433320848806 0 0.162895473394579
    outer loop
      vertex 28.18973383364857 0 3.8433685693359383
      vertex 28.18973383364857 12 3.8433685693359383
      vertex 28.176942336483876 0 3.765891613580646
    endloop
  endfacet
  facet normal -0.9951847266721969 0 0.0980171403295603
    outer loop
      vertex 28.197430707886323 0 3.9215162449238283
      vertex 28.197430707886323 12 3.9215162449238283
      vertex 28.18973383364857 0 3.8433685693359383
    endloop
  endfacet
  facet normal -0.9994645874763652 0 0.03271908282178673
    outer loop
      vertex 28.2 0 4
      vertex 28.2 12 4
      vertex 28.197430707886323 0 3.9215162449238283
    endloop
  endfacet
  facet normal 0.9994645874763652 0 -0.03271908282178673
    outer loop
      vertex 25.8 0 4
      vertex 25.8 12 4
      vertex 25.802569292113677 0 4.078483755076172
    endloop
  endfacet
  facet normal 0.9951847266721969 0 -0.0980171403295603
    outer loop
      vertex 25.802569292113677 0 4.078483755076172
      vertex 25.802569292113677 12 4.078483755076172
      vertex 25.81026616635143 0 4.156631430664062
    endloop
  endfacet
  facet normal 0.9866433320848808 0 -0.1628954733945781
    outer loop
      vertex 25.81026616635143 0 4.156631430664062
      vertex 25.81026616635143 12 4.156631430664062
      vertex 25.823057663516124 0 4.234108386419354
    endloop
  endfacet
  facet normal 0.9738769792773356 0 -0.2270762630343645
    outer loop
      vertex 25.823057663516124 0 4.234108386419354
      vertex 25.823057663516124 12 4.234108386419354
      vertex 25.840889008453118 0 4.310582854123025
    endloop
  endfacet
  facet normal 0.9569403357322086 0 -0.29028467725446333
    outer loop
      vertex 25.840889008453118 0 4.310582854123025
      vertex 25.840889008453118 12 4.310582854123025
      vertex 25.863683844605873 0 4.385727358363794
    endloop
  endfacet
  facet normal 0.935905926757319 0 -0.3522500479212512
    outer loop
      vertex 25.863683844605873 0 4.385727358363794
      vertex 25.863683844605873 12 4.385727358363794
      vertex 25.891344560986457 0 4.4592201188381075
    endloop
  endfacet
  facet normal 0.9108638249211882 0 -0.4127070298043675
    outer loop
      vertex 25.891344560986457 0 4.4592201188381075
      vertex 25.891344560986457 12 4.4592201188381075
      vertex 25.923752710160773 0 4.530746428262802
    endloop
  endfacet
  facet normal 0.8819212643483565 0 -0.4713967368259949
    outer loop
      vertex 25.923752710160773 0 4.530746428262802
      vertex 25.923752710160773 12 4.530746428262802
      vertex 25.960769515458672 0 4.6
    endloop
  endfacet
  facet normal 0.8492021815265612 0 -0.5280678506503963
    outer loop
      vertex 25.960769515458672 0 4.6
      vertex 25.960769515458672 12 4.6
      vertex 26.002236465236948 0 4.666684279623523
    endloop
  endfacet
  facet normal 0.8128466845916311 0 -0.58247769686778
    outer loop
      vertex 26.002236465236948 0 4.666684279623523
      vertex 26.002236465236948 12 4.666684279623523
      vertex 26.047975991650517 0 4.730513714810465
    endloop
  endfacet
  facet normal 0.7730104533627303 0 -0.6343932841636537
    outer loop
      vertex 26.047975991650517 0 4.730513714810465
      vertex 26.047975991650517 12 4.730513714810465
      vertex 26.097792231025227 0 4.791214978120083
    endloop
  endfacet
  facet normal 0.7298640726978272 0 -0.6835923020228805
    outer loop
      vertex 26.097792231025227 0 4.791214978120083
      vertex 26.097792231025227 12 4.791214978120083
      vertex 26.151471862576145 0 4.848528137423857
    endloop
  endfacet
  facet normal 0.6835923020228684 0 -0.7298640726978384
    outer loop
      vertex 26.151471862576145 0 4.848528137423857
      vertex 26.151471862576145 12 4.848528137423857
      vertex 26.20878502187992 0 4.9022077689747725
    endloop
  endfacet
  facet normal 0.6343932841636537 0 -0.7730104533627303
    outer loop
      vertex 26.269486285189537 0 4.952024008349483
      vertex 26.20878502187992 0 4.9022077689747725
      vertex 26.20878502187992 12 4.9022077689747725
    endloop
  endfacet
  facet normal 0.5824776968678164 0 -0.8128466845916051
    outer loop
      vertex 26.333315720376476 0 4.997763534763054
      vertex 26.269486285189537 0 4.952024008349483
      vertex 26.269486285189537 12 4.952024008349483
    endloop
  endfacet
  facet normal -0.9994645874763652 0 -0.03271908282178673
    outer loop
      vertex 28.197430707886323 0 4.078483755076172
      vertex 28.197430707886323 12 4.078483755076172
      vertex 28.2 0 4
    endloop
  endfacet
  facet normal -0.9951847266721969 0 -0.0980171403295603
    outer loop
      vertex 28.18973383364857 0 4.156631430664062
      vertex 28.18973383364857 12 4.156631430664062
      vertex 28.197430707886323 0 4.078483755076172
    endloop
  endfacet
  facet normal -0.9866433320848808 0 -0.1628954733945781
    outer loop
      vertex 28.176942336483876 0 4.234108386419354
      vertex 28.176942336483876 12 4.234108386419354
      vertex 28.18973383364857 0 4.156631430664062
    endloop
  endfacet
  facet normal -0.9569403357322086 0 -0.29028467725446333
    outer loop
      vertex 28.136316155394127 0 4.385727358363794
      vertex 28.136316155394127 12 4.385727358363794
      vertex 28.159110991546882 0 4.310582854123025
    endloop
  endfacet
  facet normal -0.935905926757319 0 -0.3522500479212512
    outer loop
      vertex 28.108655439013543 0 4.4592201188381075
      vertex 28.108655439013543 12 4.4592201188381075
      vertex 28.136316155394127 0 4.385727358363794
    endloop
  endfacet
  facet normal -0.9738769792773356 0 -0.2270762630343645
    outer loop
      vertex 28.159110991546882 0 4.310582854123025
      vertex 28.159110991546882 12 4.310582854123025
      vertex 28.176942336483876 0 4.234108386419354
    endloop
  endfacet
  facet normal -0.9108638249211882 0 -0.4127070298043675
    outer loop
      vertex 28.076247289839227 0 4.530746428262802
      vertex 28.076247289839227 12 4.530746428262802
      vertex 28.108655439013543 0 4.4592201188381075
    endloop
  endfacet
  facet normal -0.8819212643483565 0 -0.4713967368259949
    outer loop
      vertex 28.039230484541328 0 4.6
      vertex 28.039230484541328 12 4.6
      vertex 28.076247289839227 0 4.530746428262802
    endloop
  endfacet
  facet normal -0.8492021815265612 0 -0.5280678506503963
    outer loop
      vertex 27.997763534763052 0 4.666684279623523
      vertex 27.997763534763052 12 4.666684279623523
      vertex 28.039230484541328 0 4.6
    endloop
  endfacet
  facet normal -0.8128466845916311 0 -0.58247769686778
    outer loop
      vertex 27.952024008349483 0 4.730513714810465
      vertex 27.952024008349483 12 4.730513714810465
      vertex 27.997763534763052 0 4.666684279623523
    endloop
  endfacet
  facet normal -0.7298640726978272 0 -0.6835923020228805
    outer loop
      vertex 27.902207768974773 0 4.791214978120083
      vertex 27.848528137423855 0 4.848528137423857
      vertex 27.848528137423855 12 4.848528137423857
    endloop
  endfacet
  facet normal -0.7730104533627303 0 -0.6343932841636537
    outer loop
      vertex 27.902207768974773 0 4.791214978120083
      vertex 27.902207768974773 12 4.791214978120083
      vertex 27.952024008349483 0 4.730513714810465
    endloop
  endfacet
  facet normal -0.6343932841636537 0 -0.7730104533627303
    outer loop
      vertex 27.79121497812008 0 4.9022077689747725
      vertex 27.730513714810463 0 4.952024008349483
      vertex 27.730513714810463 12 4.952024008349483
    endloop
  endfacet
  facet normal -0.6835923020228684 0 -0.7298640726978384
    outer loop
      vertex 27.848528137423855 0 4.848528137423857
      vertex 27.79121497812008 0 4.9022077689747725
      vertex 27.79121497812008 12 4.9022077689747725
    endloop
  endfacet
  facet normal -0.5824776968678164 0 -0.8128466845916051
    outer loop
      vertex 27.730513714810463 0 4.952024008349483
      vertex 27.666684279623524 0 4.997763534763054
      vertex 27.666684279623524 12 4.997763534763054
    endloop
  endfacet
  facet normal 0.5280678506503638 0 -0.8492021815265816
    outer loop
      vertex 26.4 0 5.039230484541326
      vertex 26.333315720376476 0 4.997763534763054
      vertex 26.333315720376476 12 4.997763534763054
    endloop
  endfacet
  facet normal 0.47139673682599437 0 -0.8819212643483568
    outer loop
      vertex 26.469253571737198 0 5.076247289839226
      vertex 26.4 0 5.039230484541326
      vertex 26.4 12 5.039230484541326
    endloop
  endfacet
  facet normal 0.41270702980439566 0 -0.9108638249211755
    outer loop
      vertex 26.540779881161892 0 5.108655439013544
      vertex 26.469253571737198 0 5.076247289839226
      vertex 26.469253571737198 12 5.076247289839226
    endloop
  endfacet
  facet normal 0.35225004792123515 0 -0.9359059267573251
    outer loop
      vertex 26.614272641636205 0 5.136316155394127
      vertex 26.540779881161892 0 5.108655439013544
      vertex 26.540779881161892 12 5.108655439013544
    endloop
  endfacet
  facet normal 0.29028467725446644 0 -0.9569403357322076
    outer loop
      vertex 26.689417145876973 0 5.159110991546882
      vertex 26.614272641636205 0 5.136316155394127
      vertex 26.614272641636205 12 5.136316155394127
    endloop
  endfacet
  facet normal 0.22707626303437023 0 -0.9738769792773343
    outer loop
      vertex 26.765891613580646 0 5.176942336483877
      vertex 26.689417145876973 0 5.159110991546882
      vertex 26.689417145876973 12 5.159110991546882
    endloop
  endfacet
  facet normal 0.16289547339459273 0 -0.9866433320848783
    outer loop
      vertex 26.843368569335937 0 5.189733833648573
      vertex 26.765891613580646 0 5.176942336483877
      vertex 26.765891613580646 12 5.176942336483877
    endloop
  endfacet
  facet normal 0.09801714032955698 0 -0.9951847266721973
    outer loop
      vertex 26.92151624492383 0 5.197430707886324
      vertex 26.843368569335937 0 5.189733833648573
      vertex 26.843368569335937 12 5.189733833648573
    endloop
  endfacet
  facet normal 0.03271908282177581 0 -0.9994645874763657
    outer loop
      vertex 27 0 5.2
      vertex 26.92151624492383 0 5.197430707886324
      vertex 26.92151624492383 12 5.197430707886324
    endloop
  endfacet
  facet normal -0.03271908282177581 0 -0.9994645874763657
    outer loop
      vertex 27.07848375507617 0 5.197430707886324
      vertex 27 0 5.2
      vertex 27 12 5.2
    endloop
  endfacet
  facet normal -0.5280678506503638 0 -0.8492021815265816
    outer loop
      vertex 27.666684279623524 0 4.997763534763054
      vertex 27.6 0 5.039230484541326
      vertex 27.6 12 5.039230484541326
    endloop
  endfacet
  facet normal -0.41270702980439566 0 -0.9108638249211755
    outer loop
      vertex 27.530746428262802 0 5.076247289839226
      vertex 27.459220118838108 0 5.108655439013544
      vertex 27.459220118838108 12 5.108655439013544
    endloop
  endfacet
  facet normal -0.47139673682599437 0 -0.8819212643483568
    outer loop
      vertex 27.6 0 5.039230484541326
      vertex 27.530746428262802 0 5.076247289839226
      vertex 27.530746428262802 12 5.076247289839226
    endloop
  endfacet
  facet normal -0.16289547339459273 0 -0.9866433320848783
    outer loop
      vertex 27.234108386419354 0 5.176942336483877
      vertex 27.156631430664063 0 5.189733833648573
      vertex 27.156631430664063 12 5.189733833648573
    endloop
  endfacet
  facet normal -0.29028467725446644 0 -0.9569403357322076
    outer loop
      vertex 27.385727358363795 0 5.136316155394127
      vertex 27.310582854123027 0 5.159110991546882
      vertex 27.310582854123027 12 5.159110991546882
    endloop
  endfacet
  facet normal -0.22707626303437023 0 -0.9738769792773343
    outer loop
      vertex 27.310582854123027 0 5.159110991546882
      vertex 27.234108386419354 0 5.176942336483877
      vertex 27.234108386419354 12 5.176942336483877
    endloop
  endfacet
  facet normal -0.09801714032955698 0 -0.9951847266721973
    outer loop
      vertex 27.156631430664063 0 5.189733833648573
      vertex 27.07848375507617 0 5.197430707886324
      vertex 27.07848375507617 12 5.197430707886324
    endloop
  endfacet
  facet normal -0.35225004792123515 0 -0.9359059267573251
    outer loop
      vertex 27.459220118838108 0 5.108655439013544
      vertex 27.385727358363795 0 5.136316155394127
      vertex 27.385727358363795 12 5.136316155394127
    endloop
  endfacet
  facet normal 0.41270702980439566 0 0.9108638249211755
    outer loop
      vertex 26.469253571737198 0 2.923752710160774
      vertex 26.540779881161892 12 2.8913445609864556
      vertex 26.469253571737198 12 2.923752710160774
    endloop
  endfacet
  facet normal 0.47139673682599437 0 0.8819212643483568
    outer loop
      vertex 26.4 0 2.960769515458674
      vertex 26.469253571737198 12 2.923752710160774
      vertex 26.4 12 2.960769515458674
    endloop
  endfacet
  facet normal 0.5280678506503638 0 0.8492021815265816
    outer loop
      vertex 26.333315720376476 0 3.0022364652369458
      vertex 26.4 12 2.960769515458674
      vertex 26.333315720376476 12 3.0022364652369458
    endloop
  endfacet
  facet normal 0.29028467725446644 0 0.9569403357322076
    outer loop
      vertex 26.614272641636205 0 2.863683844605873
      vertex 26.689417145876973 12 2.840889008453118
      vertex 26.614272641636205 12 2.863683844605873
    endloop
  endfacet
  facet normal 0.22707626303437023 0 0.9738769792773343
    outer loop
      vertex 26.689417145876973 0 2.840889008453118
      vertex 26.765891613580646 12 2.8230576635161233
      vertex 26.689417145876973 12 2.840889008453118
    endloop
  endfacet
  facet normal 0.16289547339458724 0 0.9866433320848792
    outer loop
      vertex 26.765891613580646 0 2.8230576635161233
      vertex 26.843368569335937 12 2.8102661663514277
      vertex 26.765891613580646 12 2.8230576635161233
    endloop
  endfacet
  facet normal 0.09801714032956259 0 0.9951847266721967
    outer loop
      vertex 26.843368569335937 0 2.8102661663514277
      vertex 26.92151624492383 12 2.8025692921136756
      vertex 26.843368569335937 12 2.8102661663514277
    endloop
  endfacet
  facet normal 0.03271908282177581 0 0.9994645874763657
    outer loop
      vertex 26.92151624492383 0 2.8025692921136756
      vertex 27 12 2.8
      vertex 26.92151624492383 12 2.8025692921136756
    endloop
  endfacet
  facet normal -0.03271908282177581 0 0.9994645874763657
    outer loop
      vertex 27 0 2.8
      vertex 27.07848375507617 12 2.8025692921136756
      vertex 27 12 2.8
    endloop
  endfacet
  facet normal 0.35225004792123515 0 0.9359059267573251
    outer loop
      vertex 26.540779881161892 0 2.8913445609864556
      vertex 26.614272641636205 12 2.863683844605873
      vertex 26.540779881161892 12 2.8913445609864556
    endloop
  endfacet
  facet normal -0.09801714032956259 0 0.9951847266721967
    outer loop
      vertex 27.07848375507617 0 2.8025692921136756
      vertex 27.156631430664063 12 2.8102661663514277
      vertex 27.07848375507617 12 2.8025692921136756
    endloop
  endfacet
  facet normal -0.16289547339458724 0 0.9866433320848792
    outer loop
      vertex 27.156631430664063 0 2.8102661663514277
      vertex 27.234108386419354 12 2.8230576635161233
      vertex 27.156631430664063 12 2.8102661663514277
    endloop
  endfacet
  facet normal -0.22707626303437023 0 0.9738769792773343
    outer loop
      vertex 27.234108386419354 0 2.8230576635161233
      vertex 27.310582854123027 12 2.840889008453118
      vertex 27.234108386419354 12 2.8230576635161233
    endloop
  endfacet
  facet normal -0.29028467725446644 0 0.9569403357322076
    outer loop
      vertex 27.310582854123027 0 2.840889008453118
      vertex 27.385727358363795 12 2.863683844605873
      vertex 27.310582854123027 12 2.840889008453118
    endloop
  endfacet
  facet normal -0.35225004792123515 0 0.9359059267573251
    outer loop
      vertex 27.385727358363795 0 2.863683844605873
      vertex 27.459220118838108 12 2.8913445609864556
      vertex 27.385727358363795 12 2.863683844605873
    endloop
  endfacet
  facet normal -0.41270702980439566 0 0.9108638249211755
    outer loop
      vertex 27.459220118838108 0 2.8913445609864556
      vertex 27.530746428262802 12 2.923752710160774
      vertex 27.459220118838108 12 2.8913445609864556
    endloop
  endfacet
  facet normal -0.47139673682599437 0 0.8819212643483568
    outer loop
      vertex 27.530746428262802 0 2.923752710160774
      vertex 27.6 12 2.960769515458674
      vertex 27.530746428262802 12 2.923752710160774
    endloop
  endfacet
  facet normal -0.5280678506503638 0 0.8492021815265816
    outer loop
      vertex 27.6 0 2.960769515458674
      vertex 27.666684279623524 12 3.0022364652369458
      vertex 27.6 12 2.960769515458674
    endloop
  endfacet
  facet normal 0.58247769686782 0 0.8128466845916025
    outer loop
      vertex 26.269486285189537 0 3.047975991650518
      vertex 26.333315720376476 12 3.0022364652369458
      vertex 26.269486285189537 12 3.047975991650518
    endloop
  endfacet
  facet normal 0.6343932841636468 0 0.7730104533627358
    outer loop
      vertex 26.20878502187992 0 3.097792231025227
      vertex 26.269486285189537 12 3.047975991650518
      vertex 26.20878502187992 12 3.097792231025227
    endloop
  endfacet
  facet normal 0.6835923020228714 0 0.7298640726978356
    outer loop
      vertex 26.151471862576145 0 3.151471862576143
      vertex 26.20878502187992 12 3.097792231025227
      vertex 26.151471862576145 12 3.151471862576143
    endloop
  endfacet
  facet normal 0.7298640726978272 0 0.6835923020228805
    outer loop
      vertex 26.097792231025227 0 3.208785021879917
      vertex 26.151471862576145 12 3.151471862576143
      vertex 26.097792231025227 12 3.208785021879917
    endloop
  endfacet
  facet normal 0.7730104533627326 0 0.6343932841636509
    outer loop
      vertex 26.047975991650517 0 3.269486285189535
      vertex 26.097792231025227 12 3.208785021879917
      vertex 26.047975991650517 12 3.269486285189535
    endloop
  endfacet
  facet normal 0.8128466845916292 0 0.5824776968677826
    outer loop
      vertex 26.002236465236948 0 3.3333157203764774
      vertex 26.047975991650517 12 3.269486285189535
      vertex 26.002236465236948 12 3.3333157203764774
    endloop
  endfacet
  facet normal 0.8492021815265597 0 0.5280678506503989
    outer loop
      vertex 25.960769515458672 0 3.4
      vertex 26.002236465236948 12 3.3333157203764774
      vertex 25.960769515458672 12 3.4
    endloop
  endfacet
  facet normal 0.8819212643483589 0 0.4713967368259902
    outer loop
      vertex 25.923752710160773 0 3.4692535717371986
      vertex 25.960769515458672 12 3.4
      vertex 25.923752710160773 12 3.4692535717371986
    endloop
  endfacet
  facet normal 0.9108638249211871 0 0.41270702980436963
    outer loop
      vertex 25.891344560986457 0 3.5407798811618925
      vertex 25.923752710160773 12 3.4692535717371986
      vertex 25.891344560986457 12 3.5407798811618925
    endloop
  endfacet
  facet normal 0.935905926757319 0 0.3522500479212512
    outer loop
      vertex 25.863683844605873 0 3.614272641636206
      vertex 25.891344560986457 12 3.5407798811618925
      vertex 25.863683844605873 12 3.614272641636206
    endloop
  endfacet
  facet normal 0.9569403357322086 0 0.29028467725446333
    outer loop
      vertex 25.840889008453118 0 3.689417145876975
      vertex 25.863683844605873 12 3.614272641636206
      vertex 25.840889008453118 12 3.689417145876975
    endloop
  endfacet
  facet normal 0.9738769792773361 0 0.2270762630343633
    outer loop
      vertex 25.823057663516124 0 3.765891613580646
      vertex 25.840889008453118 12 3.689417145876975
      vertex 25.823057663516124 12 3.765891613580646
    endloop
  endfacet
  facet normal 0.9866433320848806 0 0.162895473394579
    outer loop
      vertex 25.81026616635143 0 3.8433685693359383
      vertex 25.823057663516124 12 3.765891613580646
      vertex 25.81026616635143 12 3.8433685693359383
    endloop
  endfacet
  facet normal 0.9951847266721969 0 0.0980171403295603
    outer loop
      vertex 25.802569292113677 0 3.9215162449238283
      vertex 25.81026616635143 12 3.8433685693359383
      vertex 25.802569292113677 12 3.9215162449238283
    endloop
  endfacet
  facet normal 0.9994645874763652 0 0.03271908282178673
    outer loop
      vertex 25.8 0 4
      vertex 25.802569292113677 12 3.9215162449238283
      vertex 25.8 12 4
    endloop
  endfacet
  facet normal -0.58247769686782 0 0.8128466845916025
    outer loop
      vertex 27.666684279623524 0 3.0022364652369458
      vertex 27.730513714810463 12 3.047975991650518
      vertex 27.666684279623524 12 3.0022364652369458
    endloop
  endfacet
  facet normal -0.6343932841636468 0 0.7730104533627358
    outer loop
      vertex 27.730513714810463 0 3.047975991650518
      vertex 27.79121497812008 12 3.097792231025227
      vertex 27.730513714810463 12 3.047975991650518
    endloop
  endfacet
  facet normal -0.6835923020228714 0 0.7298640726978356
    outer loop
      vertex 27.79121497812008 0 3.097792231025227
      vertex 27.848528137423855 12 3.151471862576143
      vertex 27.79121497812008 12 3.097792231025227
    endloop
  endfacet
  facet normal -0.7298640726978272 0 0.6835923020228805
    outer loop
      vertex 27.848528137423855 0 3.151471862576143
      vertex 27.902207768974773 12 3.208785021879917
      vertex 27.848528137423855 12 3.151471862576143
    endloop
  endfacet
  facet normal -0.7730104533627326 0 0.6343932841636509
    outer loop
      vertex 27.902207768974773 0 3.208785021879917
      vertex 27.952024008349483 12 3.269486285189535
      vertex 27.902207768974773 12 3.208785021879917
    endloop
  endfacet
  facet normal -0.8128466845916292 0 0.5824776968677826
    outer loop
      vertex 27.952024008349483 0 3.269486285189535
      vertex 27.997763534763052 12 3.3333157203764774
      vertex 27.952024008349483 12 3.269486285189535
    endloop
  endfacet
  facet normal -0.8492021815265597 0 0.5280678506503989
    outer loop
      vertex 27.997763534763052 0 3.3333157203764774
      vertex 28.039230484541328 12 3.4
      vertex 27.997763534763052 12 3.3333157203764774
    endloop
  endfacet
  facet normal -0.8819212643483589 0 0.4713967368259902
    outer loop
      vertex 28.039230484541328 0 3.4
      vertex 28.076247289839227 12 3.4692535717371986
      vertex 28.039230484541328 12 3.4
    endloop
  endfacet
  facet normal -0.9108638249211871 0 0.41270702980436963
    outer loop
      vertex 28.076247289839227 0 3.4692535717371986
      vertex 28.108655439013543 12 3.5407798811618925
      vertex 28.076247289839227 12 3.4692535717371986
    endloop
  endfacet
  facet normal -0.935905926757319 0 0.3522500479212512
    outer loop
      vertex 28.108655439013543 0 3.5407798811618925
      vertex 28.136316155394127 12 3.614272641636206
      vertex 28.108655439013543 12 3.5407798811618925
    endloop
  endfacet
  facet normal -0.9569403357322086 0 0.29028467725446333
    outer loop
      vertex 28.136316155394127 0 3.614272641636206
      vertex 28.159110991546882 12 3.689417145876975
      vertex 28.136316155394127 12 3.614272641636206
    endloop
  endfacet
  facet normal -0.9738769792773361 0 0.2270762630343633
    outer loop
      vertex 28.159110991546882 0 3.689417145876975
      vertex 28.176942336483876 12 3.765891613580646
      vertex 28.159110991546882 12 3.689417145876975
    endloop
  endfacet
  facet normal -0.9866433320848806 0 0.162895473394579
    outer loop
      vertex 28.176942336483876 0 3.765891613580646
      vertex 28.18973383364857 12 3.8433685693359383
      vertex 28.176942336483876 12 3.765891613580646
    endloop
  endfacet
  facet normal -0.9951847266721969 0 0.0980171403295603
    outer loop
      vertex 28.18973383364857 0 3.8433685693359383
      vertex 28.197430707886323 12 3.9215162449238283
      vertex 28.18973383364857 12 3.8433685693359383
    endloop
  endfacet
  facet normal -0.9994645874763652 0 0.03271908282178673
    outer loop
      vertex 28.197430707886323 0 3.9215162449238283
      vertex 28.2 12 4
      vertex 28.197430707886323 12 3.9215162449238283
    endloop
  endfacet
  facet normal 0.9994645874763652 0 -0.03271908282178673
    outer loop
      vertex 25.802569292113677 0 4.078483755076172
      vertex 25.8 12 4
      vertex 25.802569292113677 12 4.078483755076172
    endloop
  endfacet
  facet normal 0.9951847266721969 0 -0.0980171403295603
    outer loop
      vertex 25.81026616635143 0 4.156631430664062
      vertex 25.802569292113677 12 4.078483755076172
      vertex 25.81026616635143 12 4.156631430664062
    endloop
  endfacet
  facet normal 0.9866433320848808 0 -0.1628954733945781
    outer loop
      vertex 25.823057663516124 0 4.234108386419354
      vertex 25.81026616635143 12 4.156631430664062
      vertex 25.823057663516124 12 4.234108386419354
    endloop
  endfacet
  facet normal 0.9738769792773356 0 -0.2270762630343645
    outer loop
      vertex 25.840889008453118 0 4.310582854123025
      vertex 25.823057663516124 12 4.234108386419354
      vertex 25.840889008453118 12 4.310582854123025
    endloop
  endfacet
  facet normal 0.9569403357322086 0 -0.29028467725446333
    outer loop
      vertex 25.863683844605873 0 4.385727358363794
      vertex 25.840889008453118 12 4.310582854123025
      vertex 25.863683844605873 12 4.385727358363794
    endloop
  endfacet
  facet normal 0.935905926757319 0 -0.3522500479212512
    outer loop
      vertex 25.891344560986457 0 4.4592201188381075
      vertex 25.863683844605873 12 4.385727358363794
      vertex 25.891344560986457 12 4.4592201188381075
    endloop
  endfacet
  facet normal 0.9108638249211882 0 -0.4127070298043675
    outer loop
      vertex 25.923752710160773 0 4.530746428262802
      vertex 25.891344560986457 12 4.4592201188381075
      vertex 25.923752710160773 12 4.530746428262802
    endloop
  endfacet
  facet normal 0.8819212643483565 0 -0.4713967368259949
    outer loop
      vertex 25.960769515458672 0 4.6
      vertex 25.923752710160773 12 4.530746428262802
      vertex 25.960769515458672 12 4.6
    endloop
  endfacet
  facet normal 0.8492021815265612 0 -0.5280678506503963
    outer loop
      vertex 26.002236465236948 0 4.666684279623523
      vertex 25.960769515458672 12 4.6
      vertex 26.002236465236948 12 4.666684279623523
    endloop
  endfacet
  facet normal 0.8128466845916311 0 -0.58247769686778
    outer loop
      vertex 26.047975991650517 0 4.730513714810465
      vertex 26.002236465236948 12 4.666684279623523
      vertex 26.047975991650517 12 4.730513714810465
    endloop
  endfacet
  facet normal 0.7730104533627303 0 -0.6343932841636537
    outer loop
      vertex 26.097792231025227 0 4.791214978120083
      vertex 26.047975991650517 12 4.730513714810465
      vertex 26.097792231025227 12 4.791214978120083
    endloop
  endfacet
  facet normal 0.7298640726978272 0 -0.6835923020228805
    outer loop
      vertex 26.151471862576145 0 4.848528137423857
      vertex 26.097792231025227 12 4.791214978120083
      vertex 26.151471862576145 12 4.848528137423857
    endloop
  endfacet
  facet normal 0.6835923020228684 0 -0.7298640726978384
    outer loop
      vertex 26.20878502187992 0 4.9022077689747725
      vertex 26.151471862576145 12 4.848528137423857
      vertex 26.20878502187992 12 4.9022077689747725
    endloop
  endfacet
  facet normal 0.6343932841636537 0 -0.7730104533627303
    outer loop
      vertex 26.269486285189537 0 4.952024008349483
      vertex 26.20878502187992 12 4.9022077689747725
      vertex 26.269486285189537 12 4.952024008349483
    endloop
  endfacet
  facet normal 0.5824776968678164 0 -0.8128466845916051
    outer loop
      vertex 26.333315720376476 0 4.997763534763054
      vertex 26.269486285189537 12 4.952024008349483
      vertex 26.333315720376476 12 4.997763534763054
    endloop
  endfacet
  facet normal -0.9994645874763652 0 -0.03271908282178673
    outer loop
      vertex 28.2 0 4
      vertex 28.197430707886323 12 4.078483755076172
      vertex 28.2 12 4
    endloop
  endfacet
  facet normal -0.9951847266721969 0 -0.0980171403295603
    outer loop
      vertex 28.197430707886323 0 4.078483755076172
      vertex 28.18973383364857 12 4.156631430664062
      vertex 28.197430707886323 12 4.078483755076172
    endloop
  endfacet
  facet normal -0.9866433320848808 0 -0.1628954733945781
    outer loop
      vertex 28.18973383364857 0 4.156631430664062
      vertex 28.176942336483876 12 4.234108386419354
      vertex 28.18973383364857 12 4.156631430664062
    endloop
  endfacet
  facet normal -0.9569403357322086 0 -0.29028467725446333
    outer loop
      vertex 28.159110991546882 0 4.310582854123025
      vertex 28.136316155394127 12 4.385727358363794
      vertex 28.159110991546882 12 4.310582854123025
    endloop
  endfacet
  facet normal -0.935905926757319 0 -0.3522500479212512
    outer loop
      vertex 28.136316155394127 0 4.385727358363794
      vertex 28.108655439013543 12 4.4592201188381075
      vertex 28.136316155394127 12 4.385727358363794
    endloop
  endfacet
  facet normal -0.9108638249211882 0 -0.4127070298043675
    outer loop
      vertex 28.108655439013543 0 4.4592201188381075
      vertex 28.076247289839227 12 4.530746428262802
      vertex 28.108655439013543 12 4.4592201188381075
    endloop
  endfacet
  facet normal -0.9738769792773356 0 -0.2270762630343645
    outer loop
      vertex 28.176942336483876 0 4.234108386419354
      vertex 28.159110991546882 12 4.310582854123025
      vertex 28.176942336483876 12 4.234108386419354
    endloop
  endfacet
  facet normal -0.8819212643483565 0 -0.4713967368259949
    outer loop
      vertex 28.076247289839227 0 4.530746428262802
      vertex 28.039230484541328 12 4.6
      vertex 28.076247289839227 12 4.530746428262802
    endloop
  endfacet
  facet normal -0.8492021815265612 0 -0.5280678506503963
    outer loop
      vertex 28.039230484541328 0 4.6
      vertex 27.997763534763052 12 4.666684279623523
      vertex 28.039230484541328 12 4.6
    endloop
  endfacet
  facet normal -0.8128466845916311 0 -0.58247769686778
    outer loop
      vertex 27.997763534763052 0 4.666684279623523
      vertex 27.952024008349483 12 4.730513714810465
      vertex 27.997763534763052 12 4.666684279623523
    endloop
  endfacet
  facet normal -0.7298640726978272 0 -0.6835923020228805
    outer loop
      vertex 27.902207768974773 0 4.791214978120083
      vertex 27.848528137423855 12 4.848528137423857
      vertex 27.902207768974773 12 4.791214978120083
    endloop
  endfacet
  facet normal -0.6835923020228684 0 -0.7298640726978384
    outer loop
      vertex 27.848528137423855 0 4.848528137423857
      vertex 27.79121497812008 12 4.9022077689747725
      vertex 27.848528137423855 12 4.848528137423857
    endloop
  endfacet
  facet normal -0.7730104533627303 0 -0.6343932841636537
    outer loop
      vertex 27.952024008349483 0 4.730513714810465
      vertex 27.902207768974773 12 4.791214978120083
      vertex 27.952024008349483 12 4.730513714810465
    endloop
  endfacet
  facet normal -0.6343932841636537 0 -0.7730104533627303
    outer loop
      vertex 27.79121497812008 0 4.9022077689747725
      vertex 27.730513714810463 12 4.952024008349483
      vertex 27.79121497812008 12 4.9022077689747725
    endloop
  endfacet
  facet normal -0.5824776968678164 0 -0.8128466845916051
    outer loop
      vertex 27.730513714810463 0 4.952024008349483
      vertex 27.666684279623524 12 4.997763534763054
      vertex 27.730513714810463 12 4.952024008349483
    endloop
  endfacet
  facet normal 0.5280678506503638 0 -0.8492021815265816
    outer loop
      vertex 26.4 0 5.039230484541326
      vertex 26.333315720376476 12 4.997763534763054
      vertex 26.4 12 5.039230484541326
    endloop
  endfacet
  facet normal 0.47139673682599437 0 -0.8819212643483568
    outer loop
      vertex 26.469253571737198 0 5.076247289839226
      vertex 26.4 12 5.039230484541326
      vertex 26.469253571737198 12 5.076247289839226
    endloop
  endfacet
  facet normal 0.41270702980439566 0 -0.9108638249211755
    outer loop
      vertex 26.540779881161892 0 5.108655439013544
      vertex 26.469253571737198 12 5.076247289839226
      vertex 26.540779881161892 12 5.108655439013544
    endloop
  endfacet
  facet normal 0.35225004792123515 0 -0.9359059267573251
    outer loop
      vertex 26.614272641636205 0 5.136316155394127
      vertex 26.540779881161892 12 5.108655439013544
      vertex 26.614272641636205 12 5.136316155394127
    endloop
  endfacet
  facet normal 0.29028467725446644 0 -0.9569403357322076
    outer loop
      vertex 26.689417145876973 0 5.159110991546882
      vertex 26.614272641636205 12 5.136316155394127
      vertex 26.689417145876973 12 5.159110991546882
    endloop
  endfacet
  facet normal 0.22707626303437023 0 -0.9738769792773343
    outer loop
      vertex 26.765891613580646 0 5.176942336483877
      vertex 26.689417145876973 12 5.159110991546882
      vertex 26.765891613580646 12 5.176942336483877
    endloop
  endfacet
  facet normal 0.16289547339459273 0 -0.9866433320848783
    outer loop
      vertex 26.843368569335937 0 5.189733833648573
      vertex 26.765891613580646 12 5.176942336483877
      vertex 26.843368569335937 12 5.189733833648573
    endloop
  endfacet
  facet normal 0.09801714032955698 0 -0.9951847266721973
    outer loop
      vertex 26.92151624492383 0 5.197430707886324
      vertex 26.843368569335937 12 5.189733833648573
      vertex 26.92151624492383 12 5.197430707886324
    endloop
  endfacet
  facet normal 0.03271908282177581 0 -0.9994645874763657
    outer loop
      vertex 27 0 5.2
      vertex 26.92151624492383 12 5.197430707886324
      vertex 27 12 5.2
    endloop
  endfacet
  facet normal -0.03271908282177581 0 -0.9994645874763657
    outer loop
      vertex 27.07848375507617 0 5.197430707886324
      vertex 27 12 5.2
      vertex 27.07848375507617 12 5.197430707886324
    endloop
  endfacet
  facet normal -0.47139673682599437 0 -0.8819212643483568
    outer loop
      vertex 27.6 0 5.039230484541326
      vertex 27.530746428262802 12 5.076247289839226
      vertex 27.6 12 5.039230484541326
    endloop
  endfacet
  facet normal -0.35225004792123515 0 -0.9359059267573251
    outer loop
      vertex 27.459220118838108 0 5.108655439013544
      vertex 27.385727358363795 12 5.136316155394127
      vertex 27.459220118838108 12 5.108655439013544
    endloop
  endfacet
  facet normal -0.41270702980439566 0 -0.9108638249211755
    outer loop
      vertex 27.530746428262802 0 5.076247289839226
      vertex 27.459220118838108 12 5.108655439013544
      vertex 27.530746428262802 12 5.076247289839226
    endloop
  endfacet
  facet normal -0.16289547339459273 0 -0.9866433320848783
    outer loop
      vertex 27.234108386419354 0 5.176942336483877
      vertex 27.156631430664063 12 5.189733833648573
      vertex 27.234108386419354 12 5.176942336483877
    endloop
  endfacet
  facet normal -0.22707626303437023 0 -0.9738769792773343
    outer loop
      vertex 27.310582854123027 0 5.159110991546882
      vertex 27.234108386419354 12 5.176942336483877
      vertex 27.310582854123027 12 5.159110991546882
    endloop
  endfacet
  facet normal -0.09801714032955698 0 -0.9951847266721973
    outer loop
      vertex 27.156631430664063 0 5.189733833648573
      vertex 27.07848375507617 12 5.197430707886324
      vertex 27.156631430664063 12 5.189733833648573
    endloop
  endfacet
  facet normal -0.29028467725446644 0 -0.9569403357322076
    outer loop
      vertex 27.385727358363795 0 5.136316155394127
      vertex 27.310582854123027 12 5.159110991546882
      vertex 27.385727358363795 12 5.136316155394127
    endloop
  endfacet
  facet normal -0.5280678506503638 0 -0.8492021815265816
    outer loop
      vertex 27.666684279623524 0 4.997763534763054
      vertex 27.6 12 5.039230484541326
      vertex 27.666684279623524 12 4.997763534763054
    endloop
  endfacet
endsolid OpenSCAD_Model
